{"type": "FeatureCollection", "features": [{"type": "Feature", "properties": {"name": "Monumento Natural Estadual da Mantiqueira Paulista"}, "geometry": {"type": "MultiPolygon", "coordinates": [[[[-45.07376349, -22.56084435], [-45.07382526, -22.56084432], [-45.07388701, -22.56082518], [-45.07394878, -22.56082515], [-45.07398994, -22.56078689], [-45.07411347, -22.56078683], [-45.07417522, -22.56076768], [-45.07421637, -22.56072941], [-45.07425752, -22.56067203], [-45.07429868, -22.56063376], [-45.07436044, -22.56063374], [-45.07442222, -22.56065283], [-45.07448398, -22.5606528], [-45.07454574, -22.56063365], [-45.07458689, -22.56059539], [-45.07458686, -22.56053803], [-45.07462802, -22.56049977], [-45.07464857, -22.56044238], [-45.07466913, -22.56038501], [-45.07471028, -22.56034675], [-45.07473084, -22.56028937], [-45.07473081, -22.56023201], [-45.07477196, -22.56019375], [-45.07477187, -22.56002165], [-45.07479243, -22.55996427], [-45.07481299, -22.5599069], [-45.07483354, -22.55984952], [-45.0748747, -22.55981126], [-45.07487467, -22.55975389], [-45.07489522, -22.55969651], [-45.07489519, -22.55963915], [-45.074854, -22.55960093], [-45.07481281, -22.55956271], [-45.07475104, -22.55956274], [-45.07468927, -22.55954364], [-45.07462749, -22.55952454], [-45.07458629, -22.55948632], [-45.07452452, -22.55946723], [-45.07452443, -22.55929513], [-45.07448322, -22.55923778], [-45.07444203, -22.55919956], [-45.07438026, -22.55919959], [-45.07431847, -22.55916137], [-45.07413318, -22.55916145], [-45.07409199, -22.55912323], [-45.07405079, -22.55908501], [-45.07400959, -22.55904678], [-45.07398898, -22.55898943], [-45.07398892, -22.55887469], [-45.07403007, -22.55883643], [-45.07433889, -22.55883629], [-45.07440066, -22.55885539], [-45.07460654, -22.55885529], [-45.0746477, -22.55881702], [-45.07466826, -22.55875965], [-45.07468882, -22.55870227], [-45.07468878, -22.55864491], [-45.07472994, -22.55860665], [-45.07468873, -22.5585493], [-45.0746887, -22.55849194], [-45.07466808, -22.55843458], [-45.07454455, -22.55843464], [-45.0744828, -22.55845379], [-45.07440044, -22.5584347], [-45.07427691, -22.55843476], [-45.07421514, -22.55841566], [-45.07417394, -22.55837744], [-45.07415332, -22.55832009], [-45.07411213, -22.55828186], [-45.07409151, -22.55822451], [-45.07407089, -22.55816715], [-45.07402968, -22.55810981], [-45.07398849, -22.55807158], [-45.07398843, -22.55795684], [-45.07396781, -22.55789949], [-45.07396778, -22.55784212], [-45.07398834, -22.55778475], [-45.07427656, -22.55778461], [-45.07433833, -22.55780371], [-45.07440012, -22.55784192], [-45.07446189, -22.55786102], [-45.07452366, -22.55788012], [-45.07458543, -22.55788009], [-45.07464718, -22.55786093], [-45.07468834, -22.55782266], [-45.07470889, -22.55776529], [-45.07475005, -22.55772703], [-45.0747912, -22.55768877], [-45.07481176, -22.55763139], [-45.07485291, -22.55757401], [-45.07487347, -22.55751664], [-45.07487343, -22.55745927], [-45.0748322, -22.55736367], [-45.07481159, -22.55730632], [-45.07479097, -22.55724896], [-45.07477035, -22.55719161], [-45.07477032, -22.55713424], [-45.07479087, -22.55707687], [-45.07477025, -22.55701951], [-45.07472906, -22.55698129], [-45.07468786, -22.55692394], [-45.07466724, -22.55686659], [-45.07466717, -22.55675185], [-45.07470832, -22.55669447], [-45.07470828, -22.5566371], [-45.07472884, -22.55657973], [-45.07472878, -22.556465], [-45.07470816, -22.55640764], [-45.07468755, -22.55635029], [-45.07464635, -22.55631206], [-45.07462574, -22.5562547], [-45.07458452, -22.55619736], [-45.07456391, -22.55614], [-45.07454329, -22.55608264], [-45.07454317, -22.55585318], [-45.07458432, -22.55581492], [-45.07460488, -22.55575754], [-45.07460485, -22.55570018], [-45.0746666, -22.55568102], [-45.07470775, -22.55564277], [-45.07472831, -22.55558539], [-45.07479006, -22.55556624], [-45.07503711, -22.55556612], [-45.0750783, -22.55560435], [-45.0751195, -22.55564257], [-45.07511953, -22.55569994], [-45.07514015, -22.55575729], [-45.07516077, -22.55581465], [-45.07514021, -22.55587203], [-45.07514043, -22.55627358], [-45.07511988, -22.55633096], [-45.07514049, -22.55638832], [-45.07516111, -22.55644567], [-45.07518173, -22.55650303], [-45.07522293, -22.55656037], [-45.07524356, -22.55661773], [-45.07526417, -22.55667509], [-45.07528479, -22.55673244], [-45.07530541, -22.5567898], [-45.07530547, -22.55690453], [-45.07532609, -22.55696188], [-45.07536729, -22.55700011], [-45.0753879, -22.55705747], [-45.07540852, -22.55711483], [-45.07542914, -22.55717218], [-45.07547034, -22.5572104], [-45.07551154, -22.55726775], [-45.07553216, -22.55732511], [-45.07557337, -22.55738245], [-45.07559399, -22.55743981], [-45.07563519, -22.55749715], [-45.07565581, -22.55755451], [-45.07567644, -22.55761187], [-45.07571763, -22.55765009], [-45.07573825, -22.55770745], [-45.07575886, -22.5577648], [-45.07575889, -22.55782216], [-45.0758001, -22.55786039], [-45.07584129, -22.55789862], [-45.07588248, -22.55793685], [-45.07592369, -22.55797507], [-45.07596488, -22.55801329], [-45.07602666, -22.55805151], [-45.07608844, -22.5580706], [-45.07612964, -22.55810883], [-45.07631493, -22.55810874], [-45.07635612, -22.55814696], [-45.07639731, -22.55818518], [-45.07643852, -22.55822341], [-45.07647971, -22.55826163], [-45.07650033, -22.55831899], [-45.07652095, -22.55837634], [-45.07656215, -22.55841456], [-45.07660335, -22.55847191], [-45.07664455, -22.55851014], [-45.07668575, -22.55854836], [-45.07672694, -22.55858658], [-45.07676814, -22.55862481], [-45.07682992, -22.55866302], [-45.07687112, -22.55870124], [-45.07689174, -22.5587586], [-45.07689177, -22.55881596], [-45.07695355, -22.55885419], [-45.07701533, -22.55887327], [-45.07720062, -22.55887318], [-45.07724182, -22.55891141], [-45.07728302, -22.55894963], [-45.07732421, -22.55898786], [-45.07736541, -22.55902608], [-45.07740662, -22.55908343], [-45.07744781, -22.55912165], [-45.07750958, -22.55912162], [-45.07757135, -22.55914072], [-45.07763312, -22.5591598], [-45.07769492, -22.55919802], [-45.07781845, -22.55919796], [-45.07788022, -22.55921705], [-45.07794197, -22.5591979], [-45.07800374, -22.55919787], [-45.07806551, -22.55921696], [-45.07812726, -22.55919781], [-45.07837432, -22.55919769], [-45.07841547, -22.55915942], [-45.07843603, -22.55910206], [-45.07845658, -22.55904467], [-45.07847714, -22.5589873], [-45.07851829, -22.55894903], [-45.07851825, -22.55889167], [-45.07849764, -22.55883431], [-45.07849761, -22.55877695], [-45.07851816, -22.55871957], [-45.07847696, -22.55868135], [-45.07841518, -22.55864313], [-45.07835339, -22.55860492], [-45.07829162, -22.55858583], [-45.07822983, -22.55854762], [-45.07818863, -22.55849027], [-45.07816801, -22.55843292], [-45.07816796, -22.55835643], [-45.07818852, -22.55829905], [-45.07822967, -22.55826079], [-45.07829143, -22.55826076], [-45.07835319, -22.5582416], [-45.07853848, -22.55824151], [-45.07860023, -22.55822237], [-45.07866199, -22.55822234], [-45.07870319, -22.55826056], [-45.07874439, -22.55829878], [-45.07880616, -22.55831787], [-45.07886792, -22.55829872], [-45.07890907, -22.55826046], [-45.07897082, -22.5582413], [-45.07903258, -22.55824127], [-45.07907378, -22.5582795], [-45.07907381, -22.55833687], [-45.07909443, -22.55839422], [-45.07909446, -22.55845159], [-45.07911509, -22.55850894], [-45.07911512, -22.55856631], [-45.07909456, -22.55862368], [-45.079074, -22.55868106], [-45.07905346, -22.55873844], [-45.0790123, -22.5587767], [-45.07899175, -22.55883407], [-45.07899178, -22.55889144], [-45.07895062, -22.5589297], [-45.07893007, -22.55898708], [-45.07888892, -22.55904446], [-45.07886837, -22.55910184], [-45.07884781, -22.55915921], [-45.07884785, -22.55921658], [-45.07882729, -22.55927396], [-45.07878614, -22.55931222], [-45.07878617, -22.55936959], [-45.07876561, -22.55942696], [-45.07872447, -22.55948435], [-45.0787245, -22.55954171], [-45.07870395, -22.55959909], [-45.07866279, -22.55963735], [-45.07860104, -22.55965651], [-45.07853929, -22.55967566], [-45.07847755, -22.55971393], [-45.0784364, -22.55975219], [-45.07837465, -22.55979047], [-45.07835409, -22.55984785], [-45.07831294, -22.55988611], [-45.07827178, -22.55992437], [-45.07825123, -22.55998174], [-45.07825127, -22.56003911], [-45.07827188, -22.56009647], [-45.07833365, -22.56011556], [-45.07839542, -22.56011553], [-45.07845719, -22.56013462], [-45.07876601, -22.56013447], [-45.07880717, -22.5600962], [-45.07886894, -22.56009617], [-45.07893068, -22.5600579], [-45.07899243, -22.56003875], [-45.07903358, -22.56000049], [-45.07909535, -22.56000046], [-45.0791365, -22.5599622], [-45.07919825, -22.55994304], [-45.07923941, -22.55990478], [-45.07928056, -22.55986651], [-45.07932172, -22.55982825], [-45.07936287, -22.55978999], [-45.07940401, -22.5597326], [-45.07944517, -22.55969433], [-45.07948633, -22.55965607], [-45.07952748, -22.55961781], [-45.07956864, -22.55957954], [-45.07963039, -22.55956039], [-45.07965094, -22.55950302], [-45.07971269, -22.55948386], [-45.07975385, -22.5594456], [-45.079795, -22.55940733], [-45.07983615, -22.55936907], [-45.07987731, -22.5593308], [-45.07991846, -22.55929254], [-45.07998022, -22.55927339], [-45.08004197, -22.55925424], [-45.08010372, -22.55923508], [-45.08016548, -22.55923505], [-45.08022724, -22.55921589], [-45.08026843, -22.55925412], [-45.08033021, -22.55927322], [-45.08037141, -22.55931144], [-45.08037144, -22.5593688], [-45.08041264, -22.55940702], [-45.08047441, -22.55942612], [-45.08059794, -22.55942605], [-45.08065969, -22.5594069], [-45.08072146, -22.55940687], [-45.0807832, -22.5593686], [-45.08080376, -22.55931122], [-45.08084491, -22.55927296], [-45.08088605, -22.55921556], [-45.08092721, -22.5591773], [-45.08098895, -22.55913903], [-45.08105069, -22.55910076], [-45.08111244, -22.5590816], [-45.08117419, -22.55906245], [-45.08129772, -22.55906238], [-45.08135949, -22.55908148], [-45.08142126, -22.55908145], [-45.08146245, -22.55911967], [-45.08152424, -22.55915788], [-45.08158601, -22.55917697], [-45.08162722, -22.55921519], [-45.08166841, -22.55925342], [-45.08170961, -22.55929164], [-45.08175082, -22.55934898], [-45.08177144, -22.55940634], [-45.08177147, -22.5594637], [-45.08183328, -22.55954016], [-45.08185391, -22.55959752], [-45.08187454, -22.559674], [-45.0818747, -22.5599417], [-45.08198791, -22.55991104], [-45.08201362, -22.55986323], [-45.08206509, -22.55986321], [-45.08211655, -22.55983928], [-45.08216801, -22.55983925], [-45.08221947, -22.55981532], [-45.08237388, -22.55981524], [-45.08242534, -22.55979131], [-45.08247679, -22.55976738], [-45.08252825, -22.55974346], [-45.08257971, -22.55971953], [-45.08263116, -22.5596956], [-45.08268262, -22.55967167], [-45.08273408, -22.55964774], [-45.08278551, -22.5595999], [-45.08281122, -22.55955209], [-45.08283693, -22.55950427], [-45.08286263, -22.55945645], [-45.08291409, -22.55943253], [-45.08293979, -22.55938471], [-45.0829655, -22.55933689], [-45.08301696, -22.55931296], [-45.08304267, -22.55926515], [-45.08309412, -22.55924121], [-45.08314557, -22.55921728], [-45.08319703, -22.55919335], [-45.08340291, -22.55919325], [-45.08345439, -22.55921712], [-45.08348016, -22.55926492], [-45.08348019, -22.55931272], [-45.08350595, -22.55936051], [-45.08350598, -22.55940832], [-45.08355747, -22.5594322], [-45.08371188, -22.55943212], [-45.08376333, -22.55940819], [-45.08381478, -22.55938425], [-45.08386624, -22.55936032], [-45.08391771, -22.5593603], [-45.08396916, -22.55933637], [-45.08402061, -22.55928854], [-45.08407207, -22.55928851], [-45.08412353, -22.55926458], [-45.084175, -22.55926456], [-45.08422645, -22.55924063], [-45.0843294, -22.55924057], [-45.08438085, -22.55921664], [-45.08443232, -22.55921661], [-45.08448378, -22.55919268], [-45.08448375, -22.55914488], [-45.08450946, -22.55909706], [-45.08453515, -22.55904924], [-45.0845866, -22.55900142], [-45.0846123, -22.5589536], [-45.08463801, -22.55890577], [-45.08466372, -22.55885795], [-45.08468713, -22.55884706], [-45.08471517, -22.55883403], [-45.08481811, -22.55883398], [-45.08486956, -22.55881005], [-45.08497251, -22.55880999], [-45.08502398, -22.55883387], [-45.08504975, -22.55888165], [-45.08504978, -22.55892946], [-45.08510125, -22.55892943], [-45.08515274, -22.55895331], [-45.0852042, -22.55895328], [-45.08525569, -22.55897716], [-45.08556451, -22.558977], [-45.08561599, -22.55900087], [-45.08571893, -22.55900082], [-45.08577039, -22.55897689], [-45.0857961, -22.55892906], [-45.08582179, -22.55888124], [-45.08582167, -22.55869003], [-45.08577018, -22.55864225], [-45.08574442, -22.55859446], [-45.08574439, -22.55854665], [-45.08571862, -22.55849886], [-45.08566713, -22.55847499], [-45.08564137, -22.55842719], [-45.08561561, -22.55837941], [-45.08556411, -22.55833163], [-45.08553834, -22.55828384], [-45.08551258, -22.55823605], [-45.08548681, -22.55818826], [-45.08546106, -22.55814046], [-45.08543529, -22.55809268], [-45.08540952, -22.55804488], [-45.08538376, -22.55799709], [-45.08528082, -22.55799714], [-45.08522934, -22.55797327], [-45.08520357, -22.55792548], [-45.08515209, -22.55790161], [-45.08512633, -22.55785381], [-45.08510056, -22.55780602], [-45.08504908, -22.55778215], [-45.08502331, -22.55773436], [-45.08502328, -22.55768655], [-45.08497179, -22.55763878], [-45.08494602, -22.55759098], [-45.08494599, -22.55754318], [-45.08489451, -22.5575193], [-45.08489436, -22.55728028], [-45.08492007, -22.55723246], [-45.08492004, -22.55718466], [-45.08494575, -22.55713684], [-45.08494572, -22.55708903], [-45.08497142, -22.55704122], [-45.08497139, -22.55699341], [-45.08502284, -22.55696948], [-45.08502281, -22.55692168], [-45.08504852, -22.55687386], [-45.08507423, -22.55682604], [-45.08512567, -22.55677821], [-45.08515137, -22.55673039], [-45.08515135, -22.55668258], [-45.08517704, -22.55663476], [-45.08517701, -22.55658697], [-45.08520272, -22.55653914], [-45.08520266, -22.55644354], [-45.08522837, -22.55639572], [-45.08522807, -22.55591767], [-45.08535677, -22.55596541], [-45.08545972, -22.55596535], [-45.08551119, -22.55598923], [-45.08556266, -22.5559892], [-45.08561415, -22.55601308], [-45.08566561, -22.55601305], [-45.08569138, -22.55606084], [-45.08574288, -22.55610862], [-45.08579437, -22.55613249], [-45.08582012, -22.55618028], [-45.08587161, -22.55620415], [-45.08587164, -22.55625196], [-45.0858974, -22.55629975], [-45.08592317, -22.55634754], [-45.08592326, -22.55649095], [-45.08594902, -22.55653875], [-45.08594905, -22.55658655], [-45.08592335, -22.55663437], [-45.08592338, -22.55668217], [-45.08594914, -22.55672997], [-45.0859749, -22.55677776], [-45.08600066, -22.55682555], [-45.08605216, -22.55687333], [-45.08610364, -22.5568733], [-45.08612939, -22.55692109], [-45.08612942, -22.55696889], [-45.08615519, -22.55701669], [-45.08620666, -22.55701666], [-45.08623243, -22.55706445], [-45.08625819, -22.55711224], [-45.08630965, -22.55711221], [-45.08636111, -22.55708828], [-45.08651552, -22.55708819], [-45.08654122, -22.55704038], [-45.08659268, -22.55701645], [-45.08666988, -22.55701641], [-45.08669559, -22.55696859], [-45.08674706, -22.55696856], [-45.08679851, -22.55694463], [-45.08684998, -22.5569446], [-45.08690143, -22.55692068], [-45.08705584, -22.55692059], [-45.08708154, -22.55687277], [-45.08713298, -22.55682494], [-45.08718445, -22.55682491], [-45.08723588, -22.55677708], [-45.08728734, -22.55675315], [-45.08731305, -22.55670533], [-45.08733875, -22.55665751], [-45.08739019, -22.55660968], [-45.08744163, -22.55656185], [-45.08749307, -22.55651401], [-45.08754454, -22.55651398], [-45.08759597, -22.55646616], [-45.08764743, -22.55644222], [-45.08775036, -22.55644217], [-45.08780182, -22.55641824], [-45.08785329, -22.55641821], [-45.08790474, -22.55639428], [-45.08826502, -22.55639408], [-45.08829073, -22.55634626], [-45.08834218, -22.55632232], [-45.08839363, -22.5562984], [-45.08844507, -22.55625057], [-45.08849651, -22.55620273], [-45.08865092, -22.55620264], [-45.08870241, -22.55625042], [-45.08875388, -22.5562504], [-45.08880537, -22.55627427], [-45.0888054, -22.55632207], [-45.08883116, -22.55636986], [-45.08885692, -22.55641766], [-45.08885696, -22.55646546], [-45.08888272, -22.55651325], [-45.08893422, -22.55656103], [-45.08893426, -22.55660883], [-45.08896002, -22.55665662], [-45.08898578, -22.55670441], [-45.08901155, -22.55675221], [-45.08903731, -22.55679999], [-45.08906308, -22.55684778], [-45.08911457, -22.55687166], [-45.08916604, -22.55689553], [-45.08932045, -22.55689545], [-45.08937191, -22.55687152], [-45.08947484, -22.55687146], [-45.0895263, -22.55684753], [-45.089552, -22.5567997], [-45.08957771, -22.55675189], [-45.08960341, -22.55670407], [-45.08960335, -22.55660846], [-45.08962905, -22.55656064], [-45.08965475, -22.55651282], [-45.08968046, -22.55646501], [-45.08970616, -22.55641718], [-45.08975762, -22.55639325], [-45.0898348, -22.55636931], [-45.08988626, -22.55634537], [-45.08998919, -22.55634532], [-45.09004068, -22.55636919], [-45.09009215, -22.55636916], [-45.09014363, -22.55639304], [-45.0901951, -22.55639301], [-45.09024652, -22.55632127], [-45.09029797, -22.55629734], [-45.09032368, -22.55624952], [-45.09034938, -22.5562017], [-45.09034935, -22.5561539], [-45.09040081, -22.55612997], [-45.09045225, -22.55610604], [-45.09060666, -22.55610595], [-45.09065815, -22.55612982], [-45.09076108, -22.55612977], [-45.09081257, -22.55615364], [-45.09086404, -22.55615361], [-45.09091552, -22.55617748], [-45.09096699, -22.55617745], [-45.09099275, -22.55622524], [-45.09104424, -22.55624912], [-45.09109572, -22.55627299], [-45.09114722, -22.55632076], [-45.09117299, -22.55636855], [-45.09117302, -22.55641636], [-45.09119879, -22.55646415], [-45.09119882, -22.55651195], [-45.09125031, -22.55655973], [-45.09125053, -22.55689436], [-45.09122483, -22.55694218], [-45.09122503, -22.55725291], [-45.0911736, -22.55730075], [-45.0911479, -22.55734857], [-45.09109644, -22.55737249], [-45.091045, -22.55739643], [-45.09099352, -22.55739645], [-45.09096782, -22.55744428], [-45.09091636, -22.55746821], [-45.09091639, -22.55751601], [-45.09094216, -22.5575638], [-45.09094219, -22.55761161], [-45.09096796, -22.55765939], [-45.09096799, -22.5577072], [-45.09099376, -22.55775499], [-45.09101953, -22.55780278], [-45.091071, -22.55782665], [-45.09112249, -22.55785053], [-45.09117398, -22.5578744], [-45.09127692, -22.55787434], [-45.09132837, -22.55785041], [-45.09140556, -22.55782646], [-45.09145703, -22.55782643], [-45.09150848, -22.5578025], [-45.09155992, -22.55775467], [-45.09155976, -22.55751564], [-45.09158546, -22.55746783], [-45.09161117, -22.55742001], [-45.09161114, -22.5573722], [-45.09163684, -22.55732439], [-45.0916883, -22.55730045], [-45.09168826, -22.55725265], [-45.09173971, -22.55722871], [-45.09176542, -22.5571809], [-45.09176538, -22.55713309], [-45.09179109, -22.55708527], [-45.09181679, -22.55703746], [-45.0918425, -22.55698963], [-45.09184243, -22.55689403], [-45.09186813, -22.55684621], [-45.09191957, -22.55679837], [-45.09194526, -22.55672665], [-45.09194513, -22.55653543], [-45.09197083, -22.55648761], [-45.09197077, -22.556392], [-45.09199648, -22.55634418], [-45.09199641, -22.55624857], [-45.09202211, -22.55620075], [-45.09204781, -22.55615294], [-45.09207352, -22.55610512], [-45.09209922, -22.55605729], [-45.09212492, -22.55600948], [-45.09212489, -22.55596167], [-45.0921506, -22.55591385], [-45.09217629, -22.55586604], [-45.09220199, -22.55581821], [-45.09225343, -22.55577038], [-45.09227914, -22.55572256], [-45.09230484, -22.55567474], [-45.09230481, -22.55562693], [-45.09233051, -22.55557911], [-45.09235621, -22.5555313], [-45.09238191, -22.55548348], [-45.09243335, -22.55543564], [-45.09248481, -22.55541171], [-45.0925105, -22.55536389], [-45.09251047, -22.55531608], [-45.09256191, -22.55526826], [-45.09258761, -22.55522043], [-45.09261332, -22.55517261], [-45.09263902, -22.5551248], [-45.09263899, -22.55507699], [-45.0926904, -22.55500525], [-45.09269037, -22.55495745], [-45.09271607, -22.55490963], [-45.09271603, -22.55483793], [-45.09274173, -22.5547901], [-45.09276743, -22.55474228], [-45.0927674, -22.55469448], [-45.09279311, -22.55464666], [-45.0928188, -22.55459884], [-45.0928445, -22.55455102], [-45.09289594, -22.55450319], [-45.0929474, -22.55447925], [-45.09297309, -22.55443143], [-45.09302453, -22.5543836], [-45.09307597, -22.55433576], [-45.09312742, -22.55431183], [-45.09317887, -22.5542879], [-45.09323032, -22.55426396], [-45.09328176, -22.55421614], [-45.09330746, -22.55416831], [-45.09335891, -22.55414438], [-45.09341037, -22.55412045], [-45.0934618, -22.55407262], [-45.09351323, -22.55402478], [-45.09356469, -22.55400085], [-45.09359039, -22.55395302], [-45.09364182, -22.55390519], [-45.09369326, -22.55385736], [-45.0937447, -22.55380952], [-45.09377039, -22.55376171], [-45.09377036, -22.5537139], [-45.09379606, -22.55366608], [-45.093899, -22.55366602], [-45.09395043, -22.55361819], [-45.09397614, -22.55357036], [-45.09402759, -22.55354643], [-45.09407903, -22.5534986], [-45.09413047, -22.55347467], [-45.09418191, -22.55342683], [-45.09428476, -22.55330726], [-45.09433625, -22.55333113], [-45.09438774, -22.55335501], [-45.09464507, -22.55335486], [-45.09469653, -22.55333092], [-45.09472223, -22.5532831], [-45.09477366, -22.55323526], [-45.09482509, -22.55318743], [-45.09487655, -22.5531635], [-45.09490224, -22.55311568], [-45.0949537, -22.55309174], [-45.09500515, -22.55306781], [-45.0950566, -22.55304388], [-45.09510805, -22.55301995], [-45.09518524, -22.552996], [-45.09526242, -22.55297205], [-45.09531389, -22.55297202], [-45.09539107, -22.55294807], [-45.09541677, -22.55290025], [-45.09544247, -22.55285243], [-45.09549393, -22.5528285], [-45.09554536, -22.55278066], [-45.09559681, -22.55275673], [-45.09564825, -22.5527089], [-45.09569969, -22.55268496], [-45.09575115, -22.55266103], [-45.0958026, -22.55263709], [-45.09585406, -22.55263706], [-45.09590551, -22.55261314], [-45.09590548, -22.55256533], [-45.09595693, -22.55254139], [-45.0960084, -22.55254136], [-45.09605985, -22.55251743], [-45.0961113, -22.55249349], [-45.09613701, -22.55244568], [-45.09618845, -22.55242175], [-45.09649725, -22.55242156], [-45.09654874, -22.55244543], [-45.09660024, -22.5524932], [-45.0966517, -22.55249317], [-45.09670319, -22.55251704], [-45.09701199, -22.55251686], [-45.09706345, -22.55249292], [-45.09711492, -22.55249289], [-45.09716636, -22.55246897], [-45.09719206, -22.55242114], [-45.09724994, -22.55242111], [-45.09729762, -22.55246348], [-45.09739846, -22.55244516], [-45.09744943, -22.55246879], [-45.09744946, -22.55251659], [-45.09750095, -22.55254047], [-45.09752672, -22.55258826], [-45.09757821, -22.55261213], [-45.09773261, -22.55261204], [-45.09778403, -22.5525642], [-45.09783547, -22.55251636], [-45.09786117, -22.55246854], [-45.09788687, -22.55242072], [-45.09793833, -22.55242069], [-45.09798977, -22.55237285], [-45.09814417, -22.55237276], [-45.09819563, -22.55234882], [-45.09824709, -22.55234879], [-45.09829854, -22.55232486], [-45.09834998, -22.55227702], [-45.09840142, -22.55225309], [-45.09845286, -22.55220525], [-45.09850431, -22.55218132], [-45.09855575, -22.55215739], [-45.09860721, -22.55213345], [-45.09865866, -22.55210952], [-45.09868436, -22.55206169], [-45.0987358, -22.55203776], [-45.09876151, -22.55198994], [-45.09881296, -22.55196601], [-45.0988644, -22.55191817], [-45.09889009, -22.55187036], [-45.09894154, -22.55184642], [-45.09894151, -22.55179861], [-45.09899296, -22.55177468], [-45.0990444, -22.55175074], [-45.0990701, -22.55170293], [-45.0990958, -22.5516551], [-45.09914726, -22.55163117], [-45.09919868, -22.55158334], [-45.09925014, -22.5515594], [-45.09927584, -22.55151158], [-45.09932727, -22.55146374], [-45.09935296, -22.55141592], [-45.09937866, -22.5513681], [-45.09943012, -22.55134417], [-45.09943008, -22.55129636], [-45.09948154, -22.55127243], [-45.09950723, -22.55122461], [-45.09953293, -22.55117678], [-45.09955863, -22.55112897], [-45.09958433, -22.55108115], [-45.09963576, -22.55103331], [-45.09966146, -22.55098548], [-45.09968716, -22.55093767], [-45.09971286, -22.55088985], [-45.09976431, -22.55086591], [-45.09976427, -22.55081811], [-45.09981571, -22.55077027], [-45.0998414, -22.55072245], [-45.0998671, -22.55067463], [-45.09991855, -22.5506507], [-45.09997001, -22.55062676], [-45.0999957, -22.55057894], [-45.1000214, -22.55053112], [-45.10007285, -22.55050719], [-45.10009855, -22.55045936], [-45.10012425, -22.55041154], [-45.10014994, -22.55036373], [-45.10020138, -22.55031589], [-45.10022708, -22.55026806], [-45.10027853, -22.55024414], [-45.10030422, -22.55019631], [-45.10035567, -22.55017238], [-45.10038137, -22.55012455], [-45.10043282, -22.55010063], [-45.10048427, -22.55007669], [-45.1005357, -22.55002885], [-45.10058715, -22.55000491], [-45.10061285, -22.5499571], [-45.10066431, -22.54995707], [-45.10071577, -22.54993313], [-45.10076722, -22.54990919], [-45.10081868, -22.54990916], [-45.10087016, -22.54993303], [-45.10092163, -22.549933], [-45.10097311, -22.54995687], [-45.10102458, -22.54995684], [-45.10107607, -22.5499807], [-45.101179, -22.54998064], [-45.10123048, -22.55000451], [-45.10169368, -22.55000422], [-45.10174516, -22.55002809], [-45.10184809, -22.55002802], [-45.10189959, -22.5500758], [-45.10195108, -22.55009967], [-45.10200255, -22.55009964], [-45.10202832, -22.55014742], [-45.10207979, -22.55017129], [-45.1021313, -22.55021907], [-45.1021314, -22.55036248], [-45.1021057, -22.55041029], [-45.10208, -22.55045812], [-45.10205431, -22.55050594], [-45.10202861, -22.55055376], [-45.10200292, -22.55060158], [-45.10200299, -22.55069719], [-45.10197729, -22.55074501], [-45.10195159, -22.55079284], [-45.10195173, -22.55098405], [-45.1019775, -22.55103184], [-45.10200327, -22.55107963], [-45.10205475, -22.5511035], [-45.10220915, -22.5511034], [-45.10223491, -22.55115119], [-45.10226068, -22.55119898], [-45.10228645, -22.55124677], [-45.10233794, -22.55127064], [-45.10233798, -22.55131844], [-45.10236375, -22.55136623], [-45.10241523, -22.5513901], [-45.10241526, -22.55143791], [-45.10244103, -22.55148569], [-45.10249252, -22.55150956], [-45.10251829, -22.55155735], [-45.10254405, -22.55160513], [-45.10256982, -22.55165293], [-45.10256989, -22.55174853], [-45.10259566, -22.55179632], [-45.10262143, -22.55184411], [-45.1026472, -22.5518919], [-45.10267297, -22.55193969], [-45.10272445, -22.55196356], [-45.10277592, -22.55196353], [-45.10282741, -22.5519874], [-45.10287889, -22.55201127], [-45.10293037, -22.55203513], [-45.10295615, -22.55208292], [-45.10300762, -22.55208289], [-45.10305909, -22.55210676], [-45.10347084, -22.55210649], [-45.10352226, -22.55205865], [-45.10357371, -22.55203472], [-45.10359941, -22.5519869], [-45.10365088, -22.55198687], [-45.10367657, -22.55193904], [-45.10372804, -22.55193901], [-45.1037795, -22.55191507], [-45.10380519, -22.55186726], [-45.10385664, -22.55184332], [-45.10390809, -22.55181938], [-45.10393379, -22.55177156], [-45.10398523, -22.55174762], [-45.10401093, -22.55169981], [-45.10406238, -22.55167587], [-45.10411383, -22.55165193], [-45.1041653, -22.5516519], [-45.10421675, -22.55162796], [-45.1042682, -22.55160403], [-45.10431964, -22.5515801], [-45.10434534, -22.55153227], [-45.10437104, -22.55148445], [-45.10442247, -22.55143662], [-45.10442244, -22.55138881], [-45.1044739, -22.55138878], [-45.1044996, -22.55134095], [-45.10455105, -22.55131701], [-45.1046025, -22.55129308], [-45.10465394, -22.55126915], [-45.10470541, -22.55126912], [-45.10473111, -22.55122129], [-45.10478255, -22.55119735], [-45.10483399, -22.55114951], [-45.10485969, -22.5511017], [-45.10488539, -22.55105387], [-45.10491108, -22.55100605], [-45.10496253, -22.55098211], [-45.10498823, -22.5509343], [-45.10503968, -22.55091036], [-45.10506538, -22.55086253], [-45.10509106, -22.55081472], [-45.10509099, -22.5507191], [-45.10511669, -22.55067129], [-45.10511665, -22.55062348], [-45.10514235, -22.55057566], [-45.10516805, -22.55052784], [-45.10516802, -22.55048003], [-45.10519371, -22.55043221], [-45.10524517, -22.55040827], [-45.10527085, -22.55036046], [-45.10532231, -22.55033652], [-45.10537376, -22.55031258], [-45.10563109, -22.55031241], [-45.10568257, -22.55033628], [-45.10573405, -22.55036015], [-45.10578554, -22.55038402], [-45.10583703, -22.55040788], [-45.10588851, -22.55043175], [-45.10594001, -22.55047953], [-45.1059915, -22.5505034], [-45.10604301, -22.55055116], [-45.10609448, -22.55057503], [-45.10614597, -22.5505989], [-45.10619746, -22.55062277], [-45.10624894, -22.55064664], [-45.10630043, -22.55067051], [-45.10635191, -22.55069437], [-45.10650631, -22.55069427], [-45.10655781, -22.55074204], [-45.10663503, -22.55076589], [-45.10668651, -22.55078976], [-45.106738, -22.55081363], [-45.10681522, -22.55083748], [-45.10689244, -22.55086133], [-45.1068153, -22.55093309], [-45.1067896, -22.55098091], [-45.10658373, -22.55098105], [-45.10653228, -22.55100498], [-45.10648084, -22.55102892], [-45.10642938, -22.55105286], [-45.10637793, -22.5510768], [-45.106275, -22.55107686], [-45.1062493, -22.55112469], [-45.10619786, -22.55114862], [-45.10614641, -22.55117256], [-45.10609496, -22.55119649], [-45.10606926, -22.55124432], [-45.10601782, -22.55126826], [-45.10599212, -22.55131607], [-45.10594069, -22.55136391], [-45.10591499, -22.55141174], [-45.10586356, -22.55145957], [-45.10583787, -22.55150739], [-45.10581217, -22.55155522], [-45.10576073, -22.55160305], [-45.10573503, -22.55165088], [-45.10568359, -22.55167481], [-45.10563216, -22.55172266], [-45.10558069, -22.55172269], [-45.10552927, -22.55177052], [-45.10547779, -22.55177055], [-45.10542636, -22.5518184], [-45.10540067, -22.55186622], [-45.10534924, -22.55191405], [-45.10534927, -22.55196186], [-45.10532358, -22.55200969], [-45.10529788, -22.5520575], [-45.10529795, -22.55215312], [-45.10527225, -22.55220093], [-45.10524656, -22.55224876], [-45.10519511, -22.55227269], [-45.10514364, -22.55227273], [-45.10509219, -22.55229666], [-45.10504074, -22.5523206], [-45.10498929, -22.55234453], [-45.10493784, -22.55236847], [-45.10468051, -22.55236863], [-45.10462906, -22.55239257], [-45.10457761, -22.55241651], [-45.10452614, -22.55241654], [-45.10450044, -22.55246437], [-45.104449, -22.5524883], [-45.10439757, -22.55253614], [-45.10434613, -22.55258398], [-45.1042947, -22.55263181], [-45.10426901, -22.55267963], [-45.10421756, -22.55270357], [-45.10421759, -22.55275138], [-45.10426908, -22.55277524], [-45.10432058, -22.55282301], [-45.10437206, -22.55284688], [-45.10442354, -22.55284685], [-45.10447501, -22.55287072], [-45.10462942, -22.55287062], [-45.10468087, -22.55284668], [-45.10473232, -22.55282275], [-45.10478376, -22.55279881], [-45.1049639, -22.55279869], [-45.10501535, -22.55277475], [-45.10506682, -22.55277472], [-45.10511827, -22.55275079], [-45.10516972, -22.55272685], [-45.10547852, -22.55272665], [-45.10553001, -22.55275052], [-45.10558147, -22.55275049], [-45.10563296, -22.55277435], [-45.10583883, -22.55277421], [-45.10591601, -22.55275027], [-45.10596748, -22.55275024], [-45.10601893, -22.5527263], [-45.10607039, -22.55272626], [-45.10612185, -22.55270233], [-45.10632772, -22.55270219], [-45.10637916, -22.55267825], [-45.1064821, -22.55267818], [-45.10653354, -22.55265425], [-45.106585, -22.55263031], [-45.10663647, -22.55263027], [-45.10668791, -22.55260635], [-45.10673936, -22.55258241], [-45.10679081, -22.55255847], [-45.10684226, -22.55253453], [-45.10686795, -22.55248671], [-45.10691939, -22.55243887], [-45.10694508, -22.55239105], [-45.10697078, -22.55234322], [-45.10699648, -22.55229541], [-45.1069963, -22.55205638], [-45.10702199, -22.55200856], [-45.10707346, -22.55200853], [-45.10712491, -22.55198459], [-45.10717637, -22.55198456], [-45.10722782, -22.55196062], [-45.10727929, -22.55196058], [-45.10733073, -22.55193665], [-45.10738218, -22.55191271], [-45.10743363, -22.55188877], [-45.10748508, -22.55186484], [-45.10753655, -22.55186481], [-45.107588, -22.55184087], [-45.10763945, -22.55181693], [-45.10769089, -22.55179299], [-45.10774236, -22.55179296], [-45.10781954, -22.551769], [-45.10787099, -22.55174506], [-45.10787729, -22.55173999], [-45.10790103, -22.5506479], [-45.10792423, -22.55005555], [-45.10797272, -22.54914471], [-45.1080949, -22.54848394], [-45.1082162, -22.54761982], [-45.10833893, -22.54709554], [-45.10846097, -22.54647995], [-45.10863121, -22.54600185], [-45.10885345, -22.54554653], [-45.10892529, -22.54543327], [-45.10902216, -22.54533047], [-45.10936122, -22.54503125], [-45.10999737, -22.54459819], [-45.11080583, -22.5439609], [-45.1109302, -22.54384784], [-45.11141547, -22.54337726], [-45.11156337, -22.5432168], [-45.11160456, -22.54316344], [-45.11165359, -22.54302801], [-45.11167652, -22.54292547], [-45.11165936, -22.54283112], [-45.11151544, -22.54254884], [-45.11148922, -22.54246695], [-45.11147574, -22.54238172], [-45.1114814, -22.54230864], [-45.11151543, -22.54222982], [-45.11163703, -22.54207061], [-45.11173778, -22.54200857], [-45.11189495, -22.54194681], [-45.11200475, -22.5418723], [-45.11205315, -22.54184259], [-45.11207348, -22.54180686], [-45.11208424, -22.54176462], [-45.1120784, -22.54172473], [-45.11206082, -22.54164755], [-45.11202755, -22.54157545], [-45.11195516, -22.54143204], [-45.11173106, -22.5408869], [-45.11161723, -22.54068749], [-45.11150342, -22.54052695], [-45.11141318, -22.54039763], [-45.1109744, -22.53999889], [-45.11086626, -22.53988545], [-45.11080882, -22.53980743], [-45.11078727, -22.53977354], [-45.11075251, -22.53968244], [-45.11072908, -22.53956627], [-45.11065949, -22.53882917], [-45.1106762, -22.53875938], [-45.11076889, -22.53837238], [-45.11074805, -22.53814962], [-45.1106603, -22.53795799], [-45.1102386, -22.53761745], [-45.11016248, -22.53758312], [-45.10948418, -22.53727714], [-45.10927278, -22.53715489], [-45.108757, -22.5368566], [-45.10850816, -22.53640729], [-45.10875613, -22.53547934], [-45.1092726, -22.53595637], [-45.10978906, -22.53618233], [-45.11041426, -22.53658403], [-45.11131127, -22.53701085], [-45.11174619, -22.5372117], [-45.11242575, -22.53748787], [-45.11280631, -22.5376134], [-45.11375769, -22.53773894], [-45.11432852, -22.53781426], [-45.11476344, -22.53796489], [-45.11545189, -22.53811905], [-45.11545012, -22.53811793], [-45.11543407, -22.5381046], [-45.11531241, -22.53799177], [-45.11529806, -22.53797689], [-45.11520745, -22.53787184], [-45.11519836, -22.53786341], [-45.11508514, -22.53777941], [-45.1149635, -22.53768915], [-45.1149267, -22.53765312], [-45.11491433, -22.53763703], [-45.11482842, -22.53754408], [-45.1147279, -22.53747157], [-45.11470813, -22.53745935], [-45.11464349, -22.53743367], [-45.11463312, -22.53742921], [-45.11452768, -22.53738033], [-45.11443874, -22.5373568], [-45.11434516, -22.53734677], [-45.11423986, -22.53734792], [-45.11412222, -22.53735363], [-45.1141106, -22.53735388], [-45.11398904, -22.53735302], [-45.1139888, -22.53735301], [-45.11386724, -22.53735203], [-45.11385206, -22.53735135], [-45.11373049, -22.53734151], [-45.11370505, -22.53733787], [-45.11358346, -22.53731268], [-45.11352149, -22.53728883], [-45.11342042, -22.53722919], [-45.1134063, -22.53722155], [-45.11339428, -22.53721448], [-45.11327265, -22.53713712], [-45.11327196, -22.53713667], [-45.11323142, -22.53711064], [-45.11315034, -22.53705858], [-45.1131185, -22.537033], [-45.11306012, -22.53697468], [-45.11300712, -22.53692552], [-45.11294879, -22.53687915], [-45.11290558, -22.53685087], [-45.1128941, -22.53684274], [-45.11278984, -22.5367631], [-45.1127658, -22.53674123], [-45.11274841, -22.53672241], [-45.11272719, -22.53669449], [-45.11266923, -22.53660043], [-45.11265632, -22.53657512], [-45.11260992, -22.53646223], [-45.11260465, -22.53644754], [-45.11259157, -22.53640515], [-45.11256964, -22.53636194], [-45.11256704, -22.53635658], [-45.11251493, -22.53624459], [-45.11247877, -22.53616917], [-45.11246625, -22.53614887], [-45.11244853, -22.53611031], [-45.11241262, -22.53599741], [-45.11240476, -22.53595232], [-45.11240096, -22.53584804], [-45.11239024, -22.53577151], [-45.11236718, -22.5357257], [-45.11228446, -22.53566176], [-45.11227144, -22.53565073], [-45.11224103, -22.53562252], [-45.11222294, -22.53560319], [-45.11213168, -22.53549032], [-45.1121317, -22.53549031], [-45.112129, -22.53548694], [-45.11204209, -22.53537407], [-45.11203148, -22.53535871], [-45.11199826, -22.53530481], [-45.11196248, -22.53525088], [-45.11194656, -22.53522106], [-45.11189972, -22.53510817], [-45.11189145, -22.53508286], [-45.11186409, -22.53496996], [-45.1118594, -22.53492566], [-45.11186652, -22.53488164], [-45.1119005, -22.53476869], [-45.11192365, -22.53472043], [-45.11198512, -22.53463055], [-45.11200052, -22.53457793], [-45.11199337, -22.53452239], [-45.11198338, -22.53449832], [-45.11198175, -22.53449423], [-45.11195779, -22.53443205], [-45.11190762, -22.53432458], [-45.11190627, -22.53432162], [-45.11186328, -22.53422486], [-45.11185778, -22.53421085], [-45.11185411, -22.53420017], [-45.111814, -22.53410466], [-45.11176167, -22.53401881], [-45.111669, -22.53391963], [-45.11165732, -22.53390714], [-45.1115642, -22.53382076], [-45.11155633, -22.53381443], [-45.11144686, -22.53373912], [-45.1114291, -22.53372883], [-45.11133181, -22.53367243], [-45.1113247, -22.53366811], [-45.11124055, -22.53361445], [-45.11121185, -22.53359819], [-45.11118404, -22.53357908], [-45.11107001, -22.53348505], [-45.11103425, -22.5334458], [-45.11102665, -22.53343451], [-45.11101451, -22.53341352], [-45.11096469, -22.53331193], [-45.11095265, -22.53327948], [-45.11092434, -22.5331707], [-45.11089306, -22.53307118], [-45.1108926, -22.53307013], [-45.1108436, -22.53297927], [-45.11084322, -22.53297856], [-45.11078302, -22.53286567], [-45.11076338, -22.53279946], [-45.11075395, -22.53268654], [-45.11075711, -22.53263725], [-45.1107801, -22.53253005], [-45.11078948, -22.53246433], [-45.11076425, -22.53239421], [-45.11071985, -22.53228444], [-45.11071523, -22.5322716], [-45.1106797, -22.5321587], [-45.11067188, -22.53210812], [-45.1106717, -22.53188227], [-45.11067211, -22.53187025], [-45.11067928, -22.53176934], [-45.11067195, -22.53166843], [-45.11067193, -22.5316444], [-45.11067952, -22.53153747], [-45.11067944, -22.53143056], [-45.11068038, -22.53141259], [-45.11069245, -22.53129965], [-45.11069412, -22.53128793], [-45.11071429, -22.53117499], [-45.11074425, -22.53110445], [-45.11078473, -22.53104796], [-45.11080901, -22.5310204], [-45.11086974, -22.5309639], [-45.11090416, -22.53094081], [-45.11109829, -22.5313353], [-45.11264324, -22.53266321], [-45.11435985, -22.53439742], [-45.11521816, -22.53631989], [-45.1168704, -22.5382126], [-45.11702048, -22.53835855], [-45.11756322, -22.53816575], [-45.11840588, -22.53816575], [-45.11917267, -22.53821403], [-45.11920235, -22.53817259], [-45.11920229, -22.53810509], [-45.11916373, -22.5380193], [-45.1191406, -22.5379907], [-45.11908391, -22.5379206], [-45.11902797, -22.53786872], [-45.11902427, -22.53786509], [-45.11902079, -22.53786128], [-45.11897548, -22.53780875], [-45.11891012, -22.53774813], [-45.1188535, -22.53770613], [-45.11879268, -22.537661], [-45.11878857, -22.53765777], [-45.11878466, -22.53765434], [-45.118663, -22.53754151], [-45.11865996, -22.53753855], [-45.11865706, -22.53753547], [-45.11859622, -22.53746776], [-45.11859274, -22.53746366], [-45.11858953, -22.53745937], [-45.11858659, -22.53745493], [-45.11858393, -22.53745033], [-45.11852305, -22.53733745], [-45.11852108, -22.53733359], [-45.11851932, -22.53732964], [-45.11851776, -22.53732562], [-45.11847714, -22.53721273], [-45.11847563, -22.53720809], [-45.11847437, -22.5372034], [-45.11847339, -22.53719864], [-45.1184727, -22.53719383], [-45.11847228, -22.53718901], [-45.11847213, -22.53718417], [-45.11847204, -22.53707872], [-45.11845301, -22.53697318], [-45.1184523, -22.53696844], [-45.11845185, -22.53696368], [-45.11845168, -22.5369589], [-45.11845178, -22.53695411], [-45.11845215, -22.53694934], [-45.11846421, -22.53683641], [-45.11846479, -22.53683203], [-45.11846561, -22.53682768], [-45.11848982, -22.53671474], [-45.11851216, -22.53661057], [-45.11851208, -22.53652125], [-45.11848375, -22.53644249], [-45.1184257, -22.53638865], [-45.11837795, -22.53635913], [-45.11832256, -22.53633345], [-45.11831742, -22.53633089], [-45.11831246, -22.53632805], [-45.11830769, -22.53632493], [-45.11819008, -22.53624312], [-45.11807276, -22.53617785], [-45.11806907, -22.53617569], [-45.1180655, -22.53617338], [-45.11806204, -22.53617094], [-45.11800122, -22.53612581], [-45.11799711, -22.53612258], [-45.1179932, -22.53611915], [-45.11793237, -22.53606273], [-45.11787154, -22.53600632], [-45.11786836, -22.53600323], [-45.11786535, -22.536], [-45.1178625, -22.53599665], [-45.1178058, -22.53592654], [-45.11777014, -22.53589347], [-45.11768904, -22.53581825], [-45.11764848, -22.53578063], [-45.11756738, -22.53570541], [-45.11752683, -22.5356678], [-45.11745254, -22.53559889], [-45.11739974, -22.53556625], [-45.11739581, -22.53556369], [-45.11739203, -22.53556095], [-45.11738839, -22.53555804], [-45.11738491, -22.53555497], [-45.11732408, -22.53549856], [-45.11726326, -22.53544214], [-45.11720243, -22.53538572], [-45.1171416, -22.5353293], [-45.11713814, -22.53532592], [-45.11713487, -22.53532238], [-45.1171318, -22.53531868], [-45.11712894, -22.53531484], [-45.1171263, -22.53531087], [-45.11712387, -22.53530678], [-45.11712169, -22.53530257], [-45.11711974, -22.53529827], [-45.11711803, -22.53529388], [-45.11711656, -22.53528941], [-45.11711535, -22.53528488], [-45.1171144, -22.5352803], [-45.11709405, -22.53516739], [-45.1170933, -22.53516246], [-45.11709286, -22.5351575], [-45.11709271, -22.53515254], [-45.11709262, -22.53504337], [-45.11708272, -22.53493419], [-45.11708251, -22.5349312], [-45.1170767, -22.53482495], [-45.11705417, -22.53472069], [-45.11702425, -22.53460987], [-45.11699376, -22.53449697], [-45.11699288, -22.53449345], [-45.11699217, -22.53448991], [-45.11697182, -22.534377], [-45.11697108, -22.53437208], [-45.11697063, -22.53436712], [-45.11697048, -22.53436215], [-45.11697039, -22.53424923], [-45.11697053, -22.53424426], [-45.11697096, -22.5342393], [-45.1169717, -22.53423438], [-45.11699054, -22.53412881], [-45.11699046, -22.53402336], [-45.11699058, -22.53401871], [-45.11699096, -22.53401407], [-45.1169916, -22.53400946], [-45.1169925, -22.53400488], [-45.11699365, -22.53400034], [-45.11699504, -22.53399588], [-45.11699668, -22.53399148], [-45.11699856, -22.53398717], [-45.11700069, -22.53398296], [-45.11706138, -22.53386999], [-45.11706382, -22.53386571], [-45.11706652, -22.53386157], [-45.11706946, -22.53385756], [-45.11707261, -22.5338537], [-45.11707598, -22.53385001], [-45.11707957, -22.5338465], [-45.11720103, -22.53373348], [-45.11720473, -22.53373022], [-45.11720859, -22.53372714], [-45.11721263, -22.53372427], [-45.11721683, -22.53372158], [-45.11722116, -22.53371911], [-45.11722563, -22.53371685], [-45.11723023, -22.53371481], [-45.11723493, -22.533713], [-45.11723973, -22.53371141], [-45.11724461, -22.53371007], [-45.11724956, -22.53370896], [-45.11725457, -22.53370809], [-45.11725961, -22.53370748], [-45.11726469, -22.5337071], [-45.11726978, -22.53370697], [-45.11739134, -22.53370688], [-45.11751289, -22.5337068], [-45.11763445, -22.53370671], [-45.11763973, -22.53370684], [-45.11764501, -22.53370723], [-45.11765024, -22.5337079], [-45.11765543, -22.53370881], [-45.11766057, -22.53371], [-45.11766562, -22.53371144], [-45.11767058, -22.53371314], [-45.11779217, -22.53375822], [-45.11791377, -22.5338033], [-45.11797457, -22.53382584], [-45.11803537, -22.53384838], [-45.11803989, -22.53385018], [-45.11804431, -22.5338522], [-45.11804861, -22.53385442], [-45.11805279, -22.53385683], [-45.11805683, -22.53385944], [-45.11806073, -22.53386224], [-45.11806446, -22.53386521], [-45.11806803, -22.53386836], [-45.11818587, -22.53397766], [-45.1182982, -22.53406099], [-45.1184142, -22.53412554], [-45.11849208, -22.53416886], [-45.11852689, -22.53418501], [-45.11864604, -22.53423286], [-45.11864992, -22.53423451], [-45.11865371, -22.53423632], [-45.11865742, -22.53423828], [-45.11873849, -22.53428339], [-45.11877235, -22.53430223], [-45.11887841, -22.53434155], [-45.11897938, -22.53436023], [-45.11907937, -22.53435551], [-45.11917262, -22.53433378], [-45.11923791, -22.53428822], [-45.11927841, -22.53425996], [-45.1193999, -22.53417517], [-45.11940415, -22.53417237], [-45.11940856, -22.53416978], [-45.11941311, -22.53416741], [-45.11941779, -22.53416528], [-45.11942259, -22.53416338], [-45.11942749, -22.53416172], [-45.11943248, -22.53416031], [-45.11943753, -22.53415915], [-45.11944266, -22.53415824], [-45.11944783, -22.53415758], [-45.11945302, -22.53415719], [-45.11945823, -22.53415706], [-45.11957979, -22.53415697], [-45.11958456, -22.53415708], [-45.1195893, -22.5341574], [-45.11959404, -22.53415794], [-45.11959873, -22.53415868], [-45.11960338, -22.53415965], [-45.11972496, -22.53418779], [-45.1197298, -22.53418903], [-45.11973455, -22.53419051], [-45.11973922, -22.5341922], [-45.1197438, -22.53419412], [-45.11974825, -22.53419626], [-45.11986986, -22.53425828], [-45.11987467, -22.53426089], [-45.1198793, -22.53426376], [-45.11988376, -22.53426688], [-45.11991417, -22.53428944], [-45.11991827, -22.53429267], [-45.11992219, -22.5342961], [-45.12004384, -22.53440893], [-45.12004702, -22.53441202], [-45.12005004, -22.53441524], [-45.12005289, -22.5344186], [-45.12014416, -22.53453146], [-45.12023542, -22.53464432], [-45.1202617, -22.5346768], [-45.12033791, -22.53474749], [-45.12034122, -22.53475071], [-45.12034436, -22.53475409], [-45.12034731, -22.5347576], [-45.12035007, -22.53476125], [-45.12036724, -22.53478513], [-45.12043127, -22.53479499], [-45.12053682, -22.53477857], [-45.12054176, -22.53477792], [-45.12054672, -22.53477751], [-45.1205517, -22.53477734], [-45.12055669, -22.5347774], [-45.12056166, -22.53477769], [-45.12056662, -22.53477823], [-45.12057153, -22.534779], [-45.1205764, -22.53478], [-45.12069798, -22.53480814], [-45.12081732, -22.53483577], [-45.12093663, -22.53485784], [-45.1209411, -22.53485877], [-45.1209455, -22.53485989], [-45.12106709, -22.53489368], [-45.1210699, -22.5348945], [-45.12118426, -22.53492982], [-45.12129831, -22.53494738], [-45.12130139, -22.53494791], [-45.12141353, -22.53496865], [-45.12151583, -22.53496858], [-45.12162793, -22.53494766], [-45.12174947, -22.53492498], [-45.12199256, -22.53487963], [-45.12199883, -22.53487866], [-45.12200516, -22.53487807], [-45.1221235, -22.53487065], [-45.12224187, -22.5348559], [-45.12224614, -22.53485545], [-45.12225043, -22.53485519], [-45.12225473, -22.53485509], [-45.12261941, -22.53485482], [-45.1226237, -22.5348549], [-45.12262798, -22.53485516], [-45.12263226, -22.5348556], [-45.12275065, -22.53487017], [-45.12286901, -22.53487741], [-45.12287535, -22.53487799], [-45.12288162, -22.53487895], [-45.12299696, -22.53490029], [-45.12311216, -22.53490733], [-45.12311694, -22.53490774], [-45.12312168, -22.53490836], [-45.12323532, -22.53492587], [-45.12334883, -22.53492578], [-45.12335418, -22.53492591], [-45.12335952, -22.53492631], [-45.12336482, -22.534927], [-45.12347846, -22.5349445], [-45.12359197, -22.53494441], [-45.12359718, -22.53494453], [-45.12360238, -22.53494492], [-45.12360755, -22.53494556], [-45.12361268, -22.53494646], [-45.12361773, -22.53494762], [-45.12362272, -22.53494902], [-45.12373381, -22.53498333], [-45.12384435, -22.53499302], [-45.12384913, -22.53499355], [-45.12385388, -22.5349943], [-45.12397214, -22.53501578], [-45.12421192, -22.53504344], [-45.1243335, -22.53505746], [-45.12433519, -22.53505767], [-45.12445676, -22.53507371], [-45.12446193, -22.53507453], [-45.12446704, -22.5350756], [-45.12447208, -22.53507692], [-45.12447704, -22.5350785], [-45.12448191, -22.53508032], [-45.12448664, -22.53508238], [-45.12449126, -22.53508467], [-45.12460806, -22.53514655], [-45.12468401, -22.53517672], [-45.12468919, -22.53517895], [-45.12472735, -22.53519664], [-45.12484651, -22.53524449], [-45.12485038, -22.53524614], [-45.12485418, -22.53524795], [-45.12485788, -22.53524991], [-45.12493896, -22.53529502], [-45.12494299, -22.53529738], [-45.12494688, -22.53529993], [-45.12495065, -22.53530265], [-45.12495426, -22.53530554], [-45.1249577, -22.53530859], [-45.12499145, -22.53533988], [-45.12508055, -22.53539496], [-45.12510257, -22.53539494], [-45.1251159, -22.53535768], [-45.12511583, -22.53527408], [-45.12508521, -22.535189], [-45.12500342, -22.53508786], [-45.12497299, -22.53505024], [-45.12497008, -22.53504645], [-45.12496739, -22.53504252], [-45.1249187, -22.53496728], [-45.12491635, -22.53496343], [-45.1249142, -22.53495948], [-45.12491226, -22.53495543], [-45.12491054, -22.53495131], [-45.12490904, -22.53494711], [-45.12490776, -22.53494284], [-45.12490671, -22.53493853], [-45.12488259, -22.53482703], [-45.12485551, -22.5347196], [-45.12483663, -22.53466712], [-45.12481632, -22.53461067], [-45.12477569, -22.53449778], [-45.12477361, -22.53449112], [-45.12474312, -22.53437822], [-45.12474195, -22.5343734], [-45.12474109, -22.53436853], [-45.12474052, -22.53436362], [-45.12474022, -22.53435868], [-45.12474023, -22.53435374], [-45.12474051, -22.53434881], [-45.12475054, -22.53423588], [-45.12475108, -22.53423135], [-45.12475185, -22.53422684], [-45.12475287, -22.53422238], [-45.12475412, -22.53421798], [-45.12475561, -22.53421363], [-45.12475735, -22.53420937], [-45.1247593, -22.53420518], [-45.12476148, -22.5342011], [-45.12476389, -22.53419712], [-45.1247665, -22.53419326], [-45.12484744, -22.53408027], [-45.12485034, -22.53407644], [-45.12485346, -22.53407274], [-45.12485678, -22.53406921], [-45.12486029, -22.53406585], [-45.12486398, -22.53406265], [-45.12486785, -22.53405963], [-45.12487189, -22.53405681], [-45.12487606, -22.53405418], [-45.12488039, -22.53405176], [-45.12488484, -22.53404956], [-45.12488953, -22.53404751], [-45.12489433, -22.53404571], [-45.12489923, -22.53404414], [-45.12490421, -22.53404282], [-45.12490925, -22.53404175], [-45.12503079, -22.53401907], [-45.12503552, -22.5340183], [-45.12504028, -22.53401775], [-45.12504507, -22.53401742], [-45.12504986, -22.5340173], [-45.12517142, -22.53401721], [-45.12517622, -22.53401731], [-45.125181, -22.53401764], [-45.12518577, -22.53401818], [-45.12519049, -22.53401895], [-45.12531207, -22.53404144], [-45.12531659, -22.53404237], [-45.12532162, -22.53404368], [-45.12532657, -22.53404522], [-45.12533142, -22.53404701], [-45.12533617, -22.53404905], [-45.12534079, -22.53405132], [-45.12534527, -22.53405381], [-45.12534961, -22.53405652], [-45.12535377, -22.53405945], [-45.12547541, -22.53414969], [-45.12550252, -22.53416981], [-45.12559023, -22.53422402], [-45.12567866, -22.53427869], [-45.12570615, -22.53429326], [-45.12571132, -22.5342962], [-45.12582476, -22.53436531], [-45.1258738, -22.53438349], [-45.12593188, -22.53440143], [-45.12605208, -22.53443854], [-45.12617225, -22.53447194], [-45.12617638, -22.53447317], [-45.12618043, -22.53447458], [-45.12623858, -22.53449613], [-45.12629666, -22.53451407], [-45.12641826, -22.53455161], [-45.12653985, -22.53458916], [-45.12659864, -22.53460731], [-45.12665101, -22.53462117], [-45.12676601, -22.53463634], [-45.12700233, -22.53466751], [-45.12711006, -22.53466743], [-45.12721926, -22.53465284], [-45.12732562, -22.53462687], [-45.12735707, -22.53461224], [-45.12742799, -22.53457923], [-45.12750896, -22.53451643], [-45.12752068, -22.53450279], [-45.12755931, -22.53443087], [-45.12760301, -22.53432236], [-45.12760493, -22.53431796], [-45.12760708, -22.53431367], [-45.12763742, -22.53425718], [-45.12766547, -22.53420494], [-45.12770917, -22.53409642], [-45.12771108, -22.53409203], [-45.12771323, -22.53408774], [-45.12775874, -22.53400301], [-45.12776161, -22.53399806], [-45.12776479, -22.53399329], [-45.12778503, -22.53396504], [-45.12778803, -22.5339611], [-45.12779123, -22.53395732], [-45.12789243, -22.53384431], [-45.12799362, -22.53373131], [-45.12801387, -22.5337087], [-45.12801676, -22.53370562], [-45.1280198, -22.53370266], [-45.12811316, -22.53361577], [-45.12813145, -22.5335945], [-45.12818319, -22.53352228], [-45.12821918, -22.53342839], [-45.12823409, -22.53333083], [-45.12823399, -22.53322433], [-45.1282339, -22.53312606], [-45.1282041, -22.53304324], [-45.12813474, -22.53296605], [-45.12813031, -22.53296073], [-45.12811292, -22.53293816], [-45.12802598, -22.5328253], [-45.12802305, -22.53282127], [-45.12802037, -22.5328171], [-45.12801792, -22.5328128], [-45.12801572, -22.53280839], [-45.12799833, -22.53277076], [-45.12799681, -22.53276728], [-45.12799544, -22.53276375], [-45.12796836, -22.53268848], [-45.12796691, -22.53268409], [-45.12793556, -22.53257961], [-45.1278789, -22.53247454], [-45.12787679, -22.53247038], [-45.12787492, -22.53246613], [-45.12787328, -22.5324618], [-45.12787189, -22.53245739], [-45.12787073, -22.53245293], [-45.12786982, -22.53244841], [-45.12786916, -22.53244386], [-45.12786875, -22.53243928], [-45.12786859, -22.53243469], [-45.12786868, -22.5324301], [-45.12786903, -22.53242551], [-45.12786962, -22.53242096], [-45.12787046, -22.53241643], [-45.12789406, -22.53230636], [-45.12790679, -22.53221702], [-45.12787549, -22.53213002], [-45.12782476, -22.532036], [-45.12777511, -22.53198994], [-45.12772109, -22.53193984], [-45.12766829, -22.53190721], [-45.12754667, -22.53183202], [-45.12754274, -22.53182946], [-45.12753895, -22.53182672], [-45.12753531, -22.53182381], [-45.12753184, -22.53182075], [-45.12741017, -22.53170792], [-45.12740667, -22.53170449], [-45.12740335, -22.53170089], [-45.12740025, -22.53169715], [-45.12739736, -22.53169325], [-45.1273947, -22.53168922], [-45.12739227, -22.53168507], [-45.12739008, -22.5316808], [-45.12738812, -22.53167643], [-45.12738641, -22.53167197], [-45.12738497, -22.53166744], [-45.12738377, -22.53166284], [-45.12738284, -22.53165819], [-45.12738218, -22.5316535], [-45.12738177, -22.53164879], [-45.12738163, -22.53164406], [-45.12738153, -22.53153114], [-45.12738166, -22.53152641], [-45.12738205, -22.5315217], [-45.12738271, -22.53151701], [-45.12738363, -22.53151235], [-45.12738482, -22.53150775], [-45.12738626, -22.53150322], [-45.12738796, -22.53149875], [-45.12738991, -22.53149439], [-45.12739209, -22.53149011], [-45.12739452, -22.53148596], [-45.12739717, -22.53148193], [-45.12740005, -22.53147802], [-45.12740314, -22.53147427], [-45.12740646, -22.53147067], [-45.12740995, -22.53146723], [-45.12753141, -22.53135421], [-45.1275351, -22.53135095], [-45.12753897, -22.53134788], [-45.127543, -22.531345], [-45.1275472, -22.53134231], [-45.12755153, -22.53133984], [-45.127556, -22.53133758], [-45.1275606, -22.53133554], [-45.1275653, -22.53133373], [-45.1275701, -22.53133214], [-45.12757498, -22.5313308], [-45.12757993, -22.53132968], [-45.12758494, -22.53132882], [-45.12758998, -22.5313282], [-45.12759506, -22.53132783], [-45.12760015, -22.5313277], [-45.1277217, -22.5313276], [-45.12772692, -22.53132773], [-45.12773211, -22.53132811], [-45.12773728, -22.53132876], [-45.12774241, -22.53132966], [-45.12774747, -22.53133081], [-45.12775246, -22.53133221], [-45.12787405, -22.53136976], [-45.12787892, -22.5313714], [-45.12788369, -22.53137328], [-45.12788834, -22.53137539], [-45.12789286, -22.53137772], [-45.12789725, -22.53138028], [-45.12801384, -22.53145235], [-45.12813003, -22.5315062], [-45.12825164, -22.53156257], [-45.12836016, -22.53161287], [-45.12845938, -22.53162814], [-45.12856483, -22.53162806], [-45.12867844, -22.53161038], [-45.12868332, -22.53160974], [-45.12868824, -22.53160932], [-45.12869316, -22.53160915], [-45.1286981, -22.5316092], [-45.12870302, -22.53160948], [-45.12870792, -22.53161], [-45.12871278, -22.53161075], [-45.12871761, -22.53161172], [-45.12872236, -22.53161293], [-45.12884395, -22.53164671], [-45.12884856, -22.53164811], [-45.12885308, -22.53164971], [-45.12885751, -22.53165152], [-45.12886184, -22.53165354], [-45.12886606, -22.53165575], [-45.1289066, -22.53167831], [-45.12891083, -22.5316808], [-45.12891492, -22.53168349], [-45.12899601, -22.53173989], [-45.12907709, -22.53179629], [-45.12908071, -22.53179893], [-45.12908419, -22.53180172], [-45.12908752, -22.53180467], [-45.12912807, -22.53184228], [-45.12920918, -22.5319175], [-45.12924974, -22.53195511], [-45.12925291, -22.5319582], [-45.12925593, -22.53196142], [-45.12925878, -22.53196478], [-45.12931963, -22.53204001], [-45.12938048, -22.53211524], [-45.12940676, -22.53214772], [-45.12949311, -22.53222781], [-45.12949642, -22.53223104], [-45.12949955, -22.53223441], [-45.12950251, -22.53223792], [-45.12950527, -22.53224157], [-45.12952556, -22.53226979], [-45.1295268, -22.53227156], [-45.12960102, -22.53238022], [-45.12969502, -22.53248917], [-45.1297437, -22.5325456], [-45.12979237, -22.53260202], [-45.1297955, -22.53260585], [-45.1297984, -22.53260982], [-45.12980107, -22.53261393], [-45.12980349, -22.53261817], [-45.12980569, -22.53262253], [-45.12985846, -22.53273541], [-45.12986007, -22.53273905], [-45.12986149, -22.53274276], [-45.12988181, -22.5327992], [-45.12988306, -22.53280295], [-45.12990048, -22.5328594], [-45.12990183, -22.53286427], [-45.12990288, -22.5328692], [-45.12990364, -22.53287418], [-45.12990409, -22.53287919], [-45.12990425, -22.53288421], [-45.12990435, -22.53299714], [-45.12990424, -22.53300141], [-45.12990392, -22.53300567], [-45.12990338, -22.53300991], [-45.12988625, -22.53312207], [-45.12987126, -22.53323422], [-45.12985692, -22.53334157], [-45.12985702, -22.53344887], [-45.12985693, -22.53345263], [-45.12985668, -22.53345637], [-45.12984688, -22.53356693], [-45.12984341, -22.5336761], [-45.12984362, -22.53390058], [-45.12984357, -22.53390386], [-45.12983935, -22.53401403], [-45.12984242, -22.53412417], [-45.12984242, -22.53412867], [-45.1298422, -22.53413316], [-45.12984171, -22.53413764], [-45.12982886, -22.53423383], [-45.12985234, -22.53432075], [-45.129878, -22.53436832], [-45.12990759, -22.53442316], [-45.12997276, -22.534533], [-45.12999616, -22.53456917], [-45.12999975, -22.53457524], [-45.13003963, -22.53464917], [-45.13010482, -22.53476074], [-45.1301063, -22.53476337], [-45.13012151, -22.53479159], [-45.1301234, -22.5347953], [-45.13016208, -22.53487594], [-45.13022873, -22.53498498], [-45.1302311, -22.53498912], [-45.13024234, -22.53500993], [-45.13029542, -22.53509852], [-45.13036038, -22.53520691], [-45.13044411, -22.53531561], [-45.13044687, -22.53531938], [-45.13044942, -22.53532329], [-45.1304842, -22.53537973], [-45.13051899, -22.53543616], [-45.13052136, -22.53544024], [-45.1305235, -22.53544443], [-45.1305254, -22.53544871], [-45.13052707, -22.53545309], [-45.13052849, -22.53545754], [-45.13052966, -22.53546204], [-45.13055582, -22.53557495], [-45.13058129, -22.53568488], [-45.13061274, -22.53578678], [-45.1306625, -22.53587904], [-45.13071217, -22.5359251], [-45.13076619, -22.5359752], [-45.13081899, -22.53600783], [-45.13094062, -22.53608301], [-45.13094407, -22.53608526], [-45.13094742, -22.53608763], [-45.13095154, -22.53609085], [-45.13095545, -22.53609429], [-45.13107712, -22.53620711], [-45.13108017, -22.53621007], [-45.13108307, -22.53621316], [-45.13118448, -22.536326], [-45.13120476, -22.53634857], [-45.1312076, -22.53635188], [-45.13121027, -22.53635532], [-45.13121276, -22.53635887], [-45.13121508, -22.53636252], [-45.13126919, -22.53645282], [-45.13133683, -22.53656569], [-45.1313388, -22.53656915], [-45.13139969, -22.53668203], [-45.13140194, -22.5366865], [-45.13140393, -22.53669108], [-45.13140563, -22.53669576], [-45.13140707, -22.53670052], [-45.13143756, -22.53681342], [-45.13143871, -22.53681817], [-45.13143957, -22.53682297], [-45.13144015, -22.53682782], [-45.13145039, -22.53694073], [-45.13145067, -22.5369453], [-45.13145072, -22.53694987], [-45.13145051, -22.53695444], [-45.13145005, -22.53695899], [-45.13144935, -22.53696352], [-45.13144839, -22.536968], [-45.1314472, -22.53697243], [-45.13144576, -22.53697681], [-45.13140535, -22.53708977], [-45.1314038, -22.53709379], [-45.13140205, -22.53709774], [-45.13140008, -22.5371016], [-45.13133941, -22.53721458], [-45.13133583, -22.53722066], [-45.13133315, -22.53722458], [-45.13133025, -22.53722837], [-45.13132715, -22.53723202], [-45.13123318, -22.53733697], [-45.13121799, -22.53736525], [-45.13118062, -22.53743481], [-45.13114239, -22.53754168], [-45.13114084, -22.5375457], [-45.13113908, -22.53754965], [-45.13113713, -22.53755352], [-45.13109668, -22.53762883], [-45.13107645, -22.53766649], [-45.13101578, -22.53777946], [-45.13101292, -22.53778441], [-45.13100972, -22.53778918], [-45.13096925, -22.53784568], [-45.1309665, -22.53784933], [-45.13096355, -22.53785284], [-45.13096042, -22.53785623], [-45.13095712, -22.53785945], [-45.13089639, -22.53791597], [-45.13089264, -22.53791927], [-45.13088869, -22.5379224], [-45.13088458, -22.53792532], [-45.1308803, -22.53792804], [-45.13087588, -22.53793054], [-45.13081513, -22.53796285], [-45.13081024, -22.53796529], [-45.1308052, -22.53796746], [-45.13068368, -22.53801595], [-45.13060529, -22.53804724], [-45.13057174, -22.53806286], [-45.13045891, -22.53812936], [-45.13043693, -22.53814573], [-45.13022819, -22.53833997], [-45.13022486, -22.53834292], [-45.13022139, -22.53834572], [-45.13021778, -22.53834837], [-45.13017728, -22.53837664], [-45.13010182, -22.53842931], [-45.13004598, -22.53848128], [-45.13004207, -22.53848471], [-45.13003797, -22.53848795], [-45.12997723, -22.53853317], [-45.12985575, -22.53862361], [-45.12985229, -22.53862606], [-45.12984872, -22.53862837], [-45.12984504, -22.53863054], [-45.12972354, -22.53869839], [-45.12968304, -22.53872101], [-45.12967649, -22.53872434], [-45.12964597, -22.53873857], [-45.12964599, -22.53873863], [-45.12964661, -22.53873917], [-45.12968785, -22.53881562], [-45.12968799, -22.5389686], [-45.12972919, -22.53900681], [-45.12972927, -22.53908329], [-45.12977051, -22.53915975], [-45.12985285, -22.53915968], [-45.12989406, -22.53919789], [-45.13030575, -22.53919756], [-45.13034688, -22.53915928], [-45.13038802, -22.53912101], [-45.13047036, -22.53912094], [-45.1305115, -22.53908266], [-45.13059383, -22.53908259], [-45.13063497, -22.53904432], [-45.1307173, -22.53904425], [-45.13075844, -22.53900598], [-45.13079957, -22.5389677], [-45.13088192, -22.53896763], [-45.13096421, -22.53892932], [-45.13104652, -22.538891], [-45.13133471, -22.53889077], [-45.13137584, -22.53885249], [-45.13141697, -22.53881422], [-45.13141687, -22.53869949], [-45.13145797, -22.53862297], [-45.1314579, -22.53854648], [-45.13149895, -22.53843171], [-45.13154005, -22.5383552], [-45.13153998, -22.5382787], [-45.13158112, -22.53824043], [-45.13162224, -22.53820215], [-45.13219862, -22.53820167], [-45.13232217, -22.53823982], [-45.13236337, -22.53827803], [-45.13248691, -22.53831617], [-45.13256925, -22.5383161], [-45.13261046, -22.53835432], [-45.13269284, -22.53839249], [-45.13277518, -22.53839242], [-45.13281638, -22.53843063], [-45.13285758, -22.53846884], [-45.1328988, -22.53850705], [-45.13294004, -22.53858351], [-45.13298124, -22.53862171], [-45.13302245, -22.53865993], [-45.13302253, -22.53873641], [-45.13306373, -22.53877462], [-45.13314614, -22.53885104], [-45.13318738, -22.5389275], [-45.13322859, -22.5389657], [-45.13322866, -22.53904219], [-45.133311, -22.53904212], [-45.13335221, -22.53908033], [-45.13339342, -22.53911855], [-45.13347586, -22.53923321], [-45.13351708, -22.53927142], [-45.13355828, -22.53930962], [-45.13359948, -22.53934784], [-45.13364069, -22.53938604], [-45.1336819, -22.53942425], [-45.1337231, -22.53946247], [-45.13376431, -22.53950067], [-45.13380552, -22.53953888], [-45.13384672, -22.5395771], [-45.1339291, -22.53961527], [-45.1339703, -22.53965347], [-45.13401152, -22.53969169], [-45.13405272, -22.5397299], [-45.13409393, -22.5397681], [-45.13413518, -22.53984456], [-45.13417638, -22.53988276], [-45.13421762, -22.53995922], [-45.13425883, -22.53999743], [-45.13434118, -22.53999736], [-45.13442358, -22.54007378], [-45.1344648, -22.54011199], [-45.134506, -22.5401502], [-45.1345472, -22.54018841], [-45.13458842, -22.54022662], [-45.13462962, -22.54026483], [-45.13467086, -22.54034128], [-45.13471208, -22.54037949], [-45.13475328, -22.5404177], [-45.13483562, -22.54041763], [-45.134918, -22.54045581], [-45.13495925, -22.54053226], [-45.13500049, -22.54060871], [-45.13508283, -22.54060864], [-45.1351652, -22.54064681], [-45.13520642, -22.54068503], [-45.13521092, -22.54068735], [-45.13521896, -22.54068964], [-45.13522173, -22.54068648], [-45.1352242, -22.54068304], [-45.13522429, -22.54067663], [-45.13522414, -22.54067189], [-45.13522425, -22.54066715], [-45.13522463, -22.54066243], [-45.13522528, -22.54065773], [-45.13524408, -22.54054479], [-45.13524497, -22.54054021], [-45.13524611, -22.54053567], [-45.13524752, -22.5405312], [-45.13524916, -22.5405268], [-45.13525104, -22.54052249], [-45.13525317, -22.54051827], [-45.13530171, -22.54042789], [-45.13530367, -22.54042441], [-45.13531715, -22.54040181], [-45.13532021, -22.54039705], [-45.13538923, -22.54029649], [-45.13541146, -22.5402136], [-45.13540071, -22.5401245], [-45.13536877, -22.54002217], [-45.13532501, -22.53991236], [-45.13532328, -22.53990763], [-45.13529515, -22.53982296], [-45.13529375, -22.5398183], [-45.13528784, -22.53979645], [-45.13524044, -22.53968964], [-45.13523855, -22.53968502], [-45.13523693, -22.5396803], [-45.13520178, -22.53956741], [-45.13520046, -22.53956271], [-45.13519942, -22.53955795], [-45.13519865, -22.53955315], [-45.13519817, -22.53954832], [-45.13519796, -22.53954347], [-45.13519803, -22.53953861], [-45.13520302, -22.53942568], [-45.13520332, -22.5394214], [-45.13520384, -22.53941713], [-45.13520457, -22.53941289], [-45.13522566, -22.53930739], [-45.13522725, -22.53921737], [-45.13519441, -22.53912524], [-45.13518182, -22.53910189], [-45.13512792, -22.53902885], [-45.1350653, -22.538944], [-45.13504841, -22.53892352], [-45.13495608, -22.53883255], [-45.1349424, -22.53882225], [-45.13493859, -22.53881923], [-45.13493496, -22.53881602], [-45.1348382, -22.53872632], [-45.13481839, -22.5387136], [-45.1348137, -22.53871038], [-45.13480921, -22.53870692], [-45.13480497, -22.53870321], [-45.13471236, -22.53861734], [-45.13468408, -22.53859403], [-45.13467965, -22.53859014], [-45.13467549, -22.538586], [-45.13458636, -22.53849155], [-45.13457127, -22.53847756], [-45.13456768, -22.53847404], [-45.1345643, -22.53847035], [-45.13456114, -22.53846651], [-45.13455819, -22.53846251], [-45.1345555, -22.53845836], [-45.13455303, -22.53845409], [-45.13455082, -22.5384497], [-45.13454887, -22.53844521], [-45.13454717, -22.53844064], [-45.13454575, -22.53843598], [-45.1345446, -22.53843125], [-45.13454372, -22.53842647], [-45.13452624, -22.53831356], [-45.13452563, -22.53830866], [-45.13452531, -22.53830373], [-45.13452527, -22.53829879], [-45.13452553, -22.53829385], [-45.13452608, -22.53828895], [-45.13452691, -22.53828407], [-45.13452803, -22.53827924], [-45.13452944, -22.53827447], [-45.13453113, -22.53826979], [-45.13453308, -22.5382652], [-45.13456774, -22.53818988], [-45.13457014, -22.53818506], [-45.13459036, -22.53814741], [-45.13459323, -22.53814247], [-45.13459642, -22.5381377], [-45.13467735, -22.5380247], [-45.13468034, -22.53802076], [-45.13468355, -22.53801697], [-45.13470379, -22.53799437], [-45.13478474, -22.53790397], [-45.13482522, -22.53785876], [-45.13482845, -22.53785534], [-45.13483185, -22.53785208], [-45.13483543, -22.53784897], [-45.13483917, -22.53784604], [-45.13492064, -22.53778538], [-45.13494359, -22.53775689], [-45.1350043, -22.53768156], [-45.135062, -22.53760996], [-45.1350837, -22.5375763], [-45.13508602, -22.53757287], [-45.1350885, -22.53756955], [-45.13509114, -22.53756634], [-45.1351842, -22.53745808], [-45.13525367, -22.53735031], [-45.1353003, -22.53727796], [-45.13531886, -22.53724341], [-45.13537953, -22.53713043], [-45.1354177, -22.53705936], [-45.13543107, -22.53702614], [-45.13543319, -22.5370213], [-45.13543562, -22.53701657], [-45.13543833, -22.53701199], [-45.13550985, -22.53689901], [-45.13551289, -22.53689451], [-45.13551621, -22.5368902], [-45.13551979, -22.53688607], [-45.13555448, -22.5368484], [-45.13562387, -22.53677306], [-45.13562894, -22.53676797], [-45.13568099, -22.53671953], [-45.13568488, -22.5367161], [-45.13568896, -22.53671289], [-45.13569323, -22.53670988], [-45.13579041, -22.53664528], [-45.13579539, -22.53664217], [-45.13581969, -22.53662803], [-45.13582186, -22.53662681], [-45.13594335, -22.53656017], [-45.1359488, -22.5365574], [-45.13595442, -22.53655495], [-45.13602936, -22.53652504], [-45.1360642, -22.53650558], [-45.1361857, -22.53643772], [-45.13621593, -22.53642083], [-45.13628844, -22.53635336], [-45.13632893, -22.53631568], [-45.1364099, -22.53624033], [-45.13641352, -22.53623712], [-45.13641733, -22.53623409], [-45.13642129, -22.53623124], [-45.1364254, -22.53622859], [-45.13642966, -22.53622614], [-45.13643406, -22.5362239], [-45.13643857, -22.53622187], [-45.13644317, -22.53622006], [-45.13644789, -22.53621847], [-45.1365667, -22.53618157], [-45.13668556, -22.53613728], [-45.13669113, -22.53613539], [-45.13669682, -22.53613381], [-45.13670261, -22.53613256], [-45.13682415, -22.53610987], [-45.13682887, -22.5361091], [-45.13683364, -22.53610855], [-45.13683842, -22.53610822], [-45.13684321, -22.5361081], [-45.13696478, -22.536108], [-45.13696962, -22.5361081], [-45.13697445, -22.53610844], [-45.13709573, -22.53611961], [-45.13709571, -22.53609417], [-45.13705451, -22.53605596], [-45.13701326, -22.53597951], [-45.13697201, -22.53590306], [-45.13693081, -22.53586485], [-45.13688961, -22.53582664], [-45.13684839, -22.53578843], [-45.13684824, -22.53563545], [-45.13680704, -22.53559725], [-45.13680681, -22.53536778], [-45.13687437, -22.53536773], [-45.13401236, -22.53390643], [-45.13399816, -22.53380813], [-45.13399667, -22.53377523], [-45.13400264, -22.5336623], [-45.13400817, -22.5336275], [-45.13403845, -22.53351455], [-45.13405951, -22.53346664], [-45.13409433, -22.53342625], [-45.13414004, -22.53339668], [-45.13418512, -22.5333757], [-45.13429257, -22.53330069], [-45.13432228, -22.5332836], [-45.13433701, -22.53327744], [-45.13443177, -22.53324213], [-45.13449198, -22.53319731], [-45.13451474, -22.53317614], [-45.13453555, -22.53315933], [-45.13463729, -22.53308831], [-45.13468949, -22.53302759], [-45.13469024, -22.53302411], [-45.13466174, -22.53297788], [-45.1346153, -22.53291761], [-45.13458053, -22.53287247], [-45.13455457, -22.53282552], [-45.13451421, -22.53271534], [-45.1344696, -22.53260513], [-45.13445868, -22.53256411], [-45.13444338, -22.5324512], [-45.13444638, -22.53238987], [-45.13447132, -22.53233301], [-45.1344865, -22.53231041], [-45.134502, -22.53229048], [-45.13458294, -22.53220008], [-45.13459482, -22.53218798], [-45.13463003, -22.53215521], [-45.13467521, -22.53210615], [-45.13469405, -22.5320652], [-45.13468714, -22.53202048], [-45.13466498, -22.53196301], [-45.13457426, -22.53187889], [-45.13456237, -22.53186681], [-45.13450152, -22.53179911], [-45.13448598, -22.53177921], [-45.13445555, -22.53173407], [-45.1344295, -22.53167281], [-45.13440575, -22.53155991], [-45.13440214, -22.53152543], [-45.13440203, -22.5314125], [-45.13440222, -22.53140448], [-45.13440752, -22.53129155], [-45.13441031, -22.53126794], [-45.1344307, -22.53116081], [-45.13444339, -22.53105374], [-45.13445562, -22.53095075], [-45.13445553, -22.53086067], [-45.13444282, -22.53077852], [-45.13440987, -22.53069307], [-45.13435424, -22.53058995], [-45.13429335, -22.53047707], [-45.13423246, -22.5303642], [-45.13422583, -22.53035051], [-45.1341771, -22.53023763], [-45.13416693, -22.53020596], [-45.13414915, -22.53012374], [-45.13412299, -22.53008331], [-45.13411342, -22.53007148], [-45.13404148, -22.53001811], [-45.13401355, -22.52999272], [-45.13397298, -22.52994759], [-45.13396055, -22.52993215], [-45.13387941, -22.52981929], [-45.13379826, -22.52970644], [-45.13377553, -22.52966336], [-45.1337349, -22.52955047], [-45.13372585, -22.52951133], [-45.13372568, -22.52950971], [-45.13371453, -22.52939679], [-45.13371372, -22.52938043], [-45.13371361, -22.52926751], [-45.13371439, -22.52925115], [-45.13372533, -22.52913822], [-45.13372549, -22.5291366], [-45.13374124, -22.52908118], [-45.13379135, -22.52897618], [-45.13381797, -22.52890177], [-45.13381626, -22.5288465], [-45.13378559, -22.52875812], [-45.13377818, -22.52872838], [-45.1337626, -22.52862769], [-45.13373259, -22.52853043], [-45.1336933, -22.52842126], [-45.13368988, -22.52841069], [-45.13366038, -22.52830827], [-45.13361899, -22.52821242], [-45.13356173, -22.52810627], [-45.13355357, -22.52808891], [-45.13350788, -22.52797602], [-45.13349264, -22.5279384], [-45.13349024, -22.5279321], [-45.13346316, -22.52785683], [-45.13345778, -22.5278389], [-45.13340355, -22.5276131], [-45.13340009, -22.52759386], [-45.13338764, -22.52749065], [-45.13336281, -22.52738728], [-45.13335966, -22.5273705], [-45.13334437, -22.52725759], [-45.13331523, -22.52704259], [-45.13328759, -22.52694027], [-45.13328682, -22.52693731], [-45.13325849, -22.52682441], [-45.1332554, -22.5268091], [-45.13323792, -22.52669619], [-45.13323594, -22.52667064], [-45.13323574, -22.52645763], [-45.13322087, -22.52636158], [-45.13320587, -22.52628874], [-45.13316337, -22.52622965], [-45.13307556, -22.52616449], [-45.13305265, -22.52615175], [-45.13299835, -22.52612659], [-45.13289863, -22.52610461], [-45.13288717, -22.52610175], [-45.13277022, -22.52606887], [-45.1327166, -22.52605646], [-45.13265831, -22.52604448], [-45.13263001, -22.52603652], [-45.13250842, -22.5259927], [-45.13247883, -22.52597926], [-45.13237748, -22.52592289], [-45.13235096, -22.52590516], [-45.13233068, -22.52588904], [-45.13231087, -22.52587085], [-45.13221961, -22.52577414], [-45.13220104, -22.52575093], [-45.13217379, -22.52571051], [-45.13212512, -22.52564733], [-45.13206494, -22.52556921], [-45.132052, -22.52555721], [-45.13203765, -22.52554233], [-45.1319403, -22.52542949], [-45.13193033, -22.52541685], [-45.13184919, -22.52530399], [-45.13183704, -22.52528457], [-45.13179644, -22.52520933], [-45.13177615, -22.5251717], [-45.13176193, -22.52513669], [-45.13172999, -22.52502379], [-45.13172411, -22.52499089], [-45.13171532, -22.52487797], [-45.13171481, -22.5248651], [-45.1317146, -22.52463925], [-45.13171608, -22.52461684], [-45.13173117, -22.5245039], [-45.13173189, -22.52449902], [-45.13174991, -22.52438876], [-45.13176171, -22.52429844], [-45.13175258, -22.52421429], [-45.1317327, -22.5241224], [-45.13169864, -22.52403224], [-45.13167916, -22.52399613], [-45.13165109, -22.52395709], [-45.13158227, -22.52388052], [-45.13147449, -22.52378054], [-45.13145249, -22.52376423], [-45.13143646, -22.52375092], [-45.1313148, -22.52363809], [-45.13129671, -22.52361875], [-45.13120544, -22.5235059], [-45.13117229, -22.52344135], [-45.131147, -22.52334769], [-45.13109567, -22.52325254], [-45.13106523, -22.5231961], [-45.1310586, -22.52318241], [-45.13103423, -22.52312597], [-45.13098551, -22.52301308], [-45.13093678, -22.5229002], [-45.13088805, -22.52278731], [-45.13088506, -22.5227799], [-45.13084241, -22.52266701], [-45.13083728, -22.52265115], [-45.13080861, -22.52254498], [-45.13077036, -22.52243866], [-45.13076032, -22.52238154], [-45.13076021, -22.52226861], [-45.13077014, -22.52221146], [-45.13081055, -22.52209852], [-45.13085747, -22.52202785], [-45.13097891, -22.52191483], [-45.13100853, -22.52189223], [-45.13102942, -22.52188094], [-45.13115092, -22.52182437], [-45.13126574, -22.52177093], [-45.13138082, -22.52170665], [-45.13144272, -22.52168435], [-45.13156425, -22.52166167], [-45.13168577, -22.52163899], [-45.13172391, -22.52163545], [-45.13184546, -22.52163535], [-45.131967, -22.52163525], [-45.13200514, -22.52163872], [-45.13210783, -22.52165772], [-45.13220689, -22.52165764], [-45.13231236, -22.52165428], [-45.13241814, -22.52163782], [-45.13251908, -22.52161897], [-45.13259726, -22.52158984], [-45.13263551, -22.52156137], [-45.13268784, -22.52152241], [-45.13274549, -22.52146876], [-45.13278206, -22.5214262], [-45.13280573, -22.52139315], [-45.1328412, -22.52130643], [-45.13287051, -22.52121077], [-45.13288886, -22.52110792], [-45.13290745, -22.52100377], [-45.13291439, -22.52090574], [-45.13291419, -22.52069938], [-45.13289801, -22.5205998], [-45.13289728, -22.52055083], [-45.13291073, -22.52050349], [-45.13296127, -22.52039053], [-45.13297894, -22.52035978], [-45.1330194, -22.52030328], [-45.13305248, -22.52026802], [-45.13309419, -22.52024183], [-45.13321568, -22.52018527], [-45.13330263, -22.52016613], [-45.13342418, -22.52016603], [-45.13349642, -22.52017889], [-45.13360717, -22.52021995], [-45.13371746, -22.52024717], [-45.13372886, -22.52025033], [-45.13385043, -22.52028787], [-45.13397203, -22.52032541], [-45.13409361, -22.52036296], [-45.1342152, -22.52040049], [-45.13424067, -22.52041027], [-45.13436227, -22.52046663], [-45.13439201, -22.52048367], [-45.13446506, -22.52053448], [-45.13449699, -22.52055224], [-45.13450099, -22.52055453], [-45.13461431, -22.52062107], [-45.13464605, -22.52063578], [-45.13471475, -22.52066762], [-45.13482323, -22.52070112], [-45.1348487, -22.5207109], [-45.13492978, -22.52074847], [-45.13494286, -22.52075513], [-45.1349834, -22.52077768], [-45.13500485, -22.52079152], [-45.13512647, -22.52088174], [-45.13514252, -22.52089506], [-45.13522606, -22.52097253], [-45.13529537, -22.52098856], [-45.135323, -22.52099704], [-45.13534849, -22.52100689], [-45.13535571, -22.5210024], [-45.13541629, -22.52092722], [-45.13543518, -22.52089204], [-45.13545643, -22.52084253], [-45.13547022, -22.52081666], [-45.13554304, -22.52070368], [-45.13556731, -22.52066601], [-45.13561585, -22.52059069], [-45.1356685, -22.52050901], [-45.13567829, -22.52044491], [-45.1356782, -22.52034482], [-45.1356816, -22.52031102], [-45.13570464, -22.52019807], [-45.1357338, -22.52013163], [-45.13581472, -22.52001864], [-45.13582467, -22.52000597], [-45.13583899, -22.51999108], [-45.13594203, -22.51989518], [-45.13599296, -22.51981219], [-45.13603573, -22.51971925], [-45.13606334, -22.51962918], [-45.13607872, -22.51952847], [-45.13608204, -22.51951217], [-45.13611087, -22.51939922], [-45.13611555, -22.51938392], [-45.13615595, -22.51927096], [-45.13615986, -22.51926099], [-45.13617365, -22.51923512], [-45.13624646, -22.51912214], [-45.13626135, -22.51910222], [-45.13630991, -22.51904571], [-45.13635031, -22.5189987], [-45.13641257, -22.5189021], [-45.1364624, -22.51880929], [-45.13649133, -22.51871942], [-45.13651374, -22.51861482], [-45.13653045, -22.51856943], [-45.13656684, -22.51852244], [-45.13666598, -22.51843017], [-45.13669206, -22.5183816], [-45.13669203, -22.51835397], [-45.13665171, -22.51827923], [-45.13663695, -22.51824227], [-45.13663491, -22.51823388], [-45.13661049, -22.51812097], [-45.13660693, -22.51809457], [-45.13660075, -22.51798165], [-45.13660049, -22.51797263], [-45.13660038, -22.5178597], [-45.1366032, -22.51782888], [-45.13662412, -22.51771594], [-45.13663913, -22.51767103], [-45.13664847, -22.5176522], [-45.1366632, -22.51762768], [-45.13672627, -22.5175396], [-45.13677639, -22.51745562], [-45.13680884, -22.51741558], [-45.13683313, -22.51739297], [-45.13684613, -22.51738191], [-45.13694329, -22.51730655], [-45.13697339, -22.51728321], [-45.13692706, -22.51728639], [-45.13686301, -22.51726996], [-45.13680866, -22.51723446], [-45.13676811, -22.51719685], [-45.1367259, -22.51713827], [-45.13671102, -22.51706914], [-45.13671091, -22.51695621], [-45.13672565, -22.51688705], [-45.13676774, -22.5168284], [-45.13679131, -22.51680647], [-45.13681148, -22.51677518], [-45.13683187, -22.5166906], [-45.13685663, -22.51663448], [-45.13690215, -22.51656668], [-45.13691765, -22.51654676], [-45.13695811, -22.51650156], [-45.1369908, -22.51647266], [-45.13707177, -22.51641612], [-45.13710147, -22.51639903], [-45.13719474, -22.51635561], [-45.13729388, -22.51626333], [-45.1373099, -22.51624999], [-45.13734439, -22.51622944], [-45.13746588, -22.51617287], [-45.13749134, -22.51616305], [-45.13761284, -22.51612531], [-45.13764237, -22.51611846], [-45.13776389, -22.51609954], [-45.13781814, -22.51609823], [-45.13787067, -22.51611089], [-45.13791738, -22.51613655], [-45.13803902, -22.51622679], [-45.13805506, -22.5162401], [-45.138068, -22.51625209], [-45.13814418, -22.51630255], [-45.13822684, -22.51634634], [-45.13825724, -22.51636245], [-45.13827126, -22.51637063], [-45.13839288, -22.5164485], [-45.13841992, -22.51646939], [-45.13844019, -22.5164882], [-45.13854157, -22.51658221], [-45.13855656, -22.51659612], [-45.13865226, -22.51667218], [-45.1386928, -22.51670441], [-45.1387739, -22.51676887], [-45.1388258, -22.51681012], [-45.1388694, -22.51683708], [-45.13898318, -22.51689421], [-45.13899363, -22.51689985], [-45.13901011, -22.5169094], [-45.1390902, -22.51694652], [-45.13920246, -22.51698581], [-45.13921272, -22.51698972], [-45.13927352, -22.51701476], [-45.13933117, -22.51703851], [-45.13943829, -22.51707848], [-45.13951037, -22.51709609], [-45.13954351, -22.51709178], [-45.13962482, -22.51703502], [-45.13962504, -22.51703528], [-45.13963363, -22.51702922], [-45.13974387, -22.5169608], [-45.13977932, -22.51693146], [-45.13985523, -22.51686865], [-45.13991595, -22.51681842], [-45.13992366, -22.51681237], [-45.13998438, -22.51676715], [-45.13999434, -22.5167602], [-45.14008451, -22.51670144], [-45.14008526, -22.51670075], [-45.14014877, -22.51663317], [-45.14016669, -22.51658867], [-45.14018016, -22.51655521], [-45.14021741, -22.51644652], [-45.14022566, -22.51642659], [-45.14028092, -22.51631362], [-45.14029112, -22.51629555], [-45.1403012, -22.5162799], [-45.14035136, -22.51619429], [-45.1404047, -22.51608676], [-45.14042562, -22.51605413], [-45.14043574, -22.51604158], [-45.14045379, -22.51602221], [-45.14056172, -22.51592174], [-45.14056914, -22.51591519], [-45.14058263, -22.51590389], [-45.14066161, -22.51583771], [-45.14067374, -22.51579626], [-45.14067692, -22.51570945], [-45.14067426, -22.51560167], [-45.14067425, -22.51559373], [-45.14067669, -22.51548595], [-45.14067301, -22.51539047], [-45.14065461, -22.51529204], [-45.14064289, -22.51523792], [-45.14063068, -22.51518147], [-45.14060709, -22.51507241], [-45.14057815, -22.51496331], [-45.14057265, -22.51492708], [-45.14056793, -22.51481416], [-45.1405704, -22.51477762], [-45.14059055, -22.51466467], [-45.14059427, -22.51464844], [-45.1406261, -22.51453549], [-45.14063265, -22.51451655], [-45.14065131, -22.51447137], [-45.14065329, -22.51446674], [-45.14068361, -22.51439896], [-45.14070129, -22.51436821], [-45.1407755, -22.51426458], [-45.1407802, -22.51425581], [-45.14078341, -22.5142501], [-45.14083547, -22.51416122], [-45.14088115, -22.51406916], [-45.14088638, -22.51404963], [-45.1408929, -22.51402327], [-45.14089023, -22.51401525], [-45.14087649, -22.51397705], [-45.14081727, -22.51387913], [-45.14081618, -22.5138773], [-45.14078297, -22.51382087], [-45.14077712, -22.51381007], [-45.14074901, -22.51375363], [-45.14074099, -22.51373481], [-45.14070055, -22.51362192], [-45.14069645, -22.51360886], [-45.14064308, -22.51341129], [-45.14064144, -22.51340469], [-45.14063595, -22.5133806], [-45.14060565, -22.51327268], [-45.14057621, -22.51317206], [-45.14053034, -22.51307005], [-45.14051684, -22.51302298], [-45.1405159, -22.51301443], [-45.14050644, -22.51290151], [-45.1405144, -22.51283451], [-45.14052371, -22.51280627], [-45.14055768, -22.51274651], [-45.14062235, -22.51267124], [-45.14066417, -22.51260635], [-45.14068962, -22.512576], [-45.14069317, -22.51255608], [-45.14067252, -22.51247963], [-45.14064384, -22.51237347], [-45.14060558, -22.51226715], [-45.14059554, -22.51221003], [-45.14059543, -22.5120971], [-45.14061016, -22.51202794], [-45.14065226, -22.5119693], [-45.14069273, -22.51193162], [-45.14074122, -22.51189868], [-45.14079822, -22.51188106], [-45.14091974, -22.51186214], [-45.14095171, -22.51185965], [-45.14107325, -22.51185954], [-45.14112042, -22.5118649], [-45.14119748, -22.51188272], [-45.14100979, -22.51109345], [-45.1407995, -22.51067355], [-45.14073833, -22.51039105], [-45.14059307, -22.50989667], [-45.14037137, -22.50948704], [-45.14003498, -22.50893615], [-45.13982858, -22.50835702], [-45.13968331, -22.5080957], [-45.1393928, -22.50778494], [-45.13950748, -22.50745299], [-45.13956864, -22.50710692], [-45.13956864, -22.50664078], [-45.13951512, -22.50625939], [-45.13946575, -22.50523838], [-45.13924755, -22.5042041], [-45.13915581, -22.50397102], [-45.13899526, -22.50360376], [-45.13887294, -22.50336361], [-45.13868946, -22.50291865], [-45.13874298, -22.50240305], [-45.13877355, -22.5019934], [-45.13851697, -22.50132709], [-45.1383005, -22.50132307], [-45.13814521, -22.5013202], [-45.13809138, -22.50132248], [-45.13803129, -22.50132505], [-45.13793375, -22.50133657], [-45.13788777, -22.50134246], [-45.13784887, -22.50134744], [-45.13739021, -22.50152192], [-45.13667778, -22.50179293], [-45.13664364, -22.5018039], [-45.13661702, -22.50181245], [-45.136554, -22.50184367], [-45.13648162, -22.50189451], [-45.13645902, -22.50191037], [-45.13634812, -22.50200931], [-45.13622443, -22.50211966], [-45.1362167, -22.50212524], [-45.13615019, -22.50217323], [-45.13612508, -22.50218056], [-45.1360924, -22.5021901], [-45.13605346, -22.50219665], [-45.13600157, -22.50220537], [-45.13595179, -22.50220873], [-45.1359402, -22.50220952], [-45.13588585, -22.50220477], [-45.13587097, -22.50220105], [-45.13583848, -22.50219294], [-45.13581143, -22.50218423], [-45.1357603, -22.50216781], [-45.13553445, -22.50206045], [-45.1353228, -22.50195984], [-45.13525004, -22.50192533], [-45.13515741, -22.50188138], [-45.135093, -22.50185021], [-45.13504995, -22.5018204], [-45.13497848, -22.50175925], [-45.13473482, -22.50153908], [-45.13462464, -22.50143013], [-45.13454413, -22.50134079], [-45.13448936, -22.50124813], [-45.13445163, -22.50118432], [-45.13442717, -22.50114779], [-45.13440376, -22.50111282], [-45.13435657, -22.5010374], [-45.13425768, -22.50087933], [-45.13423364, -22.50085394], [-45.13420268, -22.50082124], [-45.1341674, -22.50079158], [-45.13413577, -22.50077285], [-45.13403191, -22.50071376], [-45.13397747, -22.50068278], [-45.13393325, -22.50066107], [-45.13388711, -22.50063842], [-45.13382297, -22.50059641], [-45.13371691, -22.50050169], [-45.13356497, -22.50036599], [-45.13272713, -22.49947338], [-45.1317808, -22.4985366], [-45.13067454, -22.49775161], [-45.13027308, -22.49752341], [-45.12965281, -22.49717083], [-45.12858365, -22.49679884], [-45.12858325, -22.4967987], [-45.12711139, -22.49661245], [-45.12693631, -22.49660902], [-45.12510594, -22.49657315], [-45.1235176, -22.49657872], [-45.12306894, -22.49663402], [-45.12302887, -22.49663897], [-45.12180813, -22.49695685], [-45.12178584, -22.49696264], [-45.12177328, -22.49695267], [-45.12173908, -22.49692551], [-45.1216282, -22.49688614], [-45.12143751, -22.49680893], [-45.12133687, -22.49678297], [-45.12122777, -22.49675483], [-45.12095523, -22.49668405], [-45.12085353, -22.49665016], [-45.12073526, -22.49661075], [-45.12061764, -22.49654712], [-45.12046935, -22.4964669], [-45.1203591, -22.49640132], [-45.12034114, -22.49638808], [-45.12029604, -22.49635481], [-45.12023895, -22.49630301], [-45.12003508, -22.49613605], [-45.11985273, -22.49598673], [-45.11973567, -22.49590157], [-45.11961095, -22.49581085], [-45.11950877, -22.49572901], [-45.11942207, -22.49565958], [-45.11933001, -22.49556547], [-45.11894816, -22.4953505], [-45.11880181, -22.49528958], [-45.11849531, -22.49509518], [-45.11838326, -22.49503102], [-45.11829868, -22.4949826], [-45.1180656, -22.49483822], [-45.11784261, -22.49470009], [-45.11769687, -22.49460148], [-45.11759862, -22.49453501], [-45.11745874, -22.49440826], [-45.11741346, -22.49436462], [-45.11734945, -22.49430294], [-45.11725332, -22.49421688], [-45.11717356, -22.49413467], [-45.117111, -22.4940702], [-45.11702841, -22.49398713], [-45.11697397, -22.49394621], [-45.11689275, -22.49385443], [-45.11675722, -22.49370127], [-45.11666962, -22.49360948], [-45.11663488, -22.49357308], [-45.11652571, -22.49350301], [-45.11640098, -22.49344599], [-45.11629775, -22.49339881], [-45.11624442, -22.49338522], [-45.11617789, -22.49336827], [-45.11606958, -22.49334341], [-45.11526341, -22.49334002], [-45.11509289, -22.49334747], [-45.11494212, -22.49335405], [-45.11429479, -22.49337841], [-45.11378803, -22.49346084], [-45.11335801, -22.49354669], [-45.11314725, -22.49357479], [-45.11310619, -22.49357842], [-45.11282465, -22.49360325], [-45.11262827, -22.49360518], [-45.11259021, -22.49360556], [-45.11230021, -22.49357325], [-45.11203395, -22.49351917], [-45.11199246, -22.49351074], [-45.11150507, -22.49335679], [-45.11132444, -22.49330072], [-45.11119908, -22.49326179], [-45.11077119, -22.4930612], [-45.11056815, -22.49293877], [-45.11026799, -22.49275779], [-45.11011126, -22.49265328], [-45.11010148, -22.49264675], [-45.11003451, -22.49260456], [-45.1100258, -22.49259907], [-45.10991334, -22.49254519], [-45.10971551, -22.49248138], [-45.10926139, -22.49243928], [-45.10854352, -22.49204265], [-45.10850809, -22.49202307], [-45.10778335, -22.49171229], [-45.10737529, -22.49150919], [-45.1072885, -22.49146599], [-45.10687067, -22.49133156], [-45.10639894, -22.49129361], [-45.10635806, -22.49129061], [-45.10626109, -22.49128348], [-45.1059426, -22.49130298], [-45.10578489, -22.4912839], [-45.10561678, -22.49126358], [-45.10517166, -22.49121171], [-45.10508695, -22.4911852], [-45.10508189, -22.49118361], [-45.10502558, -22.49117257], [-45.1047257, -22.49111375], [-45.1043679, -22.49095076], [-45.10406295, -22.49078854], [-45.10321103, -22.49033533], [-45.10284253, -22.49005282], [-45.10278027, -22.49000653], [-45.10270117, -22.48994772], [-45.10250461, -22.48973325], [-45.10231941, -22.48953118], [-45.10213486, -22.48932304], [-45.10203327, -22.48918172], [-45.10190009, -22.48905649], [-45.10183173, -22.4889922], [-45.10161674, -22.48885122], [-45.10142876, -22.48872794], [-45.10110001, -22.48853032], [-45.10106097, -22.48851703], [-45.10084249, -22.48844265], [-45.10038573, -22.48821226], [-45.10007395, -22.48805499], [-45.09968503, -22.48769342], [-45.09930475, -22.48729679], [-45.09869314, -22.48639277], [-45.09855482, -22.48618833], [-45.09847706, -22.4860784], [-45.09816284, -22.4856342], [-45.0980525, -22.48551612], [-45.09796382, -22.48542123], [-45.09783912, -22.48526295], [-45.09782046, -22.48523926], [-45.09764569, -22.48510814], [-45.09759285, -22.48506475], [-45.09752367, -22.48500796], [-45.09734376, -22.48488848], [-45.09703176, -22.48468307], [-45.09676588, -22.48452576], [-45.09673554, -22.48450781], [-45.09669538, -22.48449672], [-45.09658679, -22.48446671], [-45.09644089, -22.48441385], [-45.09630339, -22.48436402], [-45.09618001, -22.48433037], [-45.09607346, -22.48430132], [-45.09588706, -22.48425272], [-45.09564345, -22.48418921], [-45.09533479, -22.48416552], [-45.09507327, -22.4841618], [-45.09500682, -22.48417484], [-45.09492647, -22.48419914], [-45.09485594, -22.48422045], [-45.09469099, -22.48428925], [-45.09458576, -22.48433313], [-45.09437499, -22.48436212], [-45.09429512, -22.48436676], [-45.09421527, -22.48437139], [-45.09399235, -22.48434047], [-45.09387247, -22.48431172], [-45.09369184, -22.48422205], [-45.0932384, -22.4838356], [-45.09308315, -22.48370218], [-45.09295771, -22.48359071], [-45.09290707, -22.48354572], [-45.09263411, -22.48341433], [-45.09239525, -22.48337731], [-45.09195206, -22.48330862], [-45.09149867, -22.48323847], [-45.09147843, -22.48323015], [-45.09116265, -22.48310033], [-45.09080977, -22.4829365], [-45.09064211, -22.48283355], [-45.09051753, -22.48275274], [-45.09048799, -22.48273358], [-45.09043707, -22.48272227], [-45.09033517, -22.48269962], [-45.09028231, -22.4826741], [-45.09017504, -22.48264767], [-45.09006964, -22.4826217], [-45.08992151, -22.48262967], [-45.08972006, -22.48264051], [-45.08954624, -22.48265723], [-45.08934283, -22.4826768], [-45.08920401, -22.48272662], [-45.08912404, -22.48275531], [-45.08882026, -22.48291266], [-45.08847197, -22.48309305], [-45.08833265, -22.48316966], [-45.08824721, -22.48321663], [-45.08816991, -22.48326326], [-45.08805473, -22.48333275], [-45.08698469, -22.48390021], [-45.08685198, -22.48395795], [-45.08663531, -22.48402927], [-45.08651525, -22.48408376], [-45.0863157, -22.48417433], [-45.0861662, -22.48428231], [-45.08611873, -22.48431617], [-45.08603456, -22.48437623], [-45.08587544, -22.4844675], [-45.0857702, -22.48452787], [-45.08559481, -22.48459554], [-45.08527734, -22.48471805], [-45.0847749, -22.48506076], [-45.08470143, -22.48512579], [-45.08444585, -22.48535202], [-45.08428229, -22.48553164], [-45.08403008, -22.48580863], [-45.08356292, -22.48621895], [-45.08340702, -22.48627077], [-45.08283818, -22.48622798], [-45.08254922, -22.4861143], [-45.08247016, -22.4860841], [-45.0822862, -22.48601383], [-45.08198809, -22.48591622], [-45.08186287, -22.48585193], [-45.08180082, -22.48582007], [-45.08171648, -22.48576948], [-45.0814974, -22.4856618], [-45.08147384, -22.48565023], [-45.08139362, -22.4856108], [-45.08129322, -22.48558065], [-45.08115902, -22.48554075], [-45.08113295, -22.48552725], [-45.08112445, -22.48552284], [-45.08106884, -22.48549093], [-45.08042475, -22.48506729], [-45.0803348, -22.48500812], [-45.07986174, -22.48451096], [-45.07970707, -22.48433056], [-45.07950818, -22.48409857], [-45.07945348, -22.48400656], [-45.0793765, -22.48387707], [-45.07905711, -22.48353866], [-45.07902487, -22.48350449], [-45.07873591, -22.48324209], [-45.07846744, -22.48299831], [-45.07844276, -22.48296796], [-45.07709216, -22.48130711], [-45.07694849, -22.48115115], [-45.07675591, -22.48094208], [-45.07627361, -22.48058479], [-45.07606121, -22.4804249], [-45.07568929, -22.4801449], [-45.07519388, -22.47984608], [-45.07503333, -22.47977127], [-45.074321, -22.47947505], [-45.07425449, -22.47945341], [-45.07413674, -22.4794151], [-45.07400414, -22.47932247], [-45.07394458, -22.47928087], [-45.07302137, -22.47861598], [-45.07279893, -22.47845578], [-45.07210001, -22.47789234], [-45.07208666, -22.47788444], [-45.07155753, -22.47757081], [-45.07128799, -22.47741378], [-45.07122103, -22.47737476], [-45.07085177, -22.47720603], [-45.0707489, -22.47717916], [-45.07059573, -22.47713913], [-45.07027472, -22.47714314], [-45.06982133, -22.47727085], [-45.06961641, -22.47737855], [-45.06954432, -22.47740237], [-45.06946737, -22.47742779], [-45.06920973, -22.47744836], [-45.06899383, -22.4774656], [-45.06859448, -22.47745257], [-45.06833411, -22.47744437], [-45.06832921, -22.47744421], [-45.06822246, -22.47742705], [-45.067688, -22.47734108], [-45.06756807, -22.47730817], [-45.067263, -22.47722447], [-45.06700829, -22.47715146], [-45.06675895, -22.47707997], [-45.06635868, -22.47695508], [-45.06632373, -22.47694417], [-45.06603907, -22.47681519], [-45.06526367, -22.47643626], [-45.0645933, -22.47602027], [-45.06396208, -22.47562856], [-45.06388205, -22.47556074], [-45.06364489, -22.47535972], [-45.06350402, -22.47520631], [-45.06342141, -22.47511636], [-45.06335547, -22.47503], [-45.0631742, -22.47473151], [-45.06284137, -22.47407281], [-45.0626747, -22.47386253], [-45.06252074, -22.47366832], [-45.06234841, -22.47349198], [-45.06229976, -22.47344219], [-45.06189272, -22.47315063], [-45.06140352, -22.4728781], [-45.06129479, -22.47280634], [-45.06119972, -22.4727436], [-45.06069721, -22.47233569], [-45.06036846, -22.47206883], [-45.06032388, -22.47204617], [-45.06023114, -22.47199902], [-45.06002579, -22.4719337], [-45.05968601, -22.47182561], [-45.05953203, -22.47176086], [-45.05933031, -22.47165032], [-45.05913387, -22.47154269], [-45.05899936, -22.47144133], [-45.05899068, -22.4714348], [-45.05898503, -22.4714308], [-45.05863994, -22.4711869], [-45.05847432, -22.47109768], [-45.05828009, -22.47099305], [-45.05789144, -22.47084379], [-45.05766458, -22.47075667], [-45.05743459, -22.4707059], [-45.05673518, -22.47055153], [-45.05635661, -22.47045008], [-45.05623672, -22.47041796], [-45.05606172, -22.47036421], [-45.05572427, -22.47026059], [-45.05523705, -22.4701842], [-45.05479584, -22.47017386], [-45.05451072, -22.47015618], [-45.05428417, -22.47014212], [-45.05410886, -22.47012519], [-45.05394756, -22.47010962], [-45.05325667, -22.46993306], [-45.05301257, -22.46989519], [-45.05298641, -22.46989112], [-45.0529459, -22.4698869], [-45.0528448, -22.46987634], [-45.05270271, -22.46988144], [-45.05241961, -22.46992599], [-45.0522887, -22.46995029], [-45.0521746, -22.46998412], [-45.0519674, -22.47004554], [-45.05157679, -22.47003356], [-45.05156361, -22.47003162], [-45.05150509, -22.47002299], [-45.05130497, -22.46998326], [-45.05102031, -22.46992675], [-45.05058532, -22.46987677], [-45.05039198, -22.46985455], [-45.05030472, -22.46985268], [-45.05021607, -22.46985078], [-45.04996422, -22.46985081], [-45.04984739, -22.46985644], [-45.04912812, -22.46996213], [-45.049061, -22.46997089], [-45.04900325, -22.46997843], [-45.04891466, -22.46997525], [-45.04887889, -22.46997396], [-45.04886417, -22.46997089], [-45.04882568, -22.46996288], [-45.04859742, -22.46993647], [-45.0485668, -22.46993293], [-45.04806962, -22.46978761], [-45.04774216, -22.4695487], [-45.04761786, -22.469458], [-45.04756932, -22.46943118], [-45.04730995, -22.46928782], [-45.0469433, -22.46917242], [-45.04677277, -22.46914798], [-45.04649076, -22.46914826], [-45.04607179, -22.46922151], [-45.04583882, -22.46924453], [-45.04569181, -22.46925131], [-45.04555055, -22.46922298], [-45.04475934, -22.46901441], [-45.04451829, -22.46895688], [-45.04429341, -22.46890319], [-45.04415237, -22.46888532], [-45.04405302, -22.46887273], [-45.04390936, -22.46886242], [-45.0435697, -22.46887775], [-45.04346156, -22.46888263], [-45.04324772, -22.46895757], [-45.04313666, -22.4690244], [-45.04289826, -22.46916787], [-45.04283816, -22.46924188], [-45.04276986, -22.46932598], [-45.04262037, -22.46941163], [-45.04256765, -22.46944184], [-45.04249489, -22.46946994], [-45.04249008, -22.4694718], [-45.0424607, -22.46947966], [-45.04239317, -22.46949774], [-45.04224793, -22.46951892], [-45.04209063, -22.46954185], [-45.04202829, -22.46954214], [-45.04184751, -22.46954296], [-45.04171104, -22.46955629], [-45.04140953, -22.46955886], [-45.04128061, -22.46954253], [-45.0411756, -22.46952572], [-45.0410656, -22.46950809], [-45.04081295, -22.46943043], [-45.04072109, -22.46940218], [-45.04063365, -22.46936239], [-45.04041051, -22.46926085], [-45.03984556, -22.46890891], [-45.0393886, -22.46859362], [-45.03912255, -22.46842162], [-45.03888272, -22.46821221], [-45.03848116, -22.46782039], [-45.03845688, -22.46779649], [-45.03798191, -22.46732887], [-45.0378604, -22.46719274], [-45.0377615, -22.46708193], [-45.03746076, -22.46674107], [-45.03734438, -22.46664867], [-45.03727005, -22.46658966], [-45.03713758, -22.46648198], [-45.03701059, -22.46641951], [-45.03696274, -22.46639598], [-45.03681624, -22.46634403], [-45.03629063, -22.46620891], [-45.03583259, -22.46613308], [-45.03556379, -22.46611103], [-45.03525401, -22.46611538], [-45.03513191, -22.4661171], [-45.03505427, -22.46610906], [-45.03494472, -22.46609771], [-45.03487432, -22.46608067], [-45.03477268, -22.46605605], [-45.03461882, -22.46597651], [-45.03449907, -22.4659146], [-45.03442234, -22.4658568], [-45.03441508, -22.46585134], [-45.03437246, -22.46582147], [-45.03381778, -22.4654327], [-45.03381288, -22.46542304], [-45.03381036, -22.46541808], [-45.03354494, -22.46518282], [-45.03240991, -22.46437483], [-45.03220146, -22.46419594], [-45.0317121, -22.46377598], [-45.03165058, -22.46371571], [-45.03156118, -22.46362814], [-45.03141094, -22.4635309], [-45.03131843, -22.46349033], [-45.03121377, -22.46344442], [-45.03101112, -22.46334335], [-45.03081517, -22.46324695], [-45.03079764, -22.46324274], [-45.03064602, -22.46320625], [-45.0304804, -22.46318009], [-45.0303009, -22.46316448], [-45.03023218, -22.46316693], [-45.02987463, -22.46317969], [-45.02972181, -22.46318634], [-45.0294747, -22.46316598], [-45.02924634, -22.46314717], [-45.02891949, -22.46305142], [-45.02881678, -22.46302133], [-45.02876945, -22.46300658], [-45.02861416, -22.46295821], [-45.02838953, -22.46291993], [-45.0282562, -22.46291975], [-45.02794032, -22.46291929], [-45.0277476, -22.46291254], [-45.02753812, -22.46290519], [-45.0273832, -22.46290625], [-45.02728332, -22.46290693], [-45.02702676, -22.46294026], [-45.02681661, -22.46298627], [-45.02666599, -22.46301924], [-45.02635849, -22.46314545], [-45.02588181, -22.46338822], [-45.02571073, -22.46350292], [-45.02565637, -22.4635324], [-45.02551358, -22.46360983], [-45.02543156, -22.4636898], [-45.02541292, -22.46370797], [-45.02524752, -22.46386798], [-45.02511023, -22.46403131], [-45.02506611, -22.46409411], [-45.02506082, -22.46410164], [-45.02501145, -22.46417106], [-45.02497913, -22.46421319], [-45.02493506, -22.46427063], [-45.02489585, -22.46436107], [-45.02488411, -22.46438983], [-45.0248772, -22.46440676], [-45.02486439, -22.46445257], [-45.02486473, -22.46453136], [-45.02486482, -22.46455199], [-45.02486487, -22.46478335], [-45.02487496, -22.46500227], [-45.02488234, -22.46513529], [-45.02494123, -22.46534713], [-45.02497833, -22.46542458], [-45.02501516, -22.46550146], [-45.02528473, -22.46599892], [-45.0253494, -22.46606925], [-45.02599945, -22.46677619], [-45.02620452, -22.46709151], [-45.02634991, -22.46738294], [-45.02636512, -22.46746706], [-45.02638665, -22.46758617], [-45.02646885, -22.46784908], [-45.02649561, -22.46793466], [-45.02681072, -22.46878917], [-45.02687037, -22.4689703], [-45.02684623, -22.46917055], [-45.02684462, -22.46918394], [-45.02680355, -22.46930957], [-45.02666578, -22.46937529], [-45.02656604, -22.46943639], [-45.02647403, -22.46942176], [-45.02640521, -22.46942084], [-45.02636516, -22.46942032], [-45.02626996, -22.46933873], [-45.02620666, -22.46929913], [-45.02591379, -22.46911595], [-45.02541879, -22.46876727], [-45.02519847, -22.46863419], [-45.02490697, -22.46846974], [-45.02486146, -22.46844028], [-45.02467445, -22.46831922], [-45.02462182, -22.46828464], [-45.02451204, -22.46822611], [-45.02438864, -22.46816032], [-45.02392863, -22.46796874], [-45.02375613, -22.46794302], [-45.02359537, -22.46791907], [-45.02309052, -22.46792625], [-45.02286968, -22.46793051], [-45.02278979, -22.4679297], [-45.02263345, -22.46792813], [-45.02245456, -22.46792697], [-45.02241919, -22.46792698], [-45.02237191, -22.467927], [-45.02207526, -22.46792962], [-45.02180705, -22.46786783], [-45.02161215, -22.46782292], [-45.02133095, -22.46779155], [-45.02119771, -22.46776868], [-45.02108986, -22.46775018], [-45.02087681, -22.46770901], [-45.02055279, -22.4676464], [-45.0203959, -22.4676275], [-45.02029685, -22.46761556], [-45.01979684, -22.46750715], [-45.01964231, -22.46748592], [-45.01951581, -22.46746855], [-45.01934619, -22.4674468], [-45.01909236, -22.46743578], [-45.01901496, -22.46743242], [-45.01886953, -22.46743816], [-45.01855652, -22.46745052], [-45.01831916, -22.46749329], [-45.01814657, -22.46751215], [-45.0180826, -22.46750544], [-45.01797297, -22.46749393], [-45.01792729, -22.46750148], [-45.01786167, -22.46751231], [-45.01779961, -22.46751198], [-45.01775083, -22.46751173], [-45.01763623, -22.46750563], [-45.01756156, -22.46749769], [-45.01751902, -22.46749826], [-45.01751001, -22.46749838], [-45.01719921, -22.46748353], [-45.01677272, -22.46743645], [-45.01677158, -22.46743632], [-45.0165346, -22.46742487], [-45.01638541, -22.46740267], [-45.01615551, -22.46738052], [-45.01603239, -22.46736197], [-45.01591042, -22.46734359], [-45.01567338, -22.46729598], [-45.01540862, -22.46726166], [-45.01514612, -22.46722764], [-45.01496305, -22.46716041], [-45.0145033, -22.46707544], [-45.01411218, -22.46696757], [-45.01351828, -22.46676493], [-45.01339538, -22.46672309], [-45.01259944, -22.46645222], [-45.01202502, -22.46617045], [-45.01172608, -22.46607089], [-45.01131584, -22.46597591], [-45.01125236, -22.46596122], [-45.01120175, -22.46595356], [-45.01103634, -22.46592852], [-45.01087785, -22.4659287], [-45.01027644, -22.46596688], [-45.01013475, -22.46597586], [-45.00977669, -22.46602323], [-45.0092825, -22.46611412], [-45.00895904, -22.46617361], [-45.00848622, -22.4662221], [-45.00818478, -22.46627534], [-45.00808968, -22.46629213], [-45.00807274, -22.46629467], [-45.00776953, -22.46634031], [-45.00755597, -22.46636845], [-45.00744563, -22.46638299], [-45.00657777, -22.46655757], [-45.00639492, -22.46658821], [-45.00622916, -22.46661598], [-45.00550169, -22.46683354], [-45.00536699, -22.46687382], [-45.00530167, -22.46690545], [-45.00495061, -22.46707536], [-45.00468512, -22.4671925], [-45.00389236, -22.4675124], [-45.00301725, -22.46785942], [-45.00241708, -22.46809943], [-45.00218696, -22.46821087], [-45.00209913, -22.46825339], [-45.00198148, -22.46828826], [-45.00164455, -22.46838812], [-45.00160891, -22.46840425], [-45.00158357, -22.46841571], [-45.00140398, -22.46846847], [-45.00120543, -22.4685268], [-45.00115713, -22.46855286], [-45.00108746, -22.46857654], [-45.00105218, -22.46858854], [-45.00097274, -22.46861573], [-45.00069722, -22.46866758], [-45.00063373, -22.46867692], [-45.00047761, -22.46869987], [-45.0004045, -22.46870731], [-45.00039728, -22.46870745], [-45.00033834, -22.46870858], [-45.00029888, -22.46871224], [-45.00025939, -22.4687159], [-44.99849498, -22.46877426], [-44.99800577, -22.46873922], [-44.99771847, -22.46871908], [-44.99722049, -22.46868418], [-44.9969619, -22.46864796], [-44.99670111, -22.46861143], [-44.99656067, -22.46858939], [-44.99652368, -22.46857672], [-44.9964874, -22.4685643], [-44.99642801, -22.46852866], [-44.99627591, -22.46847341], [-44.99588551, -22.46833159], [-44.99516407, -22.46809718], [-44.99512224, -22.46807077], [-44.99475345, -22.46783791], [-44.99468777, -22.46778078], [-44.99464688, -22.46774521], [-44.99457174, -22.4676785], [-44.99445511, -22.46757071], [-44.99444156, -22.46755818], [-44.99377793, -22.46695901], [-44.99370801, -22.46689836], [-44.99346581, -22.46668831], [-44.99338114, -22.46661679], [-44.99310782, -22.4663859], [-44.9926763, -22.46610718], [-44.99260031, -22.46603594], [-44.99250045, -22.4659943], [-44.99228469, -22.46590435], [-44.99218207, -22.46589363], [-44.99208781, -22.46588379], [-44.99204275, -22.46588409], [-44.9920246, -22.46588422], [-44.99142967, -22.46587758], [-44.99126414, -22.46588663], [-44.99111852, -22.46591599], [-44.99103941, -22.46594448], [-44.99095758, -22.46597394], [-44.99082583, -22.46603162], [-44.99070861, -22.46608602], [-44.99058772, -22.46614212], [-44.99051565, -22.46618573], [-44.99043436, -22.46623371], [-44.99034587, -22.46628596], [-44.99024847, -22.46635554], [-44.9900795, -22.46647627], [-44.98978445, -22.46672379], [-44.98974318, -22.46676513], [-44.98968469, -22.46682374], [-44.98963503, -22.46690646], [-44.98959739, -22.46696915], [-44.98952361, -22.46711847], [-44.98944442, -22.46728532], [-44.9893521, -22.46747985], [-44.98918622, -22.46782453], [-44.98918381, -22.46782954], [-44.9891498, -22.46790563], [-44.98912632, -22.46797387], [-44.98912356, -22.46798187], [-44.98911729, -22.46807663], [-44.98913213, -22.46818179], [-44.98915783, -22.46833483], [-44.98919976, -22.46858453], [-44.98921271, -22.46868783], [-44.98921421, -22.4687439], [-44.98920023, -22.46879692], [-44.98918368, -22.46883632], [-44.98915733, -22.4688699], [-44.98914952, -22.46887986], [-44.98913895, -22.46889177], [-44.98910548, -22.46892951], [-44.98906176, -22.46896652], [-44.98899982, -22.46899318], [-44.98889855, -22.46901269], [-44.98885228, -22.4690216], [-44.98871436, -22.46904791], [-44.98852494, -22.46908405], [-44.98833341, -22.46912144], [-44.98724552, -22.46926672], [-44.98710776, -22.46929264], [-44.98619088, -22.46925004], [-44.98605812, -22.46923178], [-44.98596512, -22.469218], [-44.98592056, -22.4692031], [-44.98591016, -22.46919963], [-44.98581984, -22.46915699], [-44.98572767, -22.46910979], [-44.98551386, -22.46899402], [-44.98525283, -22.4688527], [-44.98517364, -22.46881544], [-44.98514809, -22.46880342], [-44.98468108, -22.46858265], [-44.98433886, -22.46846492], [-44.98420319, -22.4684211], [-44.98331261, -22.46813343], [-44.98325381, -22.46811825], [-44.98322082, -22.46810973], [-44.98316306, -22.46809953], [-44.98305141, -22.46807983], [-44.98299826, -22.46806691], [-44.98295869, -22.46805521], [-44.98257973, -22.46789058], [-44.98253435, -22.46787784], [-44.98252429, -22.46787645], [-44.98249558, -22.46787247], [-44.9824528, -22.46787244], [-44.9823515, -22.46787927], [-44.98230097, -22.46788667], [-44.98222267, -22.46789815], [-44.98215736, -22.4679174], [-44.98215703, -22.4679175], [-44.98208047, -22.46794565], [-44.98198619, -22.46798245], [-44.98110091, -22.46834449], [-44.9810479, -22.46836412], [-44.98100996, -22.46836808], [-44.9809621, -22.46837309], [-44.979989, -22.46836267], [-44.97996659, -22.46836398], [-44.97994609, -22.46836715], [-44.97992844, -22.46837309], [-44.97991872, -22.46837786], [-44.97989496, -22.46838953], [-44.97982795, -22.46842512], [-44.97978115, -22.46843835], [-44.97962912, -22.46848133], [-44.97925415, -22.46873522], [-44.97921963, -22.46875554], [-44.97921862, -22.46875613], [-44.97920771, -22.46876349], [-44.97919785, -22.46877014], [-44.97916497, -22.46880105], [-44.97915487, -22.46881429], [-44.97913581, -22.46883928], [-44.97890119, -22.46914602], [-44.97877276, -22.46931394], [-44.97874075, -22.46934939], [-44.97873179, -22.46935733], [-44.97872192, -22.46936344], [-44.97871789, -22.46936535], [-44.97869829, -22.46937467], [-44.97856513, -22.46948744], [-44.97825737, -22.46962169], [-44.97734914, -22.46985217], [-44.9764492, -22.47010396], [-44.97643541, -22.47010783], [-44.97643203, -22.47010877], [-44.97623955, -22.47016228], [-44.97584739, -22.47036517], [-44.97568829, -22.47042677], [-44.9755914, -22.47045176], [-44.97548806, -22.47044499], [-44.97534287, -22.47043547], [-44.97527666, -22.47042755], [-44.97520424, -22.47041888], [-44.97488112, -22.47042988], [-44.97459503, -22.47047604], [-44.97411267, -22.47059291], [-44.97407053, -22.47060555], [-44.97369498, -22.47071679], [-44.9732779, -22.47084033], [-44.97324044, -22.47084989], [-44.97321917, -22.47085532], [-44.9731626, -22.47086221], [-44.97221218, -22.47095346], [-44.97201208, -22.47099707], [-44.97177509, -22.47104872], [-44.97143229, -22.47115745], [-44.97134866, -22.47118398], [-44.97126893, -22.47121175], [-44.97095329, -22.47132172], [-44.97091213, -22.47133437], [-44.97090308, -22.47133627], [-44.97089257, -22.47133846], [-44.97067115, -22.47136524], [-44.97028717, -22.47136044], [-44.96999633, -22.47140535], [-44.96995915, -22.4714111], [-44.96959993, -22.4715415], [-44.96938787, -22.47166338], [-44.96918646, -22.47177915], [-44.96896747, -22.47201314], [-44.9688856, -22.47210062], [-44.96887563, -22.47211034], [-44.96884216, -22.47216634], [-44.96883297, -22.47218171], [-44.9684563, -22.4728847], [-44.96844771, -22.47289911], [-44.96844513, -22.47290344], [-44.96831165, -22.47307423], [-44.96825416, -22.47314778], [-44.96807801, -22.47330659], [-44.96793431, -22.47341279], [-44.96791636, -22.47343048], [-44.96789968, -22.47344187], [-44.96788173, -22.47345412], [-44.96756583, -22.47363969], [-44.96686953, -22.4739091], [-44.96650004, -22.47413777], [-44.96643985, -22.4741717], [-44.96642988, -22.47417901], [-44.96641112, -22.47419276], [-44.96610526, -22.47447987], [-44.96604107, -22.47454013], [-44.96581938, -22.47474824], [-44.96578707, -22.47475656], [-44.96575, -22.47476117], [-44.96570819, -22.47476116], [-44.96565191, -22.47475631], [-44.96523988, -22.47547208], [-44.96520937, -22.47552473], [-44.96517618, -22.47560625], [-44.96494782, -22.4763649], [-44.96492854, -22.47643498], [-44.96491721, -22.47649799], [-44.96490989, -22.47659453], [-44.96491006, -22.47662617], [-44.96492257, -22.47666982], [-44.96523015, -22.47746193], [-44.96525211, -22.4775546], [-44.96526838, -22.47767968], [-44.96528597, -22.47775326], [-44.96531986, -22.47783535], [-44.96538666, -22.47792358], [-44.96545691, -22.47799109], [-44.96561771, -22.47809223], [-44.96573605, -22.47818068], [-44.96580743, -22.47824189], [-44.96587261, -22.47831743], [-44.96595807, -22.4784368], [-44.96608727, -22.47874871], [-44.96618959, -22.47908444], [-44.96633722, -22.47955131], [-44.96637401, -22.47971118], [-44.96639868, -22.47988795], [-44.9664288, -22.48011907], [-44.9664339, -22.48026288], [-44.96642874, -22.48038929], [-44.9664228, -22.48050845], [-44.96642354, -22.48055546], [-44.96643277, -22.48061351], [-44.96651948, -22.48095161], [-44.96662146, -22.48137771], [-44.96667333, -22.48159485], [-44.96674886, -22.48179894], [-44.96676295, -22.48185709], [-44.96677358, -22.48193595], [-44.96678068, -22.48200117], [-44.96678001, -22.48202737], [-44.96677336, -22.48205976], [-44.96676619, -22.48211202], [-44.96676173, -22.48213451], [-44.96674848, -22.48215863], [-44.96667695, -22.48237125], [-44.96637735, -22.48268009], [-44.9661392, -22.48286736], [-44.96611622, -22.48289126], [-44.96607156, -22.48292643], [-44.96541127, -22.48342255], [-44.96439215, -22.48387917], [-44.96421744, -22.48398018], [-44.96418181, -22.4840047], [-44.964144, -22.48403821], [-44.96398071, -22.48414941], [-44.9636313, -22.48450504], [-44.96286506, -22.485495], [-44.96268259, -22.48563378], [-44.96248141, -22.48570528], [-44.96239021, -22.4857349], [-44.96221686, -22.48582057], [-44.96166716, -22.48594406], [-44.96138435, -22.4859749], [-44.9612501, -22.48597647], [-44.96118477, -22.48598316], [-44.96100889, -22.48597749], [-44.9605534, -22.48595303], [-44.9595556, -22.48595279], [-44.95842596, -22.48585926], [-44.95739549, -22.48576701], [-44.95666344, -22.48564246], [-44.9562497, -22.48558274], [-44.95616613, -22.48558], [-44.95604732, -22.48558642], [-44.95533499, -22.48564214], [-44.95455224, -22.48575144], [-44.95448978, -22.48576001], [-44.95440309, -22.48576533], [-44.95403048, -22.48577068], [-44.95371461, -22.48572486], [-44.95291066, -22.48563576], [-44.95207689, -22.48561016], [-44.950866, -22.48546148], [-44.9507951, -22.4854581], [-44.95071444, -22.48545542], [-44.95060042, -22.48546467], [-44.94978651, -22.48546118], [-44.94932303, -22.48555942], [-44.94927325, -22.48556646], [-44.9492185, -22.4855779], [-44.94915847, -22.48560549], [-44.94910101, -22.48564671], [-44.94853851, -22.48608076], [-44.94850183, -22.48610797], [-44.94845351, -22.48613401], [-44.94838762, -22.48616239], [-44.94817244, -22.48624892], [-44.94793978, -22.4862953], [-44.94786932, -22.48631273], [-44.94782148, -22.4863198], [-44.94749028, -22.48634142], [-44.94722418, -22.48628856], [-44.94639254, -22.48610301], [-44.94500505, -22.48574885], [-44.94492859, -22.48573451], [-44.94466264, -22.48567622], [-44.94451289, -22.48567563], [-44.94417989, -22.48569087], [-44.94386549, -22.48577791], [-44.94383427, -22.48578174], [-44.94379995, -22.48579273], [-44.94376841, -22.48580921], [-44.94374171, -22.4858267], [-44.94353134, -22.48587628], [-44.94314803, -22.48618594], [-44.9429013, -22.48651668], [-44.94286434, -22.48655473], [-44.94283606, -22.48659567], [-44.94242176, -22.48735652], [-44.94185714, -22.48825233], [-44.94137554, -22.48890595], [-44.94128917, -22.48901249], [-44.94121933, -22.48908144], [-44.94113896, -22.48914383], [-44.9402165, -22.48980849], [-44.93943804, -22.49028113], [-44.93860339, -22.49059255], [-44.93838626, -22.49064016], [-44.93786624, -22.49062866], [-44.93706778, -22.49062817], [-44.93684871, -22.49063778], [-44.9366197, -22.49065531], [-44.93635363, -22.49067744], [-44.93619267, -22.49069647], [-44.9361263, -22.49070585], [-44.93607144, -22.4907209], [-44.93602713, -22.49074251], [-44.93599447, -22.49076439], [-44.93591109, -22.49083032], [-44.93553622, -22.491151], [-44.93547456, -22.49120386], [-44.93540657, -22.49127646], [-44.93464072, -22.49220393], [-44.93458624, -22.49228045], [-44.93454453, -22.49235183], [-44.93434231, -22.49272874], [-44.93429773, -22.49279825], [-44.93423592, -22.49285743], [-44.9338727, -22.49317835], [-44.93383189, -22.49321451], [-44.93377563, -22.49328465], [-44.93374744, -22.49332199], [-44.93372385, -22.49336937], [-44.93364766, -22.49353397], [-44.93360419, -22.49363604], [-44.93359065, -22.49367099], [-44.93357682, -22.49371767], [-44.93354276, -22.49421127], [-44.93354605, -22.49431076], [-44.93353027, -22.49439536], [-44.93351956, -22.49443309], [-44.933498, -22.4944778], [-44.93347571, -22.49451255], [-44.93343398, -22.49454687], [-44.93288345, -22.49481394], [-44.93284985, -22.49483489], [-44.93281117, -22.49486385], [-44.93277452, -22.49489015], [-44.93274452, -22.49492203], [-44.93270407, -22.49498258], [-44.93266717, -22.49505587], [-44.93259362, -22.49521076], [-44.93260561, -22.49530026], [-44.9326596, -22.4953806], [-44.93273517, -22.49552121], [-44.93288526, -22.49569652], [-44.93300852, -22.49613638], [-44.93319351, -22.49659539], [-44.9335432, -22.4969206], [-44.93393405, -22.49722672], [-44.93438669, -22.497399], [-44.93488057, -22.49741833], [-44.9353334, -22.49722729], [-44.93539534, -22.49676838], [-44.9357659, -22.49646258], [-44.93621871, -22.49629066], [-44.93617777, -22.49583171], [-44.93578691, -22.49554473], [-44.93597231, -22.495105], [-44.93616056, -22.49487561], [-44.93619878, -22.49487562], [-44.93667214, -22.49476108], [-44.93672753, -22.49472977], [-44.93677498, -22.49485673], [-44.93675419, -22.49531565], [-44.93671283, -22.49577456], [-44.93669204, -22.49623348], [-44.93658894, -22.49669237], [-44.936527, -22.49715127], [-44.93652679, -22.4976102], [-44.93644426, -22.4980691], [-44.9360328, -22.49782035], [-44.93595069, -22.49736139], [-44.93547733, -22.49747593], [-44.93553886, -22.49793488], [-44.93582678, -22.49831744], [-44.93617648, -22.49864265], [-44.93664987, -22.49847074], [-44.93695872, -22.49810754], [-44.93708239, -22.49766778], [-44.93710318, -22.49720886], [-44.93724744, -22.49674999], [-44.93730938, -22.49629109], [-44.93753592, -22.49588961], [-44.93780362, -22.49550728], [-44.93789619, -22.49534322], [-44.93803016, -22.4951058], [-44.93811268, -22.49464691], [-44.93864782, -22.49439852], [-44.93870955, -22.49439855], [-44.93903897, -22.49403535], [-44.93924494, -22.49361474], [-44.93893642, -22.49325131], [-44.93853078, -22.49288707], [-44.93866914, -22.49271579], [-44.93899854, -22.49237172], [-44.9392868, -22.49198938], [-44.93969846, -22.49174096], [-44.93990567, -22.49216737], [-44.93994663, -22.49262632], [-44.94035832, -22.49232052], [-44.94085222, -22.49224421], [-44.94093434, -22.49270317], [-44.94064607, -22.49312375], [-44.94031667, -22.49346782], [-44.94023416, -22.49392672], [-44.94011049, -22.4943856], [-44.94006914, -22.49484452], [-44.94019241, -22.49530349], [-44.94064503, -22.49557137], [-44.94035676, -22.4959537], [-44.94023309, -22.49641258], [-44.93986255, -22.4967184], [-44.93969772, -22.49717727], [-44.94006799, -22.4975216], [-44.94031475, -22.49794238], [-44.9408086, -22.49805729], [-44.94109653, -22.49843984], [-44.94146683, -22.49874593], [-44.94200182, -22.4988991], [-44.94245448, -22.49909048], [-44.94294844, -22.49893768], [-44.94327785, -22.4985936], [-44.94377174, -22.49859377], [-44.94426568, -22.49847921], [-44.94471849, -22.49828815], [-44.94488294, -22.49874713], [-44.94459468, -22.49912948], [-44.94422413, -22.49943529], [-44.94385358, -22.49974112], [-44.94352417, -22.50012345], [-44.94315362, -22.50042927], [-44.94360625, -22.50069714], [-44.94410021, -22.50054433], [-44.94451191, -22.50027677], [-44.94463557, -22.49981788], [-44.94500611, -22.49951205], [-44.94521207, -22.49909144], [-44.94550032, -22.4987091], [-44.9459942, -22.49874751], [-44.94648808, -22.49878592], [-44.94694089, -22.49859485], [-44.94739356, -22.49878622], [-44.94714644, -22.49924507], [-44.94673475, -22.49951264], [-44.9472286, -22.49962753], [-44.94722843, -22.50008646], [-44.94677562, -22.50027753], [-44.94578781, -22.5002772], [-44.94591111, -22.50073617], [-44.9454583, -22.50092724], [-44.94517003, -22.50130958], [-44.94566389, -22.50142448], [-44.94595186, -22.50180702], [-44.94615749, -22.50222777], [-44.9466514, -22.50222793], [-44.94714536, -22.50207512], [-44.94751568, -22.5023812], [-44.94747434, -22.50284011], [-44.94710379, -22.50314594], [-44.94660984, -22.50326051], [-44.94611593, -22.50326035], [-44.94562203, -22.50322193], [-44.94512806, -22.50337475], [-44.94492209, -22.50379536], [-44.94492173, -22.50471322], [-44.94483924, -22.50517212], [-44.94450982, -22.5055162], [-44.94413926, -22.50582203], [-44.94372754, -22.50608959], [-44.94327471, -22.50628065], [-44.94282184, -22.5065482], [-44.94249241, -22.50689228], [-44.94228643, -22.50731289], [-44.94203929, -22.50773349], [-44.94216258, -22.50819246], [-44.94261528, -22.50838383], [-44.94306812, -22.50819278], [-44.94356211, -22.50803997], [-44.94401496, -22.50784892], [-44.94450895, -22.50769611], [-44.94496179, -22.50750505], [-44.94545578, -22.50735223], [-44.94594969, -22.50739065], [-44.94632001, -22.50769672], [-44.94631984, -22.50815565], [-44.94599041, -22.50849973], [-44.9455787, -22.50876731], [-44.94520814, -22.50907314], [-44.94496101, -22.50949373], [-44.9448785, -22.50995263], [-44.94479599, -22.51041153], [-44.94463115, -22.51090865], [-44.94434286, -22.51129098], [-44.94421919, -22.51174987], [-44.94401322, -22.51217048], [-44.94368377, -22.51255281], [-44.94339548, -22.51293515], [-44.9431895, -22.51335576], [-44.94339514, -22.51377652], [-44.94388913, -22.51366196], [-44.94413628, -22.51324136], [-44.94446571, -22.51289728], [-44.94463054, -22.51243841], [-44.94504228, -22.5121326], [-44.94549517, -22.51186505], [-44.94590688, -22.51159747], [-44.94623631, -22.51125339], [-44.94668917, -22.51106231], [-44.94714203, -22.510833], [-44.94734799, -22.51041238], [-44.947842, -22.51025957], [-44.94833596, -22.51018324], [-44.94882989, -22.5101834], [-44.9487889, -22.50972445], [-44.94928284, -22.50972461], [-44.94969454, -22.50945704], [-44.94969465, -22.50914749], [-44.94992292, -22.5090277], [-44.95009414, -22.50879584], [-44.9502134, -22.50863434], [-44.95063241, -22.50839716], [-44.95109858, -22.50818077], [-44.95130013, -22.50800432], [-44.95130036, -22.50800411], [-44.95145331, -22.50787021], [-44.95173715, -22.50748431], [-44.95207163, -22.50714549], [-44.95237573, -22.50676901], [-44.9524518, -22.50655246], [-44.95252786, -22.506336], [-44.95279779, -22.50595351], [-44.95297585, -22.50553056], [-44.9528902, -22.50508287], [-44.95270038, -22.50550759], [-44.95234566, -22.50581815], [-44.95192003, -22.50605339], [-44.95143368, -22.50607207], [-44.95130116, -22.50563313], [-44.95135294, -22.50515885], [-44.95185579, -22.50508312], [-44.9521686, -22.50472698], [-44.95263991, -22.50458496], [-44.95303516, -22.50431206], [-44.95343039, -22.50403917], [-44.95378512, -22.50372859], [-44.95395412, -22.5032873], [-44.95405973, -22.50307159], [-44.95422453, -22.50257446], [-44.95423803, -22.50241202], [-44.95438915, -22.50261275], [-44.9547183, -22.50299528], [-44.95492396, -22.50341603], [-44.95525312, -22.50376032], [-44.95562346, -22.50406637], [-44.95611736, -22.50410475], [-44.95657018, -22.50391365], [-44.95706412, -22.50379905], [-44.95755806, -22.5037227], [-44.95805196, -22.50376107], [-44.95850466, -22.50395241], [-44.9584222, -22.50441132], [-44.95801053, -22.50467891], [-44.95788691, -22.50513781], [-44.95792793, -22.50559675], [-44.95825711, -22.50594103], [-44.95866878, -22.50567343], [-44.95903932, -22.50536757], [-44.95945099, -22.50509997], [-44.95978037, -22.50475586], [-44.96010974, -22.50441174], [-44.96052127, -22.50467955], [-44.96047997, -22.50513847], [-44.96047984, -22.50559739], [-44.96015047, -22.50594151], [-44.95982108, -22.50632387], [-44.95945055, -22.50662973], [-44.95932693, -22.50708863], [-44.95957377, -22.50750938], [-44.95965596, -22.50796833], [-44.95936772, -22.50835069], [-44.9589562, -22.50808288], [-44.95862702, -22.50770035], [-44.95829784, -22.50735607], [-44.95792749, -22.50705002], [-44.95743355, -22.50708814], [-44.95710416, -22.50743225], [-44.95673361, -22.50777634], [-44.95644537, -22.5081587], [-44.95599254, -22.5083498], [-44.95553971, -22.5085409], [-44.95521032, -22.508885], [-44.95488091, -22.50922911], [-44.95455151, -22.50957321], [-44.95500422, -22.50976456], [-44.95549817, -22.50972645], [-44.95599212, -22.50968834], [-44.95644495, -22.50949724], [-44.9568153, -22.5098033], [-44.9564036, -22.51010914], [-44.95590963, -22.51022374], [-44.95553907, -22.51052958], [-44.95525082, -22.51091195], [-44.95504488, -22.51133258], [-44.95504473, -22.5117915], [-44.9552504, -22.51221225], [-44.95549724, -22.51263299], [-44.95553825, -22.51309193], [-44.95555892, -22.51332308], [-44.95557927, -22.51355088], [-44.95582611, -22.51397162], [-44.95599061, -22.51443059], [-44.9560728, -22.51488954], [-44.9562373, -22.51534852], [-44.95630535, -22.51535826], [-44.9567724, -22.51542515], [-44.9572663, -22.51557826], [-44.95771903, -22.51580785], [-44.95813056, -22.5161139], [-44.95854211, -22.51638172], [-44.95895367, -22.51664953], [-44.95924169, -22.51703205], [-44.95903576, -22.51745267], [-44.95854179, -22.51745255], [-44.95804786, -22.51733769], [-44.95771846, -22.5176818], [-44.95792414, -22.51810254], [-44.95833569, -22.5184086], [-44.95874725, -22.51867641], [-44.95911763, -22.51898246], [-44.95961157, -22.51905907], [-44.96010557, -22.51894446], [-44.96059952, -22.51905932], [-44.96105226, -22.51925064], [-44.96146398, -22.51898303], [-44.96175223, -22.51860067], [-44.96224621, -22.51852429], [-44.96224634, -22.51806537], [-44.96274034, -22.5179125], [-44.96306975, -22.51756838], [-44.96310012, -22.51738522], [-44.96327558, -22.51753019], [-44.96368713, -22.51783623], [-44.963687, -22.5183334], [-44.96352222, -22.51879229], [-44.96393379, -22.5190601], [-44.96442776, -22.51906021], [-44.96479831, -22.51875433], [-44.96525117, -22.51852497], [-44.96574515, -22.51844858], [-44.96603341, -22.51802797], [-44.96648625, -22.51783684], [-44.96681548, -22.5181811], [-44.96730948, -22.51802823], [-44.96776233, -22.51779885], [-44.96821518, -22.51760773], [-44.96870916, -22.51753133], [-44.96870926, -22.51707241], [-44.96838003, -22.51672815], [-44.96883288, -22.51649877], [-44.96928573, -22.5162694], [-44.96899767, -22.51584865], [-44.9685037, -22.51592505], [-44.96800973, -22.51600143], [-44.96751578, -22.51596309], [-44.96731006, -22.51554237], [-44.96722785, -22.51508342], [-44.96718679, -22.51462449], [-44.96747503, -22.51420386], [-44.96784556, -22.51389799], [-44.96813379, -22.5135156], [-44.96825738, -22.5130567], [-44.96829864, -22.51259778], [-44.96784591, -22.51240647], [-44.96735195, -22.51248286], [-44.96689912, -22.51267399], [-44.96644628, -22.51290336], [-44.96611689, -22.51324749], [-44.96595214, -22.51370638], [-44.96591087, -22.5141653], [-44.96591075, -22.51462422], [-44.96599296, -22.51508317], [-44.96599285, -22.51554209], [-44.9660339, -22.51600103], [-44.96611611, -22.51645998], [-44.966116, -22.51691891], [-44.9657043, -22.51718653], [-44.96553977, -22.51672756], [-44.96537522, -22.5162686], [-44.96537545, -22.51535075], [-44.96533442, -22.51485356], [-44.96533453, -22.51439464], [-44.9653758, -22.51393572], [-44.96549941, -22.51347682], [-44.96562301, -22.51301792], [-44.96591124, -22.51263553], [-44.96624061, -22.51229141], [-44.96669345, -22.51206204], [-44.96710514, -22.51179442], [-44.96755797, -22.51156505], [-44.9680519, -22.51160339], [-44.96850463, -22.51183294], [-44.96895737, -22.51202425], [-44.96936892, -22.51229203], [-44.96978048, -22.51259806], [-44.96998619, -22.51301879], [-44.97019192, -22.5134395], [-44.97056231, -22.51374553], [-44.970974, -22.51343965], [-44.97155029, -22.51332502], [-44.97204423, -22.5134016], [-44.97253817, -22.51343992], [-44.97286753, -22.51309578], [-44.97285697, -22.51297778], [-44.97299103, -22.51301932], [-44.973485, -22.51290467], [-44.97397897, -22.51282826], [-44.97389655, -22.51328717], [-44.97381414, -22.51374609], [-44.97362846, -22.51406224], [-44.97319658, -22.51439614], [-44.97270263, -22.51439605], [-44.97237326, -22.51474019], [-44.97229085, -22.51519911], [-44.97208495, -22.51561976], [-44.97257887, -22.51577281], [-44.97294927, -22.51611707], [-44.97266106, -22.51649947], [-44.97216709, -22.51653762], [-44.97167313, -22.5164993], [-44.9712203, -22.51669043], [-44.97097324, -22.51711107], [-44.97068499, -22.51756995], [-44.97052024, -22.51802885], [-44.9701497, -22.51837298], [-44.96965573, -22.51841113], [-44.9691618, -22.51825806], [-44.96870895, -22.51844919], [-44.96837956, -22.51879332], [-44.96805017, -22.51913745], [-44.96813239, -22.51959639], [-44.96846163, -22.51994066], [-44.96899673, -22.5200555], [-44.96949068, -22.52017032], [-44.97002579, -22.52028515], [-44.97056092, -22.52032349], [-44.97163119, -22.52032369], [-44.97212513, -22.52047674], [-44.97253673, -22.52074453], [-44.97303068, -22.52085934], [-44.97348344, -22.52108888], [-44.97360685, -22.52154783], [-44.97355679, -22.52173372], [-44.97337554, -22.52173372], [-44.97311939, -22.52185738], [-44.97295157, -22.52210469], [-44.97296924, -22.52233435], [-44.97266892, -22.52242267], [-44.97257574, -22.52243403], [-44.97257756, -22.52242727], [-44.97216597, -22.52215948], [-44.9717131, -22.52238887], [-44.97134256, -22.52269476], [-44.97088978, -22.52250346], [-44.97076638, -22.52204451], [-44.97080764, -22.52158559], [-44.97080773, -22.52112666], [-44.97035498, -22.52089711], [-44.96986103, -22.52074405], [-44.96936705, -22.5207822], [-44.96887306, -22.52085859], [-44.96837909, -22.5208585], [-44.96788514, -22.52074367], [-44.96783885, -22.52087261], [-44.96842964, -22.52133884], [-44.96842002, -22.52185285], [-44.96800832, -22.52212047], [-44.96751438, -22.5219674], [-44.96706162, -22.52173784], [-44.96656763, -22.52177598], [-44.96623823, -22.52212011], [-44.96648511, -22.52254085], [-44.96796706, -22.52254115], [-44.968461, -22.52269422], [-44.96858439, -22.52315317], [-44.96804921, -22.52330605], [-44.96755523, -22.5232677], [-44.9670201, -22.52322935], [-44.96656723, -22.52342048], [-44.96623783, -22.5237646], [-44.96594957, -22.52418523], [-44.96566132, -22.5245676], [-44.96520844, -22.52479697], [-44.96520833, -22.52525589], [-44.96557873, -22.52560017], [-44.96582831, -22.52576255], [-44.96594919, -22.52575323], [-44.96640208, -22.52548561], [-44.96669033, -22.52510323], [-44.96718431, -22.52510334], [-44.96771948, -22.52506519], [-44.96821347, -22.52506529], [-44.96866624, -22.5252566], [-44.96895432, -22.5256391], [-44.96891306, -22.52609802], [-44.96940706, -22.52605987], [-44.96985992, -22.52586874], [-44.97035394, -22.52579234], [-44.97060102, -22.5253717], [-44.97105388, -22.52514232], [-44.97139793, -22.52491867], [-44.97144119, -22.52496648], [-44.97177682, -22.5251608], [-44.97167083, -22.52560244], [-44.97189229, -22.52575396], [-44.97171236, -22.52606029], [-44.9714241, -22.52648092], [-44.97150634, -22.52693986], [-44.97187678, -22.52724588], [-44.97232965, -22.52705474], [-44.97282367, -22.52690185], [-44.97315307, -22.52655771], [-44.97323548, -22.5260988], [-44.97356488, -22.52575466], [-44.9740589, -22.52560176], [-44.97451177, -22.52537237], [-44.97434719, -22.52491341], [-44.97447077, -22.52445451], [-44.97480015, -22.52411037], [-44.97517058, -22.52445462], [-44.97566459, -22.5243782], [-44.97611745, -22.52411057], [-44.97661146, -22.52395766], [-44.97681736, -22.52353701], [-44.97727022, -22.52330761], [-44.97747611, -22.52288695], [-44.97792889, -22.52307824], [-44.97829933, -22.52338424], [-44.97875212, -22.52357552], [-44.97904023, -22.52395799], [-44.97924598, -22.5243787], [-44.97973996, -22.52445526], [-44.98023396, -22.52441708], [-44.98052206, -22.52479955], [-44.98056316, -22.52525848], [-44.98068659, -22.52571742], [-44.98113944, -22.52552626], [-44.98159231, -22.5252586], [-44.98146887, -22.52479966], [-44.9813866, -22.52434072], [-44.98155132, -22.52388182], [-44.98196301, -22.52361415], [-44.98245699, -22.52365246], [-44.9827451, -22.52403492], [-44.98274504, -22.52449385], [-44.98241568, -22.52483801], [-44.98262145, -22.52525872], [-44.98266256, -22.52571765], [-44.98237435, -22.52610006], [-44.98216847, -22.52652071], [-44.98266248, -22.52640604], [-44.98299184, -22.52606188], [-44.98323889, -22.52564122], [-44.98360942, -22.52533531], [-44.98397995, -22.52502939], [-44.98369183, -22.52464693], [-44.98381538, -22.52418801], [-44.98402126, -22.52376735], [-44.98414481, -22.52330844], [-44.98451533, -22.52300252], [-44.98500931, -22.52296432], [-44.98550328, -22.5230791], [-44.98585611, -22.5231884], [-44.98587373, -22.52338508], [-44.98603835, -22.52384403], [-44.9861618, -22.52430296], [-44.98612059, -22.52476189], [-44.98616171, -22.52522082], [-44.98632633, -22.52567976], [-44.98624395, -22.52613868], [-44.98574995, -22.52617688], [-44.98525596, -22.52617683], [-44.98496776, -22.52655925], [-44.98500887, -22.52701818], [-44.98542051, -22.52728592], [-44.9856263, -22.52770662], [-44.98603794, -22.52797436], [-44.98649079, -22.52774494], [-44.98694364, -22.52755376], [-44.98743765, -22.52736258], [-44.98789051, -22.52713315], [-44.98821987, -22.52678898], [-44.98854923, -22.52644481], [-44.9889197, -22.52675078], [-44.989249, -22.52709501], [-44.989743, -22.5269803], [-44.99019584, -22.52678912], [-44.99068985, -22.52659792], [-44.99077222, -22.526139], [-44.9912662, -22.52621552], [-44.99143085, -22.52667445], [-44.99170286, -22.52678934], [-44.99170262, -22.52680084], [-44.99207911, -22.52700236], [-44.99258754, -22.52712047], [-44.99305363, -22.52696304], [-44.99335025, -22.52656943], [-44.99360449, -22.52617581], [-44.99377399, -22.52574281], [-44.99398586, -22.52530983], [-44.99419773, -22.52487685], [-44.9944096, -22.52444386], [-44.99466383, -22.52405024], [-44.99500281, -22.52369599], [-44.99508756, -22.52322363], [-44.99542653, -22.52286938], [-44.99572314, -22.52243639], [-44.99529945, -22.52216084], [-44.99508761, -22.52172784], [-44.99508763, -22.52125549], [-44.99466395, -22.52101929], [-44.9941979, -22.52082246], [-44.99415555, -22.52035011], [-44.99440978, -22.51995649], [-44.99487584, -22.51979905], [-44.99538427, -22.51972033], [-44.99589269, -22.5195629], [-44.99618929, -22.51916927], [-44.99635878, -22.51873629], [-44.99610458, -22.51834265], [-44.99559616, -22.51830328], [-44.99521485, -22.51798836], [-44.99479118, -22.51775217], [-44.99432513, -22.51802769], [-44.99385906, -22.51818513], [-44.99335066, -22.51806703], [-44.99288462, -22.51787018], [-44.99241858, -22.51767335], [-44.99224908, -22.51810634], [-44.99203721, -22.51853932], [-44.99186827, -22.51867882], [-44.99186149, -22.51901182], [-44.99147247, -22.51910215], [-44.99106085, -22.51883442], [-44.99060807, -22.51860494], [-44.99015528, -22.51833719], [-44.9897025, -22.51806946], [-44.98920854, -22.51803119], [-44.98883809, -22.51772521], [-44.98850881, -22.51738099], [-44.98830303, -22.51696029], [-44.98875584, -22.51673086], [-44.98912633, -22.51638669], [-44.98941451, -22.51600426], [-44.98990846, -22.51611903], [-44.99036124, -22.51634853], [-44.99085519, -22.51642504], [-44.99134915, -22.51634858], [-44.99134918, -22.51588965], [-44.99130804, -22.51543072], [-44.99130807, -22.51497179], [-44.99101996, -22.51458934], [-44.99073185, -22.51420688], [-44.99089653, -22.51374796], [-44.99130816, -22.51348028], [-44.99176096, -22.51328908], [-44.99197922, -22.51323839], [-44.99197913, -22.51324302], [-44.99224935, -22.51318596], [-44.99267304, -22.5129498], [-44.99250359, -22.5125168], [-44.99212231, -22.51220187], [-44.99200094, -22.51217368], [-44.99200395, -22.51202609], [-44.99167872, -22.51195053], [-44.99118478, -22.51187403], [-44.99069085, -22.51168278], [-44.99069088, -22.51122385], [-44.99077324, -22.51076493], [-44.99102023, -22.51034425], [-44.99130838, -22.50996182], [-44.99139074, -22.5095029], [-44.99089681, -22.5093499], [-44.99060872, -22.50896744], [-44.99040294, -22.50854675], [-44.99029396, -22.5082189], [-44.99060877, -22.50812608], [-44.99110271, -22.50804961], [-44.99159663, -22.50808789], [-44.99208033, -22.5082804], [-44.9920766, -22.50846307], [-44.99224959, -22.50889539], [-44.9925885, -22.50924968], [-44.99292741, -22.50960396], [-44.99330868, -22.50991887], [-44.99347817, -22.50948589], [-44.99309689, -22.50917097], [-44.99271562, -22.50881668], [-44.99271565, -22.50834433], [-44.99263093, -22.50787196], [-44.99267333, -22.50739961], [-44.99271572, -22.50692726], [-44.99275811, -22.50645491], [-44.99305467, -22.50606129], [-44.99356305, -22.50602195], [-44.99373253, -22.50558896], [-44.99385964, -22.50511661], [-44.99398676, -22.50464425], [-44.99449513, -22.50456555], [-44.9950035, -22.50456556], [-44.99551186, -22.50468366], [-44.99589312, -22.50499858], [-44.99631677, -22.50523477], [-44.99682513, -22.50511669], [-44.99733351, -22.50499861], [-44.99784187, -22.50511671], [-44.99792661, -22.50464435], [-44.99788425, -22.504172], [-44.99775717, -22.50369964], [-44.9978419, -22.50322728], [-44.9980243, -22.50298517], [-44.99812657, -22.50308698], [-44.99848671, -22.50342162], [-44.99861533, -22.50387577], [-44.99879539, -22.50430602], [-44.9988983, -22.50476017], [-44.99856207, -22.50515608], [-44.99830787, -22.50554971], [-44.99809604, -22.5059827], [-44.99813841, -22.50645506], [-44.99856205, -22.5067306], [-44.99881623, -22.50712424], [-44.9987315, -22.50759659], [-44.99856204, -22.50802958], [-44.99881622, -22.50842321], [-44.99881622, -22.50889557], [-44.99885858, -22.50936793], [-44.99902804, -22.50980093], [-44.99923986, -22.51023392], [-44.99936696, -22.51070628], [-44.99945169, -22.51117863], [-44.99985011, -22.51147678], [-45.00013309, -22.51185922], [-45.00059616, -22.51209824], [-45.00095633, -22.5117875], [-45.00118786, -22.51138116], [-45.00165093, -22.51154848], [-45.00213972, -22.51152457], [-45.00226837, -22.51197871], [-45.00216546, -22.51243286], [-45.00203684, -22.51288701], [-45.0017024, -22.51322165], [-45.00134223, -22.51291092], [-45.00098207, -22.51324555], [-45.00054471, -22.51346068], [-45.00008164, -22.51326946], [-44.99995301, -22.51281531], [-44.99948993, -22.512648], [-44.99947932, -22.51274665], [-44.99936695, -22.51251697], [-44.99898566, -22.51220206], [-44.99851962, -22.51204462], [-44.99801123, -22.51208397], [-44.99758758, -22.51184779], [-44.99716392, -22.5116116], [-44.99712156, -22.51113925], [-44.99695211, -22.51070625], [-44.99720631, -22.51031262], [-44.99716395, -22.50984027], [-44.99690976, -22.50944663], [-44.99657084, -22.50980089], [-44.996359, -22.51023388], [-44.9958506, -22.51027323], [-44.99538459, -22.5100764], [-44.99496093, -22.51031256], [-44.99517274, -22.51074557], [-44.99517272, -22.51121792], [-44.9950456, -22.51169028], [-44.99500322, -22.51216263], [-44.99483374, -22.51259562], [-44.99487609, -22.51306798], [-44.99538449, -22.51302863], [-44.99640129, -22.51302866], [-44.99674022, -22.51338293], [-44.99665547, -22.51385528], [-44.99682492, -22.51432764], [-44.99712149, -22.51472128], [-44.99762989, -22.51483937], [-44.9978841, -22.51440638], [-44.99835014, -22.51456384], [-44.99851959, -22.51499684], [-44.99898564, -22.51519365], [-44.99945167, -22.51499684], [-44.99986053, -22.51464239], [-45.00008164, -22.51477532], [-45.00044181, -22.51508605], [-45.00085344, -22.51537288], [-45.00116217, -22.51573142], [-45.00152235, -22.51606605], [-45.00201116, -22.51606605], [-45.00249997, -22.51597043], [-45.00268005, -22.51554018], [-45.00275723, -22.51508603], [-45.00319457, -22.5148709], [-45.00358046, -22.51458407], [-45.00368336, -22.51412992], [-45.0040178, -22.51379527], [-45.0045066, -22.51389086], [-45.00486678, -22.51420159], [-45.00476389, -22.51465574], [-45.00486681, -22.51510988], [-45.00509837, -22.51551622], [-45.00548428, -22.51580303], [-45.00579303, -22.51616156], [-45.00599456, -22.51617939], [-45.00630757, -22.51654398], [-45.00677067, -22.51673518], [-45.00697651, -22.51716542], [-45.00682217, -22.51761957], [-45.00666783, -22.51804982], [-45.00635912, -22.51840838], [-45.00630768, -22.51886253], [-45.00656498, -22.51929276], [-45.00653927, -22.51974691], [-45.00677084, -22.52015324], [-45.0071825, -22.52044005], [-45.00767133, -22.52055954], [-45.00777421, -22.52010539], [-45.00777419, -22.51965124], [-45.00805717, -22.51926879], [-45.00834016, -22.51888634], [-45.00882897, -22.51886241], [-45.00911195, -22.51847995], [-45.00929201, -22.51804969], [-45.00978083, -22.51797796], [-45.01008958, -22.51833647], [-45.01029542, -22.51876671], [-45.01037265, -22.51922085], [-45.01055277, -22.51965108], [-45.01062998, -22.52010522], [-45.01111881, -22.52010519], [-45.01150476, -22.5204159], [-45.01178779, -22.52079831], [-45.01194766, -22.52093622], [-45.01222521, -22.52132414], [-45.01271405, -22.52144361], [-45.01317713, -22.52125236], [-45.01364021, -22.5210372], [-45.01412905, -22.52108496], [-45.01438637, -22.52149128], [-45.01454078, -22.52192151], [-45.01461801, -22.52237565], [-45.01490106, -22.52275806], [-45.01520984, -22.52311657], [-45.01526134, -22.52357071], [-45.01539003, -22.52402485], [-45.01557008, -22.52357068], [-45.01549285, -22.52309264], [-45.01541561, -22.5226146], [-45.01513256, -22.52220828], [-45.01484951, -22.52182587], [-45.01484946, -22.52137173], [-45.01461786, -22.5209654], [-45.01430909, -22.52060689], [-45.01403794, -22.52054204], [-45.01405181, -22.5205352], [-45.01381972, -22.52048983], [-45.01356297, -22.52043964], [-45.01332593, -22.52046284], [-45.01307415, -22.52048749], [-45.01258533, -22.52055923], [-45.0120965, -22.52053536], [-45.01181346, -22.52012904], [-45.01168479, -22.51967491], [-45.01137602, -22.5193164], [-45.01178764, -22.51900563], [-45.01222502, -22.51922072], [-45.01253378, -22.51957924], [-45.01297117, -22.51981822], [-45.01346001, -22.51991379], [-45.01394884, -22.51998546], [-45.01441191, -22.51977029], [-45.01441187, -22.51931615], [-45.0143861, -22.51886201], [-45.01420596, -22.51843177], [-45.01394864, -22.51802545], [-45.01363988, -22.51766695], [-45.0132025, -22.51742795], [-45.01286801, -22.51709335], [-45.0125078, -22.51678265], [-45.0121476, -22.51647194], [-45.0117874, -22.51613733], [-45.01145292, -22.51580272], [-45.01098982, -22.51561154], [-45.01052673, -22.51546814], [-45.01032088, -22.51501402], [-45.01006358, -22.51460769], [-45.00988544, -22.51427675], [-45.01001209, -22.51412965], [-45.01034651, -22.51379499], [-45.01075811, -22.51350813], [-45.01122117, -22.51336469], [-45.01165851, -22.51312562], [-45.01196719, -22.51274317], [-45.01152983, -22.51250417], [-45.01106674, -22.51236078], [-45.01093807, -22.51190665], [-45.01050071, -22.51166765], [-45.01008908, -22.51140475], [-45.00965171, -22.51118965], [-45.00998613, -22.5108311], [-45.01001182, -22.51037695], [-45.00954874, -22.51016185], [-45.00905995, -22.51009018], [-45.00887989, -22.51054434], [-45.00916291, -22.51099847], [-45.00934302, -22.5114287], [-45.00885422, -22.51138092], [-45.00857121, -22.51095069], [-45.00849401, -22.51049655], [-45.00815955, -22.51016193], [-45.00772219, -22.50992293], [-45.00720768, -22.50985124], [-45.00669316, -22.50977956], [-45.00641016, -22.50939714], [-45.00684748, -22.50915809], [-45.00733627, -22.50922978], [-45.00782506, -22.50930146], [-45.00787648, -22.5087756], [-45.00738769, -22.5085844], [-45.00687317, -22.50846492], [-45.006513, -22.50813029], [-45.00641008, -22.50767615], [-45.00648723, -22.507222], [-45.00684737, -22.50688735], [-45.00718178, -22.5065527], [-45.00746474, -22.50617024], [-45.00736181, -22.5057161], [-45.00718172, -22.50528586], [-45.00684727, -22.50495124], [-45.00646138, -22.50464053], [-45.0059726, -22.50432982], [-45.00576679, -22.50389958], [-45.00584394, -22.50344543], [-45.00612689, -22.50306297], [-45.00612687, -22.50260882], [-45.00589534, -22.50220249], [-45.00586959, -22.50174834], [-45.00556089, -22.50138982], [-45.00507213, -22.50136593], [-45.00476345, -22.50172448], [-45.00453194, -22.50213083], [-45.00422326, -22.50248937], [-45.00386313, -22.50280012], [-45.00352872, -22.50315867], [-45.00322004, -22.5035172], [-45.00273127, -22.50363672], [-45.00296278, -22.50323038], [-45.00314284, -22.50280013], [-45.00278269, -22.5024894], [-45.00301421, -22.50205916], [-45.00337434, -22.50172451], [-45.0036573, -22.50134207], [-45.00396598, -22.50098352], [-45.004429, -22.50081619], [-45.00486632, -22.50105521], [-45.00532935, -22.50086397], [-45.00581811, -22.50088786], [-45.00630687, -22.50095954], [-45.00679563, -22.50098342], [-45.00695191, -22.50072201], [-45.00704664, -22.50077402], [-45.00749937, -22.50052541], [-45.00756109, -22.50006648], [-45.00735527, -22.49958844], [-45.00704656, -22.49918689], [-45.00665555, -22.49880447], [-45.00634684, -22.49844116], [-45.00603814, -22.49807785], [-45.00566771, -22.49773367], [-45.00533844, -22.49729388], [-45.00511205, -22.4968732], [-45.00486509, -22.49647165], [-45.00453582, -22.49610833], [-45.00426829, -22.49570678], [-45.00400075, -22.49522873], [-45.00363033, -22.49488455], [-45.00358917, -22.49442562], [-45.00319817, -22.49406231], [-45.00278659, -22.49381373], [-45.00253965, -22.49341217], [-45.00278658, -22.4930106], [-45.00328046, -22.49297235], [-45.00375375, -22.49285761], [-45.00367142, -22.49232219], [-45.00381546, -22.49186326], [-45.00406238, -22.4913852], [-45.00422698, -22.49088802], [-45.0044739, -22.49040996], [-45.00463851, -22.48997016], [-45.0045356, -22.48951123], [-45.00447385, -22.4890523], [-45.00441211, -22.48859337], [-45.00408287, -22.48824918], [-45.00365073, -22.48803885], [-45.00315687, -22.48790501], [-45.00268359, -22.48801975], [-45.00229262, -22.48830658], [-45.0019634, -22.48865079], [-45.00149011, -22.48880377], [-45.00138722, -22.48830659], [-45.00120202, -22.48786679], [-45.00068759, -22.4877903], [-45.00029661, -22.48736963], [-45.00007027, -22.48692981], [-44.99965872, -22.48662386], [-44.99938491, -22.4864911], [-44.99955008, -22.48648444], [-45.00004393, -22.48653033], [-45.00055425, -22.48642324], [-45.00098225, -22.48617848], [-45.00150902, -22.48614787], [-45.00200287, -22.48602549], [-45.00236503, -22.48570423], [-45.00196994, -22.48541358], [-45.00154194, -22.48519942], [-45.00106455, -22.4853371], [-45.00058716, -22.48523002], [-45.00024147, -22.48555127], [-45.00020855, -22.4860102], [-44.99971469, -22.48608669], [-44.9992867, -22.48585723], [-44.99889162, -22.48558187], [-44.99839777, -22.48564305], [-44.99806854, -22.4853065], [-44.99764054, -22.48507703], [-44.9971467, -22.48490875], [-44.99670225, -22.48472517], [-44.99630718, -22.48443451], [-44.99627426, -22.48396028], [-44.99678457, -22.48396029], [-44.99729487, -22.48399089], [-44.99780517, -22.4839756], [-44.99822193, -22.48423985], [-44.9982501, -22.4843053], [-44.99852789, -22.48467818], [-44.99902173, -22.48470687], [-44.99948471, -22.48450609], [-44.99994769, -22.48467819], [-45.00044153, -22.48462082], [-45.00087365, -22.48439136], [-45.00133662, -22.48453477], [-45.00167615, -22.48487896], [-45.00217, -22.48496501], [-45.0020774, -22.48450608], [-45.00179961, -22.4841332], [-45.0017996, -22.48367427], [-45.00216998, -22.48335875], [-45.00263295, -22.48321532], [-45.00312679, -22.483244], [-45.00349718, -22.4835595], [-45.00389843, -22.48384633], [-45.00429969, -22.48413315], [-45.00460835, -22.48450603], [-45.00504047, -22.48473548], [-45.00550346, -22.48493624], [-45.00565773, -22.48506765], [-45.00587386, -22.48525174], [-45.00609385, -22.48540898], [-45.00627512, -22.48553856], [-45.00676898, -22.48562459], [-45.00726282, -22.48550983], [-45.00744208, -22.48541612], [-45.00744801, -22.48550983], [-45.00763323, -22.48594006], [-45.00791104, -22.48631293], [-45.00840489, -22.48634159], [-45.00865179, -22.48591133], [-45.00914563, -22.48579657], [-45.0096086, -22.48562444], [-45.00988636, -22.48522286], [-45.01013326, -22.48482129], [-45.01047275, -22.48444839], [-45.01096659, -22.48439099], [-45.01075056, -22.48482125], [-45.01056541, -22.4852515], [-45.01047284, -22.48571044], [-45.01034942, -22.48616938], [-45.01038032, -22.4866283], [-45.01053468, -22.48705854], [-45.01059644, -22.48751746], [-45.010936, -22.48786164], [-45.01294229, -22.48786149], [-45.01340526, -22.48766067], [-45.01383736, -22.48743117], [-45.01426946, -22.48720167], [-45.01454721, -22.48680008], [-45.01405336, -22.48680012], [-45.01362126, -22.48702962], [-45.0131583, -22.48725913], [-45.01275707, -22.48751731], [-45.0122632, -22.4874313], [-45.01176935, -22.48737397], [-45.01149152, -22.48700111], [-45.01192362, -22.48677161], [-45.01226312, -22.48642739], [-45.01257174, -22.48605449], [-45.01266429, -22.48559555], [-45.01260252, -22.48513663], [-45.01272594, -22.48467769], [-45.01288023, -22.48424743], [-45.01325058, -22.48390319], [-45.01325053, -22.48344427], [-45.01368262, -22.48321477], [-45.01417646, -22.48321472], [-45.01463946, -22.48341546], [-45.01513329, -22.48338673], [-45.01541112, -22.48375959], [-45.01590496, -22.48375954], [-45.01636792, -22.48355871], [-45.01683088, -22.48341525], [-45.01698515, -22.48298499], [-45.01686164, -22.48252607], [-45.01670726, -22.48209584], [-45.01630598, -22.48183773], [-45.01618247, -22.48137882], [-45.01639848, -22.48094855], [-45.01652188, -22.48048961], [-45.01649096, -22.48003068], [-45.01652177, -22.47957175], [-45.0166723, -22.4792719], [-45.01673777, -22.47914147], [-45.01689204, -22.47868253], [-45.01679939, -22.47822361], [-45.01716972, -22.47790806], [-45.01763265, -22.47770723], [-45.01775604, -22.47724828], [-45.01791031, -22.47681802], [-45.01837324, -22.47667455], [-45.01886704, -22.47658845], [-45.01937522, -22.47656378], [-45.01951926, -22.47658288], [-45.01958099, -22.47658287], [-45.01976617, -22.47660197], [-45.02040401, -22.47660189], [-45.02044108, -22.4765904], [-45.02044119, -22.47730533], [-45.02019434, -22.47770692], [-45.01973136, -22.47753488], [-45.01929923, -22.47730547], [-45.01905238, -22.47770706], [-45.01895985, -22.478166], [-45.01895991, -22.47862493], [-45.01874392, -22.47905521], [-45.01834273, -22.47934209], [-45.0178798, -22.47957161], [-45.01750947, -22.47988716], [-45.01760212, -22.48034608], [-45.01781822, -22.4807763], [-45.01828121, -22.48091967], [-45.01865162, -22.48123514], [-45.01840476, -22.48163673], [-45.01794181, -22.48178019], [-45.01760234, -22.48215311], [-45.01788017, -22.48252596], [-45.01834317, -22.48269801], [-45.01849755, -22.48312824], [-45.01834328, -22.4835585], [-45.01883714, -22.48367318], [-45.01933098, -22.4837018], [-45.01970141, -22.48404596], [-45.01976321, -22.48450488], [-45.01970154, -22.48496382], [-45.01970161, -22.48542275], [-45.02004118, -22.4857669], [-45.02031902, -22.48613974], [-45.02078203, -22.48634047], [-45.0212142, -22.48656987], [-45.02170806, -22.48662718], [-45.02214014, -22.48639765], [-45.02263398, -22.48634022], [-45.02312782, -22.4862541], [-45.02362166, -22.48622534], [-45.02392537, -22.48613122], [-45.02380681, -22.48593849], [-45.02349809, -22.48556565], [-45.02315851, -22.48519282], [-45.02266462, -22.48493474], [-45.02272628, -22.48447581], [-45.02278793, -22.48401687], [-45.02284959, -22.48355792], [-45.02238659, -22.48341457], [-45.02189276, -22.48347201], [-45.02139891, -22.48341471], [-45.02093589, -22.48321399], [-45.02056547, -22.48289852], [-45.02075368, -22.48270766], [-45.02071871, -22.48239296], [-45.02080704, -22.48226047], [-45.02102786, -22.48194249], [-45.02107867, -22.48186479], [-45.02096654, -22.48175115], [-45.02059611, -22.48137831], [-45.02016397, -22.48114891], [-45.0202565, -22.48068996], [-45.02004038, -22.48025975], [-45.02013291, -22.47980081], [-45.02050323, -22.47948524], [-45.02090451, -22.47974334], [-45.02127494, -22.48005881], [-45.02173792, -22.48020216], [-45.02170723, -22.48065964], [-45.02193254, -22.48097945], [-45.02196412, -22.48096206], [-45.02198368, -22.48105203], [-45.02199114, -22.48106262], [-45.02198686, -22.48106666], [-45.02200829, -22.48116521], [-45.02205245, -22.48150968], [-45.02229094, -22.48199548], [-45.02244588, -22.48227956], [-45.02278763, -22.48215246], [-45.02328145, -22.48209503], [-45.02377531, -22.48223837], [-45.02417651, -22.48198016], [-45.02467029, -22.48169326], [-45.02516411, -22.48160713], [-45.02565795, -22.48166442], [-45.02615181, -22.48175039], [-45.02661476, -22.4816069], [-45.02701594, -22.48132], [-45.02747886, -22.48109046], [-45.02775672, -22.48146329], [-45.02781854, -22.48192221], [-45.02769517, -22.48238116], [-45.0274792, -22.48281144], [-45.02701627, -22.4830123], [-45.0268929, -22.48347125], [-45.02738674, -22.48347117], [-45.02770814, -22.48350845], [-45.02807544, -22.48320571], [-45.02832228, -22.4828041], [-45.02879551, -22.48267017], [-45.02928938, -22.48278482], [-45.0297655, -22.48266648], [-45.03014496, -22.4821121], [-45.03001721, -22.48170825], [-45.0300198, -22.48170969], [-45.03092915, -22.48177344], [-45.03171625, -22.48190821], [-45.03200393, -22.48195512], [-45.03202876, -22.48197818], [-45.03246521, -22.48231994], [-45.03257223, -22.48246194], [-45.0326334, -22.48258976], [-45.03258453, -22.48286724], [-45.03261541, -22.48289592], [-45.03264628, -22.4829246], [-45.03267715, -22.48295328], [-45.03270802, -22.48298195], [-45.03270803, -22.48301063], [-45.03273889, -22.48301063], [-45.0327389, -22.48303932], [-45.03276976, -22.48303931], [-45.03276977, -22.48306799], [-45.03295496, -22.48306796], [-45.03298583, -22.48309663], [-45.03326362, -22.48309658], [-45.03329449, -22.48315394], [-45.03332536, -22.48315393], [-45.03332537, -22.48318261], [-45.03335623, -22.48318261], [-45.03335625, -22.48326866], [-45.03338712, -22.48326865], [-45.03341799, -22.48329733], [-45.033418, -22.48332601], [-45.03344886, -22.483326], [-45.03347973, -22.48335468], [-45.0335106, -22.48335467], [-45.03354147, -22.48338335], [-45.03354148, -22.48341203], [-45.03357234, -22.48341203], [-45.03357236, -22.48346939], [-45.03360322, -22.48346939], [-45.03360325, -22.4836128], [-45.03363413, -22.48364148], [-45.03363417, -22.48381358], [-45.03366503, -22.48381357], [-45.03366505, -22.48389962], [-45.0336342, -22.48392831], [-45.03363429, -22.48432987], [-45.03366517, -22.48435855], [-45.03366519, -22.48447328], [-45.03369607, -22.48450196], [-45.03369611, -22.48470274], [-45.03366525, -22.48470274], [-45.03366526, -22.48476011], [-45.0336344, -22.48476012], [-45.03363446, -22.48501826], [-45.03366533, -22.48504694], [-45.03366536, -22.48516167], [-45.03369623, -22.48519035], [-45.03369628, -22.48539113], [-45.03366541, -22.48539114], [-45.03366544, -22.48550587], [-45.03369631, -22.48550586], [-45.03369631, -22.48553455], [-45.03372719, -22.48556322], [-45.03372719, -22.48559191], [-45.03375806, -22.4855919], [-45.03375809, -22.48570663], [-45.03378896, -22.48573531], [-45.03385069, -22.48573529], [-45.0338507, -22.48576398], [-45.03388156, -22.48576397], [-45.03388161, -22.48596475], [-45.03391248, -22.48596475], [-45.0339125, -22.48605079], [-45.03388164, -22.48607948], [-45.03388165, -22.48613685], [-45.0338508, -22.48616554], [-45.03385084, -22.48633764], [-45.03381997, -22.48633764], [-45.03378911, -22.48636633], [-45.03378912, -22.48639502], [-45.03375825, -22.48639502], [-45.0337274, -22.48642371], [-45.03372742, -22.48650976], [-45.03369656, -22.48653845], [-45.03369656, -22.48656713], [-45.0336657, -22.48656714], [-45.03366572, -22.48665319], [-45.03363486, -22.48668188], [-45.033604, -22.48668189], [-45.033604, -22.48671057], [-45.03357314, -22.48671058], [-45.03357321, -22.48702609], [-45.03360408, -22.48702608], [-45.03360409, -22.48705477], [-45.03363495, -22.48705476], [-45.03363497, -22.48711213], [-45.0336041, -22.48711214], [-45.03360411, -22.48714082], [-45.03357325, -22.4871695], [-45.03357326, -22.48722687], [-45.0335424, -22.48725557], [-45.03351154, -22.48725558], [-45.03351154, -22.48728426], [-45.03348068, -22.48731294], [-45.03348069, -22.48734162], [-45.03344983, -22.48737031], [-45.03341897, -22.48737032], [-45.03338811, -22.48739902], [-45.03335724, -22.48739902], [-45.03332638, -22.48742771], [-45.03329552, -22.48742772], [-45.03329552, -22.48745639], [-45.03326466, -22.4874564], [-45.0332338, -22.48748509], [-45.03323381, -22.48754246], [-45.03320295, -22.48757115], [-45.03320299, -22.48774325], [-45.03323387, -22.48777193], [-45.03323388, -22.48782929], [-45.03326475, -22.48782929], [-45.03326479, -22.48800138], [-45.03323393, -22.48803007], [-45.03323394, -22.48805876], [-45.03320307, -22.48805876], [-45.03320308, -22.48808745], [-45.03317222, -22.48811614], [-45.03317222, -22.48814482], [-45.03314136, -22.48814483], [-45.0331105, -22.48817351], [-45.03304877, -22.48817353], [-45.03301791, -22.48820222], [-45.03301791, -22.4882309], [-45.03280185, -22.48823094], [-45.03280187, -22.48831699], [-45.03283275, -22.48834567], [-45.03286361, -22.48834566], [-45.03286362, -22.48837435], [-45.03289448, -22.48837434], [-45.03292536, -22.48840302], [-45.03292536, -22.4884317], [-45.03295623, -22.48843169], [-45.03295624, -22.48846038], [-45.0329871, -22.48846037], [-45.03301798, -22.48848905], [-45.03301798, -22.48851773], [-45.03304885, -22.48851772], [-45.03307972, -22.4885464], [-45.03311059, -22.48854639], [-45.03311059, -22.48857508], [-45.03314146, -22.48857507], [-45.03317233, -22.48860375], [-45.03320321, -22.48866111], [-45.03323408, -22.4886611], [-45.03323409, -22.48868978], [-45.03326495, -22.48868978], [-45.03329583, -22.48871845], [-45.03329583, -22.48874714], [-45.0333267, -22.48874713], [-45.03332671, -22.4888045], [-45.03335758, -22.48880449], [-45.03338845, -22.48883317], [-45.03341932, -22.48886184], [-45.03345019, -22.48886184], [-45.0334502, -22.48889052], [-45.03348106, -22.48889051], [-45.03351194, -22.48891919], [-45.03354281, -22.48894787], [-45.03357368, -22.48897654], [-45.03360455, -22.48897654], [-45.03360456, -22.4890339], [-45.03363544, -22.48906258], [-45.0336663, -22.48906257], [-45.03366631, -22.48909126], [-45.03369718, -22.48911993], [-45.03369721, -22.48923467], [-45.03372808, -22.48926334], [-45.03372809, -22.48929202], [-45.03375896, -22.48929202], [-45.033759, -22.48946412], [-45.03378987, -22.48946411], [-45.03378987, -22.48949279], [-45.03382074, -22.48949279], [-45.03385161, -22.48952146], [-45.03385163, -22.48960751], [-45.03388251, -22.48963619], [-45.03388253, -22.48975092], [-45.03385167, -22.48977961], [-45.03385169, -22.48983698], [-45.03382082, -22.48983698], [-45.03378996, -22.48986567], [-45.03378998, -22.48992304], [-45.03375911, -22.48992304], [-45.03372825, -22.48995173], [-45.03366652, -22.48995175], [-45.03366652, -22.48998043], [-45.03363567, -22.49000912], [-45.03360481, -22.49003781], [-45.03360482, -22.49009518], [-45.03357396, -22.49012386], [-45.0335431, -22.49015255], [-45.03351223, -22.49015256], [-45.03348137, -22.49018125], [-45.03348138, -22.49020993], [-45.03345051, -22.49020994], [-45.03345052, -22.49023862], [-45.03341966, -22.49023863], [-45.03341968, -22.49032468], [-45.03338881, -22.49032468], [-45.03338882, -22.49035337], [-45.03332708, -22.49035338], [-45.03329622, -22.49038207], [-45.03326536, -22.49041076], [-45.03326538, -22.49046812], [-45.03323451, -22.49046813], [-45.03323453, -22.49055418], [-45.03320366, -22.49055419], [-45.03317281, -22.49058288], [-45.03314195, -22.49061157], [-45.03311108, -22.49061157], [-45.03311109, -22.49064025], [-45.03308022, -22.49064026], [-45.03308023, -22.49069763], [-45.03304937, -22.49069763], [-45.03304937, -22.49072632], [-45.03301851, -22.49075501], [-45.03298765, -22.4907837], [-45.03295679, -22.49081238], [-45.03295681, -22.49086975], [-45.03292595, -22.49092712], [-45.03289509, -22.49095581], [-45.03286423, -22.49095582], [-45.03286424, -22.49101318], [-45.03283337, -22.49101319], [-45.03283338, -22.49104187], [-45.03280252, -22.49107056], [-45.03277166, -22.49109925], [-45.03277167, -22.49112794], [-45.0325556, -22.49112798], [-45.03252474, -22.49115667], [-45.03196914, -22.49115678], [-45.03196912, -22.49107073], [-45.03193825, -22.49104205], [-45.03184565, -22.49104207], [-45.03181477, -22.4910134], [-45.03175304, -22.49101341], [-45.03175303, -22.49098472], [-45.0316913, -22.49098474], [-45.03166043, -22.49095606], [-45.03159868, -22.49095607], [-45.03156781, -22.49092739], [-45.03153694, -22.4909274], [-45.03150607, -22.49089872], [-45.03144434, -22.49089874], [-45.03144433, -22.49087005], [-45.03141347, -22.49087006], [-45.03138259, -22.49084138], [-45.03135173, -22.49084139], [-45.03128999, -22.49081272], [-45.03119739, -22.49081273], [-45.03116651, -22.49078406], [-45.03095045, -22.4907841], [-45.03091957, -22.49075542], [-45.03088871, -22.49075543], [-45.03082697, -22.49072676], [-45.0307035, -22.49072678], [-45.03049718, -22.49071525], [-45.03020319, -22.49069881], [-45.02982045, -22.49072182], [-45.02977097, -22.49025143], [-45.0295106, -22.48972246], [-45.02947778, -22.48968943], [-45.02863749, -22.48884383], [-45.02870584, -22.48805872], [-45.02826477, -22.48846875], [-45.0268017, -22.4869964], [-45.02747153, -22.48584472], [-45.02720196, -22.48556507], [-45.02692409, -22.48519224], [-45.02646114, -22.48533573], [-45.0259673, -22.48542186], [-45.02553523, -22.48565139], [-45.02535011, -22.48608167], [-45.02501066, -22.4864546], [-45.02451681, -22.48648336], [-45.02419796, -22.48638465], [-45.02380284, -22.48679516], [-45.02197177, -22.4886885], [-45.02108696, -22.4888416], [-45.02110763, -22.48947262], [-45.02081961, -22.48995071], [-45.01966728, -22.49002734], [-45.01962621, -22.49058189], [-45.01999661, -22.49063921], [-45.01674579, -22.4944831], [-45.01584037, -22.49473178], [-45.01536713, -22.49530549], [-45.01542893, -22.49587914], [-45.01540835, -22.49587915], [-45.01549072, -22.49633807], [-45.01582001, -22.49668224], [-45.01590238, -22.49714116], [-45.01561432, -22.49752362], [-45.01547031, -22.49796345], [-45.01544978, -22.49842238], [-45.01573794, -22.49880479], [-45.01623184, -22.49884299], [-45.01672572, -22.49876645], [-45.01719902, -22.49861342], [-45.0175694, -22.49830743], [-45.0173224, -22.4979059], [-45.0175693, -22.4975043], [-45.0179191, -22.49717919], [-45.01802193, -22.49672025], [-45.01758975, -22.49650996], [-45.01709587, -22.49656738], [-45.01732218, -22.49616579], [-45.01779548, -22.49601276], [-45.0182276, -22.49580237], [-45.01855681, -22.49545814], [-45.01884486, -22.49507566], [-45.01907116, -22.49467407], [-45.01925631, -22.49425337], [-45.01958551, -22.49390912], [-45.02003821, -22.49371785], [-45.02036741, -22.49337362], [-45.02069661, -22.49302938], [-45.0211493, -22.4928381], [-45.02162258, -22.4927233], [-45.02209584, -22.49251289], [-45.02234271, -22.49211129], [-45.02261016, -22.49170969], [-45.02310402, -22.49161402], [-45.02359789, -22.49163307], [-45.0240712, -22.49176685], [-45.02452395, -22.49197713], [-45.0244623, -22.49243606], [-45.0245447, -22.49289498], [-45.0243184, -22.4933157], [-45.02386573, -22.49350698], [-45.02343355, -22.49327758], [-45.02293965, -22.49318205], [-45.02244577, -22.49320124], [-45.02211659, -22.49354548], [-45.02238416, -22.49392788], [-45.02283691, -22.49409992], [-45.0233308, -22.49415721], [-45.02368069, -22.49448223], [-45.02351613, -22.49492207], [-45.02308402, -22.49517072], [-45.02269309, -22.49549585], [-45.02230215, -22.49578273], [-45.02205532, -22.49650941], [-45.02195243, -22.49656679], [-45.02147915, -22.4967007], [-45.02096469, -22.49677726], [-45.02053257, -22.49698765], [-45.02032684, -22.49740837], [-45.0200388, -22.49779085], [-45.01962726, -22.4980586], [-45.01870041, -22.49846316], [-45.01894738, -22.4986161], [-45.01940012, -22.4986543], [-45.01983225, -22.49842478], [-45.02001222, -22.49816743], [-45.02010059, -22.4981924], [-45.02051213, -22.49794376], [-45.02098546, -22.49805843], [-45.0214588, -22.49821134], [-45.02151689, -22.49819535], [-45.02158144, -22.49830982], [-45.02207535, -22.49840536], [-45.0224664, -22.49869214], [-45.02246647, -22.49915107], [-45.022199, -22.49955267], [-45.0219727, -22.49997339], [-45.02154058, -22.50018378], [-45.0211702, -22.50048979], [-45.02086156, -22.50085315], [-45.02135546, -22.50081483], [-45.02184935, -22.50071916], [-45.02234326, -22.50077646], [-45.0224668, -22.50121624], [-45.0227344, -22.50159865], [-45.02312546, -22.50188543], [-45.02349594, -22.50219133], [-45.02384573, -22.5018662], [-45.02415436, -22.50148371], [-45.02442182, -22.50110123], [-45.02454522, -22.50066141], [-45.02481268, -22.5002598], [-45.02489491, -22.49978174], [-45.02514178, -22.49938014], [-45.02538866, -22.49897854], [-45.0256767, -22.49859605], [-45.02549141, -22.4981754], [-45.02526497, -22.49777387], [-45.02483277, -22.49756359], [-45.02503849, -22.49714288], [-45.02553236, -22.49706631], [-45.02600571, -22.49723833], [-45.02627331, -22.49765898], [-45.0267672, -22.4976589], [-45.02711698, -22.49733376], [-45.02724054, -22.49779266], [-45.02750814, -22.49819419], [-45.02785805, -22.4985192], [-45.02810492, -22.4981176], [-45.02843425, -22.49846173], [-45.02890759, -22.49857638], [-45.02940149, -22.49863366], [-45.02968952, -22.49825117], [-45.02995696, -22.49786867], [-45.03005684, -22.49783653], [-45.03005686, -22.49795504], [-45.03008774, -22.49798372], [-45.03011861, -22.49801239], [-45.03011862, -22.49804108], [-45.03014949, -22.49806975], [-45.0301495, -22.49809844], [-45.03018037, -22.49812711], [-45.03021125, -22.49815579], [-45.03021126, -22.49821316], [-45.03024213, -22.49824183], [-45.03024225, -22.49875813], [-45.03027312, -22.4987868], [-45.03027313, -22.49884417], [-45.03030402, -22.49890153], [-45.0303349, -22.49895889], [-45.03033491, -22.49901626], [-45.03036578, -22.49904493], [-45.0303658, -22.4991023], [-45.03039667, -22.49913098], [-45.03042755, -22.49918834], [-45.03045075, -22.49923142], [-45.03036888, -22.49941748], [-45.03028666, -22.49987643], [-45.03016328, -22.50031626], [-45.03010165, -22.50079432], [-45.02962836, -22.50094738], [-45.02931975, -22.50131076], [-45.02882585, -22.50136821], [-45.02833196, -22.50144479], [-45.02796147, -22.5011389], [-45.02752935, -22.50134932], [-45.02711781, -22.5016171], [-45.02668569, -22.50184663], [-45.02658288, -22.50230558], [-45.02705624, -22.50243935], [-45.0271798, -22.50287914], [-45.02709757, -22.50333808], [-45.0270565, -22.50379702], [-45.02752981, -22.5036822], [-45.02802373, -22.50372036], [-45.02825003, -22.50331876], [-45.02862039, -22.50299362], [-45.02905261, -22.50320388], [-45.02954652, -22.50322292], [-45.02955977, -22.50314898], [-45.03001627, -22.50325606], [-45.03041298, -22.50364484], [-45.03074621, -22.50384319], [-45.03101597, -22.503986], [-45.0313856, -22.5041893], [-45.03138563, -22.50432242], [-45.03141652, -22.50437978], [-45.0314474, -22.50443714], [-45.03147829, -22.50452318], [-45.03150917, -22.50458054], [-45.03154005, -22.50460922], [-45.03154005, -22.5046379], [-45.03160181, -22.50469525], [-45.03166356, -22.50472392], [-45.03166357, -22.50475261], [-45.03169444, -22.50478128], [-45.03172532, -22.50480996], [-45.03178706, -22.50480995], [-45.03180943, -22.50482034], [-45.03193633, -22.50512851], [-45.03212674, -22.50557282], [-45.0323489, -22.50598539], [-45.03237386, -22.50598086], [-45.03237389, -22.50612926], [-45.03240477, -22.50615793], [-45.03243564, -22.50615793], [-45.03246651, -22.5061866], [-45.03249738, -22.5061866], [-45.03252826, -22.50621527], [-45.03252827, -22.50624396], [-45.03265175, -22.50624393], [-45.03271348, -22.50621524], [-45.03280609, -22.50618653], [-45.03289869, -22.50615783], [-45.03299129, -22.50612913], [-45.03302216, -22.50612912], [-45.03311477, -22.50610042], [-45.03317651, -22.50610041], [-45.03320737, -22.50607172], [-45.03326911, -22.50607171], [-45.03333084, -22.50604301], [-45.03342345, -22.50604299], [-45.03348518, -22.5060143], [-45.03354692, -22.5059856], [-45.03400997, -22.5059855], [-45.03400997, -22.50601419], [-45.03404084, -22.50601418], [-45.03404085, -22.50604286], [-45.03407172, -22.50604286], [-45.03407174, -22.50612891], [-45.03410262, -22.50615758], [-45.03410265, -22.50627231], [-45.03413352, -22.50627231], [-45.0341644, -22.50630098], [-45.03419527, -22.50630098], [-45.03419527, -22.50632966], [-45.03441136, -22.50632961], [-45.03444224, -22.50635829], [-45.03462746, -22.50635825], [-45.03465834, -22.50638693], [-45.03465834, -22.50641561], [-45.03468922, -22.50644429], [-45.03468923, -22.50647297], [-45.0347201, -22.50647296], [-45.03472013, -22.5065877], [-45.03475101, -22.50661637], [-45.03475103, -22.5067311], [-45.03472017, -22.50675979], [-45.03472018, -22.50678848], [-45.03468932, -22.50681717], [-45.03465844, -22.50681717], [-45.03465845, -22.50684586], [-45.03462758, -22.50684586], [-45.03456585, -22.50687456], [-45.03453498, -22.50687456], [-45.03450412, -22.50690325], [-45.03447325, -22.50693194], [-45.03444238, -22.50693195], [-45.0344424, -22.50698932], [-45.03441153, -22.50698932], [-45.03438067, -22.5070467], [-45.03434981, -22.50710407], [-45.03431895, -22.50713276], [-45.03428809, -22.50716145], [-45.03428812, -22.50727618], [-45.03425725, -22.50730487], [-45.03425727, -22.50739092], [-45.03428815, -22.50741959], [-45.03428816, -22.50744828], [-45.03434991, -22.50747695], [-45.03434991, -22.50750563], [-45.03438079, -22.50753431], [-45.03444255, -22.50759166], [-45.03450429, -22.50762033], [-45.0345043, -22.50764901], [-45.03456605, -22.50767768], [-45.03459693, -22.50770636], [-45.0346278, -22.50770635], [-45.03465868, -22.50776371], [-45.03468956, -22.50779239], [-45.03468957, -22.50782107], [-45.03472044, -22.50784975], [-45.03472045, -22.50787843], [-45.03475133, -22.5079071], [-45.0347822, -22.5079071], [-45.03478221, -22.50793578], [-45.03481308, -22.50796446], [-45.03481309, -22.50799314], [-45.03484397, -22.50802182], [-45.03484397, -22.5080505], [-45.03487485, -22.50807918], [-45.03487486, -22.50810786], [-45.03499834, -22.50810783], [-45.03499835, -22.50813651], [-45.03502923, -22.50816519], [-45.03509098, -22.50822254], [-45.03512186, -22.50825122], [-45.03515273, -22.50825121], [-45.03518361, -22.50827989], [-45.03521449, -22.50830857], [-45.03524536, -22.50833724], [-45.0353071, -22.50833723], [-45.03533798, -22.5083659], [-45.03539972, -22.50836589], [-45.0354306, -22.50839457], [-45.03543067, -22.50865271], [-45.0353998, -22.5086814], [-45.03536894, -22.50871009], [-45.03536898, -22.50885351], [-45.03539985, -22.50888218], [-45.03539986, -22.50891087], [-45.03543074, -22.50893954], [-45.03543075, -22.50896823], [-45.0354925, -22.5089969], [-45.03610991, -22.50899676], [-45.0361099, -22.50896808], [-45.03614076, -22.50893939], [-45.03614076, -22.5089107], [-45.03617163, -22.5089107], [-45.03617162, -22.50888201], [-45.03620248, -22.50885332], [-45.03620246, -22.50876727], [-45.03617158, -22.5087386], [-45.03610983, -22.50870993], [-45.03607896, -22.50870994], [-45.03604809, -22.50868126], [-45.03604808, -22.50865258], [-45.03601719, -22.50856653], [-45.03601718, -22.50853785], [-45.03598629, -22.50848049], [-45.03598629, -22.50845181], [-45.03595541, -22.50842313], [-45.03589366, -22.50839446], [-45.03586279, -22.50839447], [-45.03580103, -22.50833712], [-45.03577016, -22.50833713], [-45.0357084, -22.50825109], [-45.03567752, -22.50822241], [-45.03564664, -22.50819374], [-45.03561577, -22.50816506], [-45.03555402, -22.50813639], [-45.03549228, -22.50813641], [-45.03549227, -22.50810772], [-45.0354614, -22.50810773], [-45.03546139, -22.50807905], [-45.03543051, -22.50805037], [-45.03543051, -22.50802169], [-45.03539964, -22.5080217], [-45.03536876, -22.50799302], [-45.03536875, -22.50796434], [-45.03533787, -22.50793566], [-45.03533778, -22.50756278], [-45.03536865, -22.50756277], [-45.0353995, -22.5075054], [-45.03543037, -22.50747671], [-45.03543036, -22.50744803], [-45.03546122, -22.50739066], [-45.03549209, -22.50739065], [-45.03549207, -22.50733328], [-45.03552293, -22.50727591], [-45.03555379, -22.50724722], [-45.03558465, -22.50721853], [-45.03558465, -22.50718985], [-45.03564639, -22.50718983], [-45.03564638, -22.50716115], [-45.03567724, -22.50713246], [-45.03570811, -22.50713246], [-45.0357081, -22.50710377], [-45.03573896, -22.5070464], [-45.03573895, -22.50701772], [-45.03576982, -22.50698903], [-45.03576981, -22.50696034], [-45.03580068, -22.50696034], [-45.03580067, -22.50693165], [-45.03583154, -22.50693165], [-45.03583153, -22.50690296], [-45.03626372, -22.50690287], [-45.03629459, -22.50693154], [-45.03632546, -22.50693154], [-45.03635634, -22.50696021], [-45.03638722, -22.50698889], [-45.03638723, -22.50701757], [-45.03641811, -22.50704625], [-45.03675769, -22.50704617], [-45.03678857, -22.50707485], [-45.03694292, -22.50707481], [-45.03697378, -22.50704612], [-45.03697377, -22.50701744], [-45.03706638, -22.50701742], [-45.03706639, -22.5070461], [-45.037159, -22.50704608], [-45.03715901, -22.50707476], [-45.03718988, -22.50707475], [-45.03722076, -22.50710343], [-45.0372825, -22.50710342], [-45.03731337, -22.50713209], [-45.03734424, -22.50713208], [-45.03734425, -22.50716077], [-45.03737512, -22.50716076], [-45.037406, -22.50718944], [-45.03743688, -22.50721811], [-45.03746776, -22.50724679], [-45.03749863, -22.50724678], [-45.03749863, -22.50727546], [-45.03752951, -22.50730414], [-45.03752953, -22.5073615], [-45.03756041, -22.50739018], [-45.03759128, -22.50739017], [-45.03762215, -22.50741885], [-45.03765302, -22.50741884], [-45.0376839, -22.50744752], [-45.03771478, -22.50747619], [-45.0377148, -22.50753356], [-45.03774568, -22.50759092], [-45.03774569, -22.5076196], [-45.03777656, -22.50761959], [-45.03777658, -22.50770564], [-45.03780746, -22.50773432], [-45.03780747, -22.507763], [-45.03783835, -22.50779168], [-45.03786923, -22.50782035], [-45.0379001, -22.50784903], [-45.03793098, -22.5078777], [-45.03796186, -22.50790638], [-45.03811621, -22.50790634], [-45.03814708, -22.50787765], [-45.03817795, -22.50787765], [-45.03817794, -22.50784896], [-45.03820879, -22.50779159], [-45.03823966, -22.5077629], [-45.03823965, -22.50773422], [-45.03827052, -22.50773421], [-45.03827045, -22.50750475], [-45.03823958, -22.50750475], [-45.03823957, -22.50744739], [-45.0382087, -22.50744739], [-45.03820869, -22.50741871], [-45.03814694, -22.50739004], [-45.03808519, -22.50733269], [-45.03802343, -22.50727534], [-45.03799255, -22.50724666], [-45.03796167, -22.50718931], [-45.0379308, -22.50718931], [-45.03786904, -22.50713196], [-45.03783817, -22.50713197], [-45.03783816, -22.50710329], [-45.03774555, -22.50710331], [-45.03774554, -22.50707462], [-45.03768379, -22.50704596], [-45.03765292, -22.50704596], [-45.03759118, -22.5070173], [-45.03759117, -22.50698861], [-45.0375603, -22.50698862], [-45.03749855, -22.50695995], [-45.03746767, -22.50693127], [-45.03740592, -22.50690261], [-45.03737505, -22.50687393], [-45.03734416, -22.50681657], [-45.03734414, -22.50675921], [-45.03731327, -22.50673053], [-45.03731326, -22.50670185], [-45.03728239, -22.50670185], [-45.03728237, -22.50661581], [-45.0372515, -22.50661581], [-45.03725148, -22.50655845], [-45.03722061, -22.50655845], [-45.0372206, -22.50652977], [-45.03718973, -22.50652978], [-45.03715885, -22.50647242], [-45.03712798, -22.50647243], [-45.03706623, -22.50644376], [-45.03706622, -22.50641507], [-45.03697361, -22.5064151], [-45.03694273, -22.50638642], [-45.0364488, -22.50638653], [-45.03641792, -22.50635786], [-45.03638705, -22.50632918], [-45.03635618, -22.50632919], [-45.0363253, -22.50630051], [-45.03629442, -22.50627184], [-45.03626354, -22.50624316], [-45.03623267, -22.50621448], [-45.03620179, -22.50618581], [-45.03617092, -22.50618581], [-45.03614004, -22.50615714], [-45.03614003, -22.50612846], [-45.03610916, -22.50609978], [-45.03610913, -22.50598505], [-45.03613999, -22.50595636], [-45.03613997, -22.50589899], [-45.03617084, -22.5058703], [-45.03617082, -22.50581294], [-45.03613995, -22.50578426], [-45.03613993, -22.50572689], [-45.03610906, -22.5057269], [-45.03610905, -22.50566953], [-45.03617079, -22.50566952], [-45.03620165, -22.50564083], [-45.03623252, -22.50564082], [-45.03623251, -22.50561214], [-45.03641773, -22.5056121], [-45.03641768, -22.50541132], [-45.0363868, -22.50538263], [-45.03635592, -22.50535396], [-45.03632504, -22.50532529], [-45.03604722, -22.50532535], [-45.03598547, -22.50529668], [-45.03586199, -22.50529671], [-45.03586195, -22.5051246], [-45.0358928, -22.50506723], [-45.03592367, -22.50506723], [-45.03595453, -22.50500985], [-45.03598539, -22.50498116], [-45.03601625, -22.50495247], [-45.03607798, -22.50492378], [-45.03610885, -22.50492377], [-45.03613971, -22.50489508], [-45.03620145, -22.50489507], [-45.03623232, -22.50486638], [-45.03626318, -22.50483769], [-45.03629405, -22.50483768], [-45.03635578, -22.50480898], [-45.03657188, -22.50480893], [-45.03660274, -22.50478024], [-45.03672622, -22.50478021], [-45.03675708, -22.50475152], [-45.03678794, -22.50472283], [-45.03681881, -22.50469414], [-45.03688054, -22.50466545], [-45.03694228, -22.50466543], [-45.03697314, -22.50463674], [-45.03697313, -22.50460806], [-45.03703486, -22.50457936], [-45.03703485, -22.50455068], [-45.03706572, -22.50452199], [-45.03706571, -22.50449331], [-45.03712745, -22.50449329], [-45.03712744, -22.50446461], [-45.03722005, -22.50446459], [-45.03725091, -22.5044359], [-45.03728178, -22.50443589], [-45.03734351, -22.50440719], [-45.03740525, -22.50440718], [-45.03740524, -22.5043785], [-45.03749785, -22.50437848], [-45.03752872, -22.50434978], [-45.03777567, -22.50434973], [-45.0378374, -22.50432103], [-45.03786827, -22.50432102], [-45.03786827, -22.50429234], [-45.03789913, -22.50426365], [-45.03789912, -22.50423497], [-45.03796086, -22.50423495], [-45.03799172, -22.50420626], [-45.03802258, -22.50417757], [-45.03802257, -22.50414889], [-45.03805344, -22.50414888], [-45.03808431, -22.50412019], [-45.03811518, -22.50412018], [-45.03814604, -22.50409149], [-45.0381769, -22.5040628], [-45.03820776, -22.50403411], [-45.03820771, -22.50386201], [-45.03817684, -22.50383334], [-45.03814597, -22.50383335], [-45.03814596, -22.50380466], [-45.03811509, -22.50380467], [-45.03808421, -22.503776], [-45.03805333, -22.50374732], [-45.03802246, -22.50371864], [-45.03799157, -22.50366129], [-45.03799152, -22.5034605], [-45.03802237, -22.50340313], [-45.03805322, -22.50334576], [-45.03805322, -22.50331707], [-45.03808408, -22.50328838], [-45.03808407, -22.5032597], [-45.03811493, -22.50323101], [-45.03814579, -22.50320232], [-45.03814579, -22.50317364], [-45.03817665, -22.50317363], [-45.03820752, -22.50314494], [-45.03826925, -22.50311624], [-45.03830011, -22.50308755], [-45.03833098, -22.50308755], [-45.03836184, -22.50305885], [-45.03842357, -22.50303016], [-45.03845443, -22.50300147], [-45.03851616, -22.50297277], [-45.03916442, -22.50297261], [-45.0391953, -22.50300129], [-45.03922616, -22.50300128], [-45.03925704, -22.50302996], [-45.03928792, -22.50305863], [-45.0393188, -22.50308731], [-45.03947314, -22.50308727], [-45.03950402, -22.50311594], [-45.03953489, -22.50311594], [-45.03956577, -22.50314461], [-45.03959664, -22.50314461], [-45.03962752, -22.50317328], [-45.03965838, -22.50317327], [-45.03965839, -22.50320196], [-45.03968926, -22.50320195], [-45.03968927, -22.50323063], [-45.03972016, -22.50328799], [-45.0397202, -22.5034314], [-45.03968933, -22.50343141], [-45.03965847, -22.5034601], [-45.03965847, -22.50348879], [-45.03962761, -22.50351748], [-45.03962763, -22.50357484], [-45.03959677, -22.50360353], [-45.0395659, -22.50360354], [-45.03956591, -22.50363222], [-45.03953504, -22.50363223], [-45.03950418, -22.50366092], [-45.03934983, -22.50366096], [-45.03934984, -22.50368964], [-45.03931897, -22.50368965], [-45.03931898, -22.50374702], [-45.03925725, -22.50377571], [-45.03925726, -22.5038044], [-45.0392264, -22.50383309], [-45.03919553, -22.50383309], [-45.03916467, -22.50386179], [-45.0391338, -22.50386179], [-45.03913381, -22.50389048], [-45.03910295, -22.50394785], [-45.039103, -22.50411995], [-45.03913389, -22.50417731], [-45.03916477, -22.50420598], [-45.03916479, -22.50429203], [-45.03919567, -22.50432071], [-45.03922655, -22.50434938], [-45.03925741, -22.50434937], [-45.03925742, -22.50437806], [-45.03935004, -22.50440672], [-45.03938091, -22.50440671], [-45.03941179, -22.50443538], [-45.03944267, -22.50446406], [-45.03950441, -22.50449273], [-45.03968963, -22.50449268], [-45.03981312, -22.50452133], [-45.039844, -22.50455001], [-45.03987486, -22.50455], [-45.03993661, -22.50457867], [-45.03999836, -22.50460734], [-45.04012184, -22.50460731], [-45.0401527, -22.50457862], [-45.04018357, -22.50457861], [-45.04027617, -22.5045499], [-45.04064661, -22.50454981], [-45.04064662, -22.50457849], [-45.04067748, -22.50457848], [-45.04067749, -22.50460717], [-45.04070837, -22.50463584], [-45.04073925, -22.50466452], [-45.04073926, -22.5046932], [-45.04077014, -22.50472188], [-45.04080101, -22.50475055], [-45.04083189, -22.50477923], [-45.04089364, -22.50480789], [-45.04089366, -22.50486526], [-45.04092454, -22.50489393], [-45.04092454, -22.50492262], [-45.04095541, -22.50492261], [-45.04098629, -22.50495128], [-45.04101717, -22.50497996], [-45.04104804, -22.50497995], [-45.04104805, -22.50500863], [-45.04107892, -22.50500863], [-45.0411098, -22.5050373], [-45.0411098, -22.50506599], [-45.04117155, -22.50509465], [-45.04120242, -22.50509464], [-45.04120243, -22.50512333], [-45.04123331, -22.50515201], [-45.04129505, -22.505152], [-45.04129506, -22.50518068], [-45.04132593, -22.50518067], [-45.04132594, -22.50520934], [-45.04154203, -22.50520929], [-45.04157289, -22.50515192], [-45.04157288, -22.50512323], [-45.04160374, -22.50509454], [-45.04175809, -22.5050945], [-45.04178897, -22.50512318], [-45.04181985, -22.50515186], [-45.04188158, -22.50515184], [-45.04191246, -22.50518052], [-45.04209768, -22.50518047], [-45.04212854, -22.50515178], [-45.0421594, -22.50512308], [-45.04222114, -22.50509438], [-45.042252, -22.50506569], [-45.04225199, -22.50503701], [-45.04228286, -22.505037], [-45.04228284, -22.50497963], [-45.0423137, -22.50495094], [-45.04234455, -22.50489357], [-45.04237542, -22.50489356], [-45.04237541, -22.50483619], [-45.04246801, -22.50483617], [-45.04249888, -22.50480748], [-45.04259148, -22.50480745], [-45.04265323, -22.50483612], [-45.04271497, -22.5048361], [-45.04271492, -22.50466401], [-45.04268403, -22.50460665], [-45.04265315, -22.50457797], [-45.04262227, -22.50452062], [-45.0425914, -22.50452062], [-45.04256051, -22.50446327], [-45.04252964, -22.50446327], [-45.04246788, -22.50440592], [-45.042437, -22.50437725], [-45.04237526, -22.50434858], [-45.04231351, -22.50431992], [-45.0423135, -22.50429123], [-45.04228262, -22.50426256], [-45.04222087, -22.50423389], [-45.04215913, -22.50420522], [-45.04215912, -22.50417654], [-45.04212823, -22.50411918], [-45.04206647, -22.50406183], [-45.0420356, -22.50403316], [-45.04200471, -22.5039758], [-45.0420046, -22.50360292], [-45.04203547, -22.50360291], [-45.04203545, -22.50354555], [-45.04206632, -22.50354554], [-45.04209717, -22.50348817], [-45.04222065, -22.50348813], [-45.04225153, -22.50351681], [-45.0422824, -22.5035168], [-45.0422824, -22.50354548], [-45.04234414, -22.50354547], [-45.04237502, -22.50357414], [-45.04243676, -22.50357413], [-45.04252939, -22.50363147], [-45.04259114, -22.50368882], [-45.04262202, -22.50371749], [-45.0426529, -22.50374617], [-45.04268378, -22.50377484], [-45.04268379, -22.50380353], [-45.04271466, -22.50380352], [-45.04274554, -22.50386087], [-45.04274555, -22.50388956], [-45.04277643, -22.50391823], [-45.04277644, -22.50394692], [-45.04280732, -22.50397559], [-45.04280733, -22.50400427], [-45.0428382, -22.50400426], [-45.04286907, -22.50403294], [-45.04296168, -22.50403292], [-45.04302343, -22.50406158], [-45.04317778, -22.50406154], [-45.04317779, -22.50409022], [-45.04320866, -22.50409021], [-45.04320867, -22.5041189], [-45.0432704, -22.50411888], [-45.04330128, -22.50414756], [-45.04339389, -22.50414753], [-45.04342475, -22.50411884], [-45.04354823, -22.50411881], [-45.04354824, -22.50414749], [-45.04364085, -22.50414746], [-45.04367173, -22.50417614], [-45.04379521, -22.50417611], [-45.04379522, -22.50423347], [-45.04382609, -22.50423346], [-45.04385697, -22.50426214], [-45.04388784, -22.50426213], [-45.04391872, -22.5042908], [-45.04398047, -22.50431947], [-45.04401135, -22.50434814], [-45.04404223, -22.50437682], [-45.0440731, -22.50440549], [-45.04410398, -22.50443417], [-45.04410406, -22.50466363], [-45.04407319, -22.50466364], [-45.0440732, -22.50472101], [-45.04404234, -22.5047497], [-45.04401147, -22.50474971], [-45.04401149, -22.50480707], [-45.04398063, -22.50483576], [-45.04398067, -22.5049505], [-45.04404241, -22.50495048], [-45.04407329, -22.50497915], [-45.04413503, -22.50497914], [-45.0441659, -22.50500781], [-45.04425851, -22.50500778], [-45.04428939, -22.50503646], [-45.04432027, -22.50506513], [-45.04435114, -22.50506513], [-45.04435115, -22.50509381], [-45.0444129, -22.50512247], [-45.04444378, -22.50515116], [-45.04450553, -22.50517982], [-45.04456728, -22.50520848], [-45.04459816, -22.50523715], [-45.04462903, -22.50523715], [-45.04462903, -22.50526584], [-45.0446599, -22.50526583], [-45.04465991, -22.50529451], [-45.04469078, -22.5052945], [-45.04472166, -22.50532318], [-45.0447834, -22.50532316], [-45.04481426, -22.50529447], [-45.04515383, -22.50529438], [-45.04518468, -22.50523699], [-45.04518465, -22.50515095], [-45.04521552, -22.50515094], [-45.04521551, -22.50512225], [-45.04524637, -22.50509356], [-45.04524634, -22.50497883], [-45.0452772, -22.50495014], [-45.04527719, -22.50492145], [-45.04540067, -22.50492142], [-45.04543153, -22.50489273], [-45.04549327, -22.50489271], [-45.04552413, -22.50486402], [-45.04580196, -22.50486394], [-45.04583283, -22.50489261], [-45.04586371, -22.50492129], [-45.04592546, -22.50494995], [-45.04595634, -22.50497863], [-45.04598722, -22.5050073], [-45.04607983, -22.50500727], [-45.04611071, -22.50503595], [-45.0462342, -22.50503591], [-45.04629595, -22.50506458], [-45.04654291, -22.50506451], [-45.04657379, -22.50509318], [-45.0466664, -22.50509315], [-45.04666647, -22.50532263], [-45.04663561, -22.50535131], [-45.04663562, -22.50537999], [-45.04660475, -22.50538], [-45.04657389, -22.5054087], [-45.04654303, -22.50543739], [-45.04654305, -22.50549475], [-45.04651219, -22.50552344], [-45.0465122, -22.50555214], [-45.04648133, -22.50555214], [-45.04648134, -22.50558083], [-45.04645047, -22.50558084], [-45.04645048, -22.50560952], [-45.04641961, -22.50560953], [-45.04641966, -22.50575294], [-45.04645054, -22.50578162], [-45.04648141, -22.50578161], [-45.04651229, -22.50581028], [-45.04654317, -22.50583896], [-45.04657404, -22.50586763], [-45.04663579, -22.5058963], [-45.04666667, -22.50592497], [-45.04669754, -22.50592496], [-45.04669756, -22.50597105], [-45.04755276, -22.50596561], [-45.04755277, -22.50598572], [-45.04765489, -22.50598569], [-45.04765491, -22.50603313], [-45.04775704, -22.5060331], [-45.04780812, -22.50608054], [-45.04780814, -22.50612799], [-45.04791026, -22.50612796], [-45.04796135, -22.50617539], [-45.04801241, -22.50617538], [-45.04801243, -22.50622282], [-45.04806349, -22.50622281], [-45.04806351, -22.50627025], [-45.0481146, -22.50631768], [-45.04816568, -22.50636512], [-45.04816569, -22.50641256], [-45.04821676, -22.50641255], [-45.04821678, -22.50645999], [-45.0483189, -22.50645996], [-45.04831892, -22.50650741], [-45.04836999, -22.50650739], [-45.04837, -22.50655484], [-45.0485232, -22.5065548], [-45.04857428, -22.50660224], [-45.04857429, -22.50664968], [-45.0487275, -22.50664964], [-45.04872751, -22.50669708], [-45.04888071, -22.50669704], [-45.04893179, -22.50674447], [-45.04898285, -22.50674445], [-45.04898287, -22.5067919], [-45.04979991, -22.50679165], [-45.0497999, -22.5067442], [-45.05015736, -22.50674409], [-45.05015734, -22.50669664], [-45.05046374, -22.50669655], [-45.05051479, -22.50664909], [-45.05087224, -22.50664897], [-45.05087225, -22.50669642], [-45.05112759, -22.50669634], [-45.05117867, -22.50674377], [-45.05122973, -22.50674375], [-45.05128082, -22.50679118], [-45.05133188, -22.50679117], [-45.05138296, -22.5068386], [-45.05143403, -22.50683858], [-45.05143404, -22.50688603], [-45.05148511, -22.50688601], [-45.05148513, -22.50693346], [-45.05153619, -22.50693344], [-45.05153621, -22.50698089], [-45.0515873, -22.50702832], [-45.05163838, -22.50707575], [-45.0516384, -22.5071232], [-45.05168948, -22.50717063], [-45.05174055, -22.50717062], [-45.05174057, -22.50721806], [-45.05179165, -22.50726549], [-45.05184273, -22.50731292], [-45.05184275, -22.50736037], [-45.05189381, -22.50736035], [-45.0519449, -22.50740778], [-45.05199598, -22.50745521], [-45.051996, -22.50750266], [-45.05204706, -22.50750265], [-45.05204708, -22.50755009], [-45.05209814, -22.50755008], [-45.05209848, -22.50845158], [-45.05204743, -22.50849904], [-45.05204749, -22.50864138], [-45.05199644, -22.50868884], [-45.05199646, -22.5087363], [-45.05194541, -22.50878376], [-45.05194553, -22.50911589], [-45.05199662, -22.50916332], [-45.05199663, -22.50921076], [-45.05204774, -22.50930565], [-45.0520988, -22.50930563], [-45.05209882, -22.50935308], [-45.05214991, -22.50940051], [-45.05214993, -22.50944796], [-45.05220101, -22.50949539], [-45.0522521, -22.50954282], [-45.05230316, -22.5095428], [-45.05235425, -22.50959023], [-45.05240533, -22.50963766], [-45.05240535, -22.50968511], [-45.05245641, -22.50968509], [-45.05245643, -22.50973254], [-45.05250751, -22.50977997], [-45.05255858, -22.50977995], [-45.0525586, -22.50982741], [-45.05260966, -22.50982739], [-45.05260968, -22.50987484], [-45.05266075, -22.50987482], [-45.05266077, -22.50992227], [-45.05271186, -22.5099697], [-45.05281399, -22.50996966], [-45.05281397, -22.50992222], [-45.05301824, -22.50992215], [-45.05301807, -22.50949512], [-45.05306914, -22.5094951], [-45.05306912, -22.50944766], [-45.05317125, -22.50944762], [-45.05317123, -22.50940018], [-45.05322228, -22.50935271], [-45.05327336, -22.5093527], [-45.05327334, -22.50930525], [-45.0533244, -22.50930523], [-45.05337545, -22.50925777], [-45.05337543, -22.50921031], [-45.05342648, -22.50916285], [-45.05357968, -22.5091628], [-45.05363072, -22.50911534], [-45.05368179, -22.50911532], [-45.05368177, -22.50906787], [-45.05373284, -22.50906786], [-45.05373282, -22.50902041], [-45.05378388, -22.50902039], [-45.05383493, -22.50897293], [-45.05388599, -22.50892546], [-45.05393703, -22.508878], [-45.05409023, -22.50887795], [-45.05414128, -22.50883049], [-45.05419234, -22.50883047], [-45.05419232, -22.50878302], [-45.05439658, -22.50878295], [-45.05439657, -22.50873551], [-45.05449871, -22.50873547], [-45.05449869, -22.50868802], [-45.05485614, -22.5086879], [-45.05490723, -22.50873533], [-45.05531576, -22.50873519], [-45.05541791, -22.50878261], [-45.05572431, -22.5087825], [-45.05582646, -22.50882991], [-45.05587755, -22.50887734], [-45.05597968, -22.5088773], [-45.05597966, -22.50882986], [-45.05628606, -22.50882975], [-45.05633711, -22.50878229], [-45.0564903, -22.50878223], [-45.05654135, -22.50873477], [-45.05659241, -22.50873475], [-45.05664346, -22.50868728], [-45.05669452, -22.50868726], [-45.05674558, -22.50863979], [-45.05679663, -22.50859233], [-45.05684767, -22.50854487], [-45.05684765, -22.50849742], [-45.05700085, -22.50849736], [-45.05705189, -22.5084499], [-45.05710294, -22.50840244], [-45.05715399, -22.50835497], [-45.05720503, -22.50830751], [-45.05725606, -22.50821259], [-45.05725596, -22.50797535], [-45.05730701, -22.50792789], [-45.05740912, -22.5078804], [-45.05740909, -22.50778551], [-45.05746013, -22.50773805], [-45.0575112, -22.50773803], [-45.05756224, -22.50769056], [-45.05766437, -22.50769053], [-45.05771542, -22.50764306], [-45.05791969, -22.50764299], [-45.05797073, -22.50759552], [-45.05807286, -22.50759549], [-45.05807284, -22.50754803], [-45.05873669, -22.50754779], [-45.05878774, -22.50750033], [-45.05883878, -22.50745286], [-45.05888983, -22.5074054], [-45.05934942, -22.50740523], [-45.05940051, -22.50745265], [-45.05950266, -22.50750006], [-45.05955372, -22.50750004], [-45.0595537, -22.5074526], [-45.05965584, -22.50745256], [-45.05970693, -22.50749999], [-45.05975799, -22.50749997], [-45.05975801, -22.50754742], [-45.05996227, -22.50754734], [-45.05996229, -22.5075948], [-45.06103467, -22.50759439], [-45.06113682, -22.5076418], [-45.06149429, -22.50764166], [-45.06149431, -22.50768911], [-45.06154537, -22.50768909], [-45.06159646, -22.50773652], [-45.06164752, -22.5077365], [-45.06174968, -22.50778391], [-45.06195394, -22.50778383], [-45.06200503, -22.50783125], [-45.06215823, -22.5078312], [-45.06226038, -22.5078786], [-45.06246464, -22.50787852], [-45.06246466, -22.50792597], [-45.06251573, -22.50792595], [-45.06256682, -22.50797338], [-45.06261788, -22.50797336], [-45.06266897, -22.50802078], [-45.06272004, -22.50802076], [-45.06272006, -22.50806821], [-45.06277112, -22.50806819], [-45.06282223, -22.50816307], [-45.06287332, -22.5082105], [-45.06287336, -22.50830539], [-45.06292443, -22.50830537], [-45.06292447, -22.50840027], [-45.06297553, -22.50840025], [-45.06297562, -22.50859003], [-45.06302671, -22.50863746], [-45.06302679, -22.50882725], [-45.06297573, -22.50882727], [-45.06297575, -22.50887472], [-45.06292468, -22.50887474], [-45.06292473, -22.50896963], [-45.06287366, -22.50896965], [-45.0628737, -22.50906455], [-45.06272051, -22.50906461], [-45.06272053, -22.50911205], [-45.06266946, -22.50911207], [-45.06266951, -22.50920697], [-45.06261844, -22.50920699], [-45.06261848, -22.50930189], [-45.06226101, -22.50930203], [-45.06226104, -22.50934947], [-45.06220997, -22.50934949], [-45.06220999, -22.50939694], [-45.06205679, -22.509397], [-45.06200575, -22.50944446], [-45.06190361, -22.5094445], [-45.06185257, -22.50949197], [-45.06159724, -22.50949207], [-45.06159726, -22.50953951], [-45.06154619, -22.50953953], [-45.06149515, -22.509587], [-45.06149517, -22.50963445], [-45.06134197, -22.50963451], [-45.06134199, -22.50968195], [-45.06129092, -22.50968197], [-45.06129094, -22.50972942], [-45.06123987, -22.50972944], [-45.06123989, -22.50977688], [-45.06118885, -22.50982436], [-45.0611378, -22.50987182], [-45.06113782, -22.50991927], [-45.06108678, -22.50996674], [-45.06103571, -22.50996676], [-45.06098467, -22.51001422], [-45.06093362, -22.51006169], [-45.06088258, -22.51010915], [-45.06083153, -22.51015662], [-45.06067833, -22.51015668], [-45.06067835, -22.51020412], [-45.06062728, -22.51020414], [-45.06057624, -22.51025161], [-45.06032091, -22.51025171], [-45.06032093, -22.51029915], [-45.06026986, -22.51029917], [-45.06026988, -22.51034663], [-45.06011668, -22.51034668], [-45.0601167, -22.51039413], [-45.05991243, -22.51039421], [-45.05991245, -22.51044165], [-45.05986139, -22.51044167], [-45.05981034, -22.51048914], [-45.05975928, -22.51048916], [-45.05970823, -22.51053662], [-45.05955502, -22.51053668], [-45.05955504, -22.51058412], [-45.05945291, -22.51058416], [-45.05945295, -22.51067906], [-45.05940188, -22.51067907], [-45.05940193, -22.51077397], [-45.0593509, -22.51086889], [-45.05935096, -22.51101123], [-45.05929993, -22.51110614], [-45.05930004, -22.51134338], [-45.05924901, -22.51143829], [-45.05919798, -22.51153321], [-45.059198, -22.51158065], [-45.05914696, -22.51162812], [-45.05914698, -22.51167556], [-45.05909593, -22.51172303], [-45.05904487, -22.51172305], [-45.05899381, -22.51177051], [-45.05894276, -22.51181798], [-45.0589428, -22.51191288], [-45.0587896, -22.51191294], [-45.05878962, -22.51196038], [-45.05873856, -22.5119604], [-45.05873858, -22.51200785], [-45.05863644, -22.51200789], [-45.0585854, -22.51205535], [-45.05853433, -22.51205537], [-45.05848329, -22.51210283], [-45.05843221, -22.51210285], [-45.05838116, -22.51215032], [-45.05822796, -22.51215037], [-45.05822798, -22.51219782], [-45.05817692, -22.51219784], [-45.05812587, -22.5122453], [-45.05812589, -22.51229275], [-45.05771735, -22.5122929], [-45.0576663, -22.51234036], [-45.05761523, -22.51234038], [-45.05761525, -22.51238783], [-45.05751316, -22.51248277], [-45.05746211, -22.51253023], [-45.05735998, -22.51253027], [-45.05730893, -22.51257773], [-45.05730895, -22.51262518], [-45.05725789, -22.51267264], [-45.05720685, -22.51272011], [-45.05715578, -22.51272012], [-45.05705367, -22.51276761], [-45.0570026, -22.51276763], [-45.05695155, -22.51281509], [-45.0569005, -22.51286255], [-45.05684946, -22.51291002], [-45.05679841, -22.51295748], [-45.05674736, -22.51300496], [-45.05669628, -22.51300498], [-45.0566963, -22.51305242], [-45.05664524, -22.51305244], [-45.05659419, -22.5130999], [-45.05654314, -22.51314737], [-45.05628781, -22.51314746], [-45.05623676, -22.51319492], [-45.05618571, -22.51324239], [-45.05613464, -22.51324241], [-45.05613467, -22.5133373], [-45.05608363, -22.51338476], [-45.05598149, -22.5133848], [-45.05593044, -22.51343226], [-45.05582833, -22.51347974], [-45.05577726, -22.51347976], [-45.05572621, -22.51352723], [-45.05567517, -22.5135747], [-45.0556241, -22.51357472], [-45.05557304, -22.51362218], [-45.05552199, -22.51366965], [-45.05547093, -22.51366966], [-45.05541988, -22.51371713], [-45.0554199, -22.51376457], [-45.05536883, -22.51376459], [-45.05536885, -22.51381204], [-45.0553178, -22.5138595], [-45.0551646, -22.51385955], [-45.05511355, -22.51390702], [-45.0550625, -22.51395448], [-45.05506254, -22.51404938], [-45.05501149, -22.51409685], [-45.05501151, -22.51414429], [-45.05455189, -22.51414445], [-45.05450084, -22.51419192], [-45.05429657, -22.51419198], [-45.05424552, -22.51423945], [-45.05414338, -22.51423948], [-45.05404127, -22.51428696], [-45.0539902, -22.51428698], [-45.05393915, -22.51433444], [-45.05383701, -22.51433448], [-45.05383702, -22.51438192], [-45.05378596, -22.51438194], [-45.05368384, -22.51442942], [-45.05368386, -22.51447687], [-45.05363281, -22.51452433], [-45.05347961, -22.51452438], [-45.05337747, -22.51452442], [-45.05337745, -22.51447697], [-45.05332637, -22.51442954], [-45.05327528, -22.51438211], [-45.05327526, -22.51433466], [-45.05322417, -22.51428724], [-45.05317305, -22.51414491], [-45.05307088, -22.51405004], [-45.05307086, -22.5140026], [-45.05301979, -22.51400261], [-45.05296871, -22.51395518], [-45.05291762, -22.51390775], [-45.0529176, -22.51386031], [-45.05286654, -22.51386033], [-45.05281545, -22.5138129], [-45.05276438, -22.51381291], [-45.05276436, -22.51376547], [-45.05271328, -22.51371804], [-45.05271326, -22.51367059], [-45.05266217, -22.51362316], [-45.0526111, -22.51362318], [-45.05261085, -22.51295891], [-45.05255978, -22.51295892], [-45.05255976, -22.51291148], [-45.05250868, -22.51286405], [-45.05245761, -22.51286406], [-45.05245759, -22.51281662], [-45.05240651, -22.51276919], [-45.05240649, -22.51272174], [-45.05235541, -22.51267431], [-45.0523551, -22.5118677], [-45.05240615, -22.51182024], [-45.0524572, -22.51177277], [-45.05245711, -22.51153554], [-45.05240603, -22.51148811], [-45.05240595, -22.51129832], [-45.05235487, -22.51125089], [-45.05235485, -22.51120344], [-45.05230377, -22.51115601], [-45.0523037, -22.51096622], [-45.05225263, -22.51096624], [-45.05225261, -22.51091879], [-45.05220155, -22.51091881], [-45.05215046, -22.51087138], [-45.05209937, -22.51082394], [-45.0519972, -22.51072908], [-45.05199718, -22.51068164], [-45.0519461, -22.51063421], [-45.05194608, -22.51058676], [-45.05189502, -22.51058678], [-45.051895, -22.51053933], [-45.0517418, -22.51053938], [-45.05174182, -22.51058682], [-45.05153755, -22.51058689], [-45.05148646, -22.51053946], [-45.05138431, -22.51049205], [-45.05133325, -22.51049206], [-45.05128216, -22.51044463], [-45.05128211, -22.51030228], [-45.05133318, -22.51030227], [-45.05133316, -22.51025482], [-45.05143529, -22.51025479], [-45.05143524, -22.51011245], [-45.05148629, -22.51006499], [-45.05153733, -22.51001752], [-45.05163948, -22.51001749], [-45.05163942, -22.50987515], [-45.05158836, -22.50987517], [-45.05158834, -22.50982772], [-45.05153725, -22.50978028], [-45.05148618, -22.5097803], [-45.05143508, -22.50968542], [-45.05138398, -22.50959054], [-45.05133291, -22.50959056], [-45.0513329, -22.50954311], [-45.05123076, -22.50954315], [-45.05117968, -22.50949571], [-45.0511286, -22.50944828], [-45.05107752, -22.50940085], [-45.05102645, -22.50940087], [-45.05102643, -22.50935342], [-45.05087323, -22.50935347], [-45.05082214, -22.50930604], [-45.05077108, -22.50930606], [-45.05077106, -22.50925861], [-45.05071998, -22.50921117], [-45.05071996, -22.50916373], [-45.05066889, -22.50916374], [-45.05066888, -22.50911629], [-45.05061779, -22.50906886], [-45.05061778, -22.50902142], [-45.05056671, -22.50902143], [-45.05056668, -22.50892654], [-45.05051561, -22.50892656], [-45.05046453, -22.50887913], [-45.04995387, -22.50887929], [-45.0499538, -22.50868949], [-45.05000486, -22.50868947], [-45.05000485, -22.50864203], [-45.05005589, -22.50859457], [-45.05010693, -22.50849966], [-45.05010687, -22.50835732], [-45.05015791, -22.50826241], [-45.05015782, -22.50802517], [-45.05010674, -22.50797774], [-45.05010672, -22.50793029], [-45.049545, -22.50793046], [-45.04949391, -22.50788303], [-45.04944283, -22.5078356], [-45.0493407, -22.50783563], [-45.04928962, -22.5077882], [-45.04918746, -22.50774079], [-45.04908533, -22.50774082], [-45.04908532, -22.50769337], [-45.04903425, -22.50769339], [-45.04898317, -22.50764595], [-45.04888102, -22.50759854], [-45.04888101, -22.50755108], [-45.04882993, -22.50750365], [-45.04882991, -22.50745621], [-45.04877884, -22.50745622], [-45.04872776, -22.50740879], [-45.04867666, -22.50731391], [-45.0483192, -22.50731402], [-45.04831922, -22.50736147], [-45.04821709, -22.5073615], [-45.0482171, -22.50740894], [-45.04816604, -22.50740896], [-45.04816606, -22.50745641], [-45.04796179, -22.50745647], [-45.04796182, -22.50755136], [-45.04791075, -22.50755137], [-45.04791079, -22.50764628], [-45.04785974, -22.50769374], [-45.04785976, -22.50774119], [-45.04780871, -22.50778865], [-45.04780874, -22.50788354], [-45.04775769, -22.507931], [-45.04755343, -22.50793106], [-45.04755345, -22.50797851], [-45.04740024, -22.50797855], [-45.04740026, -22.508026], [-45.047196, -22.50802606], [-45.04719605, -22.50816841], [-45.04714498, -22.50816842], [-45.047145, -22.50821587], [-45.04709393, -22.50821589], [-45.04709396, -22.50831078], [-45.04704292, -22.50835824], [-45.04694078, -22.50835827], [-45.0469408, -22.50840572], [-45.04688974, -22.50845318], [-45.04688976, -22.50850062], [-45.04678763, -22.50850065], [-45.04678764, -22.5085481], [-45.04673658, -22.50854812], [-45.04673663, -22.50869046], [-45.04678771, -22.5087379], [-45.04683879, -22.50878533], [-45.04688985, -22.50878531], [-45.04688987, -22.50883276], [-45.04694094, -22.50883275], [-45.04699203, -22.50888018], [-45.04709416, -22.50888015], [-45.04709417, -22.50892759], [-45.0471963, -22.50892756], [-45.04724739, -22.508975], [-45.0472474, -22.50902244], [-45.04734953, -22.50902241], [-45.04740061, -22.50906984], [-45.0474517, -22.50911727], [-45.04750276, -22.50911726], [-45.04750278, -22.50916471], [-45.04755385, -22.50916469], [-45.04755387, -22.50921214], [-45.04760493, -22.50921212], [-45.04765602, -22.50925956], [-45.0477071, -22.50930699], [-45.04770711, -22.50935444], [-45.04780926, -22.50940186], [-45.04780928, -22.5094493], [-45.04786034, -22.50944929], [-45.04786041, -22.50963908], [-45.04791151, -22.50973395], [-45.04796259, -22.50978138], [-45.04796262, -22.50987629], [-45.0480137, -22.50992372], [-45.04806479, -22.50997115], [-45.0480648, -22.5100186], [-45.04811588, -22.51001858], [-45.04811589, -22.51006603], [-45.04816698, -22.51011346], [-45.04821806, -22.51016089], [-45.04826914, -22.51020832], [-45.04832022, -22.51025575], [-45.04837131, -22.51030318], [-45.04842239, -22.51035062], [-45.04852452, -22.51035059], [-45.0485756, -22.51039802], [-45.04862667, -22.51039801], [-45.04862669, -22.51044546], [-45.04867776, -22.51044544], [-45.04872884, -22.51049287], [-45.04877993, -22.5105403], [-45.04883101, -22.51058773], [-45.04888207, -22.51058772], [-45.04893316, -22.51063515], [-45.04898422, -22.51063513], [-45.04898424, -22.51068258], [-45.04913744, -22.51068253], [-45.04918852, -22.51072996], [-45.0492396, -22.51077739], [-45.04923962, -22.51082484], [-45.04929071, -22.51087228], [-45.04934178, -22.51087227], [-45.0493418, -22.51091971], [-45.04939288, -22.51096714], [-45.04944395, -22.51096713], [-45.04949503, -22.51101456], [-45.04949505, -22.51106201], [-45.04954611, -22.51106199], [-45.04954612, -22.5110783], [-45.04947551, -22.51110356], [-45.04947569, -22.51160551], [-45.04910558, -22.51260953], [-45.04898234, -22.51328361], [-45.04836928, -22.51374162], [-45.04832143, -22.51371941], [-45.04832141, -22.51367197], [-45.04827033, -22.51362454], [-45.04827031, -22.51357709], [-45.04821923, -22.51352965], [-45.04816814, -22.51348222], [-45.04811706, -22.51343479], [-45.04806597, -22.51338735], [-45.04806595, -22.51333991], [-45.04801488, -22.51333992], [-45.0479638, -22.51329249], [-45.0479127, -22.51319761], [-45.04786162, -22.51315018], [-45.04781052, -22.51305531], [-45.04775943, -22.51300787], [-45.04770837, -22.51300789], [-45.04765728, -22.51296045], [-45.04760622, -22.51296046], [-45.0476062, -22.51291302], [-45.04755513, -22.51291303], [-45.04750403, -22.51281815], [-45.04750401, -22.51277071], [-45.04745293, -22.51272328], [-45.04740186, -22.51272329], [-45.04740184, -22.51267584], [-45.04735078, -22.51267586], [-45.04735076, -22.51262841], [-45.04729969, -22.51262843], [-45.04724861, -22.512581], [-45.04724859, -22.51253355], [-45.04719753, -22.51253356], [-45.04719751, -22.51248612], [-45.04714643, -22.51243868], [-45.04714641, -22.51239123], [-45.04709533, -22.5123438], [-45.04704426, -22.51234381], [-45.04704425, -22.51229637], [-45.04699318, -22.51229638], [-45.0469421, -22.51224895], [-45.04694207, -22.51215406], [-45.04689099, -22.51215407], [-45.04683991, -22.51210664], [-45.04678882, -22.51205921], [-45.04673774, -22.51201178], [-45.04673773, -22.51196433], [-45.04668666, -22.51196435], [-45.04663558, -22.51191691], [-45.04663556, -22.51186946], [-45.04658449, -22.51186947], [-45.04658446, -22.51177458], [-45.0465334, -22.5117746], [-45.04653338, -22.51172715], [-45.04643125, -22.51172718], [-45.04643122, -22.51163229], [-45.04638015, -22.5116323], [-45.04638013, -22.51158485], [-45.04632906, -22.51158487], [-45.04632903, -22.51148997], [-45.04627794, -22.51144254], [-45.04627793, -22.5113951], [-45.04622686, -22.51139511], [-45.04622685, -22.51134766], [-45.04617578, -22.51134768], [-45.04617576, -22.51130022], [-45.04612468, -22.51125279], [-45.04612467, -22.51120535], [-45.0460736, -22.51120536], [-45.04607358, -22.51115791], [-45.04602252, -22.51115793], [-45.04602249, -22.51106303], [-45.04592035, -22.51106306], [-45.04592034, -22.51101562], [-45.04586927, -22.51101563], [-45.04586926, -22.51096819], [-45.04581819, -22.5109682], [-45.04581818, -22.51092075], [-45.0457671, -22.51092077], [-45.04571602, -22.51087334], [-45.04561389, -22.51087336], [-45.04561385, -22.51077846], [-45.04556279, -22.51077848], [-45.04556276, -22.51068358], [-45.04551168, -22.51063615], [-45.04551166, -22.51058871], [-45.04546059, -22.51058872], [-45.04546058, -22.51054127], [-45.04535845, -22.5105413], [-45.04535843, -22.51049386], [-45.04530737, -22.51049387], [-45.04525628, -22.51044644], [-45.04525627, -22.51039899], [-45.04515413, -22.51039902], [-45.04510305, -22.51035159], [-45.04510303, -22.51030413], [-45.04505196, -22.51030415], [-45.04505195, -22.5102567], [-45.04484769, -22.51025676], [-45.04484767, -22.51020931], [-45.0447966, -22.51020932], [-45.04479659, -22.51016188], [-45.04474552, -22.51016189], [-45.04474545, -22.50992466], [-45.04469437, -22.50987723], [-45.04469426, -22.50954509], [-45.04464319, -22.50954511], [-45.04464315, -22.50940277], [-45.04459207, -22.50940278], [-45.04459195, -22.5090232], [-45.04454087, -22.50897577], [-45.0444898, -22.50897578], [-45.04448974, -22.50878599], [-45.04443866, -22.50873856], [-45.04443856, -22.50840643], [-45.04438749, -22.50840644], [-45.04438748, -22.50836366], [-45.04435219, -22.50836367], [-45.04432133, -22.50839237], [-45.04422873, -22.50842107], [-45.04419786, -22.50842108], [-45.044167, -22.50844977], [-45.04413614, -22.50847847], [-45.04382743, -22.50847855], [-45.04379657, -22.50850724], [-45.04367309, -22.50850727], [-45.04364221, -22.5084786], [-45.0436422, -22.50844992], [-45.04361133, -22.50844993], [-45.04358045, -22.50842125], [-45.04345697, -22.50842128], [-45.04342609, -22.50839261], [-45.04342607, -22.50833524], [-45.04339519, -22.50830657], [-45.04336431, -22.50827789], [-45.0433643, -22.50824921], [-45.04327167, -22.50819187], [-45.04327166, -22.50816319], [-45.04324078, -22.50813451], [-45.04324077, -22.50807715], [-45.0432099, -22.50807716], [-45.04320989, -22.50804847], [-45.04317901, -22.5080198], [-45.043179, -22.50799111], [-45.04311724, -22.50793377], [-45.04308635, -22.50787641], [-45.04305548, -22.50787642], [-45.04305545, -22.50779037], [-45.04302458, -22.50776169], [-45.0429937, -22.5077617], [-45.0429937, -22.50773302], [-45.04296283, -22.50773303], [-45.04296282, -22.50770434], [-45.04293195, -22.50770435], [-45.04290107, -22.50767568], [-45.04287018, -22.50761832], [-45.04280843, -22.50758965], [-45.04240711, -22.50758976], [-45.04240712, -22.50761844], [-45.04231451, -22.50761847], [-45.04225278, -22.50764716], [-45.04219104, -22.50764718], [-45.04212931, -22.50767588], [-45.04206758, -22.50770458], [-45.04200583, -22.5077046], [-45.04197497, -22.50773329], [-45.04188236, -22.50773331], [-45.04185148, -22.50770464], [-45.04178973, -22.50767597], [-45.04172799, -22.50767598], [-45.04169711, -22.50764731], [-45.04166624, -22.50761863], [-45.04163536, -22.50761864], [-45.04160449, -22.50758997], [-45.04157362, -22.50758998], [-45.04154274, -22.5075613], [-45.04151186, -22.50753263], [-45.04151184, -22.50747526], [-45.04148095, -22.5074179], [-45.04145007, -22.50738923], [-45.0414192, -22.50736055], [-45.04138833, -22.50736056], [-45.04138831, -22.50730319], [-45.04135743, -22.50727452], [-45.04135741, -22.50721715], [-45.04132653, -22.50721716], [-45.0413265, -22.50710243], [-45.04129562, -22.50707375], [-45.04129561, -22.50704507], [-45.04126472, -22.50698771], [-45.04123384, -22.50695904], [-45.04123379, -22.50675826], [-45.04120291, -22.50672958], [-45.04117204, -22.50672959], [-45.04114116, -22.50670092], [-45.04111029, -22.50670092], [-45.04111028, -22.50667224], [-45.04107941, -22.50667225], [-45.04104853, -22.50664357], [-45.04101765, -22.5066149], [-45.04098678, -22.50661491], [-45.0409559, -22.50658623], [-45.04092502, -22.50655756], [-45.04089415, -22.50655756], [-45.04086328, -22.50652889], [-45.04083241, -22.5065289], [-45.04080153, -22.50650022], [-45.04046196, -22.50650031], [-45.04046193, -22.50641426], [-45.04043105, -22.50638558], [-45.04043101, -22.50624217], [-45.04040013, -22.50621349], [-45.0404001, -22.50609876], [-45.04036922, -22.50607009], [-45.0403692, -22.50598404], [-45.04033832, -22.50595536], [-45.04033831, -22.50592668], [-45.04030743, -22.505898], [-45.04030742, -22.50586932], [-45.04027655, -22.50586933], [-45.04024567, -22.50584065], [-45.04024567, -22.50581197], [-45.04021478, -22.50575461], [-45.04021477, -22.50572593], [-45.04018389, -22.50569725], [-45.04015301, -22.50566858], [-45.04015301, -22.50563989], [-45.04012213, -22.50561122], [-45.04009126, -22.50561123], [-45.04009125, -22.50558254], [-45.04002951, -22.50558256], [-45.03996776, -22.50555389], [-45.03990601, -22.50552522], [-45.03990601, -22.50549653], [-45.03984426, -22.50546787], [-45.03984425, -22.50543919], [-45.03975164, -22.50543921], [-45.03975163, -22.50541053], [-45.03972075, -22.50538185], [-45.03968988, -22.50535317], [-45.039659, -22.5053245], [-45.03950465, -22.50532454], [-45.03947379, -22.50535322], [-45.03944293, -22.50538191], [-45.03944294, -22.50543929], [-45.03941208, -22.50546798], [-45.03941213, -22.50564008], [-45.03944301, -22.50566875], [-45.03944301, -22.50569744], [-45.0394739, -22.50575479], [-45.03947391, -22.50578348], [-45.03950479, -22.50581215], [-45.0395048, -22.50586952], [-45.03953568, -22.50589819], [-45.03956656, -22.50592687], [-45.03956658, -22.50598424], [-45.03959745, -22.50601291], [-45.03959746, -22.50604159], [-45.03962835, -22.50609895], [-45.03965923, -22.50612763], [-45.03965924, -22.50615631], [-45.03969011, -22.50618499], [-45.03969015, -22.50629972], [-45.03965928, -22.50632841], [-45.03925797, -22.50632851], [-45.03922712, -22.50638588], [-45.03919626, -22.50641457], [-45.03919627, -22.50644325], [-45.0391654, -22.50647194], [-45.03913453, -22.50647195], [-45.03910367, -22.50650064], [-45.03907281, -22.50652933], [-45.03904195, -22.50655802], [-45.03901109, -22.50658671], [-45.03901117, -22.50687354], [-45.03904205, -22.5069309], [-45.03904208, -22.50701695], [-45.03907296, -22.50707431], [-45.03907298, -22.50713167], [-45.03910386, -22.50716035], [-45.0391039, -22.50730376], [-45.03913478, -22.50733244], [-45.03913478, -22.50736112], [-45.03916566, -22.5073898], [-45.03916568, -22.50744716], [-45.03919656, -22.50747584], [-45.03919657, -22.50753321], [-45.03922744, -22.5075332], [-45.03925832, -22.50756187], [-45.0392892, -22.50759055], [-45.03932008, -22.50761922], [-45.03935096, -22.5076479], [-45.03935097, -22.50767658], [-45.03938185, -22.50773394], [-45.03941273, -22.50776262], [-45.03941275, -22.50781998], [-45.03944362, -22.50781998], [-45.03944363, -22.50787734], [-45.03947451, -22.50790602], [-45.03950538, -22.50790601], [-45.03950539, -22.50793469], [-45.03953627, -22.50796337], [-45.03956715, -22.50799204], [-45.03956716, -22.50802073], [-45.03959803, -22.5080494], [-45.03965978, -22.50807807], [-45.03969065, -22.50807806], [-45.03972153, -22.50810674], [-45.03975241, -22.50813541], [-45.03978329, -22.50816409], [-45.0397833, -22.50819277], [-45.03981418, -22.50822145], [-45.03981418, -22.50825013], [-45.03984506, -22.50825012], [-45.03987593, -22.5082788], [-45.0399068, -22.50827879], [-45.03993768, -22.50830746], [-45.03996857, -22.50836482], [-45.03999944, -22.50836481], [-45.03999945, -22.5083935], [-45.0400612, -22.50842216], [-45.04012294, -22.50842215], [-45.04012295, -22.50845083], [-45.04015382, -22.50845082], [-45.04018471, -22.50850818], [-45.04018471, -22.50853687], [-45.04036994, -22.50853682], [-45.04036995, -22.5085655], [-45.04040082, -22.50856549], [-45.0404317, -22.50862285], [-45.04043171, -22.50865154], [-45.04046259, -22.50868021], [-45.04049347, -22.50870889], [-45.04052434, -22.50870888], [-45.04055522, -22.50873755], [-45.04064783, -22.50873753], [-45.04067871, -22.50876621], [-45.04070959, -22.50879488], [-45.04077133, -22.50879486], [-45.04080221, -22.50882354], [-45.04086395, -22.50882352], [-45.0409257, -22.50885219], [-45.04095657, -22.50885218], [-45.04095658, -22.50888087], [-45.04101833, -22.50890953], [-45.04104921, -22.50893821], [-45.04108009, -22.50896688], [-45.04111097, -22.50899556], [-45.04114184, -22.50899555], [-45.04117272, -22.50902423], [-45.04126533, -22.5090242], [-45.04129621, -22.50905288], [-45.04135796, -22.50905286], [-45.04141971, -22.50908153], [-45.04148145, -22.50908151], [-45.0415432, -22.50911018], [-45.04163582, -22.50913884], [-45.0417593, -22.50913881], [-45.04175931, -22.50916749], [-45.04179019, -22.50919617], [-45.04182107, -22.50922484], [-45.04188282, -22.50925351], [-45.04191369, -22.5092535], [-45.04194457, -22.50928217], [-45.04200632, -22.50931084], [-45.04203721, -22.5093682], [-45.04206808, -22.50936819], [-45.04209897, -22.50942555], [-45.04212985, -22.50945422], [-45.0421916, -22.50948289], [-45.04222248, -22.50951156], [-45.04222248, -22.50954025], [-45.04225336, -22.50954024], [-45.04225336, -22.50956892], [-45.04228425, -22.50962628], [-45.04231513, -22.50965496], [-45.04231514, -22.50968364], [-45.04237689, -22.5097123], [-45.04240777, -22.50974099], [-45.04243865, -22.50976966], [-45.04246953, -22.50979833], [-45.04250042, -22.50985569], [-45.0425313, -22.50988437], [-45.04256218, -22.50991305], [-45.04256219, -22.50994172], [-45.04259307, -22.50997039], [-45.0425931, -22.51008513], [-45.04262398, -22.5101138], [-45.04262402, -22.51022854], [-45.04259315, -22.51022855], [-45.04259316, -22.51028592], [-45.04256229, -22.51028592], [-45.0425623, -22.51031461], [-45.04253144, -22.5103433], [-45.04250058, -22.51037199], [-45.04246971, -22.510372], [-45.04243884, -22.51040069], [-45.04240797, -22.5104007], [-45.04240798, -22.51042938], [-45.04237712, -22.51045807], [-45.04234626, -22.51048676], [-45.0423154, -22.51054414], [-45.04228454, -22.51057283], [-45.04225367, -22.51057283], [-45.04222281, -22.51060153], [-45.04219194, -22.51063022], [-45.04213022, -22.5106876], [-45.04213024, -22.51074496], [-45.04210421, -22.51074497], [-45.0421413, -22.51077941], [-45.04219238, -22.51082684], [-45.04224345, -22.51082683], [-45.04224351, -22.51101662], [-45.04229459, -22.51106406], [-45.04229467, -22.51134875], [-45.04224361, -22.51134876], [-45.04219256, -22.51139622], [-45.04214149, -22.51139623], [-45.04214152, -22.51149112], [-45.0421926, -22.51153856], [-45.04219269, -22.51182324], [-45.04224375, -22.51182322], [-45.04224377, -22.51187067], [-45.04229485, -22.51191811], [-45.04229486, -22.51196556], [-45.04234594, -22.51196555], [-45.04234595, -22.51201299], [-45.04244809, -22.51201297], [-45.0424481, -22.51206041], [-45.04249917, -22.5120604], [-45.04255025, -22.51210783], [-45.04260133, -22.51215526], [-45.04260134, -22.51220271], [-45.04265242, -22.51225014], [-45.04265244, -22.51229759], [-45.04270352, -22.51234502], [-45.04270356, -22.51248737], [-45.04275463, -22.51248736], [-45.04275464, -22.51250504], [-45.0422366, -22.51236767], [-45.04168088, -22.51225308], [-45.04120239, -22.51233925], [-45.03993666, -22.51233957], [-45.03951986, -22.51218191], [-45.03924188, -22.5117374], [-45.03876335, -22.51162279], [-45.03830035, -22.5118667], [-45.03765216, -22.51226841], [-45.03728187, -22.51288518], [-45.03724556, -22.513393], [-45.03723958, -22.51339022], [-45.03718851, -22.51339023], [-45.03708636, -22.51334281], [-45.03703529, -22.51334282], [-45.03693314, -22.5132954], [-45.03688206, -22.51324796], [-45.036831, -22.51324798], [-45.03677992, -22.51320054], [-45.03672885, -22.51320055], [-45.03672884, -22.51315311], [-45.03667776, -22.51310567], [-45.03662668, -22.51305824], [-45.03657561, -22.51305825], [-45.03647346, -22.51301083], [-45.03626919, -22.51301087], [-45.03626918, -22.51296342], [-45.03621811, -22.51296343], [-45.03616703, -22.51291599], [-45.0360649, -22.51291601], [-45.03601384, -22.51296347], [-45.03586063, -22.51296351], [-45.03580955, -22.51291607], [-45.03504354, -22.51291624], [-45.03499246, -22.5128688], [-45.03458392, -22.51286889], [-45.03453286, -22.51291635], [-45.03443073, -22.51291637], [-45.03443072, -22.51286893], [-45.03417537, -22.51286898], [-45.03412429, -22.51282154], [-45.03386896, -22.5128216], [-45.03386895, -22.51277415], [-45.03381787, -22.51272672], [-45.03361359, -22.51272676], [-45.03356251, -22.51267932], [-45.03351145, -22.51267933], [-45.03346037, -22.5126319], [-45.0332561, -22.51263194], [-45.03325609, -22.51258449], [-45.03315396, -22.51258451], [-45.03315395, -22.51253707], [-45.03305179, -22.51248964], [-45.03294966, -22.51248966], [-45.03289858, -22.51244222], [-45.03269431, -22.51244226], [-45.0326943, -22.51239481], [-45.03264324, -22.51239482], [-45.03264323, -22.51234738], [-45.03259216, -22.51234739], [-45.03254108, -22.51229995], [-45.03243894, -22.51229997], [-45.03243893, -22.51225253], [-45.03238786, -22.51225254], [-45.03238785, -22.51220509], [-45.03223465, -22.51220512], [-45.03223464, -22.51215767], [-45.03197931, -22.51215772], [-45.03192822, -22.51211029], [-45.03187715, -22.5121103], [-45.03182607, -22.51206286], [-45.03162181, -22.5120629], [-45.0316218, -22.51201545], [-45.03157072, -22.51196802], [-45.03151965, -22.51196803], [-45.03151964, -22.51192058], [-45.03146857, -22.51187314], [-45.03141749, -22.5118257], [-45.0313664, -22.51177826], [-45.03131533, -22.51177827], [-45.03131532, -22.51173083], [-45.03126426, -22.51173084], [-45.03126425, -22.51168339], [-45.03121318, -22.5116834], [-45.03121317, -22.51163595], [-45.0311621, -22.51163596], [-45.03111102, -22.51154108], [-45.03105995, -22.51154109], [-45.03100887, -22.51149365], [-45.03100886, -22.51144621], [-45.03075352, -22.51144626], [-45.03070244, -22.51139882], [-45.03060031, -22.51139884], [-45.0306003, -22.51135139], [-45.03054922, -22.51130395], [-45.03044709, -22.51130396], [-45.03043006, -22.51128816], [-45.03039604, -22.51135143], [-45.03034497, -22.51135144], [-45.03034498, -22.5114178], [-45.03033108, -22.51140431], [-45.03018109, -22.51125883], [-45.02979513, -22.51092426], [-45.02992371, -22.51073301], [-45.02964065, -22.51035063], [-45.02953765, -22.5098965], [-45.0292803, -22.50949021], [-45.02879151, -22.50944249], [-45.0283027, -22.50934697], [-45.02789104, -22.50908411], [-45.02742794, -22.50889297], [-45.02693916, -22.50891696], [-45.02645038, -22.50898874], [-45.02596162, -22.50908444], [-45.0254471, -22.50908452], [-45.02495832, -22.5091085], [-45.02449528, -22.50925199], [-45.02452109, -22.50970612], [-45.02495847, -22.50994508], [-45.02482992, -22.51039925], [-45.0252673, -22.51063821], [-45.02575609, -22.51061422], [-45.02619348, -22.51085318], [-45.02668224, -22.51073358], [-45.02717104, -22.5107335], [-45.02760834, -22.51051831], [-45.02812284, -22.51047041], [-45.02853452, -22.51073327], [-45.02863751, -22.5111874], [-45.02840607, -22.51159379], [-45.02791726, -22.51154606], [-45.02742845, -22.51147445], [-45.02696541, -22.51164183], [-45.02657958, -22.51195263], [-45.02614228, -22.51219173], [-45.0256535, -22.51231132], [-45.02603945, -22.51259809], [-45.0265025, -22.5124546], [-45.02686272, -22.51278918], [-45.02735152, -22.51276519], [-45.02730016, -22.51321935], [-45.02691432, -22.51353015], [-45.02642554, -22.51364974], [-45.02593675, -22.51372152], [-45.02560237, -22.51405621], [-45.02542236, -22.51448648], [-45.02511371, -22.51484507], [-45.02483078, -22.51522755], [-45.02488232, -22.51568169], [-45.02475377, -22.51615976], [-45.02441938, -22.51649445], [-45.02398206, -22.51673354], [-45.02367339, -22.51709213], [-45.02318461, -22.51730732], [-45.02269581, -22.51740299], [-45.0222585, -22.51766599], [-45.02189837, -22.51800066], [-45.02166689, -22.51843094], [-45.02158978, -22.51888511], [-45.02200146, -22.51914798], [-45.0224903, -22.51921961], [-45.02297913, -22.51929125], [-45.02344226, -22.51945851], [-45.02390532, -22.51926722], [-45.02439413, -22.51921933], [-45.02483154, -22.5194583], [-45.02532037, -22.51950602], [-45.0257577, -22.51929083], [-45.02622077, -22.51914734], [-45.02670958, -22.51912336], [-45.02706983, -22.51943403], [-45.02691555, -22.51988821], [-45.02681274, -22.52034237], [-45.02714727, -22.52070085], [-45.02761034, -22.52055735], [-45.02799619, -22.52027046], [-45.02833058, -22.51993576], [-45.02863923, -22.51955327], [-45.02907655, -22.51931417], [-45.02938537, -22.51967265], [-45.0290767, -22.52003125], [-45.02874232, -22.52038984], [-45.02843367, -22.52074843], [-45.028125, -22.52110702], [-45.02784207, -22.52148951], [-45.02748195, -22.52184811], [-45.02701887, -22.5219916], [-45.02658154, -22.5222068], [-45.02658163, -22.52268485], [-45.02665891, -22.52313899], [-45.02675258, -22.52319214], [-45.02694201, -22.52364088], [-45.02717364, -22.52404719], [-45.02725092, -22.52450133], [-45.02730247, -22.52495546], [-45.02696806, -22.52529015], [-45.02668511, -22.52567264], [-45.02653082, -22.52610291], [-45.02606774, -22.5262942], [-45.02565604, -22.52603134], [-45.02557893, -22.5264855], [-45.02604209, -22.52665275], [-45.0264538, -22.5269156], [-45.02611938, -22.5272503], [-45.02563056, -22.52739379], [-45.02537334, -22.52780017], [-45.02586222, -22.52789571], [-45.02624809, -22.52760882], [-45.02668543, -22.52734581], [-45.02712279, -22.52710672], [-45.02753439, -22.52681982], [-45.02799748, -22.52665242], [-45.0284863, -22.52655673], [-45.02882085, -22.52689129], [-45.02920685, -22.52720196], [-45.02951568, -22.52756044], [-45.0298624, -22.52768563], [-45.02986239, -22.5276724], [-45.02989325, -22.52758634], [-45.02989324, -22.52752898], [-45.02995497, -22.5274716], [-45.02998584, -22.52741423], [-45.0300167, -22.52735686], [-45.03007842, -22.52724212], [-45.03010929, -22.52718474], [-45.03017102, -22.52712737], [-45.03023276, -22.52706999], [-45.03026362, -22.52701262], [-45.03029448, -22.52695525], [-45.03035621, -22.52686919], [-45.03035615, -22.52658236], [-45.03038701, -22.5264963], [-45.0304504, -22.52639222], [-45.03050147, -22.52639221], [-45.03055255, -22.52643965], [-45.03111435, -22.52643954], [-45.03111436, -22.52648698], [-45.03136972, -22.52648694], [-45.03142079, -22.52643948], [-45.03147186, -22.52643947], [-45.03147185, -22.52639202], [-45.031574, -22.526392], [-45.03157399, -22.52634456], [-45.03167613, -22.52634454], [-45.03167612, -22.52629708], [-45.03172719, -22.52629707], [-45.03172718, -22.52624962], [-45.03177825, -22.52624961], [-45.03177824, -22.52620217], [-45.0318293, -22.52615471], [-45.03188037, -22.5261547], [-45.03188036, -22.52610725], [-45.03193143, -22.52610724], [-45.03193142, -22.5260598], [-45.03203358, -22.52605978], [-45.03203356, -22.52601233], [-45.03208464, -22.52601232], [-45.03208463, -22.52596487], [-45.0321357, -22.52596486], [-45.03213568, -22.52586997], [-45.03223782, -22.52586995], [-45.03228888, -22.52582249], [-45.03233995, -22.52582248], [-45.03233994, -22.52577503], [-45.03239101, -22.52577502], [-45.03239099, -22.52568012], [-45.03254421, -22.52568009], [-45.0325953, -22.52572753], [-45.03264637, -22.52572752], [-45.03269743, -22.52568006], [-45.03274849, -22.52563261], [-45.03315707, -22.52563252], [-45.03320813, -22.52558507], [-45.0332592, -22.52558505], [-45.03331026, -22.5255376], [-45.03341241, -22.52553758], [-45.03346347, -22.52549012], [-45.03366775, -22.52549008], [-45.03366774, -22.52544263], [-45.03371881, -22.52539517], [-45.03417845, -22.52539508], [-45.03417846, -22.52544252], [-45.03443383, -22.52544247], [-45.03453599, -22.52548989], [-45.034536, -22.52553734], [-45.03458708, -22.52558477], [-45.0347403, -22.52558474], [-45.03479138, -22.52563218], [-45.03484248, -22.52572706], [-45.0348425, -22.52577451], [-45.03489358, -22.52582195], [-45.03489363, -22.52601174], [-45.03484256, -22.52601175], [-45.03484257, -22.52605919], [-45.0347915, -22.52610665], [-45.03479153, -22.52624899], [-45.03474047, -22.52629645], [-45.0346894, -22.52629646], [-45.03468941, -22.52634391], [-45.03463837, -22.52643882], [-45.03448515, -22.52643885], [-45.03448514, -22.5263914], [-45.03422977, -22.52639146], [-45.03422976, -22.52634401], [-45.03402547, -22.52634406], [-45.03402546, -22.5262966], [-45.03397439, -22.52629661], [-45.03397438, -22.52624917], [-45.03382116, -22.5262492], [-45.03377008, -22.52620176], [-45.03371901, -22.52620177], [-45.03371902, -22.52624922], [-45.03366794, -22.52624923], [-45.03366795, -22.52629668], [-45.03346366, -22.52629672], [-45.03346367, -22.52634417], [-45.0334126, -22.52634418], [-45.03341261, -22.52639163], [-45.03336154, -22.52639164], [-45.03336155, -22.52643909], [-45.03331048, -22.5264391], [-45.03331049, -22.52648655], [-45.03325943, -22.526534], [-45.03325944, -22.52658145], [-45.03320838, -22.52662891], [-45.0332084, -22.5267238], [-45.03315734, -22.52677126], [-45.03315735, -22.5268187], [-45.03310627, -22.52681871], [-45.03310635, -22.52715085], [-45.03305528, -22.52715086], [-45.03305532, -22.52734064], [-45.0331064, -22.52734063], [-45.03310642, -22.52743553], [-45.0331575, -22.52743552], [-45.03315752, -22.52753042], [-45.03325967, -22.5275304], [-45.03331075, -22.52757783], [-45.03331076, -22.52762528], [-45.03336184, -22.52762527], [-45.03341292, -22.5276727], [-45.033464, -22.52772014], [-45.03351509, -22.52776758], [-45.03351517, -22.52809971], [-45.03346409, -22.52809972], [-45.03346412, -22.52819461], [-45.03341306, -22.52824207], [-45.03336199, -22.52828953], [-45.03331093, -22.52833698], [-45.03331098, -22.52852678], [-45.03336206, -22.52857422], [-45.03336209, -22.52866911], [-45.0335153, -22.52866908], [-45.03356639, -22.52871651], [-45.03382176, -22.52871646], [-45.03387285, -22.52876389], [-45.03407714, -22.52876385], [-45.03407715, -22.5288113], [-45.03453681, -22.5288112], [-45.0345879, -22.52885864], [-45.03494541, -22.52885856], [-45.03504757, -22.52890598], [-45.03509866, -22.52895342], [-45.03520081, -22.52900084], [-45.03525189, -22.52900083], [-45.03530297, -22.52904827], [-45.03535406, -22.52909571], [-45.03535417, -22.52952273], [-45.0353031, -22.52957019], [-45.03530323, -22.53004466], [-45.03525216, -22.53009213], [-45.03525221, -22.53028191], [-45.03520114, -22.53028192], [-45.03520115, -22.53032937], [-45.03515008, -22.53032938], [-45.03515016, -22.53066151], [-45.0350991, -22.53070897], [-45.03509912, -22.53080387], [-45.03504806, -22.53085132], [-45.03504808, -22.53089877], [-45.034997, -22.53089878], [-45.03494594, -22.53094624], [-45.03494595, -22.53099368], [-45.03489489, -22.53104114], [-45.03484383, -22.5310886], [-45.03484386, -22.53123095], [-45.03489494, -22.53123094], [-45.03489495, -22.53127838], [-45.03494604, -22.53132582], [-45.03494608, -22.5315156], [-45.03499717, -22.53156304], [-45.03499723, -22.53180028], [-45.03504831, -22.53184772], [-45.03504835, -22.53199006], [-45.03509942, -22.53199004], [-45.0350996, -22.53270175], [-45.03515069, -22.53274919], [-45.03515074, -22.53293898], [-45.0352529, -22.5329864], [-45.03530397, -22.53298639], [-45.03535506, -22.53303383], [-45.03540613, -22.53303382], [-45.03540615, -22.53308126], [-45.03545724, -22.5331287], [-45.03550833, -22.53317613], [-45.03550834, -22.53322358], [-45.03555941, -22.53322357], [-45.03555944, -22.53331847], [-45.03566159, -22.53331845], [-45.03571267, -22.53336588], [-45.03576375, -22.53336587], [-45.03586591, -22.5334133], [-45.035917, -22.53346073], [-45.03596808, -22.53350817], [-45.03601918, -22.5335556], [-45.03612133, -22.53355558], [-45.03617242, -22.53360301], [-45.0362235, -22.53365045], [-45.03632568, -22.53374532], [-45.03637676, -22.53379275], [-45.03653, -22.53384017], [-45.03662671, -22.53392996], [-45.03661042, -22.53394509], [-45.03656925, -22.5339451], [-45.03654867, -22.53396423], [-45.03652809, -22.53396424], [-45.0365281, -22.53400248], [-45.03650751, -22.53400248], [-45.03648694, -22.5340216], [-45.03648694, -22.53404073], [-45.03646635, -22.53404073], [-45.03646636, -22.53405986], [-45.03644578, -22.53407898], [-45.03644578, -22.5340981], [-45.03642519, -22.53409811], [-45.03640462, -22.53411724], [-45.03640463, -22.53413636], [-45.03638404, -22.53415548], [-45.03636346, -22.53417461], [-45.03634289, -22.53419373], [-45.03632231, -22.53421286], [-45.03630172, -22.53423199], [-45.03628115, -22.53425112], [-45.03626056, -22.53425113], [-45.03623998, -22.53427025], [-45.03621941, -22.53428938], [-45.03619883, -22.53430851], [-45.03617824, -22.53432763], [-45.03617825, -22.53434675], [-45.03615768, -22.53436588], [-45.03613709, -22.534385], [-45.03611651, -22.53440413], [-45.03609594, -22.53442326], [-45.03607537, -22.53448063], [-45.03607537, -22.53449975], [-45.03605479, -22.534538], [-45.03603422, -22.53455712], [-45.03603423, -22.53457625], [-45.03601365, -22.53461449], [-45.03599307, -22.53463362], [-45.0359725, -22.53467187], [-45.03595192, -22.534691], [-45.03593133, -22.53471013], [-45.03591076, -22.53472925], [-45.03591077, -22.53474837], [-45.03589019, -22.53478662], [-45.03589021, -22.53486311], [-45.03586963, -22.53490135], [-45.03584906, -22.53493961], [-45.03584907, -22.53497785], [-45.03582849, -22.53499698], [-45.03582849, -22.53501609], [-45.03580791, -22.5350161], [-45.03580792, -22.53505435], [-45.03578734, -22.53507347], [-45.03578736, -22.53514996], [-45.03576679, -22.5351882], [-45.0357462, -22.53520733], [-45.03572564, -22.5352647], [-45.03572565, -22.53532207], [-45.03570508, -22.53536032], [-45.0356845, -22.53539857], [-45.03566393, -22.53541769], [-45.03564335, -22.53545594], [-45.03562277, -22.53549419], [-45.0356022, -22.53551332], [-45.03558162, -22.53555156], [-45.03556104, -22.53557069], [-45.03556104, -22.53558981], [-45.03554047, -22.53560894], [-45.03551989, -22.53564719], [-45.03547874, -22.53568544], [-45.03547874, -22.53570456], [-45.03545816, -22.53572369], [-45.03543758, -22.53576194], [-45.03543759, -22.53580018], [-45.03541702, -22.53581931], [-45.03537585, -22.53585756], [-45.03535528, -22.53589581], [-45.03535529, -22.53591493], [-45.03531412, -22.53593407], [-45.03531412, -22.53595318], [-45.03529355, -22.53599144], [-45.03525238, -22.53601056], [-45.03525239, -22.53604881], [-45.03521124, -22.53608706], [-45.03521124, -22.53610619], [-45.03519065, -22.53610619], [-45.0351495, -22.53614444], [-45.03512892, -22.53618269], [-45.03512893, -22.53624005], [-45.03510836, -22.53625918], [-45.03510837, -22.53629742], [-45.03508779, -22.53633568], [-45.03506721, -22.5363548], [-45.03506721, -22.53637392], [-45.03504664, -22.53639305], [-45.03504665, -22.53643129], [-45.03502607, -22.53645042], [-45.03502607, -22.53646954], [-45.03500549, -22.53650779], [-45.0350055, -22.53654603], [-45.03498493, -22.53654604], [-45.03498494, -22.5366034], [-45.03496436, -22.53664165], [-45.03494378, -22.53666078], [-45.0349438, -22.53673727], [-45.03492323, -22.53675639], [-45.03490264, -22.53677552], [-45.03490265, -22.53679464], [-45.03488206, -22.53679465], [-45.03488207, -22.53685201], [-45.0348615, -22.53685202], [-45.03486151, -22.53690938], [-45.03484092, -22.53690939], [-45.03482034, -22.53692852], [-45.03479976, -22.53694764], [-45.03479976, -22.53696676], [-45.03473801, -22.53696678], [-45.03473801, -22.53698589], [-45.03467626, -22.5369859], [-45.0346351, -22.53700504], [-45.03461451, -22.53700504], [-45.03457335, -22.53702418], [-45.03455277, -22.53704331], [-45.03453219, -22.53704331], [-45.0345116, -22.53706243], [-45.03447044, -22.53706244], [-45.03444986, -22.53708157], [-45.03442927, -22.53708157], [-45.03438811, -22.5371007], [-45.03436752, -22.5371007], [-45.03432636, -22.53711984], [-45.03426461, -22.53713897], [-45.03416169, -22.537139], [-45.0341411, -22.53715812], [-45.03412052, -22.53715812], [-45.03409994, -22.53717725], [-45.03389409, -22.53717729], [-45.0338941, -22.53719642], [-45.03356474, -22.53719649], [-45.03354417, -22.53721562], [-45.03352358, -22.53721562], [-45.03348242, -22.53723475], [-45.03337949, -22.53723477], [-45.03335892, -22.5372539], [-45.03313248, -22.53725394], [-45.03313248, -22.53727307], [-45.0331119, -22.53727307], [-45.03309132, -22.53729219], [-45.03305015, -22.5372922], [-45.03302957, -22.53731133], [-45.03300899, -22.53733046], [-45.03296782, -22.53733047], [-45.03294724, -22.53734959], [-45.03282373, -22.53734961], [-45.03280315, -22.53736874], [-45.03265906, -22.53736877], [-45.03261789, -22.5373879], [-45.0326179, -22.53740702], [-45.03257673, -22.53740703], [-45.03255615, -22.53742616], [-45.03253557, -22.53742616], [-45.03253557, -22.53744529], [-45.03251499, -22.53746441], [-45.03251499, -22.53748353], [-45.03249441, -22.53748354], [-45.03247383, -22.53750266], [-45.03247384, -22.53752178], [-45.03245325, -22.53754091], [-45.03245326, -22.53756003], [-45.03243267, -22.53756004], [-45.0324121, -22.53757916], [-45.03239152, -22.53761741], [-45.03239152, -22.53763653], [-45.03237093, -22.53763653], [-45.03237095, -22.5376939], [-45.03235037, -22.5376939], [-45.03235044, -22.53801898], [-45.03232986, -22.5380381], [-45.03232986, -22.53805723], [-45.03230928, -22.53807635], [-45.03228871, -22.53809547], [-45.03226812, -22.5381146], [-45.03224754, -22.53813373], [-45.03224756, -22.53822934], [-45.03222699, -22.53824847], [-45.032227, -22.53828671], [-45.03220641, -22.53828671], [-45.03220642, -22.53832496], [-45.03218583, -22.53832497], [-45.03218584, -22.53836321], [-45.03216526, -22.53836321], [-45.03216527, -22.53838233], [-45.03214468, -22.53838233], [-45.03212409, -22.53840146], [-45.03208293, -22.53840147], [-45.03206234, -22.5384206], [-45.03204177, -22.5384206], [-45.03204177, -22.53843973], [-45.03202119, -22.53845885], [-45.0320006, -22.53847798], [-45.03198003, -22.5384971], [-45.03195945, -22.53851623], [-45.03193886, -22.53851623], [-45.03193886, -22.53853535], [-45.03191828, -22.53853536], [-45.03191829, -22.53855447], [-45.0318977, -22.5385736], [-45.03187712, -22.53859273], [-45.03187713, -22.5386501], [-45.03185656, -22.5386501], [-45.03181538, -22.53866923], [-45.03175363, -22.53868836], [-45.03173306, -22.53870749], [-45.03167131, -22.53872663], [-45.03163014, -22.53874575], [-45.03160955, -22.53874576], [-45.03158898, -22.53876489], [-45.03156839, -22.53876489], [-45.03156839, -22.53878402], [-45.03152723, -22.53880314], [-45.03150665, -22.53882227], [-45.03148606, -22.5388414], [-45.03146549, -22.53886052], [-45.0314449, -22.53887965], [-45.03142432, -22.53889877], [-45.03138316, -22.5389179], [-45.03136257, -22.53893703], [-45.031342, -22.53895616], [-45.031342, -22.53897527], [-45.03132142, -22.5389944], [-45.03132147, -22.53920474], [-45.03130088, -22.53922387], [-45.03128031, -22.539243], [-45.03128033, -22.53931948], [-45.03130091, -22.5393386], [-45.0313215, -22.53935772], [-45.03134209, -22.53935772], [-45.03138326, -22.53937682], [-45.03142443, -22.53939594], [-45.03144502, -22.53939594], [-45.03148619, -22.53941505], [-45.03150678, -22.53941505], [-45.03152737, -22.53943416], [-45.03154796, -22.53945328], [-45.03156854, -22.53945328], [-45.03158914, -22.5394724], [-45.03160971, -22.5394724], [-45.0316509, -22.5394915], [-45.0316509, -22.53951063], [-45.03167149, -22.53951062], [-45.03169207, -22.53952974], [-45.03171266, -22.53952974], [-45.03173325, -22.53954885], [-45.03173326, -22.53956798], [-45.03175383, -22.53956797], [-45.03179502, -22.53958709], [-45.0318156, -22.5396062], [-45.03183619, -22.5396062], [-45.03183619, -22.53964445], [-45.03187737, -22.53970181], [-45.03189797, -22.53972092], [-45.03193914, -22.53974003], [-45.03197002, -22.53974003], [-45.03204207, -22.53975914], [-45.03206266, -22.53977825], [-45.03210383, -22.53977824], [-45.03214501, -22.53979736], [-45.03222735, -22.53981647], [-45.03233027, -22.53981645], [-45.03237144, -22.53979731], [-45.03241261, -22.53977818], [-45.03245377, -22.53975906], [-45.03245376, -22.53972081], [-45.03255668, -22.53972079], [-45.03257728, -22.53973991], [-45.03257728, -22.53975903], [-45.03259787, -22.53977814], [-45.03259788, -22.53979727], [-45.03261846, -22.53979726], [-45.03265964, -22.53981638], [-45.0327008, -22.53981637], [-45.03270081, -22.5398355], [-45.0327214, -22.53985461], [-45.03272141, -22.53989285], [-45.03274199, -22.53991197], [-45.03274202, -22.54000759], [-45.03276261, -22.5400267], [-45.03276262, -22.54006494], [-45.03278321, -22.54008406], [-45.03278322, -22.54010318], [-45.03282439, -22.5401223], [-45.03284498, -22.54014141], [-45.03286556, -22.54016053], [-45.03288615, -22.54016053], [-45.03288616, -22.54017964], [-45.03294791, -22.54017963], [-45.03298908, -22.54019875], [-45.03307143, -22.54019873], [-45.03309202, -22.54021785], [-45.03317435, -22.54021783], [-45.03319495, -22.54023695], [-45.03344197, -22.5402369], [-45.03344196, -22.54021778], [-45.03346255, -22.54019865], [-45.03348313, -22.54019865], [-45.0335037, -22.5401604], [-45.03352429, -22.54014127], [-45.03354487, -22.54012215], [-45.03356545, -22.54012215], [-45.03358603, -22.54010302], [-45.03360662, -22.54008389], [-45.03362719, -22.54006476], [-45.03364778, -22.54006475], [-45.03370953, -22.54004563], [-45.03375069, -22.54002649], [-45.03379186, -22.54000737], [-45.03381244, -22.54000736], [-45.03387419, -22.5399691], [-45.03389478, -22.5399691], [-45.03391536, -22.53994997], [-45.03393593, -22.53993085], [-45.03397711, -22.53991171], [-45.03401827, -22.53989258], [-45.03403886, -22.53989258], [-45.03405943, -22.53987346], [-45.03418294, -22.53987343], [-45.03420352, -22.5398543], [-45.0343682, -22.53985426], [-45.0343682, -22.53987339], [-45.0343888, -22.5398925], [-45.0343888, -22.53991163], [-45.03440939, -22.53991162], [-45.0344094, -22.53993075], [-45.03445056, -22.53993074], [-45.03447116, -22.53994985], [-45.03447116, -22.53996897], [-45.03449174, -22.53996897], [-45.03451233, -22.53998809], [-45.0345535, -22.54000721], [-45.03461526, -22.54000719], [-45.03463585, -22.5400263], [-45.03465644, -22.5400263], [-45.03467702, -22.54004542], [-45.03467703, -22.54006454], [-45.03469763, -22.54010278], [-45.03471821, -22.54010278], [-45.0347388, -22.5401219], [-45.0347388, -22.54014101], [-45.03475939, -22.54014101], [-45.03477998, -22.54016013], [-45.03480057, -22.54017924], [-45.03480057, -22.54019837], [-45.03482116, -22.54019836], [-45.03482116, -22.54021749], [-45.03484176, -22.54023661], [-45.03486235, -22.5402366], [-45.03486235, -22.54025572], [-45.03488293, -22.54027484], [-45.03490353, -22.54031307], [-45.03490354, -22.5403322], [-45.03492413, -22.5403322], [-45.03492413, -22.54035132], [-45.03494471, -22.54035132], [-45.03494471, -22.54037043], [-45.03496531, -22.54038955], [-45.03498589, -22.54038955], [-45.0349859, -22.54040867], [-45.03500648, -22.54042778], [-45.03502707, -22.54042778], [-45.03504766, -22.5404469], [-45.03506825, -22.54046602], [-45.03506825, -22.54048514], [-45.03508885, -22.54050426], [-45.03510943, -22.54050425], [-45.03510944, -22.54052338], [-45.03513002, -22.54052337], [-45.03513002, -22.54054249], [-45.03515061, -22.54054248], [-45.03515062, -22.54056161], [-45.03517121, -22.54058073], [-45.03519179, -22.54059984], [-45.03521238, -22.54059984], [-45.03523297, -22.54061896], [-45.03560351, -22.54061887], [-45.0356035, -22.54058063], [-45.03562407, -22.5405615], [-45.03562406, -22.54052326], [-45.03564465, -22.54052326], [-45.03564463, -22.54044677], [-45.03566522, -22.54044676], [-45.03566521, -22.54040852], [-45.03568578, -22.54038939], [-45.03568578, -22.54037027], [-45.03570636, -22.54035115], [-45.03572694, -22.54033202], [-45.03574752, -22.54031289], [-45.0357681, -22.54027464], [-45.03578868, -22.54027464], [-45.03578868, -22.54025551], [-45.03582984, -22.54023639], [-45.03585043, -22.54023639], [-45.035871, -22.54021726], [-45.035871, -22.54019813], [-45.03589159, -22.54019813], [-45.03591217, -22.540179], [-45.03593275, -22.54017899], [-45.03595333, -22.54015987], [-45.03597391, -22.54014074], [-45.03599449, -22.54014074], [-45.03599449, -22.54012162], [-45.03603566, -22.54012161], [-45.03607683, -22.54010248], [-45.03609742, -22.54010247], [-45.03611799, -22.54008334], [-45.03613857, -22.54006421], [-45.03617974, -22.54006421], [-45.03620032, -22.54004508], [-45.03622091, -22.54002596], [-45.03652968, -22.54002589], [-45.03655027, -22.54004501], [-45.03655028, -22.54006412], [-45.03659145, -22.54006411], [-45.03661204, -22.54008323], [-45.03663262, -22.54010235], [-45.03665322, -22.54012147], [-45.03665322, -22.54014059], [-45.03667381, -22.54014058], [-45.03667381, -22.54015971], [-45.0366944, -22.54017882], [-45.03671499, -22.54019794], [-45.03673559, -22.54021706], [-45.03675616, -22.54021706], [-45.03677676, -22.54023618], [-45.03679735, -22.54025529], [-45.03729139, -22.54025517], [-45.03731197, -22.54023605], [-45.03733255, -22.54023605], [-45.0373943, -22.54021691], [-45.03741489, -22.54019778], [-45.03745605, -22.54019777], [-45.03747664, -22.54017864], [-45.03749721, -22.54015952], [-45.03753838, -22.54014038], [-45.03755896, -22.54014038], [-45.03760013, -22.54012125], [-45.03762071, -22.54010212], [-45.03764129, -22.54010212], [-45.03766188, -22.54008299], [-45.03768246, -22.54008299], [-45.03770304, -22.54006386], [-45.03782655, -22.54006383], [-45.03786771, -22.5400447], [-45.03790888, -22.54002557], [-45.03795004, -22.54000644], [-45.03797063, -22.53998731], [-45.03799121, -22.53998731], [-45.03801179, -22.53996818], [-45.03805295, -22.53996817], [-45.03807354, -22.53994904], [-45.03811471, -22.53994903], [-45.03813529, -22.53992991], [-45.03817646, -22.53991077], [-45.03821762, -22.53989164], [-45.03825878, -22.53987251], [-45.03827937, -22.53987251], [-45.03829995, -22.53985338], [-45.03834111, -22.53983425], [-45.03838228, -22.53983424], [-45.03838228, -22.53981512], [-45.03846462, -22.5398151], [-45.03846461, -22.53979597], [-45.03853666, -22.53979595], [-45.03856754, -22.53981507], [-45.03856755, -22.5398342], [-45.03860873, -22.53987243], [-45.03860874, -22.53989154], [-45.03864991, -22.53989153], [-45.0386705, -22.53991065], [-45.03869108, -22.53992977], [-45.03873227, -22.53994888], [-45.03875285, -22.539968], [-45.03879403, -22.53996799], [-45.03881461, -22.53998711], [-45.0388352, -22.5399871], [-45.03885579, -22.54000622], [-45.03887638, -22.54002534], [-45.03889697, -22.54004446], [-45.03891756, -22.54006357], [-45.03893815, -22.54008269], [-45.03895873, -22.54008268], [-45.03895874, -22.54010181], [-45.03897933, -22.5401018], [-45.03899991, -22.54012092], [-45.0390411, -22.54015915], [-45.03904111, -22.54017827], [-45.03906169, -22.54019739], [-45.03906169, -22.54021651], [-45.03908229, -22.54023563], [-45.03910288, -22.54023563], [-45.03910288, -22.54025474], [-45.03912347, -22.54029299], [-45.03914406, -22.54029298], [-45.03916465, -22.54031209], [-45.03918524, -22.54033121], [-45.03918524, -22.54035034], [-45.03931431, -22.54032289], [-45.03947236, -22.54034923], [-45.0395909, -22.54046777], [-45.03982907, -22.5404502], [-45.03989382, -22.5404546], [-45.03997395, -22.54046338], [-45.03999591, -22.54050728], [-45.04002663, -22.5405424], [-45.04015834, -22.54073009], [-45.0402242, -22.54082229], [-45.04034273, -22.54093423], [-45.04043493, -22.54106594], [-45.04044152, -22.54123716], [-45.040402, -22.54127668], [-45.04032956, -22.54142156], [-45.04032957, -22.54156643], [-45.04026371, -22.54171132], [-45.04019127, -22.54180351], [-45.04004639, -22.54188254], [-45.0398159, -22.54194839], [-45.03965785, -22.54197474], [-45.03956456, -22.54206803], [-45.03951187, -22.54212072], [-45.03952504, -22.54217999], [-45.0395909, -22.54225242], [-45.03974236, -22.54246316], [-45.03978846, -22.54268047], [-45.04040045, -22.54268291], [-45.0411418, -22.54360058], [-45.04005104, -22.54456002], [-45.04005105, -22.54457607], [-45.04005106, -22.54463343], [-45.04003048, -22.54465256], [-45.04003048, -22.54467168], [-45.0400099, -22.54469081], [-45.03998933, -22.54470994], [-45.03992757, -22.54470996], [-45.03990699, -22.54472908], [-45.0398864, -22.54472908], [-45.03986582, -22.54474821], [-45.03986583, -22.54476734], [-45.03984524, -22.54476734], [-45.03984525, -22.54478646], [-45.03980408, -22.54478647], [-45.03978349, -22.5448056], [-45.03974233, -22.54480561], [-45.03974239, -22.54501595], [-45.03976296, -22.54501594], [-45.03976299, -22.54509243], [-45.03978358, -22.54511155], [-45.03980417, -22.54511155], [-45.03980418, -22.54513066], [-45.03982476, -22.54514978], [-45.03984535, -22.5451689], [-45.03986595, -22.54518801], [-45.03988653, -22.54520713], [-45.03990713, -22.54522625], [-45.03990713, -22.54524537], [-45.03992773, -22.54526449], [-45.03992773, -22.54528361], [-45.03994832, -22.54530272], [-45.03994832, -22.54532185], [-45.03996892, -22.54534097], [-45.03998951, -22.54536008], [-45.04001009, -22.54536007], [-45.04003069, -22.54537919], [-45.04003069, -22.54539832], [-45.04005129, -22.54541743], [-45.04007187, -22.54543655], [-45.04007188, -22.54545567], [-45.04009247, -22.54547478], [-45.04009248, -22.54551303], [-45.04011307, -22.54551303], [-45.04011308, -22.54553214], [-45.04013366, -22.54555126], [-45.04013367, -22.54557039], [-45.04015426, -22.5455895], [-45.04017486, -22.54560862], [-45.04019544, -22.54562774], [-45.04019545, -22.54564686], [-45.04021604, -22.54566598], [-45.04021605, -22.5456851], [-45.04023664, -22.54570421], [-45.04023666, -22.54576158], [-45.04025724, -22.54576157], [-45.04027783, -22.54578069], [-45.04029843, -22.54579981], [-45.04031901, -22.54581893], [-45.04031902, -22.54583805], [-45.04033961, -22.54583804], [-45.0403602, -22.54585716], [-45.04038079, -22.54587628], [-45.04042198, -22.54591451], [-45.04042198, -22.54593363], [-45.04044256, -22.54593362], [-45.04044257, -22.54595275], [-45.04048375, -22.54595274], [-45.04050433, -22.54597186], [-45.04054552, -22.54599097], [-45.0405661, -22.54601008], [-45.0405867, -22.5460292], [-45.04062786, -22.54602919], [-45.04064846, -22.5460483], [-45.04066905, -22.54606742], [-45.04068964, -22.54608654], [-45.04073082, -22.54608653], [-45.04073082, -22.54610566], [-45.0407514, -22.54610565], [-45.04075141, -22.54612477], [-45.04081317, -22.54612475], [-45.04085435, -22.54616299], [-45.04087494, -22.5461821], [-45.04089553, -22.54620122], [-45.04089554, -22.54622034], [-45.04091613, -22.54622033], [-45.0409573, -22.54623944], [-45.04097789, -22.54623944], [-45.04099848, -22.54625856], [-45.04128669, -22.54625849], [-45.04130727, -22.54627761], [-45.04151314, -22.54627755], [-45.04153372, -22.54625842], [-45.04155431, -22.54625842], [-45.0415543, -22.54623929], [-45.04167782, -22.54623926], [-45.04169839, -22.54622013], [-45.04169839, -22.54620101], [-45.04173957, -22.546201], [-45.04176014, -22.54618187], [-45.04176013, -22.54616276], [-45.04178072, -22.54614363], [-45.04182189, -22.54614362], [-45.04182188, -22.54612449], [-45.04184247, -22.54612449], [-45.04184246, -22.54610537], [-45.04186305, -22.54610536], [-45.04186305, -22.54608624], [-45.04188362, -22.54606711], [-45.04188361, -22.54602887], [-45.04190419, -22.54600974], [-45.04192478, -22.54599062], [-45.04194535, -22.54597149], [-45.04196593, -22.54595236], [-45.04198652, -22.54595235], [-45.04198652, -22.54593323], [-45.0420071, -22.54593322], [-45.04202768, -22.5459141], [-45.04204826, -22.54589497], [-45.04208942, -22.54587584], [-45.04208942, -22.54585672], [-45.04213058, -22.54583758], [-45.04213058, -22.54581847], [-45.04215116, -22.54581846], [-45.04217175, -22.54579933], [-45.04221291, -22.5457802], [-45.0425217, -22.54578011], [-45.04256287, -22.54579923], [-45.04262463, -22.54579921], [-45.04266582, -22.54581833], [-45.04270698, -22.54581831], [-45.04274816, -22.54583742], [-45.04276875, -22.54585654], [-45.04280992, -22.54585653], [-45.04283052, -22.54587565], [-45.04287169, -22.54587564], [-45.04289229, -22.54591387], [-45.04293346, -22.54593298], [-45.04295406, -22.54597122], [-45.04295407, -22.54599035], [-45.04301583, -22.54599033], [-45.04301583, -22.54600944], [-45.04303643, -22.54604768], [-45.04303644, -22.54606681], [-45.04305703, -22.54608592], [-45.04307762, -22.54610504], [-45.04309821, -22.54610504], [-45.0431188, -22.54612415], [-45.04313939, -22.54614327], [-45.04313939, -22.54616239], [-45.04315999, -22.5461815], [-45.04316, -22.54621974], [-45.0431806, -22.54623886], [-45.04320118, -22.54625798], [-45.04322177, -22.54625798], [-45.04322178, -22.5462771], [-45.04324237, -22.54629621], [-45.04324238, -22.54631534], [-45.04326297, -22.54635357], [-45.04326298, -22.5463727], [-45.04328357, -22.54639182], [-45.04328365, -22.54665952], [-45.04330425, -22.54667864], [-45.04330426, -22.54669776], [-45.04332484, -22.54671687], [-45.04332485, -22.54675512], [-45.04344837, -22.54675508], [-45.04344836, -22.54673597], [-45.04348954, -22.54673596], [-45.04348954, -22.54671683], [-45.04351012, -22.54671682], [-45.0435307, -22.54669769], [-45.04357187, -22.54669768], [-45.04359245, -22.54667856], [-45.04363362, -22.54667855], [-45.0436542, -22.54665942], [-45.04373655, -22.5466594], [-45.04373654, -22.54664027], [-45.04375712, -22.54664027], [-45.04375712, -22.54662115], [-45.04381888, -22.54662113], [-45.04383946, -22.546602], [-45.04383945, -22.54658288], [-45.04386004, -22.54658287], [-45.04388062, -22.54656375], [-45.04390121, -22.54656375], [-45.04392179, -22.54654462], [-45.04394236, -22.54652549], [-45.04396294, -22.54650636], [-45.04404529, -22.54650634], [-45.04406587, -22.54648721], [-45.04414821, -22.54648719], [-45.04415962, -22.54649778], [-45.04416821, -22.5464898], [-45.04419393, -22.54644199], [-45.04419391, -22.54639418], [-45.04421964, -22.54637027], [-45.04421963, -22.54634637], [-45.04424536, -22.54632246], [-45.04424535, -22.54629856], [-45.0442968, -22.54625074], [-45.04432252, -22.54622683], [-45.04432251, -22.54617903], [-45.04434824, -22.54617902], [-45.04437397, -22.54615511], [-45.04439969, -22.5461312], [-45.04445115, -22.54608338], [-45.04450259, -22.54603556], [-45.04455405, -22.54601165], [-45.04460551, -22.54598773], [-45.04465695, -22.54593991], [-45.04468269, -22.5459399], [-45.04470841, -22.545916], [-45.04473415, -22.54591599], [-45.04473414, -22.54589209], [-45.04475987, -22.54589208], [-45.04481132, -22.54586816], [-45.04481132, -22.54584426], [-45.04483705, -22.54584425], [-45.04488851, -22.54582033], [-45.04491424, -22.54579642], [-45.04493996, -22.54579641], [-45.04496569, -22.54577251], [-45.04501714, -22.54572469], [-45.04501713, -22.54570079], [-45.04504286, -22.54570078], [-45.04506859, -22.54567687], [-45.04509433, -22.54567686], [-45.04512004, -22.54565295], [-45.04514577, -22.54562905], [-45.04517149, -22.54558123], [-45.04522294, -22.54553341], [-45.04524866, -22.54548559], [-45.04524865, -22.5454617], [-45.04527437, -22.54546169], [-45.04527437, -22.54543779], [-45.04530008, -22.54538997], [-45.04532581, -22.54536606], [-45.04535154, -22.54534215], [-45.04535153, -22.54531826], [-45.04537726, -22.54531825], [-45.04540299, -22.54529434], [-45.04540298, -22.54527043], [-45.04545443, -22.54524652], [-45.04548016, -22.5452226], [-45.04548015, -22.5451987], [-45.04550588, -22.54519869], [-45.04553161, -22.54517479], [-45.04555733, -22.54515088], [-45.04555733, -22.54512698], [-45.04558305, -22.54512697], [-45.04558299, -22.54493575], [-45.04560872, -22.54493574], [-45.04560859, -22.5445294], [-45.04563431, -22.54450549], [-45.04563426, -22.54433817], [-45.04565998, -22.54429036], [-45.04565995, -22.54419475], [-45.0457114, -22.54414693], [-45.0457112, -22.54354937], [-45.04568546, -22.54352548], [-45.04565973, -22.54352549], [-45.04565971, -22.54347768], [-45.04563397, -22.54345378], [-45.04558249, -22.54342989], [-45.04558249, -22.54340599], [-45.04555675, -22.5433821], [-45.04555663, -22.54299966], [-45.04558235, -22.54299965], [-45.0455822, -22.54252161], [-45.04555647, -22.54252162], [-45.04553072, -22.54247382], [-45.04553071, -22.54244991], [-45.04550497, -22.54242602], [-45.04550496, -22.54237821], [-45.04545348, -22.54235433], [-45.04545348, -22.54233043], [-45.04542773, -22.54228263], [-45.045402, -22.54225873], [-45.04540198, -22.54221093], [-45.04535051, -22.54221094], [-45.04532477, -22.54218705], [-45.04532476, -22.54216314], [-45.04529902, -22.54213925], [-45.04527329, -22.54213925], [-45.04522182, -22.54211537], [-45.04517035, -22.54209148], [-45.04514461, -22.54206758], [-45.04509314, -22.5420437], [-45.0450674, -22.5420198], [-45.0450674, -22.5419959], [-45.04478434, -22.54199598], [-45.04478433, -22.54197207], [-45.04473288, -22.54197209], [-45.04470713, -22.54194819], [-45.04383225, -22.54194843], [-45.04383224, -22.54192453], [-45.04378078, -22.54190065], [-45.04375505, -22.54190065], [-45.04370357, -22.54187676], [-45.04367784, -22.54187677], [-45.04362637, -22.54185288], [-45.04357491, -22.5418529], [-45.04347197, -22.54180512], [-45.0434205, -22.54178123], [-45.04339476, -22.54178123], [-45.04336902, -22.54175734], [-45.04334328, -22.54173345], [-45.04318889, -22.54173349], [-45.04313743, -22.5417096], [-45.04311169, -22.5416857], [-45.04308594, -22.5416379], [-45.04306021, -22.54163791], [-45.04300873, -22.54159012], [-45.04300873, -22.54156622], [-45.04293153, -22.54156624], [-45.04290579, -22.54154234], [-45.04285432, -22.54149455], [-45.04277712, -22.54149457], [-45.04277711, -22.54147067], [-45.04275137, -22.54144678], [-45.04267418, -22.5414468], [-45.04267417, -22.54142289], [-45.04262269, -22.5413751], [-45.04259696, -22.54137511], [-45.04257122, -22.54135121], [-45.04254548, -22.54135122], [-45.04254545, -22.54125561], [-45.04257118, -22.5412317], [-45.04264836, -22.54115998], [-45.04272552, -22.54106434], [-45.04275124, -22.54104043], [-45.04277698, -22.54104042], [-45.04280269, -22.54099262], [-45.04282842, -22.54096871], [-45.04300854, -22.54096866], [-45.04311145, -22.54092082], [-45.04316291, -22.54089691], [-45.04324008, -22.54084909], [-45.04372898, -22.54084895], [-45.04375471, -22.54082504], [-45.04378044, -22.54082504], [-45.04380617, -22.54080113], [-45.04383188, -22.54077721], [-45.04385761, -22.5407533], [-45.04388333, -22.5407294], [-45.04390906, -22.54070549], [-45.04390905, -22.54068159], [-45.04393478, -22.54068158], [-45.04396051, -22.54065767], [-45.0439605, -22.54063377], [-45.04398623, -22.54063376], [-45.04401195, -22.54060985], [-45.04403768, -22.54058595], [-45.04403767, -22.54056204], [-45.04406339, -22.54053813], [-45.04414056, -22.5404664], [-45.04416629, -22.5404425], [-45.04419201, -22.54041859], [-45.04424345, -22.54032296], [-45.04424344, -22.54029906], [-45.04426916, -22.54027515], [-45.04429489, -22.54025124], [-45.04429487, -22.54017953], [-45.04432059, -22.54017952], [-45.04432058, -22.54015562], [-45.0443463, -22.54010781], [-45.04437203, -22.5401078], [-45.04437195, -22.53984487], [-45.04434621, -22.53982098], [-45.04432047, -22.53979709], [-45.044269, -22.53974929], [-45.04416607, -22.53974932], [-45.04414034, -22.53977323], [-45.04349707, -22.53977341], [-45.04349706, -22.5397495], [-45.04341986, -22.53974952], [-45.04334265, -22.53972564], [-45.04334257, -22.53943881], [-45.04336829, -22.5394149], [-45.04336828, -22.53939101], [-45.043394, -22.53934319], [-45.04339399, -22.53931929], [-45.04341971, -22.53927147], [-45.04347116, -22.53922366], [-45.04347115, -22.53917585], [-45.04349687, -22.53915194], [-45.04352259, -22.53912803], [-45.04352257, -22.53908023], [-45.0435483, -22.53905632], [-45.04357402, -22.53900851], [-45.04359974, -22.5389846], [-45.04362547, -22.53896068], [-45.04365119, -22.53893678], [-45.04365118, -22.53891288], [-45.04370262, -22.53886506], [-45.04372835, -22.53884115], [-45.04375407, -22.53881724], [-45.0437798, -22.53879333], [-45.04383124, -22.53874551], [-45.04385696, -22.5386977], [-45.04388269, -22.53869769], [-45.04390842, -22.53867378], [-45.04411427, -22.53867372], [-45.04411428, -22.53869763], [-45.04416574, -22.53872152], [-45.04419147, -22.53872151], [-45.04421721, -22.53874541], [-45.04424295, -22.5387693], [-45.04426869, -22.5387932], [-45.04429443, -22.53881709], [-45.04429444, -22.53884099], [-45.04432017, -22.53886489], [-45.04437165, -22.53891268], [-45.04442312, -22.53893657], [-45.04444886, -22.53893656], [-45.04444886, -22.53896046], [-45.04447459, -22.53896045], [-45.04452606, -22.53898434], [-45.04452607, -22.53900825], [-45.0445518, -22.53900824], [-45.04457754, -22.53903214], [-45.04460327, -22.53903213], [-45.044629, -22.53905603], [-45.04462901, -22.53907993], [-45.04465475, -22.53910382], [-45.04468049, -22.53912771], [-45.04468051, -22.53917552], [-45.04470625, -22.53919942], [-45.0449121, -22.53919936], [-45.04493782, -22.53917545], [-45.04493781, -22.53915155], [-45.04496354, -22.53915154], [-45.04498927, -22.53912763], [-45.04504072, -22.53907981], [-45.04506643, -22.539032], [-45.04511788, -22.53900808], [-45.04514361, -22.53898417], [-45.0451436, -22.53896027], [-45.04516932, -22.53893636], [-45.04516932, -22.53891246], [-45.04519504, -22.53888855], [-45.04519502, -22.53881684], [-45.04524646, -22.53874512], [-45.04524645, -22.53872122], [-45.04527215, -22.53864951], [-45.04527214, -22.5386256], [-45.04529786, -22.53857779], [-45.04532359, -22.53855388], [-45.04532356, -22.53848217], [-45.04533155, -22.53846731], [-45.04534928, -22.53843436], [-45.045375, -22.53841045], [-45.04537498, -22.53833875], [-45.04540071, -22.53831483], [-45.04542642, -22.53829092], [-45.04542641, -22.53826702], [-45.04545214, -22.53824311], [-45.04545212, -22.53819531], [-45.04550358, -22.53817139], [-45.0455293, -22.53814748], [-45.0455293, -22.53812358], [-45.04558074, -22.53809966], [-45.04560648, -22.53809965], [-45.04565793, -22.53805184], [-45.04568365, -22.53802793], [-45.04570938, -22.53800401], [-45.04573509, -22.5379801], [-45.04576081, -22.53795619], [-45.04578654, -22.53793228], [-45.04581226, -22.53790838], [-45.04581226, -22.53788447], [-45.04583798, -22.53786056], [-45.04583797, -22.53783666], [-45.0458637, -22.53781275], [-45.04594086, -22.53774102], [-45.04596658, -22.53769321], [-45.04601803, -22.53764539], [-45.04604375, -22.53762148], [-45.04606947, -22.53759757], [-45.04609519, -22.53757366], [-45.04612092, -22.53754975], [-45.04617237, -22.53752583], [-45.0461981, -22.53750192], [-45.04622381, -22.53747802], [-45.04624954, -22.53745411], [-45.04624953, -22.5374302], [-45.04627524, -22.53738239], [-45.04630098, -22.53738238], [-45.04635243, -22.53735846], [-45.04640387, -22.53731065], [-45.04645532, -22.53726283], [-45.04650678, -22.53723891], [-45.04653249, -22.537215], [-45.04655821, -22.53716719], [-45.04660966, -22.53711937], [-45.04666111, -22.53707154], [-45.04671255, -22.53702373], [-45.04671253, -22.53697592], [-45.04673825, -22.53695201], [-45.0467897, -22.53690419], [-45.0467897, -22.53688028], [-45.04681542, -22.53685638], [-45.04686686, -22.53680856], [-45.04686685, -22.53678466], [-45.04689257, -22.53676074], [-45.04689257, -22.53673684], [-45.04691828, -22.53668903], [-45.04694401, -22.53668903], [-45.04696973, -22.53664121], [-45.04696972, -22.53661731], [-45.04699545, -22.5365934], [-45.04704688, -22.53652168], [-45.04704687, -22.53649777], [-45.0470726, -22.53649777], [-45.04707259, -22.53644996], [-45.0470983, -22.53640215], [-45.04712403, -22.53637824], [-45.04712401, -22.53633043], [-45.04714973, -22.53630652], [-45.04717544, -22.53625872], [-45.04717543, -22.53623481], [-45.04720116, -22.5362109], [-45.04722688, -22.53618699], [-45.04722687, -22.53616309], [-45.0472526, -22.53613918], [-45.04727832, -22.53611527], [-45.04732977, -22.53609135], [-45.04732976, -22.53606745], [-45.04735548, -22.53604354], [-45.04743268, -22.53604351], [-45.04748413, -22.5359957], [-45.04753557, -22.53597178], [-45.04758703, -22.53594786], [-45.04766421, -22.53592394], [-45.04771566, -22.53587611], [-45.04771565, -22.53585222], [-45.04774138, -22.53585221], [-45.0477671, -22.5358283], [-45.04779283, -22.53580439], [-45.04779282, -22.53578048], [-45.04781853, -22.53575657], [-45.04784426, -22.53573266], [-45.04784425, -22.53570877], [-45.04786997, -22.53568485], [-45.04786996, -22.53563705], [-45.04789568, -22.53561314], [-45.0479021, -22.53560118], [-45.04789567, -22.53558923], [-45.04784419, -22.53554145], [-45.04784418, -22.53551754], [-45.04781844, -22.53549365], [-45.04776697, -22.53544586], [-45.04776696, -22.53539806], [-45.04774122, -22.53537416], [-45.04774121, -22.53535026], [-45.04771547, -22.53532636], [-45.04768973, -22.53532637], [-45.04768973, -22.53530246], [-45.04766399, -22.53527857], [-45.04763826, -22.53525468], [-45.04761252, -22.53523078], [-45.04761251, -22.53520688], [-45.04758677, -22.53518298], [-45.04758676, -22.53515908], [-45.04756101, -22.53511129], [-45.04753528, -22.5351113], [-45.04753527, -22.53508739], [-45.04750952, -22.53503959], [-45.0474838, -22.5350396], [-45.04748378, -22.53499179], [-45.04745804, -22.534944], [-45.0474323, -22.5349201], [-45.04740655, -22.5348723], [-45.04740654, -22.5348484], [-45.0473808, -22.5348245], [-45.04735506, -22.53480062], [-45.04735504, -22.53475281], [-45.0473293, -22.53472891], [-45.04732929, -22.53468111], [-45.04730356, -22.53465722], [-45.04730354, -22.53460941], [-45.0472778, -22.53458551], [-45.04722631, -22.53451382], [-45.04720055, -22.53444212], [-45.04720054, -22.53439431], [-45.0471748, -22.53437042], [-45.04717479, -22.53434652], [-45.04714906, -22.53432263], [-45.04714891, -22.53386848], [-45.04717461, -22.53382066], [-45.04717448, -22.53343823], [-45.04720021, -22.53341432], [-45.04722592, -22.5333665], [-45.04722591, -22.5333426], [-45.04725164, -22.5333187], [-45.04725163, -22.53329479], [-45.04727735, -22.53327088], [-45.04730308, -22.53327087], [-45.04730308, -22.53324697], [-45.0473288, -22.53324696], [-45.04735452, -22.53322305], [-45.04738024, -22.53319914], [-45.04740598, -22.53319913], [-45.0474317, -22.53317523], [-45.04745741, -22.53312741], [-45.04748315, -22.53312741], [-45.04756031, -22.53305567], [-45.04758603, -22.53303177], [-45.04761175, -22.53300786], [-45.04766319, -22.53296003], [-45.04768892, -22.53296003], [-45.04771465, -22.53293612], [-45.04771464, -22.53291221], [-45.04776609, -22.5328883], [-45.04779182, -22.53286439], [-45.04779181, -22.53284049], [-45.04784324, -22.53279266], [-45.04784311, -22.53241023], [-45.04786884, -22.53238632], [-45.04786871, -22.53202778], [-45.04789444, -22.53200386], [-45.04792017, -22.53200386], [-45.04792016, -22.53197996], [-45.04799734, -22.53197994], [-45.04807452, -22.53193211], [-45.04815171, -22.53193209], [-45.04820316, -22.53190817], [-45.04822888, -22.53188425], [-45.0482546, -22.53183645], [-45.04828033, -22.53183644], [-45.04830604, -22.53181253], [-45.04830601, -22.53171691], [-45.04838318, -22.53164519], [-45.04838317, -22.53162128], [-45.04840889, -22.53159737], [-45.04840889, -22.53157347], [-45.04848604, -22.53150174], [-45.04851178, -22.53150173], [-45.0485375, -22.53147782], [-45.04856323, -22.53147781], [-45.04856322, -22.53145391], [-45.04858895, -22.5314539], [-45.04864039, -22.53140608], [-45.04866612, -22.53140607], [-45.04869184, -22.53138217], [-45.04869184, -22.53135827], [-45.04879475, -22.53135823], [-45.04887194, -22.53133431], [-45.04889766, -22.5313104], [-45.04892337, -22.53128648], [-45.04897482, -22.53123867], [-45.04900055, -22.53123866], [-45.049052, -22.53121474], [-45.04910344, -22.53116692], [-45.04915488, -22.53111909], [-45.04920633, -22.53107128], [-45.04925776, -22.53099955], [-45.0493092, -22.53095174], [-45.04933493, -22.53092783], [-45.04933488, -22.53078441], [-45.04936059, -22.5307366], [-45.04938631, -22.53071268], [-45.04943775, -22.53066487], [-45.04943771, -22.53056925], [-45.04946344, -22.53056925], [-45.04946344, -22.53054534], [-45.04948915, -22.53049754], [-45.04948904, -22.5301868], [-45.0494633, -22.53016291], [-45.04946329, -22.530139], [-45.04943754, -22.5300912], [-45.0494118, -22.53006731], [-45.0494118, -22.53004341], [-45.04938607, -22.53001952], [-45.04933459, -22.52997172], [-45.04933452, -22.5297805], [-45.04936025, -22.52978049], [-45.04938596, -22.52973269], [-45.04938596, -22.52970878], [-45.04941168, -22.52970878], [-45.0494374, -22.52968486], [-45.04951457, -22.52963703], [-45.04961748, -22.52961311], [-45.04972037, -22.52954136], [-45.04977182, -22.52951744], [-45.04982328, -22.52949352], [-45.049849, -22.52946962], [-45.04987472, -22.52944571], [-45.05023492, -22.5294456], [-45.05026066, -22.52946949], [-45.0502864, -22.52949338], [-45.05031213, -22.52949337], [-45.05033787, -22.52951727], [-45.05038933, -22.52951725], [-45.05038934, -22.52954115], [-45.05041508, -22.52956505], [-45.05044081, -22.52956504], [-45.05049228, -22.52958893], [-45.05051802, -22.52963672], [-45.05054375, -22.52963671], [-45.05056949, -22.52966061], [-45.05062095, -22.52966059], [-45.05062096, -22.5296845], [-45.05064671, -22.5297323], [-45.05064671, -22.5297562], [-45.05067245, -22.52978009], [-45.05069817, -22.52978008], [-45.05072391, -22.52980397], [-45.05077539, -22.52982786], [-45.05077539, -22.52985177], [-45.05082686, -22.52985175], [-45.05085259, -22.52987565], [-45.05087832, -22.52987564], [-45.05090406, -22.52989953], [-45.0509298, -22.52992342], [-45.05095553, -22.52992341], [-45.05098127, -22.52994731], [-45.05098128, -22.52997121], [-45.05105846, -22.52997119], [-45.05105847, -22.52999509], [-45.05136722, -22.52999499], [-45.05141869, -22.53001888], [-45.05147015, -22.53001886], [-45.05152162, -22.53004275], [-45.05162454, -22.53004272], [-45.05170173, -22.53006659], [-45.05177893, -22.53006656], [-45.05185612, -22.53009044], [-45.05208769, -22.53009037], [-45.05211342, -22.53011426], [-45.0527052, -22.53011407], [-45.05278238, -22.53009014], [-45.05278752, -22.53009014], [-45.05285955, -22.53004232], [-45.05313784, -22.52989011], [-45.05311677, -22.52985101], [-45.05309103, -22.52982712], [-45.05306529, -22.52980322], [-45.05303956, -22.52977932], [-45.05301382, -22.52975544], [-45.05296235, -22.52973155], [-45.05291089, -22.52973157], [-45.05288516, -22.52970767], [-45.05285942, -22.52968378], [-45.05221618, -22.52968399], [-45.05221617, -22.52966008], [-45.05219044, -22.52966009], [-45.0521647, -22.5296362], [-45.05208751, -22.52961233], [-45.05201032, -22.52961235], [-45.05201031, -22.52958845], [-45.05198457, -22.52956455], [-45.05195884, -22.52956456], [-45.05193311, -22.52954066], [-45.05190738, -22.52954067], [-45.05188164, -22.52951678], [-45.05183016, -22.52946899], [-45.05180442, -22.5294451], [-45.05177869, -22.5294212], [-45.05175295, -22.52939731], [-45.05172721, -22.52937341], [-45.05170147, -22.52937342], [-45.05167574, -22.52934952], [-45.05167573, -22.52932562], [-45.05162427, -22.52930174], [-45.05159853, -22.52927785], [-45.05157278, -22.52923005], [-45.05154705, -22.52923006], [-45.05152131, -22.52920616], [-45.05149556, -22.52915837], [-45.0514441, -22.52913448], [-45.05139263, -22.52911059], [-45.05136689, -22.5290867], [-45.05118678, -22.52908676], [-45.05116106, -22.52911067], [-45.05113534, -22.52911068], [-45.05108388, -22.5291346], [-45.05103242, -22.52913461], [-45.0510067, -22.52915853], [-45.05087805, -22.52915857], [-45.05082659, -22.52913468], [-45.05080086, -22.52913469], [-45.05080085, -22.52911078], [-45.05077512, -22.52911079], [-45.05072365, -22.5290869], [-45.05072364, -22.529063], [-45.05069791, -22.52906301], [-45.05064645, -22.52903912], [-45.05064643, -22.52896742], [-45.05062069, -22.52894352], [-45.05059495, -22.52891963], [-45.05056921, -22.52889573], [-45.05056919, -22.52884793], [-45.05054345, -22.52882403], [-45.05054344, -22.52880013], [-45.0505177, -22.52877623], [-45.05051769, -22.52875233], [-45.05046624, -22.52875235], [-45.05046622, -22.52868064], [-45.05044048, -22.52868065], [-45.05044047, -22.52863284], [-45.05041473, -22.52860895], [-45.050389, -22.52860896], [-45.05036326, -22.52858507], [-45.05033753, -22.52856117], [-45.05028606, -22.52853729], [-45.05023459, -22.5285134], [-45.05018312, -22.52846561], [-45.05015738, -22.52844172], [-45.05008019, -22.52844174], [-45.05005445, -22.52841785], [-45.04997726, -22.52841787], [-45.04992579, -22.52839398], [-45.04984861, -22.52839401], [-45.0498486, -22.5283701], [-45.04977141, -22.52837013], [-45.0497714, -22.52834622], [-45.04971994, -22.52834624], [-45.04971993, -22.52832234], [-45.04969419, -22.52827455], [-45.04969411, -22.52803552], [-45.04971981, -22.52798771], [-45.04974553, -22.52793989], [-45.04974551, -22.52789209], [-45.04977123, -22.52786817], [-45.04979695, -22.52784427], [-45.04982268, -22.52782036], [-45.0498484, -22.52779645], [-45.04989984, -22.52777253], [-45.04989983, -22.52774862], [-45.04997701, -22.5277008], [-45.05005418, -22.52767687], [-45.05005417, -22.52765297], [-45.05010562, -22.52760514], [-45.05015707, -22.52758122], [-45.05018279, -22.52755732], [-45.05036289, -22.52755727], [-45.05038862, -22.52758115], [-45.05041436, -22.52760505], [-45.05051728, -22.52760502], [-45.05056876, -22.52765281], [-45.05064596, -22.52767669], [-45.05072314, -22.52767666], [-45.05072315, -22.52770057], [-45.05087752, -22.52770052], [-45.05090326, -22.5277244], [-45.0511091, -22.52772434], [-45.05113483, -22.52774824], [-45.05149503, -22.52774812], [-45.05152077, -22.52777202], [-45.0515465, -22.52777201], [-45.05157224, -22.5277959], [-45.05157225, -22.52781981], [-45.05167517, -22.52781977], [-45.05175237, -22.52784365], [-45.05177811, -22.52786754], [-45.05180384, -22.52789144], [-45.05182958, -22.52791533], [-45.05185532, -22.52793923], [-45.05188106, -22.52796312], [-45.05188106, -22.52798703], [-45.0519068, -22.52801091], [-45.05193254, -22.52803481], [-45.05193256, -22.52808262], [-45.05195829, -22.52810651], [-45.05198403, -22.52813041], [-45.05200976, -22.5281304], [-45.05200977, -22.52815429], [-45.0520355, -22.52815429], [-45.05206124, -22.52817818], [-45.0521127, -22.52820207], [-45.05213844, -22.52822596], [-45.05218992, -22.52827376], [-45.05224138, -22.52827374], [-45.05226711, -22.52829763], [-45.05255014, -22.52829754], [-45.05260158, -22.52827362], [-45.05293606, -22.52827351], [-45.05296178, -22.5282496], [-45.05298751, -22.52822569], [-45.0529875, -22.52820178], [-45.05301322, -22.52817787], [-45.05301316, -22.52801055], [-45.05303888, -22.52798665], [-45.05303885, -22.52791494], [-45.05306456, -22.52789103], [-45.05309028, -22.52786711], [-45.0530901, -22.52738907], [-45.05311581, -22.52734125], [-45.05314153, -22.52731734], [-45.05316725, -22.52729343], [-45.05319298, -22.52726952], [-45.05324441, -22.5272217], [-45.05327013, -22.52719779], [-45.05329586, -22.52719778], [-45.0533473, -22.52714996], [-45.05342449, -22.52714993], [-45.05350169, -22.52717381], [-45.05360461, -22.52719768], [-45.05368218, -22.52721567], [-45.05370753, -22.52722155], [-45.05378473, -22.52724543], [-45.05381047, -22.52726931], [-45.05388766, -22.52729319], [-45.05399058, -22.52729316], [-45.05399059, -22.52731706], [-45.05401633, -22.52734095], [-45.05422216, -22.52734089], [-45.05427363, -22.52736477], [-45.05440228, -22.52738863], [-45.05463385, -22.52738855], [-45.05465958, -22.52741244], [-45.05465959, -22.52743634], [-45.05468532, -22.52743634], [-45.05476252, -22.52746021], [-45.054814, -22.527508], [-45.05486546, -22.52753189], [-45.05491693, -22.52755578], [-45.05494266, -22.52755577], [-45.0549684, -22.52757965], [-45.05499413, -22.52760355], [-45.05501987, -22.52762744], [-45.05507134, -22.52765133], [-45.05509708, -22.52767523], [-45.05509709, -22.52769913], [-45.05512282, -22.52769912], [-45.05512283, -22.52772302], [-45.05517429, -22.5277469], [-45.05520004, -22.5277947], [-45.05522578, -22.5278186], [-45.05527725, -22.52784248], [-45.05530297, -22.52784247], [-45.05532871, -22.52786636], [-45.05538018, -22.52789025], [-45.05540592, -22.52789024], [-45.05540591, -22.52786633], [-45.05543163, -22.52784243], [-45.05545734, -22.52781852], [-45.05548307, -22.52781851], [-45.05550879, -22.52779459], [-45.05553451, -22.52777068], [-45.05563742, -22.52777065], [-45.05566314, -22.52774673], [-45.05568885, -22.52767502], [-45.05571457, -22.52765111], [-45.05574029, -22.5276272], [-45.05576601, -22.52760328], [-45.05579173, -22.52760327], [-45.05579169, -22.52750767], [-45.05584313, -22.52745984], [-45.05584312, -22.52743594], [-45.05586885, -22.52741203], [-45.05589458, -22.52741202], [-45.05594602, -22.5273881], [-45.05599748, -22.52738809], [-45.05604892, -22.52734026], [-45.05620323, -22.52717289], [-45.0563061, -22.52707725], [-45.05635754, -22.52702942], [-45.05638325, -22.5269816], [-45.05640896, -22.52693379], [-45.05640895, -22.52688599], [-45.05643464, -22.52681427], [-45.05646033, -22.52671865], [-45.05646013, -22.5262406], [-45.05648585, -22.52621669], [-45.05656303, -22.52616886], [-45.05656301, -22.52612105], [-45.05658872, -22.52609714], [-45.05661443, -22.52604933], [-45.05664016, -22.52604932], [-45.0566916, -22.5260015], [-45.05671732, -22.52597758], [-45.05676876, -22.52595366], [-45.05679449, -22.52595365], [-45.05682021, -22.52592974], [-45.05687166, -22.52590583], [-45.05689737, -22.52588191], [-45.05705175, -22.52588186], [-45.05705174, -22.52585796], [-45.05710319, -22.52583403], [-45.05712892, -22.52583402], [-45.05712891, -22.52581012], [-45.05715464, -22.52581011], [-45.05720608, -22.52576229], [-45.05723178, -22.52571448], [-45.05723177, -22.52569057], [-45.05725749, -22.52566666], [-45.05725748, -22.52564276], [-45.05728321, -22.52564275], [-45.05728317, -22.52554714], [-45.05730889, -22.52552323], [-45.05733462, -22.52552322], [-45.05733454, -22.52533201], [-45.0573088, -22.52530811], [-45.05730872, -22.52511689], [-45.05733444, -22.52509298], [-45.05738589, -22.52509296], [-45.0574888, -22.52504511], [-45.05772031, -22.52494942], [-45.05784892, -22.52487767], [-45.05790037, -22.52485375], [-45.05790036, -22.52482985], [-45.058029, -22.5248298], [-45.05810618, -22.52480587], [-45.05815764, -22.52480585], [-45.05823481, -22.52478192], [-45.05826053, -22.52475801], [-45.05828625, -22.52473409], [-45.05833769, -22.52471018], [-45.05833768, -22.52468628], [-45.0583634, -22.52466236], [-45.05838913, -22.52466235], [-45.05844058, -22.52463843], [-45.05851774, -22.52459059], [-45.0585692, -22.52459058], [-45.05859494, -22.52461447], [-45.05882649, -22.52461439], [-45.05887794, -22.52459046], [-45.05928959, -22.52459031], [-45.05939252, -22.52461418], [-45.05959836, -22.5246141], [-45.05962409, -22.524638], [-45.06013866, -22.5246378], [-45.0601644, -22.5246617], [-45.06021586, -22.52466168], [-45.06026732, -22.52468556], [-45.0603188, -22.52473334], [-45.06034453, -22.52473333], [-45.06037027, -22.52475723], [-45.06037028, -22.52478113], [-45.06039601, -22.52478112], [-45.06042174, -22.52480502], [-45.06047321, -22.5248289], [-45.06049895, -22.5248528], [-45.06052469, -22.52487669], [-45.06055043, -22.52490058], [-45.06057615, -22.52490057], [-45.06062765, -22.52497226], [-45.06065339, -22.52499615], [-45.0607306, -22.52506783], [-45.06073065, -22.52518735], [-45.06070494, -22.52521125], [-45.060705, -22.52535466], [-45.06073073, -22.52537856], [-45.06075648, -22.52540245], [-45.06080795, -22.52542634], [-45.06088514, -22.52545021], [-45.06093661, -22.5254741], [-45.06106526, -22.52549794], [-45.06119391, -22.52549789], [-45.06127107, -22.52545007], [-45.06137397, -22.52542612], [-45.06155407, -22.52542605], [-45.06160552, -22.52540213], [-45.06163124, -22.52537822], [-45.06168268, -22.52535429], [-45.06173412, -22.52530647], [-45.06181131, -22.52530644], [-45.06186275, -22.52528252], [-45.0619142, -22.5252586], [-45.06193993, -22.52525859], [-45.06193992, -22.52523468], [-45.06199137, -22.52523466], [-45.06199136, -22.52521076], [-45.06201708, -22.52518686], [-45.0620428, -22.52516294], [-45.06206852, -22.52513903], [-45.06206851, -22.52511512], [-45.06209422, -22.52506731], [-45.06211994, -22.52504339], [-45.06211993, -22.5250195], [-45.06214565, -22.52499558], [-45.06217135, -22.52494777], [-45.06219706, -22.52492385], [-45.06222276, -22.52485214], [-45.06227421, -22.52482822], [-45.0622742, -22.52480431], [-45.06229992, -22.5247804], [-45.06229988, -22.52468479], [-45.06232558, -22.52463697], [-45.0623513, -22.52461306], [-45.06235129, -22.52458916], [-45.062377, -22.52456525], [-45.06237695, -22.52444573], [-45.06240266, -22.52439792], [-45.06240265, -22.52437402], [-45.06242835, -22.5243023], [-45.06245406, -22.52425449], [-45.06245404, -22.52423058], [-45.06247975, -22.52420667], [-45.06253119, -22.52415884], [-45.06255691, -22.52413494], [-45.06260835, -22.52408711], [-45.06260834, -22.52406321], [-45.06263405, -22.52403929], [-45.06265977, -22.52401538], [-45.0626855, -22.52401537], [-45.06271121, -22.52396756], [-45.0627112, -22.52394366], [-45.06273689, -22.52387193], [-45.06273688, -22.52384803], [-45.06276259, -22.52380022], [-45.06276255, -22.5237046], [-45.06278826, -22.5236807], [-45.06278825, -22.5236568], [-45.06281395, -22.52360898], [-45.06281372, -22.52308313], [-45.06278797, -22.52303533], [-45.06276222, -22.52298753], [-45.06273648, -22.52296365], [-45.06271074, -22.52293975], [-45.06265926, -22.52289197], [-45.06263352, -22.52286807], [-45.06260779, -22.52284418], [-45.06258204, -22.52279639], [-45.0625563, -22.5227725], [-45.06253056, -22.5227486], [-45.06250482, -22.52272471], [-45.06245336, -22.52270082], [-45.06245328, -22.52253351], [-45.06247899, -22.52250959], [-45.06250472, -22.52250958], [-45.06258187, -22.52241394], [-45.06260757, -22.52236613], [-45.06263327, -22.52231832], [-45.06271043, -22.52224658], [-45.06271042, -22.52222267], [-45.06276187, -22.52219876], [-45.06278758, -22.52217484], [-45.06281328, -22.52212703], [-45.06283901, -22.52212702], [-45.06299336, -22.52207915], [-45.06312198, -22.5220313], [-45.06327634, -22.52203124], [-45.06335355, -22.52207901], [-45.0635851, -22.52207892], [-45.06361084, -22.52210281], [-45.06368805, -22.52215059], [-45.06368806, -22.52217449], [-45.06373954, -22.52222227], [-45.06376529, -22.52227007], [-45.0638425, -22.52231784], [-45.06389399, -22.52238953], [-45.06391971, -22.52238952], [-45.06391972, -22.52241342], [-45.0639712, -22.52246121], [-45.06404842, -22.52253288], [-45.06407417, -22.52258068], [-45.06412566, -22.52265237], [-45.06417714, -22.52270015], [-45.06417717, -22.52277186], [-45.0642029, -22.52277185], [-45.06422864, -22.52281964], [-45.06422888, -22.52332159], [-45.06420319, -22.52339331], [-45.06420322, -22.52346502], [-45.06417752, -22.52351283], [-45.06417753, -22.52353674], [-45.06415183, -22.52360845], [-45.06415197, -22.52391918], [-45.06417774, -22.52399088], [-45.06417779, -22.5241104], [-45.06420353, -22.52413429], [-45.06469237, -22.52413409], [-45.06471808, -22.52411018], [-45.06476954, -22.52411016], [-45.06482099, -22.52408623], [-45.06487242, -22.52403841], [-45.06487232, -22.52382329], [-45.06482086, -22.5237994], [-45.0647951, -22.52375161], [-45.06479508, -22.5237038], [-45.06476934, -22.52367992], [-45.06474359, -22.52363212], [-45.06474358, -22.52360821], [-45.06471784, -22.52358432], [-45.0647178, -22.52351262], [-45.06469206, -22.52346482], [-45.06469205, -22.52344092], [-45.06466632, -22.52344093], [-45.06466631, -22.52341702], [-45.06464057, -22.52339314], [-45.0646148, -22.52332144], [-45.06461479, -22.52329753], [-45.06458904, -22.52324974], [-45.06458892, -22.52298681], [-45.06456318, -22.52296293], [-45.06456298, -22.52253267], [-45.06453726, -22.52253268], [-45.0645115, -22.52246099], [-45.06448575, -22.5224371], [-45.06448574, -22.52241319], [-45.06446, -22.5223893], [-45.06443426, -22.52236541], [-45.06440853, -22.52236542], [-45.06440852, -22.52234152], [-45.06435705, -22.52229373], [-45.0643313, -22.52224594], [-45.06430555, -22.52219815], [-45.06430551, -22.52212644], [-45.06427976, -22.52207864], [-45.06425403, -22.52207865], [-45.064254, -22.52200695], [-45.06422825, -22.52195915], [-45.06422824, -22.52193525], [-45.06420249, -22.52188746], [-45.06420234, -22.52155282], [-45.06422806, -22.52155281], [-45.06422805, -22.52152891], [-45.06425374, -22.52145719], [-45.06427947, -22.52145718], [-45.06433091, -22.52140935], [-45.06435662, -22.52136154], [-45.06435661, -22.52133763], [-45.06438232, -22.52131373], [-45.064408, -22.5212181], [-45.06440792, -22.52105078], [-45.06438219, -22.52105079], [-45.06435646, -22.52102691], [-45.06435645, -22.521003], [-45.06427924, -22.52095523], [-45.06427923, -22.52093132], [-45.0642535, -22.52093133], [-45.06422776, -22.52090744], [-45.06415058, -22.52090747], [-45.06415057, -22.52088358], [-45.0640991, -22.52085969], [-45.06404765, -22.52085971], [-45.06399618, -22.52083583], [-45.06397044, -22.52081194], [-45.06397043, -22.52078803], [-45.0639447, -22.52078804], [-45.06394469, -22.52076414], [-45.06391895, -22.52074025], [-45.0638932, -22.52066855], [-45.06389319, -22.52064465], [-45.06386745, -22.52062075], [-45.06384171, -22.52059686], [-45.06379019, -22.52047737], [-45.06376446, -22.52047738], [-45.06371299, -22.5204296], [-45.06368724, -22.5203818], [-45.0636872, -22.5202862], [-45.06363573, -22.52026231], [-45.06360998, -22.52021452], [-45.06355852, -22.52019063], [-45.06353277, -22.52014284], [-45.06348129, -22.52009506], [-45.06342982, -22.52007117], [-45.06340409, -22.52004728], [-45.06337835, -22.52002339], [-45.06335262, -22.5200234], [-45.06332688, -22.51999951], [-45.06330114, -22.51997562], [-45.06324967, -22.51992783], [-45.06317248, -22.51992786], [-45.06314674, -22.51990397], [-45.063121, -22.51988007], [-45.06309528, -22.51988008], [-45.06304381, -22.5198562], [-45.06299234, -22.51983232], [-45.06291515, -22.51980845], [-45.06288941, -22.51978456], [-45.0628122, -22.51973678], [-45.06273503, -22.51973681], [-45.06270929, -22.51971291], [-45.06268356, -22.51971292], [-45.06263209, -22.51968905], [-45.06260636, -22.51966516], [-45.06260635, -22.51964125], [-45.06260835, -22.51963938], [-45.06263206, -22.51961734], [-45.06265777, -22.51959342], [-45.06268349, -22.51956951], [-45.06270921, -22.5195456], [-45.06276067, -22.51954558], [-45.06278638, -22.51952167], [-45.06278637, -22.51949777], [-45.0628378, -22.51944994], [-45.06286353, -22.51944993], [-45.06291498, -22.51942601], [-45.06294071, -22.519426], [-45.0629407, -22.51940209], [-45.06296642, -22.51940208], [-45.06301785, -22.51935426], [-45.06304357, -22.51933035], [-45.06309503, -22.51933033], [-45.06312074, -22.51930641], [-45.06314646, -22.5192825], [-45.06317219, -22.51928249], [-45.06317218, -22.51925859], [-45.06322362, -22.51923467], [-45.06324935, -22.51923466], [-45.06324934, -22.51921076], [-45.06330078, -22.51918683], [-45.0633522, -22.5191151], [-45.06340366, -22.51911508], [-45.06340365, -22.51909119], [-45.06342936, -22.51906727], [-45.06348081, -22.51904335], [-45.0634808, -22.51901944], [-45.06353223, -22.51897162], [-45.06355795, -22.51894771], [-45.06358367, -22.5189477], [-45.06360939, -22.51892379], [-45.06363511, -22.51889987], [-45.06366083, -22.51889986], [-45.06368655, -22.51887595], [-45.06371227, -22.51885203], [-45.06376371, -22.51882811], [-45.06384086, -22.51875638], [-45.06386657, -22.51870856], [-45.06386656, -22.51868465], [-45.06389228, -22.51866075], [-45.06391799, -22.51866074], [-45.06391798, -22.51863683], [-45.0639437, -22.51861292], [-45.06396943, -22.51861291], [-45.06396941, -22.5185651], [-45.06399513, -22.51854119], [-45.06399512, -22.51851729], [-45.06402083, -22.51849338], [-45.06404655, -22.51846947], [-45.06407227, -22.51846945], [-45.06407225, -22.51842165], [-45.06409797, -22.51839773], [-45.06412368, -22.51837382], [-45.06412367, -22.51834992], [-45.0641494, -22.51834991], [-45.06420084, -22.51830209], [-45.06420083, -22.51827818], [-45.06422655, -22.51827817], [-45.06425226, -22.51825426], [-45.06427797, -22.51820645], [-45.0643037, -22.51820644], [-45.06435515, -22.51818251], [-45.06438085, -22.5181586], [-45.06471632, -22.51815846], [-45.06471622, -22.51793647], [-45.06476729, -22.51793645], [-45.06476722, -22.51779411], [-45.0648183, -22.51779409], [-45.06481821, -22.5176043], [-45.06486928, -22.51760428], [-45.06486926, -22.51755683], [-45.0649203, -22.51750936], [-45.06492028, -22.51746192], [-45.06497133, -22.51741445], [-45.0649713, -22.517367], [-45.06502235, -22.51731954], [-45.06502202, -22.51660785], [-45.06492132, -22.51648427], [-45.06459166, -22.51596442], [-45.06447754, -22.51572351], [-45.06445984, -22.51569805], [-45.06445986, -22.515754], [-45.06435773, -22.51575404], [-45.06435779, -22.51589638], [-45.06430672, -22.5158964], [-45.06430679, -22.51603874], [-45.06410251, -22.51603882], [-45.06410253, -22.51608627], [-45.06374505, -22.51608641], [-45.06369396, -22.51603898], [-45.06364289, -22.516039], [-45.06364291, -22.51608645], [-45.0635918, -22.51599158], [-45.06354071, -22.51594415], [-45.06348957, -22.51580183], [-45.0633874, -22.51570698], [-45.06338737, -22.51565952], [-45.06333628, -22.5156121], [-45.06328522, -22.51561212], [-45.06328519, -22.51556467], [-45.06323411, -22.51551724], [-45.06323408, -22.5154698], [-45.06318299, -22.51542237], [-45.06313193, -22.51542239], [-45.06313188, -22.5153275], [-45.06308079, -22.51528007], [-45.0630297, -22.51523264], [-45.06302967, -22.5151852], [-45.06297861, -22.51518522], [-45.06292752, -22.51513779], [-45.06287643, -22.51509036], [-45.06287641, -22.51504291], [-45.06282534, -22.51504293], [-45.06282515, -22.51461591], [-45.06284525, -22.51458298], [-45.06286263, -22.51454527], [-45.0628771, -22.51448332], [-45.06291185, -22.51439712], [-45.06294658, -22.51429475], [-45.06299292, -22.51418161], [-45.06301606, -22.51407387], [-45.06305078, -22.51392302], [-45.06303911, -22.51376142], [-45.06303325, -22.51362137], [-45.0629984, -22.5134921], [-45.06294617, -22.51338438], [-45.06288236, -22.51330899], [-45.06285336, -22.5132659], [-45.06281855, -22.51322821], [-45.06274313, -22.51313128], [-45.06256337, -22.51305593], [-45.06240101, -22.5130129], [-45.06234011, -22.51295367], [-45.06231108, -22.51287827], [-45.06230525, -22.51280824], [-45.0623081, -22.5127005], [-45.06231386, -22.5126197], [-45.06231962, -22.51252273], [-45.06209347, -22.5124501], [-45.06211371, -22.51232889], [-45.0622586, -22.51220762], [-45.06245864, -22.51224795], [-45.0626702, -22.5121132], [-45.06295424, -22.51199188], [-45.06317728, -22.51159048], [-45.06339169, -22.51136953], [-45.06358294, -22.51120786], [-45.06360031, -22.51115667], [-45.06360895, -22.51101931], [-45.06347554, -22.51089007], [-45.06344654, -22.51085776], [-45.0634873, -22.51081986], [-45.06353837, -22.51081984], [-45.06358941, -22.51077237], [-45.06358939, -22.51072492], [-45.06364045, -22.5107249], [-45.06364043, -22.51067746], [-45.06379364, -22.5106774], [-45.06384473, -22.51072482], [-45.06389579, -22.5107248], [-45.06394688, -22.51077223], [-45.06404901, -22.51077219], [-45.0641001, -22.51081961], [-45.06415117, -22.51081959], [-45.06415119, -22.51086705], [-45.06420228, -22.51091447], [-45.06420232, -22.51100937], [-45.06425342, -22.51105679], [-45.06430451, -22.51110422], [-45.06430457, -22.51124656], [-45.06435566, -22.51129399], [-45.06435568, -22.51134144], [-45.06440679, -22.51143631], [-45.06440701, -22.51191079], [-45.06435597, -22.51195826], [-45.06435652, -22.51314444], [-45.06440761, -22.51319186], [-45.06440778, -22.51357144], [-45.06435674, -22.51361891], [-45.06435694, -22.51404593], [-45.064408, -22.51404591], [-45.06440833, -22.51475762], [-45.0644594, -22.5147576], [-45.06445949, -22.51494739], [-45.06451058, -22.51499482], [-45.06456167, -22.51504224], [-45.06456169, -22.5150897], [-45.06461278, -22.51513712], [-45.06461285, -22.51527946], [-45.06463533, -22.51530033], [-45.06495936, -22.5154826], [-45.06508616, -22.51572351], [-45.06517491, -22.51590102], [-45.06518907, -22.51594349], [-45.06522598, -22.51594348], [-45.06522596, -22.51589603], [-45.06537917, -22.51589597], [-45.06537915, -22.51584852], [-45.06543019, -22.51580105], [-45.06548124, -22.51575359], [-45.06553228, -22.51570612], [-45.06558333, -22.51565864], [-45.0656344, -22.51565862], [-45.06568544, -22.51561116], [-45.06573649, -22.51556369], [-45.06578756, -22.51556367], [-45.06578753, -22.51551622], [-45.0658386, -22.5155162], [-45.06588969, -22.51556363], [-45.06594081, -22.5156585], [-45.06594105, -22.51618042], [-45.06589001, -22.51622789], [-45.06589003, -22.51627534], [-45.06583901, -22.51637026], [-45.06583903, -22.5164177], [-45.06578796, -22.51641772], [-45.06578798, -22.51646517], [-45.06573696, -22.51656008], [-45.06573718, -22.51703456], [-45.06583932, -22.51703452], [-45.06583934, -22.51708196], [-45.06589043, -22.51712939], [-45.06650326, -22.51712914], [-45.06650324, -22.51708169], [-45.06670753, -22.5170816], [-45.0667075, -22.51703416], [-45.06691178, -22.51703407], [-45.06696287, -22.5170815], [-45.06706503, -22.5171289], [-45.06711613, -22.51717633], [-45.06716722, -22.51722375], [-45.06742256, -22.51722365], [-45.06747361, -22.51717618], [-45.06752465, -22.51712871], [-45.06757572, -22.51712869], [-45.06762677, -22.51708122], [-45.06777998, -22.51708116], [-45.06783103, -22.51703369], [-45.06793316, -22.51703365], [-45.06793314, -22.5169862], [-45.0683417, -22.51698603], [-45.06839279, -22.51703345], [-45.06839281, -22.5170809], [-45.06844388, -22.51708088], [-45.06844395, -22.51722322], [-45.06849502, -22.51722319], [-45.06849506, -22.5173181], [-45.06844402, -22.51736556], [-45.06839297, -22.51741303], [-45.06834193, -22.5174605], [-45.06829086, -22.51746052], [-45.06829088, -22.51750797], [-45.06823981, -22.51750799], [-45.06823985, -22.51760288], [-45.0678313, -22.51760306], [-45.06778026, -22.51765052], [-45.06767813, -22.51769801], [-45.06762707, -22.51769803], [-45.06757602, -22.5177455], [-45.06747388, -22.51774555], [-45.06747391, -22.517793], [-45.06742286, -22.51784047], [-45.06737181, -22.51788794], [-45.06726968, -22.51788798], [-45.0672697, -22.51793543], [-45.06721863, -22.51793545], [-45.06721868, -22.51803034], [-45.06716763, -22.51807781], [-45.06716777, -22.5183625], [-45.06721886, -22.51840992], [-45.06721895, -22.51859971], [-45.06727004, -22.51864713], [-45.06727014, -22.51883693], [-45.06742334, -22.51883686], [-45.06747444, -22.51888428], [-45.06752553, -22.51893171], [-45.06783195, -22.51893158], [-45.06783193, -22.51888413], [-45.06788295, -22.51878921], [-45.06793402, -22.51878919], [-45.067934, -22.51874175], [-45.06905753, -22.51874127], [-45.06910858, -22.5186938], [-45.06915962, -22.51864633], [-45.0691596, -22.51859889], [-45.06936388, -22.5185988], [-45.06936385, -22.51855135], [-45.06941493, -22.51855133], [-45.06946598, -22.51850386], [-45.06946593, -22.51840897], [-45.069517, -22.51840895], [-45.06956804, -22.51836148], [-45.06961909, -22.51831401], [-45.06972123, -22.51831396], [-45.06977227, -22.51826649], [-45.06982334, -22.51826646], [-45.06982332, -22.51821902], [-45.0700276, -22.51821893], [-45.07007869, -22.51826635], [-45.07007872, -22.51831381], [-45.07012979, -22.51831379], [-45.07013007, -22.51888314], [-45.07007903, -22.51893062], [-45.07007905, -22.51897807], [-45.07002803, -22.51907298], [-45.07002806, -22.51912043], [-45.06997702, -22.51921535], [-45.06992598, -22.51926281], [-45.069926, -22.51931026], [-45.06987496, -22.51935773], [-45.06987498, -22.51940518], [-45.06982391, -22.5194052], [-45.06982394, -22.51945265], [-45.06977289, -22.51950012], [-45.06977291, -22.51954757], [-45.06972187, -22.51959504], [-45.0696708, -22.51959506], [-45.06967082, -22.51964251], [-45.06961975, -22.51964253], [-45.06956871, -22.51969], [-45.06951766, -22.51973746], [-45.06946662, -22.51978493], [-45.06946666, -22.51987983], [-45.0694156, -22.51987985], [-45.06931347, -22.51992734], [-45.06926242, -22.51997482], [-45.06921136, -22.51997484], [-45.06921138, -22.52002228], [-45.06905817, -22.52002235], [-45.06905819, -22.5200698], [-45.06875177, -22.52006993], [-45.06870072, -22.5201174], [-45.06859858, -22.52011744], [-45.06859861, -22.52016489], [-45.06854754, -22.52016491], [-45.06849651, -22.52025982], [-45.06849656, -22.52035472], [-45.06844549, -22.52035474], [-45.06844558, -22.52054453], [-45.06849668, -22.52059196], [-45.0684967, -22.5206394], [-45.06854777, -22.52063938], [-45.06854817, -22.52144598], [-45.06849712, -22.52149345], [-45.06849719, -22.5216358], [-45.06844612, -22.52163582], [-45.06844617, -22.52173071], [-45.06839512, -22.52177818], [-45.06839515, -22.52182563], [-45.0683441, -22.5218731], [-45.06829303, -22.52187312], [-45.06824197, -22.52192059], [-45.0681909, -22.52192061], [-45.06819095, -22.5220155], [-45.06798667, -22.52201559], [-45.06793562, -22.52206306], [-45.06783348, -22.52206311], [-45.06783346, -22.52201565], [-45.06778239, -22.52201567], [-45.06778225, -22.52173099], [-45.06783329, -22.52168353], [-45.06783297, -22.52101927], [-45.06788404, -22.52101924], [-45.06793509, -22.52097177], [-45.06793467, -22.52011772], [-45.06788358, -22.5200703], [-45.06788351, -22.51992795], [-45.06783241, -22.51988052], [-45.06783237, -22.51978563], [-45.0677813, -22.51978565], [-45.06773021, -22.51973823], [-45.06762806, -22.51973827], [-45.06757697, -22.51969084], [-45.06752587, -22.51964342], [-45.06747478, -22.51959599], [-45.0671601, -22.51959613], [-45.06716011, -22.51961551], [-45.06721159, -22.5196633], [-45.06723732, -22.51966329], [-45.06723733, -22.51968719], [-45.06726306, -22.51971108], [-45.06726307, -22.51973498], [-45.06728882, -22.51975887], [-45.06728883, -22.51978278], [-45.06731456, -22.51978277], [-45.06731461, -22.51990228], [-45.06736611, -22.51997397], [-45.06739187, -22.52004566], [-45.06739189, -22.52009347], [-45.06749489, -22.52028465], [-45.06749522, -22.52095391], [-45.0674695, -22.52097783], [-45.06746952, -22.52102563], [-45.06744383, -22.52109735], [-45.06744396, -22.52136027], [-45.06741824, -22.52138419], [-45.06741825, -22.52140809], [-45.06739254, -22.52143201], [-45.06736685, -22.52150372], [-45.06731541, -22.52155155], [-45.06731544, -22.52159936], [-45.067264, -22.52164718], [-45.06726401, -22.52167108], [-45.0672383, -22.521695], [-45.06718684, -22.52169502], [-45.06716113, -22.52171893], [-45.06710967, -22.52171895], [-45.0670325, -22.52174289], [-45.06700677, -22.5217429], [-45.06692961, -22.52179073], [-45.06687816, -22.52179075], [-45.06685244, -22.52181467], [-45.06680098, -22.52181469], [-45.06677526, -22.5218386], [-45.06672382, -22.52186253], [-45.06669813, -22.52193424], [-45.06669814, -22.52195814], [-45.06667242, -22.52198206], [-45.06667243, -22.52200596], [-45.06662098, -22.52202989], [-45.06662131, -22.52269915], [-45.06659561, -22.52274697], [-45.06659562, -22.52277088], [-45.06656989, -22.52277089], [-45.0665699, -22.52279479], [-45.06654421, -22.5228665], [-45.06651851, -22.52293823], [-45.06649278, -22.52293824], [-45.06649292, -22.52322507], [-45.06651866, -22.52324896], [-45.06651869, -22.52332066], [-45.06654442, -22.52332065], [-45.06654444, -22.52334455], [-45.0665702, -22.52341625], [-45.06657021, -22.52344015], [-45.06659595, -22.52346404], [-45.06662168, -22.52348794], [-45.06662171, -22.52353574], [-45.06664746, -22.52358353], [-45.06664747, -22.52360744], [-45.06667322, -22.52365523], [-45.06669896, -22.52367913], [-45.06669898, -22.52370302], [-45.06672472, -22.52372692], [-45.06672535, -22.52504155], [-45.06669964, -22.52508937], [-45.06667392, -22.52511328], [-45.06667396, -22.52518499], [-45.06664823, -22.525185], [-45.06662251, -22.52520891], [-45.06662252, -22.52523281], [-45.06659681, -22.52525673], [-45.06659682, -22.52528063], [-45.0665711, -22.52530455], [-45.06654537, -22.52530456], [-45.06654539, -22.52532846], [-45.06651967, -22.52535237], [-45.06649394, -22.52535238], [-45.06649396, -22.52540019], [-45.06646824, -22.5254241], [-45.06644253, -22.52544801], [-45.06639109, -22.52549583], [-45.06639111, -22.52551974], [-45.06636541, -22.52559146], [-45.06636557, -22.52592609], [-45.06633984, -22.5259261], [-45.06633988, -22.52602171], [-45.06631417, -22.52604563], [-45.06628844, -22.52604564], [-45.06628847, -22.52609344], [-45.06626274, -22.52609345], [-45.06626275, -22.52611735], [-45.06623703, -22.52614127], [-45.0662113, -22.52614128], [-45.06618559, -22.5261891], [-45.06615987, -22.526213], [-45.06613415, -22.52621301], [-45.0660827, -22.52623694], [-45.06605697, -22.52623695], [-45.06603125, -22.52626086], [-45.06603126, -22.52628477], [-45.06595409, -22.5263087], [-45.0658769, -22.52630873], [-45.06582545, -22.52633266], [-45.06579973, -22.52633267], [-45.06574828, -22.52635658], [-45.06569682, -22.52635661], [-45.0656711, -22.52638052], [-45.06561965, -22.52638054], [-45.06559393, -22.52640446], [-45.0655682, -22.52640447], [-45.06554248, -22.52642838], [-45.06551677, -22.52645229], [-45.06546531, -22.52645232], [-45.06546533, -22.52647622], [-45.06543961, -22.52650013], [-45.06541389, -22.52652404], [-45.06538816, -22.52652405], [-45.06538817, -22.52654795], [-45.06536245, -22.52657187], [-45.06531102, -22.5266197], [-45.0652853, -22.52664361], [-45.06525959, -22.52669142], [-45.0652596, -22.52671532], [-45.06523389, -22.52673924], [-45.06518246, -22.52681096], [-45.06515675, -22.52683488], [-45.06510531, -22.5268827], [-45.06510533, -22.52693051], [-45.06505389, -22.52697833], [-45.06505391, -22.52700224], [-45.06502821, -22.52707396], [-45.0650025, -22.52709786], [-45.06500253, -22.52716958], [-45.06497681, -22.52719349], [-45.06492536, -22.52721741], [-45.06489964, -22.52724133], [-45.06489984, -22.52767157], [-45.06492559, -22.52769547], [-45.06492589, -22.52834083], [-45.06490017, -22.52836474], [-45.06490018, -22.52838864], [-45.06487447, -22.52843646], [-45.06484877, -22.52848427], [-45.06479733, -22.5285321], [-45.06477161, -22.52855601], [-45.06477162, -22.52857992], [-45.06469446, -22.52862775], [-45.06466873, -22.52862776], [-45.06461728, -22.52865168], [-45.06459156, -22.5286756], [-45.06456584, -22.52869951], [-45.0645144, -22.52872344], [-45.06446295, -22.52874735], [-45.06443723, -22.52877126], [-45.06441151, -22.52879518], [-45.06438578, -22.52879519], [-45.06438579, -22.52881909], [-45.06433435, -22.52884302], [-45.06430863, -22.52886693], [-45.06420574, -22.52891477], [-45.06418002, -22.52893869], [-45.06412857, -22.52896261], [-45.06410284, -22.52896262], [-45.06407712, -22.52898653], [-45.06405141, -22.52901045], [-45.06399996, -22.52903436], [-45.06392279, -22.5290822], [-45.06384562, -22.52910614], [-45.06381989, -22.52910615], [-45.06374274, -22.52917788], [-45.06361408, -22.52917793], [-45.06351119, -22.52922578], [-45.06345974, -22.5292497], [-45.0634083, -22.52927363], [-45.06333113, -22.52932146], [-45.06327966, -22.52932148], [-45.06325395, -22.52934539], [-45.06322823, -22.52936931], [-45.0632025, -22.52936932], [-45.06320251, -22.52939322], [-45.06315105, -22.52939324], [-45.06312533, -22.52941715], [-45.06309962, -22.52944107], [-45.06304816, -22.52944109], [-45.06302244, -22.529465], [-45.062971, -22.52951282], [-45.06294529, -22.52953673], [-45.06291956, -22.52953674], [-45.06291957, -22.52956065], [-45.06286812, -22.52958457], [-45.06284239, -22.52958458], [-45.06281667, -22.5296085], [-45.06276524, -22.52965632], [-45.0627395, -22.52965633], [-45.06273952, -22.52968023], [-45.0627138, -22.52970414], [-45.06263665, -22.52979978], [-45.06258521, -22.52984761], [-45.06253376, -22.52987153], [-45.0625338, -22.52994323], [-45.06250806, -22.52994324], [-45.06250808, -22.52996715], [-45.06248237, -22.53001497], [-45.06248239, -22.53006276], [-45.06243095, -22.53008669], [-45.06243114, -22.53051694], [-45.0626627, -22.53051685], [-45.06268842, -22.53049294], [-45.06315155, -22.53049276], [-45.063203, -22.53046883], [-45.06328019, -22.5304688], [-45.06328018, -22.5304449], [-45.06333163, -22.53042097], [-45.06340881, -22.53039704], [-45.06343451, -22.53034923], [-45.0635117, -22.5303492], [-45.06353741, -22.53030138], [-45.06356313, -22.53027747], [-45.06358885, -22.53027746], [-45.06361457, -22.53025354], [-45.06364028, -22.53020573], [-45.06366601, -22.53020572], [-45.06369173, -22.53018181], [-45.06369172, -22.53015791], [-45.06374317, -22.53013398], [-45.06376888, -22.53011007], [-45.06376887, -22.53008616], [-45.06379459, -22.53006225], [-45.06384605, -22.53003833], [-45.06384603, -22.53001443], [-45.06389747, -22.5299666], [-45.0639232, -22.52996659], [-45.06392318, -22.52994269], [-45.0639489, -22.52991877], [-45.06397461, -22.52987097], [-45.06400033, -22.52984705], [-45.06402606, -22.52984704], [-45.06407751, -22.52982312], [-45.06412897, -22.5298231], [-45.06418042, -22.52979917], [-45.06423186, -22.52977525], [-45.06428331, -22.52975133], [-45.06433476, -22.52972741], [-45.06436049, -22.5297274], [-45.0643862, -22.52970348], [-45.0644634, -22.52970345], [-45.06451485, -22.52967953], [-45.0645663, -22.52967951], [-45.0646692, -22.52963166], [-45.06472065, -22.52963164], [-45.06472064, -22.52960774], [-45.06477209, -22.52958382], [-45.06482355, -22.5295838], [-45.064875, -22.52955987], [-45.06490072, -22.52953596], [-45.06492642, -22.52948814], [-45.06495216, -22.52948813], [-45.06500361, -22.52946421], [-45.06500359, -22.52944031], [-45.0650293, -22.5294164], [-45.06505504, -22.52941639], [-45.06505502, -22.52939248], [-45.06508074, -22.52936857], [-45.06510648, -22.52936856], [-45.06510646, -22.52934465], [-45.06515791, -22.52932073], [-45.06518362, -22.52929682], [-45.0651836, -22.52924902], [-45.06520932, -22.5292251], [-45.06523505, -22.52922509], [-45.06526077, -22.52920118], [-45.06528647, -22.52912946], [-45.06536362, -22.52905772], [-45.06544078, -22.52898599], [-45.06549223, -22.52896206], [-45.06554366, -22.52891423], [-45.06562081, -22.52881859], [-45.06569793, -22.52869905], [-45.06572362, -22.52860343], [-45.06572361, -22.52857953], [-45.06598062, -22.52800576], [-45.06551723, -22.52743229], [-45.06572279, -22.52685855], [-45.06636584, -22.52649975], [-45.06675521, -22.52635292], [-45.06680314, -22.52630835], [-45.06682885, -22.52626053], [-45.06685456, -22.52623662], [-45.06688028, -22.5262127], [-45.06688027, -22.52618881], [-45.06693171, -22.52614098], [-45.06698313, -22.52606925], [-45.06700883, -22.52602144], [-45.06700881, -22.52597363], [-45.06703454, -22.52597362], [-45.06703452, -22.52592581], [-45.06706024, -22.52590191], [-45.06708593, -22.52583018], [-45.06708591, -22.52578238], [-45.06711159, -22.52571066], [-45.06711156, -22.52563895], [-45.06716297, -22.52554332], [-45.06716284, -22.52525649], [-45.06721427, -22.52520866], [-45.06721425, -22.52516087], [-45.06723996, -22.52511305], [-45.0672399, -22.52499354], [-45.0672656, -22.52494572], [-45.06726558, -22.52492181], [-45.06729129, -22.524874], [-45.06729127, -22.5248262], [-45.06731699, -22.52480228], [-45.06734271, -22.52477837], [-45.06736842, -22.52475445], [-45.06739413, -22.52470664], [-45.06741983, -22.52465882], [-45.06747127, -22.52461099], [-45.06747124, -22.5245632], [-45.0674455, -22.5245393], [-45.06741976, -22.52451541], [-45.06741971, -22.5244198], [-45.06739397, -22.52437201], [-45.06739395, -22.5243242], [-45.06734245, -22.52425252], [-45.06734244, -22.52422861], [-45.06731667, -22.52415691], [-45.06731666, -22.52413302], [-45.06729091, -22.52408522], [-45.0672909, -22.52406132], [-45.06726516, -22.52403742], [-45.06726515, -22.52401352], [-45.06723942, -22.52401353], [-45.06723934, -22.52384621], [-45.06726502, -22.52375059], [-45.06726501, -22.52372669], [-45.06729072, -22.52370278], [-45.06731645, -22.52370277], [-45.06731644, -22.52367887], [-45.06736788, -22.52363104], [-45.06741932, -22.52360712], [-45.06744502, -22.5235593], [-45.06747075, -22.52355929], [-45.06752218, -22.52348756], [-45.0675479, -22.52346365], [-45.06757362, -22.52346364], [-45.06762507, -22.52343971], [-45.0676508, -22.5234397], [-45.06772797, -22.52341576], [-45.06819108, -22.52341557], [-45.06826827, -22.52343944], [-45.06826828, -22.52346334], [-45.06839692, -22.52346329], [-45.06842267, -22.52348718], [-45.06842268, -22.52351109], [-45.06862851, -22.523511], [-45.06870567, -22.52348706], [-45.06878286, -22.52348703], [-45.06880858, -22.52346311], [-45.0688343, -22.5234392], [-45.0689372, -22.52341525], [-45.06896292, -22.52339134], [-45.06922013, -22.52327171], [-45.06927159, -22.52327169], [-45.06927158, -22.5232478], [-45.0692973, -22.52322388], [-45.06932303, -22.52322387], [-45.06932302, -22.52319997], [-45.06934871, -22.52315215], [-45.06940016, -22.52312822], [-45.06942588, -22.52310432], [-45.06947732, -22.52305649], [-45.0694773, -22.52303258], [-45.06952874, -22.52300866], [-45.06958016, -22.52293693], [-45.06970877, -22.52286516], [-45.06970876, -22.52284126], [-45.0697602, -22.52281733], [-45.06976017, -22.52274563], [-45.06983731, -22.52267389], [-45.06983729, -22.52262609], [-45.06986299, -22.52257827], [-45.06988871, -22.52255435], [-45.0698887, -22.52253045], [-45.06991442, -22.52250653], [-45.06994011, -22.52243482], [-45.06994005, -22.52231531], [-45.06996573, -22.52224359], [-45.06996549, -22.52176554], [-45.06999119, -22.52169382], [-45.07001689, -22.521646], [-45.07006831, -22.52157428], [-45.07011974, -22.52150254], [-45.07014544, -22.52147863], [-45.07019689, -22.52145471], [-45.07024834, -22.52143079], [-45.07040264, -22.52131121], [-45.07055697, -22.52123943], [-45.07060839, -22.5211677], [-45.07065982, -22.52111987], [-45.07068554, -22.52109596], [-45.07071124, -22.52104814], [-45.07071111, -22.52078521], [-45.07073682, -22.5207374], [-45.07073675, -22.52061788], [-45.07076245, -22.52057007], [-45.07078816, -22.52052225], [-45.07081387, -22.52049834], [-45.07081386, -22.52047443], [-45.07083958, -22.52045052], [-45.07083956, -22.52042662], [-45.07089102, -22.5204266], [-45.07094246, -22.52040268], [-45.07096818, -22.52037876], [-45.07099391, -22.52037875], [-45.07107108, -22.52035481], [-45.07119969, -22.52030695], [-45.07135404, -22.52025908], [-45.07150838, -22.5202112], [-45.07155981, -22.52018728], [-45.07158553, -22.52016336], [-45.07161125, -22.52013945], [-45.07163696, -22.52011554], [-45.07163683, -22.5198526], [-45.07161109, -22.51982872], [-45.07158533, -22.51978092], [-45.07158531, -22.51973312], [-45.07155955, -22.51968533], [-45.07153382, -22.51966144], [-45.07148233, -22.51958975], [-45.07148232, -22.51956584], [-45.07145656, -22.51951806], [-45.0714565, -22.51939854], [-45.07148222, -22.51937463], [-45.07148219, -22.51932682], [-45.07150788, -22.5192551], [-45.07150786, -22.5192073], [-45.07153358, -22.51918339], [-45.07153353, -22.51908778], [-45.07155923, -22.51906386], [-45.07158495, -22.51903995], [-45.07163638, -22.51899212], [-45.07163637, -22.51896821], [-45.0716621, -22.5189682], [-45.07168782, -22.5189443], [-45.07171352, -22.51892038], [-45.07176497, -22.51889645], [-45.07184215, -22.51887252], [-45.07191931, -22.51884858], [-45.07199647, -22.51880074], [-45.07204791, -22.51877682], [-45.0721508, -22.51872896], [-45.07222795, -22.51868112], [-45.07227938, -22.5186333], [-45.07230509, -22.51858548], [-45.07230501, -22.51844206], [-45.07227928, -22.51844208], [-45.07222779, -22.51837039], [-45.07217634, -22.51837041], [-45.07209917, -22.51839435], [-45.07207344, -22.51839436], [-45.07207345, -22.51841826], [-45.072022, -22.51841829], [-45.07197056, -22.51844221], [-45.07191914, -22.51851395], [-45.07181626, -22.51856179], [-45.07173911, -22.51863354], [-45.07168769, -22.51870527], [-45.07163625, -22.51872919], [-45.07158483, -22.51880093], [-45.0715591, -22.51880094], [-45.07150768, -22.51884876], [-45.07148197, -22.51889658], [-45.07140483, -22.51899222], [-45.07137913, -22.51901614], [-45.07135341, -22.51904005], [-45.07132769, -22.51906397], [-45.07130198, -22.51908788], [-45.07130199, -22.51911178], [-45.07125054, -22.5191357], [-45.07099327, -22.51913582], [-45.07089034, -22.51908806], [-45.07086461, -22.51908808], [-45.07081314, -22.51906419], [-45.07078739, -22.5190164], [-45.0707873, -22.51884908], [-45.070813, -22.51877736], [-45.07086439, -22.51865783], [-45.0708901, -22.51861001], [-45.07089007, -22.5185622], [-45.07091579, -22.51853829], [-45.07094151, -22.51853828], [-45.0709415, -22.51851438], [-45.07096721, -22.51849047], [-45.07104438, -22.51844263], [-45.07107009, -22.51841871], [-45.0710958, -22.5183948], [-45.07112153, -22.51839478], [-45.07112152, -22.51837088], [-45.07119868, -22.51832305], [-45.07122439, -22.51829913], [-45.07130152, -22.51820349], [-45.07132723, -22.51815567], [-45.07135294, -22.51813176], [-45.07137867, -22.51813175], [-45.07140435, -22.51806003], [-45.07143006, -22.51801221], [-45.07145575, -22.51794049], [-45.07145574, -22.51791659], [-45.07148144, -22.51786877], [-45.07150715, -22.51782096], [-45.0715067, -22.51696047], [-45.07148095, -22.51691267], [-45.07148086, -22.51674535], [-45.07142938, -22.51669758], [-45.0714293, -22.51653026], [-45.07140354, -22.51648246], [-45.07137783, -22.51648247], [-45.07137781, -22.51645857], [-45.07135205, -22.51638688], [-45.07135196, -22.51621956], [-45.0713262, -22.51614786], [-45.07132611, -22.51598055], [-45.07130038, -22.51598056], [-45.07130036, -22.51593275], [-45.0712746, -22.51588496], [-45.0712744, -22.51547862], [-45.07130011, -22.5154547], [-45.07132583, -22.51543079], [-45.07135153, -22.51538298], [-45.07135151, -22.51533517], [-45.07137722, -22.51531125], [-45.07140293, -22.51528734], [-45.07142865, -22.51526342], [-45.07145437, -22.51526341], [-45.07150582, -22.51523949], [-45.07150578, -22.51516778], [-45.07160869, -22.51516774], [-45.07171156, -22.51511988], [-45.07178874, -22.51509595], [-45.07181445, -22.51507204], [-45.07184018, -22.51507203], [-45.07189162, -22.5150481], [-45.07191734, -22.51504809], [-45.07191733, -22.51502418], [-45.07196879, -22.51502416], [-45.07202023, -22.51500023], [-45.07207167, -22.51497631], [-45.07209739, -22.5149763], [-45.07214884, -22.51495237], [-45.07220029, -22.51495235], [-45.07227746, -22.51492842], [-45.07235462, -22.51490448], [-45.07317788, -22.51490411], [-45.07322934, -22.51492799], [-45.07325168, -22.51494872], [-45.07325509, -22.51495187], [-45.07322938, -22.51499969], [-45.07320367, -22.5150236], [-45.07320369, -22.51507141], [-45.07317798, -22.51509533], [-45.07315225, -22.51509534], [-45.07312655, -22.51514315], [-45.07310083, -22.51514316], [-45.07307511, -22.51516708], [-45.07304941, -22.5152149], [-45.07304943, -22.5152627], [-45.07302372, -22.51528661], [-45.07302373, -22.51531051], [-45.07299801, -22.51533443], [-45.07294659, -22.51538226], [-45.07289514, -22.51538228], [-45.07286942, -22.5154062], [-45.07281799, -22.51543012], [-45.07279227, -22.51545403], [-45.07276654, -22.51545405], [-45.0727151, -22.51547797], [-45.07261219, -22.51547802], [-45.07258648, -22.51550194], [-45.07243212, -22.515502], [-45.0724064, -22.51552592], [-45.07238067, -22.51552593], [-45.07227779, -22.51557378], [-45.07217489, -22.51557382], [-45.07214917, -22.51559774], [-45.07209773, -22.51562167], [-45.0720463, -22.5156695], [-45.07194342, -22.51571734], [-45.0719177, -22.51574126], [-45.07189197, -22.51574127], [-45.07186627, -22.51576518], [-45.07181481, -22.51576521], [-45.07173765, -22.51581305], [-45.0716862, -22.51581307], [-45.07163478, -22.5158848], [-45.07160905, -22.51588481], [-45.07160909, -22.51595652], [-45.07163484, -22.51600431], [-45.07163486, -22.51602821], [-45.0716606, -22.5160521], [-45.07168634, -22.516076], [-45.07168635, -22.5160999], [-45.07173782, -22.51614768], [-45.0717893, -22.51619546], [-45.07189221, -22.51619542], [-45.07191792, -22.5161715], [-45.07191791, -22.5161476], [-45.07194364, -22.51614758], [-45.07196936, -22.51612368], [-45.07196934, -22.51609977], [-45.07199507, -22.51609976], [-45.07202079, -22.51607585], [-45.07209796, -22.51607581], [-45.07212368, -22.5160519], [-45.0723295, -22.51605181], [-45.07253529, -22.51602781], [-45.07261247, -22.51600387], [-45.07268963, -22.51597994], [-45.07274108, -22.51595601], [-45.07281826, -22.51595598], [-45.07284397, -22.51593206], [-45.07289541, -22.51590814], [-45.07292114, -22.51590812], [-45.0729983, -22.51588418], [-45.07310122, -22.51588414], [-45.07312693, -22.51586022], [-45.07317838, -22.5158602], [-45.07317837, -22.5158363], [-45.07322982, -22.51583628], [-45.07328127, -22.51581235], [-45.07330699, -22.51581234], [-45.07335843, -22.51578841], [-45.07338415, -22.5157645], [-45.07340986, -22.51574058], [-45.07343559, -22.51574057], [-45.07348703, -22.51571664], [-45.0737443, -22.51571653], [-45.07379577, -22.51576431], [-45.07382151, -22.5157882], [-45.07384724, -22.51578819], [-45.07387298, -22.51581208], [-45.07389872, -22.51583598], [-45.07392446, -22.51585986], [-45.0739502, -22.51588375], [-45.07397594, -22.51590764], [-45.07400168, -22.51593153], [-45.07400169, -22.51595544], [-45.07402742, -22.51595543], [-45.0740275, -22.51609884], [-45.07405324, -22.51612273], [-45.07407899, -22.51617052], [-45.07407902, -22.51621833], [-45.07410475, -22.51624222], [-45.07415623, -22.51629], [-45.07418196, -22.51628998], [-45.07423343, -22.51631386], [-45.07431063, -22.51636164], [-45.07433637, -22.51638553], [-45.07438784, -22.51640941], [-45.07443929, -22.51640938], [-45.0744393, -22.51643328], [-45.07446503, -22.51643327], [-45.07449077, -22.51645716], [-45.07451651, -22.51648105], [-45.07451653, -22.51650496], [-45.07454227, -22.51652885], [-45.07456801, -22.51655274], [-45.07456802, -22.51657664], [-45.07459377, -22.51662443], [-45.07459388, -22.51683956], [-45.0745682, -22.51691127], [-45.07454248, -22.51693519], [-45.07451677, -22.5169591], [-45.07449104, -22.51695912], [-45.07449105, -22.51698302], [-45.07443962, -22.51703084], [-45.0744139, -22.51703085], [-45.07441392, -22.51705476], [-45.07433675, -22.5171026], [-45.07431105, -22.51715042], [-45.07428534, -22.51717433], [-45.07425962, -22.51717434], [-45.07425963, -22.51719824], [-45.07420819, -22.51722217], [-45.07418246, -22.51722218], [-45.07418247, -22.51724609], [-45.07413104, -22.51729392], [-45.07410531, -22.51729393], [-45.0740539, -22.51736566], [-45.07402818, -22.51738957], [-45.07400247, -22.51741349], [-45.07395104, -22.51746132], [-45.07392532, -22.51746133], [-45.07387387, -22.51748525], [-45.07384816, -22.51750917], [-45.073771, -22.51755701], [-45.0736681, -22.51758096], [-45.07361667, -22.51760489], [-45.07359095, -22.5176288], [-45.07359099, -22.51770051], [-45.07361674, -22.5177483], [-45.07361676, -22.51777221], [-45.07364253, -22.5178678], [-45.07366827, -22.51789169], [-45.07366828, -22.5179156], [-45.07371975, -22.51793947], [-45.07371976, -22.51796337], [-45.07377125, -22.51801116], [-45.07377128, -22.51808286], [-45.07374555, -22.51808287], [-45.07371984, -22.51810679], [-45.07371985, -22.51813069], [-45.07369414, -22.51815461], [-45.07366841, -22.51815462], [-45.07364269, -22.51817853], [-45.07356556, -22.51827418], [-45.07353985, -22.51829809], [-45.07346267, -22.51829813], [-45.07341123, -22.51832205], [-45.07338551, -22.51834597], [-45.07335979, -22.51836988], [-45.07333406, -22.51836989], [-45.07333427, -22.51875233], [-45.07338575, -22.51880012], [-45.07338577, -22.51884792], [-45.07341152, -22.51887181], [-45.07341154, -22.51891962], [-45.0734373, -22.5189674], [-45.07346304, -22.51899129], [-45.07348876, -22.51899128], [-45.07348877, -22.51901519], [-45.07351451, -22.51903908], [-45.07354024, -22.51903907], [-45.07364322, -22.51918243], [-45.07364341, -22.51954097], [-45.07366915, -22.51956486], [-45.07366917, -22.51958876], [-45.07369491, -22.51961265], [-45.07369492, -22.51963656], [-45.07372066, -22.51966045], [-45.0737207, -22.51973215], [-45.07374643, -22.51973214], [-45.07377217, -22.51975603], [-45.07377218, -22.51977994], [-45.07438965, -22.51977965], [-45.07444108, -22.51975573], [-45.074827, -22.51975555], [-45.0748527, -22.51970773], [-45.07487842, -22.51968382], [-45.07492984, -22.51963599], [-45.07495556, -22.51961207], [-45.07495554, -22.51958817], [-45.07498125, -22.51954035], [-45.07500698, -22.51954034], [-45.07503269, -22.51951643], [-45.07503265, -22.51944472], [-45.07505837, -22.5194208], [-45.07505836, -22.5193969], [-45.07508406, -22.51937299], [-45.07508405, -22.51934909], [-45.07510974, -22.51927736], [-45.07510963, -22.51906225], [-45.07513534, -22.51903833], [-45.07516104, -22.51899051], [-45.07516097, -22.5188471], [-45.07518668, -22.51882318], [-45.0752124, -22.51879927], [-45.07523811, -22.51877536], [-45.07523808, -22.51872755], [-45.07526381, -22.51872754], [-45.07528951, -22.51867972], [-45.0752895, -22.51865582], [-45.07531521, -22.51863191], [-45.07534093, -22.51860799], [-45.07534092, -22.51858409], [-45.07536665, -22.51858408], [-45.07536663, -22.51856017], [-45.07539235, -22.51856016], [-45.07544378, -22.51851234], [-45.07546951, -22.51851232], [-45.07549523, -22.51848841], [-45.07549522, -22.5184645], [-45.07552095, -22.51846449], [-45.07554665, -22.51844058], [-45.07554663, -22.51839277], [-45.07557234, -22.51836885], [-45.07562377, -22.51832103], [-45.07564949, -22.51829711], [-45.07582958, -22.51829703], [-45.07582957, -22.51827313], [-45.07606111, -22.51827302], [-45.07608682, -22.5182491], [-45.07613828, -22.51824908], [-45.07613827, -22.51822517], [-45.076164, -22.51822516], [-45.0761897, -22.51820125], [-45.07621542, -22.51817734], [-45.07624115, -22.51817732], [-45.0763183, -22.51810558], [-45.076344, -22.51808166], [-45.07636972, -22.51805775], [-45.0763697, -22.51803385], [-45.07639542, -22.51800993], [-45.07642114, -22.51798602], [-45.07647259, -22.51798599], [-45.07652405, -22.51800987], [-45.0766527, -22.51800981], [-45.07667843, -22.5180337], [-45.07672989, -22.51803368], [-45.07678136, -22.51805756], [-45.07680709, -22.51805754], [-45.07683282, -22.51808143], [-45.07688428, -22.5180814], [-45.07688429, -22.51810531], [-45.07691003, -22.5181292], [-45.07691009, -22.5182248], [-45.07693583, -22.5182487], [-45.07693596, -22.51848773], [-45.07691025, -22.51851164], [-45.07688453, -22.51853555], [-45.07688458, -22.51863117], [-45.07685887, -22.51865508], [-45.07729721, -22.5188309], [-45.07768657, -22.51909467], [-45.07812785, -22.51933445], [-45.07838418, -22.51964916], [-45.07847829, -22.51977805], [-45.07837445, -22.51998186], [-45.07849126, -22.52010176], [-45.07838743, -22.52022164], [-45.07836147, -22.52030557], [-45.07859509, -22.52044944], [-45.07876381, -22.52050938], [-45.0789585, -22.52041347], [-45.07907531, -22.52032955], [-45.07936084, -22.52032955], [-45.07968206, -22.52051238], [-45.07939329, -22.52077914], [-45.07919212, -22.52091701], [-45.07891632, -22.52101592], [-45.07861456, -22.52121674], [-45.07825115, -22.5213606], [-45.07762168, -22.52161238], [-45.07726476, -22.52174426], [-45.07719338, -22.52183417], [-45.07704412, -22.5219181], [-45.07682997, -22.52197804], [-45.07656715, -22.52211891], [-45.0763822, -22.52221183], [-45.07619076, -22.5222388], [-45.075889, -22.52221782], [-45.07561645, -22.52210991], [-45.07529198, -22.52207395], [-45.07513623, -22.52203798], [-45.07506161, -22.52192709], [-45.07492858, -22.52188813], [-45.07474038, -22.52189411], [-45.07443862, -22.52175924], [-45.07433804, -22.52168431], [-45.07424719, -22.52163036], [-45.07418878, -22.52154643], [-45.074059, -22.52149249], [-45.07400458, -22.52138129], [-45.07397884, -22.5213574], [-45.0739531, -22.52133351], [-45.07392736, -22.52130963], [-45.0738759, -22.52130965], [-45.07385019, -22.52133356], [-45.07382447, -22.52135747], [-45.07379875, -22.52138139], [-45.07377305, -22.5214053], [-45.07372161, -22.52145314], [-45.07372163, -22.52147703], [-45.07367021, -22.52154877], [-45.07364448, -22.52154878], [-45.07364449, -22.52157268], [-45.07359306, -22.5216205], [-45.07356734, -22.52162052], [-45.07356735, -22.52164442], [-45.07354164, -22.52169224], [-45.07349018, -22.52169226], [-45.07346448, -22.52171618], [-45.07343876, -22.52174009], [-45.07341304, -22.521764], [-45.07333586, -22.52176404], [-45.07333587, -22.52178794], [-45.07331015, -22.52181186], [-45.07328443, -22.52181187], [-45.07325871, -22.52183578], [-45.07323298, -22.52183579], [-45.07318155, -22.52188363], [-45.07315582, -22.52188364], [-45.0731044, -22.52193146], [-45.07305295, -22.52195539], [-45.07271849, -22.52195554], [-45.07269277, -22.52197945], [-45.07269278, -22.52200336], [-45.07266706, -22.52200337], [-45.07264134, -22.52202729], [-45.07261563, -22.5220512], [-45.07258991, -22.52207511], [-45.07256418, -22.52207512], [-45.07253848, -22.52212294], [-45.07251276, -22.52214685], [-45.07251277, -22.52217076], [-45.07248708, -22.52221857], [-45.07246135, -22.52221858], [-45.07246138, -22.52229029], [-45.07243568, -22.52233811], [-45.07240996, -22.52236202], [-45.07238424, -22.52238593], [-45.07238436, -22.52260106], [-45.07235864, -22.52262497], [-45.07233292, -22.52262499], [-45.07233306, -22.52288791], [-45.07230735, -22.52293573], [-45.07230736, -22.52295963], [-45.07228165, -22.52298354], [-45.07225593, -22.52300746], [-45.07220447, -22.52300748], [-45.07217876, -22.52303139], [-45.07215305, -22.52305531], [-45.07212732, -22.52305532], [-45.07207587, -22.52307925], [-45.07205016, -22.52312706], [-45.07199874, -22.52317489], [-45.07189584, -22.52322274], [-45.07174147, -22.52322281], [-45.07171573, -22.52319892], [-45.07166427, -22.52317504], [-45.07163853, -22.52315115], [-45.07153559, -22.52310339], [-45.07148412, -22.52307951], [-45.07138121, -22.52307956], [-45.0713555, -22.52310347], [-45.07132978, -22.52312738], [-45.07132979, -22.52315128], [-45.07127834, -22.52317521], [-45.07125261, -22.52317522], [-45.07122692, -22.52322304], [-45.07120119, -22.52322305], [-45.07114977, -22.52329478], [-45.07114978, -22.52331868], [-45.07109832, -22.5233187], [-45.07107261, -22.52334262], [-45.07107262, -22.52336652], [-45.0710469, -22.52339044], [-45.07104697, -22.52350995], [-45.07102125, -22.52353386], [-45.07099555, -22.52360558], [-45.07084119, -22.52360565], [-45.07078975, -22.52365348], [-45.07076403, -22.52367739], [-45.07073832, -22.5237013], [-45.07068686, -22.52370132], [-45.07066115, -22.52372524], [-45.07060971, -22.52377307], [-45.07048107, -22.52377312], [-45.07048108, -22.52379703], [-45.07050683, -22.52382092], [-45.07050686, -22.52389262], [-45.0705326, -22.52391651], [-45.07053263, -22.52396432], [-45.07055838, -22.52401211], [-45.07055842, -22.52408382], [-45.07058422, -22.52422722], [-45.0708415, -22.52422711], [-45.07089297, -22.52425099], [-45.07091872, -22.52427489], [-45.07097017, -22.52427486], [-45.07099591, -22.52429875], [-45.07104739, -22.52434653], [-45.0710475, -22.52456166], [-45.07102177, -22.52456167], [-45.07099606, -22.52458558], [-45.07099607, -22.52460948], [-45.07094461, -22.5246095], [-45.0709189, -22.52463342], [-45.07091891, -22.52465732], [-45.07089318, -22.52465733], [-45.07086746, -22.52468125], [-45.07084175, -22.52470516], [-45.07081603, -22.52472907], [-45.0707903, -22.52472908], [-45.07079031, -22.52475298], [-45.07073887, -22.52477691], [-45.07068742, -22.52480084], [-45.07058451, -22.52480088], [-45.0705588, -22.5248248], [-45.07055881, -22.5248487], [-45.07053308, -22.52484871], [-45.07050736, -22.52487263], [-45.07043018, -22.52487266], [-45.07040446, -22.52489657], [-45.07035301, -22.52492049], [-45.07032728, -22.52492051], [-45.07030156, -22.52494442], [-45.07025013, -22.52496835], [-45.07019867, -22.52496837], [-45.07017295, -22.52499228], [-45.07017296, -22.52501619], [-45.07014723, -22.5250162], [-45.07012152, -22.52504011], [-45.07012156, -22.52511182], [-45.07009585, -22.52515964], [-45.07009588, -22.52520744], [-45.07007015, -22.52520745], [-45.07007019, -22.52530306], [-45.07004448, -22.52532698], [-45.07004451, -22.52539868], [-45.07001881, -22.5254465], [-45.07001882, -22.5254704], [-45.0699931, -22.52549431], [-45.06996738, -22.52551822], [-45.06996739, -22.52554213], [-45.06991594, -22.52554215], [-45.06986449, -22.52556608], [-45.06963294, -22.52556618], [-45.06958149, -22.5255901], [-45.06955576, -22.52559011], [-45.06953004, -22.52561403], [-45.06929849, -22.52561413], [-45.06927277, -22.52563803], [-45.06924707, -22.52568585], [-45.06922134, -22.52568586], [-45.06922135, -22.52570977], [-45.06919563, -22.52573368], [-45.06919564, -22.52575759], [-45.06916992, -22.52578149], [-45.06916994, -22.5258054], [-45.06914424, -22.52585322], [-45.06914425, -22.52587712], [-45.06911853, -22.52590103], [-45.06909281, -22.52592494], [-45.06909284, -22.52597275], [-45.06906713, -22.52602057], [-45.06906717, -22.52609227], [-45.06904144, -22.52609228], [-45.06904145, -22.52611619], [-45.06901574, -22.526164], [-45.06899005, -22.52621181], [-45.06899006, -22.52623572], [-45.06901579, -22.52625961], [-45.06904153, -22.5262835], [-45.06904157, -22.52635521], [-45.06906731, -22.5263791], [-45.06906745, -22.52666593], [-45.06904175, -22.52671375], [-45.06904176, -22.52673765], [-45.06901604, -22.52676157], [-45.06901613, -22.52695278], [-45.06899043, -22.52697669], [-45.06896471, -22.52700061], [-45.06893899, -22.52702452], [-45.068939, -22.52704843], [-45.06891328, -22.52707234], [-45.06888756, -22.52709625], [-45.06888757, -22.52712015], [-45.06886184, -22.52712016], [-45.06883615, -22.52716798], [-45.06881043, -22.5271919], [-45.06878471, -22.52721581], [-45.06875898, -22.52721582], [-45.06870753, -22.52723975], [-45.06870754, -22.52726364], [-45.06868182, -22.52726365], [-45.06863037, -22.52728758], [-45.06860464, -22.52728759], [-45.06857892, -22.52731151], [-45.06857893, -22.52733541], [-45.0685532, -22.52733542], [-45.06855336, -22.52764615], [-45.0685791, -22.52767005], [-45.06857911, -22.52769395], [-45.06860485, -22.52771783], [-45.06860488, -22.52776564], [-45.06863062, -22.52778953], [-45.06865637, -22.52783733], [-45.06865639, -22.52786123], [-45.06877985, -22.52785579], [-45.06888154, -22.52785575], [-45.06894935, -22.52787146], [-45.06910187, -22.5278714], [-45.06915273, -22.52788712], [-45.06920355, -22.52785561], [-45.06925439, -22.52783984], [-45.06928827, -22.5277926], [-45.0693052, -22.52774535], [-45.06933906, -22.5276981], [-45.06944075, -22.52769805], [-45.06949159, -22.52768229], [-45.06952546, -22.52763504], [-45.06959325, -22.52761926], [-45.06964409, -22.5276035], [-45.06972881, -22.52757198], [-45.06989828, -22.5275719], [-45.06994912, -22.52755613], [-45.07006776, -22.52755608], [-45.07015251, -22.52757179], [-45.07027114, -22.52757174], [-45.070322, -22.52758746], [-45.07037285, -22.52760318], [-45.07042372, -22.5276504], [-45.07050847, -22.52768185], [-45.0705424, -22.52772907], [-45.07059327, -22.52777628], [-45.07064412, -22.52779201], [-45.07067804, -22.52783922], [-45.07069501, -22.52788645], [-45.07069505, -22.52794943], [-45.07071202, -22.52799666], [-45.07071209, -22.52813836], [-45.07067822, -22.52818561], [-45.07064434, -22.52823286], [-45.07064439, -22.52832733], [-45.07062746, -22.52837457], [-45.07055969, -22.52840609], [-45.07050886, -22.52843761], [-45.07050888, -22.52848484], [-45.07049196, -22.52853208], [-45.07044113, -22.52856359], [-45.0703903, -22.5285951], [-45.07035643, -22.52864236], [-45.0703056, -22.52867386], [-45.07025477, -22.52870538], [-45.07023785, -22.52875262], [-45.07022093, -22.52881561], [-45.07020401, -22.52886285], [-45.07015318, -22.52889436], [-45.07008542, -22.52895737], [-45.07003459, -22.52900462], [-45.07003462, -22.52905186], [-45.07001769, -22.52909911], [-45.06998382, -22.52914635], [-45.0699669, -22.5291936], [-45.06991607, -22.52924085], [-45.06986524, -22.52925662], [-45.06981439, -22.52925664], [-45.06976356, -22.52927241], [-45.06971272, -22.52928818], [-45.06964493, -22.52928821], [-45.0695941, -22.52931972], [-45.06954327, -22.52933548], [-45.06947547, -22.52933551], [-45.06942464, -22.52935128], [-45.069306, -22.52935133], [-45.06925516, -22.5293671], [-45.06920431, -22.52938286], [-45.06917045, -22.52943012], [-45.06910266, -22.52944588], [-45.06905182, -22.52946165], [-45.06905186, -22.52952464], [-45.06908577, -22.52957185], [-45.06913663, -22.52960332], [-45.06920443, -22.52961904], [-45.06925529, -22.52963476], [-45.06930614, -22.52963474], [-45.06935699, -22.52965046], [-45.07000103, -22.52965018], [-45.07005185, -22.52961867], [-45.07015354, -22.52961863], [-45.07020441, -22.52966584], [-45.07025526, -22.52968156], [-45.07030613, -22.52972878], [-45.07037394, -22.52976023], [-45.07044177, -22.52982319], [-45.07050959, -22.52988613], [-45.07056046, -22.5299176], [-45.07061132, -22.52996482], [-45.07059441, -22.53001206], [-45.0705945, -22.53020099], [-45.07072589, -22.53022356], [-45.07078766, -22.53026179], [-45.07082885, -22.53030001], [-45.07091122, -22.53037646], [-45.07095243, -22.53045294], [-45.07099362, -22.53049116], [-45.07099368, -22.53060589], [-45.07097312, -22.53066327], [-45.07093198, -22.53072065], [-45.07093204, -22.53083538], [-45.0708909, -22.53087364], [-45.070891, -22.53106486], [-45.07087044, -22.53112224], [-45.07084988, -22.53117961], [-45.07080874, -22.53121787], [-45.07074699, -22.53123702], [-45.07072644, -22.5312944], [-45.07068529, -22.53133266], [-45.07064416, -22.53139004], [-45.070603, -22.53142831], [-45.07060309, -22.5316004], [-45.07064428, -22.53163863], [-45.07070604, -22.53165773], [-45.07087071, -22.53165765], [-45.07091185, -22.53160027], [-45.07095299, -22.53154288], [-45.07097354, -22.53148551], [-45.0709941, -22.53142814], [-45.07101465, -22.53137076], [-45.0710352, -22.53131339], [-45.07105574, -22.53121776], [-45.07109689, -22.5311795], [-45.07111744, -22.53112213], [-45.07115859, -22.53108387], [-45.07119974, -22.5310456], [-45.07124088, -22.53098822], [-45.07126143, -22.53093084], [-45.07132318, -22.5309117], [-45.07138491, -22.53087342], [-45.07140545, -22.53081605], [-45.07144661, -22.53077779], [-45.07148775, -22.53073953], [-45.07154949, -22.53072038], [-45.07159065, -22.53068212], [-45.07163179, -22.53064385], [-45.07167294, -22.53060559], [-45.07171409, -22.53056733], [-45.07175523, -22.53052906], [-45.07179637, -22.53047168], [-45.07183752, -22.53043342], [-45.07187866, -22.53037603], [-45.07191979, -22.53031865], [-45.07198153, -22.5302995], [-45.07200209, -22.53024212], [-45.07200186, -22.52980232], [-45.07198125, -22.52974497], [-45.07198119, -22.52963023], [-45.07199068, -22.52961699], [-45.07198118, -22.52961111], [-45.07193999, -22.52957289], [-45.07189881, -22.52953466], [-45.07183705, -22.52951557], [-45.07177529, -22.52949647], [-45.07173409, -22.52945825], [-45.07167234, -22.52945828], [-45.07161058, -22.52943918], [-45.07154883, -22.52943921], [-45.07150764, -22.52938186], [-45.07150761, -22.52932449], [-45.07152817, -22.52926712], [-45.07154872, -22.52920974], [-45.07161046, -22.52919059], [-45.07173396, -22.52919053], [-45.07179572, -22.52920963], [-45.07185747, -22.5292096], [-45.07189866, -22.52924783], [-45.07196041, -22.5292478], [-45.07202217, -22.5292669], [-45.07220742, -22.52926681], [-45.07226916, -22.52924766], [-45.07231031, -22.5292094], [-45.07237206, -22.52920937], [-45.07241319, -22.52915199], [-45.07245434, -22.52911373], [-45.07249548, -22.52905635], [-45.07253662, -22.52901808], [-45.07255718, -22.5289607], [-45.07259831, -22.52890332], [-45.07266004, -22.52886505], [-45.07270118, -22.52880767], [-45.07274233, -22.52876941], [-45.07278346, -22.52871202], [-45.07280402, -22.52865464], [-45.07282457, -22.52859727], [-45.07284512, -22.52853989], [-45.07286568, -22.52848251], [-45.07286565, -22.52842515], [-45.07288619, -22.52834866], [-45.07292734, -22.52831039], [-45.07296848, -22.52827213], [-45.07300962, -22.52821474], [-45.07305077, -22.52817648], [-45.07309191, -22.5281191], [-45.07315365, -22.52809995], [-45.07327715, -22.52809989], [-45.07333889, -22.52808074], [-45.07352414, -22.52808065], [-45.07360647, -22.52809974], [-45.07366823, -22.52811884], [-45.07372998, -22.52811881], [-45.07379174, -22.5281379], [-45.07387409, -22.52815698], [-45.07391527, -22.52819521], [-45.07397704, -22.52823343], [-45.0740388, -22.52825251], [-45.07405116, -22.52826398], [-45.07410054, -22.52823337], [-45.07416228, -22.52821422], [-45.07420344, -22.52817596], [-45.07426516, -22.52813768], [-45.07430631, -22.52809942], [-45.07436806, -22.52809939], [-45.0744092, -22.52806113], [-45.07447093, -22.52802285], [-45.07455326, -22.5280037], [-45.07463558, -22.52798453], [-45.07469733, -22.52798451], [-45.07475907, -22.52796535], [-45.07519132, -22.52796515], [-45.07529422, -22.52794599], [-45.07533537, -22.52790772], [-45.07539712, -22.52790769], [-45.07545888, -22.52792679], [-45.07552064, -22.52794588], [-45.07564414, -22.52794582], [-45.07572648, -22.5279649], [-45.07576767, -22.52800313], [-45.07582943, -22.52802222], [-45.07587062, -22.52806045], [-45.07593238, -22.52807954], [-45.07597356, -22.52811777], [-45.07601477, -22.52817511], [-45.07603537, -22.52823247], [-45.07605599, -22.52828982], [-45.07609718, -22.52832805], [-45.07611779, -22.5283854], [-45.07615898, -22.52842362], [-45.07620017, -22.52846185], [-45.07624136, -22.52850007], [-45.07626198, -22.52855743], [-45.07630316, -22.52859566], [-45.07630319, -22.52865302], [-45.07634439, -22.52869125], [-45.07634442, -22.52874861], [-45.07636503, -22.52880597], [-45.07640622, -22.52884419], [-45.07640625, -22.52890156], [-45.07642687, -22.52897804], [-45.07644749, -22.52903539], [-45.07646812, -22.52911187], [-45.07648875, -22.52920747], [-45.07655055, -22.52930305], [-45.07657117, -22.5293604], [-45.0765918, -22.52943688], [-45.07663298, -22.52947511], [-45.07665362, -22.52957071], [-45.07665366, -22.52964719], [-45.07663312, -22.52972369], [-45.07661256, -22.52978107], [-45.07659202, -22.52983844], [-45.07657146, -22.52989582], [-45.07657149, -22.52995319], [-45.07655094, -22.53001056], [-45.0765098, -22.53004882], [-45.07644808, -22.53010623], [-45.07640693, -22.53014449], [-45.07630404, -22.5302019], [-45.0762629, -22.53024016], [-45.07624234, -22.53029754], [-45.0762012, -22.5303358], [-45.07616005, -22.53037407], [-45.07611891, -22.53041233], [-45.07605715, -22.53041236], [-45.07611451, -22.53052547], [-45.0761763, -22.53058281], [-45.07623808, -22.53064014], [-45.07623811, -22.53069751], [-45.07626902, -22.53075486], [-45.07626905, -22.53081223], [-45.07629995, -22.53086958], [-45.07639261, -22.5309269], [-45.07644857, -22.53100495], [-45.07651031, -22.5309858], [-45.07657205, -22.53096665], [-45.07663379, -22.5309475], [-45.07669552, -22.53090923], [-45.07675726, -22.53089007], [-45.07681899, -22.5308518], [-45.07690131, -22.53081351], [-45.07694244, -22.53075613], [-45.07700416, -22.53069873], [-45.0770453, -22.53066047], [-45.07714822, -22.5306413], [-45.07720995, -22.53060303], [-45.07727167, -22.53054563], [-45.07733341, -22.53052648], [-45.07737455, -22.53048822], [-45.07745687, -22.53044994], [-45.07751861, -22.53043078], [-45.07764211, -22.53043072], [-45.07770385, -22.53041157], [-45.0777656, -22.53041154], [-45.07782733, -22.53037327], [-45.07788907, -22.53035411], [-45.0779714, -22.53033495], [-45.07803314, -22.5303158], [-45.07809488, -22.53029665], [-45.07815663, -22.53029662], [-45.07821837, -22.53027747], [-45.07830069, -22.53027743], [-45.07836246, -22.53029652], [-45.0784448, -22.5303156], [-45.07852715, -22.53033468], [-45.07856834, -22.53037291], [-45.07860952, -22.53041113], [-45.07869188, -22.53044934], [-45.07875366, -22.53048755], [-45.07883601, -22.53052575], [-45.0788772, -22.53056398], [-45.07893897, -22.53060219], [-45.07898016, -22.53064041], [-45.07904192, -22.53065951], [-45.07910367, -22.53065947], [-45.07916543, -22.53067857], [-45.0792272, -22.53069765], [-45.07930954, -22.53071674], [-45.07937131, -22.53073583], [-45.07947423, -22.5307549], [-45.079536, -22.53077399], [-45.07959778, -22.5308122], [-45.07965953, -22.53081217], [-45.07972129, -22.53083127], [-45.07976248, -22.53086949], [-45.07982427, -22.53094595], [-45.07988603, -22.53096504], [-45.07992722, -22.53100326], [-45.07996843, -22.53106061], [-45.08000961, -22.53109883], [-45.08005082, -22.5311753], [-45.08005085, -22.53123266], [-45.08003031, -22.53129004], [-45.07998918, -22.53136655], [-45.07994806, -22.53144305], [-45.07990692, -22.53148132], [-45.07986576, -22.53151958], [-45.07980403, -22.53155786], [-45.07974229, -22.53157701], [-45.07968055, -22.53159617], [-45.07961882, -22.53163444], [-45.07955708, -22.53165359], [-45.07951594, -22.53169185], [-45.07947479, -22.53173012], [-45.07939248, -22.53176841], [-45.07933074, -22.53178756], [-45.07926899, -22.53178759], [-45.07918664, -22.53176851], [-45.0791249, -22.53178766], [-45.07916609, -22.53182588], [-45.07920729, -22.53188323], [-45.07924848, -22.53192145], [-45.07931024, -22.53194054], [-45.07935143, -22.53197876], [-45.07941321, -22.5320361], [-45.07947499, -22.53207432], [-45.07953677, -22.53211253], [-45.07959854, -22.53215074], [-45.07963973, -22.53218897], [-45.0797221, -22.53224629], [-45.07976329, -22.53228451], [-45.07982505, -22.53230361], [-45.07988681, -22.53232269], [-45.07998975, -22.53236089], [-45.08007211, -22.53239909], [-45.08015446, -22.53241818], [-45.08021622, -22.53243726], [-45.08027799, -22.53245636], [-45.08031917, -22.53249458], [-45.08038095, -22.53253279], [-45.08044271, -22.53255188], [-45.08050447, -22.53257097], [-45.08056171, -22.53247374], [-45.08062344, -22.53244503], [-45.08071605, -22.5324163], [-45.08077779, -22.53238758], [-45.08083952, -22.53235887], [-45.08090127, -22.53233015], [-45.080963, -22.53230144], [-45.08099384, -22.53224406], [-45.08105556, -22.53218666], [-45.0811173, -22.53215795], [-45.08114814, -22.53210057], [-45.08120987, -22.53207185], [-45.08127159, -22.53201446], [-45.08133333, -22.53198574], [-45.08136417, -22.53192836], [-45.08139501, -22.53187098], [-45.08145674, -22.53184227], [-45.08148757, -22.5317562], [-45.0815493, -22.53172749], [-45.08164191, -22.53169876], [-45.08167276, -22.53164138], [-45.08173449, -22.53161266], [-45.08179623, -22.53158395], [-45.08191973, -22.53158389], [-45.08198146, -22.53155517], [-45.0820432, -22.53152646], [-45.08222845, -22.53152636], [-45.08229022, -22.53155501], [-45.08235199, -22.53158367], [-45.08241374, -22.53158363], [-45.08247551, -22.53161228], [-45.08253728, -22.53164094], [-45.08259904, -22.53166959], [-45.08272255, -22.53166952], [-45.08278431, -22.53169817], [-45.08284608, -22.53172683], [-45.08284612, -22.53178419], [-45.08287703, -22.53184154], [-45.0829388, -22.53187019], [-45.08296971, -22.53192754], [-45.08303147, -22.53195619], [-45.08303168, -22.53230039], [-45.08309347, -22.53235772], [-45.08315523, -22.53238637], [-45.08321702, -22.53244371], [-45.08324793, -22.53250106], [-45.0833097, -22.53252971], [-45.08330991, -22.5328739], [-45.08337168, -22.53290255], [-45.08343346, -22.53295988], [-45.08349523, -22.53298854], [-45.08355698, -22.5329885], [-45.08355709, -22.5331606], [-45.08349535, -22.53318932], [-45.08349539, -22.53324668], [-45.08346454, -22.53330406], [-45.08346461, -22.5334188], [-45.08348972, -22.53352554], [-45.08355147, -22.53352551], [-45.08359267, -22.53356374], [-45.08363386, -22.53360196], [-45.08367504, -22.53364019], [-45.08371624, -22.53367841], [-45.08373685, -22.53373576], [-45.08381473, -22.53373412], [-45.08387647, -22.53371498], [-45.08393821, -22.53369582], [-45.08399996, -22.53369579], [-45.08404111, -22.53365752], [-45.08410286, -22.53363837], [-45.08416461, -22.53363833], [-45.08420575, -22.53360007], [-45.08426749, -22.53358092], [-45.08432924, -22.53358088], [-45.08437039, -22.53354262], [-45.08443213, -22.53352346], [-45.08447328, -22.5334852], [-45.08451442, -22.53344693], [-45.08453497, -22.53338956], [-45.08459671, -22.5333704], [-45.08465845, -22.53335125], [-45.08472019, -22.53333209], [-45.08484369, -22.53333202], [-45.08490544, -22.53331288], [-45.08496719, -22.53331284], [-45.08502896, -22.53335105], [-45.08509071, -22.53335102], [-45.08515248, -22.53337011], [-45.08521424, -22.5333892], [-45.08521431, -22.53350394], [-45.08523494, -22.53356129], [-45.08523504, -22.53373338], [-45.08527623, -22.53377161], [-45.08529685, -22.53382896], [-45.08533804, -22.53386718], [-45.08535866, -22.53392453], [-45.08554392, -22.53392444], [-45.0856057, -22.53396265], [-45.08566744, -22.5339435], [-45.08577035, -22.53394344], [-45.08583209, -22.53392428], [-45.08587325, -22.53388602], [-45.0860585, -22.53388592], [-45.08612028, -22.53392413], [-45.08616147, -22.53396236], [-45.08622323, -22.53398144], [-45.086285, -22.53400053], [-45.08634675, -22.5340005], [-45.08638794, -22.53403872], [-45.08640856, -22.53409607], [-45.08644975, -22.5341343], [-45.08651153, -22.53417251], [-45.08653215, -22.53422986], [-45.08657334, -22.53426808], [-45.08661454, -22.53430631], [-45.08665572, -22.53434453], [-45.08669691, -22.53438274], [-45.08673811, -22.53442097], [-45.08679989, -22.53445918], [-45.08686167, -22.53449739], [-45.08690285, -22.53453561], [-45.08696462, -22.5345547], [-45.08700581, -22.53459292], [-45.08706756, -22.53459289], [-45.08710877, -22.53465023], [-45.08717054, -22.53466932], [-45.0872323, -22.53468841], [-45.08727349, -22.53472663], [-45.08731468, -22.53476485], [-45.08737645, -22.53478394], [-45.08743823, -22.53482215], [-45.08749998, -22.53482212], [-45.08754117, -22.53486034], [-45.08797344, -22.5348601], [-45.08801458, -22.53482184], [-45.08805573, -22.53478357], [-45.08811747, -22.53476442], [-45.08811744, -22.53470705], [-45.08819974, -22.53466876], [-45.08832325, -22.53466869], [-45.08838499, -22.53464954], [-45.08842614, -22.53461127], [-45.08842603, -22.53443917], [-45.08840541, -22.53438182], [-45.08838478, -22.53432446], [-45.08840533, -22.53426708], [-45.08842589, -22.53420971], [-45.08842585, -22.53415234], [-45.08844638, -22.53407585], [-45.08848753, -22.53403758], [-45.08852867, -22.53399931], [-45.08859041, -22.53398015], [-45.08865215, -22.533961], [-45.0887139, -22.53396097], [-45.08877564, -22.53394181], [-45.08883738, -22.53392265], [-45.08889912, -22.5339035], [-45.08896086, -22.53388434], [-45.08908437, -22.53388427], [-45.08910492, -22.5338269], [-45.08916667, -22.53382686], [-45.08920781, -22.5337886], [-45.08926957, -22.53380768], [-45.0893313, -22.53376941], [-45.08947539, -22.53376933], [-45.08953716, -22.53378842], [-45.08959892, -22.5338075], [-45.08968127, -22.53382658], [-45.08982536, -22.5338265], [-45.0898871, -22.53380734], [-45.08994884, -22.53378819], [-45.09001059, -22.53378815], [-45.09005174, -22.53374988], [-45.09011349, -22.53374985], [-45.09017523, -22.53373069], [-45.09023698, -22.53373065], [-45.09029872, -22.5337115], [-45.09036046, -22.53369234], [-45.0904222, -22.53367319], [-45.09048393, -22.53363491], [-45.09054567, -22.53361575], [-45.09058681, -22.53357748], [-45.09062796, -22.53353922], [-45.09068969, -22.53350094], [-45.09087494, -22.53350084], [-45.09091615, -22.53355818], [-45.09091622, -22.53367291], [-45.09087508, -22.53371118], [-45.09087524, -22.53395976], [-45.09083409, -22.53399803], [-45.09079297, -22.53405542], [-45.09071064, -22.53407459], [-45.0906489, -22.53409374], [-45.09062836, -22.53415112], [-45.09056661, -22.53417028], [-45.09019609, -22.53417048], [-45.09011378, -22.53418965], [-45.09005202, -22.53418969], [-45.08996971, -22.53422798], [-45.08992857, -22.53426624], [-45.08986683, -22.5342854], [-45.0898669, -22.53440013], [-45.08982575, -22.53443839], [-45.08980521, -22.53449577], [-45.08976406, -22.53453404], [-45.08972292, -22.53457231], [-45.08966118, -22.53459147], [-45.08959944, -22.53461062], [-45.0895377, -22.53462978], [-45.08947597, -22.53466805], [-45.08941424, -22.53470634], [-45.0893731, -22.5347446], [-45.08933195, -22.53478286], [-45.08931141, -22.53484024], [-45.08931145, -22.53489762], [-45.08933206, -22.53495497], [-45.08937326, -22.53499319], [-45.08943502, -22.53499315], [-45.08949676, -22.53497399], [-45.0895379, -22.53493573], [-45.08957904, -22.53489747], [-45.08959959, -22.53484008], [-45.08964073, -22.53480182], [-45.08968188, -22.53476355], [-45.08974362, -22.53474439], [-45.08976416, -22.53468702], [-45.0898259, -22.53466786], [-45.08986705, -22.53462959], [-45.08992878, -22.53459132], [-45.08996992, -22.53455305], [-45.09003166, -22.53453389], [-45.0900934, -22.53451474], [-45.09015515, -22.5345147], [-45.09019629, -22.53447644], [-45.0903198, -22.53447637], [-45.09038154, -22.53445721], [-45.09062856, -22.53445707], [-45.09066975, -22.53449529], [-45.09069037, -22.53455264], [-45.09073156, -22.53459087], [-45.09073168, -22.53476296], [-45.0907523, -22.53482032], [-45.0907935, -22.53487766], [-45.09083469, -22.53491588], [-45.09087589, -22.5349541], [-45.09089651, -22.53501145], [-45.09089666, -22.53524092], [-45.09087612, -22.5352983], [-45.09085557, -22.53535568], [-45.09081443, -22.53539394], [-45.09079388, -22.53545132], [-45.09077333, -22.53550869], [-45.09079395, -22.53556605], [-45.09083516, -22.53562339], [-45.09089692, -22.53564248], [-45.0909587, -22.53568069], [-45.09102047, -22.53569978], [-45.09106167, -22.53573799], [-45.09112343, -22.53575708], [-45.09114405, -22.53581444], [-45.09114412, -22.53592917], [-45.09116475, -22.53598652], [-45.09122653, -22.53602473], [-45.09128831, -22.53606294], [-45.09141181, -22.53606287], [-45.091453, -22.53610109], [-45.09157651, -22.53610102], [-45.09163827, -22.5361201], [-45.09167949, -22.53617744], [-45.09172068, -22.53621567], [-45.09172075, -22.5363304], [-45.09176195, -22.53636862], [-45.09178257, -22.53642597], [-45.09182376, -22.5364642], [-45.09188554, -22.5365024], [-45.09194731, -22.53652149], [-45.09198851, -22.53655971], [-45.09200912, -22.53661707], [-45.09205033, -22.53665528], [-45.09205036, -22.53671265], [-45.09200921, -22.53675092], [-45.09198867, -22.5368083], [-45.09196812, -22.53686568], [-45.09192698, -22.53690394], [-45.09190645, -22.53698044], [-45.0918447, -22.53699959], [-45.09182415, -22.53705697], [-45.09176241, -22.53707613], [-45.09172127, -22.5371144], [-45.09165953, -22.53713356], [-45.09161839, -22.53717182], [-45.09155664, -22.53717186], [-45.09151549, -22.53721013], [-45.09145375, -22.53722928], [-45.0914126, -22.53726755], [-45.09135088, -22.53730583], [-45.09128915, -22.5373441], [-45.0912686, -22.53740148], [-45.09122746, -22.53743975], [-45.09118632, -22.53747802], [-45.09112457, -22.53749718], [-45.09106283, -22.53751633], [-45.09100109, -22.53753549], [-45.09093934, -22.53753552], [-45.0908776, -22.53755468], [-45.09081585, -22.53757383], [-45.0907541, -22.53757387], [-45.09071295, -22.53761214], [-45.09065121, -22.53763129], [-45.09058948, -22.53766958], [-45.09054834, -22.53770784], [-45.09050719, -22.53774611], [-45.09046605, -22.53778438], [-45.09044551, -22.53786088], [-45.09044558, -22.53797561], [-45.09040447, -22.53805212], [-45.09034272, -22.53807128], [-45.09015746, -22.53807138], [-45.09007511, -22.5380523], [-45.08995157, -22.53801413], [-45.08988982, -22.53801416], [-45.08982804, -22.53797596], [-45.08980743, -22.53791859], [-45.08980731, -22.5377465], [-45.08984844, -22.53768911], [-45.08988958, -22.53765085], [-45.08995133, -22.53763169], [-45.08999248, -22.53759342], [-45.09003361, -22.53753603], [-45.09007475, -22.53749777], [-45.0900746, -22.53726831], [-45.09013633, -22.53723002], [-45.09015688, -22.53717265], [-45.0901568, -22.53705791], [-45.09013618, -22.53700056], [-45.09011556, -22.53694321], [-45.09007436, -22.53690499], [-45.09003317, -22.53686677], [-45.08997141, -22.53684768], [-45.08993022, -22.53680946], [-45.0896832, -22.5368096], [-45.089642, -22.53677137], [-45.08966255, -22.536714], [-45.08970368, -22.53665661], [-45.08972423, -22.53659923], [-45.08972408, -22.53636977], [-45.08968289, -22.53633155], [-45.08949763, -22.53633165], [-45.08945648, -22.53636992], [-45.08939473, -22.53636995], [-45.08933299, -22.53638911], [-45.08929185, -22.53642737], [-45.0892301, -22.53644653], [-45.08916834, -22.53642744], [-45.08910659, -22.53642748], [-45.0890654, -22.53638926], [-45.0890242, -22.53635104], [-45.08896244, -22.53635108], [-45.08890068, -22.53633198], [-45.08871542, -22.53633209], [-45.08865365, -22.536313], [-45.08859188, -22.5362939], [-45.08853013, -22.53629394], [-45.08846837, -22.53627486], [-45.08840661, -22.53627489], [-45.08834483, -22.53623667], [-45.08830364, -22.53619846], [-45.08826245, -22.53616024], [-45.08824183, -22.53610288], [-45.08820063, -22.53606466], [-45.08815944, -22.53602644], [-45.08811825, -22.53598822], [-45.08807705, -22.53594999], [-45.08803586, -22.53591178], [-45.08799467, -22.53587356], [-45.08795347, -22.53583533], [-45.08782997, -22.5358354], [-45.08776822, -22.53585456], [-45.08764472, -22.53585462], [-45.08754181, -22.5358738], [-45.08748007, -22.53589295], [-45.08741833, -22.53591211], [-45.08737719, -22.53595037], [-45.0873525, -22.53597333], [-45.08731543, -22.53595041], [-45.08725366, -22.53593133], [-45.08721247, -22.5358931], [-45.08715069, -22.53585489], [-45.0871095, -22.53581667], [-45.0870683, -22.53577845], [-45.08702711, -22.53574023], [-45.08698593, -22.53570201], [-45.08694473, -22.53566378], [-45.08690354, -22.53562556], [-45.0869035, -22.5355682], [-45.08688288, -22.53551084], [-45.08686226, -22.53545349], [-45.08686219, -22.53533876], [-45.08684157, -22.5352814], [-45.08680038, -22.53524318], [-45.08673864, -22.53526233], [-45.08669749, -22.5353006], [-45.08667694, -22.53535798], [-45.08665639, -22.53541536], [-45.08661526, -22.53547275], [-45.08659471, -22.53553012], [-45.08655357, -22.53556839], [-45.08653302, -22.53562576], [-45.08649188, -22.53566402], [-45.08643015, -22.53570231], [-45.086389, -22.53574057], [-45.08634785, -22.53577883], [-45.08634793, -22.53589356], [-45.08636855, -22.53595092], [-45.08640974, -22.53598915], [-45.08645094, -22.53604649], [-45.08647156, -22.53610385], [-45.08651275, -22.53614206], [-45.08651279, -22.53619943], [-45.08653341, -22.53625678], [-45.08653345, -22.53631415], [-45.08655407, -22.5363715], [-45.08657468, -22.53642886], [-45.08657472, -22.53648622], [-45.08655418, -22.5365436], [-45.08651303, -22.53658187], [-45.08647188, -22.53662014], [-45.08641015, -22.53665841], [-45.08616314, -22.53665854], [-45.0861014, -22.5366777], [-45.08603966, -22.53669685], [-45.08589556, -22.53669693], [-45.08583383, -22.53673521], [-45.08577209, -22.53675437], [-45.08573095, -22.53679263], [-45.0856898, -22.53683089], [-45.08564865, -22.53686916], [-45.08560751, -22.53690743], [-45.08556636, -22.53694569], [-45.08552522, -22.53698396], [-45.08548407, -22.53702222], [-45.08540177, -22.53707963], [-45.08536063, -22.5371179], [-45.08531947, -22.53715617], [-45.08527833, -22.53719443], [-45.0852372, -22.53725182], [-45.08517548, -22.53730922], [-45.08513433, -22.53734748], [-45.08509319, -22.53738575], [-45.08505207, -22.53746225], [-45.08501092, -22.53750052], [-45.08494917, -22.53751967], [-45.08486686, -22.53755797], [-45.08480512, -22.53757711], [-45.08474337, -22.53757715], [-45.0846816, -22.53755806], [-45.08461985, -22.5375581], [-45.08455811, -22.53757724], [-45.08449635, -22.53757728], [-45.08443459, -22.53755819], [-45.08437282, -22.5375391], [-45.08433162, -22.53750088], [-45.08426986, -22.53748179], [-45.08422867, -22.53744357], [-45.08418748, -22.53740534], [-45.08414628, -22.53736712], [-45.08410509, -22.5373289], [-45.08405369, -22.53743409], [-45.08399197, -22.53749149], [-45.083992, -22.53754886], [-45.08393027, -22.53757757], [-45.08386853, -22.53760629], [-45.08386864, -22.53777839], [-45.0838069, -22.5378071], [-45.08380693, -22.53786447], [-45.08377609, -22.53792185], [-45.08371435, -22.53795056], [-45.08368351, -22.53800795], [-45.08362176, -22.53800799], [-45.08359091, -22.53806536], [-45.08352916, -22.53806539], [-45.08346742, -22.5380941], [-45.08340567, -22.53809414], [-45.08334393, -22.53812286], [-45.08331302, -22.5380655], [-45.08325125, -22.53803686], [-45.08322034, -22.53797951], [-45.08315858, -22.53797954], [-45.08309681, -22.53795088], [-45.08303504, -22.53792223], [-45.08300413, -22.53786489], [-45.08294238, -22.53786492], [-45.0828806, -22.53783626], [-45.08281883, -22.53780761], [-45.08275706, -22.53777896], [-45.08269529, -22.53775031], [-45.08263352, -22.53772166], [-45.08257175, -22.53769301], [-45.08250998, -22.53766436], [-45.08238647, -22.53766442], [-45.0823247, -22.53763577], [-45.08226294, -22.5376358], [-45.08220117, -22.53760715], [-45.08201591, -22.53760724], [-45.08195412, -22.53754991], [-45.08183062, -22.53754997], [-45.08176883, -22.53749264], [-45.08170706, -22.53746399], [-45.08167615, -22.53740664], [-45.08161438, -22.53737798], [-45.08155259, -22.53732065], [-45.08149083, -22.53732068], [-45.08142906, -22.53729203], [-45.08136729, -22.53726338], [-45.08130551, -22.53720604], [-45.08124374, -22.53717739], [-45.08118195, -22.53712006], [-45.08115104, -22.53706271], [-45.08108927, -22.53703406], [-45.08105836, -22.53697671], [-45.08099659, -22.53694805], [-45.08093482, -22.5369194], [-45.08087302, -22.53686207], [-45.08081125, -22.53683342], [-45.08074948, -22.53680476], [-45.08068772, -22.5368048], [-45.08062595, -22.53677614], [-45.08056418, -22.53674749], [-45.0805024, -22.53669016], [-45.08037889, -22.53669022], [-45.0803171, -22.53663288], [-45.08022446, -22.53660425], [-45.08019355, -22.5365469], [-45.08013179, -22.53654693], [-45.08007002, -22.53651828], [-45.08000825, -22.53648962], [-45.0799465, -22.53648965], [-45.07988473, -22.536461], [-45.07979208, -22.53643236], [-45.07973031, -22.53640371], [-45.07966856, -22.53640374], [-45.07960679, -22.53637509], [-45.07948328, -22.53637515], [-45.07942151, -22.5363465], [-45.07929801, -22.53634656], [-45.07923622, -22.53628923], [-45.07917445, -22.53626057], [-45.07911268, -22.53623192], [-45.07908177, -22.53617457], [-45.07901998, -22.53611723], [-45.0789582, -22.5360599], [-45.07889643, -22.53603125], [-45.07886552, -22.5359739], [-45.07880375, -22.53594524], [-45.07874198, -22.53591659], [-45.07868021, -22.53588794], [-45.0786493, -22.53583059], [-45.07858753, -22.53580194], [-45.07855662, -22.53574458], [-45.07849487, -22.53574461], [-45.07834662, -22.53567585], [-45.07834046, -22.53568732], [-45.07830961, -22.5357447], [-45.07830981, -22.5360889], [-45.07834071, -22.53614625], [-45.07837162, -22.5362036], [-45.07837166, -22.53626097], [-45.07840257, -22.53631832], [-45.07843347, -22.53637567], [-45.07846438, -22.53643302], [-45.07849529, -22.53649037], [-45.07849532, -22.53654773], [-45.07855709, -22.53657639], [-45.07861886, -22.53660504], [-45.07868063, -22.53663369], [-45.0787424, -22.53666234], [-45.07880417, -22.536691], [-45.07883508, -22.53674835], [-45.07902034, -22.53674826], [-45.07908211, -22.53677691], [-45.07914388, -22.53680556], [-45.07920564, -22.53680553], [-45.07926741, -22.53683418], [-45.07936005, -22.53686282], [-45.07942182, -22.53689147], [-45.07948359, -22.53692013], [-45.07954535, -22.5369201], [-45.07963801, -22.53697742], [-45.07969977, -22.53697738], [-45.07973068, -22.53703473], [-45.07979243, -22.5370347], [-45.07985422, -22.53709204], [-45.07991599, -22.53712069], [-45.07997774, -22.53712066], [-45.08010126, -22.53714928], [-45.08016303, -22.53717793], [-45.08025568, -22.53720657], [-45.08031745, -22.53723522], [-45.08044096, -22.53723516], [-45.08050273, -22.53726381], [-45.08056448, -22.53726378], [-45.08065715, -22.5373211], [-45.0807189, -22.53732107], [-45.08081157, -22.53737839], [-45.08090422, -22.53740703], [-45.08096598, -22.537407], [-45.08099689, -22.53746435], [-45.0810278, -22.5375217], [-45.08108957, -22.53755035], [-45.08115134, -22.537579], [-45.08118225, -22.53763635], [-45.08124404, -22.53769368], [-45.08130581, -22.53772233], [-45.08133672, -22.53777968], [-45.08139849, -22.53780834], [-45.08146028, -22.53786568], [-45.08149119, -22.53792302], [-45.08149122, -22.5379804], [-45.08155298, -22.53798036], [-45.08158389, -22.53803771], [-45.08158392, -22.53809507], [-45.08170743, -22.53809501], [-45.08176922, -22.53815235], [-45.08180013, -22.53820969], [-45.0818619, -22.53823834], [-45.08189281, -22.5382957], [-45.08195456, -22.53829567], [-45.08201634, -22.53832432], [-45.08201637, -22.53838169], [-45.08207812, -22.53838166], [-45.08213991, -22.53843899], [-45.08220168, -22.53846764], [-45.08223259, -22.53852499], [-45.08229435, -22.53852496], [-45.08232526, -22.53858231], [-45.08238701, -22.53858228], [-45.08244879, -22.53861093], [-45.08251056, -22.53863958], [-45.08257233, -22.53866823], [-45.0826341, -22.53869688], [-45.08269587, -22.53872553], [-45.08275764, -22.53875419], [-45.08281942, -22.53878284], [-45.08291206, -22.53881147], [-45.08297384, -22.53884012], [-45.08309734, -22.53884006], [-45.08315912, -22.53886871], [-45.08322087, -22.53886868], [-45.08325178, -22.53892603], [-45.08322094, -22.53898341], [-45.08322103, -22.53912682], [-45.08315931, -22.53918422], [-45.08309758, -22.53924162], [-45.08303585, -22.53927033], [-45.08294323, -22.53929906], [-45.08288151, -22.53935646], [-45.08170817, -22.53935706], [-45.08164645, -22.53941446], [-45.0815847, -22.53941449], [-45.08152296, -22.5394432], [-45.08139945, -22.53944327], [-45.08133771, -22.53947198], [-45.08127596, -22.53947201], [-45.08121418, -22.53944336], [-45.08109067, -22.53944342], [-45.08102894, -22.53947214], [-45.0809672, -22.53950085], [-45.08093635, -22.53955823], [-45.08090551, -22.53961561], [-45.08090554, -22.53967298], [-45.08087469, -22.53973036], [-45.08087472, -22.53978772], [-45.08084388, -22.53984511], [-45.08081303, -22.53990249], [-45.08078219, -22.53995987], [-45.08078222, -22.54001723], [-45.08075138, -22.54007462], [-45.08075141, -22.54013198], [-45.08072057, -22.54018936], [-45.0807206, -22.54024673], [-45.08068976, -22.54030411], [-45.08062804, -22.54036151], [-45.0805663, -22.54039022], [-45.08053545, -22.5404476], [-45.08047373, -22.540505], [-45.08041199, -22.54053371], [-45.08038115, -22.54059109], [-45.08038118, -22.54064846], [-45.08035034, -22.54070584], [-45.08035037, -22.5407632], [-45.08031953, -22.54082058], [-45.08031963, -22.54099268], [-45.08028878, -22.54105006], [-45.08028885, -22.54116479], [-45.08031976, -22.54122214], [-45.08044327, -22.54122208], [-45.08050501, -22.54119337], [-45.08056675, -22.54116466], [-45.08065936, -22.54113593], [-45.08072112, -22.54113589], [-45.08081374, -22.54110717], [-45.08087547, -22.54107845], [-45.08093722, -22.54104974], [-45.08106073, -22.54104968], [-45.08112247, -22.54102096], [-45.08118421, -22.54099225], [-45.08124595, -22.54096353], [-45.08130769, -22.54093482], [-45.08136943, -22.54090611], [-45.08155469, -22.54090601], [-45.08158554, -22.54084863], [-45.08164729, -22.5408486], [-45.08170903, -22.54081989], [-45.08177077, -22.54079117], [-45.08183251, -22.54076246], [-45.08189425, -22.54073374], [-45.08195599, -22.54070503], [-45.08201772, -22.54067631], [-45.08207945, -22.54061892], [-45.08214118, -22.5405902], [-45.08220292, -22.54056149], [-45.08226466, -22.54053277], [-45.0822955, -22.54047539], [-45.08235723, -22.540418], [-45.08241895, -22.5403606], [-45.08248067, -22.5403032], [-45.08254239, -22.5402458], [-45.08260413, -22.54021709], [-45.08266588, -22.54021706], [-45.08272762, -22.54018834], [-45.08278936, -22.54015963], [-45.0828511, -22.54013091], [-45.08288194, -22.54007353], [-45.08294368, -22.54004482], [-45.08300542, -22.5400161], [-45.08306714, -22.53995871], [-45.08312889, -22.53995867], [-45.08319063, -22.53992996], [-45.08343765, -22.53992983], [-45.08349942, -22.53995848], [-45.08356118, -22.53995845], [-45.08359209, -22.5400158], [-45.08365386, -22.54004445], [-45.08368477, -22.5401018], [-45.08374655, -22.54013045], [-45.08377746, -22.5401878], [-45.08380837, -22.54024515], [-45.08387014, -22.5402738], [-45.08390105, -22.54033115], [-45.08396283, -22.5403598], [-45.08396286, -22.54041717], [-45.08399377, -22.54047451], [-45.08402469, -22.54053186], [-45.08402472, -22.54058923], [-45.08405563, -22.54064658], [-45.08408655, -22.54070393], [-45.08408658, -22.54076129], [-45.08411749, -22.54081864], [-45.08414841, -22.54087599], [-45.08417932, -22.54093334], [-45.08421023, -22.54099069], [-45.0842103, -22.54110542], [-45.08424121, -22.54116277], [-45.08427213, -22.54122012], [-45.08430304, -22.54127747], [-45.08436483, -22.54133481], [-45.08439574, -22.54139215], [-45.08442665, -22.5414495], [-45.08442669, -22.54150687], [-45.08448848, -22.5415642], [-45.08451939, -22.54162155], [-45.08458117, -22.5416502], [-45.08464294, -22.54167885], [-45.08470471, -22.5417075], [-45.08482822, -22.54170744], [-45.08489, -22.54173609], [-45.08495177, -22.54176474], [-45.08501354, -22.54179339], [-45.08526057, -22.54179326], [-45.08526064, -22.54190799], [-45.0851989, -22.54193671], [-45.08516806, -22.54199409], [-45.0851063, -22.54199412], [-45.08504458, -22.54205152], [-45.08498284, -22.54208023], [-45.0849211, -22.54210895], [-45.08485936, -22.54213766], [-45.08479763, -22.54216638], [-45.08473589, -22.54219509], [-45.08470504, -22.54225248], [-45.08464331, -22.54228119], [-45.08458155, -22.54228122], [-45.08451981, -22.54230994], [-45.08445806, -22.54230997], [-45.08439633, -22.54236737], [-45.0843346, -22.54239609], [-45.08427284, -22.54239612], [-45.08427287, -22.54245349], [-45.08421114, -22.54248221], [-45.08414938, -22.54248224], [-45.08408764, -22.54251095], [-45.08402592, -22.54256834], [-45.08396418, -22.54259707], [-45.08396422, -22.54265442], [-45.08390246, -22.54265446], [-45.08384072, -22.54268317], [-45.08380988, -22.54274056], [-45.08374812, -22.54274059], [-45.08368638, -22.54276931], [-45.08362464, -22.54279802], [-45.0835629, -22.54282674], [-45.08331588, -22.54282687], [-45.08325414, -22.54285558], [-45.0831924, -22.5428843], [-45.08313064, -22.54288433], [-45.0830998, -22.54294171], [-45.08306896, -22.54299909], [-45.08300722, -22.54302781], [-45.08288374, -22.54308524], [-45.08285289, -22.54314262], [-45.08279117, -22.54320001], [-45.08272945, -22.54325741], [-45.08266773, -22.54331481], [-45.08260599, -22.54334352], [-45.08257514, -22.54340091], [-45.0825134, -22.54342962], [-45.08245166, -22.54345833], [-45.0824517, -22.5435157], [-45.08238996, -22.54354441], [-45.08238999, -22.54360178], [-45.08235915, -22.54365916], [-45.0823283, -22.54371654], [-45.08229746, -22.54377392], [-45.08217395, -22.54377399], [-45.08211221, -22.5438027], [-45.08174167, -22.54380289], [-45.08167994, -22.54386029], [-45.08149467, -22.54386038], [-45.08143293, -22.5438891], [-45.08137119, -22.54391781], [-45.08130945, -22.54394652], [-45.08112418, -22.54394662], [-45.08106244, -22.54397533], [-45.08093893, -22.54397539], [-45.08087718, -22.54400411], [-45.08081544, -22.54403282], [-45.08075368, -22.54403285], [-45.08072284, -22.54409023], [-45.08066111, -22.54414763], [-45.08059939, -22.54420503], [-45.08056854, -22.54426241], [-45.0805068, -22.54429112], [-45.08044506, -22.54431983], [-45.08038332, -22.54434855], [-45.08032454, -22.54444063], [-45.08030396, -22.54444064], [-45.08028336, -22.54442153], [-45.08024216, -22.54436418], [-45.08022155, -22.54432595], [-45.08020095, -22.54430684], [-45.08018036, -22.54428772], [-45.08018035, -22.54426861], [-45.08015976, -22.54426862], [-45.08013916, -22.5442495], [-45.08013915, -22.54423038], [-45.08011856, -22.54421127], [-45.08009794, -22.54417303], [-45.08007734, -22.54415393], [-45.08007733, -22.5441348], [-45.08005675, -22.54413481], [-45.08005674, -22.54411569], [-45.08001555, -22.54409659], [-45.07999498, -22.5440966], [-45.07997438, -22.54407749], [-45.07995378, -22.54405838], [-45.0799332, -22.54405839], [-45.0799126, -22.54403928], [-45.07989201, -22.54403929], [-45.079892, -22.54402017], [-45.07985081, -22.54398194], [-45.07980964, -22.54398197], [-45.07978904, -22.54396285], [-45.07976845, -22.54396286], [-45.07974786, -22.54394375], [-45.07972727, -22.54394376], [-45.07968608, -22.54390554], [-45.07958315, -22.54390559], [-45.07956255, -22.54388647], [-45.07954197, -22.54388648], [-45.07948019, -22.54384827], [-45.079439, -22.54382917], [-45.07937724, -22.5438292], [-45.07935665, -22.54381009], [-45.07933606, -22.5438101], [-45.07931546, -22.54379099], [-45.0792743, -22.54379101], [-45.07927431, -22.54381013], [-45.07923314, -22.54381015], [-45.07919195, -22.54379105], [-45.07917137, -22.54379106], [-45.07915077, -22.54377194], [-45.07913017, -22.54375284], [-45.07910958, -22.54373372], [-45.07910957, -22.5437146], [-45.07902723, -22.54371464], [-45.07898607, -22.54373378], [-45.07894488, -22.54371468], [-45.07892429, -22.54369556], [-45.07882136, -22.54369562], [-45.07878018, -22.54367652], [-45.07875958, -22.5436574], [-45.078739, -22.54365741], [-45.0787184, -22.54363831], [-45.07869781, -22.54363832], [-45.07867722, -22.5436192], [-45.07863604, -22.54361922], [-45.07861545, -22.54360011], [-45.07861544, -22.54358098], [-45.07857425, -22.54356189], [-45.07855366, -22.54354277], [-45.07855364, -22.54350453], [-45.07853305, -22.54350454], [-45.07853304, -22.54348542], [-45.07847129, -22.54348545], [-45.07845069, -22.54346634], [-45.07843011, -22.54346635], [-45.07840951, -22.54344724], [-45.07838892, -22.54344725], [-45.07836833, -22.54342813], [-45.07834774, -22.54342814], [-45.07834773, -22.54340902], [-45.07832714, -22.54340903], [-45.07830655, -22.54338992], [-45.07830653, -22.54335167], [-45.07828594, -22.54335168], [-45.07828593, -22.54333257], [-45.07826534, -22.54333258], [-45.07824475, -22.54331346], [-45.07822415, -22.54329435], [-45.07822414, -22.54327523], [-45.07820354, -22.54325612], [-45.07818295, -22.543237], [-45.07816235, -22.5432179], [-45.07814175, -22.54319878], [-45.07814174, -22.54317966], [-45.07812115, -22.54316055], [-45.07812114, -22.54314143], [-45.07810055, -22.54314144], [-45.07807995, -22.54312232], [-45.07807994, -22.5431032], [-45.07805936, -22.54310321], [-45.07805935, -22.54308409], [-45.07803875, -22.54306497], [-45.07803874, -22.54304586], [-45.07801815, -22.54304587], [-45.07801814, -22.54302674], [-45.07797698, -22.54302676], [-45.07793579, -22.54300766], [-45.0779152, -22.54298855], [-45.07785344, -22.54298858], [-45.07783284, -22.54296947], [-45.07781225, -22.54296948], [-45.07777106, -22.54293126], [-45.07772989, -22.54291215], [-45.0776887, -22.54289305], [-45.07766812, -22.54289306], [-45.07762693, -22.54287396], [-45.07760635, -22.54287397], [-45.07758575, -22.54285486], [-45.07756515, -22.54283574], [-45.07754456, -22.54281664], [-45.07752397, -22.54281665], [-45.07752396, -22.54279752], [-45.0774828, -22.54279754], [-45.07744161, -22.54277844], [-45.07742103, -22.54277845], [-45.07740043, -22.54275934], [-45.07694755, -22.54275956], [-45.07692698, -22.54277868], [-45.0769064, -22.54279782], [-45.07678289, -22.54279788], [-45.07672115, -22.54283615], [-45.07670058, -22.54285528], [-45.07668001, -22.54287442], [-45.07665943, -22.54289354], [-45.07659767, -22.54289357], [-45.07657709, -22.54291271], [-45.07653595, -22.54295097], [-45.07647419, -22.54295099], [-45.07643303, -22.54297014], [-45.07641246, -22.54298927], [-45.07639189, -22.54302752], [-45.0763919, -22.54304665], [-45.07626839, -22.54304671], [-45.0762684, -22.54306582], [-45.07610372, -22.5430659], [-45.07610373, -22.54308503], [-45.07606256, -22.54310417], [-45.07602139, -22.54310419], [-45.07598021, -22.54308508], [-45.07595962, -22.54308509], [-45.07593903, -22.54306598], [-45.07585669, -22.54306602], [-45.07583609, -22.54304691], [-45.07579492, -22.54304693], [-45.07577435, -22.54306606], [-45.07558908, -22.54306614], [-45.0755685, -22.54308528], [-45.07548616, -22.54308532], [-45.075445, -22.54310446], [-45.07540384, -22.5431236], [-45.07532149, -22.54312364], [-45.07528031, -22.54310454], [-45.0751568, -22.5431046], [-45.07513622, -22.54312372], [-45.07501271, -22.54312378], [-45.07499214, -22.54314291], [-45.07499215, -22.54316204], [-45.07497156, -22.54316205], [-45.07497157, -22.54318116], [-45.07486865, -22.54318121], [-45.07484807, -22.54320035], [-45.07482748, -22.54320036], [-45.07480691, -22.54321949], [-45.07480694, -22.54327686], [-45.07478638, -22.54331511], [-45.07478639, -22.54333423], [-45.07474523, -22.54335337], [-45.07472466, -22.54339163], [-45.07470407, -22.54339164], [-45.0746835, -22.54342989], [-45.07466292, -22.5434299], [-45.07462176, -22.54344904], [-45.07462177, -22.54346816], [-45.07460122, -22.54352554], [-45.07456005, -22.54354467], [-45.07439537, -22.54354475], [-45.07437479, -22.54356389], [-45.07431304, -22.54356391], [-45.07427188, -22.54358305], [-45.0741072, -22.54358312], [-45.07408663, -22.54362138], [-45.07404546, -22.5436214], [-45.07400429, -22.54364055], [-45.07398372, -22.54365967], [-45.07394256, -22.54367882], [-45.07392198, -22.54367883], [-45.0739014, -22.54369795], [-45.07388082, -22.54371708], [-45.07386026, -22.54375534], [-45.07383967, -22.54375535], [-45.07381909, -22.54377448], [-45.07377794, -22.54379362], [-45.07375736, -22.54381276], [-45.07375737, -22.54383187], [-45.07373679, -22.54383188], [-45.07371621, -22.54385102], [-45.07371622, -22.54387014], [-45.07369563, -22.54387015], [-45.07367506, -22.54388928], [-45.07363391, -22.54392754], [-45.07363392, -22.54394666], [-45.07361336, -22.54398492], [-45.07359279, -22.54402317], [-45.0735722, -22.54402318], [-45.07355163, -22.54404231], [-45.07355164, -22.54406143], [-45.07353105, -22.54406144], [-45.07351047, -22.54408057], [-45.0734899, -22.54409971], [-45.07346933, -22.54411883], [-45.07344874, -22.54411884], [-45.07342818, -22.5441571], [-45.07340759, -22.54415711], [-45.0734076, -22.54417623], [-45.07338702, -22.54419536], [-45.07336645, -22.54421449], [-45.07336646, -22.54423361], [-45.07334587, -22.54423362], [-45.07332529, -22.54425275], [-45.0733253, -22.54427188], [-45.07330474, -22.54431013], [-45.07328417, -22.54432926], [-45.07328418, -22.54434838], [-45.07326359, -22.54434839], [-45.0732636, -22.54436751], [-45.07324303, -22.54438665], [-45.07322245, -22.54440577], [-45.07322246, -22.5444249], [-45.07320189, -22.54446315], [-45.07318132, -22.54448228], [-45.07316074, -22.54450142], [-45.07316075, -22.54452053], [-45.07314019, -22.54457791], [-45.07311962, -22.54459704], [-45.07311963, -22.54461617], [-45.07307848, -22.54465443], [-45.07305791, -22.54469268], [-45.07303734, -22.54471181], [-45.07301675, -22.54471182], [-45.07299617, -22.54473095], [-45.07297561, -22.5447692], [-45.07295503, -22.54478834], [-45.07293446, -22.54482659], [-45.07291389, -22.54484572], [-45.07291392, -22.54488396], [-45.07289335, -22.54492222], [-45.0728522, -22.54496048], [-45.07283162, -22.54497961], [-45.07281103, -22.54497962], [-45.07279047, -22.54501788], [-45.07276988, -22.54501788], [-45.07274932, -22.54507526], [-45.07274936, -22.54515175], [-45.07272878, -22.54515176], [-45.0727082, -22.54517088], [-45.07268763, -22.54519002], [-45.0726465, -22.54526652], [-45.07262592, -22.54528565], [-45.07262593, -22.54530478], [-45.07260536, -22.54532391], [-45.07256418, -22.54532393], [-45.07256419, -22.54534305], [-45.07254361, -22.54534306], [-45.07254362, -22.54536218], [-45.07252304, -22.54538131], [-45.07252305, -22.54540043], [-45.07250246, -22.54540044], [-45.07250247, -22.54541956], [-45.07248189, -22.54541957], [-45.07246131, -22.54543871], [-45.07244074, -22.54545783], [-45.07242017, -22.54547697], [-45.0723996, -22.54551522], [-45.07237901, -22.54551523], [-45.07235844, -22.54553436], [-45.07233785, -22.54553437], [-45.07231728, -22.54557262], [-45.07229671, -22.54559175], [-45.07227614, -22.54563], [-45.07225556, -22.54564914], [-45.0722144, -22.54566828], [-45.07219383, -22.54568741], [-45.07215266, -22.54568743], [-45.07213208, -22.54570656], [-45.07209092, -22.5457257], [-45.07209093, -22.54574482], [-45.07207036, -22.54578308], [-45.0720498, -22.54582133], [-45.07200863, -22.54584047], [-45.07194689, -22.54587874], [-45.07192631, -22.54587875], [-45.07190574, -22.54589788], [-45.07186457, -22.5458979], [-45.0718234, -22.54591704], [-45.07180284, -22.54595529], [-45.07178225, -22.5459553], [-45.07176167, -22.54597443], [-45.0717205, -22.54597445], [-45.07165875, -22.5459936], [-45.07163817, -22.54601273], [-45.07159702, -22.54603187], [-45.07157644, -22.546051], [-45.07155587, -22.54607014], [-45.07153529, -22.54608926], [-45.07151471, -22.54610839], [-45.07149414, -22.54612753], [-45.07145297, -22.54614666], [-45.07145298, -22.54616579], [-45.07143239, -22.5461658], [-45.0714324, -22.54618492], [-45.07141184, -22.54622317], [-45.07139126, -22.54624231], [-45.07137067, -22.54624231], [-45.0713501, -22.54626144], [-45.07135011, -22.54628056], [-45.07132953, -22.5462997], [-45.07130895, -22.54631882], [-45.07128838, -22.54633796], [-45.07124724, -22.54639534], [-45.0712061, -22.54645272], [-45.07118552, -22.54647186], [-45.07114435, -22.54647188], [-45.07114436, -22.54649099], [-45.07112378, -22.54651013], [-45.07110321, -22.54652926], [-45.07110322, -22.54654839], [-45.07108264, -22.54656751], [-45.07106207, -22.54660577], [-45.0710209, -22.54660579], [-45.07100032, -22.54662491], [-45.07100033, -22.54664404], [-45.07095917, -22.54666317], [-45.07095918, -22.5466823], [-45.0709386, -22.54670143], [-45.07091803, -22.54672056], [-45.07089745, -22.54673969], [-45.07087687, -22.54675882], [-45.0708563, -22.54677795], [-45.07083572, -22.54679708], [-45.07083573, -22.54681621], [-45.07081515, -22.54683534], [-45.07081516, -22.54685446], [-45.0707946, -22.54689272], [-45.07079461, -22.54691183], [-45.07077404, -22.54695009], [-45.07077405, -22.54696921], [-45.07075348, -22.54700746], [-45.07074216, -22.54700747], [-45.07074217, -22.54701129], [-45.07073599, -22.54701703], [-45.070736, -22.5470285], [-45.07072983, -22.54703998], [-45.07072983, -22.54705145], [-45.07072366, -22.54705719], [-45.07072367, -22.54706867], [-45.07071749, -22.54706867], [-45.07071749, -22.5470744], [-45.07070514, -22.54707441], [-45.07070515, -22.54709162], [-45.07069898, -22.54709162], [-45.07069898, -22.54709736], [-45.07068663, -22.54709736], [-45.07068663, -22.54710884], [-45.07067428, -22.54710884], [-45.07067428, -22.54711458], [-45.07066811, -22.54711458], [-45.07066811, -22.54712032], [-45.07066194, -22.54712606], [-45.07066194, -22.54713179], [-45.07065576, -22.5471318], [-45.07064959, -22.54713754], [-45.07064342, -22.54714328], [-45.07064342, -22.54714901], [-45.07063725, -22.54715475], [-45.07063725, -22.54716049], [-45.07063108, -22.54716049], [-45.07063108, -22.54716623], [-45.07062491, -22.54717197], [-45.07062491, -22.54718344], [-45.07061256, -22.54718345], [-45.07061256, -22.54718918], [-45.07060021, -22.54718919], [-45.07059404, -22.54719493], [-45.07056934, -22.54719494], [-45.07056316, -22.54720068], [-45.07053228, -22.54720069], [-45.07053229, -22.54720643], [-45.07052611, -22.54721217], [-45.07050141, -22.54721218], [-45.07050141, -22.54721791], [-45.07049524, -22.54721792], [-45.07048906, -22.54722366], [-45.07041495, -22.54722369], [-45.07040878, -22.54721795], [-45.07039642, -22.54721222], [-45.07038407, -22.54721223], [-45.0703779, -22.54721797], [-45.07036554, -22.54721797], [-45.07035937, -22.54721224], [-45.07035319, -22.54721224], [-45.07034701, -22.54720651], [-45.07034083, -22.54720077], [-45.07030378, -22.54720079], [-45.0702976, -22.54719506], [-45.07029142, -22.54718932], [-45.07028524, -22.54718359], [-45.07025436, -22.5471836], [-45.07024818, -22.54717787], [-45.0700135, -22.54717797], [-45.07000733, -22.54718371], [-45.06993322, -22.54718374], [-45.06992704, -22.54717801], [-45.06992087, -22.54717801], [-45.06991469, -22.54717228], [-45.0698344, -22.54717231], [-45.06982823, -22.54717805], [-45.0698097, -22.54717806], [-45.06980353, -22.5471838], [-45.06979735, -22.54718954], [-45.06979118, -22.54719528], [-45.06978501, -22.54720102], [-45.06977883, -22.54720102], [-45.06976648, -22.54720676], [-45.0697109, -22.54720678], [-45.06969238, -22.54721253], [-45.06967385, -22.54721827], [-45.0696615, -22.54722402], [-45.06964915, -22.54722976], [-45.06963681, -22.5472355], [-45.06963063, -22.5472355], [-45.06961828, -22.54724124], [-45.06960593, -22.54724699], [-45.06960594, -22.54725272], [-45.06959976, -22.54725273], [-45.06959359, -22.54725846], [-45.06958741, -22.54725847], [-45.06958124, -22.54726421], [-45.06957506, -22.54726995], [-45.06955654, -22.54726995], [-45.06955036, -22.54727569], [-45.06954419, -22.5472757], [-45.06953802, -22.54728143], [-45.06953184, -22.54728717], [-45.06952567, -22.54729865], [-45.0695195, -22.54729865], [-45.06951332, -22.54730439], [-45.06950715, -22.54731013], [-45.06950715, -22.54731587], [-45.0694948, -22.54732161], [-45.06948863, -22.54732161], [-45.06948246, -22.54732735], [-45.06947628, -22.54732735], [-45.06946393, -22.5473331], [-45.06946393, -22.54733883], [-45.06945776, -22.54733884], [-45.06945159, -22.54734457], [-45.06944541, -22.54735031], [-45.06943924, -22.54735032], [-45.06943306, -22.54735606], [-45.06941454, -22.5473618], [-45.06939601, -22.54736754], [-45.06937749, -22.54737329], [-45.06932808, -22.54737331], [-45.06931573, -22.54737905], [-45.06930956, -22.54737905], [-45.06929721, -22.5473848], [-45.06929103, -22.5473848], [-45.06928486, -22.54739054], [-45.06927869, -22.54739054], [-45.06927251, -22.54739628], [-45.06925398, -22.54739629], [-45.06924781, -22.54740203], [-45.06923546, -22.54740203], [-45.06922311, -22.54740777], [-45.06921694, -22.54740778], [-45.06921076, -22.54741352], [-45.06920459, -22.54741926], [-45.06918606, -22.547425], [-45.06917989, -22.54743074], [-45.06916136, -22.54743075], [-45.06914902, -22.54743649], [-45.06905638, -22.54743653], [-45.0690502, -22.54744227], [-45.06901315, -22.54744228], [-45.06900698, -22.54744802], [-45.06892669, -22.54744806], [-45.06891434, -22.54744233], [-45.06875376, -22.5474424], [-45.06875377, -22.54744813], [-45.06867966, -22.54744816], [-45.06867348, -22.5474539], [-45.06866113, -22.54745391], [-45.06865496, -22.54745965], [-45.06854997, -22.54745969], [-45.06853762, -22.54745396], [-45.06843263, -22.54745401], [-45.06842645, -22.54745974], [-45.06835234, -22.54745978], [-45.06833999, -22.54744831], [-45.06832763, -22.54743684], [-45.06832145, -22.54743111], [-45.06831527, -22.54743111], [-45.0683091, -22.54742538], [-45.06829674, -22.54741964], [-45.06829057, -22.54741965], [-45.06827204, -22.54741392], [-45.06826586, -22.54740818], [-45.06825968, -22.54740245], [-45.06824732, -22.54739098], [-45.06818556, -22.54739101], [-45.06817938, -22.54738527], [-45.0681732, -22.54737954], [-45.06816703, -22.54737954], [-45.06815467, -22.54737381], [-45.06814232, -22.54737382], [-45.06813615, -22.54737956], [-45.06808674, -22.54737958], [-45.06807439, -22.54738532], [-45.06806205, -22.54739106], [-45.0680497, -22.5473968], [-45.06801882, -22.54739682], [-45.06800647, -22.54740256], [-45.06796941, -22.54740257], [-45.06795088, -22.54739684], [-45.06794471, -22.54739685], [-45.06793853, -22.54739111], [-45.06788295, -22.54739114], [-45.06786441, -22.54737967], [-45.06785824, -22.54737967], [-45.06784588, -22.54737394], [-45.0678397, -22.54736821], [-45.06780265, -22.54736822], [-45.06779647, -22.54736249], [-45.06778412, -22.54735676], [-45.06777176, -22.54734529], [-45.06756178, -22.54734538], [-45.0675556, -22.54733965], [-45.06750002, -22.54733967], [-45.06750002, -22.54733393], [-45.06748766, -22.5473282], [-45.06740737, -22.54732823], [-45.06740119, -22.5473225], [-45.06739501, -22.5473225], [-45.06738883, -22.54731677], [-45.06735795, -22.54731678], [-45.0673456, -22.54731105], [-45.06727767, -22.54731108], [-45.06727149, -22.54731682], [-45.06725297, -22.54731683], [-45.06724679, -22.54732256], [-45.06723444, -22.54732257], [-45.06722827, -22.54732831], [-45.06721592, -22.54733405], [-45.06721592, -22.54733979], [-45.06719739, -22.5473398], [-45.06719122, -22.54734553], [-45.06718504, -22.54734554], [-45.06718505, -22.54735127], [-45.06717887, -22.54735701], [-45.0671727, -22.54735702], [-45.0671727, -22.54736275], [-45.06716653, -22.54736849], [-45.06714183, -22.5473685], [-45.06713565, -22.54737424], [-45.06712948, -22.54737998], [-45.0671233, -22.54737998], [-45.06711713, -22.54738572], [-45.06711096, -22.54739146], [-45.06711096, -22.5473972], [-45.06710478, -22.5473972], [-45.06710479, -22.54740867], [-45.06709862, -22.54741441], [-45.06709863, -22.54743736], [-45.06709245, -22.5474431], [-45.06709246, -22.54744883], [-45.06708628, -22.54745457], [-45.06708011, -22.54746031], [-45.06708015, -22.54754062], [-45.06707398, -22.54755784], [-45.06706781, -22.54756931], [-45.06706793, -22.54782172], [-45.06706176, -22.54782172], [-45.06705559, -22.5478332], [-45.06704942, -22.54784467], [-45.06704942, -22.54785615], [-45.06704325, -22.54786762], [-45.06704326, -22.54788483], [-45.06703709, -22.54789631], [-45.06702474, -22.54790779], [-45.06701857, -22.54791926], [-45.0670124, -22.547925], [-45.06700623, -22.54793074], [-45.06700006, -22.54794222], [-45.06700006, -22.54794795], [-45.06699388, -22.54794796], [-45.06699389, -22.54795369], [-45.06698771, -22.54795943], [-45.06698154, -22.54796517], [-45.06697537, -22.54797665], [-45.06697538, -22.54798812], [-45.0669692, -22.54799386], [-45.06696921, -22.54799959], [-45.06696303, -22.54800533], [-45.06695687, -22.54802255], [-45.0669507, -22.54803402], [-45.06694452, -22.5480455], [-45.06693835, -22.54805124], [-45.06692601, -22.54806845], [-45.06691366, -22.54807993], [-45.06691366, -22.54808567], [-45.06690132, -22.54810288], [-45.06689515, -22.54810862], [-45.06688898, -22.54811436], [-45.0668828, -22.5481201], [-45.06687663, -22.54812584], [-45.06687045, -22.54812584], [-45.0668581, -22.54813158], [-45.06684576, -22.54814306], [-45.06683958, -22.5481488], [-45.06683341, -22.54815454], [-45.06682724, -22.54816028], [-45.06682107, -22.54816602], [-45.0668149, -22.54817749], [-45.06680872, -22.54818323], [-45.06680255, -22.54818897], [-45.06680255, -22.54819471], [-45.06679021, -22.54820619], [-45.06679021, -22.54821192], [-45.06678404, -22.54821766], [-45.06678404, -22.5482234], [-45.06677169, -22.54823488], [-45.06676552, -22.54824062], [-45.06675934, -22.54824062], [-45.06674699, -22.54824636], [-45.06673464, -22.5482521], [-45.0667223, -22.54825784], [-45.06671612, -22.54825785], [-45.06671612, -22.54826358], [-45.06670377, -22.54826932], [-45.0666976, -22.54827506], [-45.0666976, -22.5482808], [-45.06669143, -22.5482808], [-45.06668525, -22.54828654], [-45.06668526, -22.54829228], [-45.06667908, -22.54829802], [-45.06667291, -22.54829802], [-45.06667291, -22.54830949], [-45.06666674, -22.54830949], [-45.06666674, -22.54831523], [-45.06666056, -22.54831523], [-45.06666057, -22.54832671], [-45.06665439, -22.54832671], [-45.0666544, -22.54832862], [-45.0666369, -22.54832863], [-45.06663691, -22.54834776], [-45.06661634, -22.54836688], [-45.06661635, -22.54838601], [-45.06659577, -22.54840514], [-45.06659578, -22.54842426], [-45.06657519, -22.54844339], [-45.0665752, -22.54846251], [-45.06655461, -22.54846252], [-45.06655462, -22.54848164], [-45.06653405, -22.54850077], [-45.06651347, -22.5485199], [-45.06651348, -22.54853902], [-45.0664929, -22.54855815], [-45.06649291, -22.54857728], [-45.06647233, -22.54857729], [-45.06645175, -22.54859641], [-45.06643116, -22.54859642], [-45.06641059, -22.54861555], [-45.0664106, -22.54863468], [-45.06639001, -22.54863469], [-45.06639002, -22.5486538], [-45.06636943, -22.54865381], [-45.06636944, -22.54867294], [-45.06634887, -22.54869207], [-45.06632829, -22.54871119], [-45.0663077, -22.5487112], [-45.06628713, -22.54873034], [-45.06626654, -22.54873034], [-45.06626655, -22.54874947], [-45.06624596, -22.54874948], [-45.06624597, -22.54876859], [-45.06622539, -22.5487686], [-45.06620481, -22.54878774], [-45.06618423, -22.54880687], [-45.06616365, -22.54882599], [-45.06614307, -22.548826], [-45.06614307, -22.54884513], [-45.06612249, -22.54886426], [-45.06610192, -22.54888338], [-45.06610193, -22.54890251], [-45.06608134, -22.54890252], [-45.06608135, -22.54892164], [-45.06606077, -22.54894077], [-45.06601961, -22.54895991], [-45.06599904, -22.54899816], [-45.06597846, -22.54899817], [-45.06597847, -22.54901729], [-45.06595789, -22.54903642], [-45.0659579, -22.54905554], [-45.06593732, -22.54907467], [-45.06593733, -22.54911291], [-45.06591675, -22.54911292], [-45.06589617, -22.54913206], [-45.06587559, -22.54915119], [-45.0658756, -22.5491703], [-45.06585502, -22.54917031], [-45.06585503, -22.54918944], [-45.06583445, -22.54920857], [-45.06581387, -22.5492277], [-45.0657933, -22.54924683], [-45.06577271, -22.54924684], [-45.06575213, -22.54926597], [-45.06573155, -22.54926598], [-45.06573156, -22.54928509], [-45.06571097, -22.5492851], [-45.06569039, -22.54930424], [-45.0656904, -22.54932336], [-45.06566983, -22.54934249], [-45.06564926, -22.54938074], [-45.06562867, -22.54939987], [-45.06562869, -22.54943812], [-45.06560812, -22.54945724], [-45.06558754, -22.54947638], [-45.06558759, -22.54957198], [-45.06560818, -22.54957197], [-45.06562877, -22.54959109], [-45.06566994, -22.54959107], [-45.06569052, -22.54957194], [-45.0656905, -22.5495337], [-45.06571108, -22.54951457], [-45.06575224, -22.54949543], [-45.06577282, -22.5494763], [-45.06581399, -22.54947628], [-45.06581398, -22.54945716], [-45.06583456, -22.54943803], [-45.06585514, -22.5494189], [-45.06587572, -22.54941889], [-45.0658963, -22.54939976], [-45.06591689, -22.54939975], [-45.06593746, -22.54938063], [-45.06593745, -22.5493615], [-45.06595803, -22.54934237], [-45.06597861, -22.54932324], [-45.06599919, -22.54932324], [-45.06601977, -22.5493041], [-45.06604036, -22.54930409], [-45.06604036, -22.54928497], [-45.06606094, -22.54928496], [-45.06606093, -22.54926584], [-45.06608152, -22.54926584], [-45.06608151, -22.54924671], [-45.0661021, -22.5492467], [-45.06612267, -22.54922757], [-45.06616385, -22.54922755], [-45.06618442, -22.54920843], [-45.06620501, -22.54920842], [-45.066205, -22.54918929], [-45.06622558, -22.54917016], [-45.06624615, -22.54915104], [-45.06626673, -22.5491319], [-45.06630789, -22.54911276], [-45.06632848, -22.54911275], [-45.06634906, -22.54909363], [-45.06636963, -22.5490745], [-45.06641081, -22.54907448], [-45.06643138, -22.54905534], [-45.06645196, -22.54903622], [-45.06647253, -22.54899796], [-45.0664931, -22.54897884], [-45.06653428, -22.54897882], [-45.06657544, -22.54895968], [-45.0666372, -22.54895965], [-45.06665778, -22.54894052], [-45.06667836, -22.5489214], [-45.06667835, -22.54890227], [-45.06669893, -22.54890226], [-45.0667401, -22.54888312], [-45.06676067, -22.548864], [-45.06678125, -22.54884486], [-45.06680184, -22.54884485], [-45.06680183, -22.54882573], [-45.06688417, -22.54882569], [-45.06690475, -22.54880657], [-45.06692534, -22.54880656], [-45.06692533, -22.54878744], [-45.06696649, -22.5487683], [-45.06702825, -22.54876827], [-45.06704883, -22.54874914], [-45.0670694, -22.54873001], [-45.06708999, -22.54873], [-45.06711057, -22.54871087], [-45.06713114, -22.54869174], [-45.06715172, -22.54867261], [-45.06717231, -22.5486726], [-45.06719288, -22.54865347], [-45.06723406, -22.54865345], [-45.06723405, -22.54863434], [-45.06725463, -22.54863433], [-45.06725463, -22.5486152], [-45.06727521, -22.54859607], [-45.06729579, -22.54859606], [-45.06733696, -22.54857693], [-45.06735754, -22.54855779], [-45.06737811, -22.54853866], [-45.06737809, -22.54850042], [-45.06739867, -22.54848129], [-45.06743984, -22.54848127], [-45.06746042, -22.54846214], [-45.06746041, -22.54844302], [-45.06748098, -22.54840477], [-45.06750155, -22.54838564], [-45.06754273, -22.54838562], [-45.06754272, -22.54836649], [-45.06756328, -22.54832825], [-45.06756327, -22.54830912], [-45.06762503, -22.54830909], [-45.0676662, -22.54828995], [-45.06768677, -22.54827083], [-45.06770736, -22.54827082], [-45.06772794, -22.54825169], [-45.06776911, -22.54825167], [-45.06778969, -22.54823254], [-45.06783086, -22.54823253], [-45.06787202, -22.54821338], [-45.06787201, -22.54819426], [-45.06795436, -22.54819422], [-45.06799552, -22.54817508], [-45.06802743, -22.54817507], [-45.06803155, -22.54817125], [-45.06803772, -22.54817124], [-45.0680439, -22.5481655], [-45.06805007, -22.54815976], [-45.06805625, -22.54815976], [-45.06806242, -22.54815402], [-45.06807477, -22.54814828], [-45.06808712, -22.54814254], [-45.06809329, -22.5481368], [-45.06809947, -22.5481368], [-45.06811182, -22.54813106], [-45.06812416, -22.54811958], [-45.06813651, -22.5481081], [-45.06814886, -22.54810236], [-45.06816121, -22.54809662], [-45.06817355, -22.54809087], [-45.06819208, -22.54808513], [-45.06819825, -22.54807939], [-45.06820443, -22.54807365], [-45.0682106, -22.54806791], [-45.06822294, -22.54805643], [-45.06823529, -22.54805069], [-45.06824764, -22.54805069], [-45.06825999, -22.54804494], [-45.06825999, -22.54803921], [-45.06827234, -22.54803347], [-45.06827851, -22.54802773], [-45.06828469, -22.54802199], [-45.06828468, -22.54801625], [-45.06830321, -22.54801051], [-45.06831556, -22.5480105], [-45.06832791, -22.54800476], [-45.06834026, -22.54800475], [-45.06834643, -22.54799902], [-45.06835261, -22.54799328], [-45.06836496, -22.54798753], [-45.06837113, -22.5479818], [-45.06838348, -22.54798179], [-45.06839583, -22.54797605], [-45.068402, -22.54797605], [-45.06840818, -22.54797031], [-45.06841435, -22.5479703], [-45.06842053, -22.54796456], [-45.0684267, -22.54795309], [-45.06843287, -22.54794735], [-45.06843904, -22.54794161], [-45.06844522, -22.54793587], [-45.06845139, -22.54793587], [-45.06846374, -22.54793013], [-45.06847609, -22.54792439], [-45.06849462, -22.54792438], [-45.06850697, -22.54791864], [-45.06853785, -22.54791862], [-45.06854402, -22.54792436], [-45.0685502, -22.54792435], [-45.06856255, -22.54793008], [-45.06861814, -22.54793006], [-45.06863667, -22.54793579], [-45.0686552, -22.54793578], [-45.06866755, -22.54794725], [-45.06867373, -22.54795298], [-45.06867991, -22.54796445], [-45.06868609, -22.54797592], [-45.06869227, -22.54798166], [-45.06870463, -22.54799313], [-45.06871081, -22.54799886], [-45.06871699, -22.54801607], [-45.06872935, -22.54803327], [-45.06873554, -22.54804474], [-45.0687479, -22.54806195], [-45.06875408, -22.54807342], [-45.06876026, -22.54807915], [-45.06876026, -22.54808489], [-45.06876644, -22.54809062], [-45.06876644, -22.54809636], [-45.06877262, -22.54811357], [-45.0687788, -22.5481193], [-45.06878498, -22.54812503], [-45.06879116, -22.54813077], [-45.06879734, -22.5481365], [-45.06879734, -22.54814224], [-45.06880352, -22.54814223], [-45.0688097, -22.54814797], [-45.06881587, -22.54814797], [-45.06882205, -22.54815944], [-45.06882206, -22.54816517], [-45.06883441, -22.54817664], [-45.06884677, -22.54818811], [-45.06884677, -22.54819385], [-45.06885295, -22.54819958], [-45.06886531, -22.54819957], [-45.06886531, -22.54820531], [-45.06888384, -22.5482053], [-45.06888384, -22.54821104], [-45.06889002, -22.54821677], [-45.06889619, -22.54821677], [-45.06890237, -22.5482225], [-45.06890855, -22.54822824], [-45.0689209, -22.54822823], [-45.06893326, -22.54823396], [-45.06896414, -22.54823395], [-45.06897649, -22.54823968], [-45.06903825, -22.54823966], [-45.06904443, -22.54824539], [-45.06905061, -22.54825112], [-45.06906296, -22.54825685], [-45.06906914, -22.54825685], [-45.06907532, -22.54826259], [-45.06908767, -22.54826258], [-45.06910002, -22.54826831], [-45.06911238, -22.54827404], [-45.06911855, -22.54827404], [-45.06912473, -22.54827977], [-45.06912473, -22.54828551], [-45.06913091, -22.54828551], [-45.06913709, -22.54829124], [-45.06917414, -22.54829123], [-45.06918032, -22.54829696], [-45.0691865, -22.54830269], [-45.06921738, -22.54830268], [-45.06922974, -22.54830841], [-45.06922974, -22.54831415], [-45.06923591, -22.54831415], [-45.06924827, -22.54831988], [-45.06925445, -22.54831987], [-45.06925445, -22.54832561], [-45.06926062, -22.54832561], [-45.0692668, -22.54833134], [-45.06926681, -22.54833708], [-45.06927298, -22.54834281], [-45.06928534, -22.54834281], [-45.06929152, -22.54834854], [-45.06929769, -22.54835428], [-45.06930387, -22.54836001], [-45.06930388, -22.54836575], [-45.06931005, -22.54837148], [-45.06931623, -22.54837721], [-45.06932241, -22.54838295], [-45.06932859, -22.54838868], [-45.06932859, -22.54839442], [-45.06933477, -22.54839442], [-45.06934095, -22.54840589], [-45.06934713, -22.54840588], [-45.06935331, -22.54841162], [-45.06935948, -22.54841735], [-45.06937184, -22.54842308], [-45.06937802, -22.54842882], [-45.06937802, -22.54843455], [-45.0693842, -22.54843455], [-45.0693842, -22.54844029], [-45.06939037, -22.54844028], [-45.06939656, -22.54845175], [-45.06940274, -22.54845749], [-45.06940274, -22.54846322], [-45.06940892, -22.54846896], [-45.0694151, -22.54847469], [-45.06942128, -22.54848616], [-45.06942746, -22.5484919], [-45.06943363, -22.54849763], [-45.06943981, -22.54850336], [-45.069446, -22.54851484], [-45.06945217, -22.54852057], [-45.06945218, -22.54852631], [-45.06945836, -22.54853204], [-45.06946454, -22.54854351], [-45.06946454, -22.54854925], [-45.06947072, -22.54854924], [-45.0694769, -22.54856071], [-45.06948308, -22.54856645], [-45.06948926, -22.54857792], [-45.06949544, -22.54858365], [-45.06950162, -22.54858939], [-45.06950162, -22.54859512], [-45.0695078, -22.54860659], [-45.06951398, -22.54861233], [-45.06953251, -22.54861232], [-45.06954486, -22.54861805], [-45.06955104, -22.54861805], [-45.06955722, -22.54862378], [-45.06956339, -22.54862952], [-45.06957575, -22.54863525], [-45.0695881, -22.54864098], [-45.06960046, -22.54864097], [-45.06961281, -22.5486467], [-45.06961899, -22.54865244], [-45.06962516, -22.54865244], [-45.06963752, -22.54865817], [-45.06964987, -22.54865816], [-45.06965605, -22.54866389], [-45.0696684, -22.54866963], [-45.06967458, -22.54867536], [-45.06968076, -22.54867536], [-45.06968694, -22.54868109], [-45.06970547, -22.54868108], [-45.06971164, -22.54868682], [-45.06971782, -22.54868681], [-45.06971782, -22.54869255], [-45.06974253, -22.54869254], [-45.06976106, -22.54869827], [-45.06976724, -22.548704], [-45.06977342, -22.54870974], [-45.06984135, -22.54870971], [-45.06984753, -22.54871544], [-45.06988458, -22.54871542], [-45.06989076, -22.54872116], [-45.06992782, -22.54872114], [-45.06992782, -22.54872688], [-45.06994017, -22.54872687], [-45.06994635, -22.54873261], [-45.07001429, -22.54873258], [-45.07002047, -22.54873831], [-45.07002664, -22.54873831], [-45.070039, -22.54874978], [-45.07005136, -22.54876124], [-45.07005754, -22.54876698], [-45.07008841, -22.54876697], [-45.07008842, -22.5487727], [-45.07010077, -22.54877843], [-45.07010695, -22.54878417], [-45.07011313, -22.54878416], [-45.07011931, -22.5487899], [-45.07012548, -22.5487899], [-45.07013166, -22.54879563], [-45.07014401, -22.54879562], [-45.07015637, -22.54880135], [-45.07015637, -22.54880709], [-45.07016255, -22.54880709], [-45.07016872, -22.54881282], [-45.0701749, -22.54881856], [-45.07018726, -22.54881855], [-45.07019343, -22.54882428], [-45.07020579, -22.54882428], [-45.07022432, -22.54883574], [-45.0702305, -22.54883574], [-45.07024285, -22.54884721], [-45.07024903, -22.54885294], [-45.07025521, -22.54885868], [-45.07026756, -22.54885867], [-45.07027374, -22.54886441], [-45.0702861, -22.54887587], [-45.07029228, -22.54888161], [-45.07029846, -22.54888734], [-45.07031081, -22.54889307], [-45.07031699, -22.54889881], [-45.07032317, -22.54890454], [-45.07032934, -22.54890454], [-45.07032935, -22.54891027], [-45.0703417, -22.54891601], [-45.07034788, -22.548916], [-45.07035406, -22.54892174], [-45.07036023, -22.54892173], [-45.07036641, -22.54892747], [-45.07039112, -22.54892746], [-45.07040347, -22.54893319], [-45.07041582, -22.54893318], [-45.070422, -22.54893892], [-45.07043436, -22.54894465], [-45.07044053, -22.54895038], [-45.07045907, -22.54896185], [-45.0704776, -22.54897331], [-45.07048378, -22.54897905], [-45.07050848, -22.54897903], [-45.07051466, -22.54898477], [-45.07052084, -22.54898477], [-45.07052702, -22.5489905], [-45.07052702, -22.54899624], [-45.07053937, -22.54900197], [-45.07054555, -22.5490077], [-45.07055173, -22.5490077], [-45.07055791, -22.54901343], [-45.07057026, -22.54901343], [-45.07058261, -22.54901916], [-45.07058879, -22.54902489], [-45.07060115, -22.54903636], [-45.07060733, -22.54903636], [-45.07061968, -22.54904209], [-45.07062586, -22.54905356], [-45.07063204, -22.54905929], [-45.07063822, -22.54906503], [-45.0706444, -22.54907076], [-45.07065058, -22.54907649], [-45.07065676, -22.54908796], [-45.07066912, -22.54909369], [-45.07067529, -22.54909943], [-45.0706753, -22.54910517], [-45.07068148, -22.5491109], [-45.07068766, -22.54911663], [-45.07070002, -22.54913384], [-45.07070619, -22.54913957], [-45.07071238, -22.54915678], [-45.07071856, -22.54916251], [-45.07072474, -22.54917398], [-45.07072474, -22.54917972], [-45.07073092, -22.54918545], [-45.0707371, -22.54919692], [-45.07074946, -22.54920839], [-45.07075564, -22.54921412], [-45.070768, -22.54923133], [-45.07076801, -22.5492428], [-45.07077419, -22.54924854], [-45.07078037, -22.54926574], [-45.07078655, -22.54928295], [-45.07078656, -22.54928869], [-45.07079274, -22.54930589], [-45.0708051, -22.54931736], [-45.07081128, -22.54932883], [-45.07082364, -22.54934604], [-45.07082365, -22.54935751], [-45.07082983, -22.54936324], [-45.07082983, -22.54937472], [-45.07083601, -22.54938045], [-45.07083601, -22.54938619], [-45.0708422, -22.54939766], [-45.07084221, -22.54941488], [-45.07084839, -22.54942634], [-45.07084841, -22.54947223], [-45.07085459, -22.54948371], [-45.07085462, -22.54953534], [-45.0708608, -22.5495468], [-45.07086084, -22.54962137], [-45.07086702, -22.54963858], [-45.07087321, -22.5496558], [-45.07087939, -22.54967299], [-45.07087945, -22.54979347], [-45.07087329, -22.54981641], [-45.0708733, -22.54983937], [-45.07086713, -22.54984511], [-45.07086714, -22.54986805], [-45.07086097, -22.54988526], [-45.07085481, -22.54990248], [-45.07085481, -22.54991969], [-45.07084865, -22.5499369], [-45.07084869, -22.55001147], [-45.07084252, -22.55002869], [-45.07084253, -22.5500459], [-45.07083636, -22.55005737], [-45.07083646, -22.55025242], [-45.07083029, -22.55026389], [-45.07083029, -22.55027536], [-45.07082412, -22.55028684], [-45.07082415, -22.55034421], [-45.07081799, -22.55036715], [-45.07081181, -22.55037289], [-45.07081183, -22.55039584], [-45.07080772, -22.55041114], [-45.07081698, -22.55041113], [-45.07083758, -22.55043025], [-45.07085818, -22.55044935], [-45.07089935, -22.55044934], [-45.07091995, -22.55046845], [-45.07096112, -22.55046843], [-45.07098172, -22.55048755], [-45.07100231, -22.55050666], [-45.0710435, -22.55052576], [-45.07112584, -22.55052573], [-45.07116703, -22.55054483], [-45.07118761, -22.55054482], [-45.07118762, -22.55056394], [-45.0712288, -22.55056392], [-45.07124939, -22.55058304], [-45.07126997, -22.55058303], [-45.07129057, -22.55060214], [-45.07131115, -22.55060214], [-45.07133175, -22.55062124], [-45.07135235, -22.55064036], [-45.07137294, -22.55065947], [-45.07139355, -22.55069771], [-45.07139356, -22.55071683], [-45.07141416, -22.55073594], [-45.07141417, -22.55075506], [-45.07143476, -22.55077418], [-45.07145536, -22.55079328], [-45.07145537, -22.55081241], [-45.07147597, -22.55083152], [-45.07147598, -22.55085064], [-45.07149659, -22.55088888], [-45.07151719, -22.55092711], [-45.07153779, -22.55094623], [-45.07155839, -22.55096534], [-45.0715584, -22.55098446], [-45.07157898, -22.55098445], [-45.07157908, -22.55117567], [-45.07159968, -22.55119479], [-45.07162028, -22.55121389], [-45.07164087, -22.55123301], [-45.07166147, -22.55125212], [-45.07168207, -22.55127123], [-45.07168208, -22.55129036], [-45.07170267, -22.55130947], [-45.07172327, -22.55132858], [-45.07174387, -22.5513477], [-45.07176446, -22.55136681], [-45.07176447, -22.55138593], [-45.07178506, -22.55138592], [-45.07180566, -22.55140503], [-45.07180567, -22.55142416], [-45.07182627, -22.55146239], [-45.07182633, -22.55157712], [-45.07184694, -22.55161535], [-45.07184708, -22.55188306], [-45.0718265, -22.55190219], [-45.07182652, -22.55194044], [-45.07180595, -22.55195956], [-45.07180596, -22.55197869], [-45.07178537, -22.5519787], [-45.07178537, -22.55199782], [-45.07176479, -22.55201695], [-45.07174422, -22.55203608], [-45.07172364, -22.55205522], [-45.07170306, -22.55207434], [-45.07170307, -22.55209347], [-45.07168249, -22.55209348], [-45.07166191, -22.55211261], [-45.07164132, -22.55211262], [-45.07160016, -22.55213175], [-45.07157958, -22.55215089], [-45.071559, -22.5521509], [-45.07153842, -22.55217003], [-45.07149725, -22.55217005], [-45.07147667, -22.55218917], [-45.07145608, -22.55218918], [-45.0714355, -22.55220832], [-45.07141493, -22.55222745], [-45.07118847, -22.55222755], [-45.07118846, -22.55220843], [-45.07114729, -22.55220844], [-45.07114728, -22.55218932], [-45.07112669, -22.55218933], [-45.07112668, -22.55217021], [-45.07110608, -22.55213197], [-45.07108547, -22.55209374], [-45.07108546, -22.55207462], [-45.07106486, -22.55205551], [-45.07106483, -22.55199814], [-45.07104423, -22.5519599], [-45.07104422, -22.55194079], [-45.07102361, -22.55190255], [-45.07102353, -22.55174957], [-45.07100293, -22.55173046], [-45.07098234, -22.55171135], [-45.07098233, -22.55169223], [-45.07096173, -22.55167311], [-45.07094113, -22.551654], [-45.07094112, -22.55163488], [-45.07092053, -22.55161576], [-45.07092052, -22.55159665], [-45.07089992, -22.55157753], [-45.07087932, -22.55155842], [-45.07087931, -22.5515393], [-45.07085873, -22.55153931], [-45.07085871, -22.55150106], [-45.07083812, -22.55148195], [-45.07083811, -22.55146283], [-45.07081751, -22.55144371], [-45.07079693, -22.55144372], [-45.07077633, -22.55142461], [-45.07077632, -22.55140549], [-45.07073515, -22.55140551], [-45.07071455, -22.55138639], [-45.07069396, -22.5513864], [-45.07065278, -22.5513673], [-45.07063218, -22.55134819], [-45.070591, -22.55132908], [-45.07054981, -22.55129086], [-45.07030277, -22.55129097], [-45.0702822, -22.55132922], [-45.07017927, -22.55132926], [-45.07017928, -22.55134839], [-45.0701587, -22.55136752], [-45.0701588, -22.55157786], [-45.0701794, -22.55159697], [-45.07019998, -22.55159696], [-45.07022058, -22.55161607], [-45.07024119, -22.55165431], [-45.07026177, -22.5516543], [-45.07028237, -22.55167341], [-45.07030298, -22.55171165], [-45.07032356, -22.55171164], [-45.07032357, -22.55173076], [-45.07034417, -22.55174987], [-45.07036477, -22.55176899], [-45.07040596, -22.55180721], [-45.07040597, -22.55182634], [-45.07042657, -22.55184544], [-45.07044716, -22.55186456], [-45.07046776, -22.55188368], [-45.07046777, -22.55190279], [-45.07048836, -22.55190278], [-45.07050895, -22.5519219], [-45.07052955, -22.55194101], [-45.07052956, -22.55196013], [-45.07055015, -22.55196012], [-45.07055035, -22.55236168], [-45.07052977, -22.55238081], [-45.07052979, -22.55241906], [-45.07050921, -22.55243819], [-45.07046804, -22.55243821], [-45.07042688, -22.55245735], [-45.07042689, -22.55247646], [-45.0704063, -22.55247647], [-45.07040634, -22.55255296], [-45.07038576, -22.5525721], [-45.07030342, -22.55257213], [-45.07030345, -22.55264862], [-45.07032404, -22.55266773], [-45.07034464, -22.55268685], [-45.07034465, -22.55270597], [-45.07036525, -22.55272508], [-45.07036527, -22.55276332], [-45.07038586, -22.55278244], [-45.07038587, -22.55280156], [-45.07040648, -22.55283979], [-45.07040649, -22.55285892], [-45.0704271, -22.55289715], [-45.0704272, -22.55308837], [-45.07044779, -22.55310749], [-45.07044781, -22.55314573], [-45.0704684, -22.55314572], [-45.07046844, -22.55322221], [-45.07048903, -22.5532222], [-45.07048904, -22.55324131], [-45.07050962, -22.55324131], [-45.07055081, -22.55326041], [-45.07067433, -22.55326036], [-45.0706949, -22.55324122], [-45.07071549, -22.55324122], [-45.07073607, -22.55322209], [-45.07075664, -22.55320296], [-45.07077721, -22.55316471], [-45.0707772, -22.55314558], [-45.07079778, -22.55312645], [-45.07079776, -22.55308821], [-45.07081834, -22.55306907], [-45.07083892, -22.55304995], [-45.07088009, -22.55304993], [-45.07090066, -22.55301167], [-45.07092124, -22.55299255], [-45.07092123, -22.55297342], [-45.07100357, -22.55297339], [-45.07102417, -22.5529925], [-45.07114769, -22.55299245], [-45.07114768, -22.55297332], [-45.07116827, -22.55297331], [-45.07120943, -22.55295417], [-45.07129178, -22.55295413], [-45.07131235, -22.55293501], [-45.07133294, -22.552935], [-45.07133293, -22.55291587], [-45.0713741, -22.55291586], [-45.07139468, -22.55289672], [-45.07143586, -22.5528967], [-45.07145644, -22.55287758], [-45.07147703, -22.55287757], [-45.07147696, -22.55274371], [-45.07149754, -22.55272458], [-45.07151812, -22.55272457], [-45.07151811, -22.55270545], [-45.0715387, -22.55270545], [-45.07155928, -22.55268631], [-45.07160044, -22.55266717], [-45.07162103, -22.55266716], [-45.0716416, -22.55264802], [-45.07166217, -22.55260977], [-45.07168274, -22.55257153], [-45.07168273, -22.5525524], [-45.0717033, -22.55253327], [-45.07170329, -22.55251415], [-45.07176505, -22.55251412], [-45.07176504, -22.552495], [-45.07180621, -22.55247585], [-45.07182679, -22.55247585], [-45.07182678, -22.55245673], [-45.07184737, -22.55245672], [-45.07188853, -22.55243758], [-45.07190911, -22.55241845], [-45.0719297, -22.55241844], [-45.07195027, -22.55239931], [-45.07197086, -22.5523993], [-45.07197085, -22.55238017], [-45.07199144, -22.55238017], [-45.07203261, -22.55236102], [-45.0720532, -22.55236101], [-45.07207377, -22.55234189], [-45.07211495, -22.55234187], [-45.07213552, -22.55232274], [-45.07225904, -22.55232268], [-45.07225903, -22.55230356], [-45.07227961, -22.55228443], [-45.07230019, -22.5522653], [-45.07232077, -22.55226529], [-45.07234135, -22.55224615], [-45.07236193, -22.55222703], [-45.0723825, -22.55220789], [-45.07240309, -22.55220788], [-45.07240308, -22.55218876], [-45.07242366, -22.55216963], [-45.07242365, -22.55215051], [-45.07244422, -22.55213138], [-45.07244419, -22.55207401], [-45.07246478, -22.552074], [-45.07246477, -22.55205488], [-45.07248534, -22.55201663], [-45.07250591, -22.5519975], [-45.07250589, -22.55195925], [-45.07252647, -22.55194013], [-45.07252631, -22.55163417], [-45.07254689, -22.55161504], [-45.07258806, -22.55161502], [-45.07260863, -22.55157677], [-45.07262921, -22.55157676], [-45.0726292, -22.55155764], [-45.07271155, -22.5515576], [-45.07273215, -22.55157671], [-45.07275273, -22.5515767], [-45.07277333, -22.55159582], [-45.07279393, -22.55161493], [-45.07285569, -22.5516149], [-45.07287626, -22.55159577], [-45.07289684, -22.55157664], [-45.07291743, -22.55157663], [-45.072938, -22.5515575], [-45.07299976, -22.55155747], [-45.07302034, -22.55153834], [-45.07304093, -22.55153833], [-45.0730615, -22.5515192], [-45.07306127, -22.55107939], [-45.07308185, -22.55106027], [-45.07308184, -22.55104114], [-45.07310242, -22.55102202], [-45.07312299, -22.55098376], [-45.07312298, -22.55096463], [-45.07314355, -22.55094551], [-45.07314353, -22.55090727], [-45.07316411, -22.55088813], [-45.07316408, -22.55083077], [-45.07318466, -22.55081163], [-45.07320524, -22.55081162], [-45.07320523, -22.5507925], [-45.07322582, -22.55079249], [-45.0732464, -22.55077336], [-45.07326698, -22.55077335], [-45.07326697, -22.55075423], [-45.07330814, -22.55073508], [-45.07330812, -22.55069684], [-45.07332868, -22.55065859], [-45.07332867, -22.55063947], [-45.07336984, -22.55062033], [-45.07339042, -22.55062032], [-45.073411, -22.55060119], [-45.07343158, -22.55058206], [-45.07347273, -22.5505438], [-45.07349332, -22.55054379], [-45.07355506, -22.55050551], [-45.07357563, -22.55048638], [-45.07359621, -22.55046725], [-45.07361678, -22.55044812], [-45.07363734, -22.55040987], [-45.07365792, -22.55039073], [-45.07369908, -22.5503716], [-45.07371966, -22.55035246], [-45.07371965, -22.55033334], [-45.07374024, -22.55033333], [-45.07376081, -22.5503142], [-45.07378139, -22.55029507], [-45.07421371, -22.55029487], [-45.0742755, -22.55035221], [-45.07431669, -22.55039043], [-45.0743167, -22.55040955], [-45.07435789, -22.55042866], [-45.07437848, -22.55044777], [-45.07439908, -22.55046688], [-45.07441968, -22.550486], [-45.07444027, -22.5505051], [-45.07448146, -22.55052421], [-45.07450205, -22.55054332], [-45.07454323, -22.5505433], [-45.07454324, -22.55056242], [-45.07456382, -22.55056241], [-45.07460502, -22.55060064], [-45.07462562, -22.55063887], [-45.07464621, -22.55063886], [-45.07466681, -22.55065798], [-45.07466682, -22.55067709], [-45.07468741, -22.55069621], [-45.07470801, -22.55071532], [-45.07472861, -22.55073443], [-45.07472863, -22.55077268], [-45.07476982, -22.55079178], [-45.07476983, -22.5508109], [-45.07479043, -22.55083002], [-45.07479045, -22.55086826], [-45.07481105, -22.55088737], [-45.07481112, -22.55102123], [-45.07483171, -22.55104034], [-45.07483173, -22.55107858], [-45.07485233, -22.55109769], [-45.07485236, -22.55115506], [-45.07487296, -22.55117417], [-45.074873, -22.55125065], [-45.07476718, -22.55132119], [-45.07470544, -22.5513499], [-45.07467459, -22.55140729], [-45.07461284, -22.551436], [-45.07458199, -22.55149337], [-45.07458203, -22.55155074], [-45.07455118, -22.55160811], [-45.07452033, -22.55166549], [-45.07448948, -22.55172288], [-45.07442775, -22.55178027], [-45.074366, -22.55180898], [-45.07436603, -22.55186635], [-45.07430427, -22.55186638], [-45.07430444, -22.55218189], [-45.07427359, -22.55223927], [-45.07424274, -22.55229665], [-45.07418101, -22.55235405], [-45.07415016, -22.55241143], [-45.07411931, -22.55246881], [-45.07405758, -22.5525262], [-45.07399585, -22.55258359], [-45.073965, -22.55264097], [-45.07390326, -22.55266969], [-45.07381065, -22.55272709], [-45.07381071, -22.55284182], [-45.07384162, -22.55289918], [-45.0739034, -22.55292783], [-45.07396519, -22.55298517], [-45.0739961, -22.55304252], [-45.07405789, -22.55309986], [-45.0740888, -22.55315721], [-45.07411971, -22.55321456], [-45.07415064, -22.55330059], [-45.07415073, -22.55347269], [-45.07411988, -22.55353007], [-45.07408903, -22.55358745], [-45.07405818, -22.55364483], [-45.07399645, -22.55370222], [-45.07393472, -22.55375962], [-45.07390387, -22.553817], [-45.07384212, -22.55384571], [-45.07378038, -22.55387442], [-45.07371865, -22.55393181], [-45.0736569, -22.55396052], [-45.07359516, -22.55398923], [-45.07356431, -22.55404661], [-45.07350254, -22.55404664], [-45.0734408, -22.55407535], [-45.07331728, -22.55407541], [-45.0732555, -22.55404676], [-45.07313198, -22.55404681], [-45.0730702, -22.55401816], [-45.07300844, -22.55401819], [-45.07294666, -22.55398953], [-45.07285402, -22.55398957], [-45.07279224, -22.55396092], [-45.07260696, -22.553961], [-45.07254521, -22.55398971], [-45.07248345, -22.55398974], [-45.0724526, -22.55404712], [-45.07239084, -22.55404715], [-45.07232909, -22.55407586], [-45.07220557, -22.55407591], [-45.0722056, -22.55413328], [-45.07223651, -22.55419063], [-45.07223654, -22.554248], [-45.07226745, -22.55430535], [-45.07226757, -22.55453481], [-45.07220583, -22.55456352], [-45.07214408, -22.55459223], [-45.07208233, -22.55462094], [-45.07205148, -22.55467832], [-45.07205151, -22.55473569], [-45.07202066, -22.55479307], [-45.07198981, -22.55485044], [-45.07198984, -22.55490781], [-45.07195899, -22.55496519], [-45.07195902, -22.55502256], [-45.07189727, -22.55505127], [-45.07186642, -22.55510865], [-45.07183557, -22.55516602], [-45.07177384, -22.55522342], [-45.07171209, -22.55525213], [-45.07165036, -22.55530952], [-45.0716195, -22.5553669], [-45.07161953, -22.55542427], [-45.0715578, -22.55548166], [-45.07146519, -22.55553907], [-45.07038434, -22.55553954], [-45.0703226, -22.55556825], [-45.07026085, -22.55559696], [-45.0701991, -22.55562567], [-45.07013734, -22.5556257], [-45.07007559, -22.55565441], [-45.07001384, -22.55568312], [-45.06998299, -22.5557405], [-45.06995214, -22.55579788], [-45.06998305, -22.55585523], [-45.06998308, -22.55591259], [-45.07004486, -22.55594125], [-45.07010663, -22.55596991], [-45.07023016, -22.55596985], [-45.0702919, -22.55594114], [-45.07060072, -22.55594101], [-45.07066249, -22.55596966], [-45.07072425, -22.55596963], [-45.07078603, -22.55599829], [-45.07084779, -22.55599826], [-45.07090954, -22.55596955], [-45.07118748, -22.55596943], [-45.07124923, -22.55594072], [-45.07131099, -22.55594069], [-45.07137274, -22.55591198], [-45.07149626, -22.55591193], [-45.07155804, -22.55594058], [-45.0716198, -22.55594056], [-45.07161989, -22.55611265], [-45.07158904, -22.55617004], [-45.07158907, -22.5562274], [-45.07155822, -22.55628478], [-45.07152736, -22.55634216], [-45.07149651, -22.55639954], [-45.07143475, -22.55639957], [-45.07143481, -22.5565143], [-45.07137308, -22.5565717], [-45.07137325, -22.55691589], [-45.0713424, -22.55697327], [-45.07128065, -22.55700198], [-45.07128071, -22.55711671], [-45.07121897, -22.55714542], [-45.07118811, -22.5572028], [-45.07112637, -22.55726019], [-45.07109552, -22.55731757], [-45.07109555, -22.55737494], [-45.0710647, -22.55743232], [-45.07103384, -22.55748969], [-45.0710339, -22.55760443], [-45.07097215, -22.55763314], [-45.07091042, -22.55769053], [-45.07087957, -22.55774791], [-45.07084872, -22.55780529], [-45.07078697, -22.557834], [-45.07075612, -22.55789138], [-45.07069437, -22.55792009], [-45.07063262, -22.5579488], [-45.07057089, -22.55800619], [-45.07054003, -22.55806357], [-45.07047828, -22.55809228], [-45.07047831, -22.55814964], [-45.07044746, -22.55820702], [-45.0703857, -22.55820705], [-45.07032395, -22.55823576], [-45.0702622, -22.55826447], [-45.07020045, -22.55829318], [-45.07001516, -22.55829326], [-45.06998431, -22.55835064], [-45.06992256, -22.55837935], [-45.06989171, -22.55843673], [-45.06982996, -22.55846544], [-45.06979911, -22.55852281], [-45.06979919, -22.55869491], [-45.06976834, -22.55875229], [-45.0697684, -22.55886702], [-45.06973754, -22.5589244], [-45.06973757, -22.55898177], [-45.06967584, -22.55903916], [-45.06964499, -22.55909654], [-45.06970679, -22.55918256], [-45.06976857, -22.55920166], [-45.06983034, -22.55922075], [-45.06989211, -22.55923984], [-45.06995389, -22.55925894], [-45.07001566, -22.55927804], [-45.07007744, -22.55931625], [-45.07013921, -22.55931623], [-45.07020099, -22.55935444], [-45.07026277, -22.55939266], [-45.07032455, -22.55941175], [-45.07038632, -22.55943085], [-45.07044809, -22.55944995], [-45.07053046, -22.55946903], [-45.07059222, -22.559469], [-45.07065399, -22.5594881], [-45.07071576, -22.55948807], [-45.07079812, -22.55950716], [-45.07085989, -22.55950713], [-45.07096283, -22.5595262], [-45.0710246, -22.55952617], [-45.07110696, -22.55954526], [-45.07116872, -22.55954524], [-45.0712305, -22.55956433], [-45.07129227, -22.55958342], [-45.07137464, -22.55960251], [-45.07143641, -22.55962161], [-45.07174523, -22.55962147], [-45.07180698, -22.55960232], [-45.07186874, -22.55958317], [-45.07193049, -22.55956402], [-45.07236284, -22.55956383], [-45.07242461, -22.55958292], [-45.0724658, -22.55962115], [-45.07252757, -22.55962112], [-45.07258934, -22.55964021], [-45.07265111, -22.5596593], [-45.0727129, -22.55969752], [-45.07275409, -22.55973575], [-45.07281589, -22.55977396], [-45.0728365, -22.55983132], [-45.07283659, -22.56000341], [-45.07281604, -22.56006079], [-45.07281607, -22.56011815], [-45.07283668, -22.56017551], [-45.07287788, -22.56021373], [-45.07293965, -22.56023283], [-45.07300143, -22.56025193], [-45.0730632, -22.56027101], [-45.0731044, -22.56030924], [-45.07316617, -22.56032833], [-45.07322794, -22.56034743], [-45.07328972, -22.56036653], [-45.07333091, -22.56040475], [-45.07337211, -22.56044297], [-45.07339273, -22.56050033], [-45.07341335, -22.56055768], [-45.07343397, -22.56061504], [-45.07345458, -22.5606724], [-45.07349578, -22.56071062], [-45.07353698, -22.56074885], [-45.07359875, -22.56076794], [-45.07366053, -22.56078704], [-45.0737223, -22.56080613], [-45.07376349, -22.56084435]]]]}}]}