{"type": "FeatureCollection", "features": [{"type": "Feature", "properties": {"name": "Parque Estadual Serra do Mar - Núcleo São Sebastião"}, "geometry": {"type": "MultiPolygon", "coordinates": [[[[-45.50546024, -23.8402965], [-45.50617692, -23.84026072], [-45.50699235, -23.84011624], [-45.50808004, -23.83978659], [-45.50929741, -23.83922348], [-45.50944925, -23.83912994], [-45.50950883, -23.83905026], [-45.50952221, -23.83895628], [-45.50953455, -23.83884695], [-45.50950071, -23.83873055], [-45.5093804, -23.83859817], [-45.50894925, -23.83832682], [-45.50872409, -23.83825079], [-45.50848054, -23.83824166], [-45.508246, -23.83827856], [-45.50791294, -23.83848108], [-45.50719688, -23.83917982], [-45.50694915, -23.83935948], [-45.50666181, -23.83945526], [-45.50637717, -23.8394851], [-45.50610313, -23.83946432], [-45.50558611, -23.83932963], [-45.50527054, -23.83923583], [-45.5047921, -23.83917508], [-45.50399753, -23.8391271], [-45.50370474, -23.83908108], [-45.50348352, -23.83900865], [-45.50324238, -23.83886131], [-45.50300972, -23.83862181], [-45.50276323, -23.83835977], [-45.50217805, -23.83760749], [-45.5017838, -23.8372231], [-45.50099236, -23.83670902], [-45.50061339, -23.83646729], [-45.50028925, -23.83618202], [-45.50005749, -23.83591993], [-45.49987691, -23.83568839], [-45.4998203, -23.83551877], [-45.49968577, -23.83525998], [-45.49918203, -23.83448574], [-45.49875484, -23.83395512], [-45.49857699, -23.83366486], [-45.49844999, -23.83332024], [-45.49814014, -23.8329184], [-45.49804032, -23.83274892], [-45.49804774, -23.83263509], [-45.49819353, -23.83250094], [-45.49849005, -23.83249908], [-45.49875993, -23.83246117], [-45.49901673, -23.83234382], [-45.49934776, -23.83212327], [-45.49962623, -23.83202211], [-45.49994576, -23.83187475], [-45.50029404, -23.83184711], [-45.50072167, -23.83188792], [-45.50120849, -23.83188329], [-45.50173445, -23.83179668], [-45.50228237, -23.83155193], [-45.50281714, -23.83120334], [-45.50317874, -23.83101971], [-45.5033925, -23.83094495], [-45.50362695, -23.83088728], [-45.50438265, -23.830799], [-45.50501629, -23.83063254], [-45.50517609, -23.8305697], [-45.50532878, -23.83044545], [-45.50605693, -23.82983519], [-45.5064233, -23.82961812], [-45.50706304, -23.82925382], [-45.50734265, -23.8289449], [-45.50746258, -23.82872954], [-45.50753581, -23.82862453], [-45.50764966, -23.82861151], [-45.50774303, -23.82863649], [-45.50811518, -23.82889539], [-45.50836198, -23.82898671], [-45.50861256, -23.82903737], [-45.51010939, -23.82916158], [-45.51167112, -23.82905615], [-45.51210318, -23.82906826], [-45.51286389, -23.82925812], [-45.5135937, -23.82957995], [-45.514201, -23.82995999], [-45.51466624, -23.83016618], [-45.51518533, -23.83033425], [-45.51543581, -23.83036051], [-45.51569589, -23.83033254], [-45.51596062, -23.83023772], [-45.51604862, -23.83014439], [-45.51612736, -23.82994361], [-45.51611307, -23.82980727], [-45.51591825, -23.82945567], [-45.51526748, -23.82875965], [-45.51511724, -23.82850725], [-45.51509034, -23.82840889], [-45.5150968, -23.82830409], [-45.51516335, -23.82824878], [-45.51528988, -23.82821764], [-45.51547042, -23.82818633], [-45.51578924, -23.82811481], [-45.51629115, -23.82791262], [-45.51703844, -23.82744315], [-45.5176864, -23.82718265], [-45.51788022, -23.82703387], [-45.51800716, -23.82685822], [-45.51822844, -23.82670392], [-45.51872753, -23.82653605], [-45.51898528, -23.82641686], [-45.51930734, -23.82617462], [-45.5194542, -23.82606935], [-45.51954737, -23.82604465], [-45.51964764, -23.82607502], [-45.5196126, -23.82611702], [-45.51952921, -23.82693252], [-45.51956264, -23.82746531], [-45.51962803, -23.82785349], [-45.51976289, -23.8283183], [-45.51979302, -23.82829549], [-45.51994532, -23.82832207], [-45.5200751, -23.82839841], [-45.52048793, -23.82874931], [-45.52131436, -23.82916649], [-45.52174174, -23.82946765], [-45.52199534, -23.82957514], [-45.52230681, -23.82958764], [-45.5224352, -23.82954205], [-45.52277353, -23.8292067], [-45.52304097, -23.8290342], [-45.52349897, -23.82892877], [-45.52412036, -23.82894732], [-45.5241537, -23.82931444], [-45.52453344, -23.82930825], [-45.52525981, -23.8292705], [-45.52602945, -23.8292209], [-45.526655, -23.82925943], [-45.52719232, -23.82931629], [-45.52765316, -23.82940775], [-45.52810938, -23.82956883], [-45.52829255, -23.82969014], [-45.52856519, -23.82985717], [-45.52874811, -23.82992066], [-45.5290831, -23.82997824], [-45.52936786, -23.82998264], [-45.52950041, -23.82996502], [-45.52967685, -23.82990032], [-45.5299287, -23.82978298], [-45.53047745, -23.82950828], [-45.5308048, -23.82936808], [-45.53112065, -23.82929652], [-45.531367, -23.82927853], [-45.53163218, -23.82928931], [-45.53210555, -23.8293229], [-45.53245906, -23.82932166], [-45.53291446, -23.82927317], [-45.53321667, -23.82923683], [-45.53350718, -23.82920702], [-45.53384883, -23.82920583], [-45.53412681, -23.82923375], [-45.53435376, -23.82926815], [-45.53453761, -23.82930817], [-45.53466344, -23.82934298], [-45.53480298, -23.82940025], [-45.53513178, -23.8295852], [-45.5354547, -23.82981087], [-45.53597496, -23.83025606], [-45.53657703, -23.83076517], [-45.53681139, -23.83092698], [-45.53693716, -23.83096723], [-45.53712659, -23.83094935], [-45.53727864, -23.8309019], [-45.53740395, -23.83083192], [-45.53752428, -23.83071588], [-45.53773668, -23.83031949], [-45.5378681, -23.83002912], [-45.53794412, -23.82990061], [-45.53803229, -23.82984243], [-45.53815772, -23.82978962], [-45.53825873, -23.82976038], [-45.53837239, -23.82970763], [-45.53844763, -23.82961974], [-45.53847258, -23.82948596], [-45.53844652, -23.82934149], [-45.53839587, -23.82920808], [-45.53836385, -23.8290627], [-45.53836946, -23.82899859], [-45.53839479, -23.82895787], [-45.53845738, -23.8288998], [-45.53853976, -23.82886428], [-45.53871636, -23.8288348], [-45.53880476, -23.82885166], [-45.53905743, -23.82891488], [-45.53935432, -23.82899518], [-45.5394996, -23.82901813], [-45.53978438, -23.8290171], [-45.53997388, -23.82900476], [-45.54006787, -23.82894024], [-45.54010587, -23.82887055], [-45.54011144, -23.82879472], [-45.54007966, -23.82871987], [-45.54002923, -23.82863243], [-45.53981355, -23.8284652], [-45.53945913, -23.82823968], [-45.53922486, -23.82810046], [-45.53904049, -23.82792142], [-45.53881291, -23.82772446], [-45.53862286, -23.82759767], [-45.53826197, -23.82745355], [-45.53812333, -23.82741333], [-45.53788262, -23.82736813], [-45.537579, -23.82730509], [-45.5374718, -23.82727658], [-45.53721896, -23.82714918], [-45.53708616, -23.82707468], [-45.53696593, -23.82697577], [-45.53692049, -23.82692356], [-45.53685732, -23.82682529], [-45.53667905, -23.82645375], [-45.53651301, -23.82596117], [-45.53642365, -23.82571132], [-45.53630303, -23.82550218], [-45.53623299, -23.82540941], [-45.53596015, -23.82520174], [-45.53549849, -23.82491881], [-45.53523244, -23.82470478], [-45.53513678, -23.82458315], [-45.53497189, -23.82436247], [-45.5348319, -23.82422921], [-45.53462327, -23.82409631], [-45.53387666, -23.82376194], [-45.53367399, -23.82365249], [-45.53355376, -23.82355447], [-45.53345593, -23.82343276], [-45.53196999, -23.82333787], [-45.53186881, -23.8232414], [-45.53155607, -23.82268251], [-45.53151723, -23.82249748], [-45.53148211, -23.82186083], [-45.5313551, -23.82155868], [-45.53119867, -23.8214147], [-45.53101848, -23.82131599], [-45.530404, -23.82110583], [-45.53014793, -23.82091701], [-45.53000751, -23.82063752], [-45.52986185, -23.82012768], [-45.52970499, -23.81987534], [-45.52923651, -23.81935308], [-45.52919765, -23.81927506], [-45.52916131, -23.81908078], [-45.52626892, -23.81938272], [-45.5262766, -23.81942712], [-45.52625489, -23.81937688], [-45.52624627, -23.81918813], [-45.52628573, -23.8189911], [-45.52641174, -23.81883079], [-45.52658895, -23.81871006], [-45.52722458, -23.81832853], [-45.52732823, -23.81822431], [-45.52736492, -23.81807064], [-45.52732898, -23.81792444], [-45.52725669, -23.81776933], [-45.52712958, -23.81765686], [-45.52690406, -23.81748331], [-45.52641015, -23.81722035], [-45.52573453, -23.81644769], [-45.5247619, -23.81578984], [-45.52429212, -23.81542111], [-45.52419847, -23.81532569], [-45.52416763, -23.81522373], [-45.52416723, -23.81512528], [-45.52423739, -23.81499407], [-45.5247661, -23.8146355], [-45.52552916, -23.81396452], [-45.52579748, -23.81379651], [-45.52663323, -23.81337998], [-45.52697078, -23.81309612], [-45.52713394, -23.81290046], [-45.52726553, -23.81266698], [-45.52735594, -23.81244538], [-45.527412, -23.81198545], [-45.52743132, -23.8119077], [-45.52751558, -23.81186587], [-45.52765194, -23.81184101], [-45.52778835, -23.8118288], [-45.52806699, -23.8117863], [-45.52827463, -23.81166637], [-45.52844305, -23.8115583], [-45.5286803, -23.81147801], [-45.52907312, -23.81150827], [-45.52935795, -23.81163227], [-45.52936935, -23.81251932], [-45.52951993, -23.81253275], [-45.52995735, -23.81265771], [-45.53057728, -23.81278654], [-45.53142081, -23.81282877], [-45.53240132, -23.81275315], [-45.53288827, -23.81277406], [-45.53326566, -23.81285853], [-45.53352138, -23.81296604], [-45.53374736, -23.81301944], [-45.53397329, -23.81304127], [-45.5341717, -23.81309475], [-45.53451517, -23.81325398], [-45.53352859, -23.81417111], [-45.53397726, -23.81423801], [-45.53448759, -23.81419562], [-45.53518993, -23.81406672], [-45.5362296, -23.81405409], [-45.53729445, -23.81469681], [-45.53747035, -23.81452931], [-45.53755825, -23.8144134], [-45.5376705, -23.81424963], [-45.53811683, -23.81369616], [-45.53838766, -23.8134107], [-45.53858903, -23.8132185], [-45.53899114, -23.81285677], [-45.53958883, -23.81234969], [-45.53997162, -23.81198127], [-45.53967594, -23.81177948], [-45.53943494, -23.81166742], [-45.53923624, -23.81161841], [-45.53804021, -23.81145747], [-45.53806125, -23.81139222], [-45.53826282, -23.81125602], [-45.53861765, -23.81106961], [-45.53873105, -23.8109699], [-45.53882564, -23.81083859], [-45.53890505, -23.81053122], [-45.53884973, -23.81021527], [-45.53876928, -23.81005296], [-45.53823406, -23.80925999], [-45.53808576, -23.8087773], [-45.53806864, -23.80842511], [-45.53816653, -23.80791443], [-45.53827618, -23.8075663], [-45.53847113, -23.80723594], [-45.53896159, -23.80669682], [-45.53900466, -23.80664247], [-45.53903673, -23.80654302], [-45.53905048, -23.80630358], [-45.53909, -23.80614542], [-45.53918706, -23.80609541], [-45.53933341, -23.80610388], [-45.53985596, -23.80619692], [-45.54007192, -23.80620067], [-45.54045143, -23.80613161], [-45.54167397, -23.80569826], [-45.54237315, -23.80555581], [-45.54268504, -23.8054644], [-45.54347344, -23.80501452], [-45.54367869, -23.80501834], [-45.543846, -23.80512611], [-45.54398502, -23.8052792], [-45.54404569, -23.80548671], [-45.54404932, -23.80613701], [-45.54412152, -23.80645291], [-45.54427499, -23.80677301], [-45.54472234, -23.80744433], [-45.54488411, -23.80761536], [-45.5453108, -23.80797061], [-45.54508646, -23.80909574], [-45.5451574, -23.80909935], [-45.54538533, -23.80914547], [-45.5455682, -23.80920263], [-45.5458278, -23.80932902], [-45.54675164, -23.80980267], [-45.54690992, -23.80985992], [-45.54733334, -23.80991711], [-45.54768097, -23.80995025], [-45.54824982, -23.81004759], [-45.54864164, -23.81007509], [-45.54878004, -23.81006289], [-45.54889963, -23.81003894], [-45.54897499, -23.80998088], [-45.54901305, -23.80992836], [-45.54903149, -23.80986412], [-45.54903115, -23.80978912], [-45.54896797, -23.80970722], [-45.54885363, -23.80959738], [-45.54875896, -23.80949299], [-45.54873313, -23.80942348], [-45.54872703, -23.80936577], [-45.54875142, -23.80933674], [-45.54880233, -23.80930136], [-45.54892795, -23.8092955], [-45.54903605, -23.80931772], [-45.54925143, -23.80940994], [-45.54948529, -23.80945613], [-45.54968645, -23.80943818], [-45.54996404, -23.80938485], [-45.55021038, -23.80936593], [-45.55047563, -23.80940558], [-45.55058955, -23.80943492], [-45.55074208, -23.80950941], [-45.55095075, -23.80964229], [-45.55114669, -23.8097753], [-45.55146358, -23.80996568], [-45.55183642, -23.81014495], [-45.55221599, -23.81029989], [-45.55260821, -23.81042044], [-45.55313885, -23.81054131], [-45.55341691, -23.81058637], [-45.55365051, -23.81059731], [-45.55378994, -23.81057967], [-45.55387224, -23.81054954], [-45.55396042, -23.8105032], [-45.55409833, -23.81038617], [-45.55417365, -23.81031635], [-45.55428691, -23.81018863], [-45.55438181, -23.81011236], [-45.55446312, -23.8100714], [-45.55457688, -23.8100358], [-45.55470332, -23.80998931], [-45.55481013, -23.80993105], [-45.55485986, -23.80986045], [-45.55489767, -23.80974469], [-45.55489726, -23.80965704], [-45.55487819, -23.80955326], [-45.55484636, -23.80947121], [-45.55476347, -23.8093496], [-45.55462323, -23.8091758], [-45.5543698, -23.80889218], [-45.55427509, -23.80878233], [-45.55421775, -23.80869575], [-45.55417885, -23.80854422], [-45.5541525, -23.80835816], [-45.55413988, -23.80816682], [-45.55408213, -23.80795837], [-45.55404354, -23.80789435], [-45.55394202, -23.80779624], [-45.55383451, -23.80767378], [-45.55380272, -23.80759897], [-45.55377675, -23.8074771], [-45.55374998, -23.80719271], [-45.55372273, -23.80678547], [-45.55377831, -23.80645467], [-45.55380213, -23.80607067], [-45.55376318, -23.80589651], [-45.5536998, -23.80576939], [-45.5536425, -23.80569913], [-45.55349665, -23.80556055], [-45.55330082, -23.8054339], [-45.55309813, -23.80532353], [-45.55285819, -23.80522595], [-45.55265556, -23.80514], [-45.55257983, -23.80509963], [-45.55249711, -23.80502945], [-45.5524018, -23.80493124], [-45.55235308, -23.80489446], [-45.55223121, -23.80487505], [-45.55207693, -23.80481238], [-45.55146078, -23.80440363], [-45.55090044, -23.80422498], [-45.55073329, -23.80415331], [-45.55059155, -23.80407705], [-45.55033358, -23.80387021], [-45.550173, -23.80369295], [-45.55012145, -23.80361809], [-45.55010602, -23.80357137], [-45.54886826, -23.80491416], [-45.54850484, -23.80486575], [-45.54800663, -23.80472301], [-45.54717603, -23.80424726], [-45.54655378, -23.80406881], [-45.54624027, -23.80392092], [-45.54599884, -23.80370949], [-45.54559918, -23.80320963], [-45.54507384, -23.80272823], [-45.54489102, -23.80243984], [-45.54475568, -23.80198422], [-45.54461904, -23.80173181], [-45.54450063, -23.80158317], [-45.54399766, -23.80125077], [-45.54366134, -23.80063324], [-45.54349544, -23.80042609], [-45.54323759, -23.80023278], [-45.54315579, -23.80020377], [-45.54289752, -23.80012168], [-45.54222372, -23.80001053], [-45.54188063, -23.79990336], [-45.54158726, -23.79972377], [-45.54120299, -23.79938189], [-45.54094631, -23.79925179], [-45.54061042, -23.79918522], [-45.54025085, -23.79916844], [-45.5397815, -23.7990888], [-45.5395867, -23.79902171], [-45.53922071, -23.79878815], [-45.53894538, -23.7986717], [-45.53824482, -23.79854318], [-45.53791276, -23.79843598], [-45.53775811, -23.79835071], [-45.53740175, -23.79807193], [-45.53709094, -23.79790592], [-45.53640142, -23.79762831], [-45.53569922, -23.79724687], [-45.5350897, -23.79701866], [-45.53495867, -23.7969288], [-45.5348707, -23.79680266], [-45.53484568, -23.79667628], [-45.53491785, -23.79655865], [-45.53505005, -23.79647238], [-45.5359171, -23.79607191], [-45.53628321, -23.79580871], [-45.53692879, -23.7954723], [-45.53767, -23.79527098], [-45.53859532, -23.79494713], [-45.53937701, -23.79481343], [-45.5404454, -23.79443936], [-45.54082303, -23.79436578], [-45.54130977, -23.79435957], [-45.54198858, -23.79449717], [-45.54213915, -23.79455536], [-45.54244423, -23.79474398], [-45.54292856, -23.79511258], [-45.54383304, -23.79611651], [-45.5440153, -23.7962694], [-45.54434084, -23.79643988], [-45.54468578, -23.79654703], [-45.54615313, -23.79673153], [-45.54696988, -23.7967693], [-45.5480091, -23.79689656], [-45.5486977, -23.79703864], [-45.54903598, -23.79715935], [-45.54940091, -23.79735226], [-45.54978975, -23.79762185], [-45.55050392, -23.79821541], [-45.55098016, -23.79890468], [-45.55122528, -23.79912511], [-45.55162646, -23.79925464], [-45.55231493, -23.79935154], [-45.55265968, -23.79941802], [-45.5531076, -23.79942547], [-45.55329486, -23.79937963], [-45.5534265, -23.79917595], [-45.55454173, -23.80088883], [-45.55462655, -23.80091487], [-45.55474068, -23.80097762], [-45.55498063, -23.80109966], [-45.55523362, -23.80125503], [-45.55541167, -23.80133565], [-45.55569559, -23.80139879], [-45.55597346, -23.80139778], [-45.55618136, -23.80136179], [-45.55632634, -23.80129801], [-45.55645261, -23.8011928], [-45.55654042, -23.80107056], [-45.55660245, -23.8009014], [-45.55662738, -23.80076761], [-45.55663966, -23.80063391], [-45.55662041, -23.80050661], [-45.55660047, -23.80043716], [-45.55653415, -23.80030189], [-45.55639497, -23.8001218], [-45.55620574, -23.79994179], [-45.55600883, -23.79980707], [-45.55584547, -23.79971008], [-45.55573818, -23.79964996], [-45.55528705, -23.79926773], [-45.5551146, -23.79911838], [-45.55503279, -23.79902836], [-45.55494966, -23.79889315], [-45.55483493, -23.7986678], [-45.55478497, -23.79847918], [-45.55478448, -23.79835906], [-45.55479963, -23.79821633], [-45.55482291, -23.79792984], [-45.5547897, -23.7977421], [-45.55476483, -23.79766639], [-45.55452557, -23.79725352], [-45.5544432, -23.79703524], [-45.55442156, -23.79691811], [-45.55317262, -23.79695942], [-45.55280345, -23.79671237], [-45.55193828, -23.79660708], [-45.55164821, -23.7964907], [-45.55139809, -23.79631097], [-45.55114702, -23.79590991], [-45.55078165, -23.79518409], [-45.55052956, -23.794756], [-45.55008523, -23.79413885], [-45.54966625, -23.79371131], [-45.54954089, -23.79350853], [-45.54957881, -23.79320129], [-45.55018921, -23.79202945], [-45.55033851, -23.79157278], [-45.55038952, -23.79086359], [-45.55025344, -23.79045308], [-45.5499221, -23.79007493], [-45.5487843, -23.78909899], [-45.54851017, -23.78881994], [-45.54804056, -23.78824355], [-45.5475038, -23.78780287], [-45.5472968, -23.78759587], [-45.54726466, -23.78746051], [-45.54727403, -23.78736561], [-45.5473513, -23.78728406], [-45.54751196, -23.78718413], [-45.54765458, -23.7870391], [-45.547707, -23.78688989], [-45.54772956, -23.78642014], [-45.54793861, -23.78615746], [-45.54827664, -23.78601625], [-45.54951626, -23.78575443], [-45.54983613, -23.7857533], [-45.55015231, -23.78581086], [-45.55043478, -23.78594084], [-45.55109294, -23.78636753], [-45.55155201, -23.78648782], [-45.55203231, -23.78654482], [-45.55233378, -23.78661146], [-45.55311742, -23.78695639], [-45.55344152, -23.78700492], [-45.55375076, -23.78701285], [-45.55404628, -23.78698019], [-45.55465772, -23.78679281], [-45.55492421, -23.78662927], [-45.55507271, -23.78649325], [-45.55529539, -23.78620796], [-45.5553515, -23.78605872], [-45.55537156, -23.7856522], [-45.55522898, -23.78494366], [-45.55496861, -23.78437104], [-45.55494746, -23.78422736], [-45.55496409, -23.78411132], [-45.55507755, -23.78395517], [-45.55528704, -23.78380992], [-45.55549791, -23.78356077], [-45.55561036, -23.78317197], [-45.55560162, -23.78255328], [-45.55568918, -23.78143299], [-45.55567315, -23.78113045], [-45.55562632, -23.78093642], [-45.55533392, -23.78026457], [-45.55516699, -23.77959226], [-45.55477678, -23.77899304], [-45.55467492, -23.77855082], [-45.55450678, -23.77824883], [-45.55401479, -23.77773578], [-45.55278609, -23.77679179], [-45.55247262, -23.77649934], [-45.55211494, -23.77589547], [-45.55175495, -23.7750432], [-45.55158289, -23.77475478], [-45.55124513, -23.77443988], [-45.55077257, -23.7740983], [-45.55059192, -23.77387765], [-45.55057699, -23.77382354], [-45.55061771, -23.77373305], [-45.55073131, -23.77361974], [-45.5509503, -23.77347896], [-45.55101079, -23.77334327], [-45.55100249, -23.7730588], [-45.55086758, -23.77248119], [-45.55091329, -23.77234102], [-45.5509992, -23.772273], [-45.55163601, -23.77222105], [-45.55201928, -23.77234614], [-45.55232444, -23.77234501], [-45.55295011, -23.7722073], [-45.55308237, -23.77214361], [-45.55343755, -23.77186684], [-45.55366915, -23.77187958], [-45.55390062, -23.77207745], [-45.55414909, -23.77215332], [-45.55461325, -23.77211553], [-45.55554907, -23.77221154], [-45.55633534, -23.77247064], [-45.55711417, -23.77264394], [-45.55753542, -23.77289987], [-45.55775223, -23.77310682], [-45.55807792, -23.77353015], [-45.5585319, -23.77391238], [-45.55932949, -23.7743069], [-45.56005621, -23.77484624], [-45.56020773, -23.77491793], [-45.56043638, -23.77495775], [-45.56078878, -23.77475431], [-45.56091827, -23.77382696], [-45.56092528, -23.77359209], [-45.56100949, -23.77315938], [-45.56129266, -23.77343098], [-45.5614294, -23.77350545], [-45.56200345, -23.77348439], [-45.56224994, -23.77351872], [-45.56254572, -23.77360525], [-45.56288103, -23.77375397], [-45.56337997, -23.77406828], [-45.56386978, -23.77453888], [-45.56478425, -23.77493928], [-45.565422, -23.77512211], [-45.56585795, -23.77539328], [-45.56627166, -23.77574041], [-45.56648621, -23.77587782], [-45.56677605, -23.77594811], [-45.56703199, -23.77589749], [-45.56727489, -23.7757837], [-45.56745558, -23.77580652], [-45.56751113, -23.7759427], [-45.56753475, -23.77618378], [-45.56778654, -23.77675911], [-45.56778032, -23.77690907], [-45.56769018, -23.77717043], [-45.5672901, -23.77770571], [-45.56719769, -23.77789663], [-45.56720096, -23.77819919], [-45.56733926, -23.77840462], [-45.56747511, -23.77849716], [-45.56781686, -23.77854287], [-45.56835386, -23.7783485], [-45.56870873, -23.77825236], [-45.56910736, -23.77828702], [-45.56924011, -23.77834434], [-45.56945074, -23.77870575], [-45.56946162, -23.77895049], [-45.56928321, -23.77922753], [-45.56891459, -23.77954863], [-45.56888867, -23.7796815], [-45.56898769, -23.77988075], [-45.56927889, -23.78003774], [-45.57006694, -23.78024348], [-45.57063728, -23.78026576], [-45.57090205, -23.7802142], [-45.57128909, -23.78006554], [-45.57143342, -23.78007675], [-45.5717842, -23.78061467], [-45.57198033, -23.78080092], [-45.57250142, -23.78100853], [-45.57303341, -23.78101288], [-45.57355993, -23.78088989], [-45.57409097, -23.78067928], [-45.57434686, -23.7806151], [-45.57464725, -23.78062843], [-45.57491156, -23.78069338], [-45.5753759, -23.78093914], [-45.57562067, -23.78102403], [-45.57588976, -23.78106096], [-45.57615323, -23.78115843], [-45.5763835, -23.78129577], [-45.57677365, -23.78163031], [-45.5770126, -23.78173238], [-45.57756036, -23.78175111], [-45.57837365, -23.78166677], [-45.57861955, -23.78156469], [-45.57904053, -23.78132376], [-45.57921713, -23.78130955], [-45.57932388, -23.78147895], [-45.57924561, -23.78197692], [-45.57912793, -23.78222124], [-45.57854834, -23.78299567], [-45.57840317, -23.78323827], [-45.57835714, -23.78348322], [-45.57844963, -23.78375565], [-45.57861245, -23.78395194], [-45.57886043, -23.78409643], [-45.57917587, -23.78418015], [-45.58042455, -23.78422423], [-45.58068099, -23.78428469], [-45.5811834, -23.78447609], [-45.5818743, -23.7848989], [-45.58258517, -23.78517622], [-45.58341664, -23.78542147], [-45.58447674, -23.7856541], [-45.58474286, -23.785682], [-45.58500878, -23.78566744], [-45.58535977, -23.78557759], [-45.58556936, -23.78547564], [-45.58574047, -23.78532957], [-45.58608975, -23.78486038], [-45.58618091, -23.78461526], [-45.5863209, -23.78387589], [-45.58649834, -23.78339109], [-45.58667491, -23.78315016], [-45.58690865, -23.7829623], [-45.58732206, -23.78278731], [-45.587701, -23.78280664], [-45.58793103, -23.78288616], [-45.58816224, -23.78300902], [-45.58882281, -23.78344817], [-45.58933214, -23.78365126], [-45.5896416, -23.78371511], [-45.59042718, -23.78379701], [-45.5912475, -23.78396368], [-45.59175752, -23.78409992], [-45.59197489, -23.78420025], [-45.59202648, -23.78432379], [-45.59198966, -23.7844278], [-45.59137424, -23.78507687], [-45.59119646, -23.78591754], [-45.59101709, -23.78640778], [-45.5906641, -23.78713893], [-45.59060932, -23.78739656], [-45.59056059, -23.78812474], [-45.59048617, -23.78838154], [-45.59033428, -23.78865399], [-45.59015626, -23.78879106], [-45.58959506, -23.78906327], [-45.58940717, -23.78919044], [-45.58930672, -23.78933443], [-45.58922137, -23.78956147], [-45.58922246, -23.78980262], [-45.58933161, -23.79028272], [-45.58966087, -23.79103204], [-45.58986538, -23.79176106], [-45.58987093, -23.79181991], [-45.58796531, -23.79397234], [-45.58808003, -23.79420202], [-45.58850773, -23.79480186], [-45.58852452, -23.79481714], [-45.58896067, -23.79532766], [-45.58898532, -23.7953501], [-45.5892154, -23.79565731], [-45.58998699, -23.79631732], [-45.59022514, -23.79645184], [-45.59037254, -23.79648833], [-45.5904785, -23.79648066], [-45.59069919, -23.79643466], [-45.59086284, -23.79637355], [-45.59108297, -23.79622276], [-45.59117173, -23.7960788], [-45.59144888, -23.79572463], [-45.59164422, -23.79549805], [-45.59183112, -23.79537628], [-45.59201156, -23.79533045], [-45.59216659, -23.79532978], [-45.59226479, -23.79533761], [-45.59239548, -23.79536687], [-45.59254287, -23.79540425], [-45.59277307, -23.79550097], [-45.59281326, -23.79550799], [-45.59296089, -23.79557516], [-45.59341268, -23.79585247], [-45.59438114, -23.79662375], [-45.59496319, -23.79707318], [-45.59533279, -23.79739512], [-45.59558816, -23.79763525], [-45.59616285, -23.79816678], [-45.5964662, -23.798377], [-45.59660575, -23.7984289], [-45.59676089, -23.79842822], [-45.59690021, -23.79841238], [-45.59703935, -23.79835941], [-45.59715297, -23.79830657], [-45.59730854, -23.79819313], [-45.597406, -23.79804913], [-45.59745462, -23.79794416], [-45.59748634, -23.79778593], [-45.59752642, -23.7975374], [-45.59759054, -23.79739357], [-45.5976637, -23.79730293], [-45.59771257, -23.79725766], [-45.59781054, -23.79719761], [-45.59792528, -23.79717461], [-45.59807242, -23.79716588], [-45.59842372, -23.79713476], [-45.59871049, -23.79717158], [-45.59915234, -23.79719959], [-45.59977414, -23.79728754], [-45.60001975, -23.79733176], [-45.60021622, -23.79737618], [-45.60063392, -23.79748017], [-45.6013881, -23.79774827], [-45.60207525, -23.79797856], [-45.60245281, -23.79811255], [-45.60264065, -23.79819495], [-45.60286226, -23.79835219], [-45.60314206, -23.79856148], [-45.60338817, -23.79871138], [-45.60358475, -23.79877833], [-45.60398567, -23.79886712], [-45.6041576, -23.79891163], [-45.60437104, -23.79898568], [-45.60446938, -23.79903054], [-45.60475593, -23.79921728], [-45.60477263, -23.79922527], [-45.60515814, -23.79960762], [-45.60531474, -23.79969738], [-45.60541319, -23.79977193], [-45.6055276, -23.79989162], [-45.60582289, -23.80005575], [-45.60607743, -23.80013062], [-45.60647824, -23.80019682], [-45.60687888, -23.80022501], [-45.60701832, -23.80023173], [-45.60718994, -23.80019396], [-45.6072909, -23.80015113], [-45.60750227, -23.80000947], [-45.60768713, -23.79986868], [-45.60786733, -23.79976952], [-45.60835635, -23.79959515], [-45.60851996, -23.79952669], [-45.60872346, -23.79938225], [-45.60884548, -23.79924628], [-45.60894285, -23.79907344], [-45.60900773, -23.7988997], [-45.60912923, -23.79863558], [-45.60928366, -23.79847689], [-45.60938161, -23.79843132], [-45.60956202, -23.79840805], [-45.60970917, -23.79838482], [-45.60980737, -23.79839265], [-45.61035545, -23.79845819], [-45.61052729, -23.79847189], [-45.61075604, -23.79847913], [-45.61089557, -23.79849305], [-45.61114896, -23.79853002], [-45.61158334, -23.79863392], [-45.61174755, -23.79870829], [-45.61191086, -23.79879074], [-45.61223055, -23.79892498], [-45.61254207, -23.7989987], [-45.61271399, -23.79902053], [-45.61299969, -23.79904197], [-45.6134012, -23.79903318], [-45.61380188, -23.79906868], [-45.61396595, -23.79910589], [-45.61439185, -23.79928489], [-45.61483413, -23.79941137], [-45.61556265, -23.79964872], [-45.6159235, -23.7997602], [-45.61621066, -23.79987194], [-45.61635823, -23.79995442], [-45.61658765, -23.80010346], [-45.61676817, -23.80028334], [-45.61677709, -23.8002987], [-45.61684286, -23.80050887], [-45.61682814, -23.80072026], [-45.61680429, -23.80087031], [-45.61673171, -23.80109636], [-45.6166428, -23.80139027], [-45.61661159, -23.80163884], [-45.6166042, -23.8019405], [-45.61666297, -23.80212814], [-45.61677824, -23.80241401], [-45.61694357, -23.80271412], [-45.61707541, -23.80299992], [-45.61716676, -23.80321001], [-45.61719985, -23.80336795], [-45.61723393, -23.8034951], [-45.61731603, -23.80363849], [-45.61745624, -23.80381041], [-45.61763646, -23.80393067], [-45.61793915, -23.8040044], [-45.61826697, -23.80398781], [-45.61846313, -23.80394992], [-45.61863456, -23.80388874], [-45.61893631, -23.80375931], [-45.6192056, -23.80360829], [-45.61940934, -23.80351714], [-45.61963778, -23.80346292], [-45.61982615, -23.8034396], [-45.62004697, -23.80342424], [-45.62020211, -23.80342368], [-45.62033368, -23.80343754], [-45.62060396, -23.80349697], [-45.62080843, -23.80356391], [-45.62108692, -23.80370554], [-45.62144027, -23.80391547], [-45.62197321, -23.80430437], [-45.62241667, -23.80465662], [-45.62263812, -23.80478311], [-45.62272441, -23.80480649], [-45.6216213, -23.80253037], [-45.62162683, -23.80253084], [-45.62158864, -23.8024506], [-45.62166989, -23.80243961], [-45.62194646, -23.80238611], [-45.62212355, -23.80226166], [-45.62215244, -23.80193819], [-45.62205504, -23.80168658], [-45.62168855, -23.80120213], [-45.62162798, -23.80105876], [-45.62164688, -23.8006983], [-45.62169233, -23.80055451], [-45.62194043, -23.80029519], [-45.62226957, -23.80014935], [-45.62282735, -23.79998994], [-45.62314666, -23.79984142], [-45.62336666, -23.7996617], [-45.62350885, -23.79942448], [-45.62353198, -23.79933407], [-45.62347024, -23.79894413], [-45.623368, -23.7987079], [-45.62311823, -23.79840994], [-45.62243313, -23.79780574], [-45.6222317, -23.79755727], [-45.62197325, -23.79708412], [-45.62186975, -23.79658235], [-45.62192542, -23.79610974], [-45.62206431, -23.79559345], [-45.62231028, -23.79509478], [-45.62281554, -23.79442346], [-45.62310667, -23.79392823], [-45.62323591, -23.79344719], [-45.62336235, -23.79279004], [-45.62333643, -23.79250112], [-45.62321442, -23.79223426], [-45.62309905, -23.79212363], [-45.62278932, -23.79201017], [-45.62255671, -23.79201472], [-45.62198959, -23.7922681], [-45.62173536, -23.79226732], [-45.6214892, -23.79210754], [-45.62140017, -23.79175564], [-45.62128928, -23.79155557], [-45.62110109, -23.79140459], [-45.62095944, -23.79134103], [-45.62085042, -23.79132702], [-45.62058165, -23.79136423], [-45.62008892, -23.79157305], [-45.61990434, -23.79156385], [-45.61975285, -23.79149582], [-45.61969531, -23.79136598], [-45.61966285, -23.79114483], [-45.61968306, -23.790853], [-45.61962701, -23.79062381], [-45.61946228, -23.79045467], [-45.61923202, -23.79033185], [-45.61898349, -23.7902904], [-45.61853205, -23.79030756], [-45.61798124, -23.79048048], [-45.61728564, -23.79075694], [-45.6170522, -23.790794], [-45.61682249, -23.79078859], [-45.61665239, -23.79072605], [-45.61658602, -23.79068293], [-45.61640472, -23.79053277], [-45.61598457, -23.79023375], [-45.61571537, -23.79017973], [-45.61543177, -23.79019441], [-45.61535632, -23.79019471], [-45.61532642, -23.7899942], [-45.61533618, -23.78979775], [-45.61518488, -23.78970676], [-45.61518863, -23.78962906], [-45.61510779, -23.78934577], [-45.61469414, -23.78883891], [-45.6145997, -23.78858638], [-45.6146309, -23.78833335], [-45.61496084, -23.78773682], [-45.61502847, -23.78750803], [-45.61499084, -23.78701954], [-45.61502104, -23.78676291], [-45.61511509, -23.78651776], [-45.61536847, -23.78613198], [-45.61547676, -23.785782], [-45.61548349, -23.78554443], [-45.61541376, -23.78532703], [-45.61524901, -23.78514975], [-45.61515569, -23.78513206], [-45.61484895, -23.78523445], [-45.61462865, -23.78535003], [-45.61440111, -23.78538616], [-45.61411398, -23.7852726], [-45.61370839, -23.78501769], [-45.61330293, -23.78499673], [-45.61297162, -23.78509107], [-45.6120963, -23.78555158], [-45.61179536, -23.78563496], [-45.61160862, -23.7855806], [-45.61141479, -23.78526976], [-45.61120286, -23.78507641], [-45.6110159, -23.78497599], [-45.61079907, -23.78478446], [-45.61073303, -23.78451466], [-45.61094989, -23.78429341], [-45.6112741, -23.78414942], [-45.61152954, -23.78399306], [-45.61180095, -23.78368308], [-45.61188268, -23.78352921], [-45.61187001, -23.78313004], [-45.61174829, -23.78291555], [-45.61158572, -23.78278252], [-45.61122831, -23.78275232], [-45.61060226, -23.78299325], [-45.61029896, -23.78299084], [-45.61006092, -23.78287978], [-45.6098904, -23.7827251], [-45.60981078, -23.78248967], [-45.60980733, -23.7823822], [-45.61003006, -23.78173552], [-45.60999124, -23.7814078], [-45.60953115, -23.78061569], [-45.60937017, -23.78040226], [-45.60923911, -23.78028807], [-45.60907473, -23.78018666], [-45.60887529, -23.78014499], [-45.60875344, -23.78011296], [-45.60860041, -23.78012982], [-45.60842099, -23.78017207], [-45.60808792, -23.78030706], [-45.60744296, -23.78049115], [-45.60732322, -23.78049162], [-45.60727107, -23.78046382], [-45.60722763, -23.780408], [-45.60722503, -23.78027162], [-45.60733985, -23.77984575], [-45.60730824, -23.77959117], [-45.60721982, -23.7793621], [-45.6070046, -23.77908927], [-45.60676827, -23.7789222], [-45.60647315, -23.77877523], [-45.60592007, -23.7786645], [-45.60539191, -23.77863767], [-45.60511781, -23.77858003], [-45.60487201, -23.77848525], [-45.60457052, -23.77823443], [-45.60415329, -23.77778536], [-45.60389328, -23.77759128], [-45.60362777, -23.77747942], [-45.60308791, -23.77746617], [-45.60290421, -23.77743076], [-45.6027626, -23.77736989], [-45.60265714, -23.77727366], [-45.60255247, -23.77713678], [-45.60252145, -23.77700684], [-45.60259532, -23.77663803], [-45.60260103, -23.77638601], [-45.60259287, -23.77631921], [-45.60251106, -23.77624365], [-45.60240605, -23.77624406], [-45.60233157, -23.77626874], [-45.60196048, -23.77667212], [-45.60165474, -23.77698763], [-45.60152254, -23.77705228], [-45.601391, -23.77704647], [-45.60126619, -23.77701083], [-45.6011007, -23.7768805], [-45.60103107, -23.77667755], [-45.60091743, -23.77651089], [-45.60075332, -23.77646457], [-45.60058552, -23.77647154], [-45.60041349, -23.77640989], [-45.60037379, -23.7763152], [-45.60036482, -23.77607047], [-45.60046944, -23.77534387], [-45.60046832, -23.7750991], [-45.60033951, -23.77483405], [-45.60010904, -23.77465521], [-45.60002056, -23.77462304], [-45.59978319, -23.77465376], [-45.59893739, -23.77512582], [-45.59865707, -23.7752082], [-45.59838621, -23.77521105], [-45.59820235, -23.77513951], [-45.59799046, -23.77494613], [-45.59785684, -23.77470188], [-45.59779192, -23.77445465], [-45.59774359, -23.77397251], [-45.59755045, -23.77358758], [-45.59723375, -23.77343797], [-45.5966274, -23.77347644], [-45.59649082, -23.77344084], [-45.5963422, -23.77334748], [-45.59612222, -23.77267272], [-45.59597796, -23.77245831], [-45.59548916, -23.77201671], [-45.59534968, -23.77177519], [-45.59521599, -23.77129609], [-45.59510587, -23.77103458], [-45.59491022, -23.77074269], [-45.59474353, -23.77055907], [-45.5945101, -23.77037572], [-45.5942291, -23.77030635], [-45.59398575, -23.77031451], [-45.59371632, -23.7704149], [-45.59351133, -23.77044188], [-45.5934334, -23.77035547], [-45.59318965, -23.76984247], [-45.593014, -23.76963179], [-45.59278843, -23.7694484], [-45.59252195, -23.76933381], [-45.59198742, -23.76919044], [-45.59175336, -23.76908205], [-45.59137685, -23.76872401], [-45.59079984, -23.76808402], [-45.59043303, -23.76791743], [-45.58964973, -23.76788519], [-45.58940193, -23.76777504], [-45.58806373, -23.76677576], [-45.58722842, -23.76608526], [-45.58654719, -23.76561275], [-45.58626877, -23.76546026], [-45.58596694, -23.76533766], [-45.58577527, -23.76526974], [-45.58556308, -23.76522177], [-45.58531979, -23.76524257], [-45.58500227, -23.76534132], [-45.58489633, -23.76535165], [-45.58476969, -23.7653422], [-45.5846311, -23.76529395], [-45.58458847, -23.76519656], [-45.5845768, -23.76500151], [-45.58455537, -23.76481643], [-45.58452228, -23.7646603], [-45.58444816, -23.76454406], [-45.58427591, -23.7644291], [-45.58377135, -23.7641772], [-45.58352722, -23.76400922], [-45.58308566, -23.76336147], [-45.58278111, -23.76306726], [-45.58244119, -23.76298274], [-45.58219088, -23.76296923], [-45.58194086, -23.76301985], [-45.58180829, -23.76299867], [-45.58174137, -23.76295738], [-45.58172897, -23.76281652], [-45.58178054, -23.7622762], [-45.58166171, -23.76203639], [-45.58147351, -23.76186368], [-45.58098289, -23.76165597], [-45.580473, -23.76152511], [-45.57991478, -23.76134205], [-45.57948016, -23.76114678], [-45.57918973, -23.7609338], [-45.57905386, -23.76061276], [-45.57902931, -23.76038705], [-45.57904398, -23.76015306], [-45.57909703, -23.75994512], [-45.5791965, -23.75980384], [-45.57927401, -23.75979903], [-45.5796213, -23.75999915], [-45.57998164, -23.76004115], [-45.58047309, -23.75999686], [-45.58072342, -23.76001759], [-45.5814651, -23.76019184], [-45.58196726, -23.76034891], [-45.58271642, -23.76044002], [-45.58322631, -23.76056997], [-45.58370614, -23.76077951], [-45.58413161, -23.76090255], [-45.58451935, -23.76092728], [-45.58481223, -23.76102552], [-45.58534653, -23.76134686], [-45.58559362, -23.76151844], [-45.5858325, -23.76161147], [-45.58630765, -23.76165211], [-45.5864405, -23.7617338], [-45.58648331, -23.76187003], [-45.58649198, -23.76205335], [-45.58654864, -23.76221572], [-45.58660603, -23.76232027], [-45.58669871, -23.76241747], [-45.58688262, -23.76250529], [-45.5871409, -23.76254676], [-45.58795932, -23.76254184], [-45.58818044, -23.76261054], [-45.58865962, -23.76289233], [-45.58890544, -23.76299797], [-45.58944479, -23.76312869], [-45.58995906, -23.76335524], [-45.59050147, -23.76351124], [-45.59132767, -23.76348911], [-45.59211787, -23.76353486], [-45.59239083, -23.76356723], [-45.59263445, -23.76361958], [-45.59288921, -23.76375048], [-45.59356235, -23.76416699], [-45.59381415, -23.76429337], [-45.59409124, -23.76436908], [-45.59464553, -23.76432992], [-45.59515441, -23.76423041], [-45.5952868, -23.76421003], [-45.59540377, -23.76425022], [-45.59548868, -23.76436461], [-45.5955751, -23.76459369], [-45.59577, -23.764723], [-45.5963017, -23.76489437], [-45.59671404, -23.76514478], [-45.59698803, -23.76518617], [-45.5972402, -23.76517707], [-45.59739909, -23.76515749], [-45.59750727, -23.76520765], [-45.5975696, -23.7653185], [-45.5976514, -23.76560812], [-45.59774615, -23.76572608], [-45.59788484, -23.76579599], [-45.59814996, -23.76582929], [-45.59852795, -23.76586305], [-45.59869706, -23.76593194], [-45.59883507, -23.76606689], [-45.59893978, -23.76621552], [-45.59915209, -23.76671689], [-45.59933301, -23.76700793], [-45.5999077, -23.76756208], [-45.60033793, -23.76785938], [-45.6015867, -23.76838381], [-45.60282999, -23.76899225], [-45.60355251, -23.76925226], [-45.60380297, -23.76929464], [-45.60407468, -23.76926648], [-45.60430778, -23.7691635], [-45.60451814, -23.76902539], [-45.60463628, -23.76889396], [-45.6047258, -23.76872742], [-45.60474732, -23.76849882], [-45.6047599, -23.76824858], [-45.60470384, -23.76800944], [-45.60438521, -23.76744166], [-45.60381074, -23.76672584], [-45.60369786, -23.76650951], [-45.60368421, -23.76631447], [-45.60373179, -23.76620589], [-45.60384229, -23.76611966], [-45.60437839, -23.76596492], [-45.60460563, -23.76587009], [-45.6047669, -23.76572946], [-45.60484487, -23.76561174], [-45.60488151, -23.76547159], [-45.60482276, -23.76528666], [-45.6041415, -23.76439604], [-45.60408801, -23.76428786], [-45.60407369, -23.76416327], [-45.60412056, -23.7641107], [-45.6041969, -23.76406615], [-45.60473715, -23.76396378], [-45.6053511, -23.76388008], [-45.60549128, -23.76384702], [-45.60562337, -23.7637634], [-45.60574357, -23.76365364], [-45.60582256, -23.76354494], [-45.60585049, -23.76343103], [-45.60584482, -23.76326486], [-45.60575825, -23.76300778], [-45.60563805, -23.76269303], [-45.60561902, -23.76261], [-45.60562736, -23.7625052], [-45.60570837, -23.76240914], [-45.60578765, -23.76236367], [-45.60672599, -23.76239973], [-45.60694614, -23.76247202], [-45.60719501, -23.7625993], [-45.60742145, -23.76275467], [-45.60788853, -23.76317012], [-45.60814042, -23.76331184], [-45.60863, -23.76349778], [-45.60891328, -23.76384802], [-45.60899284, -23.76407441], [-45.60901071, -23.76432995], [-45.60898143, -23.76457484], [-45.60891189, -23.76481628], [-45.60866808, -23.76535556], [-45.60863745, -23.76552187], [-45.60865873, -23.7656654], [-45.60868187, -23.76578815], [-45.60872462, -23.7659063], [-45.60884881, -23.76602323], [-45.60896003, -23.76609144], [-45.60939791, -23.76634261], [-45.60944439, -23.7664192], [-45.60944284, -23.76650863], [-45.60939814, -23.76660274], [-45.60913962, -23.76693434], [-45.60893077, -23.76718535], [-45.60865227, -23.76765251], [-45.60858274, -23.76789666], [-45.60856934, -23.76838987], [-45.60863338, -23.76886652], [-45.60862767, -23.76911673], [-45.60851414, -23.76960582], [-45.60828837, -23.77001678], [-45.60825092, -23.77019486], [-45.60823788, -23.77034394], [-45.60827674, -23.77047024], [-45.60833817, -23.77059555], [-45.60843394, -23.77071891], [-45.60855216, -23.77081599], [-45.60869098, -23.77091028], [-45.60885903, -23.7709593], [-45.60915142, -23.7709446], [-45.60935129, -23.77087245], [-45.60952237, -23.77072997], [-45.60978121, -23.77046431], [-45.60989473, -23.77039431], [-45.60999379, -23.77038218], [-45.61012333, -23.77037986], [-45.610259, -23.77043171], [-45.61065208, -23.7707517], [-45.61089601, -23.77086725], [-45.61114138, -23.77087261], [-45.611669, -23.77079103], [-45.61220278, -23.77055769], [-45.6124713, -23.77047534], [-45.6127005, -23.77059004], [-45.61286039, -23.77099134], [-45.61320222, -23.77147321], [-45.61343134, -23.77198984], [-45.61359609, -23.77216983], [-45.6138137, -23.77232432], [-45.6140497, -23.77242093], [-45.61433453, -23.77246767], [-45.61459338, -23.77241516], [-45.61539565, -23.77188539], [-45.6156611, -23.77177684], [-45.61664174, -23.77161035], [-45.61726306, -23.77142181], [-45.6175463, -23.77133938], [-45.61778852, -23.77129958], [-45.6181752, -23.77129893], [-45.61860591, -23.77127192], [-45.61896772, -23.77120182], [-45.61935664, -23.77105485], [-45.61984731, -23.77083972], [-45.62013429, -23.77071844], [-45.62031171, -23.77067437], [-45.62039017, -23.77066322], [-45.62048541, -23.77067096], [-45.62057597, -23.77072931], [-45.6206392, -23.77081667], [-45.62065431, -23.7708988], [-45.62063459, -23.77108765], [-45.62066359, -23.77119953], [-45.62070419, -23.77127615], [-45.62081384, -23.77142745], [-45.62100144, -23.77166424], [-45.62145171, -23.77244913], [-45.62188435, -23.77303448], [-45.62246549, -23.77368065], [-45.62320715, -23.77423585], [-45.62354389, -23.77446391], [-45.62452948, -23.77471915], [-45.62510292, -23.77498238], [-45.6253551, -23.77517645], [-45.62559368, -23.77540129], [-45.62579809, -23.7756633], [-45.62595847, -23.77595168], [-45.62636598, -23.77702124], [-45.62674858, -23.77759956], [-45.62730683, -23.77817264], [-45.62776672, -23.77870006], [-45.62802969, -23.77889047], [-45.62830208, -23.77899865], [-45.62847895, -23.77904219], [-45.62864184, -23.7790343], [-45.62891728, -23.77896183], [-45.62945819, -23.77877001], [-45.62942395, -23.77878442], [-45.63003241, -23.78050237], [-45.63010726, -23.78051043], [-45.63046061, -23.78051349], [-45.63064418, -23.78047662], [-45.63084763, -23.78037195], [-45.63135824, -23.77997693], [-45.63146398, -23.77996297], [-45.63157121, -23.78000318], [-45.63188231, -23.78040835], [-45.63203012, -23.78052516], [-45.63275422, -23.78089249], [-45.63319255, -23.78122039], [-45.63360864, -23.78157545], [-45.63378857, -23.78168308], [-45.63396186, -23.78174561], [-45.6345284, -23.78180652], [-45.63507409, -23.78201199], [-45.6354328, -23.78210989], [-45.63584441, -23.78216691], [-45.63633857, -23.78228178], [-45.63639902, -23.78230729], [-45.63640471, -23.78347513], [-45.63706254, -23.78340744], [-45.63749133, -23.78337939], [-45.63803323, -23.78341245], [-45.63856633, -23.78343645], [-45.63905159, -23.78352203], [-45.63945147, -23.783599], [-45.63982288, -23.78369403], [-45.64010915, -23.78381568], [-45.64042392, -23.78395434], [-45.64074771, -23.7841364], [-45.64116825, -23.78443275], [-45.64152079, -23.784667], [-45.64171167, -23.78476288], [-45.64187368, -23.78477936], [-45.6420257, -23.78475248], [-45.64216973, -23.78465238], [-45.64202665, -23.78454033], [-45.64050789, -23.78331298], [-45.6388272, -23.78275025], [-45.63882314, -23.78191931], [-45.63879185, -23.78193548], [-45.6389197, -23.78183093], [-45.63903889, -23.78171843], [-45.63911099, -23.78161065], [-45.63913302, -23.78149856], [-45.63913737, -23.78098371], [-45.63912956, -23.78079136], [-45.63914309, -23.78054743], [-45.63918232, -23.78034043], [-45.6392943, -23.78015752], [-45.63960739, -23.77975791], [-45.63968128, -23.77961308], [-45.63970778, -23.77941336], [-45.63969644, -23.77890038], [-45.63960872, -23.77822243], [-45.63934925, -23.77734648], [-45.63928889, -23.77684274], [-45.63912977, -23.77641527], [-45.63892837, -23.77617404], [-45.63805507, -23.77560772], [-45.63709696, -23.77475633], [-45.63670122, -23.77450958], [-45.63645047, -23.77441126], [-45.6360557, -23.77436321], [-45.63565781, -23.77447955], [-45.63507712, -23.77474749], [-45.63406033, -23.77494586], [-45.63360492, -23.77534514], [-45.63340911, -23.7754453], [-45.6331689, -23.77549596], [-45.63289205, -23.77547813], [-45.63215649, -23.77558592], [-45.6320386, -23.77556201], [-45.63194122, -23.77551635], [-45.63155626, -23.77526412], [-45.63138515, -23.77519346], [-45.63124937, -23.77512357], [-45.63119222, -23.77507683], [-45.63118798, -23.77501092], [-45.63122101, -23.77494033], [-45.63132051, -23.77481528], [-45.63148272, -23.7746692], [-45.63211309, -23.77411927], [-45.63227036, -23.77396598], [-45.63232397, -23.77389079], [-45.63238725, -23.77378305], [-45.63240038, -23.77365745], [-45.63239996, -23.77357074], [-45.6323763, -23.77334504], [-45.63227986, -23.77288569], [-45.63228651, -23.77263728], [-45.63235297, -23.77237778], [-45.63239911, -23.77197476], [-45.63239505, -23.77174265], [-45.6323551, -23.7715992], [-45.63226704, -23.77145234], [-45.63211323, -23.77130394], [-45.63166198, -23.77093998], [-45.63115372, -23.77035135], [-45.63091539, -23.77018071], [-45.63030071, -23.76990864], [-45.63006522, -23.76971451], [-45.62976817, -23.7693734], [-45.62926424, -23.76907107], [-45.62907402, -23.76890204], [-45.62896437, -23.76875165], [-45.62891294, -23.76846644], [-45.62891509, -23.76748463], [-45.62882738, -23.76720409], [-45.62867236, -23.76700691], [-45.62857182, -23.7669161], [-45.62847538, -23.76685959], [-45.62831137, -23.76683587], [-45.62815432, -23.76683018], [-45.62801128, -23.76688044], [-45.62785768, -23.76697861], [-45.62716617, -23.76746284], [-45.626396, -23.76791938], [-45.62608251, -23.76803355], [-45.62579506, -23.76805369], [-45.62554749, -23.76799959], [-45.62500109, -23.76784284], [-45.62407112, -23.76751241], [-45.62356713, -23.76739883], [-45.62333445, -23.767379], [-45.62307157, -23.76740715], [-45.62214382, -23.76774779], [-45.62193191, -23.76776129], [-45.62177563, -23.76771134], [-45.62163003, -23.76763606], [-45.62152722, -23.76747931], [-45.62151229, -23.76722827], [-45.62178696, -23.76637904], [-45.62191829, -23.76572188], [-45.62198235, -23.76557168], [-45.62214545, -23.76540754], [-45.62232365, -23.76532012], [-45.62245291, -23.76526089], [-45.62263039, -23.76523036], [-45.62293068, -23.76522825], [-45.62314933, -23.76518943], [-45.62345709, -23.765106], [-45.6238393, -23.76499787], [-45.62422866, -23.76494572], [-45.62461795, -23.76488092], [-45.62503539, -23.76475188], [-45.62526551, -23.76464618], [-45.6253994, -23.76453092], [-45.62547042, -23.76439967], [-45.62547354, -23.76423166], [-45.62543368, -23.76410627], [-45.62527269, -23.76389015], [-45.62493475, -23.76361062], [-45.6247194, -23.76352026], [-45.62420563, -23.76340944], [-45.62313773, -23.76337039], [-45.62288432, -23.76332354], [-45.62235254, -23.76314053], [-45.62208103, -23.76300343], [-45.62178144, -23.76273818], [-45.62135933, -23.7622964], [-45.62054575, -23.76166651], [-45.62013637, -23.76121835], [-45.61980136, -23.76072473], [-45.61942966, -23.76035861], [-45.61918661, -23.76021868], [-45.61890475, -23.76017194], [-45.61863885, -23.76018023], [-45.61837417, -23.7602391], [-45.61820576, -23.76032016], [-45.61782707, -23.76034064], [-45.61726288, -23.76014961], [-45.61698196, -23.76009383], [-45.6168466, -23.76010701], [-45.61669288, -23.76018169], [-45.61643877, -23.76040219], [-45.61590152, -23.76072046], [-45.61561887, -23.76092391], [-45.61553462, -23.76095314], [-45.61545787, -23.760911], [-45.61529034, -23.76055218], [-45.61498481, -23.76006295], [-45.61482562, -23.75960023], [-45.61475958, -23.75932862], [-45.614553, -23.75901241], [-45.61420723, -23.75852153], [-45.61406618, -23.75836674], [-45.61349596, -23.7581423], [-45.61329611, -23.7580049], [-45.61304353, -23.75771235], [-45.6126304, -23.75708354], [-45.61201149, -23.75651787], [-45.61184174, -23.7563108], [-45.61173855, -23.75606824], [-45.611717, -23.7558651], [-45.61176474, -23.7551622], [-45.61168998, -23.75470456], [-45.61159272, -23.75446921], [-45.61159875, -23.75429035], [-45.61168884, -23.75425025], [-45.61191944, -23.75424933], [-45.61240858, -23.75434765], [-45.6126432, -23.7543675], [-45.61358834, -23.75419214], [-45.61476612, -23.75424345], [-45.61508984, -23.7542223], [-45.61558887, -23.75412637], [-45.61584558, -23.75404496], [-45.61613045, -23.75390022], [-45.61631023, -23.75373421], [-45.61644148, -23.75347536], [-45.61648765, -23.75327737], [-45.61648553, -23.75303442], [-45.61642952, -23.75280974], [-45.61630962, -23.75256273], [-45.61602033, -23.75218543], [-45.61588681, -23.75196197], [-45.61583269, -23.75172193], [-45.6158399, -23.75137687], [-45.61595327, -23.75107022], [-45.61600892, -23.75101129], [-45.61613063, -23.75101893], [-45.61621618, -23.75105743], [-45.61652545, -23.75130097], [-45.61676836, -23.75141561], [-45.61751088, -23.75156168], [-45.6179545, -23.75178752], [-45.61879153, -23.75241372], [-45.6196994, -23.75286801], [-45.61995984, -23.75316142], [-45.62007966, -23.75339126], [-45.62036819, -23.75381191], [-45.62067658, -23.75407441], [-45.62090576, -23.75419], [-45.62116317, -23.7542549], [-45.62165986, -23.75428904], [-45.62256955, -23.75450486], [-45.62288949, -23.7545117], [-45.62313448, -23.75444206], [-45.6233488, -23.75432017], [-45.62356044, -23.75404744], [-45.62376625, -23.75358236], [-45.62388971, -23.75313205], [-45.62390425, -23.75288903], [-45.62381476, -23.75243507], [-45.62367295, -23.75212222], [-45.62340256, -23.75180357], [-45.62322631, -23.75167603], [-45.62251681, -23.75125347], [-45.62207175, -23.75093191], [-45.62194955, -23.75082221], [-45.62183315, -23.75069261], [-45.62174508, -23.75053671], [-45.62168644, -23.75038159], [-45.62163604, -23.75026624], [-45.62161961, -23.75007353], [-45.62163418, -23.74987356], [-45.6217028, -23.74962338], [-45.62178771, -23.74939035], [-45.62180571, -23.74925298], [-45.62158109, -23.74885918], [-45.62156787, -23.74875988], [-45.62161456, -23.74867479], [-45.62189104, -23.74841987], [-45.62207156, -23.74820689], [-45.62211677, -23.74801612], [-45.62207712, -23.74772545], [-45.62200869, -23.74757217], [-45.62172687, -23.74711447], [-45.62162643, -23.74683307], [-45.62118431, -23.74630104], [-45.62091905, -23.74602482], [-45.62074292, -23.74592075], [-45.62063481, -23.74588415], [-45.62036328, -23.74594124], [-45.62018804, -23.74602504], [-45.62001552, -23.74606186], [-45.61984188, -23.74606888], [-45.61952427, -23.74592745], [-45.61919275, -23.74554039], [-45.61908259, -23.74548302], [-45.61894074, -23.74536617], [-45.618839, -23.74522387], [-45.61867112, -23.74478919], [-45.61864622, -23.74450206], [-45.61860839, -23.74438841], [-45.61826829, -23.74405196], [-45.61819417, -23.74393936], [-45.61816958, -23.74371997], [-45.61819864, -23.74343263], [-45.6181753, -23.74326924], [-45.61819755, -23.74299367], [-45.61862382, -23.74246087], [-45.6186673, -23.74231799], [-45.61867252, -23.74217706], [-45.61848443, -23.74182465], [-45.61845147, -23.74170195], [-45.61848229, -23.74157899], [-45.61892007, -23.74099104], [-45.61896812, -23.74077769], [-45.61897038, -23.74042542], [-45.61891018, -23.74014476], [-45.61871546, -23.73984296], [-45.61842772, -23.73957947], [-45.61832379, -23.7393884], [-45.61835147, -23.73901616], [-45.61832715, -23.73885277], [-45.61818317, -23.7386989], [-45.61793494, -23.73849215], [-45.61751384, -23.73824544], [-45.61744876, -23.73817706], [-45.61739531, -23.73807792], [-45.61739477, -23.73796321], [-45.61748858, -23.73788064], [-45.61763059, -23.73782769], [-45.61778945, -23.73780899], [-45.61835781, -23.73786452], [-45.61878716, -23.73798926], [-45.61904403, -23.73815532], [-45.61935053, -23.73844132], [-45.61988826, -23.7388673], [-45.62016125, -23.73912272], [-45.62034869, -23.73933783], [-45.6206472, -23.73959406], [-45.62090591, -23.73973392], [-45.62132494, -23.73974759], [-45.62147233, -23.73979216], [-45.62161328, -23.73992798], [-45.62174975, -23.74015324], [-45.62190456, -23.74031519], [-45.62211022, -23.74043992], [-45.6223093, -23.74041834], [-45.62250798, -23.74031277], [-45.62257442, -23.74025379], [-45.62264609, -23.7400566], [-45.62266935, -23.73979005], [-45.62259625, -23.7392737], [-45.62261663, -23.73901982], [-45.62272163, -23.73861023], [-45.62278177, -23.73846367], [-45.62287437, -23.73833504], [-45.62310504, -23.73814895], [-45.62338402, -23.73801234], [-45.62423541, -23.73795742], [-45.6244469, -23.73786534], [-45.62485383, -23.73740125], [-45.62505405, -23.73700392], [-45.62506005, -23.73661551], [-45.62509248, -23.73642028], [-45.62513429, -23.73634153], [-45.62523121, -23.73629688], [-45.62538735, -23.73632606], [-45.62567343, -23.73644322], [-45.62582653, -23.73645344], [-45.6259713, -23.73635982], [-45.62611228, -23.73609009], [-45.62630132, -23.73540739], [-45.62642219, -23.73524342], [-45.62654266, -23.73519777], [-45.62661432, -23.73520561], [-45.62667147, -23.73525686], [-45.62681093, -23.73549023], [-45.62698346, -23.73627895], [-45.62715899, -23.73667024], [-45.62775269, -23.73771557], [-45.6278503, -23.73781362], [-45.62802418, -23.73806401], [-45.6281335, -23.73815028], [-45.62848269, -23.73833221], [-45.62890917, -23.73846867], [-45.62906276, -23.73857914], [-45.62909055, -23.73864406], [-45.62908897, -23.73872445], [-45.62901732, -23.73892436], [-45.62876952, -23.73921891], [-45.62865394, -23.73946416], [-45.62867236, -23.74023634], [-45.6286138, -23.74050574], [-45.62844729, -23.74077015], [-45.62833976, -23.74085459], [-45.62795902, -23.74105123], [-45.62782334, -23.7411963], [-45.6277604, -23.74137268], [-45.62772407, -23.74157154], [-45.62774358, -23.74175301], [-45.62786967, -23.74226643], [-45.62808124, -23.74280209], [-45.62823835, -23.74344093], [-45.62822518, -23.74396937], [-45.62820034, -23.74410857], [-45.62799159, -23.74456915], [-45.62789714, -23.74472128], [-45.62787535, -23.74488304], [-45.6278837, -23.74498778], [-45.62796396, -23.74515004], [-45.62801721, -23.74520672], [-45.62815872, -23.74525041], [-45.62832539, -23.74522173], [-45.62851218, -23.74509271], [-45.6288825, -23.74476695], [-45.62902156, -23.74471038], [-45.62929994, -23.74465235], [-45.62943311, -23.744594], [-45.62980281, -23.74434591], [-45.63000879, -23.74432972], [-45.63015422, -23.74437429], [-45.63022328, -23.74445168], [-45.63020717, -23.74457007], [-45.63013029, -23.74470226], [-45.630123, -23.7448197], [-45.63021805, -23.74499635], [-45.6302683, -23.7450395], [-45.63059835, -23.74511583], [-45.63074473, -23.74515317], [-45.63083522, -23.74519706], [-45.63092731, -23.74537191], [-45.63100905, -23.74563712], [-45.63105056, -23.7459034], [-45.63107102, -23.74668731], [-45.63126204, -23.74743621], [-45.63160581, -23.7479117], [-45.63213199, -23.74857071], [-45.63234577, -23.74895009], [-45.63255038, -23.74946409], [-45.63277278, -23.74979918], [-45.63283587, -23.74985763], [-45.63292454, -23.75013546], [-45.63304314, -23.75028175], [-45.6331995, -23.75038182], [-45.63348309, -23.75058568], [-45.63368391, -23.75071944], [-45.63390778, -23.75095246], [-45.63403474, -23.75102871], [-45.63430229, -23.751164], [-45.63441825, -23.75119875], [-45.63454139, -23.7512976], [-45.6345889, -23.7513823], [-45.63459618, -23.75146718], [-45.63452797, -23.75156681], [-45.63439693, -23.75165948], [-45.6341438, -23.75186826], [-45.63405214, -23.75198786], [-45.63404121, -23.75216313], [-45.63407176, -23.75239332], [-45.63417105, -23.75263227], [-45.63422216, -23.75285245], [-45.63420367, -23.75308646], [-45.63416657, -23.75332777], [-45.63413661, -23.75362595], [-45.63416873, -23.75377485], [-45.63426169, -23.7539235], [-45.6343783, -23.75409283], [-45.63462584, -23.75434743], [-45.63485067, -23.75457321], [-45.63505979, -23.75479906], [-45.63536147, -23.75508866], [-45.63576598, -23.75533538], [-45.63651216, -23.75582095], [-45.63705001, -23.75624505], [-45.63747215, -23.75648447], [-45.63782705, -23.75661849], [-45.63828497, -23.75674847], [-45.63851094, -23.75680263], [-45.63871508, -23.75680901], [-45.63900445, -23.75678524], [-45.63921015, -23.75670852], [-45.63945099, -23.75659552], [-45.63970918, -23.75641652], [-45.63997613, -23.75622212], [-45.64019679, -23.7559954], [-45.64027188, -23.75589845], [-45.64033599, -23.75576451], [-45.64036461, -23.75559729], [-45.64033313, -23.75538155], [-45.64028002, -23.75515597], [-45.64008257, -23.75471059], [-45.6393766, -23.75382114], [-45.63910065, -23.75337609], [-45.63904514, -23.7532607], [-45.6390099, -23.7530784], [-45.63893521, -23.75245187], [-45.63890124, -23.75232647], [-45.63881803, -23.75216604], [-45.63853203, -23.75187277], [-45.63808363, -23.75147811], [-45.63780347, -23.75117217], [-45.63737182, -23.75081773], [-45.63705853, -23.75061189], [-45.63677751, -23.75043127], [-45.63660237, -23.75030095], [-45.63649598, -23.75014498], [-45.63641344, -23.74984475], [-45.63627749, -23.74953189], [-45.63608492, -23.74927978], [-45.63592823, -23.74914223], [-45.63554237, -23.7486895], [-45.63528301, -23.74842321], [-45.63509291, -23.74807174], [-45.6349627, -23.74792956], [-45.63484208, -23.74774309], [-45.6348376, -23.7476275], [-45.63486757, -23.74753525], [-45.63491539, -23.74748266], [-45.63510037, -23.74738435], [-45.63684377, -23.7471315], [-45.63732289, -23.74698682], [-45.63784295, -23.74678868], [-45.63802011, -23.74669672], [-45.63822839, -23.74654863], [-45.6384999, -23.74628919], [-45.63899679, -23.7459665], [-45.6394629, -23.74577308], [-45.63982208, -23.74558192], [-45.6410374, -23.74469805], [-45.64121371, -23.744635], [-45.64134876, -23.74456218], [-45.64141384, -23.74442733], [-45.64141019, -23.7438818], [-45.64142838, -23.74378869], [-45.64147133, -23.74374426], [-45.64152429, -23.74373862], [-45.64193523, -23.7439022], [-45.64215215, -23.74391575], [-45.64232066, -23.74386357], [-45.64243117, -23.74378905], [-45.64261241, -23.74353087], [-45.6427318, -23.74346625], [-45.64287138, -23.74351896], [-45.64303194, -23.74384435], [-45.64307705, -23.74403926], [-45.64305023, -23.7449715], [-45.64308375, -23.745404], [-45.64317311, -23.7458173], [-45.64324562, -23.74599765], [-45.64346499, -23.74631105], [-45.64381258, -23.74695722], [-45.64402899, -23.74726792], [-45.6442627, -23.74750359], [-45.64459465, -23.74776143], [-45.64497972, -23.74784925], [-45.64553561, -23.74795351], [-45.64615323, -23.74803944], [-45.64652263, -23.74793132], [-45.64669626, -23.74772466], [-45.64673631, -23.74748784], [-45.6467075, -23.7472179], [-45.64646877, -23.74676097], [-45.64613622, -23.7463803], [-45.64598449, -23.74625448], [-45.64572998, -23.74598096], [-45.64553051, -23.74572438], [-45.64541835, -23.74546291], [-45.64540138, -23.74520557], [-45.64534813, -23.74495198], [-45.64512899, -23.74428813], [-45.64513717, -23.74415532], [-45.6451905, -23.74402775], [-45.6452588, -23.74394888], [-45.64573895, -23.74381952], [-45.64580253, -23.74377951], [-45.64587858, -23.74368165], [-45.64592109, -23.74354689], [-45.6459268, -23.74311242], [-45.64599612, -23.74284387], [-45.64604702, -23.74281927], [-45.64615989, -23.74282603], [-45.64632225, -23.74291928], [-45.64641843, -23.7429243], [-45.64648592, -23.74287976], [-45.64654963, -23.74266904], [-45.64660995, -23.74256492], [-45.64674352, -23.74258965], [-45.64682522, -23.7426435], [-45.64696553, -23.74284162], [-45.64710825, -23.74313096], [-45.64730081, -23.74337854], [-45.64752847, -23.74358081], [-45.647679, -23.74366418], [-45.64844972, -23.74395901], [-45.64878174, -23.74403439], [-45.64908295, -23.74402951], [-45.64932015, -23.74397794], [-45.64950817, -23.74390489], [-45.6495961, -23.74382865], [-45.64971422, -23.74370532], [-45.64978084, -23.74348736], [-45.64975254, -23.74332129], [-45.64940992, -23.74268957], [-45.6492925, -23.74236039], [-45.64922637, -23.74208247], [-45.64922504, -23.74181513], [-45.64933892, -23.74143078], [-45.64940884, -23.74128416], [-45.64955462, -23.74120045], [-45.64990463, -23.7411466], [-45.65003299, -23.74110993], [-45.65029934, -23.74080623], [-45.65047638, -23.74069529], [-45.65057646, -23.74069487], [-45.65069145, -23.74073322], [-45.65095811, -23.74088565], [-45.6512743, -23.74093761], [-45.65155556, -23.74086778], [-45.65179961, -23.74061927], [-45.65189367, -23.74059177], [-45.65194074, -23.74058616], [-45.65202139, -23.74062465], [-45.65212389, -23.74071725], [-45.65226242, -23.7407537], [-45.65229415, -23.74082131], [-45.65229731, -23.74106155], [-45.65222608, -23.74133733], [-45.65222145, -23.74159026], [-45.65231857, -23.74198184], [-45.65238894, -23.74212335], [-45.65248671, -23.74224939], [-45.65273792, -23.74245246], [-45.65297592, -23.74256255], [-45.65346978, -23.7426273], [-45.65369244, -23.74261281], [-45.65386531, -23.74264821], [-45.65396374, -23.74271011], [-45.65401331, -23.74281377], [-45.65396865, -23.7429079], [-45.65386213, -23.74299506], [-45.65359329, -23.7431931], [-45.65348504, -23.74332452], [-45.65346133, -23.74348901], [-45.65349713, -23.7435855], [-45.65368757, -23.74379966], [-45.65394534, -23.74393767], [-45.65486511, -23.74421106], [-45.65518372, -23.74435152], [-45.655424, -23.74452391], [-45.65576447, -23.74491447], [-45.65638404, -23.74539145], [-45.65665216, -23.74563598], [-45.65675586, -23.74577012], [-45.65689364, -23.74604773], [-45.65696159, -23.74648911], [-45.65704153, -23.7467769], [-45.6572412, -23.74726289], [-45.65753679, -23.7475064], [-45.65765235, -23.74765765], [-45.6576695, -23.74774971], [-45.65762693, -23.74787002], [-45.6573493, -23.74827403], [-45.65724775, -23.74856711], [-45.65714895, -23.74902004], [-45.65709567, -23.74915665], [-45.65692345, -23.74944822], [-45.65660076, -23.74967088], [-45.65639025, -23.7497621], [-45.65608846, -23.74984918], [-45.6557967, -23.74997958], [-45.65570873, -23.7500477], [-45.65567407, -23.75017894], [-45.6556745, -23.75026349], [-45.65571627, -23.75035208], [-45.65579021, -23.75044477], [-45.65599516, -23.75061641], [-45.65609363, -23.75068554], [-45.65621749, -23.75073018], [-45.65632453, -23.75074598], [-45.65655906, -23.75074769], [-45.65703845, -23.75066075], [-45.65717186, -23.75065296], [-45.65734849, -23.75065221], [-45.65749573, -23.75066333], [-45.65760193, -23.75070803], [-45.65776533, -23.7508094], [-45.65793321, -23.75102275], [-45.65803625, -23.75121921], [-45.65809366, -23.75131832], [-45.65816963, -23.75140019], [-45.658267, -23.75144494], [-45.65840938, -23.7514642], [-45.65861447, -23.75146604], [-45.65978985, -23.75143302], [-45.66000654, -23.75140049], [-45.66017893, -23.75133833], [-45.66027176, -23.75126026], [-45.66036933, -23.75114965], [-45.66047923, -23.75095679], [-45.66059092, -23.7507278], [-45.66070789, -23.75057195], [-45.66093851, -23.75038219], [-45.66120319, -23.75015116], [-45.66155118, -23.74994677], [-45.66193545, -23.74979806], [-45.66214596, -23.74970774], [-45.66231413, -23.7495896], [-45.66258138, -23.74926962], [-45.66274077, -23.74896726], [-45.66284599, -23.74881868], [-45.66297492, -23.74870071], [-45.66344944, -23.74842951], [-45.66374951, -23.74819881], [-45.66419, -23.74779589], [-45.66474824, -23.74719917], [-45.66488531, -23.74694568], [-45.66505318, -23.74638225], [-45.66523931, -23.74613036], [-45.66541351, -23.74604019], [-45.6655585, -23.74599531], [-45.66618334, -23.74595649], [-45.66637827, -23.74589152], [-45.66651422, -23.74580603], [-45.66662066, -23.74570531], [-45.66670625, -23.74555591], [-45.66677628, -23.74524129], [-45.66687574, -23.74511893], [-45.66700589, -23.74505153], [-45.66712557, -23.74504559], [-45.66725149, -23.74510918], [-45.66735623, -23.74525234], [-45.66756543, -23.74567685], [-45.66767209, -23.74581277], [-45.66785645, -23.74598449], [-45.66813293, -23.74613142], [-45.66828526, -23.74617954], [-45.66844715, -23.74617794], [-45.66902543, -23.7460526], [-45.66913533, -23.74605302], [-45.66946851, -23.74615997], [-45.66958134, -23.74615948], [-45.66973814, -23.74612086], [-45.66984284, -23.74606351], [-45.6699159, -23.74596023], [-45.67017195, -23.74480029], [-45.6703626, -23.74428282], [-45.67051289, -23.74412411], [-45.67061962, -23.74407938], [-45.67070105, -23.74407903], [-45.67079254, -23.7441256], [-45.67090302, -23.74423893], [-45.67105151, -23.7444957], [-45.671222, -23.74502154], [-45.67137049, -23.74527831], [-45.67183214, -23.74594649], [-45.67188952, -23.74622895], [-45.6718526, -23.74649194], [-45.6717726, -23.74677138], [-45.67176029, -23.74704963], [-45.67184897, -23.74731389], [-45.67202318, -23.74760848], [-45.67211786, -23.747702], [-45.6725166, -23.7479631], [-45.67383533, -23.74852729], [-45.67425112, -23.74866909], [-45.67540258, -23.74933154], [-45.67651894, -23.7498451], [-45.67724503, -23.75002798], [-45.67767225, -23.75010198], [-45.67797425, -23.75005821], [-45.67874178, -23.75009729], [-45.67969229, -23.7500353], [-45.6801232, -23.75006231], [-45.68028889, -23.75003539], [-45.68085667, -23.74977818], [-45.68128131, -23.74954328], [-45.68157023, -23.74943904], [-45.68216934, -23.74935691], [-45.68238151, -23.74939933], [-45.68262662, -23.74936031], [-45.68270679, -23.74930577], [-45.68280426, -23.74917889], [-45.68289006, -23.74888677], [-45.68289481, -23.7484794], [-45.68285407, -23.74800629], [-45.68288139, -23.74797546], [-45.68288494, -23.747905], [-45.68294927, -23.74782162], [-45.68307339, -23.74772713], [-45.6831488, -23.7476988], [-45.6833559, -23.74771143], [-45.68347587, -23.74776148], [-45.68400164, -23.74810419], [-45.68445064, -23.7482151], [-45.68459197, -23.7482208], [-45.68478602, -23.74817568], [-45.68492379, -23.74806488], [-45.68507066, -23.74781674], [-45.68527217, -23.7473236], [-45.68548279, -23.74706976], [-45.68567464, -23.7469813], [-45.68631376, -23.74685924], [-45.68649189, -23.74677264], [-45.68672628, -23.74656296], [-45.68678928, -23.74641455], [-45.68680238, -23.74629166], [-45.68676634, -23.74615543], [-45.68662507, -23.74597361], [-45.6863776, -23.7457471], [-45.68632022, -23.74565794], [-45.68631092, -23.74556766], [-45.68631912, -23.74544749], [-45.68635266, -23.7452938], [-45.68645296, -23.74514793], [-45.68659579, -23.74506691], [-45.68707071, -23.74488326], [-45.6874922, -23.7448028], [-45.68777335, -23.74471484], [-45.68832826, -23.74462837], [-45.68879636, -23.74445558], [-45.68900148, -23.74427854], [-45.68903197, -23.74410589], [-45.68900092, -23.743985], [-45.68893141, -23.74382725], [-45.68881797, -23.74371304], [-45.68865371, -23.7436379], [-45.68808016, -23.74353569], [-45.68795423, -23.74347121], [-45.68759744, -23.74316752], [-45.68681142, -23.74277721], [-45.68643013, -23.74247723], [-45.68635964, -23.74232038], [-45.68639236, -23.7421974], [-45.68645873, -23.74213027], [-45.68667129, -23.74206339], [-45.68700076, -23.74202399], [-45.6872618, -23.74203186], [-45.6881578, -23.74225277], [-45.68843543, -23.74224431], [-45.68869303, -23.74215826], [-45.6888322, -23.74194177], [-45.6888372, -23.74158589], [-45.68875537, -23.74132522], [-45.68863849, -23.74111529], [-45.68862186, -23.74093924], [-45.68865444, -23.74078916], [-45.68873436, -23.74068764], [-45.6888696, -23.74065633], [-45.68901682, -23.74066561], [-45.68942279, -23.74080651], [-45.6896742, -23.74085055], [-45.68998606, -23.74082206], [-45.690181, -23.74076158], [-45.69032149, -23.74061102], [-45.69043236, -23.74042446], [-45.69047781, -23.73992568], [-45.69050258, -23.73978557], [-45.69057356, -23.73966332], [-45.69074005, -23.73960477], [-45.690901, -23.73961218], [-45.69132338, -23.73970242], [-45.69149599, -23.7396881], [-45.69162614, -23.73962249], [-45.69185009, -23.73929814], [-45.69198586, -23.73918101], [-45.69214758, -23.73914958], [-45.69226344, -23.73916532], [-45.69236414, -23.73928229], [-45.69244563, -23.73947882], [-45.6924792, -23.73970357], [-45.69257303, -23.73982147], [-45.69263798, -23.73985731], [-45.692795, -23.73986383], [-45.69304847, -23.73973986], [-45.69319569, -23.73974823], [-45.69330402, -23.73982542], [-45.69336072, -23.73997059], [-45.69339404, -23.74014837], [-45.69339548, -23.74023507], [-45.69331633, -23.74048291], [-45.69309282, -23.74088945], [-45.69306993, -23.7410151], [-45.69307859, -23.74116861], [-45.69314312, -23.74131103], [-45.69319243, -23.74135868], [-45.69342112, -23.7413712], [-45.69387195, -23.74127615], [-45.69398286, -23.74128287], [-45.69402912, -23.74130976], [-45.69406518, -23.7414487], [-45.69405514, -23.74159055], [-45.69388838, -23.74196974], [-45.69377441, -23.7421247], [-45.69370841, -23.74226138], [-45.69364692, -23.74250914], [-45.69372643, -23.74270027], [-45.69386707, -23.74276286], [-45.69429911, -23.74282234], [-45.69446439, -23.74290469], [-45.69449122, -23.7429687], [-45.69446738, -23.74309887], [-45.69433187, -23.74326477], [-45.69397579, -23.74346598], [-45.69364738, -23.7437059], [-45.69354985, -23.74381833], [-45.69348086, -23.743946], [-45.69345014, -23.74407349], [-45.69344988, -23.74421078], [-45.69351538, -23.74435048], [-45.69388201, -23.74465593], [-45.69405796, -23.74490172], [-45.69416343, -23.74517672], [-45.69416415, -23.74531311], [-45.69406462, -23.74560168], [-45.69388388, -23.74593487], [-45.6938697, -23.7460379], [-45.69395011, -23.74658308], [-45.69386713, -23.7468481], [-45.69361509, -23.74724393], [-45.69354583, -23.74750618], [-45.69351607, -23.74800037], [-45.6935712, -23.74859082], [-45.69347649, -23.74886492], [-45.69322344, -23.7494414], [-45.69316858, -23.74982822], [-45.69313323, -23.74998589], [-45.69311565, -23.75013392], [-45.69313935, -23.75027331], [-45.69331094, -23.75058629], [-45.69349595, -23.75068752], [-45.69385025, -23.75070038], [-45.69418857, -23.75066002], [-45.6943671, -23.75057216], [-45.6945958, -23.75039782], [-45.69479333, -23.75016415], [-45.6949245, -23.75010485], [-45.69505286, -23.75006905], [-45.695152, -23.75007583], [-45.6954367, -23.75010345], [-45.69573559, -23.75002985], [-45.69618718, -23.74998907], [-45.69653938, -23.74987358], [-45.6966932, -23.74982954], [-45.69681002, -23.74983895], [-45.69691679, -23.74988011], [-45.69700902, -23.74995155], [-45.69711998, -23.75009055], [-45.69743, -23.75052878], [-45.69748286, -23.75070571], [-45.69748578, -23.75088633], [-45.69743569, -23.75106088], [-45.69676836, -23.75178375], [-45.69663039, -23.75204089], [-45.69656283, -23.75225254], [-45.69647557, -23.75245074], [-45.69619317, -23.7526742], [-45.69586264, -23.75288795], [-45.69575531, -23.75300223], [-45.69571386, -23.75314242], [-45.69573264, -23.75335278], [-45.69564017, -23.7534932], [-45.69550504, -23.753548], [-45.69525978, -23.75355723], [-45.69391811, -23.75350636], [-45.69363993, -23.75341548], [-45.69336443, -23.75327401], [-45.69280516, -23.75291433], [-45.69252574, -23.75277378], [-45.69204002, -23.75258808], [-45.69160489, -23.75250784], [-45.69105616, -23.75246875], [-45.69090228, -23.75250285], [-45.69080081, -23.7526126], [-45.69080155, -23.75275259], [-45.69082685, -23.7528979], [-45.69090475, -23.75315677], [-45.69087668, -23.75341612], [-45.69074656, -23.75367502], [-45.69042644, -23.75400432], [-45.69031087, -23.75423154], [-45.69031221, -23.75448714], [-45.69036669, -23.7547687], [-45.69027046, -23.75550073], [-45.69032747, -23.75570641], [-45.69065687, -23.75601926], [-45.69089493, -23.75613019], [-45.69118382, -23.75620387], [-45.69158704, -23.75637367], [-45.69209276, -23.75681127], [-45.69220314, -23.7569011], [-45.69234481, -23.75696911], [-45.69254909, -23.75700252], [-45.69307234, -23.75704352], [-45.69322067, -23.75707357], [-45.69345289, -23.75719175], [-45.69364009, -23.75733542], [-45.69385046, -23.75759009], [-45.69403387, -23.75775817], [-45.69452677, -23.75799711], [-45.69499864, -23.75815576], [-45.69527709, -23.7582945], [-45.69540438, -23.7584267], [-45.69543832, -23.75853494], [-45.69543969, -23.75860809], [-45.69538026, -23.75868965], [-45.69530487, -23.7587225], [-45.69515196, -23.7587548], [-45.69474612, -23.7588334], [-45.69423223, -23.75889442], [-45.69392766, -23.75900959], [-45.6936697, -23.75921849], [-45.69344467, -23.75934505], [-45.69317915, -23.75942482], [-45.69265145, -23.75947054], [-45.69237118, -23.75954315], [-45.69225381, -23.75961593], [-45.69205952, -23.75980377], [-45.69179415, -23.76028185], [-45.69150273, -23.76103102], [-45.69107865, -23.76174736], [-45.69099166, -23.76199884], [-45.69089011, -23.76246806], [-45.69080393, -23.76268612], [-45.69044217, -23.7631267], [-45.68997378, -23.76362917], [-45.68963289, -23.76411933], [-45.68936074, -23.76443035], [-45.68905702, -23.7647126], [-45.68870126, -23.76517573], [-45.68849575, -23.76565806], [-45.68818972, -23.76661954], [-45.68792143, -23.76710756], [-45.68783015, -23.76729132], [-45.68777146, -23.76751468], [-45.68776071, -23.76771162], [-45.68783913, -23.76788018], [-45.68796427, -23.76797716], [-45.68810979, -23.768028], [-45.68831993, -23.76805235], [-45.68847972, -23.76801913], [-45.68862761, -23.76796337], [-45.68876357, -23.76787606], [-45.68891386, -23.76771642], [-45.68914923, -23.76731434], [-45.68955874, -23.76625034], [-45.68978286, -23.7657607], [-45.69029672, -23.76494642], [-45.69040048, -23.76470931], [-45.69062427, -23.7639749], [-45.69076137, -23.76373404], [-45.69095344, -23.76349563], [-45.69119393, -23.76332204], [-45.69145633, -23.76320887], [-45.69173574, -23.76315614], [-45.69251872, -23.76313185], [-45.69356064, -23.76289776], [-45.69423579, -23.76289383], [-45.69467989, -23.76281054], [-45.69500485, -23.76265102], [-45.69517605, -23.7625518], [-45.69525245, -23.76252436], [-45.69534178, -23.76252938], [-45.69539503, -23.76257791], [-45.6954495, -23.76267069], [-45.69550364, -23.76288812], [-45.69556418, -23.76319856], [-45.69560782, -23.76347113], [-45.69569604, -23.76363602], [-45.69600382, -23.76412147], [-45.69638367, -23.76450272], [-45.69749888, -23.76531419], [-45.6976917, -23.76540364], [-45.69791757, -23.76543242], [-45.69823057, -23.76542288], [-45.69847763, -23.76537751], [-45.69898183, -23.76515213], [-45.69917093, -23.76509708], [-45.69931909, -23.76509099], [-45.69947324, -23.76510655], [-45.69968181, -23.76520406], [-45.70109394, -23.76592926], [-45.70147005, -23.76615877], [-45.70198718, -23.76633345], [-45.70226171, -23.76646859], [-45.7023731, -23.76656021], [-45.7024308, -23.76670717], [-45.70247168, -23.76682711], [-45.70245468, -23.76695093], [-45.70239648, -23.76707764], [-45.70231075, -23.76719364], [-45.70208171, -23.76748913], [-45.70199045, -23.7676729], [-45.70199392, -23.76795378], [-45.70204942, -23.76805559], [-45.70214416, -23.76815361], [-45.70227512, -23.76823521], [-45.70243137, -23.76827424], [-45.70263844, -23.7682742], [-45.70291071, -23.7681709], [-45.70343789, -23.76783973], [-45.70356331, -23.76780393], [-45.70368617, -23.7678395], [-45.70376609, -23.76791772], [-45.70379834, -23.76807563], [-45.70373884, -23.76869099], [-45.70378823, -23.76911527], [-45.70388872, -23.76937042], [-45.70403398, -23.76955582], [-45.70423001, -23.76969131], [-45.70449529, -23.76974791], [-45.70475724, -23.76973317], [-45.70506972, -23.76962516], [-45.70541564, -23.76934901], [-45.70562345, -23.76912045], [-45.70600462, -23.76882968], [-45.70637816, -23.76876204], [-45.70692288, -23.76877309], [-45.70743591, -23.7687292], [-45.70794338, -23.7685652], [-45.70822571, -23.76850881], [-45.70876153, -23.76850635], [-45.70928588, -23.76856084], [-45.71009036, -23.76851379], [-45.7108922, -23.76834391], [-45.71141508, -23.76830718], [-45.71168916, -23.76835921], [-45.71214649, -23.76853955], [-45.71241675, -23.76861056], [-45.71267866, -23.76858858], [-45.71309508, -23.76846653], [-45.71327369, -23.76846571], [-45.71340383, -23.7685753], [-45.71367571, -23.76894345], [-45.71388918, -23.7690355], [-45.71442147, -23.7691062], [-45.71491897, -23.7692746], [-45.7152, -23.76933923], [-45.71573225, -23.7694018], [-45.71653029, -23.76943332], [-45.71732811, -23.76960304], [-45.7181335, -23.76972303], [-45.71856825, -23.76989985], [-45.71891644, -23.77022157], [-45.71906957, -23.77040512], [-45.71927941, -23.77055227], [-45.71956681, -23.77070267], [-45.7197966, -23.77072869], [-45.71991613, -23.77069201], [-45.72003361, -23.77063997], [-45.72010482, -23.77056197], [-45.72012471, -23.77043091], [-45.72011276, -23.77022232], [-45.72003325, -23.77004025], [-45.7199412, -23.76989797], [-45.71969678, -23.76970943], [-45.71943393, -23.76956073], [-45.71890577, -23.76935003], [-45.71760205, -23.76873288], [-45.71714124, -23.76845502], [-45.71686917, -23.768235], [-45.71668141, -23.76799833], [-45.7161863, -23.76754721], [-45.71573877, -23.76700556], [-45.71557548, -23.76675612], [-45.71530406, -23.76647377], [-45.71511292, -23.76633466], [-45.71460614, -23.7660823], [-45.71293789, -23.76501248], [-45.71250579, -23.76477693], [-45.71225799, -23.76468504], [-45.71176282, -23.76457984], [-45.71150716, -23.76448709], [-45.71086811, -23.76409081], [-45.7103547, -23.76387911], [-45.70985368, -23.76377935], [-45.70939157, -23.7636189], [-45.70819706, -23.76285304], [-45.70791349, -23.76267731], [-45.70774438, -23.76261847], [-45.70753328, -23.76259776], [-45.70647845, -23.76261704], [-45.70627896, -23.76256647], [-45.70612337, -23.76246602], [-45.70590528, -23.76224031], [-45.70575397, -23.76202513], [-45.70561693, -23.76190654], [-45.70525313, -23.76177452], [-45.70489163, -23.76170572], [-45.70470043, -23.76155305], [-45.70434941, -23.7610615], [-45.70395542, -23.76079052], [-45.70326087, -23.76046672], [-45.70306175, -23.76029963], [-45.70291036, -23.76006729], [-45.70278215, -23.7597662], [-45.70245606, -23.75934679], [-45.70243617, -23.7592972], [-45.70244181, -23.75925021], [-45.70247595, -23.75921302], [-45.70252285, -23.75917397], [-45.70261109, -23.75916093], [-45.70281029, -23.75915821], [-45.70302836, -23.75919967], [-45.70327023, -23.75928709], [-45.70391024, -23.75968881], [-45.7041257, -23.75979079], [-45.70463394, -23.75995738], [-45.70528574, -23.76035995], [-45.70552082, -23.76046093], [-45.70577513, -23.76048868], [-45.70603095, -23.76043331], [-45.70625779, -23.76027873], [-45.70646911, -23.7599788], [-45.7066205, -23.7596647], [-45.70701616, -23.75915528], [-45.7072318, -23.75892669], [-45.70816796, -23.75819983], [-45.70826181, -23.75795282], [-45.70816889, -23.75764706], [-45.70800277, -23.75741299], [-45.70792303, -23.75718394], [-45.70795505, -23.75602949], [-45.70791256, -23.75579394], [-45.70776513, -23.75538546], [-45.70778315, -23.75527158], [-45.70788772, -23.75519252], [-45.70801825, -23.75519463], [-45.70829134, -23.75525028], [-45.70867576, -23.75538581], [-45.7091188, -23.7554759], [-45.70959666, -23.755471], [-45.70996726, -23.75541059], [-45.71030904, -23.75546501], [-45.71070186, -23.75552192], [-45.71101636, -23.75543196], [-45.71122516, -23.75521242], [-45.71137626, -23.75502747], [-45.71151914, -23.75495636], [-45.71169105, -23.75499079], [-45.71187853, -23.75518231], [-45.71277643, -23.75572823], [-45.71299733, -23.75592953], [-45.71326712, -23.75609718], [-45.71357285, -23.75619874], [-45.71439621, -23.75639003], [-45.71452104, -23.75642738], [-45.71463117, -23.75646842], [-45.71471293, -23.75652585], [-45.71478697, -23.7566077], [-45.7148503, -23.75670405], [-45.7149109, -23.75683925], [-45.71529659, -23.75792403], [-45.71548279, -23.75823929], [-45.71623405, -23.75905863], [-45.71654911, -23.75924955], [-45.71674085, -23.75932002], [-45.71688929, -23.7593672], [-45.71710121, -23.75935989], [-45.71722049, -23.75927986], [-45.71734515, -23.75910677], [-45.71734378, -23.75885749], [-45.7172766, -23.75859497], [-45.71719313, -23.75840478], [-45.71702098, -23.75814997], [-45.71677511, -23.75787021], [-45.71648519, -23.75761233], [-45.71613194, -23.7572563], [-45.71608006, -23.75710028], [-45.71608787, -23.75691328], [-45.71612183, -23.75684268], [-45.71618739, -23.75680805], [-45.71639032, -23.75677188], [-45.71668387, -23.75679943], [-45.71698453, -23.75686938], [-45.71727314, -23.75688882], [-45.71754916, -23.75676109], [-45.71780007, -23.7565278], [-45.71808464, -23.75634854], [-45.71820906, -23.75631093], [-45.71838474, -23.75631644], [-45.71867263, -23.75638465], [-45.71915245, -23.75655673], [-45.71955469, -23.75654222], [-45.72048288, -23.7563437], [-45.72076401, -23.75625297], [-45.72108695, -23.7560925], [-45.72134478, -23.75586911], [-45.72151789, -23.7555874], [-45.72159099, -23.75531881], [-45.72148244, -23.75485145], [-45.72149174, -23.75475838], [-45.72158161, -23.7546857], [-45.72203811, -23.75454447], [-45.7222199, -23.75441266], [-45.72242773, -23.75419853], [-45.72288245, -23.75338171], [-45.72294858, -23.75309599], [-45.72295391, -23.75281777], [-45.72292005, -23.75254968], [-45.72274291, -23.75210071], [-45.72239004, -23.7516372], [-45.72192535, -23.75117874], [-45.72157871, -23.75095456], [-45.72133139, -23.75076784], [-45.72111273, -23.75061712], [-45.72107411, -23.75055498], [-45.72107863, -23.75048451], [-45.72128639, -23.75026285], [-45.72136806, -23.75011483], [-45.72136102, -23.74991146], [-45.72127069, -23.74972401], [-45.71968543, -23.7480144], [-45.71962966, -23.74786473], [-45.71963088, -23.74773014], [-45.71969888, -23.74760428], [-45.71977015, -23.74753982], [-45.72026466, -23.74753571], [-45.72039885, -23.74749173], [-45.72048578, -23.74741907], [-45.72057305, -23.7472308], [-45.7206546, -23.74653675], [-45.72072937, -23.7463955], [-45.72085253, -23.74630822], [-45.72100383, -23.74634364], [-45.72116319, -23.74641696], [-45.72139384, -23.74660736], [-45.7216648, -23.74698996], [-45.72223371, -23.74766652], [-45.72272026, -23.74817546], [-45.72319447, -23.74875853], [-45.72335219, -23.74888875], [-45.72364754, -23.74906621], [-45.72414943, -23.74915418], [-45.7247687, -23.74935088], [-45.72495476, -23.74928317], [-45.72514667, -23.74903299], [-45.72533675, -23.74880449], [-45.72630918, -23.74828057], [-45.72663843, -23.74802432], [-45.72694365, -23.74768057], [-45.72704576, -23.7475148], [-45.72720311, -23.74704891], [-45.72737234, -23.74624967], [-45.72747643, -23.74591048], [-45.72814044, -23.74444957], [-45.72833709, -23.74364118], [-45.72854389, -23.74324821], [-45.72864174, -23.74319898], [-45.72879959, -23.74317746], [-45.72898649, -23.74326328], [-45.72907243, -23.74336585], [-45.72916083, -23.74355962], [-45.72921511, -23.74414555], [-45.72917331, -23.74527204], [-45.72933548, -23.74620249], [-45.72932885, -23.74659813], [-45.72917362, -23.7470902], [-45.72843679, -23.74816037], [-45.72830206, -23.74845816], [-45.72823013, -23.74875746], [-45.72813579, -23.74961505], [-45.72809818, -23.74973355], [-45.72783757, -23.75015748], [-45.72780518, -23.75026103], [-45.72781122, -23.75039702], [-45.72785462, -23.75051888], [-45.72791073, -23.75072109], [-45.72795848, -23.75106675], [-45.72796961, -23.75142102], [-45.72787701, -23.75231054], [-45.72780378, -23.75255204], [-45.72735945, -23.75346818], [-45.72729793, -23.75369789], [-45.72731922, -23.75417468], [-45.72743351, -23.75461039], [-45.72766862, -23.75506992], [-45.7278368, -23.7553139], [-45.72839795, -23.75581886], [-45.72861075, -23.75614572], [-45.72861956, -23.75649432], [-45.72855611, -23.75673126], [-45.72842789, -23.7569667], [-45.72806341, -23.75741911], [-45.72788347, -23.75770718], [-45.72786996, -23.75792582], [-45.72794966, -23.75814041], [-45.72813715, -23.75832739], [-45.72846862, -23.75846583], [-45.72940305, -23.75868361], [-45.73017683, -23.75895182], [-45.73042615, -23.75896419], [-45.73089084, -23.75888432], [-45.73154094, -23.7586175], [-45.73169599, -23.75844426], [-45.73188962, -23.75814889], [-45.73204714, -23.7577137], [-45.7321977, -23.7565614], [-45.73233049, -23.75609201], [-45.73249311, -23.75586814], [-45.7326142, -23.7557628], [-45.732779, -23.75575298], [-45.73312961, -23.75615596], [-45.73366038, -23.75666194], [-45.73419129, -23.75736754], [-45.73429878, -23.75763709], [-45.73426276, -23.75786306], [-45.73388373, -23.75834446], [-45.73378043, -23.75864662], [-45.73381597, -23.75885961], [-45.73389941, -23.75903986], [-45.7340153, -23.75923169], [-45.73434019, -23.75942163], [-45.73571368, -23.75988476], [-45.73661412, -23.76033659], [-45.73695423, -23.76043884], [-45.73753568, -23.76052819], [-45.7382256, -23.76053844], [-45.73869843, -23.76050908], [-45.73894935, -23.76045731], [-45.73935175, -23.76029371], [-45.7395508, -23.76009314], [-45.73965993, -23.75978102], [-45.73969869, -23.75952161], [-45.7397554, -23.75931089], [-45.73984704, -23.75920387], [-45.73995099, -23.75919254], [-45.74022305, -23.75923459], [-45.74065384, -23.75923343], [-45.74076699, -23.75928617], [-45.74079053, -23.75945857], [-45.74070642, -23.75968207], [-45.7407215, -23.75991954], [-45.74083113, -23.76021617], [-45.74121, -23.76075176], [-45.74188594, -23.76158308], [-45.74203284, -23.76187772], [-45.74208047, -23.76214394], [-45.7420682, -23.76240231], [-45.74198045, -23.76267641], [-45.74179334, -23.76290672], [-45.74154012, -23.76324664], [-45.74154155, -23.76349862], [-45.74164861, -23.76368869], [-45.74198912, -23.76385956], [-45.74227011, -23.76391602], [-45.74311506, -23.76392009], [-45.74370544, -23.76402382], [-45.74430494, -23.7641799], [-45.74488927, -23.76425566], [-45.74525514, -23.76422499], [-45.74576979, -23.76412767], [-45.7461613, -23.76394695], [-45.7463802, -23.76378602], [-45.7465926, -23.76351765], [-45.74702242, -23.76265843], [-45.74734535, -23.7623272], [-45.74765173, -23.76219114], [-45.747939, -23.76214639], [-45.74818172, -23.76203232], [-45.74849769, -23.76168576], [-45.74863884, -23.76165798], [-45.7488644, -23.76180501], [-45.74916453, -23.76194807], [-45.74945507, -23.76196021], [-45.74973253, -23.76191641], [-45.74998836, -23.7619259], [-45.7502296, -23.76199862], [-45.75048064, -23.7621394], [-45.75058196, -23.76218226], [-45.75076117, -23.76228887], [-45.75098419, -23.76250366], [-45.7513331, -23.76311072], [-45.75175391, -23.76376259], [-45.75182897, -23.76384532], [-45.75190374, -23.76387928], [-45.7519833, -23.76389154], [-45.75207146, -23.76386311], [-45.75235316, -23.76370187], [-45.75252852, -23.76365044], [-45.75283587, -23.76368416], [-45.75315541, -23.76378828], [-45.75323883, -23.76379058], [-45.75346985, -23.7636901], [-45.75363171, -23.76350867], [-45.75368289, -23.76319411], [-45.75365327, -23.76265143], [-45.75369847, -23.76232154], [-45.75377015, -23.76215771], [-45.75388206, -23.76199549], [-45.75427197, -23.76154018], [-45.75440788, -23.76128391], [-45.75447629, -23.7612348], [-45.75461154, -23.76120614], [-45.75541175, -23.76145061], [-45.75620036, -23.76155694], [-45.75644282, -23.76157021], [-45.75667091, -23.76147245], [-45.75679277, -23.76133456], [-45.75684685, -23.76118256], [-45.75685483, -23.7610362], [-45.75681666, -23.76071304], [-45.75655704, -23.75993936], [-45.75650034, -23.75946726], [-45.75634051, -23.75914831], [-45.75610613, -23.75883514], [-45.75569299, -23.75849304], [-45.75521379, -23.75775566], [-45.75493084, -23.75718622], [-45.75489506, -23.75710782], [-45.75463182, -23.75672343], [-45.75448362, -23.75654803], [-45.75383132, -23.75608155], [-45.75317899, -23.75560874], [-45.75294805, -23.75537865], [-45.75235126, -23.75483602], [-45.75200455, -23.75460829], [-45.75167883, -23.7544482], [-45.75136376, -23.75443528], [-45.75117174, -23.7544877], [-45.75098637, -23.75467466], [-45.75084192, -23.75515316], [-45.75072768, -23.75525126], [-45.75059623, -23.75525822], [-45.75048095, -23.75517659], [-45.75001135, -23.75491703], [-45.74977686, -23.75475107], [-45.74960763, -23.7545008], [-45.74940585, -23.75405018], [-45.74923663, -23.75380081], [-45.74901222, -23.75368177], [-45.74879004, -23.75360969], [-45.74794573, -23.7535343], [-45.74741417, -23.75358474], [-45.74670377, -23.75359088], [-45.74639541, -23.75354721], [-45.74612786, -23.7534338], [-45.74592584, -23.75328213], [-45.7458071, -23.75310929], [-45.74577699, -23.75247358], [-45.74571741, -23.752006], [-45.74550786, -23.75173786], [-45.7453394, -23.75162125], [-45.74512489, -23.75151661], [-45.74482042, -23.75146569], [-45.74391437, -23.75140232], [-45.74352755, -23.75136534], [-45.74324345, -23.75127458], [-45.74298552, -23.75112499], [-45.74281076, -23.75093435], [-45.74267992, -23.75064325], [-45.74251769, -23.75037285], [-45.74241762, -23.75026767], [-45.74226732, -23.75007821], [-45.74207766, -23.7498757], [-45.74189841, -23.74975914], [-45.74173528, -23.74971657], [-45.7415439, -23.74970846], [-45.74137046, -23.74975174], [-45.74124988, -23.74977128], [-45.74113687, -23.74974021], [-45.74072232, -23.74948388], [-45.74057989, -23.74945837], [-45.73998135, -23.74946034], [-45.73987707, -23.74941206], [-45.73973898, -23.74928537], [-45.73964592, -23.7491386], [-45.73950737, -23.7487563], [-45.73931801, -23.74841218], [-45.73902566, -23.74807397], [-45.7388393, -23.74791319], [-45.73800185, -23.74730752], [-45.73769865, -23.74713285], [-45.73737409, -23.74699711], [-45.73708767, -23.74683951], [-45.73652827, -23.74647096], [-45.7358823, -23.74571443], [-45.73531403, -23.74498735], [-45.73481763, -23.74447849], [-45.73449336, -23.7442181], [-45.73416355, -23.74402096], [-45.73327993, -23.74357265], [-45.7329344, -23.74336926], [-45.73256201, -23.74310187], [-45.7323371, -23.74288616], [-45.73204563, -23.74269968], [-45.73083408, -23.74221135], [-45.73057814, -23.74206082], [-45.73040649, -23.74189544], [-45.73035984, -23.74179992], [-45.73038546, -23.74164265], [-45.73046347, -23.74155647], [-45.73067092, -23.74145524], [-45.73085904, -23.74140828], [-45.73167183, -23.74130057], [-45.73248768, -23.74103748], [-45.73284481, -23.74085966], [-45.73310444, -23.74061728], [-45.73326394, -23.74036453], [-45.73336276, -23.74013916], [-45.73337614, -23.73972542], [-45.73333618, -23.73959826], [-45.73308819, -23.73929144], [-45.73294319, -23.73915394], [-45.7326055, -23.7389469], [-45.73247076, -23.73888973], [-45.73182922, -23.73873832], [-45.73141832, -23.73859936], [-45.73066194, -23.73826243], [-45.7300813, -23.73812247], [-45.72995049, -23.73806618], [-45.72978012, -23.73795138], [-45.72976167, -23.73781056], [-45.72978197, -23.73775537], [-45.72986386, -23.73766105], [-45.72997538, -23.73760272], [-45.73053872, -23.73745554], [-45.73075517, -23.73738588], [-45.73087722, -23.73728053], [-45.73095861, -23.73709589], [-45.73096902, -23.73685197], [-45.73091544, -23.73656952], [-45.73073074, -23.73634911], [-45.73059963, -23.73623773], [-45.72952126, -23.73551483], [-45.7292109, -23.73528056], [-45.72906385, -23.735125], [-45.72890971, -23.7347536], [-45.7288925, -23.73448181], [-45.72892979, -23.73412939], [-45.72891709, -23.73396326], [-45.72885945, -23.73383166], [-45.72845978, -23.73323742], [-45.72842864, -23.73310751], [-45.72842655, -23.73290881], [-45.72845002, -23.73289335], [-45.72851134, -23.73263022], [-45.7286878, -23.73242797], [-45.72924994, -23.73189243], [-45.72932417, -23.73165634], [-45.72929982, -23.73151285], [-45.7291645, -23.7313491], [-45.72878181, -23.73116123], [-45.72868702, -23.73105329], [-45.72864011, -23.73090809], [-45.72869061, -23.73081663], [-45.72884738, -23.73060274], [-45.7291088, -23.73033054], [-45.72925389, -23.73013476], [-45.72932389, -23.7298427], [-45.72934354, -23.72931964], [-45.72922675, -23.72878278], [-45.72910146, -23.7284826], [-45.72896689, -23.72827731], [-45.72870366, -23.72804642], [-45.72841628, -23.72788339], [-45.72796905, -23.72773105], [-45.72749374, -23.72764567], [-45.72694992, -23.72759133], [-45.72633022, -23.72765204], [-45.72609768, -23.72764591], [-45.7259066, -23.72751133], [-45.72584812, -23.72740231], [-45.72584799, -23.7272018], [-45.72590037, -23.72691704], [-45.7258808, -23.72674914], [-45.72577073, -23.72636037], [-45.72561435, -23.72611182], [-45.72549299, -23.72598684], [-45.72532951, -23.72587561], [-45.72400126, -23.72518184], [-45.72390561, -23.72509377], [-45.72385512, -23.72501091], [-45.72385803, -23.72482845], [-45.72417674, -23.72444942], [-45.7242397, -23.7243028], [-45.7242921, -23.72402075], [-45.72428743, -23.72370736], [-45.72417836, -23.7233213], [-45.72404054, -23.7230582], [-45.72371173, -23.72267226], [-45.72332844, -23.72236967], [-45.72280386, -23.72206413], [-45.72220658, -23.72191518], [-45.72173636, -23.72185957], [-45.72110949, -23.72186159], [-45.72068009, -23.72191417], [-45.72037838, -23.72199596], [-45.71990285, -23.72222398], [-45.71968813, -23.72224575], [-45.71961915, -23.72218917], [-45.71955165, -23.72204497], [-45.71954962, -23.72185531], [-45.71959435, -23.7216031], [-45.71975197, -23.72118689], [-45.71978065, -23.72105037], [-45.71971546, -23.72061262], [-45.71964313, -23.72048199], [-45.71953554, -23.72036146], [-45.7192844, -23.72018198], [-45.71907135, -23.72015226], [-45.71850457, -23.72037528], [-45.71831636, -23.72040325], [-45.71819242, -23.72034151], [-45.71815345, -23.72021253], [-45.71818149, -23.71995769], [-45.71815208, -23.71978351], [-45.71804748, -23.71967109], [-45.71792768, -23.71964907], [-45.7177888, -23.71972648], [-45.71738743, -23.72006073], [-45.71720011, -23.72007153], [-45.7171037, -23.7200214], [-45.7166811, -23.7191635], [-45.71632898, -23.71863675], [-45.71573767, -23.71796027], [-45.71556428, -23.71782649], [-45.71527785, -23.71764898], [-45.71491093, -23.71746552], [-45.71443237, -23.71731508], [-45.71431527, -23.71724879], [-45.71422026, -23.71709568], [-45.7141848, -23.71688901], [-45.71424468, -23.71653557], [-45.71422896, -23.71635229], [-45.71425748, -23.71600352], [-45.71409385, -23.71495835], [-45.71398153, -23.71468881], [-45.71382815, -23.71444565], [-45.71341476, -23.7140104], [-45.71341114, -23.71388577], [-45.71348003, -23.71374726], [-45.71362374, -23.71365538], [-45.71375585, -23.71359786], [-45.71383872, -23.71350264], [-45.71393579, -23.71331433], [-45.7140099, -23.7132327], [-45.71414012, -23.71318693], [-45.71433734, -23.71319596], [-45.71455937, -23.71325726], [-45.71482569, -23.71334544], [-45.71503343, -23.71348358], [-45.71540396, -23.71379257], [-45.71563682, -23.71403988], [-45.71580479, -23.71408155], [-45.71592223, -23.71403043], [-45.71617803, -23.7139877], [-45.71630596, -23.71406117], [-45.71636841, -23.71418101], [-45.71637758, -23.71442303], [-45.71629336, -23.71462845], [-45.7161766, -23.71480421], [-45.71605075, -23.71511189], [-45.71602808, -23.71527186], [-45.71605935, -23.71542888], [-45.71620468, -23.71581478], [-45.71643937, -23.71603679], [-45.71658209, -23.71612464], [-45.71685202, -23.7161532], [-45.71717162, -23.71611649], [-45.71751868, -23.71589991], [-45.71762897, -23.71579644], [-45.71775818, -23.71556642], [-45.7178663, -23.71524618], [-45.7179682, -23.71504519], [-45.71808054, -23.71495887], [-45.71826006, -23.71495894], [-45.71837533, -23.71504963], [-45.71847932, -23.71523069], [-45.71855954, -23.71554735], [-45.71872246, -23.71574078], [-45.71887473, -23.71578072], [-45.71896302, -23.71578031], [-45.71925263, -23.71564258], [-45.71936285, -23.71552736], [-45.71960516, -23.71517036], [-45.71971577, -23.71476882], [-45.71979256, -23.71464021], [-45.71988546, -23.71458739], [-45.71999699, -23.71453358], [-45.72011095, -23.71456286], [-45.7202144, -23.71464547], [-45.72030149, -23.71478416], [-45.72044188, -23.71516195], [-45.72055496, -23.71538813], [-45.72075883, -23.71553441], [-45.72088739, -23.71554555], [-45.72111173, -23.71548941], [-45.72124958, -23.71540386], [-45.72159113, -23.71489918], [-45.72171691, -23.71476131], [-45.72184391, -23.71466497], [-45.72197625, -23.714649], [-45.72203422, -23.71466589], [-45.7221143, -23.71477842], [-45.722177, -23.7149407], [-45.72220228, -23.71525671], [-45.72230825, -23.71543867], [-45.72242032, -23.7154833], [-45.72253391, -23.71544484], [-45.72293046, -23.71513228], [-45.72306053, -23.71505942], [-45.72318888, -23.71503082], [-45.72330372, -23.71504292], [-45.7233835, -23.71510126], [-45.72342348, -23.71523565], [-45.72339428, -23.7156332], [-45.72352614, -23.71588458], [-45.72363562, -23.71599155], [-45.72369357, -23.71600483], [-45.72378517, -23.71607124], [-45.72401699, -23.71612706], [-45.7247165, -23.71613914], [-45.72519083, -23.71623265], [-45.72588023, -23.71654555], [-45.72633132, -23.71687039], [-45.72683012, -23.71712908], [-45.72698337, -23.7171681], [-45.72717861, -23.7171717], [-45.72734208, -23.7171077], [-45.72748538, -23.71694536], [-45.72752471, -23.7167835], [-45.72752978, -23.71646102], [-45.7273749, -23.71541944], [-45.72737393, -23.71524513], [-45.72747332, -23.71477138], [-45.72774663, -23.71399514], [-45.72784583, -23.71383932], [-45.72797165, -23.71370866], [-45.72808813, -23.71366295], [-45.72814805, -23.71367803], [-45.72832377, -23.71387681], [-45.72842099, -23.71407235], [-45.72874885, -23.71552407], [-45.72888884, -23.71600121], [-45.72900151, -23.71615242], [-45.72914827, -23.71625921], [-45.72946359, -23.71633631], [-45.72965059, -23.71644471], [-45.72970729, -23.71658715], [-45.7297013, -23.71674434], [-45.72959312, -23.71722446], [-45.72958619, -23.71738888], [-45.72962657, -23.71759462], [-45.72970467, -23.71770263], [-45.72987209, -23.71782017], [-45.73023538, -23.71787716], [-45.73054891, -23.71780794], [-45.73106199, -23.71763391], [-45.73123452, -23.71761141], [-45.73140257, -23.71766571], [-45.73152692, -23.7177988], [-45.73165897, -23.71825882], [-45.73174441, -23.71844989], [-45.73205458, -23.71883319], [-45.73233994, -23.718989], [-45.73251394, -23.71905411], [-45.73286061, -23.71912021], [-45.73355534, -23.71915305], [-45.73411822, -23.71911425], [-45.73460299, -23.71914175], [-45.73554316, -23.71938206], [-45.73650242, -23.71970084], [-45.73679116, -23.71975908], [-45.73689514, -23.71975858], [-45.73698913, -23.71972381], [-45.73715226, -23.7196011], [-45.73723866, -23.71943811], [-45.73726717, -23.71910108], [-45.73723067, -23.71819262], [-45.73740281, -23.71757672], [-45.73750111, -23.71743806], [-45.73764572, -23.7173353], [-45.73780077, -23.7173445], [-45.73791966, -23.71737916], [-45.73812371, -23.71755431], [-45.73819502, -23.7176741], [-45.73831064, -23.7179978], [-45.73845757, -23.71813348], [-45.73857472, -23.71820699], [-45.73875632, -23.7182278], [-45.73893082, -23.71820619], [-45.73935055, -23.71800819], [-45.73957087, -23.71793668], [-45.73968858, -23.71793431], [-45.73979371, -23.71796271], [-45.73987277, -23.7180662], [-45.73993037, -23.71819057], [-45.73991648, -23.71833606], [-45.73982993, -23.71847195], [-45.73981877, -23.71858039], [-45.73985367, -23.71867958], [-45.74003752, -23.71875095], [-45.74049797, -23.71864127], [-45.74075097, -23.7186247], [-45.74092674, -23.71865367], [-45.7410919, -23.718717], [-45.74117776, -23.71880782], [-45.74124041, -23.71895745], [-45.74114767, -23.7192117], [-45.74116487, -23.71947716], [-45.7412254, -23.7195988], [-45.74135726, -23.71967043], [-45.74145058, -23.71969256], [-45.74163716, -23.71972599], [-45.74236317, -23.71956354], [-45.74291555, -23.71940463], [-45.74337775, -23.71908358], [-45.7438391, -23.7186144], [-45.74401634, -23.71838413], [-45.74426267, -23.71788257], [-45.74433262, -23.71776391], [-45.74445093, -23.7176947], [-45.74464818, -23.71770639], [-45.74478233, -23.71783581], [-45.74486597, -23.71805399], [-45.74487285, -23.71840169], [-45.74493551, -23.71855222], [-45.74504481, -23.71862395], [-45.74517828, -23.71863325], [-45.74539805, -23.718466], [-45.74553724, -23.71844636], [-45.74561805, -23.718511], [-45.74570188, -23.71876169], [-45.74570256, -23.71888181], [-45.745594, -23.71911175], [-45.74559475, -23.71924452], [-45.74568444, -23.71931725], [-45.74579718, -23.71930406], [-45.74597282, -23.71931224], [-45.74605155, -23.71935522], [-45.74616107, -23.7196383], [-45.74628491, -23.71967834], [-45.74643397, -23.7196695], [-45.74703015, -23.71927824], [-45.74723472, -23.71919687], [-45.74736697, -23.71916371], [-45.74749563, -23.71919019], [-45.747609, -23.71928809], [-45.74768331, -23.71941689], [-45.74776504, -23.71964229], [-45.74788902, -23.71970763], [-45.74801169, -23.71971517], [-45.74812043, -23.71968845], [-45.74852059, -23.71932884], [-45.74875707, -23.71916783], [-45.74887843, -23.71911847], [-45.74900415, -23.71914495], [-45.74909476, -23.71920684], [-45.74914055, -23.71932313], [-45.74934951, -23.72018288], [-45.7494594, -23.72035666], [-45.74960231, -23.72047339], [-45.74973605, -23.72052874], [-45.75029998, -23.72067413], [-45.75058952, -23.72080228], [-45.75093656, -23.7208551], [-45.75133941, -23.72093091], [-45.75149963, -23.72098703], [-45.75187528, -23.72131398], [-45.75206721, -23.72142414], [-45.75220183, -23.72146232], [-45.75228027, -23.72145652], [-45.75241635, -23.72140709], [-45.75251886, -23.72131988], [-45.75260348, -23.72119392], [-45.75263136, -23.72092282], [-45.75253557, -23.72047078], [-45.75254183, -23.72019437], [-45.75262689, -23.71997267], [-45.75275865, -23.71985551], [-45.75305704, -23.71971226], [-45.7531331, -23.71963331], [-45.75319235, -23.71953096], [-45.75320965, -23.71929784], [-45.75335575, -23.71877237], [-45.75350167, -23.7183887], [-45.75359915, -23.71827984], [-45.75367359, -23.7182596], [-45.75376588, -23.7182727], [-45.75399482, -23.71850823], [-45.7541414, -23.71857887], [-45.75424048, -23.71857929], [-45.75431573, -23.71852924], [-45.75444021, -23.71834077], [-45.75456243, -23.71827062], [-45.75461638, -23.71826856], [-45.75471305, -23.71836111], [-45.75489013, -23.71861857], [-45.75511118, -23.7188451], [-45.75531651, -23.71889829], [-45.75540466, -23.71887347], [-45.75558408, -23.71868563], [-45.75579214, -23.71818966], [-45.75573522, -23.7176751], [-45.75563978, -23.71728629], [-45.75563841, -23.71704875], [-45.75583768, -23.71673075], [-45.75595391, -23.71664257], [-45.75604215, -23.71663401], [-45.75620155, -23.71671723], [-45.75642879, -23.71699611], [-45.75661384, -23.7172743], [-45.75670023, -23.71762523], [-45.75672933, -23.7179096], [-45.75681891, -23.71830296], [-45.75682655, -23.71843569], [-45.75673706, -23.71907921], [-45.75656032, -23.71973039], [-45.75620554, -23.72064075], [-45.75611455, -23.72102416], [-45.755933, -23.72203393], [-45.7558884, -23.72246678], [-45.75592048, -23.72275475], [-45.75602401, -23.72301617], [-45.75621266, -23.72323744], [-45.75638304, -23.72335132], [-45.75651671, -23.72339492], [-45.75670029, -23.7234166], [-45.7569707, -23.72335567], [-45.75720171, -23.72326512], [-45.75737274, -23.72315319], [-45.75761087, -23.72293796], [-45.75782319, -23.72267047], [-45.75790466, -23.7225084], [-45.75811733, -23.72179382], [-45.75830725, -23.72138555], [-45.75831259, -23.72129159], [-45.75833771, -23.72054632], [-45.758369, -23.72035829], [-45.75867128, -23.71953309], [-45.75877027, -23.71883894], [-45.7588125, -23.71867705], [-45.75898407, -23.71832035], [-45.75924495, -23.71796953], [-45.75979306, -23.71741588], [-45.75996352, -23.7172064], [-45.76011909, -23.71696809], [-45.7602383, -23.71688622], [-45.76034082, -23.71680352], [-45.76045069, -23.71680208], [-45.76051873, -23.71686316], [-45.76059339, -23.71705157], [-45.76067724, -23.71713064], [-45.760803, -23.71716524], [-45.76106824, -23.71722897], [-45.7611047, -23.71725769], [-45.76113166, -23.71733794], [-45.76112144, -23.71743644], [-45.76104055, -23.71752807], [-45.76055833, -23.7181094], [-45.76048903, -23.71834005], [-45.76054564, -23.7186279], [-45.76068892, -23.71897493], [-45.76103625, -23.71949257], [-45.76112666, -23.71968902], [-45.76119598, -23.71996958], [-45.76126897, -23.72071346], [-45.76133891, -23.7209326], [-45.76148629, -23.72113961], [-45.76221827, -23.72167161], [-45.76254754, -23.72194727], [-45.76266021, -23.72209032], [-45.76277345, -23.72266872], [-45.76277619, -23.72297128], [-45.76267794, -23.72328337], [-45.7624757, -23.72376488], [-45.76243956, -23.72412995], [-45.76246369, -23.72422919], [-45.76252882, -23.7242957], [-45.76263507, -23.72434576], [-45.76274674, -23.72431811], [-45.76282886, -23.72426803], [-45.76311378, -23.72400289], [-45.76332002, -23.72387181], [-45.76360427, -23.72382886], [-45.76429293, -23.72382546], [-45.76447408, -23.72376585], [-45.76467423, -23.72360048], [-45.76475256, -23.72340681], [-45.76488399, -23.72323364], [-45.76497798, -23.72320157], [-45.76506338, -23.72320927], [-45.76511569, -23.72326411], [-45.76516766, -23.72342733], [-45.76531408, -23.72363796], [-45.76547558, -23.72374193], [-45.76564467, -23.72380342], [-45.76582398, -23.72376459], [-45.76615772, -23.72363017], [-45.7665666, -23.72342583], [-45.76668336, -23.72342796], [-45.76689784, -23.72353347], [-45.76711487, -23.72373833], [-45.76731384, -23.72421062], [-45.76741183, -23.72435916], [-45.76769203, -23.72463054], [-45.76775551, -23.72474855], [-45.76778818, -23.72496606], [-45.76775259, -23.72542235], [-45.76788101, -23.72574055], [-45.76799966, -23.72589802], [-45.76831123, -23.72616382], [-45.76847544, -23.72639603], [-45.76857369, -23.72658702], [-45.76879705, -23.72686681], [-45.76897505, -23.72694089], [-45.76915092, -23.72698518], [-45.76949514, -23.72696269], [-45.76971739, -23.72688481], [-45.76982474, -23.72678944], [-45.7701822, -23.72634871], [-45.77037055, -23.72601177], [-45.77053872, -23.72558101], [-45.77073652, -23.72485114], [-45.77085308, -23.72465185], [-45.77103065, -23.72448568], [-45.77119871, -23.72437104], [-45.77179858, -23.72411515], [-45.77195462, -23.72395811], [-45.77204688, -23.72379869], [-45.77210687, -23.7234904], [-45.77210589, -23.72332331], [-45.77201779, -23.72285679], [-45.77202405, -23.7225867], [-45.77206306, -23.72254767], [-45.77222353, -23.72247642], [-45.77250747, -23.72254906], [-45.77270906, -23.72262934], [-45.77299253, -23.7227887], [-45.77327229, -23.7229833], [-45.77339263, -23.72309379], [-45.77417585, -23.72398585], [-45.77449432, -23.72425612], [-45.77466075, -23.72436277], [-45.77491646, -23.72447168], [-45.77550332, -23.72450396], [-45.77570042, -23.72448943], [-45.77586924, -23.72450303], [-45.77604117, -23.72454552], [-45.77621151, -23.72465034], [-45.77634956, -23.72476887], [-45.77674057, -23.72519413], [-45.77728583, -23.72549125], [-45.77761015, -23.72558807], [-45.77779543, -23.72556456], [-45.77793711, -23.72546811], [-45.77801777, -23.72533854], [-45.77803144, -23.72516325], [-45.77798363, -23.72471099], [-45.77787982, -23.72424545], [-45.77791999, -23.72390474], [-45.77823221, -23.7231219], [-45.77835761, -23.72292708], [-45.77850442, -23.72286854], [-45.7785525, -23.7228701], [-45.77897152, -23.72338733], [-45.77912835, -23.72352925], [-45.77935671, -23.72365726], [-45.77962367, -23.72367669], [-45.78019081, -23.72353022], [-45.7803076, -23.72353685], [-45.78037447, -23.72356361], [-45.78039625, -23.72359782], [-45.78040285, -23.7238823], [-45.78032783, -23.72413467], [-45.78028354, -23.72444018], [-45.78026886, -23.72510592], [-45.78021669, -23.72540604], [-45.77994383, -23.72604418], [-45.77926929, -23.72710433], [-45.77884699, -23.72769083], [-45.77880844, -23.72797192], [-45.77886448, -23.72832299], [-45.77900519, -23.72855801], [-45.77910893, -23.72884561], [-45.77916329, -23.72924275], [-45.7793131, -23.72952289], [-45.77954363, -23.72968431], [-45.77969699, -23.72973592], [-45.78023596, -23.72979733], [-45.78058297, -23.72991209], [-45.78088739, -23.73012552], [-45.78117359, -23.73040768], [-45.78146637, -23.73064193], [-45.78163665, -23.73073501], [-45.7818912, -23.73081049], [-45.78198124, -23.73077301], [-45.78208854, -23.7306704], [-45.78220241, -23.7303519], [-45.78217703, -23.73004403], [-45.78197537, -23.7292972], [-45.78186288, -23.72836566], [-45.78193068, -23.72772585], [-45.78201612, -23.72757639], [-45.78216259, -23.72746094], [-45.78236226, -23.72738135], [-45.78253764, -23.72734343], [-45.78298968, -23.72730502], [-45.78348932, -23.72735216], [-45.78442912, -23.72750636], [-45.78477342, -23.72749829], [-45.7854615, -23.72739364], [-45.78563906, -23.72739274], [-45.78615052, -23.72744704], [-45.7864953, -23.72751755], [-45.78668026, -23.72760422], [-45.78681627, -23.7277083], [-45.7870672, -23.72799876], [-45.7872681, -23.72828947], [-45.78741097, -23.72839171], [-45.7874866, -23.72840577], [-45.78755317, -23.72838285], [-45.78769422, -23.72818253], [-45.78772169, -23.72801891], [-45.78770416, -23.72771371], [-45.78750332, -23.72677992], [-45.78750438, -23.7264656], [-45.78752806, -23.72632548], [-45.78770202, -23.72605183], [-45.78803894, -23.72579451], [-45.78851487, -23.7254886], [-45.78868762, -23.7253396], [-45.78881407, -23.72515921], [-45.78888363, -23.72481745], [-45.78886785, -23.7246414], [-45.78881673, -23.72446012], [-45.78862531, -23.72411517], [-45.78781462, -23.72291262], [-45.78723547, -23.72187418], [-45.78685374, -23.72136581], [-45.78675861, -23.72120733], [-45.78667097, -23.72098739], [-45.78669459, -23.72083734], [-45.78672705, -23.72081289], [-45.78978518, -23.72364968], [-45.78985163, -23.72363112], [-45.78993805, -23.72364603], [-45.79059004, -23.72423069], [-45.79110936, -23.7246146], [-45.7913978, -23.72477841], [-45.79168111, -23.72490702], [-45.79189932, -23.72497636], [-45.79208098, -23.72500343], [-45.79259405, -23.7250008], [-45.79283201, -23.72493003], [-45.79309807, -23.72479951], [-45.79338375, -23.72483327], [-45.79391479, -23.72553053], [-45.79433521, -23.72594203], [-45.79453524, -23.72608733], [-45.79480879, -23.7262223], [-45.79484631, -23.72626095], [-45.79534453, -23.72639838], [-45.79629121, -23.72655338], [-45.79670604, -23.72669034], [-45.79691514, -23.72687261], [-45.79709992, -23.72709114], [-45.79729616, -23.72741889], [-45.797536, -23.72797764], [-45.79796029, -23.72837737], [-45.79854191, -23.72867424], [-45.79890715, -23.72872112], [-45.79940231, -23.72867521], [-45.79953349, -23.72862847], [-45.7997593, -23.72849453], [-45.80007324, -23.72817408], [-45.80025006, -23.72805033], [-45.80040089, -23.7280089], [-45.80051392, -23.72804264], [-45.80066868, -23.72816287], [-45.80086329, -23.72838224], [-45.80102582, -23.72865055], [-45.8011778, -23.72879699], [-45.80132946, -23.72889013], [-45.80149752, -23.72893894], [-45.80169578, -23.72895236], [-45.80237212, -23.72885492], [-45.80275103, -23.72873102], [-45.80292164, -23.72871478], [-45.80350397, -23.72880659], [-45.80382461, -23.7289386], [-45.80411608, -23.72911411], [-45.80434883, -23.72931161], [-45.80460508, -23.72966252], [-45.80478511, -23.73006261], [-45.80487219, -23.73034395], [-45.80489537, -23.73046019], [-45.80494131, -23.73096935], [-45.80496865, -23.73106872], [-45.80498046, -23.73119962], [-45.80504266, -23.73142329], [-45.80521558, -23.73178277], [-45.80559856, -23.73231999], [-45.80578431, -23.73253217], [-45.80602899, -23.73275399], [-45.8063808, -23.73300776], [-45.80680779, -23.73320062], [-45.80710445, -23.73326049], [-45.80729862, -23.73324593], [-45.80754631, -23.73316064], [-45.80768224, -23.73308858], [-45.8081, -23.73274047], [-45.80838968, -23.73246348], [-45.8086611, -23.73224981], [-45.80890363, -23.73212209], [-45.80940779, -23.73194423], [-45.80969028, -23.73177566], [-45.80986387, -23.73160586], [-45.80997524, -23.7315294], [-45.81042916, -23.73131929], [-45.81074087, -23.73111534], [-45.81090484, -23.7309781], [-45.81111827, -23.73074666], [-45.81122109, -23.73055735], [-45.81141922, -23.72991504], [-45.81144767, -23.72943981], [-45.81150223, -23.7293781], [-45.81186828, -23.72939605], [-45.81204555, -23.72934725], [-45.81210355, -23.7293217], [-45.80735764, -23.72480605], [-45.80699571, -23.72485064], [-45.80670121, -23.72485841], [-45.80658183, -23.72484198], [-45.80629435, -23.72479205], [-45.80593333, -23.72468942], [-45.80481061, -23.72415231], [-45.80331479, -23.72317814], [-45.8028782, -23.72282674], [-45.80239598, -23.72245019], [-45.8016542, -23.72180105], [-45.80134698, -23.72159909], [-45.8012129, -23.72148133], [-45.80085427, -23.72123029], [-45.80022935, -23.72090476], [-45.79927075, -23.7203976], [-45.79911277, -23.72023042], [-45.79880312, -23.71996467], [-45.79859492, -23.71976704], [-45.7983444, -23.71954614], [-45.79809988, -23.71901994], [-45.79759769, -23.71822771], [-45.79692421, -23.71735066], [-45.79609589, -23.71656257], [-45.79559908, -23.71623182], [-45.79504329, -23.71578503], [-45.79490222, -23.71565279], [-45.79485692, -23.71555554], [-45.79481744, -23.71541758], [-45.79480017, -23.71529806], [-45.79477792, -23.71503212], [-45.79471701, -23.71455821], [-45.79474994, -23.71419059], [-45.79497237, -23.71253026], [-45.79518689, -23.71102352], [-45.79550567, -23.7102117], [-45.79593398, -23.7095059], [-45.79627055, -23.70887735], [-45.79638853, -23.70779109], [-45.79641319, -23.70724027], [-45.79646874, -23.70683996], [-45.79658742, -23.70645964], [-45.79687479, -23.70596953], [-45.79707967, -23.70546359], [-45.79708678, -23.70518085], [-45.79699676, -23.70450662], [-45.79681579, -23.70391917], [-45.79679186, -23.70363875], [-45.79674248, -23.70340577], [-45.79674663, -23.70299393], [-45.79676833, -23.70233758], [-45.7967448, -23.70218724], [-45.796571, -23.70094501], [-45.79661333, -23.70038746], [-45.79690614, -23.69966245], [-45.79736391, -23.69887967], [-45.79754436, -23.69858186], [-45.79767976, -23.69818033], [-45.79780081, -23.69755996], [-45.79781287, -23.69684473], [-45.79762306, -23.69596898], [-45.79761601, -23.69582794], [-45.79762724, -23.6956556], [-45.79768501, -23.69541085], [-45.79776648, -23.69509076], [-45.79794395, -23.69467215], [-45.79800878, -23.69436653], [-45.79819715, -23.69405215], [-45.79865187, -23.69366775], [-45.79937139, -23.69328107], [-45.79957768, -23.69301266], [-45.79958082, -23.69291457], [-45.79957277, -23.69288494], [-45.79946389, -23.69263472], [-45.79931109, -23.69237293], [-45.79924649, -23.69196536], [-45.79888481, -23.69114998], [-45.79862273, -23.69050878], [-45.79840596, -23.69010772], [-45.79777153, -23.68869613], [-45.79744363, -23.68785962], [-45.79728138, -23.68723002], [-45.79721762, -23.68692996], [-45.79717182, -23.68663388], [-45.7971279, -23.68610673], [-45.7970301, -23.68502158], [-45.79687461, -23.68448237], [-45.79661259, -23.68397055], [-45.79611998, -23.68298135], [-45.79608343, -23.68294461], [-45.79541551, -23.68309248], [-45.79513466, -23.68310949], [-45.7948191, -23.6830952], [-45.79437179, -23.68299742], [-45.79406687, -23.68289118], [-45.79379499, -23.68285052], [-45.79304653, -23.68285431], [-45.79251306, -23.68289872], [-45.7921712, -23.68297523], [-45.79175745, -23.68311648], [-45.79158753, -23.6831281], [-45.79141146, -23.68310349], [-45.79121237, -23.68295293], [-45.79101321, -23.68275539], [-45.79078402, -23.68233966], [-45.79064733, -23.68205825], [-45.79058365, -23.68195421], [-45.79051419, -23.68189524], [-45.79017376, -23.68174955], [-45.78978514, -23.6815606], [-45.78963146, -23.68144512], [-45.78951176, -23.68119742], [-45.78942167, -23.68094028], [-45.78924773, -23.68065825], [-45.78889165, -23.68026117], [-45.78843593, -23.67989314], [-45.78787413, -23.67943391], [-45.78716153, -23.67881228], [-45.78683695, -23.67855935], [-45.78671158, -23.67845066], [-45.78662107, -23.67841482], [-45.78652949, -23.67838349], [-45.78643665, -23.67836658], [-45.78633165, -23.67836934], [-45.78624766, -23.67840046], [-45.78611143, -23.67849484], [-45.7860828, -23.6785043], [-45.78584846, -23.6787497], [-45.78552643, -23.67921405], [-45.78541618, -23.67943353], [-45.78520637, -23.67972812], [-45.78512759, -23.67999328], [-45.78511908, -23.6802262], [-45.78513969, -23.68067369], [-45.78512267, -23.6808902], [-45.78506073, -23.68109693], [-45.78497196, -23.68122191], [-45.78476629, -23.68140547], [-45.78446956, -23.68158117], [-45.78429118, -23.68167395], [-45.78411069, -23.68172423], [-45.78355514, -23.68164448], [-45.78343636, -23.68164972], [-45.78329959, -23.68167183], [-45.78230218, -23.68196499], [-45.78180801, -23.68200551], [-45.7814001, -23.68199959], [-45.78112919, -23.68200951], [-45.78068901, -23.6820979], [-45.7802031, -23.68221713], [-45.77972735, -23.68231847], [-45.779341, -23.68241228], [-45.77892655, -23.68253903], [-45.77869341, -23.68267243], [-45.77819498, -23.68302812], [-45.77804231, -23.6830608], [-45.77791974, -23.68305874], [-45.77768288, -23.6830331], [-45.77749189, -23.68296938], [-45.77731563, -23.68285531], [-45.77706062, -23.68265592], [-45.77642826, -23.68214489], [-45.77602207, -23.6816548], [-45.77584375, -23.68134739], [-45.77562405, -23.68104922], [-45.77538716, -23.68087633], [-45.77518574, -23.68079437], [-45.77507368, -23.68075726], [-45.77501209, -23.68074719], [-45.77488532, -23.68075952], [-45.77430694, -23.68079318], [-45.77412055, -23.68079457], [-45.77392349, -23.68074068], [-45.77362708, -23.68055233], [-45.77315112, -23.68011888], [-45.77297731, -23.67998046], [-45.77282583, -23.67990295], [-45.77226413, -23.67968847], [-45.77207954, -23.67959955], [-45.77198133, -23.67950667], [-45.77190926, -23.6793817], [-45.77185655, -23.67922002], [-45.77178855, -23.67903822], [-45.77167968, -23.67893883], [-45.77155146, -23.67887616], [-45.77137347, -23.67884968], [-45.77087337, -23.67890187], [-45.7707505, -23.67911819], [-45.770656, -23.67925459], [-45.77053723, -23.67941112], [-45.77047552, -23.67948689], [-45.77034742, -23.67963344], [-45.77028104, -23.67970422], [-45.7701436, -23.6798408], [-45.76999994, -23.67997072], [-45.76992578, -23.68003318], [-45.76985006, -23.68009399], [-45.76968528, -23.68021795], [-45.76960205, -23.6802767], [-45.7694347, -23.68038715], [-45.76926701, -23.68048766], [-45.76909992, -23.68057768], [-45.7689341, -23.68065689], [-45.76876995, -23.68072509], [-45.76860791, -23.6807821], [-45.76847435, -23.68082021], [-45.76841753, -23.68083205], [-45.76829074, -23.68085032], [-45.76816776, -23.68086088], [-45.76787593, -23.68087832], [-45.76773458, -23.68089292], [-45.767608, -23.6809156], [-45.76749694, -23.68094722], [-45.76731953, -23.68101006], [-45.76725833, -23.68103436], [-45.76715281, -23.68108377], [-45.76710639, -23.68111019], [-45.76706442, -23.68113778], [-45.7670057, -23.68118581], [-45.76689641, -23.68131643], [-45.76687344, -23.68133934], [-45.76685086, -23.68135763], [-45.76682613, -23.68137302], [-45.76679841, -23.68138594], [-45.76676745, -23.68139649], [-45.76669631, -23.68141083], [-45.76665454, -23.68141527], [-45.76648606, -23.68142407], [-45.76641605, -23.68143112], [-45.76637966, -23.68143761], [-45.76631783, -23.68145641], [-45.76629145, -23.68146899], [-45.76625028, -23.68149392], [-45.76620921, -23.68152356], [-45.76616804, -23.68155806], [-45.76612644, -23.68159768], [-45.76604191, -23.68169183], [-45.76599619, -23.68174912], [-45.76590601, -23.68187136], [-45.76587328, -23.6819225], [-45.76581009, -23.68203647], [-45.76574862, -23.68216781], [-45.76567752, -23.68234073], [-45.76559982, -23.68254722], [-45.76557713, -23.682624], [-45.76556168, -23.68269421], [-45.76555312, -23.68275402], [-45.76554816, -23.6828169], [-45.76554679, -23.68288312], [-45.76555464, -23.68302642], [-45.76557685, -23.68319105], [-45.76559463, -23.68329128], [-45.76561287, -23.68336709], [-45.76563955, -23.6834446], [-45.76567494, -23.68352463], [-45.76571974, -23.68360878], [-45.76576312, -23.68368054], [-45.76581525, -23.68375965], [-45.76599371, -23.6840111], [-45.76605438, -23.68409976], [-45.76610765, -23.68418404], [-45.76615133, -23.68426144], [-45.76618641, -23.68433344], [-45.76621441, -23.6844028], [-45.76623568, -23.68447041], [-45.76625039, -23.6845368], [-45.76627384, -23.68467747], [-45.76628841, -23.68478413], [-45.76629736, -23.6848807], [-45.76630064, -23.6849686], [-45.76629818, -23.68505233], [-45.76628974, -23.68513004], [-45.76627527, -23.6852024], [-45.76625467, -23.68526975], [-45.766217, -23.68536817], [-45.7661841, -23.6854381], [-45.76616655, -23.68546861], [-45.76612906, -23.68552035], [-45.76610887, -23.68554194], [-45.76608302, -23.68556371], [-45.76601597, -23.68560341], [-45.76592218, -23.68564947], [-45.76587385, -23.68567884], [-45.76581315, -23.68572629], [-45.76575437, -23.68578069], [-45.76569707, -23.68584242], [-45.76564047, -23.68591236], [-45.76558742, -23.68598602], [-45.76547721, -23.68616081], [-45.76537654, -23.68633283], [-45.76533293, -23.68641318], [-45.76529106, -23.68650399], [-45.76524752, -23.68661312], [-45.76512263, -23.68695198], [-45.76507593, -23.68705752], [-45.76502756, -23.68714897], [-45.764988, -23.68721184], [-45.76493928, -23.68727993], [-45.7647675, -23.68749467], [-45.76470883, -23.68757237], [-45.76465782, -23.6876491], [-45.7646182, -23.68772107], [-45.76459249, -23.68777925], [-45.76457023, -23.68784151], [-45.76455121, -23.68790844], [-45.7645351, -23.6879812], [-45.76451272, -23.68812737], [-45.76448377, -23.68841352], [-45.76446884, -23.68853026], [-45.76444657, -23.68864939], [-45.76441787, -23.68875365], [-45.76439151, -23.6888233], [-45.76435581, -23.68889964], [-45.76417874, -23.68922263], [-45.76413226, -23.68933104], [-45.76411525, -23.68938546], [-45.76410383, -23.68943766], [-45.76409788, -23.6894882], [-45.76409575, -23.68956294], [-45.76409887, -23.68964016], [-45.76410719, -23.68971859], [-45.76412057, -23.68979693], [-45.76413876, -23.6898738], [-45.7641615, -23.68994809], [-45.76418845, -23.69001874], [-45.76421926, -23.69008484], [-45.76426097, -23.69015257], [-45.76431823, -23.69022294], [-45.7643815, -23.69028813], [-45.76455176, -23.69045045], [-45.76459716, -23.69049893], [-45.76463464, -23.69054428], [-45.76468964, -23.69061784], [-45.76479396, -23.6907686], [-45.76489067, -23.69092422], [-45.76497978, -23.69108469], [-45.76509955, -23.69125655], [-45.76532633, -23.69151153], [-45.76539823, -23.69158633], [-45.76555625, -23.69173769], [-45.7656427, -23.69181463], [-45.76583375, -23.6919739], [-45.76606804, -23.69215556], [-45.76628811, -23.69231452], [-45.76638939, -23.69238235], [-45.7664881, -23.69244454], [-45.7665839, -23.6925008], [-45.76667743, -23.69255152], [-45.76676909, -23.6925969], [-45.76681938, -23.69261914], [-45.76692664, -23.69265804], [-45.76698385, -23.69267481], [-45.76710622, -23.69270319], [-45.76724136, -23.69272522], [-45.76736131, -23.69273871], [-45.76749719, -23.69274914], [-45.76794041, -23.692769], [-45.76809487, -23.69277839], [-45.76823858, -23.69279203], [-45.76836565, -23.69281016], [-45.76848182, -23.69283368], [-45.76853607, -23.69284755], [-45.76863789, -23.69287976], [-45.76873163, -23.69291821], [-45.76884237, -23.69297617], [-45.76897622, -23.69305843], [-45.76904346, -23.69310442], [-45.76917877, -23.69320629], [-45.769247, -23.69326227], [-45.76938445, -23.69338417], [-45.76945392, -23.69345025], [-45.7695958, -23.693594], [-45.76974314, -23.6937547], [-45.76990174, -23.69393871], [-45.77002374, -23.69408969], [-45.77013934, -23.69424457], [-45.77024757, -23.69440204], [-45.77029865, -23.69448136], [-45.77038355, -23.69462496], [-45.77041733, -23.69469399], [-45.77044928, -23.69476865], [-45.77050464, -23.69492347], [-45.77063917, -23.69538536], [-45.77067222, -23.69548527], [-45.77070547, -23.69557329], [-45.77074546, -23.69566393], [-45.77078844, -23.69574584], [-45.77083514, -23.69582043], [-45.77088601, -23.69588839], [-45.77098042, -23.69599934], [-45.77107354, -23.69609998], [-45.77116608, -23.69619107], [-45.77125827, -23.69627284], [-45.77133934, -23.69635319], [-45.77141471, -23.69643811], [-45.77148408, -23.69652726], [-45.77154717, -23.69662028], [-45.77160373, -23.6967168], [-45.77165352, -23.69681643], [-45.77169635, -23.69691877], [-45.77173204, -23.6970234], [-45.77176046, -23.69712991], [-45.77178148, -23.69723786], [-45.77179502, -23.69734683], [-45.77180103, -23.69745636], [-45.77179948, -23.69756603], [-45.77179038, -23.69767538], [-45.77177376, -23.69778398], [-45.7717497, -23.6978914], [-45.77171829, -23.69799719], [-45.77167965, -23.69810093], [-45.77163395, -23.69820221], [-45.77158136, -23.69830061], [-45.7715221, -23.69839575], [-45.7714564, -23.69848723], [-45.77138454, -23.69857469], [-45.77130679, -23.69865777], [-45.77122348, -23.69873615], [-45.77113494, -23.6988095], [-45.77104152, -23.69887753], [-45.7709436, -23.69893997], [-45.77084158, -23.69899657], [-45.77073587, -23.69904709], [-45.77062689, -23.69909133], [-45.77051508, -23.69912912], [-45.77040089, -23.6991603], [-45.77028479, -23.69918475], [-45.77016723, -23.69920237], [-45.7700487, -23.69921309], [-45.76992967, -23.69921686], [-45.76981062, -23.69921367], [-45.76969202, -23.69920353], [-45.76957437, -23.69918649], [-45.76945812, -23.69916261], [-45.76934376, -23.69913199], [-45.76923173, -23.69909474], [-45.7691652, -23.699046], [-45.76911269, -23.69900343], [-45.7690576, -23.69895498], [-45.76892809, -23.69883], [-45.76887352, -23.69877182], [-45.76882069, -23.69870839], [-45.76876914, -23.69863914], [-45.76871806, -23.698563], [-45.768622, -23.69840024], [-45.76844454, -23.69806456], [-45.76836612, -23.69792543], [-45.76827579, -23.69778509], [-45.76823047, -23.69772343], [-45.76804665, -23.6975011], [-45.76793706, -23.69738172], [-45.76786432, -23.69731603], [-45.76782829, -23.69728808], [-45.76778029, -23.69725535], [-45.76772756, -23.6972241], [-45.76760549, -23.69716464], [-45.76747146, -23.69711184], [-45.76712789, -23.69699291], [-45.76704316, -23.69696846], [-45.76685427, -23.6969253], [-45.76667183, -23.69689355], [-45.76624779, -23.69683018], [-45.76614342, -23.69681191], [-45.76596258, -23.69677286], [-45.76580443, -23.69672717], [-45.76542889, -23.69659162], [-45.7652822, -23.69652986], [-45.76521303, -23.6964945], [-45.76515216, -23.6964579], [-45.76509859, -23.69641946], [-45.76505186, -23.69637883], [-45.76501407, -23.69633923], [-45.76497765, -23.69629452], [-45.76494237, -23.69624441], [-45.7649078, -23.6961883], [-45.76484185, -23.69606152], [-45.7647333, -23.6958135], [-45.7646994, -23.69570634], [-45.76467544, -23.69559158], [-45.76466111, -23.69546778], [-45.76465746, -23.69540175], [-45.76465664, -23.69527666], [-45.76466302, -23.69513628], [-45.76467481, -23.69499299], [-45.76471334, -23.69460521], [-45.76472143, -23.6944891], [-45.76472529, -23.69438555], [-45.76472447, -23.69426856], [-45.76471741, -23.69416062], [-45.76470398, -23.69405963], [-45.76468404, -23.69396456], [-45.76465441, -23.69385169], [-45.76458945, -23.69363204], [-45.76455418, -23.69352552], [-45.76447824, -23.6933196], [-45.76439527, -23.69312362], [-45.76435125, -23.6930296], [-45.7642582, -23.69284954], [-45.76415858, -23.6926804], [-45.76410636, -23.69260002], [-45.76399718, -23.69244772], [-45.76384927, -23.69226163], [-45.7637826, -23.69218381], [-45.76365382, -23.69204701], [-45.76359022, -23.69198653], [-45.76352679, -23.69193102], [-45.76346326, -23.69188027], [-45.76334984, -23.69179823], [-45.76323803, -23.69172597], [-45.76318274, -23.69169352], [-45.76307347, -23.69163603], [-45.76293414, -23.69157583], [-45.76278727, -23.69158517], [-45.76260462, -23.69158605], [-45.76241501, -23.69157621], [-45.76231892, -23.69156731], [-45.76212671, -23.69154178], [-45.76203193, -23.69152532], [-45.76193896, -23.69150655], [-45.76185869, -23.69148603], [-45.76177681, -23.69145882], [-45.76169265, -23.69142472], [-45.76160501, -23.69138323], [-45.7615161, -23.69133576], [-45.76131882, -23.69121639], [-45.76104068, -23.69103756], [-45.76087615, -23.69094062], [-45.76078493, -23.69089332], [-45.76069843, -23.69085399], [-45.76061492, -23.69082184], [-45.76053353, -23.69079654], [-45.76041011, -23.69076549], [-45.76028236, -23.69073844], [-45.76015072, -23.69071548], [-45.76001569, -23.69069669], [-45.75987777, -23.69068214], [-45.75973757, -23.6906719], [-45.75959571, -23.69066602], [-45.75945284, -23.69066453], [-45.75930942, -23.69066743], [-45.75916636, -23.69067473], [-45.75902435, -23.69068638], [-45.75888408, -23.69070232], [-45.75874625, -23.69072248], [-45.75861151, -23.69074677], [-45.75848049, -23.69077506], [-45.75835379, -23.69080723], [-45.75829121, -23.69082589], [-45.7582285, -23.69084765], [-45.75810214, -23.69090062], [-45.75803825, -23.69093193], [-45.75790787, -23.69100477], [-45.75784078, -23.69104663], [-45.75771326, -23.69113352], [-45.75757478, -23.691237], [-45.75743454, -23.69134879], [-45.75704996, -23.69166462], [-45.7569306, -23.69175741], [-45.75675734, -23.69188138], [-45.75663323, -23.69196021], [-45.75651319, -23.69202723], [-45.75645411, -23.69205663], [-45.75633717, -23.69210756], [-45.75592218, -23.69226736], [-45.75560407, -23.69237878], [-45.75545554, -23.69242545], [-45.75531449, -23.69246577], [-45.75517972, -23.6925001], [-45.75505057, -23.69252858], [-45.75492293, -23.69255194], [-45.75480037, -23.69256928], [-45.75468259, -23.69258066], [-45.75456941, -23.6925861], [-45.75446062, -23.69258558], [-45.75435616, -23.69257912], [-45.75425593, -23.69256671], [-45.75415987, -23.69254834], [-45.754095, -23.69253185], [-45.75402924, -23.69251165], [-45.75389455, -23.69245998], [-45.75382537, -23.69242842], [-45.75368202, -23.69235327], [-45.75360716, -23.69230931], [-45.75347104, -23.69222231], [-45.753321, -23.69211788], [-45.75318008, -23.69201413], [-45.75265947, -23.69162402], [-45.75256643, -23.69154691], [-45.75247435, -23.69146341], [-45.75238299, -23.6913733], [-45.75229223, -23.69127645], [-45.7522016, -23.6911724], [-45.75211073, -23.69106071], [-45.75201903, -23.69094067], [-45.75186425, -23.69072218], [-45.75169905, -23.69046962], [-45.75154386, -23.69021863], [-45.75117393, -23.68960422], [-45.75108745, -23.68946554], [-45.75098311, -23.68936925], [-45.7509043, -23.68928646], [-45.75083093, -23.68920019], [-45.75078974, -23.68914616], [-45.75071037, -23.68902547], [-45.75067155, -23.68895782], [-45.75059485, -23.6888073], [-45.75050326, -23.68860454], [-45.75047114, -23.68852238], [-45.75044409, -23.68843419], [-45.75042182, -23.68833907], [-45.7504039, -23.68823517], [-45.7503923, -23.68814328], [-45.75038266, -23.6880398], [-45.75036124, -23.68769999], [-45.75035166, -23.68757875], [-45.75033855, -23.68746309], [-45.75032196, -23.68736045], [-45.75029954, -23.68726016], [-45.75027189, -23.6871682], [-45.75023859, -23.68708317], [-45.75019934, -23.68700433], [-45.75013978, -23.68690566], [-45.75007025, -23.68680549], [-45.7499903, -23.68670321], [-45.74989906, -23.68659768], [-45.74979942, -23.68649167], [-45.74968517, -23.6863781], [-45.7495553, -23.68625558], [-45.74936871, -23.68608536], [-45.74910051, -23.68584435], [-45.74890136, -23.68567398], [-45.74880674, -23.68559731], [-45.74862733, -23.68546147], [-45.74845285, -23.68534318], [-45.74828026, -23.68524119], [-45.74819524, -23.68519678], [-45.74811075, -23.68515661], [-45.74802672, -23.68512063], [-45.747943, -23.68508879], [-45.74785951, -23.68506106], [-45.74772224, -23.6850233], [-45.74756903, -23.68498978], [-45.74739658, -23.68495962], [-45.7468911, -23.68489036], [-45.74669508, -23.68486836], [-45.74651666, -23.68485402], [-45.74635552, -23.68484778], [-45.74627635, -23.68484767], [-45.74612686, -23.68485393], [-45.74598755, -23.68486894], [-45.74585724, -23.68489282], [-45.74579522, -23.68490813], [-45.74569406, -23.68493787], [-45.74559259, -23.68497262], [-45.74549178, -23.68501204], [-45.74539263, -23.68505575], [-45.74529615, -23.6851033], [-45.74520316, -23.68515428], [-45.74511448, -23.68520823], [-45.74503083, -23.68526472], [-45.74497395, -23.68530922], [-45.74491573, -23.6853628], [-45.74485162, -23.68542983], [-45.74466126, -23.68564203], [-45.74459569, -23.68570477], [-45.74453249, -23.68575577], [-45.74447081, -23.68579602], [-45.74439694, -23.68583543], [-45.74414297, -23.6859465], [-45.74405583, -23.68598883], [-45.74397827, -23.68603527], [-45.74394516, -23.6860594], [-45.74386922, -23.68612934], [-45.7438242, -23.68617925], [-45.74378014, -23.68623436], [-45.74373687, -23.68629491], [-45.74369448, -23.68636066], [-45.74360948, -23.68651209], [-45.74356452, -23.68660198], [-45.74352469, -23.68669322], [-45.74349036, -23.68679131], [-45.74346123, -23.68689708], [-45.74343682, -23.68701222], [-45.74341841, -23.68712621], [-45.74339093, -23.68737564], [-45.74334556, -23.68790212], [-45.74333317, -23.68808498], [-45.74332615, -23.68825258], [-45.7433244, -23.68840855], [-45.74332797, -23.68855789], [-45.74333697, -23.68869969], [-45.74335147, -23.68883506], [-45.74337155, -23.68896471], [-45.74338955, -23.68904786], [-45.7434153, -23.68913987], [-45.74351303, -23.68942837], [-45.74354361, -23.6895264], [-45.74356653, -23.68961515], [-45.74358204, -23.68969667], [-45.74360758, -23.68987399], [-45.74361524, -23.68995326], [-45.74346879, -23.69046108], [-45.74341125, -23.69063242], [-45.74338216, -23.69071006], [-45.74331006, -23.69087968], [-45.74325973, -23.69098561], [-45.74302004, -23.69146245], [-45.74296217, -23.69159106], [-45.74291542, -23.69170875], [-45.742882, -23.69180656], [-45.74285178, -23.69190969], [-45.74282447, -23.69201906], [-45.74277885, -23.69225155], [-45.74275882, -23.69237985], [-45.74269397, -23.69286967], [-45.74266269, -23.69307474], [-45.74262087, -23.69328733], [-45.74257166, -23.69347497], [-45.7424637, -23.69383228], [-45.74238959, -23.69406434], [-45.74231628, -23.69427483], [-45.74224338, -23.6944631], [-45.74216461, -23.69464381], [-45.74212394, -23.69472862], [-45.74203933, -23.6948886], [-45.74194972, -23.69503691], [-45.74180393, -23.69524875], [-45.741658, -23.69544436], [-45.74159053, -23.69552606], [-45.74152214, -23.6956022], [-45.7414542, -23.69567089], [-45.741386, -23.69573286], [-45.74126841, -23.6958241], [-45.74116238, -23.69589412], [-45.74110507, -23.69592853], [-45.74098182, -23.69599614], [-45.74084697, -23.6960622], [-45.74078421, -23.69608992], [-45.74071907, -23.69611591], [-45.74058122, -23.69616288], [-45.74043241, -23.69620344], [-45.74027066, -23.69623815], [-45.74010375, -23.69626608], [-45.73991681, -23.69629036], [-45.73971492, -23.69631105], [-45.73918819, -23.69635558], [-45.73901325, -23.69636626], [-45.73884697, -23.69637294], [-45.73868798, -23.69637565], [-45.73853475, -23.69637441], [-45.73838715, -23.6963692], [-45.73824467, -23.69635999], [-45.73810693, -23.69634676], [-45.73794398, -23.69632474], [-45.73776531, -23.69629342], [-45.73756978, -23.69625307], [-45.73708175, -23.69614072], [-45.73688313, -23.69609008], [-45.73668487, -23.69603593], [-45.73648713, -23.69597832], [-45.73629005, -23.69591728], [-45.73609377, -23.69585286], [-45.73589846, -23.69578512], [-45.73570425, -23.6957141], [-45.73551129, -23.69563986], [-45.73531973, -23.69556245], [-45.73512974, -23.69548194], [-45.73494144, -23.69539839], [-45.734755, -23.69531186], [-45.73457055, -23.69522242], [-45.73438825, -23.69513014], [-45.73400032, -23.69492529], [-45.73390631, -23.69487359], [-45.73381442, -23.69481878], [-45.73373504, -23.69476586], [-45.73363557, -23.69468995], [-45.73353135, -23.69459979], [-45.73342176, -23.69449561], [-45.73326095, -23.69433376], [-45.73316022, -23.69422362], [-45.73305654, -23.69409361], [-45.73296362, -23.69396524], [-45.73275222, -23.69365949], [-45.73264378, -23.69351403], [-45.7325363, -23.69338669], [-45.73242964, -23.69327895], [-45.73231684, -23.69317845], [-45.7321991, -23.69308067], [-45.732077, -23.69298613], [-45.73195118, -23.6928953], [-45.73182227, -23.69280865], [-45.73169092, -23.6927266], [-45.73155776, -23.69264956], [-45.73142343, -23.69257788], [-45.73135043, -23.69254246], [-45.73127259, -23.69250837], [-45.73109865, -23.6924426], [-45.73092043, -23.69238513], [-45.7304439, -23.69224337], [-45.73030509, -23.69219636], [-45.73018292, -23.69214938], [-45.73007778, -23.69210273], [-45.72996311, -23.69204528], [-45.72955985, -23.69182033], [-45.72939571, -23.69173573], [-45.72930634, -23.69169519], [-45.72922151, -23.69166139], [-45.72913959, -23.69163366], [-45.72905972, -23.69161173], [-45.72899796, -23.6915987], [-45.72893283, -23.69158862], [-45.72878981, -23.69157697], [-45.72862759, -23.69157586], [-45.72828529, -23.69158862], [-45.72813818, -23.69159003], [-45.72798527, -23.69158221], [-45.72791619, -23.69157412], [-45.72785081, -23.69156313], [-45.72771609, -23.69153455], [-45.72758749, -23.69150278], [-45.72746508, -23.69146784], [-45.72734893, -23.69142975], [-45.72715814, -23.691361], [-45.72708818, -23.69133319], [-45.72696643, -23.69127772], [-45.72691227, -23.69124878], [-45.72684804, -23.69120904], [-45.72675445, -23.69110773], [-45.72664657, -23.69100579], [-45.7264855, -23.69087579], [-45.72626187, -23.69071141], [-45.72602432, -23.6905521], [-45.72590087, -23.69047471], [-45.72564588, -23.69032525], [-45.72538165, -23.69018382], [-45.72524695, -23.6901166], [-45.72497404, -23.68998996], [-45.7246988, -23.68987483], [-45.72456123, -23.68982196], [-45.7244237, -23.68977284], [-45.72428302, -23.68972687], [-45.72413921, -23.68968405], [-45.72399233, -23.6896444], [-45.72384241, -23.68960793], [-45.7236895, -23.68957466], [-45.72353367, -23.68954459], [-45.72337497, -23.68951774], [-45.72321339, -23.68949411], [-45.72304908, -23.68947372], [-45.72288209, -23.68945658], [-45.72271251, -23.6894427], [-45.72254041, -23.68943208], [-45.72218906, -23.68942065], [-45.72182787, -23.68942236], [-45.72145773, -23.68943729], [-45.72108077, -23.68946543], [-45.72089015, -23.68948442], [-45.72050558, -23.68953215], [-45.72011753, -23.68959278], [-45.71972842, -23.68966594], [-45.71934042, -23.68975124], [-45.71895616, -23.68984809], [-45.71857992, -23.6899545], [-45.7183991, -23.69000981], [-45.71805164, -23.69012476], [-45.71772281, -23.69024559], [-45.71756532, -23.69030823], [-45.71726403, -23.69043803], [-45.71698113, -23.69057381], [-45.71684657, -23.69064394], [-45.71671661, -23.69071557], [-45.71659125, -23.6907887], [-45.71647049, -23.69086331], [-45.71631863, -23.69096311], [-45.71616769, -23.69106869], [-45.71601791, -23.69117987], [-45.71586954, -23.69129648], [-45.71572282, -23.69141832], [-45.71557804, -23.69154516], [-45.71543549, -23.69167674], [-45.71529547, -23.6918128], [-45.71515809, -23.69195323], [-45.71502386, -23.69209753], [-45.71489309, -23.69224536], [-45.71476611, -23.69239635], [-45.71464322, -23.69255014], [-45.71452477, -23.69270632], [-45.71441107, -23.69286445], [-45.71430242, -23.69302412], [-45.71422233, -23.6931477], [-45.71406973, -23.69339825], [-45.7139975, -23.69352477], [-45.71386178, -23.69377922], [-45.71379849, -23.69390678], [-45.71368155, -23.69416157], [-45.71357787, -23.69441492], [-45.71348785, -23.69466588], [-45.71341182, -23.69491349], [-45.71337913, -23.69503578], [-45.71335605, -23.69514276], [-45.71333924, -23.69525736], [-45.7133285, -23.69538071], [-45.71332365, -23.69551509], [-45.71332808, -23.69577054], [-45.7133602, -23.69638357], [-45.71336159, -23.69654292], [-45.71335618, -23.696683], [-45.71334984, -23.69675781], [-45.71332989, -23.69689585], [-45.71331617, -23.69695982], [-45.71328097, -23.69707896], [-45.71323511, -23.69718723], [-45.71319905, -23.69725489], [-45.71315851, -23.69732184], [-45.7131135, -23.69738809], [-45.71306402, -23.69745362], [-45.71301009, -23.69751841], [-45.71295172, -23.69758247], [-45.71288891, -23.69764576], [-45.71275003, -23.69777006], [-45.71267398, -23.69783102], [-45.7125088, -23.69795049], [-45.71241971, -23.69800896], [-45.71222868, -23.69812328], [-45.71212682, -23.69817909], [-45.71190901, -23.69828862], [-45.71167472, -23.69839413], [-45.71142449, -23.69849537], [-45.71129367, -23.69854427], [-45.7110208, -23.69863856], [-45.71087908, -23.69868382], [-45.71058656, -23.69877007], [-45.71043623, -23.69881093], [-45.71012968, -23.69888746], [-45.7099746, -23.69892285], [-45.70977197, -23.69896253], [-45.70956183, -23.69899356], [-45.70934403, -23.69901597], [-45.70911842, -23.69902978], [-45.70888485, -23.69903499], [-45.70864299, -23.69903164], [-45.7083925, -23.6990197], [-45.7081329, -23.69899916], [-45.70786818, -23.69897052], [-45.70759329, -23.69893343], [-45.70730723, -23.69888776], [-45.7070083, -23.69883323], [-45.70669794, -23.69877023], [-45.70636839, -23.69869728], [-45.70601397, -23.69861317], [-45.70561248, -23.69851264], [-45.70549497, -23.69848049], [-45.70537619, -23.69844374], [-45.70525587, -23.69840234], [-45.7051337, -23.69835616], [-45.70500947, -23.69830514], [-45.70488251, -23.69824901], [-45.70475225, -23.69818751], [-45.70450529, -23.69806125], [-45.70438837, -23.69799764], [-45.7041353, -23.69785321], [-45.70389304, -23.6977087], [-45.70330214, -23.69734911], [-45.7029913, -23.69716725], [-45.70283157, -23.6970785], [-45.70268082, -23.6969986], [-45.70253645, -23.69692618], [-45.70239705, -23.69686054], [-45.7022434, -23.69679357], [-45.70209369, -23.6967342], [-45.70194706, -23.69668211], [-45.70180291, -23.69663709], [-45.7016606, -23.69659893], [-45.70151988, -23.6965676], [-45.70138042, -23.696543], [-45.70124195, -23.6965251], [-45.700932, -23.69649443], [-45.70067982, -23.69647473], [-45.70045117, -23.69646333], [-45.70024181, -23.69646016], [-45.70004376, -23.69646536], [-45.69985975, -23.69647914], [-45.69968846, -23.6965016], [-45.69952919, -23.69653284], [-45.69945442, -23.69655306], [-45.69938012, -23.69657885], [-45.69930611, -23.69661027], [-45.6992322, -23.69664741], [-45.69915826, -23.69669032], [-45.69908388, -23.69673922], [-45.6990087, -23.69679435], [-45.69893219, -23.6968561], [-45.69880552, -23.69696984], [-45.69866827, -23.69710679], [-45.69853979, -23.69724435], [-45.6982355, -23.69758068], [-45.69815363, -23.69766778], [-45.69800021, -23.69782061], [-45.69792495, -23.6978892], [-45.69785187, -23.69795108], [-45.69778032, -23.69800682], [-45.69770769, -23.69805821], [-45.69763571, -23.69810382], [-45.69756404, -23.69814385], [-45.69749244, -23.69817843], [-45.69742063, -23.69820769], [-45.69734851, -23.69823168], [-45.69727593, -23.69825042], [-45.69720276, -23.69826397], [-45.69708494, -23.69827926], [-45.69696393, -23.69829051], [-45.69684166, -23.69829755], [-45.69671989, -23.69830027], [-45.69660056, -23.69829864], [-45.69648477, -23.69829271], [-45.69637377, -23.69828252], [-45.69626851, -23.69826818], [-45.69619425, -23.69825349], [-45.69612059, -23.69823335], [-45.69604737, -23.69820773], [-45.69597443, -23.69817655], [-45.69590164, -23.69813978], [-45.69582865, -23.69809725], [-45.69575516, -23.69804879], [-45.69568073, -23.69799411], [-45.69554827, -23.69788374], [-45.69540612, -23.69774916], [-45.6952673, -23.69760574], [-45.69490386, -23.69721499], [-45.69479351, -23.69710395], [-45.69469229, -23.69700929], [-45.69457426, -23.69690965], [-45.69446016, -23.69682581], [-45.69434778, -23.69675618], [-45.69423598, -23.69670006], [-45.69406576, -23.69663084], [-45.69397748, -23.69659947], [-45.69379443, -23.69654315], [-45.69360244, -23.6964953], [-45.69350296, -23.69647452], [-45.69329699, -23.69643922], [-45.69308087, -23.69641213], [-45.6929688, -23.69640163], [-45.69273598, -23.69638668], [-45.69261492, -23.6963822], [-45.69238542, -23.69637914], [-45.69214308, -23.69638267], [-45.6918857, -23.69639282], [-45.6916088, -23.69640975], [-45.69136059, -23.69642914], [-45.69108411, -23.69645424], [-45.68987547, -23.69657616], [-45.68965117, -23.69659353], [-45.68896402, -23.69663757], [-45.68874826, -23.69665774], [-45.68855828, -23.69668179], [-45.6884538, -23.6966984], [-45.68826083, -23.69673729], [-45.68808593, -23.69678443], [-45.68792684, -23.69684045], [-45.6878528, -23.69687194], [-45.68778335, -23.69690647], [-45.68771557, -23.69694654], [-45.68764932, -23.69699222], [-45.6875844, -23.69704366], [-45.68752069, -23.69710091], [-45.68745785, -23.6971643], [-45.68739557, -23.69723412], [-45.68728365, -23.69737733], [-45.68718151, -23.69752716], [-45.68703086, -23.69777505], [-45.6867449, -23.69826837], [-45.68663002, -23.69844671], [-45.68657281, -23.69852767], [-45.68651635, -23.69860194], [-45.68646013, -23.69867017], [-45.68640489, -23.69873162], [-45.68634922, -23.69878807], [-45.68629288, -23.69883973], [-45.6862357, -23.69888678], [-45.68617747, -23.69892936], [-45.68611811, -23.69896755], [-45.68605751, -23.6990014], [-45.68599557, -23.69903098], [-45.68588882, -23.6990757], [-45.68577799, -23.69911811], [-45.68566424, -23.69915776], [-45.68554859, -23.6991943], [-45.68543221, -23.69922736], [-45.68531577, -23.69925677], [-45.68520009, -23.69928232], [-45.68508581, -23.69930386], [-45.68497457, -23.69932114], [-45.68486577, -23.69933431], [-45.68475985, -23.69934332], [-45.68465715, -23.69934812], [-45.68455805, -23.69934872], [-45.68446272, -23.69934511], [-45.68437141, -23.69933731], [-45.68428427, -23.69932532], [-45.68422303, -23.69931316], [-45.6841616, -23.69929691], [-45.68409985, -23.69927654], [-45.6840376, -23.699252], [-45.68397476, -23.69922325], [-45.68391099, -23.69919014], [-45.68377937, -23.69911019], [-45.68366389, -23.69902863], [-45.6835376, -23.69892968], [-45.68310055, -23.69855429], [-45.6830081, -23.69847789], [-45.68292402, -23.6984119], [-45.68282906, -23.69834245], [-45.68273862, -23.69828226], [-45.68265106, -23.69823021], [-45.68256551, -23.69818582], [-45.68244089, -23.69812988], [-45.68231137, -23.69807937], [-45.68217672, -23.6980342], [-45.68203666, -23.69799427], [-45.68189097, -23.6979595], [-45.68173908, -23.69792975], [-45.68158045, -23.69790492], [-45.6814143, -23.69788488], [-45.68124878, -23.69787019], [-45.68107436, -23.6978596], [-45.68088944, -23.697853], [-45.68069099, -23.69785029], [-45.68049953, -23.6978511], [-45.68028615, -23.69785495], [-45.67948186, -23.69788023], [-45.67914715, -23.69788705], [-45.67880034, -23.69788575], [-45.6784932, -23.69787369], [-45.67831532, -23.69786049], [-45.67814622, -23.69784279], [-45.67798472, -23.69782047], [-45.67783005, -23.69779341], [-45.67768139, -23.69776147], [-45.67753849, -23.69772458], [-45.67740095, -23.69768263], [-45.67726849, -23.69763554], [-45.67685296, -23.69747161], [-45.67666795, -23.69739434], [-45.67632731, -23.69724246], [-45.67616902, -23.69716662], [-45.67601804, -23.69709048], [-45.67587389, -23.69701382], [-45.67573457, -23.69693549], [-45.67560156, -23.69685624], [-45.67547464, -23.69677594], [-45.67535363, -23.69669448], [-45.67523836, -23.69661175], [-45.67512876, -23.69652768], [-45.67502475, -23.69644221], [-45.67492625, -23.69635529], [-45.67479286, -23.69622877], [-45.67466402, -23.69609758], [-45.6745397, -23.69596171], [-45.67441992, -23.69582117], [-45.67430467, -23.69567596], [-45.67419395, -23.69552608], [-45.67412368, -23.69542378], [-45.67398612, -23.69521229], [-45.67325141, -23.6941858], [-45.67250888, -23.69383994], [-45.67197323, -23.6933893], [-45.67131476, -23.69293873], [-45.67011097, -23.69219277], [-45.66992169, -23.69240091], [-45.66964762, -23.69289749], [-45.66946467, -23.69335139], [-45.66926576, -23.69367493], [-45.66918805, -23.69382895], [-45.66893399, -23.6941154], [-45.6686277, -23.69455631], [-45.66824047, -23.69497413], [-45.66786733, -23.69551776], [-45.66761629, -23.69594337], [-45.66728672, -23.6964191], [-45.66699417, -23.69685934], [-45.66663222, -23.69733541], [-45.66621074, -23.69765326], [-45.66557056, -23.69787245], [-45.66503359, -23.69812957], [-45.66457748, -23.69841339], [-45.66409193, -23.69879335], [-45.66379505, -23.69925248], [-45.66364963, -23.69974045], [-45.66358861, -23.70017931], [-45.66359919, -23.70061851], [-45.66366635, -23.70112103], [-45.66377865, -23.7014798], [-45.66394786, -23.70212412], [-45.66418075, -23.70253378], [-45.66442703, -23.70267448], [-45.66467253, -23.7026625], [-45.66470672, -23.70266942], [-45.665433, -23.70217622], [-45.66569899, -23.70207427], [-45.66605526, -23.70206602], [-45.66644572, -23.70220833], [-45.66706822, -23.70256335], [-45.66803985, -23.7032108], [-45.66839439, -23.70347804], [-45.66882644, -23.70374482], [-45.6692579, -23.7040405], [-45.6697511, -23.7044348], [-45.67030734, -23.70491241], [-45.67061539, -23.70529446], [-45.67104948, -23.70584491], [-45.67137355, -23.70621098], [-45.67159044, -23.70649388], [-45.67183714, -23.70666258], [-45.67209846, -23.70678817], [-45.67272864, -23.70677113], [-45.67315877, -23.70679758], [-45.67358899, -23.70686739], [-45.67381364, -23.70691556], [-45.6740975, -23.70709032], [-45.67442205, -23.70738593], [-45.67470093, -23.70789935], [-45.67487786, -23.70840919], [-45.6750413, -23.70866767], [-45.67512277, -23.7088091], [-45.67543387, -23.70904305], [-45.67584455, -23.70920555], [-45.67615197, -23.70933194], [-45.6766147, -23.70968324], [-45.67715601, -23.71007746], [-45.67785053, -23.7106559], [-45.67823462, -23.71082336], [-45.6784657, -23.71089331], [-45.67872613, -23.71091951], [-45.6790799, -23.71089042], [-45.67934085, -23.71074771], [-45.67969258, -23.71043494], [-45.68042685, -23.70983793], [-45.68080958, -23.70973617], [-45.68122541, -23.70979126], [-45.68173322, -23.71000151], [-45.68214465, -23.7102715], [-45.6826914, -23.71059263], [-45.68307474, -23.71084497], [-45.6834138, -23.7110559], [-45.68392381, -23.71130322], [-45.684386, -23.71158583], [-45.68503603, -23.71189428], [-45.68569231, -23.71218567], [-45.68592323, -23.71231162], [-45.68652497, -23.7125831], [-45.68683241, -23.71270946], [-45.68717153, -23.71282192], [-45.68766332, -23.7129045], [-45.6881261, -23.71296671], [-45.68858772, -23.71303792], [-45.68906514, -23.71315187], [-45.68952684, -23.71326735], [-45.69000127, -23.71343182], [-45.69044817, -23.71359943], [-45.69086465, -23.71376742], [-45.69107881, -23.71389759], [-45.69118925, -23.71391847], [-45.69141918, -23.71418982], [-45.69148168, -23.71444473], [-45.6914484, -23.71472961], [-45.69134743, -23.71511087], [-45.69107489, -23.71591915], [-45.69104709, -23.71651305], [-45.69112635, -23.71690827], [-45.69134255, -23.71727604], [-45.69160641, -23.71761573], [-45.69185415, -23.71788017], [-45.69208634, -23.71813711], [-45.69319588, -23.719009], [-45.69356661, -23.71930446], [-45.69409123, -23.71965587], [-45.6948306, -23.7202052], [-45.69507841, -23.7205148], [-45.69521539, -23.72101579], [-45.6952552, -23.72122876], [-45.69527317, -23.7214549], [-45.69518799, -23.72187979], [-45.6951019, -23.722012], [-45.69497984, -23.72212823], [-45.69476546, -23.72220041], [-45.69433477, -23.72210264], [-45.69396391, -23.72176472], [-45.69359386, -23.72148373], [-45.69311506, -23.72114666], [-45.69275787, -23.72086046], [-45.6923259, -23.72053684], [-45.69187588, -23.720184], [-45.69159277, -23.72001832], [-45.69121891, -23.71987636], [-45.69077445, -23.71987681], [-45.69052736, -23.72001346], [-45.69043371, -23.72017986], [-45.69037694, -23.72041374], [-45.69036326, -23.72074773], [-45.69038068, -23.72114459], [-45.69048996, -23.72151142], [-45.69064574, -23.72190705], [-45.6908016, -23.7224436], [-45.69081931, -23.72282601], [-45.69066699, -23.72298237], [-45.69046763, -23.72303944], [-45.69015997, -23.72297089], [-45.68958837, -23.72242173], [-45.68920299, -23.72202664], [-45.68870404, -23.72157178], [-45.68825739, -23.72115034], [-45.68759704, -23.72071977], [-45.68735111, -23.72060712], [-45.68702158, -23.72050477], [-45.68653516, -23.72039789], [-45.68607497, -23.72039986], [-45.68562357, -23.72045166], [-45.68542844, -23.72054223], [-45.68464253, -23.72107152], [-45.68413554, -23.72139516], [-45.68399192, -23.72146132], [-45.68365946, -23.72155041], [-45.68319881, -23.72157495], [-45.68272243, -23.72150436], [-45.68223772, -23.72141015], [-45.68182261, -23.72127017], [-45.68153108, -23.72122898], [-45.68133896, -23.7212681], [-45.68085574, -23.72162828], [-45.68056556, -23.7218563], [-45.67999795, -23.72216894], [-45.6795996, -23.72231289], [-45.67923106, -23.72234262], [-45.67872355, -23.72225975], [-45.67806266, -23.72219227], [-45.67760921, -23.722104], [-45.67715566, -23.72206903], [-45.67665531, -23.72211544], [-45.67617866, -23.72215414], [-45.67571917, -23.72226539], [-45.67525999, -23.7225528], [-45.67511579, -23.7227427], [-45.67479754, -23.72362152], [-45.67453827, -23.72392053], [-45.67406258, -23.72424739], [-45.67283794, -23.72511587], [-45.67233238, -23.72541511], [-45.67196537, -23.72556138], [-45.67170445, -23.72560562], [-45.67145845, -23.72559231], [-45.67111959, -23.72546627], [-45.67093321, -23.72522546], [-45.67079168, -23.72495019], [-45.67068699, -23.72464937], [-45.67061326, -23.72422624], [-45.67050059, -23.72378798], [-45.67017142, -23.72309482], [-45.66993837, -23.7228812], [-45.66961551, -23.72274098], [-45.66869294, -23.72265988], [-45.66821651, -23.72259196], [-45.66775454, -23.72253694], [-45.66730914, -23.72243975], [-45.66684774, -23.72235674], [-45.66633931, -23.72217534], [-45.66596994, -23.72200721], [-45.66563098, -23.7218387], [-45.66469178, -23.721517], [-45.6642925, -23.72141971], [-45.6639425, -23.72145425], [-45.66348261, -23.72153656], [-45.6633002, -23.72158035], [-45.6629565, -23.72173785], [-45.66232939, -23.72222193], [-45.66213075, -23.72243435], [-45.66167263, -23.72300267], [-45.66136775, -23.72351405], [-45.66104775, -23.72385443], [-45.66072595, -23.72413878], [-45.66050326, -23.72428032], [-45.66017456, -23.72442363], [-45.65974369, -23.7245254], [-45.65923697, -23.72449939], [-45.65874457, -23.72444471], [-45.65817583, -23.7243336], [-45.6576839, -23.72420847], [-45.65722191, -23.7240116], [-45.6567912, -23.72391554], [-45.6562803, -23.72385422], [-45.65591418, -23.72390924], [-45.65563442, -23.72396306], [-45.65530558, -23.72401783], [-45.65456352, -23.72412769], [-45.65415919, -23.72422721], [-45.65369683, -23.72438081], [-45.65321253, -23.72464694], [-45.65284133, -23.72489969], [-45.6524334, -23.72522045], [-45.65221961, -23.7254055], [-45.65185175, -23.72559146], [-45.65146868, -23.7257067], [-45.65043908, -23.72586571], [-45.65010232, -23.72592394], [-45.64942672, -23.72599791], [-45.64902658, -23.72608394], [-45.64855105, -23.72611534], [-45.64788967, -23.72611819], [-45.64758216, -23.72609022], [-45.64738395, -23.72609126], [-45.64689055, -23.72603743], [-45.64589212, -23.72597022], [-45.64534301, -23.72581154], [-45.64488182, -23.72571852], [-45.64449978, -23.72549953], [-45.64413228, -23.72519408], [-45.64343815, -23.72445833], [-45.64303881, -23.72408004], [-45.64262277, -23.72375025], [-45.64205489, -23.72340875], [-45.64104036, -23.72293654], [-45.64074687, -23.72275342], [-45.64057339, -23.72255525], [-45.64021833, -23.72212445], [-45.63993958, -23.72175099], [-45.63961537, -23.72144086], [-45.63927119, -23.7212424], [-45.63900927, -23.72114565], [-45.63845268, -23.72120632], [-45.63792511, -23.72147616], [-45.63739398, -23.72177574], [-45.63708233, -23.7219473], [-45.63674819, -23.72202091], [-45.63643785, -23.72203532], [-45.63613131, -23.72196127], [-45.63534381, -23.72189681], [-45.63417452, -23.72164946], [-45.6328248, -23.72130318], [-45.63214842, -23.72103832], [-45.63168733, -23.72089469], [-45.63120989, -23.72073541], [-45.63065184, -23.72048889], [-45.62999089, -23.72014299], [-45.6289682, -23.71959468], [-45.62833657, -23.71934866], [-45.62777349, -23.71915624], [-45.62692582, -23.71891995], [-45.62654914, -23.71882205], [-45.62614375, -23.71883115], [-45.62594399, -23.71885923], [-45.62560197, -23.71898146], [-45.62494314, -23.71938172], [-45.62454712, -23.71959965], [-45.6240955, -23.71970819], [-45.62349255, -23.71963971], [-45.62301538, -23.71956171], [-45.62266851, -23.71944627], [-45.62227169, -23.71932633], [-45.62171532, -23.71918911], [-45.62135498, -23.71910775], [-45.62029062, -23.71895882], [-45.61975458, -23.71897552], [-45.61931061, -23.71904625], [-45.61892568, -23.71906201], [-45.6183071, -23.71894355], [-45.61784218, -23.71889014], [-45.61758939, -23.71887392], [-45.61722174, -23.71890805], [-45.61654065, -23.71905766], [-45.61552605, -23.71943803], [-45.61537465, -23.71949948], [-45.6152541, -23.71963374], [-45.61494627, -23.71999684], [-45.61479756, -23.72030494], [-45.61489425, -23.7208884], [-45.61497563, -23.7213126], [-45.61496887, -23.72149495], [-45.61481829, -23.72165759], [-45.61457852, -23.72181593], [-45.6140558, -23.72189879], [-45.61314327, -23.72194853], [-45.61219746, -23.72180708], [-45.61172069, -23.72175706], [-45.61156157, -23.72176507], [-45.61124493, -23.72179919], [-45.61094619, -23.72200887], [-45.61072287, -23.72227138], [-45.61049883, -23.7227552], [-45.61030555, -23.72312935], [-45.60977041, -23.72408459], [-45.60956247, -23.72436183], [-45.60929338, -23.72451422], [-45.60878255, -23.72454398], [-45.60828721, -23.72425604], [-45.60786728, -23.72402184], [-45.60740165, -23.72395484], [-45.60692135, -23.72402578], [-45.60648819, -23.72423487], [-45.60602397, -23.72456807], [-45.60544553, -23.72515396], [-45.60504218, -23.72557857], [-45.60460003, -23.72612173], [-45.60433893, -23.72654706], [-45.60399193, -23.72695099], [-45.60346089, -23.72742842], [-45.60297375, -23.72763744], [-45.60262216, -23.7277459], [-45.60220621, -23.72778907], [-45.60167651, -23.72764232], [-45.601195, -23.72735009], [-45.60062011, -23.72706613], [-45.60011196, -23.72678156], [-45.59987532, -23.72655692], [-45.59953349, -23.72615517], [-45.59912265, -23.72576935], [-45.59863305, -23.7253496], [-45.59823203, -23.72510306], [-45.59775172, -23.72484788], [-45.59721314, -23.7246576], [-45.59681357, -23.72457549], [-45.59624485, -23.72460508], [-45.59583564, -23.72456163], [-45.59541643, -23.724434], [-45.594858, -23.72406811], [-45.59453529, -23.72383109], [-45.59433589, -23.72374894], [-45.59396691, -23.72370531], [-45.59366805, -23.72377946], [-45.59332039, -23.72407405], [-45.59310204, -23.72437818], [-45.59292351, -23.72460895], [-45.5925162, -23.72498649], [-45.59182082, -23.72548533], [-45.59125314, -23.72588348], [-45.59096489, -23.72605899], [-45.59079632, -23.72609662], [-45.59053727, -23.7260974], [-45.59022699, -23.72601507], [-45.58904262, -23.72536876], [-45.58882766, -23.72532607], [-45.58871794, -23.72536476], [-45.58845831, -23.72548567], [-45.58834857, -23.72566437], [-45.58833138, -23.72592061], [-45.58843563, -23.72702363], [-45.58847751, -23.72731705], [-45.58848807, -23.72765328], [-45.58852219, -23.72794205], [-45.58850104, -23.72820003], [-45.5884242, -23.72844706], [-45.5882019, -23.728612], [-45.58773869, -23.72875547], [-45.587083, -23.72899936], [-45.58654114, -23.72938169], [-45.58588339, -23.72967613], [-45.58563102, -23.7297782], [-45.58512922, -23.72989025], [-45.58468453, -23.72989944], [-45.58425552, -23.72986375], [-45.58380953, -23.72974915], [-45.58338819, -23.72958261], [-45.58296609, -23.72931307], [-45.58229945, -23.72882235], [-45.58183879, -23.72847443], [-45.58086175, -23.72781463], [-45.58050317, -23.72760404], [-45.58008661, -23.72739782], [-45.57948257, -23.72714849], [-45.57874371, -23.72673324], [-45.5784817, -23.72659574], [-45.57821843, -23.72647177], [-45.57797983, -23.72634102], [-45.5777404, -23.72620302], [-45.5774619, -23.7260571], [-45.57718357, -23.72594911], [-45.57692143, -23.72581794], [-45.57639505, -23.72560883], [-45.57577829, -23.72549747], [-45.5752964, -23.72545719], [-45.57443539, -23.72548144], [-45.57346173, -23.72554341], [-45.5729575, -23.72563099], [-45.57266954, -23.72583809], [-45.57247836, -23.72620049], [-45.57247888, -23.7264995], [-45.5725097, -23.72680358], [-45.57280763, -23.72728229], [-45.57301074, -23.72746661], [-45.57406511, -23.72813327], [-45.57432468, -23.72843152], [-45.57443958, -23.7288428], [-45.57444101, -23.72919151], [-45.5743784, -23.72936743], [-45.57415677, -23.72963896], [-45.57404463, -23.72974444], [-45.57398173, -23.7297957], [-45.57352143, -23.73021649], [-45.57324766, -23.73040217], [-45.57316038, -23.73044576], [-45.5726608, -23.73063731], [-45.57186885, -23.7308272], [-45.57158443, -23.73091331], [-45.5712627, -23.73100056], [-45.57098893, -23.73104712], [-45.57071673, -23.7310657], [-45.57041431, -23.73102954], [-45.57010322, -23.73098509], [-45.56980916, -23.73092469], [-45.56951866, -23.73088151], [-45.56921583, -23.73086431], [-45.56891259, -23.73095821], [-45.56869133, -23.73107346], [-45.56850036, -23.73133288], [-45.56837953, -23.73180043], [-45.56838446, -23.73281405], [-45.56845364, -23.73352893], [-45.56847128, -23.73380657], [-45.56850462, -23.73408449], [-45.5685059, -23.73434738], [-45.56842616, -23.73463591], [-45.56830587, -23.73493997], [-45.5681329, -23.73522952], [-45.56790624, -23.73550547], [-45.5676106, -23.73579552], [-45.56724433, -23.73603823], [-45.56696553, -23.73613618], [-45.56663248, -23.73620154], [-45.56632819, -23.73620598], [-45.56572389, -23.73606048], [-45.5653556, -23.73602945], [-45.56492082, -23.73607941], [-45.56460469, -23.73622546], [-45.56441309, -23.73646771], [-45.56434475, -23.7367736], [-45.56446686, -23.7373982], [-45.56457055, -23.73755183], [-45.5647618, -23.73774046], [-45.56498529, -23.73798207], [-45.56520082, -23.73822896], [-45.56564699, -23.7387501], [-45.56578897, -23.73908689], [-45.56573826, -23.73944098], [-45.56563486, -23.73978057], [-45.5655309, -23.74005421], [-45.56547891, -23.74037575], [-45.56560997, -23.74076474], [-45.56580916, -23.74104204], [-45.56598478, -23.74131982], [-45.56618527, -23.74158179], [-45.56624117, -23.74186012], [-45.56625033, -23.7420292], [-45.56622277, -23.74240178], [-45.56613766, -23.74280403], [-45.56598162, -23.74312731], [-45.56577328, -23.74341803], [-45.5655643, -23.74369249], [-45.56516381, -23.74411253], [-45.56459966, -23.74433811], [-45.5642977, -23.74432453], [-45.56369544, -23.74431185], [-45.56336281, -23.74426429], [-45.56310588, -23.74425604], [-45.56280362, -23.7442569], [-45.56250103, -23.74427311], [-45.56194805, -23.74420441], [-45.56114213, -23.74407873], [-45.5607054, -23.74408077], [-45.56037301, -23.74411361], [-45.56010172, -23.7441349], [-45.55928862, -23.74406961], [-45.55859045, -23.74390703], [-45.55834445, -23.74384657], [-45.55799453, -23.74373546], [-45.55757454, -23.74368902], [-45.55715426, -23.74361005], [-45.55661848, -23.74356331], [-45.55601537, -23.7434991], [-45.55571278, -23.7435153], [-45.55538716, -23.74355276], [-45.55512585, -23.74361217], [-45.55482371, -23.7437449], [-45.55451466, -23.74392539], [-45.55416646, -23.74405548], [-45.55385197, -23.74416902], [-45.55355422, -23.74423409], [-45.55322274, -23.7443166], [-45.55275155, -23.74441556], [-45.55213948, -23.74444873], [-45.55179009, -23.74445052], [-45.55107309, -23.74438874], [-45.55065281, -23.74430976], [-45.55004059, -23.74416676], [-45.54953273, -23.7440076], [-45.54923465, -23.74376733], [-45.54864627, -23.74306109], [-45.54817595, -23.74252411], [-45.54758898, -23.74184409], [-45.54728126, -23.74159641], [-45.54701856, -23.7414453], [-45.54663311, -23.74125312], [-45.54590641, -23.74095808], [-45.54504987, -23.74063177], [-45.54401264, -23.74035728], [-45.54369745, -23.74032083], [-45.54289431, -23.74025022], [-45.54260887, -23.74019896], [-45.54215848, -23.74006069], [-45.54182648, -23.73993902], [-45.54123644, -23.73967807], [-45.54074638, -23.73942254], [-45.54001538, -23.73896299], [-45.53897089, -23.73838843], [-45.5385842, -23.73820885], [-45.53824128, -23.7380933], [-45.53714141, -23.7376758], [-45.53659475, -23.73749782], [-45.53606785, -23.73735904], [-45.53555294, -23.7372557], [-45.53540783, -23.73725035], [-45.53530623, -23.73727469], [-45.53497119, -23.73738601], [-45.53468577, -23.73756238], [-45.53437569, -23.73774461], [-45.53403952, -23.73786224], [-45.53364103, -23.73795795], [-45.53304435, -23.73800668], [-45.53285371, -23.73806463], [-45.53274076, -23.7382062], [-45.53271177, -23.7383222], [-45.53296859, -23.73897276], [-45.53319667, -23.73968242], [-45.53333364, -23.73988365], [-45.53355199, -23.73999694], [-45.53387349, -23.74010488], [-45.5342167, -23.74016173], [-45.53519291, -23.7403069], [-45.53540633, -23.74037583], [-45.53553571, -23.74047394], [-45.53565477, -23.74064142], [-45.53577468, -23.74113411], [-45.53585459, -23.74125119], [-45.53606688, -23.7413725], [-45.53630243, -23.74141654], [-45.53716997, -23.74150461], [-45.53743303, -23.74159251], [-45.53810386, -23.7419751], [-45.53859794, -23.74218102], [-45.53972401, -23.74252221], [-45.54014288, -23.74275747], [-45.5405407, -23.74315043], [-45.54074679, -23.74351551], [-45.54075844, -23.74384092], [-45.5406911, -23.74418928], [-45.54046253, -23.74477951], [-45.54043071, -23.74502734], [-45.54044362, -23.74543136], [-45.54053027, -23.74587466], [-45.54067232, -23.74638853], [-45.54077138, -23.74680225], [-45.54092231, -23.74717716], [-45.54116605, -23.7474797], [-45.54139599, -23.74764828], [-45.54159861, -23.74771791], [-45.542065, -23.74779776], [-45.54288561, -23.74774223], [-45.54338887, -23.74775048], [-45.5437856, -23.74782905], [-45.54404412, -23.74794667], [-45.54427003, -23.74821183], [-45.54442243, -23.74865542], [-45.54442352, -23.7489707], [-45.54425271, -23.74924763], [-45.5438896, -23.74947679], [-45.54359759, -23.74954827], [-45.54307425, -23.74965257], [-45.54262893, -23.7497339], [-45.54218437, -23.74978001], [-45.54130777, -23.74979116], [-45.54010721, -23.74971692], [-45.5395285, -23.74974884], [-45.53931212, -23.74981717], [-45.53926556, -23.74988317], [-45.53924774, -23.7499813], [-45.53924794, -23.75006351], [-45.53928475, -23.7501771], [-45.53938918, -23.75038676], [-45.53958559, -23.75060894], [-45.5397627, -23.75090665], [-45.53993016, -23.75133426], [-45.53998653, -23.75158821], [-45.540011, -23.75181991], [-45.5399962, -23.75205179], [-45.53996476, -23.75219033], [-45.53990198, -23.75228042], [-45.53985111, -23.75236441], [-45.53974268, -23.75247806], [-45.53967498, -23.7525229], [-45.53945708, -23.75275289], [-45.53920998, -23.75297151], [-45.53892636, -23.75315424], [-45.53867789, -23.75320843], [-45.53849373, -23.75319243], [-45.53805105, -23.7529224], [-45.53790358, -23.752889], [-45.5376553, -23.75293416], [-45.53685431, -23.75362687], [-45.53644986, -23.75422563], [-45.53618263, -23.75446736], [-45.53513931, -23.75511048], [-45.53460848, -23.75547025], [-45.53405154, -23.75576632], [-45.53375931, -23.75584681], [-45.53300797, -23.75591891], [-45.53252499, -23.75587939], [-45.53201598, -23.75577254], [-45.5317515, -23.75574965], [-45.53117614, -23.75576173], [-45.53095463, -23.75570258], [-45.53078812, -23.75559656], [-45.53048225, -23.75530824], [-45.53022079, -23.75509931], [-45.52990832, -23.75475305], [-45.52975676, -23.754454], [-45.52955306, -23.75393358], [-45.52900524, -23.75289649], [-45.52898224, -23.75277954], [-45.52885991, -23.75249096], [-45.52871911, -23.75223907], [-45.52861827, -23.75190932], [-45.52844694, -23.75093512], [-45.5283361, -23.75038658], [-45.52831511, -23.75026786], [-45.52826485, -23.75009531], [-45.52802004, -23.74993456], [-45.52777319, -23.74973132], [-45.527165, -23.74903729], [-45.52695758, -23.74882664], [-45.52673, -23.74845844], [-45.52639773, -23.74766647], [-45.52599074, -23.74688126], [-45.52575821, -23.74656085], [-45.52532406, -23.74612473], [-45.52509385, -23.7460609], [-45.52465889, -23.74584427], [-45.52447559, -23.74569819], [-45.52430604, -23.7455063], [-45.5240701, -23.74529873], [-45.52342652, -23.74510899], [-45.52242736, -23.74498049], [-45.52210647, -23.74488971], [-45.52179514, -23.7447196], [-45.52139604, -23.74434283], [-45.52109613, -23.74423435], [-45.52065734, -23.74415044], [-45.52043795, -23.74408499], [-45.52011588, -23.74391288], [-45.51990918, -23.74376004], [-45.5196168, -23.74348549], [-45.51935425, -23.74332892], [-45.51898362, -23.74317849], [-45.51824524, -23.74292648], [-45.51800942, -23.74280472], [-45.51776517, -23.7425735], [-45.51769074, -23.74238515], [-45.51769114, -23.74223069], [-45.51774469, -23.74211424], [-45.51794831, -23.74181987], [-45.51805882, -23.74161052], [-45.51812376, -23.74128471], [-45.51807597, -23.74081772], [-45.51791999, -23.74036229], [-45.51760921, -23.73989589], [-45.51741842, -23.73968824], [-45.51723994, -23.73941126], [-45.51700758, -23.73917484], [-45.51642694, -23.73870891], [-45.51625082, -23.73850423], [-45.51610355, -23.73828112], [-45.51593234, -23.73789496], [-45.51578255, -23.73762073], [-45.51577286, -23.73763019], [-45.51554804, -23.73759481], [-45.51527857, -23.73743674], [-45.51471653, -23.73722997], [-45.51401944, -23.73711125], [-45.51385533, -23.73704767], [-45.51361042, -23.73689403], [-45.51331797, -23.73662764], [-45.51312067, -23.73635462], [-45.51288151, -23.73616573], [-45.51258948, -23.73600773], [-45.51229576, -23.73591747], [-45.51193898, -23.73575698], [-45.51167309, -23.73550766], [-45.5114175, -23.73513095], [-45.51125109, -23.73497795], [-45.51105658, -23.73491718], [-45.51078484, -23.7349253], [-45.51071137, -23.73495535], [-45.51059896, -23.73506592], [-45.51030558, -23.73556547], [-45.51012094, -23.73577021], [-45.51000054, -23.73584196], [-45.5098465, -23.73584247], [-45.5097522, -23.73581388], [-45.50958173, -23.73562747], [-45.50940981, -23.73531913], [-45.5090528, -23.73484791], [-45.50880743, -23.73457324], [-45.5084539, -23.73423839], [-45.50811735, -23.73398117], [-45.50784206, -23.73383395], [-45.50713065, -23.73355989], [-45.50684098, -23.73350033], [-45.50665315, -23.73338804], [-45.50651141, -23.73327108], [-45.50640298, -23.73314047], [-45.50631175, -23.73289057], [-45.50625481, -23.73262701], [-45.50621103, -23.73221437], [-45.50614966, -23.73207548], [-45.50600295, -23.73194137], [-45.50581214, -23.73181916], [-45.50526867, -23.73158429], [-45.50484539, -23.73147547], [-45.50469528, -23.73147596], [-45.50457449, -23.73144836], [-45.50448396, -23.7313791], [-45.50428662, -23.731088], [-45.50413515, -23.73099185], [-45.50396431, -23.73095989], [-45.50364824, -23.73091937], [-45.50285679, -23.73100233], [-45.50250776, -23.7310667], [-45.5022291, -23.73106218], [-45.50190805, -23.73100451], [-45.50143645, -23.73083262], [-45.50081699, -23.73047695], [-45.50047985, -23.73031546], [-45.50047191, -23.730292], [-45.50028816, -23.73021762], [-45.50012006, -23.73013236], [-45.49985833, -23.7299363], [-45.49964776, -23.72977349], [-45.49941819, -23.72952043], [-45.49920589, -23.72916253], [-45.4990522, -23.7287376], [-45.4989633, -23.72857982], [-45.4987938, -23.72838346], [-45.49856268, -23.72823517], [-45.49835954, -23.72822318], [-45.49818317, -23.72828336], [-45.49801502, -23.72844107], [-45.49787865, -23.72869893], [-45.49776442, -23.72884562], [-45.49765779, -23.72892816], [-45.49741585, -23.729031], [-45.49728861, -23.7291127], [-45.49720181, -23.72924847], [-45.4972015, -23.72942641], [-45.49725741, -23.72968184], [-45.49748341, -23.73003067], [-45.49757856, -23.73028327], [-45.49758222, -23.73099049], [-45.49771382, -23.73154014], [-45.49789171, -23.73187828], [-45.498256, -23.73221492], [-45.49827226, -23.73236029], [-45.49823524, -23.73242996], [-45.49802067, -23.73250923], [-45.49762061, -23.73257284], [-45.49693353, -23.7327557], [-45.49660754, -23.73295004], [-45.49645818, -23.73314742], [-45.49637456, -23.73334821], [-45.49637682, -23.73368601], [-45.49647139, -23.7340443], [-45.49644265, -23.73422775], [-45.49637823, -23.73431647], [-45.49618616, -23.73438031], [-45.49548705, -23.73449817], [-45.49490135, -23.73477011], [-45.49360085, -23.73516537], [-45.49310393, -23.73530606], [-45.49287182, -23.7354188], [-45.49267326, -23.73558201], [-45.49256487, -23.73571875], [-45.49251071, -23.73592757], [-45.49248733, -23.73623384], [-45.49253626, -23.73672324], [-45.49259598, -23.73694886], [-45.49274023, -23.73721395], [-45.49290394, -23.73743743], [-45.49321624, -23.73777425], [-45.49327859, -23.73791585], [-45.49327398, -23.73799535], [-45.49320388, -23.73813829], [-45.49288797, -23.73840666], [-45.49277861, -23.73854972], [-45.49266277, -23.73879396], [-45.49256155, -23.7392739], [-45.49254855, -23.73973098], [-45.49258669, -23.73995667], [-45.49284146, -23.74065135], [-45.49304781, -23.74099121], [-45.49324894, -23.74124528], [-45.4934636, -23.74144782], [-45.49367994, -23.74157268], [-45.49416896, -23.7416759], [-45.49425167, -23.7417506], [-45.49427462, -23.7418535], [-45.49424278, -23.74199541], [-45.4941358, -23.74224866], [-45.49411001, -23.7424348], [-45.49415577, -23.74259995], [-45.49441005, -23.74315824], [-45.494477, -23.74347958], [-45.49437944, -23.74362802], [-45.49423846, -23.74371067], [-45.49410178, -23.74389446], [-45.49406226, -23.74408246], [-45.4940626, -23.74443291], [-45.4941257, -23.74477414], [-45.49417403, -23.74535928], [-45.49413483, -23.74563218], [-45.49408827, -23.74577504], [-45.49402858, -23.74581859], [-45.49390401, -23.74583163], [-45.49379682, -23.74577055], [-45.49366973, -23.74563277], [-45.49340563, -23.7450736], [-45.49330303, -23.7449276], [-45.49318705, -23.74487468], [-45.49289074, -23.74488195], [-45.49277776, -23.74484347], [-45.49271079, -23.74477865], [-45.49269155, -23.74462065], [-45.49288588, -23.74411151], [-45.49295174, -23.74362174], [-45.4929024, -23.7432868], [-45.49268722, -23.74294787], [-45.4925199, -23.74281021], [-45.49225839, -23.74267465], [-45.49202073, -23.74262031], [-45.49169403, -23.74263219], [-45.49141248, -23.74264753], [-45.49130446, -23.74262439], [-45.491267, -23.74257754], [-45.4912362, -23.74247558], [-45.49130621, -23.74230555], [-45.49150682, -23.74190026], [-45.4915023, -23.74174311], [-45.49145876, -23.74164389], [-45.49133566, -23.74152596], [-45.49079655, -23.74114741], [-45.49053166, -23.74089625], [-45.49040027, -23.7406564], [-45.49020342, -23.73997056], [-45.49010859, -23.73979925], [-45.48996, -23.73968501], [-45.48960915, -23.73953347], [-45.48954903, -23.73946231], [-45.48952512, -23.73936393], [-45.48955972, -23.73917234], [-45.48974625, -23.73867406], [-45.48992086, -23.73787595], [-45.48988528, -23.73754638], [-45.48979019, -23.73730552], [-45.489664, -23.73714514], [-45.48885052, -23.73659403], [-45.4886644, -23.73641397], [-45.48864035, -23.73627675], [-45.48867825, -23.73618089], [-45.48885327, -23.73601776], [-45.48925551, -23.73574551], [-45.48955475, -23.73547811], [-45.48974902, -23.73521465], [-45.48990136, -23.73476074], [-45.48990845, -23.73455749], [-45.48984477, -23.73432105], [-45.48966676, -23.73394406], [-45.48964088, -23.73384569], [-45.48967681, -23.73374712], [-45.48981192, -23.73366811], [-45.49019325, -23.73357838], [-45.49056749, -23.73343178], [-45.49082595, -23.73328192], [-45.49096577, -23.73315051], [-45.49113642, -23.73287177], [-45.49117909, -23.73273705], [-45.49119314, -23.73256087], [-45.49111475, -23.73232628], [-45.49089544, -23.73192413], [-45.49073969, -23.73146849], [-45.49074037, -23.73060138], [-45.49070208, -23.73033324], [-45.49059823, -23.73010957], [-45.49044566, -23.72997728], [-45.49019113, -23.72986427], [-45.48929602, -23.72977498], [-45.48914484, -23.72975107], [-45.48906132, -23.72971882], [-45.48900207, -23.72961513], [-45.48903103, -23.72948949], [-45.48927886, -23.72912199], [-45.4893439, -23.72893572], [-45.48933734, -23.72875599], [-45.4892888, -23.7286297], [-45.48914508, -23.72850189], [-45.48858535, -23.72810443], [-45.48848285, -23.7279792], [-45.48845106, -23.72787362], [-45.48846643, -23.72778506], [-45.48858481, -23.72769707], [-45.48898936, -23.72752508], [-45.4892164, -23.72736991], [-45.4893511, -23.72718522], [-45.48937367, -23.72692321], [-45.48926072, -23.7266273], [-45.48861205, -23.72605489], [-45.48847499, -23.72586926], [-45.48848255, -23.72579246], [-45.48857149, -23.72570276], [-45.48900563, -23.72557403], [-45.48927962, -23.72538258], [-45.48946442, -23.72495205], [-45.48951922, -23.72438916], [-45.48944887, -23.72394047], [-45.48928435, -23.7234957], [-45.48914804, -23.72324684], [-45.48846839, -23.72225542], [-45.48834375, -23.72197269], [-45.48839723, -23.7218528], [-45.48847362, -23.72181643], [-45.48876782, -23.72178569], [-45.48965277, -23.72179373], [-45.48986545, -23.72173796], [-45.48997301, -23.72164278], [-45.49006931, -23.72142389], [-45.49004513, -23.72099132], [-45.49007557, -23.7207347], [-45.49044172, -23.71948165], [-45.4907998, -23.71843547], [-45.49125743, -23.71751181], [-45.49141717, -23.71694406], [-45.49137266, -23.71658472], [-45.49120768, -23.71627814], [-45.4909909, -23.71602231], [-45.49078431, -23.71586851], [-45.48933026, -23.71529052], [-45.48913849, -23.71516377], [-45.48902609, -23.71501329], [-45.48902357, -23.71486155], [-45.48911823, -23.71472938], [-45.48944226, -23.71454499], [-45.4896122, -23.71434484], [-45.48964524, -23.71425893], [-45.48964419, -23.71397893], [-45.48918122, -23.71294257], [-45.48917347, -23.71270685], [-45.48929497, -23.71214194], [-45.4892574, -23.71180153], [-45.48917635, -23.7116374], [-45.48878665, -23.71130624], [-45.48873238, -23.71122241], [-45.48871915, -23.71109419], [-45.48881386, -23.71097376], [-45.48900869, -23.71087018], [-45.49044533, -23.71047724], [-45.49097099, -23.71044034], [-45.49175977, -23.71046313], [-45.49204317, -23.71043423], [-45.4921901, -23.71037686], [-45.49230827, -23.71023738], [-45.49234881, -23.71006112], [-45.49225729, -23.70972179], [-45.49207931, -23.70934842], [-45.49197423, -23.70879326], [-45.49186349, -23.70855967], [-45.49168607, -23.70833442], [-45.49146293, -23.70794945], [-45.49130452, -23.70782169], [-45.49112174, -23.70773556], [-45.4909186, -23.70771363], [-45.49073395, -23.70765189], [-45.49048605, -23.7074639], [-45.49013255, -23.70710372], [-45.48952068, -23.70638035], [-45.48933377, -23.70623643], [-45.48911944, -23.70610613], [-45.48882166, -23.70595894], [-45.48865634, -23.70581856], [-45.48849853, -23.70558692], [-45.48839064, -23.70532713], [-45.4881994, -23.70507392], [-45.4880697, -23.70501562], [-45.48795099, -23.70501148], [-45.48730807, -23.70516525], [-45.48693441, -23.70518539], [-45.48633096, -23.70513761], [-45.48611619, -23.70515274], [-45.48571206, -23.70515491], [-45.4855521, -23.70513825], [-45.48535757, -23.70505576], [-45.4852789, -23.70500272], [-45.48524912, -23.70490617], [-45.48524584, -23.70481585], [-45.48540002, -23.70433213], [-45.48541234, -23.70421467], [-45.48536874, -23.70409649], [-45.48526152, -23.70401553], [-45.48502487, -23.70394943], [-45.48494139, -23.70392079], [-45.48490579, -23.70384413], [-45.48489358, -23.70372403], [-45.48487383, -23.70342331], [-45.48479611, -23.70309568], [-45.48463191, -23.70272677], [-45.48419615, -23.70213019], [-45.48392586, -23.70145179], [-45.48371618, -23.70125012], [-45.48359924, -23.70119268], [-45.48334699, -23.70114921], [-45.48318127, -23.70116418], [-45.48297557, -23.7012425], [-45.48260275, -23.70148754], [-45.48222466, -23.70163324], [-45.48146751, -23.70166269], [-45.48057655, -23.70184972], [-45.47946489, -23.70203833], [-45.47895469, -23.70227204], [-45.47836368, -23.70267491], [-45.47787035, -23.70296186], [-45.47740674, -23.70306175], [-45.47699977, -23.7030919], [-45.47680545, -23.7030654], [-45.4758774, -23.70276748], [-45.4753011, -23.70262835], [-45.47460296, -23.70243268], [-45.47433432, -23.70246692], [-45.4741406, -23.70260571], [-45.47407041, -23.70272786], [-45.47404635, -23.7028562], [-45.47405597, -23.70307475], [-45.47419317, -23.70331008], [-45.47431626, -23.70344067], [-45.47440357, -23.70344402], [-45.47487748, -23.70320682], [-45.47526279, -23.70315596], [-45.47557477, -23.70316855], [-45.47580759, -23.70326177], [-45.47631518, -23.70365854], [-45.47659818, -23.70379315], [-45.4768342, -23.70396043], [-45.47691911, -23.70411101], [-45.47694313, -23.704241], [-45.47687133, -23.704458], [-45.47675037, -23.70464354], [-45.47673531, -23.70481972], [-45.4768794, -23.70506134], [-45.47708598, -23.70522148], [-45.47812419, -23.7058641], [-45.47865043, -23.706259], [-45.47907917, -23.70681407], [-45.47911272, -23.70713732], [-45.47905208, -23.70745636], [-45.47911897, -23.70777409], [-45.47949693, -23.70812338], [-45.47952089, -23.70823892], [-45.47948685, -23.70831941], [-45.47928127, -23.70843386], [-45.47858023, -23.70852816], [-45.47816079, -23.70863965], [-45.47789263, -23.70881119], [-45.47775576, -23.70893897], [-45.47765135, -23.70909013], [-45.47732029, -23.70976768], [-45.47716033, -23.71002108], [-45.47690516, -23.71025942], [-45.47665448, -23.71038123], [-45.47633387, -23.71042919], [-45.4759482, -23.71038702], [-45.47544417, -23.71016998], [-45.47513286, -23.71007339], [-45.47505046, -23.71007364], [-45.47481046, -23.71016741], [-45.4747294, -23.71026702], [-45.47469842, -23.71038002], [-45.47468362, -23.71090033], [-45.47463846, -23.71116241], [-45.47445119, -23.71146015], [-45.47425142, -23.7115556], [-45.47406356, -23.71169166], [-45.47381482, -23.71208172], [-45.47357816, -23.71228658], [-45.47330959, -23.71234611], [-45.473024, -23.71231266], [-45.47230303, -23.71205654], [-45.47173352, -23.71190563], [-45.47139697, -23.71188588], [-45.47125496, -23.71195135], [-45.47118577, -23.71207982], [-45.47118737, -23.71225052], [-45.47126732, -23.71238667], [-45.47156533, -23.71260073], [-45.47212148, -23.71285466], [-45.47253583, -23.71295907], [-45.47380003, -23.7131485], [-45.47418344, -23.71337584], [-45.47474688, -23.71401271], [-45.47493069, -23.71411421], [-45.47532143, -23.71419791], [-45.47616914, -23.71423324], [-45.47650392, -23.71430447], [-45.47691602, -23.71459405], [-45.47738488, -23.71511738], [-45.47750484, -23.71519379], [-45.47857749, -23.71557345], [-45.47887137, -23.7157279], [-45.47934684, -23.71617714], [-45.47993982, -23.71656641], [-45.48008468, -23.7167439], [-45.48017467, -23.71694052], [-45.48027409, -23.71756797], [-45.48055562, -23.7180973], [-45.48058845, -23.7184892], [-45.48047451, -23.7192537], [-45.48050002, -23.71952278], [-45.48056175, -23.71977008], [-45.48056271, -23.72003202], [-45.48053268, -23.72013598], [-45.48036122, -23.72019794], [-45.48024254, -23.72020553], [-45.4799402, -23.72015679], [-45.4796557, -23.72015767], [-45.47869711, -23.72039639], [-45.47812517, -23.72039816], [-45.47756261, -23.72028338], [-45.47662557, -23.71997465], [-45.47607088, -23.71986255], [-45.47522145, -23.71963483], [-45.47425852, -23.71921778], [-45.4734315, -23.71894482], [-45.47272482, -23.71885124], [-45.47214024, -23.71888283], [-45.47197671, -23.71896733], [-45.47190753, -23.71909942], [-45.47192484, -23.7192755], [-45.47208733, -23.71944752], [-45.47229979, -23.71960133], [-45.47257104, -23.71973689], [-45.47354748, -23.72009068], [-45.47453901, -23.7205501], [-45.47505828, -23.72090168], [-45.47520396, -23.72103401], [-45.4753607, -23.72124217], [-45.47545486, -23.72150834], [-45.47545677, -23.72176305], [-45.47518101, -23.72228145], [-45.47516287, -23.72242061], [-45.4752077, -23.72260834], [-45.47546684, -23.72291736], [-45.47614157, -23.72339219], [-45.47645679, -23.72374258], [-45.47656636, -23.72392651], [-45.4767722, -23.72441453], [-45.47694334, -23.72507336], [-45.47711247, -23.7254504], [-45.47732135, -23.72569272], [-45.47769513, -23.72595803], [-45.47780665, -23.72613833], [-45.47754671, -23.72642185], [-45.47740689, -23.72655415], [-45.47737691, -23.72667166], [-45.47736422, -23.7272272], [-45.47724277, -23.72728538], [-45.47709361, -23.7272759], [-45.47694431, -23.72722849], [-45.47644894, -23.72698072], [-45.47588271, -23.72694363], [-45.47565099, -23.72689286], [-45.47524595, -23.72666558], [-45.47445631, -23.72589122], [-45.47402289, -23.72568029], [-45.47360685, -23.7256653], [-45.4734589, -23.72571724], [-45.47233607, -23.72640443], [-45.47209552, -23.72662646], [-45.47199503, -23.72678302], [-45.4718669, -23.72716458], [-45.47185982, -23.72765145], [-45.47207552, -23.72897494], [-45.47208377, -23.72935879], [-45.47206252, -23.72945009], [-45.47201185, -23.72954689], [-45.47193641, -23.72957512], [-45.47178724, -23.72956654], [-45.47147937, -23.7293489], [-45.47130442, -23.72926181], [-45.47079788, -23.72918207], [-45.47041851, -23.72899715], [-45.4700918, -23.72872446], [-45.46968491, -23.7282524], [-45.46920749, -23.72780946], [-45.46897443, -23.72738474], [-45.46891957, -23.7271329], [-45.46880702, -23.72611438], [-45.46847176, -23.72509113], [-45.46833937, -23.72455861], [-45.46824647, -23.72436921], [-45.46808718, -23.72426944], [-45.46774874, -23.72427588], [-45.46751711, -23.72424948], [-45.46714656, -23.72405731], [-45.4669679, -23.72402985], [-45.4668917, -23.7241186], [-45.4668441, -23.72425152], [-45.46687623, -23.72445916], [-45.46710692, -23.72477189], [-45.46733702, -23.72519662], [-45.46750317, -23.72556826], [-45.46762955, -23.72579369], [-45.4681521, -23.72651289], [-45.46847674, -23.72703398], [-45.46862477, -23.72755019], [-45.46863446, -23.72833959], [-45.46851268, -23.7288539], [-45.46852729, -23.72909954], [-45.46869789, -23.72961658], [-45.4691269, -23.7305122], [-45.46929847, -23.73102562], [-45.46933089, -23.73131095], [-45.46921858, -23.73173129], [-45.46897104, -23.73192172], [-45.46864475, -23.73204013], [-45.46836022, -23.73204009], [-45.4680794, -23.73198133], [-45.46766074, -23.73178659], [-45.4673321, -23.73152203], [-45.46694131, -23.73088733], [-45.46676214, -23.73071536], [-45.46664818, -23.73067505], [-45.46641367, -23.73066763], [-45.46617152, -23.73072256], [-45.46608858, -23.73085016], [-45.46604222, -23.73105715], [-45.46605099, -23.73131545], [-45.46610262, -23.73148691], [-45.46674355, -23.73238279], [-45.46686329, -23.73266966], [-45.46697654, -23.73306313], [-45.46722956, -23.73358264], [-45.46766729, -23.73417022], [-45.46772073, -23.73429832], [-45.46769268, -23.73441222], [-45.46759282, -23.73447304], [-45.46735061, -23.7345117], [-45.46720732, -23.73449859], [-45.46692297, -23.73455093], [-45.46635876, -23.73481277], [-45.4658521, -23.7349823], [-45.46481018, -23.73500169], [-45.46454638, -23.73503681], [-45.46423192, -23.73517775], [-45.46386485, -23.73542183], [-45.46363122, -23.7356655], [-45.4635327, -23.73583018], [-45.46338001, -23.73621091], [-45.46330197, -23.73661669], [-45.46328805, -23.73739804], [-45.46318882, -23.73791499], [-45.46317505, -23.73818329], [-45.4632, -23.73836603], [-45.46318109, -23.73837875], [-45.46319496, -23.73848169], [-45.46332585, -23.73885897], [-45.46333722, -23.73900459], [-45.46324298, -23.73908272], [-45.4627801, -23.73914823], [-45.46242603, -23.73936403], [-45.46236481, -23.73938756], [-45.46225842, -23.73946618], [-45.46203991, -23.73959936], [-45.46181146, -23.73964611], [-45.46158973, -23.73965309], [-45.46081709, -23.73952713], [-45.46038494, -23.73968649], [-45.46014228, -23.7398778], [-45.45983933, -23.74022554], [-45.45937915, -23.74050511], [-45.45913169, -23.74072804], [-45.45884074, -23.74114349], [-45.45853192, -23.74177577], [-45.45836502, -23.74202917], [-45.45795321, -23.74239621], [-45.45771183, -23.74267692], [-45.4575376, -23.74280028], [-45.45742085, -23.74280424], [-45.45729979, -23.74269711], [-45.45726212, -23.74258613], [-45.4571418, -23.74241125], [-45.45680219, -23.74209793], [-45.45670909, -23.74184981], [-45.45670797, -23.74153007], [-45.45692417, -23.74106246], [-45.45692376, -23.74094504], [-45.45686332, -23.74077721], [-45.45674441, -23.74072427], [-45.45634926, -23.74080312], [-45.45616281, -23.74079644], [-45.45602293, -23.74063879], [-45.45596263, -23.74022709], [-45.45620042, -23.7391994], [-45.45622892, -23.73864924], [-45.4561977, -23.7384172], [-45.45604233, -23.73803649], [-45.45588567, -23.73784999], [-45.45564984, -23.73774861], [-45.45535541, -23.7377278], [-45.45507589, -23.73776024], [-45.4546613, -23.73789153], [-45.45440382, -23.73805396], [-45.45410969, -23.73840167], [-45.45393058, -23.73881588], [-45.45363862, -23.73922229], [-45.45355254, -23.73929842], [-45.45344865, -23.73933214], [-45.45335048, -23.73931888], [-45.45320971, -23.73918562], [-45.45299559, -23.7388394], [-45.452721, -23.73859633], [-45.45261097, -23.7385542], [-45.45234497, -23.73852607], [-45.45205373, -23.7385766], [-45.45184373, -23.73856999], [-45.45169805, -23.73843403], [-45.45166817, -23.73830495], [-45.45183174, -23.73765143], [-45.45227643, -23.73657979], [-45.45226914, -23.73645516], [-45.45219139, -23.73638855], [-45.45207164, -23.73637445], [-45.45198933, -23.73640359], [-45.45174862, -23.73659669], [-45.45096056, -23.73739836], [-45.45071388, -23.73756527], [-45.45060899, -23.73759358], [-45.4505098, -23.73756677], [-45.45044181, -23.73748297], [-45.45034636, -23.73711743], [-45.44996139, -23.73644383], [-45.4497997, -23.73621759], [-45.44968063, -23.73611587], [-45.44948895, -23.73601436], [-45.44924347, -23.73595998], [-45.4489412, -23.73593827], [-45.44834679, -23.73598877], [-45.44814336, -23.73589452], [-45.44808013, -23.73576464], [-45.44804203, -23.7355272], [-45.44816952, -23.73522153], [-45.44919378, -23.73376976], [-45.44931947, -23.73351378], [-45.44930408, -23.73331782], [-45.44916245, -23.73321887], [-45.44873889, -23.73330501], [-45.44845927, -23.73330492], [-45.44833446, -23.73324566], [-45.44800001, -23.73299463], [-45.44779395, -23.7329871], [-45.44761494, -23.73314749], [-45.44751539, -23.73330133], [-45.44707392, -23.73446508], [-45.44681244, -23.73489578], [-45.44670787, -23.73501711], [-45.44642312, -23.73524284], [-45.44626934, -23.73532006], [-45.44607106, -23.73529354], [-45.44597462, -23.73520891], [-45.44587328, -23.73483797], [-45.44580228, -23.7347352], [-45.44540894, -23.7344744], [-45.44460153, -23.73363038], [-45.44432179, -23.73330783], [-45.44419033, -23.73302459], [-45.44412416, -23.73260748], [-45.4440247, -23.73249757], [-45.4439029, -23.73245727], [-45.44379596, -23.73245939], [-45.44363737, -23.73256462], [-45.44339876, -23.73279743], [-45.44319893, -23.73289104], [-45.44229885, -23.73307336], [-45.44156033, -23.73344761], [-45.44138482, -23.73348243], [-45.44126595, -23.73343761], [-45.44119691, -23.73333032], [-45.44122655, -23.73280907], [-45.44144951, -23.7322981], [-45.4414643, -23.73202799], [-45.4413771, -23.73177262], [-45.4412114, -23.73151476], [-45.44092116, -23.73127352], [-45.44054178, -23.7310777], [-45.43997346, -23.73100344], [-45.43971899, -23.73089668], [-45.43936106, -23.73065924], [-45.43903815, -23.73033047], [-45.43889163, -23.73023153], [-45.43872475, -23.73020401], [-45.43862671, -23.73022777], [-45.43846908, -23.73032667], [-45.4383179, -23.73059265], [-45.43822725, -23.73135705], [-45.43815949, -23.73163183], [-45.43801904, -23.73188062], [-45.4376874, -23.7321706], [-45.43670162, -23.73254552], [-45.43628881, -23.73262075], [-45.43598251, -23.73256471], [-45.43546378, -23.73235752], [-45.43521448, -23.73233113], [-45.43516185, -23.73243786], [-45.43524006, -23.73264629], [-45.43557203, -23.7330473], [-45.43570833, -23.73331698], [-45.43566891, -23.73356006], [-45.4354946, -23.73395708], [-45.43539077, -23.73411668], [-45.4341985, -23.7372124], [-45.43410802, -23.73714943], [-45.43405265, -23.73702042], [-45.43403429, -23.73681092], [-45.43384296, -23.73651519], [-45.43367288, -23.73641089], [-45.43338305, -23.73629609], [-45.4328104, -23.73580904], [-45.43227824, -23.73569581], [-45.43200805, -23.73558547], [-45.4318468, -23.73548115], [-45.43140984, -23.73508132], [-45.43113651, -23.73490866], [-45.43098521, -23.73484676], [-45.43073495, -23.73482759], [-45.43032163, -23.73504913], [-45.43020784, -23.73505758], [-45.43011056, -23.73501178], [-45.43003856, -23.73489727], [-45.43003798, -23.73472114], [-45.43017573, -23.73424113], [-45.43018969, -23.73401167], [-45.42993056, -23.73308205], [-45.42990631, -23.73256817], [-45.42999273, -23.73229244], [-45.43024401, -23.73172812], [-45.43024562, -23.73132166], [-45.43019121, -23.73118542], [-45.43009373, -23.73108001], [-45.42977515, -23.73086863], [-45.42947187, -23.73083335], [-45.42925428, -23.7309026], [-45.42904373, -23.7310206], [-45.42893515, -23.73112116], [-45.42877312, -23.73137813], [-45.42853151, -23.73220166], [-45.42797703, -23.73335935], [-45.42791411, -23.73362236], [-45.42789962, -23.73399183], [-45.42782595, -23.73426752], [-45.4277088, -23.73444669], [-45.42750528, -23.73462068], [-45.42734243, -23.73492642], [-45.4272436, -23.73531057], [-45.42710713, -23.73558283], [-45.42702454, -23.73583145], [-45.42697228, -23.73665625], [-45.42690539, -23.73690483], [-45.42678065, -23.73716711], [-45.42663884, -23.73730661], [-45.42540138, -23.73785196], [-45.42484158, -23.73829519], [-45.42456031, -23.73839622], [-45.42436994, -23.73838952], [-45.42426574, -23.73833199], [-45.42420956, -23.73825447], [-45.42423162, -23.73779466], [-45.42418406, -23.73765117], [-45.42397914, -23.7373916], [-45.42386601, -23.73730159], [-45.42369904, -23.73724875], [-45.42350877, -23.73727185], [-45.42332093, -23.73744218], [-45.42311127, -23.7375385], [-45.42300826, -23.7375442], [-45.42283727, -23.73746066], [-45.42265606, -23.73694812], [-45.42250842, -23.736804], [-45.42242061, -23.73665521], [-45.42238853, -23.73644303], [-45.42238401, -23.73595349], [-45.42227548, -23.73576681], [-45.42190946, -23.73544716], [-45.42170622, -23.73540526], [-45.42120984, -23.73543281], [-45.42067774, -23.7353358], [-45.42038933, -23.73535104], [-45.42006885, -23.73546482], [-45.41993733, -23.73544982], [-45.41985949, -23.73534887], [-45.41986716, -23.73467864], [-45.41966832, -23.73447775], [-45.41938515, -23.73429336], [-45.41908864, -23.73392383], [-45.4188918, -23.73373017], [-45.41846515, -23.73347119], [-45.41812238, -23.73336192], [-45.41713118, -23.73328782], [-45.41650989, -23.73321633], [-45.41634964, -23.73311379], [-45.41621275, -23.73295339], [-45.41596904, -23.73252319], [-45.41574254, -23.73225915], [-45.41545753, -23.73210908], [-45.4153005, -23.73209414], [-45.41516816, -23.73212972], [-45.41497325, -23.73223773], [-45.41473739, -23.73242353], [-45.41461786, -23.73247714], [-45.41451873, -23.73246657], [-45.41444691, -23.73240534], [-45.41437351, -23.7315312], [-45.41423073, -23.73105738], [-45.41361243, -23.73006546], [-45.41297901, -23.72925604], [-45.41286378, -23.72911544], [-45.41269662, -23.72899847], [-45.4123179, -23.72899677], [-45.41198906, -23.72894164], [-45.41170017, -23.72880241], [-45.41113952, -23.72835137], [-45.41094591, -23.72824621], [-45.41070731, -23.72818542], [-45.4103955, -23.72824406], [-45.41004583, -23.72843196], [-45.40989809, -23.72856061], [-45.40977203, -23.72872172], [-45.40964446, -23.72902736], [-45.40961257, -23.72918551], [-45.40960507, -23.72992529], [-45.40955062, -23.7300826], [-45.4094978, -23.73013422], [-45.40937524, -23.73015803], [-45.4089197, -23.73006259], [-45.40840959, -23.73008742], [-45.40814697, -23.73019108], [-45.40800511, -23.73032062], [-45.40790066, -23.7304898], [-45.40784669, -23.73080518], [-45.40793402, -23.73112108], [-45.40828863, -23.73188791], [-45.40836405, -23.73216049], [-45.40836561, -23.73234836], [-45.40828364, -23.73248948], [-45.4081308, -23.73255943], [-45.40794064, -23.73261865], [-45.40784394, -23.7327571], [-45.40784564, -23.73298742], [-45.40801555, -23.73336001], [-45.40916985, -23.73476603], [-45.40931588, -23.73502758], [-45.40932433, -23.73522085], [-45.40921369, -23.73529431], [-45.40901646, -23.73529031], [-45.40862883, -23.73526785], [-45.40813936, -23.73530889], [-45.40779648, -23.7354796], [-45.40732683, -23.73589814], [-45.40686081, -23.73622544], [-45.40653834, -23.73633377], [-45.40600778, -23.73641736], [-45.40555304, -23.73658656], [-45.40543755, -23.73667809], [-45.40523916, -23.73693333], [-45.4052084, -23.73714206], [-45.40524128, -23.73730275], [-45.40532424, -23.73747686], [-45.40552211, -23.7376877], [-45.40577483, -23.73786768], [-45.40638622, -23.73822105], [-45.40669615, -23.73849573], [-45.40700088, -23.73899171], [-45.40716531, -23.73917734], [-45.40802625, -23.73994554], [-45.40835825, -23.74037551], [-45.4088012, -23.74114029], [-45.40918418, -23.74155297], [-45.40954509, -23.74181034], [-45.41064254, -23.74226989], [-45.41199898, -23.74270797], [-45.41258652, -23.74295389], [-45.41287454, -23.74311751], [-45.41319732, -23.74341562], [-45.41333031, -23.74358236], [-45.4138057, -23.74435607], [-45.41391799, -23.74449036], [-45.41417673, -23.74470554], [-45.41439681, -23.74479527], [-45.41473461, -23.74487476], [-45.41481234, -23.74494048], [-45.41482739, -23.74504703], [-45.41477293, -23.74520072], [-45.41456098, -23.7455102], [-45.41454972, -23.74567282], [-45.41461291, -23.74579458], [-45.4149364, -23.74600598], [-45.41504279, -23.74613757], [-45.415052, -23.74625406], [-45.41499942, -23.74638517], [-45.41484237, -23.74667915], [-45.41475162, -23.74714637], [-45.41475262, -23.7474625], [-45.4148773, -23.74779366], [-45.41518776, -23.74822277], [-45.41543761, -23.74841629], [-45.41586038, -23.74867438], [-45.41634668, -23.74885734], [-45.41667002, -23.74901273], [-45.41718629, -23.7493627], [-45.41765384, -23.74981486], [-45.41776326, -23.74997263], [-45.41786421, -23.75023369], [-45.41789017, -23.75038236], [-45.41779984, -23.75067255], [-45.41760685, -23.75108043], [-45.41757683, -23.75120606], [-45.41757767, -23.7514689], [-45.41766292, -23.75173784], [-45.41777727, -23.75190192], [-45.41789972, -23.75214456], [-45.41791483, -23.75226646], [-45.41790153, -23.75240288], [-45.41794806, -23.75253102], [-45.41811076, -23.75277897], [-45.4181846, -23.75285464], [-45.41833406, -23.75294817], [-45.41856104, -23.7530415], [-45.41876179, -23.75321889], [-45.41884141, -23.75356823], [-45.4188798, -23.75360697], [-45.41890463, -23.75369903], [-45.4189855, -23.75382346], [-45.41924602, -23.75397449], [-45.41952008, -23.75405775], [-45.42030139, -23.75411976], [-45.42061363, -23.75417672], [-45.42076883, -23.75422507], [-45.42103623, -23.75437428], [-45.4216552, -23.75491183], [-45.42184393, -23.75501157], [-45.422026, -23.75517546], [-45.42203633, -23.75564061], [-45.42209197, -23.75585091], [-45.42219845, -23.75600598], [-45.4224375, -23.75618958], [-45.42269897, -23.75632526], [-45.42295684, -23.75656301], [-45.42323383, -23.75694342], [-45.42337849, -23.75737477], [-45.42359163, -23.75773729], [-45.4237246, -23.75788777], [-45.42408058, -23.75811441], [-45.42462673, -23.75858078], [-45.4246783, -23.75874684], [-45.42463156, -23.75886078], [-45.42456694, -23.75890612], [-45.42355241, -23.75926116], [-45.4229263, -23.75956185], [-45.42276181, -23.75967792], [-45.42264735, -23.75979023], [-45.42252139, -23.75998568], [-45.42247983, -23.7601836], [-45.42254386, -23.76056098], [-45.42270156, -23.76077462], [-45.42404302, -23.76196864], [-45.42415569, -23.76221582], [-45.42422825, -23.76249743], [-45.42448249, -23.76312538], [-45.42460771, -23.76330569], [-45.42482934, -23.76355799], [-45.42528393, -23.76392616], [-45.42535899, -23.76407318], [-45.42533679, -23.76418615], [-45.42513622, -23.76437457], [-45.4249648, -23.7644735], [-45.42463885, -23.76473453], [-45.42443453, -23.76497987], [-45.42429503, -23.76523858], [-45.42423377, -23.76541127], [-45.42405898, -23.76568272], [-45.42378021, -23.76596891], [-45.42341415, -23.7662725], [-45.42331173, -23.76646788], [-45.42322729, -23.76675624], [-45.42321236, -23.76699745], [-45.42323775, -23.76756552], [-45.42322261, -23.76773717], [-45.42318451, -23.76779237], [-45.42299461, -23.76794554], [-45.42239895, -23.76826511], [-45.42194763, -23.76861048], [-45.42167214, -23.76900414], [-45.42161218, -23.76927889], [-45.42160514, -23.76983621], [-45.42150571, -23.77034862], [-45.42142505, -23.77059542], [-45.42125289, -23.77077473], [-45.42118629, -23.77081737], [-45.42095574, -23.77084329], [-45.42055604, -23.77076308], [-45.42012271, -23.77060258], [-45.41977909, -23.77056287], [-45.41956185, -23.77045688], [-45.4191537, -23.77018973], [-45.41901224, -23.77014585], [-45.41887091, -23.77014623], [-45.41869933, -23.77019728], [-45.41860759, -23.77035921], [-45.41865414, -23.77049186], [-45.41873012, -23.77061811], [-45.41903255, -23.77097316], [-45.41926278, -23.77115228], [-45.41976439, -23.77148873], [-45.4199366, -23.77163007], [-45.42029015, -23.77200937], [-45.42051385, -23.77229329], [-45.42094998, -23.77271391], [-45.42100437, -23.77284112], [-45.42098609, -23.77295498], [-45.42078241, -23.77309915], [-45.42051881, -23.77322722], [-45.42002667, -23.77339656], [-45.41958727, -23.77348718], [-45.41930074, -23.77350241], [-45.41902286, -23.77346071], [-45.41799638, -23.77319071], [-45.4175388, -23.77311969], [-45.41725705, -23.77309878], [-45.41695092, -23.77312218], [-45.41683734, -23.7732074], [-45.41677976, -23.77330871], [-45.41678685, -23.77337915], [-45.41689037, -23.77352429], [-45.41770092, -23.77410108], [-45.41824558, -23.77439135], [-45.41881309, -23.77476827], [-45.41885249, -23.77481513], [-45.41949304, -23.7750121], [-45.41959451, -23.77513015], [-45.41956068, -23.77559812], [-45.4195801, -23.77583923], [-45.41976954, -23.77615034], [-45.42021051, -23.77654747], [-45.42036209, -23.77698783], [-45.42069938, -23.77749183], [-45.42065477, -23.77765995], [-45.42051037, -23.7779277], [-45.42041313, -23.77820978], [-45.42042977, -23.77849967], [-45.42048465, -23.77877862], [-45.42048551, -23.77904598], [-45.42042741, -23.77929182], [-45.42029971, -23.77956404], [-45.42021514, -23.77982079], [-45.42020813, -23.78008185], [-45.42025594, -23.7803003], [-45.42029437, -23.78034807], [-45.4203439, -23.78048974], [-45.42048667, -23.78062845], [-45.42075904, -23.78078126], [-45.42090245, -23.7808179], [-45.42144242, -23.78086069], [-45.42172991, -23.78113629], [-45.42184398, -23.78120282], [-45.4224316, -23.78141347], [-45.42249383, -23.78153524], [-45.42246447, -23.78186771], [-45.42252267, -23.78226137], [-45.42258, -23.78238405], [-45.42263221, -23.78244262], [-45.42270945, -23.78265286], [-45.42272505, -23.78292379], [-45.42270409, -23.78342605], [-45.42273718, -23.78394351], [-45.42279786, -23.78419535], [-45.42292444, -23.78448494], [-45.42289576, -23.78472167], [-45.42283412, -23.78478235], [-45.42253746, -23.78471], [-45.42210113, -23.78454681], [-45.42191757, -23.78454099], [-45.42166851, -23.78462115], [-45.42142868, -23.78482142], [-45.42113964, -23.78498028], [-45.42085113, -23.78530442], [-45.42083365, -23.78536228], [-45.42071218, -23.78543758], [-45.42060727, -23.78547129], [-45.42050224, -23.78547157], [-45.41994509, -23.78527799], [-45.41960921, -23.78521658], [-45.41935396, -23.78520282], [-45.41898799, -23.78524627], [-45.41872592, -23.78524698], [-45.4184873, -23.7852133], [-45.41785368, -23.78504792], [-45.41738105, -23.78488932], [-45.41643962, -23.78453599], [-45.41559641, -23.78451478], [-45.4150275, -23.78432392], [-45.41487021, -23.78424757], [-45.41434981, -23.78387773], [-45.41402064, -23.7837639], [-45.41388412, -23.78373627], [-45.41359847, -23.78372981], [-45.41341402, -23.78375198], [-45.41325713, -23.78380208], [-45.41300953, -23.78403307], [-45.41295428, -23.78425361], [-45.41296252, -23.78437552], [-45.41313133, -23.78468127], [-45.41330671, -23.78489396], [-45.41341143, -23.78510865], [-45.41343385, -23.78536782], [-45.41336615, -23.78599846], [-45.4134141, -23.78626028], [-45.41357661, -23.78643868], [-45.41382457, -23.7866295], [-45.41390653, -23.78678464], [-45.41391485, -23.78693365], [-45.41381608, -23.78735754], [-45.41380865, -23.78749304], [-45.4138644, -23.78774038], [-45.41394023, -23.78781876], [-45.41396298, -23.78787379], [-45.41439185, -23.78815987], [-45.41457914, -23.78841228], [-45.41469225, -23.78879314], [-45.41475532, -23.78918136], [-45.41485476, -23.78958665], [-45.41504125, -23.78989235], [-45.41533483, -23.79022937], [-45.41539521, -23.79038817], [-45.41539243, -23.79043786], [-45.4153093, -23.79053383], [-45.41522208, -23.79057832], [-45.41453507, -23.79060817], [-45.41411777, -23.79056864], [-45.41382793, -23.7904818], [-45.41325093, -23.79022502], [-45.4117766, -23.78928689], [-45.41074138, -23.78877119], [-45.41046143, -23.7887069], [-45.41021803, -23.78871477], [-45.40997608, -23.78887348], [-45.40988153, -23.78908419], [-45.40982972, -23.78946549], [-45.40981569, -23.79000024], [-45.40969058, -23.790482], [-45.40966807, -23.79050193], [-45.40966876, -23.79072413], [-45.40974811, -23.79098676], [-45.4099382, -23.79119129], [-45.41008474, -23.79128213], [-45.41026556, -23.79134849], [-45.41087069, -23.79149953], [-45.4111665, -23.79161074], [-45.41142801, -23.79174192], [-45.41220126, -23.79228721], [-45.4124579, -23.79242743], [-45.41302212, -23.79267793], [-45.41347811, -23.7928429], [-45.4138763, -23.79304687], [-45.41415168, -23.79321684], [-45.41452759, -23.7935121], [-45.41489257, -23.79376583], [-45.41541147, -23.79395953], [-45.41581949, -23.79416347], [-45.41617157, -23.79437478], [-45.41682676, -23.79482463], [-45.41723667, -23.79500507], [-45.41755696, -23.79509363], [-45.41784396, -23.79521027], [-45.41819223, -23.7954532], [-45.41846559, -23.7956015], [-45.41874663, -23.79569467], [-45.41893915, -23.79573299], [-45.41905427, -23.79581758], [-45.41921705, -23.79637534], [-45.41943084, -23.79661953], [-45.41969444, -23.79678321], [-45.42029382, -23.79696403], [-45.4204727, -23.7970358], [-45.42064204, -23.79719069], [-45.42089634, -23.79751426], [-45.4209987, -23.79759799], [-45.4213311, -23.79778495], [-45.4214984, -23.79791546], [-45.42172892, -23.79817045], [-45.42198834, -23.79855813], [-45.4222081, -23.79882308], [-45.42264819, -23.79922382], [-45.42290571, -23.79932337], [-45.42318165, -23.79935603], [-45.42348786, -23.79933442], [-45.42387245, -23.79926923], [-45.42409841, -23.79932642], [-45.42422936, -23.79944619], [-45.42433287, -23.7995823], [-45.42448496, -23.79986369], [-45.42497989, -23.8002191], [-45.42528121, -23.80050821], [-45.42556524, -23.80060949], [-45.42572331, -23.80061628], [-45.42587734, -23.80058786], [-45.42675407, -23.8003253], [-45.42714446, -23.80023029], [-45.42731128, -23.80020995], [-45.42742127, -23.8002241], [-45.42756713, -23.80040163], [-45.42771465, -23.80078329], [-45.42779459, -23.80091495], [-45.42833838, -23.80149783], [-45.42835437, -23.8015854], [-45.4282871, -23.80172649], [-45.42815308, -23.80186957], [-45.42782403, -23.80211075], [-45.42770174, -23.80223844], [-45.42750355, -23.80257048], [-45.4275027, -23.8029119], [-45.42765978, -23.80321405], [-45.42804904, -23.80367091], [-45.4283095, -23.80406671], [-45.4283108, -23.80416335], [-45.42825748, -23.80436944], [-45.42818406, -23.80443197], [-45.42711339, -23.80483687], [-45.42639406, -23.80491383], [-45.42580746, -23.80505184], [-45.42534126, -23.80508022], [-45.42474426, -23.80504032], [-45.42411232, -23.80512245], [-45.42360984, -23.80516718], [-45.42333719, -23.80524742], [-45.42301618, -23.80554907], [-45.42293683, -23.80559987], [-45.42273841, -23.80556519], [-45.42245122, -23.80539978], [-45.42231265, -23.80535048], [-45.42215943, -23.80532922], [-45.42200241, -23.8053432], [-45.42137257, -23.80546867], [-45.42121257, -23.80547452], [-45.42106526, -23.80545505], [-45.42064279, -23.80534872], [-45.42007952, -23.80511271], [-45.41993706, -23.80507696], [-45.41975741, -23.80507745], [-45.41964758, -23.80511298], [-45.41954283, -23.80520359], [-45.41949888, -23.80527326], [-45.41954012, -23.80558115], [-45.4197558, -23.80610353], [-45.41986433, -23.80627214], [-45.42031919, -23.80668097], [-45.42055262, -23.8069206], [-45.42070069, -23.80717129], [-45.42083419, -23.80747261], [-45.42115152, -23.80845988], [-45.42125903, -23.80861585], [-45.42200819, -23.80925961], [-45.422141, -23.80934596], [-45.422548, -23.80952188], [-45.42296866, -23.80967067], [-45.42311617, -23.80974884], [-45.42321967, -23.80987682], [-45.4232365, -23.81022271], [-45.42333836, -23.81045276], [-45.42365292, -23.81088003], [-45.42378729, -23.8111434], [-45.42392523, -23.81129748], [-45.42403939, -23.81138297], [-45.42444847, -23.81159139], [-45.42472115, -23.81181826], [-45.4249224, -23.81211758], [-45.4251255, -23.81238257], [-45.42484587, -23.81279722], [-45.42481378, -23.81283143], [-45.42473859, -23.81295629], [-45.42466781, -23.81322926], [-45.42466931, -23.81338732], [-45.42476395, -23.81380887], [-45.42479639, -23.81412491], [-45.42477997, -23.81450793], [-45.42473658, -23.81475102], [-45.42454914, -23.8150758], [-45.42415781, -23.81549959], [-45.4238709, -23.8157298], [-45.42301461, -23.8162786], [-45.42289756, -23.81651377], [-45.4229589, -23.81665721], [-45.42302485, -23.81671032], [-45.4232587, -23.81676749], [-45.42403148, -23.81680691], [-45.42450792, -23.81689322], [-45.42476842, -23.81699366], [-45.42500346, -23.81711585], [-45.42535583, -23.81738856], [-45.42560308, -23.81764259], [-45.42589297, -23.81802296], [-45.42600522, -23.81812471], [-45.42621675, -23.81826142], [-45.42652625, -23.81833192], [-45.42668548, -23.81839019], [-45.42678599, -23.81850281], [-45.42682766, -23.81863547], [-45.42693094, -23.81959442], [-45.42701043, -23.81988233], [-45.42717637, -23.82018626], [-45.42728079, -23.82029527], [-45.42741357, -23.82036535], [-45.42757074, -23.82039292], [-45.42797611, -23.82035656], [-45.4282757, -23.82040089], [-45.42868513, -23.82040427], [-45.4288753, -23.82031342], [-45.4292181, -23.82006317], [-45.4294716, -23.81982221], [-45.43018174, -23.81901996], [-45.43044752, -23.81863535], [-45.43086316, -23.81814464], [-45.43094716, -23.81801343], [-45.43105327, -23.81773946], [-45.43104945, -23.81747482], [-45.43077616, -23.81677377], [-45.43080604, -23.81630852], [-45.43077359, -23.81599338], [-45.43074199, -23.81594018], [-45.43075802, -23.81573962], [-45.43122986, -23.81532372], [-45.43178904, -23.81489944], [-45.43207964, -23.81460056], [-45.43209714, -23.81454993], [-45.43236753, -23.81437665], [-45.43245888, -23.81439085], [-45.43305403, -23.81474866], [-45.43350223, -23.81490366], [-45.43381859, -23.81497594], [-45.4342537, -23.81503071], [-45.43457473, -23.81503071], [-45.43533619, -23.81491295], [-45.43577391, -23.81487017], [-45.43592809, -23.81488418], [-45.43625434, -23.81497629], [-45.43637138, -23.81503738], [-45.43672188, -23.81533536], [-45.4375079, -23.81581184], [-45.43834285, -23.8162367], [-45.43875773, -23.81640804], [-45.43933304, -23.81669634], [-45.43965054, -23.81681195], [-45.44031037, -23.81712711], [-45.44057703, -23.81730428], [-45.4408409, -23.81752572], [-45.44123926, -23.81803672], [-45.44181948, -23.81890125], [-45.4418652, -23.81906642], [-45.44189991, -23.81945832], [-45.44197553, -23.81975707], [-45.44210459, -23.8201758], [-45.44224911, -23.82052494], [-45.44243559, -23.82079537], [-45.44269941, -23.82100146], [-45.44297876, -23.8211533], [-45.44330788, -23.82121739], [-45.44365937, -23.82121818], [-45.4439273, -23.8211876], [-45.44419728, -23.82118321], [-45.44447149, -23.82126823], [-45.44465335, -23.82133274], [-45.44483885, -23.82131504], [-45.44503497, -23.82124493], [-45.44521125, -23.82111345], [-45.44533844, -23.82098302], [-45.44539208, -23.82087718], [-45.44542858, -23.82064043], [-45.44537315, -23.8202224], [-45.44535533, -23.81989006], [-45.44526944, -23.81975211], [-45.44505607, -23.81908343], [-45.44481849, -23.81850876], [-45.44456968, -23.81809941], [-45.44416441, -23.81758303], [-45.44381974, -23.81727421], [-45.44273942, -23.81658815], [-45.44202558, -23.81597961], [-45.44163516, -23.81578653], [-45.4410287, -23.8155742], [-45.4405551, -23.81545904], [-45.44012159, -23.81529679], [-45.43899364, -23.81474181], [-45.43861378, -23.81447192], [-45.43803744, -23.81387291], [-45.43788108, -23.81379296], [-45.43758331, -23.81370619], [-45.43728744, -23.81330239], [-45.43687182, -23.81290704], [-45.43673112, -23.81281622], [-45.43628961, -23.81260249], [-45.43606185, -23.81231049], [-45.43601301, -23.81179669], [-45.43596333, -23.81161889], [-45.43588643, -23.81152156], [-45.43572908, -23.81143981], [-45.4354796, -23.81140348], [-45.43538424, -23.81136582], [-45.43525897, -23.81118643], [-45.4351323, -23.8108851], [-45.43493798, -23.81061017], [-45.43469192, -23.81042028], [-45.43423463, -23.81018221], [-45.43395614, -23.80998518], [-45.4337021, -23.80975738], [-45.43317767, -23.80910672], [-45.43280862, -23.80883407], [-45.4326934, -23.80872601], [-45.43264897, -23.80865026], [-45.43264065, -23.80850757], [-45.43277656, -23.80804564], [-45.43282437, -23.80766344], [-45.43275841, -23.80731046], [-45.43269111, -23.80714445], [-45.43243144, -23.80669627], [-45.43235182, -23.80637043], [-45.43236711, -23.80624303], [-45.43242366, -23.80612726], [-45.43254029, -23.80606912], [-45.43278559, -23.80603321], [-45.43325512, -23.8061177], [-45.43384966, -23.806303], [-45.43412173, -23.80634468], [-45.43442115, -23.80634474], [-45.43469002, -23.80630966], [-45.43484981, -23.80624418], [-45.43509516, -23.80592465], [-45.43514478, -23.80579083], [-45.4352337, -23.80566864], [-45.4353973, -23.80556611], [-45.43600826, -23.80537651], [-45.4362879, -23.80533327], [-45.43662814, -23.80521128], [-45.43677383, -23.80503835], [-45.43692408, -23.80476153], [-45.43697562, -23.80461416], [-45.4369955, -23.80439462], [-45.43693947, -23.80407774], [-45.4368147, -23.80375744], [-45.43678073, -23.8035796], [-45.43678107, -23.80338721], [-45.43691925, -23.80273017], [-45.43691851, -23.80250798], [-45.43662161, -23.80208339], [-45.43658087, -23.80193718], [-45.43664419, -23.80179158], [-45.43694676, -23.80127047], [-45.4369991, -23.80106799], [-45.43713229, -23.80097368], [-45.43737946, -23.80091427], [-45.43797061, -23.8009704], [-45.43827097, -23.80096322], [-45.43842695, -23.80093388], [-45.43856028, -23.80088201], [-45.43872382, -23.80076232], [-45.438814, -23.80072413], [-45.43892785, -23.80071658], [-45.43916078, -23.80080082], [-45.43975258, -23.80104933], [-45.44020953, -23.80119345], [-45.4409227, -23.80133683], [-45.44158891, -23.80152822], [-45.4417637, -23.80154578], [-45.4421446, -23.80155102], [-45.44257742, -23.80152358], [-45.44291211, -23.80150727], [-45.443073, -23.801477], [-45.44323572, -23.80140788], [-45.4433826, -23.80129817], [-45.4437108, -23.80110665], [-45.44387155, -23.80103573], [-45.44426426, -23.80076092], [-45.44448934, -23.80055524], [-45.4447749, -23.80023738], [-45.44497767, -23.80010944], [-45.44506133, -23.80010644], [-45.44520536, -23.80335481], [-45.44526167, -23.80336749], [-45.44539483, -23.80355407], [-45.44555332, -23.80397091], [-45.44563717, -23.80408989], [-45.4457414, -23.80414017], [-45.44590824, -23.80412614], [-45.44602098, -23.80408246], [-45.44635837, -23.80370665], [-45.44649743, -23.80360779], [-45.44681815, -23.80380919], [-45.44692183, -23.80427224], [-45.44700998, -23.80450141], [-45.44719451, -23.80477998], [-45.44734812, -23.80491682], [-45.44755072, -23.80502462], [-45.44775114, -23.80507281], [-45.44843158, -23.80511148], [-45.44865264, -23.80516233], [-45.44886117, -23.80528366], [-45.44906787, -23.80544112], [-45.449178, -23.80549499], [-45.44939221, -23.80555398], [-45.44955556, -23.80566641], [-45.44968664, -23.80581687], [-45.44981432, -23.80611818], [-45.44995438, -23.80631016], [-45.45003316, -23.80638038], [-45.45024362, -23.80649177], [-45.45049713, -23.80655696], [-45.45125715, -23.80661345], [-45.4513959, -23.80670788], [-45.45163989, -23.80714614], [-45.45176896, -23.80728035], [-45.45202672, -23.80744037], [-45.45260382, -23.80768255], [-45.45321165, -23.80801044], [-45.45351877, -23.8082498], [-45.45394644, -23.8087119], [-45.45410099, -23.80883248], [-45.45421601, -23.8088782], [-45.45441544, -23.80891917], [-45.45449711, -23.80897312], [-45.45454856, -23.80908768], [-45.45455672, -23.80917707], [-45.45452574, -23.80930181], [-45.45452739, -23.8094942], [-45.45459091, -23.80969362], [-45.45470829, -23.80985225], [-45.45491807, -23.81004492], [-45.45498814, -23.81015039], [-45.45526215, -23.81074662], [-45.45540987, -23.81087805], [-45.45552785, -23.81092829], [-45.45578509, -23.81093566], [-45.45592952, -23.81096865], [-45.45606652, -23.81112179], [-45.4562316, -23.81144737], [-45.45645261, -23.81176285], [-45.45669795, -23.81201593], [-45.45720801, -23.81244978], [-45.4579523, -23.81276641], [-45.45820904, -23.81291017], [-45.4583311, -23.81300284], [-45.45873408, -23.81313712], [-45.45901635, -23.8132799], [-45.45924047, -23.81336142], [-45.4594812, -23.81341942], [-45.45959996, -23.81341093], [-45.45986087, -23.81334422], [-45.45994903, -23.81328796], [-45.46004166, -23.81310703], [-45.46004215, -23.81296794], [-45.46008006, -23.81285943], [-45.46023158, -23.81267563], [-45.46027568, -23.81237652], [-45.46034382, -23.81221103], [-45.46045847, -23.81215107], [-45.46085721, -23.81219505], [-45.4611826, -23.81231601], [-45.46173271, -23.81269101], [-45.46193929, -23.81280691], [-45.4621182, -23.81287231], [-45.4623294, -23.81290781], [-45.46245625, -23.81296523], [-45.46282446, -23.81325948], [-45.46287211, -23.81340747], [-45.46286964, -23.81354206], [-45.46281037, -23.81371566], [-45.46287609, -23.81397649], [-45.46301093, -23.81407093], [-45.46312674, -23.81406245], [-45.46327069, -23.81395815], [-45.46334394, -23.81385135], [-45.46347388, -23.81339573], [-45.46355878, -23.81325186], [-45.46376807, -23.81302723], [-45.46407654, -23.81280772], [-45.46432651, -23.81270039], [-45.46457075, -23.81264275], [-45.46516953, -23.81261836], [-45.46528726, -23.81259814], [-45.46579322, -23.81242319], [-45.46596124, -23.81246242], [-45.46640919, -23.81281514], [-45.466618, -23.81300689], [-45.46678235, -23.8131193], [-45.46719729, -23.81329959], [-45.46754703, -23.81336627], [-45.46790722, -23.81333357], [-45.46840057, -23.81320472], [-45.46858509, -23.81319061], [-45.46869608, -23.81320653], [-45.46878378, -23.81329568], [-45.46889664, -23.81355818], [-45.46910304, -23.81416813], [-45.46923955, -23.81445495], [-45.46949624, -23.8148543], [-45.46965299, -23.81503447], [-45.47000639, -23.81529984], [-45.47029305, -23.81556813], [-45.4703528, -23.81580189], [-45.47035357, -23.81601595], [-45.47022098, -23.81627377], [-45.47005376, -23.81645674], [-45.46957897, -23.81683844], [-45.46937955, -23.8170775], [-45.46927931, -23.81732258], [-45.46926634, -23.81753849], [-45.46929748, -23.8177335], [-45.4694242, -23.81802666], [-45.46951397, -23.81814652], [-45.46967548, -23.81828512], [-45.46990366, -23.81839823], [-45.4701572, -23.8184643], [-45.47042132, -23.81846982], [-45.47089405, -23.81833289], [-45.47100101, -23.81831902], [-45.4711091, -23.81834578], [-45.47126803, -23.81858556], [-45.47136213, -23.81881559], [-45.47144592, -23.81890747], [-45.47170361, -23.81903584], [-45.47183514, -23.81902821], [-45.47214747, -23.81906248], [-45.47238143, -23.81914125], [-45.47263167, -23.81938255], [-45.4728901, -23.81971324], [-45.47304764, -23.8198374], [-45.47318232, -23.81988576], [-45.47355736, -23.81988552], [-45.47368117, -23.81991494], [-45.47379176, -23.82008802], [-45.47379332, -23.82024518], [-45.47383409, -23.82038777], [-45.47393656, -23.82048861], [-45.47452793, -23.82057983], [-45.47466982, -23.82071849], [-45.47464884, -23.82089016], [-45.47433071, -23.82142315], [-45.47423638, -23.82167092], [-45.47425335, -23.82201861], [-45.47434758, -23.82228206], [-45.47439796, -23.82236772], [-45.47454383, -23.82252172], [-45.47475733, -23.8226439], [-45.4749765, -23.82270736], [-45.47545976, -23.82276277], [-45.47568104, -23.82286415], [-45.4758868, -23.82301797], [-45.47612057, -23.82331351], [-45.47625914, -23.82362108], [-45.47633415, -23.82372653], [-45.4766484, -23.82401459], [-45.47690269, -23.82428296], [-45.4769237, -23.82438948], [-45.47677326, -23.82459769], [-45.4767481, -23.82469983], [-45.47681084, -23.8249417], [-45.4769551, -23.82519055], [-45.47721839, -23.82550135], [-45.47752838, -23.82596374], [-45.47795617, -23.82642126], [-45.4789725, -23.8272572], [-45.47970584, -23.82776344], [-45.48037977, -23.82813437], [-45.48070325, -23.8282553], [-45.48114916, -23.82829636], [-45.48194918, -23.82824419], [-45.48220525, -23.828191], [-45.48264263, -23.82804873], [-45.48339743, -23.82771668], [-45.48389768, -23.82758415], [-45.48494623, -23.8275655], [-45.48531643, -23.82757878], [-45.48593032, -23.82764098], [-45.48654299, -23.82763995], [-45.48679802, -23.82757231], [-45.48717429, -23.82736879], [-45.48735472, -23.8273059], [-45.48761032, -23.82739271], [-45.4878013, -23.82752668], [-45.48801772, -23.82763619], [-45.4883725, -23.8277272], [-45.48904363, -23.82760313], [-45.4903661, -23.82758358], [-45.49081961, -23.82755414], [-45.49104944, -23.82757598], [-45.49117045, -23.82763882], [-45.4912455, -23.82775239], [-45.4913248, -23.82821278], [-45.49140221, -23.82843383], [-45.49148433, -23.82885899], [-45.49168336, -23.82956648], [-45.49176045, -23.82995824], [-45.49179299, -23.82999607], [-45.4918004, -23.83013875], [-45.4918642, -23.83039326], [-45.49195908, -23.83107851], [-45.49209534, -23.83154143], [-45.492348, -23.83214578], [-45.49261302, -23.83264171], [-45.49285898, -23.83329034], [-45.49292326, -23.83341027], [-45.49312647, -23.83365981], [-45.49330167, -23.83377125], [-45.49353381, -23.8338807], [-45.49362736, -23.83395266], [-45.49368278, -23.83406719], [-45.49368322, -23.83418371], [-45.49365612, -23.83428766], [-45.49346795, -23.83464053], [-45.49339319, -23.83486476], [-45.49313235, -23.83521424], [-45.49309456, -23.83534895], [-45.49311927, -23.83565145], [-45.4931976, -23.83585171], [-45.49333286, -23.83604818], [-45.49341171, -23.83612561], [-45.49359278, -23.8362298], [-45.49392314, -23.83634526], [-45.49425229, -23.83640201], [-45.49510172, -23.83642096], [-45.49522159, -23.83644135], [-45.49548017, -23.83652994], [-45.49568086, -23.83662865], [-45.49589647, -23.83677789], [-45.49623342, -23.83707758], [-45.49652969, -23.8372645], [-45.49668313, -23.83733265], [-45.49681976, -23.83736834], [-45.49702506, -23.83739026], [-45.49749136, -23.83736075], [-45.49785283, -23.8373921], [-45.49814822, -23.83734689], [-45.49857529, -23.83733015], [-45.49870087, -23.83730265], [-45.49955576, -23.83746336], [-45.50009671, -23.83769826], [-45.50027066, -23.83785925], [-45.50048583, -23.83802577], [-45.5006855, -23.83811363], [-45.50173111, -23.83884185], [-45.50263575, -23.83942328], [-45.50303467, -23.83974443], [-45.50351378, -23.83997861], [-45.50394629, -23.84009642], [-45.50460054, -23.84016835], [-45.50546024, -23.8402965]]]]}}]}