{"type": "FeatureCollection", "features": [{"type": "Feature", "properties": {"name": "Parque Estadual Jurupará"}, "geometry": {"type": "MultiPolygon", "coordinates": [[[[-47.25388324, -24.02344872], [-47.25462104, -24.02329232], [-47.25569409, -24.02264582], [-47.2568073, -24.021271], [-47.25694222, -24.01991059], [-47.25622437, -24.01815445], [-47.25575796, -24.01719102], [-47.25544089, -24.01569171], [-47.25556821, -24.01389478], [-47.25555298, -24.01302173], [-47.25503749, -24.01192019], [-47.25494802, -24.01133933], [-47.25438183, -24.01071696], [-47.25373463, -24.00999875], [-47.25293963, -24.00838518], [-47.25332013, -24.0074578], [-47.2547837, -24.00646596], [-47.25620199, -24.00591142], [-47.25773279, -24.00574332], [-47.25923926, -24.00569686], [-47.26021869, -24.00575519], [-47.26193284, -24.00548732], [-47.26261893, -24.00540442], [-47.26425152, -24.00652041], [-47.2646915, -24.00748421], [-47.26470637, -24.008333], [-47.26441163, -24.009623], [-47.26345673, -24.01019093], [-47.2630127, -24.01028033], [-47.2622241, -24.01037487], [-47.26136886, -24.01053257], [-47.26098838, -24.0107247], [-47.26073055, -24.01147457], [-47.26046391, -24.01301208], [-47.26054358, -24.0136948], [-47.26096735, -24.01404086], [-47.26194624, -24.0143828], [-47.26297776, -24.01449823], [-47.26343806, -24.01444455], [-47.26371862, -24.01448232], [-47.26403021, -24.0146611], [-47.26440121, -24.01496998], [-47.2646304, -24.0150698], [-47.26488351, -24.01517085], [-47.26522302, -24.01531253], [-47.26548856, -24.01547103], [-47.26582825, -24.01562319], [-47.26625904, -24.01575828], [-47.26640771, -24.01576656], [-47.26667667, -24.01579401], [-47.2669517, -24.01584234], [-47.26714007, -24.01583431], [-47.26734352, -24.0157886], [-47.26785538, -24.01566051], [-47.26806558, -24.01559453], [-47.26829742, -24.01546011], [-47.26894662, -24.01502086], [-47.26909473, -24.01499771], [-47.26936351, -24.01501468], [-47.26979899, -24.01509206], [-47.27038001, -24.01532447], [-47.27064547, -24.01547771], [-47.27079192, -24.01568512], [-47.27089169, -24.01603342], [-47.27093553, -24.01625283], [-47.27096961, -24.01656669], [-47.27094648, -24.01687616], [-47.2710384, -24.01723108], [-47.27113853, -24.01740249], [-47.27126274, -24.01747038], [-47.27154349, -24.01751861], [-47.27183557, -24.01756143], [-47.27215105, -24.01763534], [-47.27239763, -24.01768932], [-47.27279094, -24.01764157], [-47.27356532, -24.01749909], [-47.27394104, -24.0174254], [-47.27428728, -24.01729975], [-47.2744003, -24.01722996], [-47.27454021, -24.01706546], [-47.27477635, -24.01671166], [-47.27491598, -24.01653144], [-47.27507533, -24.0161728], [-47.27525189, -24.01581913], [-47.27538397, -24.01553424], [-47.27553613, -24.01541671], [-47.27571556, -24.01530612], [-47.27590291, -24.01524046], [-47.27614239, -24.01521594], [-47.27640582, -24.01525395], [-47.27684785, -24.01537836], [-47.27692191, -24.01536678], [-47.27714472, -24.01536871], [-47.27741939, -24.01539606], [-47.27759642, -24.01539343], [-47.27774398, -24.01533884], [-47.27789632, -24.01523179], [-47.27805161, -24.01496751], [-47.27814979, -24.01470408], [-47.27814047, -24.01449988], [-47.27807967, -24.01429121], [-47.27792806, -24.01411532], [-47.27777646, -24.01402412], [-47.27756406, -24.0139644], [-47.27734042, -24.01391533], [-47.27709338, -24.01383517], [-47.27694895, -24.01374301], [-47.27680332, -24.01358275], [-47.27665659, -24.01335964], [-47.27662462, -24.01316625], [-47.27665492, -24.01294051], [-47.27671024, -24.01276841], [-47.27677443, -24.0125212], [-47.27689296, -24.01211601], [-47.27691672, -24.0118432], [-47.27693809, -24.01175906], [-47.27705018, -24.01163688], [-47.27718585, -24.01155628], [-47.27738977, -24.01145893], [-47.27756624, -24.01142487], [-47.27780074, -24.01144235], [-47.27801342, -24.01151777], [-47.27823282, -24.01165074], [-47.27900726, -24.0120081], [-47.27922022, -24.01209924], [-47.27930136, -24.01216615], [-47.27948798, -24.01238343], [-47.27988536, -24.01289098], [-47.28000234, -24.01304642], [-47.28013711, -24.01323827], [-47.28025666, -24.01336137], [-47.28036074, -24.01343317], [-47.28056818, -24.01353487], [-47.28082148, -24.01364637], [-47.28105867, -24.01381574], [-47.28129678, -24.01403749], [-47.28168999, -24.0144903], [-47.28185856, -24.01465545], [-47.28223345, -24.01485944], [-47.28231442, -24.01491587], [-47.2824875, -24.01501284], [-47.28275748, -24.01509789], [-47.28299797, -24.01513098], [-47.28318633, -24.01512293], [-47.28334559, -24.01508388], [-47.28349369, -24.01506072], [-47.2836593, -24.01505825], [-47.28443889, -24.01488944], [-47.2847236, -24.01483804], [-47.28492603, -24.01476922], [-47.2851793, -24.01455586], [-47.28551345, -24.0143937], [-47.28574114, -24.01434838], [-47.28600991, -24.01436533], [-47.28627924, -24.01441371], [-47.28650739, -24.01439458], [-47.28669998, -24.01430264], [-47.28676619, -24.01417066], [-47.28679758, -24.01400777], [-47.28683283, -24.01374004], [-47.28680919, -24.01324851], [-47.28681027, -24.01298653], [-47.28683335, -24.01267706], [-47.28691225, -24.0122934], [-47.28688653, -24.01213137], [-47.28677552, -24.01205644], [-47.28657407, -24.01197037], [-47.28637244, -24.01187383], [-47.28606951, -24.01186264], [-47.28586318, -24.0118238], [-47.28578185, -24.01174642], [-47.28547851, -24.01138943], [-47.28514551, -24.01097001], [-47.2851178, -24.01080927], [-47.28514497, -24.01073028], [-47.28519451, -24.01062475], [-47.28526109, -24.01051373], [-47.28528557, -24.01028283], [-47.28526298, -24.00997404], [-47.28521433, -24.00980711], [-47.28503302, -24.00929723], [-47.28485106, -24.00869741], [-47.28470522, -24.00820184], [-47.28466053, -24.0079353], [-47.28465504, -24.00762685], [-47.28466696, -24.00700842], [-47.28468471, -24.00671999], [-47.2847454, -24.00659858], [-47.28494193, -24.00640703], [-47.28514077, -24.00634643], [-47.28539801, -24.00635831], [-47.28580548, -24.0064675], [-47.28598877, -24.00649621], [-47.28622791, -24.0064869], [-47.28643358, -24.00648907], [-47.28660442, -24.00646032], [-47.28699106, -24.00636024], [-47.2871678, -24.00634188], [-47.28744788, -24.00635342], [-47.28774574, -24.00640137], [-47.28795814, -24.00646107], [-47.28812522, -24.00654241], [-47.28833376, -24.00670695], [-47.28844429, -24.00682057], [-47.28854406, -24.00697102], [-47.28884168, -24.00745341], [-47.28893049, -24.00763023], [-47.28906526, -24.00782207], [-47.28921595, -24.00794556], [-47.28935393, -24.0079959], [-47.28949641, -24.00797805], [-47.28980872, -24.00787383], [-47.29003667, -24.00784423], [-47.29027678, -24.00785636], [-47.29056903, -24.00790962], [-47.29087934, -24.00801501], [-47.29122502, -24.00818274], [-47.29182899, -24.00858583], [-47.29221678, -24.00887343], [-47.29242551, -24.00904845], [-47.29258471, -24.00932899], [-47.29273082, -24.00951543], [-47.29288778, -24.00967026], [-47.29307616, -24.00979604], [-47.29354512, -24.01015054], [-47.29397494, -24.01055277], [-47.29412666, -24.01073388], [-47.29432932, -24.01088803], [-47.29453638, -24.01096875], [-47.29471958, -24.01099221], [-47.29488482, -24.01096877], [-47.29504875, -24.01087201], [-47.29524517, -24.01067521], [-47.29562967, -24.01045464], [-47.29624508, -24.01012144], [-47.29639327, -24.0101035], [-47.29666821, -24.01014653], [-47.29720629, -24.01021182], [-47.29752598, -24.01020178], [-47.29790895, -24.010217], [-47.29815525, -24.01025522], [-47.29897665, -24.01083494], [-47.29927399, -24.01092675], [-47.29960585, -24.01095844], [-47.30009658, -24.01093012], [-47.30045156, -24.01097718], [-47.30081468, -24.01116034], [-47.30124762, -24.01141581], [-47.30154559, -24.01146897], [-47.30172253, -24.01146107], [-47.30196087, -24.01137366], [-47.30226222, -24.01129578], [-47.30274161, -24.01129806], [-47.30315687, -24.01132985], [-47.30330888, -24.01132757], [-47.30350167, -24.01128663], [-47.30376153, -24.01113057], [-47.3042618, -24.01078688], [-47.30465691, -24.01046396], [-47.30488912, -24.01030832], [-47.30513425, -24.01010176], [-47.3053078, -24.00975681], [-47.30555225, -24.00951223], [-47.3058121, -24.00935616], [-47.30603253, -24.00931481], [-47.30630846, -24.0092853], [-47.30676222, -24.00915167], [-47.30699669, -24.00912278], [-47.30739699, -24.0090914], [-47.30756334, -24.00907405], [-47.30813455, -24.0089438], [-47.30835011, -24.008909], [-47.30878801, -24.00894297], [-47.30901847, -24.00891696], [-47.30924395, -24.00888652], [-47.30957756, -24.00885895], [-47.30983299, -24.0088551], [-47.31006329, -24.00882008], [-47.31021009, -24.00878632], [-47.31036284, -24.00881106], [-47.31047566, -24.00880034], [-47.31069702, -24.00881503], [-47.310865, -24.00886658], [-47.3111066, -24.00898244], [-47.31209683, -24.00940467], [-47.31252804, -24.00961449], [-47.31287608, -24.0098436], [-47.31299985, -24.00989581], [-47.3134417, -24.01015054], [-47.31354881, -24.01029702], [-47.31370069, -24.01054712], [-47.31378445, -24.01083429], [-47.31386788, -24.01110344], [-47.31400102, -24.01135677], [-47.31409669, -24.01148603], [-47.31422199, -24.01162385], [-47.31448178, -24.01186329], [-47.31470122, -24.01204476], [-47.3148618, -24.01223162], [-47.31500579, -24.01250762], [-47.31535457, -24.01305219], [-47.31553634, -24.01332436], [-47.3156132, -24.01370495], [-47.31564438, -24.01407404], [-47.31556169, -24.01439528], [-47.31539614, -24.01475383], [-47.31531099, -24.01498823], [-47.31528516, -24.01546635], [-47.31531445, -24.0159155], [-47.31540369, -24.01623414], [-47.31551426, -24.01637218], [-47.31564376, -24.01646937], [-47.31582672, -24.01653421], [-47.31623558, -24.01659112], [-47.31657042, -24.01663113], [-47.31670885, -24.01667861], [-47.31703034, -24.01679543], [-47.31722739, -24.016824], [-47.31743838, -24.01680729], [-47.3176819, -24.01673135], [-47.31797535, -24.0166548], [-47.31816579, -24.01658882], [-47.31828699, -24.01649685], [-47.31843587, -24.01630531], [-47.3185308, -24.01611909], [-47.3187649, -24.0160209], [-47.31928849, -24.0159003], [-47.31952935, -24.01590567], [-47.3197467, -24.01596998], [-47.3200446, -24.01614124], [-47.32046333, -24.01652036], [-47.32068802, -24.01671976], [-47.32087647, -24.01681606], [-47.32132246, -24.01702563], [-47.32205402, -24.01726692], [-47.32269675, -24.01748703], [-47.3230998, -24.01761697], [-47.32349343, -24.01764706], [-47.32428095, -24.01772074], [-47.32512424, -24.0176178], [-47.32547724, -24.01761131], [-47.32573727, -24.01758933], [-47.3261726, -24.01747906], [-47.32657314, -24.01734679], [-47.32696215, -24.01712004], [-47.32733979, -24.01680784], [-47.32748527, -24.0166316], [-47.3276296, -24.01618773], [-47.3277514, -24.01585688], [-47.32783657, -24.01567531], [-47.32787997, -24.01550443], [-47.32798585, -24.0148358], [-47.32806104, -24.01464537], [-47.32819655, -24.01453064], [-47.32840181, -24.01446893], [-47.32868172, -24.01446017], [-47.32940649, -24.01459788], [-47.32959831, -24.01460848], [-47.32978972, -24.01459656], [-47.33000062, -24.01457532], [-47.33021651, -24.01455852], [-47.33036437, -24.01458331], [-47.33054275, -24.01466622], [-47.33084421, -24.01496157], [-47.3309056, -24.01509584], [-47.33089837, -24.01524017], [-47.3307612, -24.0155352], [-47.33061168, -24.01569071], [-47.33046403, -24.01594985], [-47.33047147, -24.01608945], [-47.33054379, -24.0162675], [-47.33060132, -24.01646042], [-47.33061232, -24.01679826], [-47.33065856, -24.01691023], [-47.33081507, -24.0171422], [-47.33085848, -24.01751073], [-47.33091004, -24.01764515], [-47.33104576, -24.01781434], [-47.33130526, -24.01803573], [-47.33154857, -24.01817625], [-47.33190494, -24.01831955], [-47.33227032, -24.01841764], [-47.33246714, -24.01843267], [-47.33260959, -24.0184305], [-47.33304959, -24.01830663], [-47.33349129, -24.01814012], [-47.33359781, -24.01805287], [-47.33373791, -24.01792003], [-47.33415921, -24.01730519], [-47.33433263, -24.01711326], [-47.33442685, -24.01681027], [-47.33452963, -24.01651576], [-47.33461021, -24.01635229], [-47.33468186, -24.01623852], [-47.33482082, -24.01604261], [-47.33501953, -24.01589086], [-47.33521415, -24.01578423], [-47.33530037, -24.01566123], [-47.33548094, -24.01550198], [-47.33563414, -24.01527881], [-47.33571309, -24.01502522], [-47.33573504, -24.01488067], [-47.3357015, -24.01465584], [-47.33558616, -24.0145269], [-47.33535021, -24.01440602], [-47.33495856, -24.01421369], [-47.33460516, -24.01396218], [-47.3342859, -24.01369664], [-47.3341948, -24.0135493], [-47.33419007, -24.01342437], [-47.33423159, -24.01327501], [-47.33436645, -24.01312423], [-47.33467347, -24.01298435], [-47.33553263, -24.0126738], [-47.3357762, -24.01255741], [-47.33603344, -24.01238223], [-47.33620529, -24.01237511], [-47.33635797, -24.01239531], [-47.33664835, -24.01242243], [-47.33690955, -24.01251812], [-47.33707941, -24.01267327], [-47.33715651, -24.01286138], [-47.33734193, -24.01306136], [-47.3375646, -24.01314809], [-47.3378888, -24.01314315], [-47.33827669, -24.01312821], [-47.33881065, -24.01303894], [-47.33914819, -24.01295717], [-47.33947207, -24.0129342], [-47.34008178, -24.0130032], [-47.34062898, -24.013103], [-47.34111281, -24.01323081], [-47.34156398, -24.01345377], [-47.3418474, -24.01363872], [-47.34265187, -24.01395427], [-47.34312465, -24.01428505], [-47.34356272, -24.01459833], [-47.34409583, -24.0150048], [-47.34445026, -24.0151874], [-47.34542654, -24.01564567], [-47.34608117, -24.01614385], [-47.34656043, -24.01656015], [-47.3472632, -24.01710823], [-47.34770528, -24.01751019], [-47.34822221, -24.01783577], [-47.34924885, -24.01821488], [-47.34979411, -24.01847693], [-47.35020903, -24.01859675], [-47.35062478, -24.01876163], [-47.35110561, -24.01899311], [-47.35152624, -24.01927841], [-47.35200446, -24.01963611], [-47.35231493, -24.01995584], [-47.35251863, -24.0200789], [-47.35290974, -24.02023964], [-47.35327848, -24.02032709], [-47.35391693, -24.02057867], [-47.35416992, -24.02070999], [-47.35476106, -24.02106144], [-47.35495461, -24.02116663], [-47.35511729, -24.02119568], [-47.35520107, -24.02114782], [-47.35524273, -24.02100747], [-47.35526384, -24.02081786], [-47.35528821, -24.02026765], [-47.3553274, -24.01990742], [-47.35545942, -24.01933303], [-47.35552164, -24.01924194], [-47.35562316, -24.01915024], [-47.35572549, -24.0191036], [-47.3559508, -24.01906408], [-47.35614746, -24.01907006], [-47.35640363, -24.01910668], [-47.35667921, -24.01912949], [-47.35681676, -24.01912737], [-47.35700219, -24.01905691], [-47.35711279, -24.01892451], [-47.35725185, -24.01866665], [-47.35728434, -24.01856249], [-47.3574266, -24.01801048], [-47.35753522, -24.01776994], [-47.35760218, -24.01766976], [-47.35768929, -24.01759632], [-47.35785082, -24.01756228], [-47.3579638, -24.01756054], [-47.35813981, -24.01751276], [-47.35820809, -24.01748467], [-47.35831501, -24.01741993], [-47.3584633, -24.01725355], [-47.358643, -24.01713811], [-47.35886781, -24.01707155], [-47.35896114, -24.01707012], [-47.35918759, -24.01709367], [-47.35980458, -24.01724641], [-47.36001171, -24.01728829], [-47.3602917, -24.01728397], [-47.36056089, -24.01722574], [-47.36070644, -24.01712435], [-47.36082803, -24.0169571], [-47.36086494, -24.01682583], [-47.36088365, -24.01650556], [-47.36094954, -24.01634681], [-47.36109935, -24.0162093], [-47.36126046, -24.01615273], [-47.36151949, -24.01607663], [-47.36172725, -24.01588414], [-47.36185806, -24.0156581], [-47.36202021, -24.0153897], [-47.36210314, -24.01535688], [-47.36222578, -24.01534597], [-47.36265437, -24.01540696], [-47.36275237, -24.01539193], [-47.36284479, -24.01534093], [-47.36289226, -24.01525006], [-47.36290829, -24.01505152], [-47.36289253, -24.01472727], [-47.36291446, -24.01458272], [-47.3630204, -24.0143923], [-47.36313115, -24.01426891], [-47.36357878, -24.01402765], [-47.36373922, -24.01393504], [-47.36387305, -24.01373017], [-47.36394646, -24.01344511], [-47.36399034, -24.01314331], [-47.36413832, -24.01290667], [-47.3641903, -24.0127932], [-47.36421367, -24.01245934], [-47.36419704, -24.01235594], [-47.36398678, -24.01214286], [-47.3639401, -24.01200838], [-47.36394567, -24.01171611], [-47.36393107, -24.01145494], [-47.36397813, -24.01134155], [-47.36412408, -24.01126268], [-47.36448757, -24.01125707], [-47.36461503, -24.01124158], [-47.36469263, -24.0111863], [-47.36501398, -24.0107577], [-47.36512032, -24.01066142], [-47.36518236, -24.01056131], [-47.36517465, -24.01045399], [-47.36509466, -24.01037861], [-47.36476866, -24.01028449], [-47.36420533, -24.01010841], [-47.36398413, -24.01010281], [-47.36369614, -24.0102064], [-47.36349025, -24.01023211], [-47.36334182, -24.01017581], [-47.36329105, -24.01008646], [-47.3631367, -24.00970576], [-47.36303695, -24.00935577], [-47.36295324, -24.00912757], [-47.36255052, -24.00806117], [-47.36252345, -24.00784618], [-47.36260492, -24.00719594], [-47.36264451, -24.00694295], [-47.36274118, -24.00685583], [-47.36290728, -24.0068037], [-47.36342244, -24.0067642], [-47.36367736, -24.00673323], [-47.36400955, -24.00662896], [-47.36421027, -24.00658981], [-47.3645635, -24.00656182], [-47.3648041, -24.0065536], [-47.36533015, -24.00657252], [-47.36556506, -24.00659651], [-47.36604732, -24.00663864], [-47.36621015, -24.00667668], [-47.36632477, -24.00676505], [-47.36651661, -24.00704601], [-47.36678786, -24.00737082], [-47.3670013, -24.0074892], [-47.36718411, -24.00754497], [-47.36741521, -24.00755492], [-47.36794328, -24.00746776], [-47.3681296, -24.00744686], [-47.36838543, -24.00746544], [-47.36857216, -24.00746706], [-47.36882183, -24.00741813], [-47.36900757, -24.00736568], [-47.36927805, -24.00737953], [-47.36955959, -24.0074608], [-47.36970434, -24.00758475], [-47.36972106, -24.00769266], [-47.36966951, -24.00782866], [-47.36949066, -24.00798916], [-47.368945, -24.00824096], [-47.36859341, -24.00835907], [-47.36835546, -24.00851147], [-47.36823026, -24.00871089], [-47.36823806, -24.00886851], [-47.36825977, -24.00898084], [-47.36837472, -24.00908723], [-47.36854845, -24.00918369], [-47.36910729, -24.00938236], [-47.36940324, -24.00944539], [-47.36957548, -24.00946075], [-47.36989442, -24.00943779], [-47.3700352, -24.00938635], [-47.37026792, -24.009216], [-47.37047256, -24.0091227], [-47.37066846, -24.00908812], [-47.37101761, -24.00910525], [-47.37131323, -24.00915025], [-47.37226551, -24.00936986], [-47.37247247, -24.00940271], [-47.37260493, -24.00939164], [-47.37273672, -24.00934453], [-47.37283322, -24.0092484], [-47.37302006, -24.00898862], [-47.37309129, -24.00872258], [-47.37308108, -24.00843431], [-47.37301974, -24.00830456], [-47.37286116, -24.0082304], [-47.37255931, -24.0081134], [-47.37248939, -24.00805138], [-47.37247799, -24.00796593], [-47.37250065, -24.00786193], [-47.37257659, -24.00771653], [-47.37304541, -24.00725934], [-47.37324749, -24.00702637], [-47.37329895, -24.00688586], [-47.37333118, -24.00676819], [-47.37332804, -24.00659698], [-47.37331157, -24.00650259], [-47.37324532, -24.00637292], [-47.37312512, -24.00624859], [-47.37300575, -24.00616932], [-47.37272566, -24.0060888], [-47.37245419, -24.0060209], [-47.37223151, -24.00593421], [-47.37206876, -24.00590067], [-47.37180795, -24.00587767], [-47.37148113, -24.00573851], [-47.37120967, -24.00567061], [-47.37047943, -24.00550163], [-47.37030554, -24.00539616], [-47.37004616, -24.00518385], [-47.3697825, -24.00485482], [-47.3696337, -24.0045101], [-47.3695916, -24.00435752], [-47.36956932, -24.00421365], [-47.36956242, -24.00410559], [-47.36960506, -24.0040193], [-47.36978365, -24.00384529], [-47.37002218, -24.00372442], [-47.3703027, -24.00363997], [-47.37046362, -24.00357438], [-47.37070991, -24.00334073], [-47.37077219, -24.00325413], [-47.37097962, -24.00277771], [-47.37102003, -24.00256978], [-47.37102263, -24.00244355], [-47.37100517, -24.00229509], [-47.3709611, -24.00202562], [-47.37076686, -24.0010777], [-47.37058611, -24.00060628], [-47.37053902, -24.00049137], [-47.37039304, -24.00038212], [-47.37021993, -24.00026502], [-47.37016414, -24.00016677], [-47.36998595, -23.99977304], [-47.36994717, -23.99973462], [-47.37130344, -23.99713408], [-47.37095152, -23.99686128], [-47.37102225, -23.99670115], [-47.3710947, -23.99661702], [-47.37118407, -23.99655903], [-47.37127462, -23.99656518], [-47.37134085, -23.99659057], [-47.37142415, -23.99664965], [-47.37154819, -23.99668924], [-47.371676, -23.9967099], [-47.37175909, -23.99675767], [-47.37181355, -23.99681342], [-47.37198134, -23.99710452], [-47.37215267, -23.99725657], [-47.37230645, -23.99734852], [-47.3724077, -23.99749034], [-47.37244362, -23.9976558], [-47.37246763, -23.99784409], [-47.37250635, -23.99793783], [-47.3726067, -23.9980306], [-47.372735, -23.99807767], [-47.37285048, -23.99809852], [-47.37301033, -23.99807341], [-47.37317305, -23.99798033], [-47.37333124, -23.99786468], [-47.37337862, -23.9977583], [-47.37340565, -23.99766355], [-47.37346885, -23.99752296], [-47.37353649, -23.99740117], [-47.37365825, -23.99731627], [-47.37378475, -23.99726526], [-47.37385454, -23.9972604], [-47.37392084, -23.99728956], [-47.37399627, -23.99736763], [-47.37408624, -23.99749053], [-47.37427963, -23.99772525], [-47.37436605, -23.99795408], [-47.37443457, -23.99810395], [-47.37451877, -23.99821207], [-47.37475366, -23.99837787], [-47.37482756, -23.99840369], [-47.37493779, -23.99840872], [-47.37510588, -23.99836567], [-47.37542725, -23.99827308], [-47.3755555, -23.99822645], [-47.37574678, -23.99818521], [-47.37612863, -23.998072], [-47.37637068, -23.99806825], [-47.37650458, -23.99808918], [-47.37670696, -23.99820094], [-47.37695253, -23.9983887], [-47.37727218, -23.99852165], [-47.3776263, -23.99871538], [-47.37775382, -23.99884366], [-47.37814917, -23.99900609], [-47.37837535, -23.99904855], [-47.37852513, -23.99902322], [-47.37874828, -23.99890481], [-47.37891195, -23.99872605], [-47.37899094, -23.99847967], [-47.37909464, -23.99821756], [-47.37932473, -23.99802242], [-47.3795859, -23.99790076], [-47.37976074, -23.99787509], [-47.38010313, -23.99788508], [-47.38040977, -23.99776537], [-47.38068432, -23.99771514], [-47.38114867, -23.99754702], [-47.38146338, -23.99741188], [-47.38168857, -23.99740072], [-47.38184685, -23.99738295], [-47.38215524, -23.99720737], [-47.38234815, -23.99696894], [-47.38260708, -23.9965665], [-47.38283962, -23.9963365], [-47.38304376, -23.99617031], [-47.38334732, -23.99604787], [-47.3837493, -23.99591486], [-47.38407226, -23.99577399], [-47.38451985, -23.99561695], [-47.38482068, -23.99549772], [-47.38511673, -23.99543858], [-47.38540713, -23.99539587], [-47.38582307, -23.99539487], [-47.38602524, -23.99540263], [-47.38612773, -23.99548285], [-47.38624688, -23.99549734], [-47.38642755, -23.99530907], [-47.3864504, -23.99526393], [-47.38646957, -23.99517443], [-47.38643138, -23.99498389], [-47.3863174, -23.99482639], [-47.3861542, -23.99463141], [-47.38591041, -23.99420836], [-47.38582426, -23.99407818], [-47.38556484, -23.99364744], [-47.38540869, -23.99343164], [-47.38526141, -23.99318081], [-47.38516286, -23.99299034], [-47.38511197, -23.99280781], [-47.38515529, -23.99258023], [-47.38518047, -23.99239652], [-47.38516709, -23.99218723], [-47.38509717, -23.99200504], [-47.38485544, -23.99179058], [-47.38460669, -23.99170719], [-47.38437842, -23.99170198], [-47.38414911, -23.99164446], [-47.38396091, -23.99143218], [-47.38362192, -23.99109707], [-47.3833985, -23.99083869], [-47.3830416, -23.9905649], [-47.38271486, -23.99037797], [-47.38263736, -23.99030061], [-47.38261599, -23.99017001], [-47.38262438, -23.9901088], [-47.38272876, -23.99009845], [-47.38291839, -23.99006933], [-47.38313545, -23.98997866], [-47.38329589, -23.98991504], [-47.38353094, -23.98977174], [-47.38363475, -23.9897265], [-47.3838247, -23.98971482], [-47.38395715, -23.98967785], [-47.38398417, -23.98959886], [-47.38395297, -23.98945097], [-47.38397614, -23.98916258], [-47.38390638, -23.98898907], [-47.38379557, -23.98865037], [-47.38372437, -23.98839836], [-47.38375059, -23.98827575], [-47.38386376, -23.98822163], [-47.38401564, -23.98821055], [-47.38415049, -23.98830447], [-47.38427503, -23.98835489], [-47.38442699, -23.9883438], [-47.38450208, -23.98829028], [-47.38451831, -23.98814165], [-47.38468592, -23.987947], [-47.38484603, -23.98771883], [-47.38525111, -23.98751179], [-47.3855139, -23.98732439], [-47.38571782, -23.98704191], [-47.38608541, -23.98634666], [-47.38606074, -23.98604153], [-47.38596809, -23.98565892], [-47.3858919, -23.9851364], [-47.38596024, -23.98471638], [-47.38609074, -23.9845747], [-47.38640039, -23.98435166], [-47.38669181, -23.98417257], [-47.38690982, -23.98413423], [-47.38709961, -23.98411383], [-47.38733722, -23.98411013], [-47.38742344, -23.98414369], [-47.38763387, -23.98421026], [-47.38780606, -23.9842687], [-47.3880152, -23.98426544], [-47.388157, -23.98421956], [-47.38824121, -23.98414844], [-47.38836676, -23.98396495], [-47.38838395, -23.98386866], [-47.3883733, -23.98380775], [-47.38832499, -23.98376487], [-47.38820062, -23.98372314], [-47.38813311, -23.98367184], [-47.38809368, -23.98359388], [-47.38809239, -23.9835241], [-47.38838251, -23.98327518], [-47.3884964, -23.98326468], [-47.38862884, -23.98322767], [-47.38873087, -23.98308643], [-47.38875757, -23.98299003], [-47.38875596, -23.98290276], [-47.38868797, -23.98282525], [-47.38857392, -23.98282703], [-47.38834631, -23.98285675], [-47.38809879, -23.98284315], [-47.38804048, -23.98277426], [-47.3878378, -23.98261155], [-47.387596, -23.9823884], [-47.38747099, -23.98231178], [-47.38732727, -23.98225294], [-47.38712733, -23.98223856], [-47.38687972, -23.98221623], [-47.38676503, -23.98218312], [-47.38665857, -23.98208003], [-47.38653356, -23.98200344], [-47.38639967, -23.98196186], [-47.38631298, -23.98190213], [-47.38624483, -23.98181589], [-47.38621483, -23.98173778], [-47.38622322, -23.98167657], [-47.38628928, -23.98164937], [-47.38639404, -23.98165646], [-47.38651809, -23.98168071], [-47.38662342, -23.9817227], [-47.38672731, -23.98168618], [-47.38686781, -23.98157052], [-47.38693194, -23.9814386], [-47.38692953, -23.98130771], [-47.38691888, -23.98124679], [-47.38680339, -23.98117002], [-47.3865561, -23.98116514], [-47.3863185, -23.98116884], [-47.38615606, -23.98112774], [-47.3860209, -23.98101637], [-47.38594066, -23.98079067], [-47.38589154, -23.98070414], [-47.38590369, -23.98053189], [-47.38589305, -23.98047094], [-47.38587485, -23.97999991], [-47.38591962, -23.97985084], [-47.38608288, -23.97942058], [-47.38636609, -23.97879645], [-47.38655059, -23.97797312], [-47.38673313, -23.97752713], [-47.38690098, -23.97734993], [-47.38708657, -23.97710264], [-47.3870433, -23.97630031], [-47.38701928, -23.97603011], [-47.38708067, -23.97574985], [-47.38723755, -23.97549428], [-47.38741587, -23.9753693], [-47.38772928, -23.97534697], [-47.38829213, -23.97545164], [-47.38853973, -23.97547401], [-47.38863457, -23.9754638], [-47.38884193, -23.97536455], [-47.38921179, -23.97531512], [-47.3894564, -23.97517166], [-47.38947359, -23.97507541], [-47.38942335, -23.97492777], [-47.38930737, -23.97482487], [-47.38917108, -23.9746524], [-47.38909358, -23.97457508], [-47.38883406, -23.97442198], [-47.38861381, -23.97433815], [-47.38840074, -23.97412325], [-47.38834082, -23.97396708], [-47.38841431, -23.9738101], [-47.38846763, -23.97360854], [-47.38855239, -23.97356359], [-47.38885652, -23.97355885], [-47.3890946, -23.97358132], [-47.38915097, -23.9735455], [-47.38913912, -23.97341476], [-47.38907081, -23.97331984], [-47.38884089, -23.9732274], [-47.38875459, -23.97318512], [-47.38825853, -23.97309682], [-47.38779254, -23.97308662], [-47.38750785, -23.97311723], [-47.38735478, -23.97306722], [-47.38734309, -23.9729452], [-47.38735172, -23.97290144], [-47.38746359, -23.9727775], [-47.38770683, -23.97256425], [-47.38797775, -23.97230691], [-47.3881893, -23.97191953], [-47.38823182, -23.97164829], [-47.38824232, -23.97118554], [-47.38806886, -23.970982], [-47.38807161, -23.97061536], [-47.38803744, -23.97031041], [-47.38820294, -23.97000235], [-47.38842988, -23.9699377], [-47.38858876, -23.96978685], [-47.38873531, -23.96948781], [-47.38877983, -23.96932125], [-47.38871388, -23.96884221], [-47.38868721, -23.96842367], [-47.38867852, -23.96795246], [-47.38864967, -23.96742048], [-47.38872249, -23.96676563], [-47.38874484, -23.96643358], [-47.38880815, -23.96625804], [-47.38884525, -23.96620507], [-47.38916445, -23.96599064], [-47.38934332, -23.96589184], [-47.38978776, -23.96576271], [-47.39003147, -23.9655756], [-47.39025744, -23.96545864], [-47.39043399, -23.96543543], [-47.39057576, -23.96538955], [-47.3906174, -23.96524314], [-47.39064859, -23.96497077], [-47.39070717, -23.96487003], [-47.39073294, -23.96476948], [-47.39069461, -23.9646591], [-47.39037418, -23.9643201], [-47.39021194, -23.96404523], [-47.39000787, -23.96379322], [-47.38984807, -23.96364591], [-47.38947755, -23.9635407], [-47.38923997, -23.96343898], [-47.38920868, -23.96337846], [-47.38922902, -23.96321932], [-47.38934133, -23.96315726], [-47.38961174, -23.96307539], [-47.38988952, -23.96306551], [-47.39009338, -23.96297913], [-47.39026801, -23.96294868], [-47.39043319, -23.96292632], [-47.39066845, -23.96292618], [-47.39111214, -23.96294187], [-47.39139554, -23.96294875], [-47.39159151, -23.96288919], [-47.39171297, -23.96279688], [-47.39178351, -23.96261496], [-47.39184108, -23.96244579], [-47.39189757, -23.9620771], [-47.39191258, -23.96174778], [-47.39186254, -23.96132267], [-47.39196228, -23.96101138], [-47.39227506, -23.96081292], [-47.39281983, -23.96061085], [-47.39351259, -23.96042582], [-47.3943973, -23.96035394], [-47.39479837, -23.96036704], [-47.39517978, -23.96045787], [-47.39566879, -23.96066318], [-47.39609274, -23.96077271], [-47.39660069, -23.96086157], [-47.39716977, -23.96083332], [-47.39761087, -23.96072964], [-47.39823999, -23.96052622], [-47.3985717, -23.96021131], [-47.39879402, -23.95968516], [-47.39897971, -23.95920744], [-47.39889853, -23.9582408], [-47.39875551, -23.95735255], [-47.39851417, -23.95571087], [-47.39827639, -23.95444344], [-47.39788032, -23.95355915], [-47.39746996, -23.95304289], [-47.39700136, -23.95279855], [-47.39634331, -23.95257652], [-47.39521988, -23.95228433], [-47.39417331, -23.9515844], [-47.39334049, -23.951036], [-47.39286618, -23.950482], [-47.39214269, -23.94978414], [-47.39188391, -23.94947844], [-47.39149897, -23.94919406], [-47.39046207, -23.94901663], [-47.38961782, -23.94899106], [-47.38909062, -23.94899927], [-47.38847335, -23.94869914], [-47.38780928, -23.94814808], [-47.38653045, -23.94743234], [-47.38561191, -23.94680779], [-47.38515415, -23.94630098], [-47.38476959, -23.94603594], [-47.38419488, -23.94575449], [-47.38314912, -23.94509318], [-47.38235927, -23.94458276], [-47.38135784, -23.9440369], [-47.38052548, -23.94350777], [-47.37974915, -23.94288721], [-47.37934032, -23.9424483], [-47.37875427, -23.94154753], [-47.3783566, -23.9405664], [-47.37798606, -23.93991395], [-47.37740926, -23.93951636], [-47.37675202, -23.93933295], [-47.37617983, -23.93918693], [-47.37548255, -23.93912029], [-47.37497362, -23.93897329], [-47.37439719, -23.93859504], [-47.37418066, -23.93828865], [-47.37399505, -23.93766329], [-47.37391903, -23.93696756], [-47.37395112, -23.9363192], [-47.3740142, -23.93594072], [-47.37400193, -23.93574814], [-47.37398134, -23.93557979], [-47.37387298, -23.93539673], [-47.37380137, -23.93530949], [-47.37351847, -23.93515322], [-47.37318308, -23.93499777], [-47.37291665, -23.93478502], [-47.37278307, -23.93465857], [-47.37263442, -23.93437321], [-47.37254444, -23.93423806], [-47.37235572, -23.93396789], [-47.37215039, -23.93374617], [-47.3720152, -23.93353139], [-47.37181641, -23.93318909], [-47.37161182, -23.93300751], [-47.37143538, -23.93292992], [-47.371304, -23.93292391], [-47.37114594, -23.93289423], [-47.37108382, -23.93284699], [-47.37108573, -23.93275845], [-47.37113492, -23.93267926], [-47.37117167, -23.93261187], [-47.37126373, -23.93255157], [-47.37137559, -23.93247281], [-47.37147542, -23.93242505], [-47.37153338, -23.93238179], [-47.3715491, -23.93232378], [-47.37153546, -23.93226621], [-47.37150071, -23.93220128], [-47.37146211, -23.93215566], [-47.3713768, -23.93207995], [-47.37135498, -23.93203406], [-47.37135819, -23.9319801], [-47.3713786, -23.93194897], [-47.37142439, -23.931929], [-47.37150837, -23.93193156], [-47.37158849, -23.93195343], [-47.37165198, -23.93198326], [-47.37172792, -23.9320052], [-47.37178679, -23.93201199], [-47.37185796, -23.93200319], [-47.37197017, -23.93194368], [-47.37205764, -23.93190767], [-47.37211531, -23.93184901], [-47.37214292, -23.9317523], [-47.37213682, -23.9316484], [-47.37209749, -23.93153457], [-47.37206538, -23.93138486], [-47.37205558, -23.93130799], [-47.37207557, -23.93125376], [-47.37211276, -23.93122237], [-47.37214618, -23.93121415], [-47.37218443, -23.93124052], [-47.37227947, -23.93138926], [-47.372348, -23.93146523], [-47.37243701, -23.93151392], [-47.37257188, -23.9315465], [-47.37268948, -23.93155239], [-47.37279436, -23.93155077], [-47.37287791, -23.93153022], [-47.37296523, -23.9314865], [-47.3730313, -23.93142771], [-47.37303429, -23.93136219], [-47.37302093, -23.93132003], [-47.37295297, -23.93127487], [-47.37286836, -23.93123766], [-47.37275795, -23.93116619], [-47.37271488, -23.93110523], [-47.37271389, -23.93105133], [-47.37272521, -23.93098182], [-47.37285921, -23.93073711], [-47.37286228, -23.93067544], [-47.37286101, -23.93060614], [-47.37285164, -23.93055236], [-47.37280898, -23.93051451], [-47.37272921, -23.93051189], [-47.37266251, -23.93053603], [-47.37250669, -23.93073486], [-47.37244482, -23.93079359], [-47.37237819, -23.93082157], [-47.37233212, -23.93082614], [-47.37230261, -23.93081889], [-47.37226835, -23.93078091], [-47.37225051, -23.93072341], [-47.3722447, -23.93063492], [-47.37223144, -23.93055129], [-47.37218836, -23.93049034], [-47.37217927, -23.93045196], [-47.37218674, -23.93040178], [-47.37220701, -23.93036295], [-47.37226958, -23.93034273], [-47.37232419, -23.93034574], [-47.37239991, -23.93035612], [-47.37244186, -23.93035547], [-47.37247514, -23.93033955], [-47.37248247, -23.93028167], [-47.37247331, -23.93023944], [-47.37242604, -23.93017855], [-47.37239142, -23.93012131], [-47.37238134, -23.93002904], [-47.3724086, -23.92991307], [-47.37245725, -23.92981989], [-47.37251527, -23.92978048], [-47.37255708, -23.92977213], [-47.37259519, -23.9297908], [-47.37261701, -23.92983668], [-47.37266435, -23.92990142], [-47.37270246, -23.92992009], [-47.37276958, -23.92991905], [-47.37281964, -23.92990287], [-47.37287787, -23.92987501], [-47.37295596, -23.92978522], [-47.3730125, -23.92966495], [-47.37304751, -23.92951421], [-47.37308435, -23.92946357], [-47.37313008, -23.92943976], [-47.37319734, -23.92944642], [-47.37324006, -23.92948812], [-47.37329741, -23.9296413], [-47.37335568, -23.92984452], [-47.37340274, -23.92989386], [-47.37344938, -23.9299201], [-47.37351223, -23.92991528], [-47.37358711, -23.92987946], [-47.37363234, -23.92982869], [-47.37377685, -23.92970471], [-47.37383787, -23.92959978], [-47.37387792, -23.92949517], [-47.3738719, -23.92939512], [-47.37380972, -23.92920737], [-47.37371901, -23.92906626], [-47.37336499, -23.92875207], [-47.3732715, -23.92868804], [-47.37322515, -23.9286772], [-47.37317886, -23.92867021], [-47.37314139, -23.9286862], [-47.37312112, -23.92872502], [-47.37308639, -23.92889117], [-47.37305843, -23.92896863], [-47.37301803, -23.92905399], [-47.37297679, -23.92909314], [-47.37292253, -23.92910938], [-47.37287618, -23.92909855], [-47.37284227, -23.92907981], [-47.3727822, -23.92900756], [-47.37274716, -23.92892722], [-47.37272799, -23.92879657], [-47.37273892, -23.92848489], [-47.37279012, -23.92807199], [-47.37282421, -23.92787119], [-47.37294625, -23.92748492], [-47.37295687, -23.92737692], [-47.37294266, -23.92728855], [-47.37290343, -23.92720828], [-47.37286, -23.92712807], [-47.37282148, -23.9270863], [-47.37276254, -23.92707566], [-47.37270821, -23.92708805], [-47.37267543, -23.92713092], [-47.37260545, -23.92720518], [-47.3725598, -23.92723285], [-47.37250135, -23.92724915], [-47.3724341, -23.92724249], [-47.37235788, -23.92720515], [-47.37231809, -23.92709408], [-47.37226395, -23.92688694], [-47.37223903, -23.92667164], [-47.37222483, -23.92658328], [-47.37219434, -23.92652213], [-47.3721477, -23.92649589], [-47.37205968, -23.9265011], [-47.37179416, -23.92666696], [-47.37153711, -23.92683654], [-47.3713018, -23.92704815], [-47.37123936, -23.92707607], [-47.37114295, -23.92708141], [-47.37104626, -23.92707135], [-47.37097431, -23.9270378], [-47.37087635, -23.92695843], [-47.37076909, -23.92682914], [-47.37071202, -23.92669136], [-47.37070706, -23.92654226], [-47.37073319, -23.92636469], [-47.37072347, -23.92629167], [-47.3706885, -23.92621518], [-47.37063312, -23.92616982], [-47.37049357, -23.92611035], [-47.37037002, -23.92600826], [-47.37010508, -23.9257466], [-47.36982868, -23.92539697], [-47.3697382, -23.92526742], [-47.36971547, -23.92517148], [-47.36972714, -23.92512123], [-47.36979768, -23.92507778], [-47.36991457, -23.92504517], [-47.36998518, -23.92500556], [-47.37004236, -23.92491995], [-47.37011834, -23.92471465], [-47.37015579, -23.92446758], [-47.37019527, -23.92427517], [-47.37026761, -23.92410074], [-47.37027865, -23.92401584], [-47.37027347, -23.923962], [-47.37024242, -23.92387004], [-47.37015158, -23.92372124], [-47.37008775, -23.92367215], [-47.3700244, -23.92365002], [-47.36992799, -23.92365536], [-47.36981096, -23.92368028], [-47.3697019, -23.92368196], [-47.36962569, -23.92364462], [-47.36953633, -23.92357667], [-47.36944564, -23.92343557], [-47.36939966, -23.92329071], [-47.36936365, -23.92315647], [-47.36931708, -23.92313408], [-47.3692415, -23.92313139], [-47.36914538, -23.92315213], [-47.36899031, -23.92316223], [-47.36884712, -23.92313362], [-47.36874554, -23.92308512], [-47.36867282, -23.92300921], [-47.36861255, -23.92292541], [-47.36859807, -23.92282165], [-47.36860903, -23.9227329], [-47.36864566, -23.92267071], [-47.36874885, -23.92257668], [-47.36881847, -23.92248317], [-47.36884559, -23.92235951], [-47.36883992, -23.92227872], [-47.36880439, -23.92217142], [-47.36874433, -23.92209917], [-47.36867082, -23.92203117], [-47.36859497, -23.92201308], [-47.36847346, -23.92202266], [-47.36841473, -23.92202356], [-47.36838082, -23.92200483], [-47.36835929, -23.92197435], [-47.36836208, -23.92189728], [-47.36843981, -23.92178824], [-47.36862778, -23.92151189], [-47.36869614, -23.92134908], [-47.36870753, -23.92128343], [-47.36868173, -23.92124916], [-47.36863118, -23.92123839], [-47.36856449, -23.92126252], [-47.36844047, -23.92136457], [-47.36816518, -23.92168463], [-47.36808129, -23.92168593], [-47.36803494, -23.92167509], [-47.36780833, -23.92144364], [-47.36762515, -23.92129241], [-47.3675381, -23.92112043], [-47.36753627, -23.92102033], [-47.36754566, -23.9209323], [-47.36763786, -23.92069594], [-47.3676642, -23.92052992], [-47.36768886, -23.9202715], [-47.36769857, -23.92011344], [-47.36775329, -23.91989306], [-47.36779404, -23.91982696], [-47.36785256, -23.9198145], [-47.36790758, -23.91984062], [-47.3679589, -23.91989375], [-47.36800722, -23.9200124], [-47.36801729, -23.92010468], [-47.36800836, -23.92030509], [-47.36802774, -23.92044729], [-47.36804976, -23.92050472], [-47.36809668, -23.92054637], [-47.3681596, -23.9205454], [-47.368197, -23.92052556], [-47.36823321, -23.92044027], [-47.36823452, -23.92028234], [-47.36826219, -23.92016822], [-47.3683056, -23.92001734], [-47.36836676, -23.91992011], [-47.36847379, -23.91980677], [-47.36848972, -23.91976031], [-47.36848447, -23.91970262], [-47.36845832, -23.9196491], [-47.36837359, -23.91960419], [-47.36827249, -23.91958264], [-47.36795042, -23.91963767], [-47.36778696, -23.91964789], [-47.36770712, -23.91964142], [-47.36762707, -23.9196234], [-47.36747991, -23.91960641], [-47.36735847, -23.91961984], [-47.36727444, -23.91961343], [-47.36721949, -23.91959116], [-47.3671251, -23.91947708], [-47.36702545, -23.91931787], [-47.36695566, -23.91917259], [-47.36691028, -23.91898457], [-47.36689076, -23.91883466], [-47.36691033, -23.91875733], [-47.36694752, -23.91872595], [-47.3670145, -23.91871721], [-47.36709909, -23.91875442], [-47.36720011, -23.91877212], [-47.36723786, -23.91877154], [-47.36727114, -23.91875562], [-47.36730784, -23.91869729], [-47.36738647, -23.91840722], [-47.3674189, -23.91834509], [-47.36746854, -23.91830581], [-47.36752299, -23.91830112], [-47.36756103, -23.91831594], [-47.36758746, -23.91838486], [-47.3676436, -23.91847258], [-47.36771547, -23.91850228], [-47.36777441, -23.91851293], [-47.36785823, -23.91850779], [-47.36793296, -23.91846427], [-47.36805131, -23.91828143], [-47.36821577, -23.91800572], [-47.36837024, -23.91773374], [-47.36847964, -23.91752022], [-47.36854884, -23.91740361], [-47.36860307, -23.91715628], [-47.36865817, -23.91694811], [-47.3687175, -23.91675077], [-47.36875132, -23.91653456], [-47.36874907, -23.91641135], [-47.36873787, -23.91625747], [-47.36870207, -23.91613477], [-47.36858894, -23.91591313], [-47.36845855, -23.91574654], [-47.36823901, -23.91544181], [-47.36807212, -23.91526336], [-47.36799521, -23.91518752], [-47.36790636, -23.91514652], [-47.36778465, -23.91514455], [-47.36760953, -23.91520502], [-47.36753018, -23.9152255], [-47.36747978, -23.91522242], [-47.36738673, -23.91518149], [-47.36730185, -23.91512888], [-47.36720524, -23.91512266], [-47.36711722, -23.91512787], [-47.36706724, -23.9151479], [-47.36704369, -23.91523684], [-47.36703321, -23.91535255], [-47.3670235, -23.91551061], [-47.36700729, -23.91554167], [-47.36695304, -23.91555791], [-47.36688138, -23.91553976], [-47.36683433, -23.91549041], [-47.36674735, -23.91532229], [-47.36669966, -23.91523829], [-47.36663681, -23.91518907], [-47.36656956, -23.9151824], [-47.36651104, -23.91519486], [-47.36643674, -23.91526148], [-47.36642101, -23.91531949], [-47.3664278, -23.91546189], [-47.36640872, -23.91556617], [-47.36635546, -23.91563632], [-47.36628897, -23.915672], [-47.36623445, -23.91567284], [-47.36619194, -23.91564269], [-47.36615747, -23.91559315], [-47.3661474, -23.91550087], [-47.36612894, -23.91540872], [-47.36608629, -23.91537086], [-47.36600645, -23.91536439], [-47.36555268, -23.9155601], [-47.36533548, -23.91561351], [-47.36522208, -23.91560755], [-47.36511212, -23.91555917], [-47.36489035, -23.91536231], [-47.36474339, -23.91512578], [-47.36462008, -23.91488208], [-47.36452465, -23.91471024], [-47.36438265, -23.914516], [-47.36432539, -23.91436667], [-47.36432336, -23.91425501], [-47.36438872, -23.91415772], [-47.36452112, -23.91405554], [-47.36468372, -23.91399912], [-47.36494587, -23.91387954], [-47.36525003, -23.91364791], [-47.36580801, -23.91318485], [-47.36591091, -23.91307542], [-47.36608441, -23.9129264], [-47.36613753, -23.91284855], [-47.36618968, -23.9127168], [-47.36623497, -23.91266988], [-47.36640826, -23.9125093], [-47.36647993, -23.91241998], [-47.36664385, -23.91220562], [-47.36686173, -23.91195962], [-47.36696078, -23.91186952], [-47.36706473, -23.91181785], [-47.36719385, -23.91176579], [-47.3672899, -23.9117412], [-47.36759105, -23.91169034], [-47.36778833, -23.91169501], [-47.36787222, -23.91169371], [-47.36808047, -23.91160962], [-47.36813863, -23.91157792], [-47.36835594, -23.91130112], [-47.36841311, -23.91126614], [-47.36849168, -23.91120331], [-47.36851964, -23.91112585], [-47.36852186, -23.91101797], [-47.36853632, -23.91089065], [-47.36856442, -23.91082089], [-47.36864641, -23.91071564], [-47.36871254, -23.9106607], [-47.36881243, -23.9106168], [-47.36888772, -23.91060408], [-47.36896741, -23.91060285], [-47.36902628, -23.91060965], [-47.36922062, -23.91068368], [-47.36933122, -23.91076671], [-47.36942448, -23.91081919], [-47.36950047, -23.91084498], [-47.36963092, -23.91086608], [-47.36979017, -23.91085592], [-47.36992802, -23.91082298], [-47.37000687, -23.91077555], [-47.37015597, -23.91066926], [-47.37032065, -23.91049726], [-47.37039461, -23.91041138], [-47.37054926, -23.91005937], [-47.37069358, -23.90969125], [-47.37093596, -23.90917912], [-47.37103048, -23.9089623], [-47.37110239, -23.90876476], [-47.37115537, -23.90867922], [-47.37123715, -23.90856241], [-47.37138142, -23.90842153], [-47.37155953, -23.90829554], [-47.37162586, -23.90825215], [-47.37172191, -23.90822756], [-47.37191883, -23.90821297], [-47.37233153, -23.90806794], [-47.3724519, -23.90799676], [-47.37254605, -23.90786821], [-47.37264958, -23.90768977], [-47.37281655, -23.90741374], [-47.372942, -23.90716146], [-47.3730996, -23.90683165], [-47.37314867, -23.90676157], [-47.37326854, -23.90666343], [-47.37334369, -23.90664302], [-47.37350222, -23.90659435], [-47.37370774, -23.90659118], [-47.37384657, -23.90661214], [-47.37407866, -23.90668559], [-47.37423022, -23.90671406], [-47.37430998, -23.90671668], [-47.37436842, -23.90670037], [-47.37443211, -23.90665797], [-47.37449376, -23.90658769], [-47.37457398, -23.90638618], [-47.37467342, -23.90608808], [-47.37474029, -23.9058444], [-47.37480542, -23.90573556], [-47.37486266, -23.90565379], [-47.37495808, -23.90559455], [-47.37517875, -23.90550256], [-47.37539132, -23.90542609], [-47.37555147, -23.90531607], [-47.37588944, -23.90521456], [-47.37608166, -23.90517307], [-47.37644166, -23.90512899], [-47.37652547, -23.90512385], [-47.37690841, -23.90518725], [-47.37697978, -23.90519], [-47.37706338, -23.9051733], [-47.37712979, -23.90513376], [-47.37721205, -23.9050439], [-47.3772811, -23.90491959], [-47.37738599, -23.90469073], [-47.37740855, -23.90454788], [-47.37740678, -23.90445162], [-47.37738867, -23.90437873], [-47.37731631, -23.90432207], [-47.37715581, -23.90426293], [-47.37686884, -23.90421455], [-47.37653225, -23.90416198], [-47.37598846, -23.90402018], [-47.3757821, -23.90397715], [-47.37557183, -23.90394959], [-47.375479, -23.90392021], [-47.3752509, -23.90383516], [-47.37495995, -23.90375492], [-47.37475708, -23.90367332], [-47.37465963, -23.90362091], [-47.37459965, -23.90355251], [-47.37449301, -23.90331972], [-47.37435366, -23.90304072], [-47.37430932, -23.90291045], [-47.37424135, -23.9026342], [-47.37420826, -23.90243059], [-47.3741806, -23.90208083], [-47.37417296, -23.90189223], [-47.3741779, -23.90170344], [-47.37416187, -23.90151496], [-47.37410472, -23.90114226], [-47.37410786, -23.90108444], [-47.37417073, -23.90082575], [-47.37421405, -23.90067103], [-47.37429854, -23.9004733], [-47.37442014, -23.90024034], [-47.37462407, -23.89992137], [-47.37484596, -23.89961412], [-47.37499685, -23.89937686], [-47.37511196, -23.89924798], [-47.37523175, -23.89914599], [-47.37534337, -23.89905568], [-47.37537523, -23.89896276], [-47.37543219, -23.89886559], [-47.37552478, -23.89865233], [-47.37556546, -23.89853676], [-47.37557495, -23.89836715], [-47.37557436, -23.89810527], [-47.37555596, -23.89801697], [-47.37553401, -23.89796339], [-47.37550409, -23.89793304], [-47.37546039, -23.89783743], [-47.37542423, -23.89769548], [-47.37538744, -23.89751888], [-47.37536732, -23.89736957], [-47.37536081, -23.89724257], [-47.37537568, -23.89713835], [-47.37541012, -23.8969568], [-47.37541199, -23.89682968], [-47.37539388, -23.89675678], [-47.37535948, -23.8967111], [-47.37529992, -23.8966658], [-47.37520276, -23.89662879], [-47.37513083, -23.89659523], [-47.37506899, -23.8965127], [-47.37500361, -23.89637891], [-47.37495216, -23.89631808], [-47.37466885, -23.89619536], [-47.37453267, -23.89608962], [-47.37444739, -23.89601391], [-47.37431625, -23.89595431], [-47.37401945, -23.89578173], [-47.37373166, -23.89564367], [-47.37365568, -23.89561788], [-47.37346213, -23.8955862], [-47.37325326, -23.89551744], [-47.37297513, -23.89544855], [-47.37282295, -23.89538543], [-47.37275032, -23.89531337], [-47.37261998, -23.8948378], [-47.37255625, -23.89459303], [-47.37252869, -23.89446251], [-47.37249296, -23.89434366], [-47.37239775, -23.89418337], [-47.37225752, -23.8940854], [-47.37214253, -23.89399088], [-47.37205285, -23.89390369], [-47.37196281, -23.89379723], [-47.37183873, -23.89366435], [-47.37173051, -23.89353599], [-47.3716274, -23.89340278], [-47.37114681, -23.89281322], [-47.37087629, -23.89246379], [-47.37080303, -23.89235708], [-47.370739, -23.89229644], [-47.3706073, -23.89220604], [-47.37052188, -23.89212262], [-47.37049567, -23.89206525], [-47.37049867, -23.89199973], [-47.37051425, -23.89193402], [-47.37057163, -23.89185996], [-47.37065452, -23.89180476], [-47.37082926, -23.89172503], [-47.37100553, -23.89173002], [-47.3712327, -23.89176503], [-47.3718269, -23.89191378], [-47.37195719, -23.89192717], [-47.37204106, -23.89192588], [-47.37208265, -23.89190598], [-47.37214898, -23.89186259], [-47.37223955, -23.89176876], [-47.37233908, -23.8917056], [-47.37240086, -23.89164302], [-47.37241665, -23.89158886], [-47.37239498, -23.89155068], [-47.37220828, -23.89143417], [-47.37208187, -23.89136752], [-47.3719255, -23.89130445], [-47.3716724, -23.89122748], [-47.37161725, -23.89119366], [-47.37159537, -23.89114393], [-47.37159425, -23.89108233], [-47.37160849, -23.89094345], [-47.37165559, -23.89076556], [-47.37173295, -23.89063727], [-47.37185944, -23.89044275], [-47.37194128, -23.89032979], [-47.37202376, -23.8902252], [-47.37215061, -23.89004993], [-47.37221937, -23.88991022], [-47.37225906, -23.88978636], [-47.37226618, -23.88971692], [-47.37226407, -23.88960141], [-47.37223324, -23.88952101], [-47.37217228, -23.8893987], [-47.37207316, -23.88925388], [-47.37201601, -23.88915509], [-47.37189535, -23.88897978], [-47.37170955, -23.88868224], [-47.37156708, -23.88846105], [-47.37151934, -23.8883732], [-47.37140323, -23.88821708], [-47.37133032, -23.88812963], [-47.37115061, -23.88793597], [-47.3709306, -23.8877356], [-47.37072572, -23.88754233], [-47.3704866, -23.88731108], [-47.37031227, -23.88718281], [-47.3702363, -23.88715703], [-47.37013124, -23.88714709], [-47.36990151, -23.8872007], [-47.36971371, -23.88725366], [-47.36953317, -23.88724489], [-47.36934404, -23.88722469], [-47.36913729, -23.88715855], [-47.36894973, -23.88707804], [-47.36886082, -23.88703319], [-47.368784, -23.8869612], [-47.36870641, -23.88684685], [-47.36865811, -23.8867282], [-47.36861315, -23.88656328], [-47.36860616, -23.88640933], [-47.36858273, -23.88627489], [-47.36854743, -23.88617914], [-47.36849116, -23.88608372], [-47.36840525, -23.88597335], [-47.36829159, -23.88587593], [-47.36802885, -23.88572977], [-47.36775004, -23.88562237], [-47.36750094, -23.88553377], [-47.36736975, -23.88547031], [-47.36725134, -23.88541821], [-47.36713336, -23.88538922], [-47.36693585, -23.88536915], [-47.36628193, -23.88539462], [-47.36618541, -23.88539225], [-47.36596231, -23.88534947], [-47.36565577, -23.88524762], [-47.36531861, -23.88516037], [-47.36516253, -23.8851127], [-47.36505182, -23.88502197], [-47.36467627, -23.88466956], [-47.36421979, -23.88424907], [-47.36390762, -23.88400771], [-47.36370374, -23.88386833], [-47.36357199, -23.88377407], [-47.36335867, -23.88357707], [-47.36302102, -23.88323178], [-47.36282485, -23.88301227], [-47.36267828, -23.88279499], [-47.36255807, -23.88264277], [-47.36244715, -23.88254049], [-47.3623623, -23.88248787], [-47.36225725, -23.88247793], [-47.36209412, -23.88250354], [-47.36186062, -23.88258031], [-47.36176018, -23.8825934], [-47.36169316, -23.88259828], [-47.36143644, -23.88255216], [-47.36110809, -23.88248787], [-47.36094874, -23.88249032], [-47.36083587, -23.88251131], [-47.36062374, -23.88261085], [-47.36056105, -23.88262337], [-47.36050761, -23.88261532], [-47.36044856, -23.88259697], [-47.36037643, -23.88255186], [-47.36032478, -23.88247947], [-47.3601945, -23.88223498], [-47.36008694, -23.88208642], [-47.35993367, -23.88196168], [-47.35979801, -23.88188288], [-47.35963719, -23.88180446], [-47.35942626, -23.88173837], [-47.35932534, -23.88172451], [-47.35927949, -23.88174062], [-47.35924685, -23.88179119], [-47.35921672, -23.88198038], [-47.35921973, -23.88214594], [-47.35921413, -23.88230009], [-47.35919484, -23.88239282], [-47.35914969, -23.88244743], [-47.35909154, -23.88247914], [-47.35903716, -23.88248767], [-47.35896573, -23.88248107], [-47.3589273, -23.88244314], [-47.35889599, -23.88233578], [-47.35883847, -23.88217105], [-47.35873266, -23.88188766], [-47.35871272, -23.88175417], [-47.35870105, -23.88157333], [-47.35869903, -23.88146167], [-47.3587014, -23.88136149], [-47.35874858, -23.88118745], [-47.35873894, -23.88111828], [-47.35873049, -23.88088347], [-47.3587573, -23.88027892], [-47.35880043, -23.88011265], [-47.35880323, -23.88003557], [-47.35883615, -23.87976932], [-47.35883671, -23.87956903], [-47.35882516, -23.87946962], [-47.35875402, -23.87924732], [-47.35870188, -23.87914798], [-47.3586243, -23.87903363], [-47.35848271, -23.87885863], [-47.35835426, -23.87871425], [-47.35827675, -23.87860374], [-47.35817884, -23.87852436], [-47.35808141, -23.87847193], [-47.35799734, -23.87846167], [-47.35784631, -23.87846013], [-47.35770827, -23.8784815], [-47.35760386, -23.87850621], [-47.35734876, -23.87854864], [-47.35720276, -23.87859324], [-47.35704949, -23.87869958], [-47.35689956, -23.87899074], [-47.35677077, -23.87938834], [-47.35672359, -23.87956238], [-47.35666214, -23.88010638], [-47.35661755, -23.88019179], [-47.35655555, -23.88024281], [-47.35642632, -23.88028716], [-47.35632589, -23.88030025], [-47.35615815, -23.88030282], [-47.3560782, -23.88028864], [-47.35595151, -23.88024387], [-47.35590021, -23.88019074], [-47.35588512, -23.88005231], [-47.35590365, -23.87991723], [-47.35594342, -23.87979722], [-47.35603359, -23.8796803], [-47.35607797, -23.87958333], [-47.35610146, -23.87949054], [-47.35614514, -23.87935507], [-47.356265, -23.87902237], [-47.35629226, -23.87890641], [-47.35637628, -23.87868174], [-47.35641864, -23.87847311], [-47.35643584, -23.87826486], [-47.35642141, -23.87795383], [-47.35640806, -23.87791167], [-47.35628688, -23.87770555], [-47.35620966, -23.87761044], [-47.35594933, -23.87736408], [-47.35579488, -23.87717387], [-47.35573876, -23.87708615], [-47.3556944, -23.8769955], [-47.35567169, -23.87689956], [-47.35564927, -23.87658793], [-47.35563418, -23.87644951], [-47.35561609, -23.87637661], [-47.35555158, -23.87628901], [-47.3554239, -23.87618698], [-47.35510571, -23.87598772], [-47.35485434, -23.87582634], [-47.35448638, -23.87565866], [-47.35439721, -23.8755984], [-47.35437094, -23.87553718], [-47.3543738, -23.87546396], [-47.35438939, -23.87539824], [-47.35449759, -23.87511928], [-47.35450829, -23.87501513], [-47.35449027, -23.87494608], [-47.35444282, -23.87487362], [-47.35437021, -23.87480156], [-47.35420686, -23.87472765], [-47.35406255, -23.87463357], [-47.35395143, -23.87451973], [-47.35389559, -23.8744474], [-47.3537552, -23.87433786], [-47.35366651, -23.87430455], [-47.35361591, -23.87428992], [-47.35351129, -23.87430308], [-47.35304135, -23.87452595], [-47.35291247, -23.87458954], [-47.35279967, -23.87461437], [-47.35272392, -23.87460013], [-47.35269422, -23.87458132], [-47.35266354, -23.87450861], [-47.35263203, -23.8743897], [-47.35263497, -23.87432033], [-47.35266357, -23.87404644], [-47.35265659, -23.87389248], [-47.35264619, -23.87378095], [-47.35260458, -23.87362031], [-47.35256461, -23.87349768], [-47.3524651, -23.87332973], [-47.35224924, -23.87299025], [-47.35210984, -23.87270352], [-47.35204639, -23.87254347], [-47.35191236, -23.87232213], [-47.35185653, -23.8722498], [-47.35158406, -23.87202673], [-47.3514313, -23.87192893], [-47.35118999, -23.87180551], [-47.35099627, -23.87176226], [-47.35091226, -23.87175584], [-47.35059393, -23.87177996], [-47.35036819, -23.87182192], [-47.35019745, -23.87189], [-47.3500771, -23.87196117], [-47.3500158, -23.87205069], [-47.35001293, -23.87212391], [-47.3500463, -23.87221833], [-47.35012847, -23.87235572], [-47.35015977, -23.87246309], [-47.35013747, -23.87262134], [-47.35001522, -23.87281963], [-47.34984691, -23.87302248], [-47.34966876, -23.8731446], [-47.34950654, -23.87322025], [-47.34934342, -23.87324585], [-47.34917129, -23.87323693], [-47.34890732, -23.87319485], [-47.3488447, -23.87321121], [-47.34861308, -23.87339192], [-47.348513, -23.87342426], [-47.34835798, -23.87343433], [-47.34819012, -23.87342919], [-47.34806803, -23.87340409], [-47.3479451, -23.87333279], [-47.34773539, -23.87310104], [-47.34768864, -23.87306709], [-47.34759611, -23.8730531], [-47.34743258, -23.8730556], [-47.347303, -23.87308068], [-47.34723605, -23.87308941], [-47.34718525, -23.87306322], [-47.34716764, -23.87301727], [-47.34712175, -23.87279844], [-47.34708459, -23.87259872], [-47.34693676, -23.87211656], [-47.34685061, -23.87199078], [-47.34683574, -23.8718639], [-47.34681227, -23.87172561], [-47.34677314, -23.87164917], [-47.34671374, -23.87161156], [-47.3465361, -23.87152954], [-47.34648089, -23.87149187], [-47.34644678, -23.87145472], [-47.34643316, -23.87139716], [-47.34645294, -23.87133138], [-47.34650236, -23.87128056], [-47.34660195, -23.87122127], [-47.34683119, -23.87114074], [-47.3469514, -23.87106188], [-47.3470092, -23.87101093], [-47.34707428, -23.87089824], [-47.34717158, -23.87071188], [-47.34724959, -23.87061826], [-47.34732821, -23.87055929], [-47.34746108, -23.87048408], [-47.34753509, -23.87040207], [-47.34762103, -23.87023935], [-47.3476817, -23.87011518], [-47.34782974, -23.86995116], [-47.34788272, -23.86986562], [-47.34792655, -23.86973785], [-47.3479342, -23.86946427], [-47.34791884, -23.86931045], [-47.34789174, -23.86920302], [-47.34778696, -23.8690829], [-47.34768536, -23.86903053], [-47.34757578, -23.86900139], [-47.34749604, -23.86899876], [-47.34739638, -23.8690542], [-47.34703325, -23.86915217], [-47.34673567, -23.86916441], [-47.34646305, -23.86916472], [-47.34630316, -23.86913634], [-47.34610937, -23.86908923], [-47.34604991, -23.86904777], [-47.34599387, -23.86896389], [-47.3459887, -23.86891005], [-47.34599563, -23.86882906], [-47.34615673, -23.8686918], [-47.34625598, -23.86861326], [-47.34636252, -23.86845092], [-47.3464854, -23.86828729], [-47.34660948, -23.86795802], [-47.34665695, -23.86779938], [-47.34669995, -23.86762541], [-47.34676302, -23.86740576], [-47.34677716, -23.86725919], [-47.34676305, -23.86717467], [-47.34672812, -23.86709817], [-47.34666383, -23.86702212], [-47.34654407, -23.866893], [-47.34650012, -23.86678197], [-47.34651159, -23.86672017], [-47.34658623, -23.86667282], [-47.34670748, -23.86665171], [-47.34692601, -23.86667534], [-47.34701406, -23.866674], [-47.34723052, -23.86665527], [-47.34744436, -23.866652], [-47.34768673, -23.86660209], [-47.34788744, -23.86656822], [-47.34803007, -23.86656989], [-47.34854238, -23.86660444], [-47.3488737, -23.86660324], [-47.34907399, -23.86654626], [-47.34927792, -23.86645841], [-47.34953643, -23.86637358], [-47.34973221, -23.86623627], [-47.34979805, -23.86616594], [-47.34982216, -23.8661078], [-47.34984524, -23.8659919], [-47.34984679, -23.86584552], [-47.34990278, -23.86569446], [-47.34998548, -23.86539663], [-47.35005866, -23.86526841], [-47.3501522, -23.86512906], [-47.35017233, -23.86508253], [-47.35016682, -23.86500944], [-47.35013195, -23.86493679], [-47.35005488, -23.86484938], [-47.34995705, -23.86477385], [-47.34942793, -23.86450462], [-47.3492373, -23.86439969], [-47.34918615, -23.86435425], [-47.34916414, -23.86429681], [-47.34917107, -23.86421583], [-47.34921573, -23.86413426], [-47.34930233, -23.86405206], [-47.34944018, -23.86396568], [-47.34949832, -23.86393398], [-47.34961538, -23.86391294], [-47.3496817, -23.86386956], [-47.34970114, -23.86378453], [-47.34973896, -23.86355671], [-47.3497338, -23.86350287], [-47.34961334, -23.86333524], [-47.34958114, -23.86317782], [-47.34956325, -23.86311647], [-47.34947801, -23.86304074], [-47.34944335, -23.86297965], [-47.34942363, -23.86289988], [-47.34937248, -23.86285445], [-47.34932588, -23.8628282], [-47.34902797, -23.86282119], [-47.3489228, -23.86280354], [-47.34885523, -23.86277761], [-47.34883357, -23.86273942], [-47.34884098, -23.86268539], [-47.34891787, -23.86253016], [-47.34892906, -23.86245295], [-47.34891571, -23.86241079], [-47.34887295, -23.86236523], [-47.3487717, -23.86233211], [-47.34864577, -23.86232633], [-47.34849951, -23.86235552], [-47.34839978, -23.86240711], [-47.34831298, -23.86247776], [-47.34823359, -23.86249438], [-47.34811976, -23.86246145], [-47.34801369, -23.86239374], [-47.347945, -23.86230621], [-47.34788827, -23.86218382], [-47.34781457, -23.86205015], [-47.3477492, -23.86196371], [-47.3477228, -23.86189478], [-47.3476941, -23.86169879], [-47.34761488, -23.86149202], [-47.3475098, -23.86124713], [-47.34744497, -23.86114028], [-47.34733352, -23.86100717], [-47.34718888, -23.86089383], [-47.347063, -23.86083076], [-47.34698725, -23.86081651], [-47.34667196, -23.8607751], [-47.34658768, -23.86075327], [-47.34635004, -23.86059898], [-47.3460906, -23.86039881], [-47.34582409, -23.86027192], [-47.34570936, -23.86018893], [-47.3456492, -23.86010897], [-47.34562574, -23.85997067], [-47.34560765, -23.85989777], [-47.34547105, -23.85976505], [-47.34536649, -23.85969102], [-47.34530339, -23.85968042], [-47.34525315, -23.85968504], [-47.34520717, -23.85969344], [-47.34491554, -23.85980188], [-47.3447943, -23.85982298], [-47.34468123, -23.85983241], [-47.34451778, -23.85983875], [-47.3444588, -23.85982424], [-47.34442065, -23.85980171], [-47.34441143, -23.85975564], [-47.3444315, -23.85970526], [-47.34446393, -23.85964314], [-47.34447973, -23.85958898], [-47.34447464, -23.85953899], [-47.34443593, -23.85948566], [-47.34438506, -23.85945562], [-47.34431784, -23.85944894], [-47.34420546, -23.85949687], [-47.34409427, -23.85961026], [-47.34398699, -23.85970818], [-47.34390823, -23.85975945], [-47.34376602, -23.85978087], [-47.34367852, -23.85981301], [-47.34359983, -23.85986813], [-47.34354965, -23.8598766], [-47.3435113, -23.85984252], [-47.34348978, -23.85981204], [-47.34348447, -23.85975049], [-47.34355312, -23.85960309], [-47.34355208, -23.85954533], [-47.34353462, -23.85950708], [-47.3434291, -23.85947018], [-47.34338256, -23.85944777], [-47.34336489, -23.85939797], [-47.34336344, -23.85931711], [-47.34337889, -23.8592437], [-47.34336115, -23.85919005], [-47.3432896, -23.85917573], [-47.34312188, -23.85917829], [-47.34301938, -23.85916955], [-47.34290953, -23.85912501], [-47.34284553, -23.85906436], [-47.34274296, -23.85895808], [-47.34259916, -23.85889094], [-47.34251482, -23.85886526], [-47.34249289, -23.85881167], [-47.34249597, -23.85875], [-47.34250682, -23.85865355], [-47.34249746, -23.85859977], [-47.34242892, -23.85851993], [-47.34232258, -23.85843682], [-47.34229219, -23.85837951], [-47.34228291, -23.85832958], [-47.34230668, -23.85825218], [-47.34235547, -23.85816671], [-47.34236839, -23.85808244], [-47.34235938, -23.85804791], [-47.34232522, -23.85801377], [-47.34224094, -23.85799194], [-47.34197652, -23.85798056], [-47.34178736, -23.85795648], [-47.34172804, -23.85792271], [-47.34171044, -23.85787676], [-47.34168782, -23.85778467], [-47.34167694, -23.85764618], [-47.34165362, -23.85751559], [-47.34161401, -23.8574122], [-47.34156294, -23.85737061], [-47.34147908, -23.85737188], [-47.34142087, -23.85739973], [-47.34126466, -23.85757542], [-47.34119435, -23.85763041], [-47.34113614, -23.85765826], [-47.34107297, -23.85764381], [-47.34103867, -23.85760197], [-47.34099934, -23.85751398], [-47.34098853, -23.85737934], [-47.34098625, -23.85725228], [-47.34098039, -23.85715993], [-47.34095392, -23.85708715], [-47.34091996, -23.85706456], [-47.34085302, -23.85707328], [-47.34080354, -23.85712025], [-47.34076293, -23.85719405], [-47.34069702, -23.85726053], [-47.34059688, -23.85728901], [-47.34047941, -23.85728695], [-47.340395, -23.85725742], [-47.34033135, -23.85721602], [-47.340322, -23.85716224], [-47.34032556, -23.85712752], [-47.34037498, -23.8570767], [-47.34045436, -23.85706009], [-47.34049572, -23.85703336], [-47.34049468, -23.8569756], [-47.3404768, -23.85691425], [-47.34040903, -23.85687676], [-47.34035383, -23.85683909], [-47.34035272, -23.85677748], [-47.34037712, -23.85673474], [-47.34051444, -23.85667488], [-47.34089363, -23.85653816], [-47.34097665, -23.85649068], [-47.34101781, -23.85644769], [-47.34102887, -23.85636279], [-47.34102343, -23.85629354], [-47.34100548, -23.85622834], [-47.34093282, -23.85615242], [-47.34085205, -23.85609202], [-47.34077198, -23.85607013], [-47.34070483, -23.8560673], [-47.34063396, -23.85609149], [-47.34054744, -23.85617753], [-47.34047006, -23.85630581], [-47.34042903, -23.8563565], [-47.34037879, -23.85636112], [-47.34035308, -23.8563307], [-47.34036455, -23.8562689], [-47.34041307, -23.85616802], [-47.34044921, -23.85607889], [-47.34044006, -23.85603666], [-47.34038493, -23.85600283], [-47.34008165, -23.85588711], [-47.33996797, -23.85586188], [-47.33987999, -23.85586707], [-47.33975964, -23.85593822], [-47.33964138, -23.85612489], [-47.33958337, -23.85616429], [-47.33942068, -23.85621298], [-47.3392659, -23.85623459], [-47.33907518, -23.85635689], [-47.33896246, -23.85638556], [-47.33891586, -23.85635931], [-47.33891069, -23.85630546], [-47.33892643, -23.85624745], [-47.33902175, -23.85618438], [-47.33911268, -23.85610982], [-47.33912848, -23.85605566], [-47.33912758, -23.8560056], [-47.33904304, -23.85596837], [-47.33887484, -23.85594396], [-47.33874934, -23.85596128], [-47.33865388, -23.85601665], [-47.33850955, -23.85615364], [-47.33837628, -23.85620574], [-47.33828418, -23.85621484], [-47.33818328, -23.85620097], [-47.33806814, -23.85609487], [-47.33799624, -23.8560613], [-47.3378785, -23.85604383], [-47.33774007, -23.85604208], [-47.33761904, -23.85607473], [-47.33754838, -23.85611047], [-47.33751065, -23.85611104], [-47.33748068, -23.85607683], [-47.33744087, -23.85596189], [-47.33740767, -23.85591377], [-47.33731866, -23.8558612], [-47.33724676, -23.85582762], [-47.33699842, -23.85577747], [-47.33695566, -23.8557319], [-47.33691662, -23.85565932], [-47.33689805, -23.85555946], [-47.33684608, -23.85546781], [-47.33667478, -23.85527013], [-47.33664893, -23.85523201], [-47.3365857, -23.85521371], [-47.33653545, -23.85521833], [-47.33650253, -23.85525349], [-47.33650329, -23.85529585], [-47.33651698, -23.85535726], [-47.33648908, -23.85543857], [-47.33643939, -23.85547399], [-47.33631374, -23.85548359], [-47.33621711, -23.85547351], [-47.33598561, -23.85542695], [-47.33597248, -23.85539634], [-47.33598457, -23.85536919], [-47.33604684, -23.85533358], [-47.33610457, -23.85527879], [-47.33614505, -23.85519729], [-47.33618237, -23.85517362], [-47.33624533, -23.85517651], [-47.33631626, -23.85515618], [-47.33635302, -23.8551017], [-47.33631596, -23.85490583], [-47.33629348, -23.85482144], [-47.33621718, -23.85477638], [-47.33600301, -23.85476037], [-47.33594885, -23.85478045], [-47.33592913, -23.85485008], [-47.3359468, -23.85489988], [-47.33597739, -23.85496874], [-47.33598255, -23.85502259], [-47.33594111, -23.85505018], [-47.33581127, -23.85505985], [-47.33568556, -23.85506561], [-47.33558617, -23.8550845], [-47.33555249, -23.85507731], [-47.33553908, -23.85503129], [-47.33555413, -23.85493477], [-47.33556106, -23.85485379], [-47.33552683, -23.85481579], [-47.33543019, -23.8548057], [-47.33516096, -23.85475972], [-47.33510226, -23.85476061], [-47.33501512, -23.854812], [-47.33491299, -23.85496376], [-47.33484372, -23.8550765], [-47.33477341, -23.85513149], [-47.33468571, -23.85515208], [-47.33459752, -23.85514571], [-47.33454246, -23.85511573], [-47.33445682, -23.85501689], [-47.33433763, -23.85491856], [-47.3342693, -23.85485027], [-47.33415684, -23.8546594], [-47.33407511, -23.85454509], [-47.33400321, -23.85451152], [-47.33389826, -23.8545054], [-47.33366457, -23.85457057], [-47.33352333, -23.85464589], [-47.33346044, -23.85464684], [-47.33337597, -23.85461346], [-47.33329066, -23.85453387], [-47.33318391, -23.85434796], [-47.33302354, -23.85405767], [-47.33295769, -23.85389306], [-47.33292744, -23.85384344], [-47.33286819, -23.85381353], [-47.33273781, -23.8537924], [-47.33246892, -23.85376566], [-47.33228795, -23.85372988], [-47.33211502, -23.85367473], [-47.33187184, -23.85367841], [-47.33166509, -23.85360837], [-47.33145804, -23.85344678], [-47.33132607, -23.85333708], [-47.33113513, -23.85321287], [-47.33107952, -23.85315209], [-47.33108261, -23.85309042], [-47.33112687, -23.85298576], [-47.3311668, -23.85287346], [-47.33118081, -23.85271918], [-47.33117978, -23.85266143], [-47.33113311, -23.85263132], [-47.33107853, -23.8526283], [-47.33100369, -23.85266409], [-47.33092018, -23.85268461], [-47.33083605, -23.85267048], [-47.33076911, -23.8526792], [-47.33072374, -23.85272225], [-47.33070395, -23.85278803], [-47.33068568, -23.85293851], [-47.3306654, -23.85297734], [-47.33062856, -23.85302796], [-47.33053653, -23.85304091], [-47.33048601, -23.85303012], [-47.33039274, -23.85297376], [-47.33033769, -23.85294378], [-47.3301361, -23.85292758], [-47.33009389, -23.85291281], [-47.33008867, -23.85285511], [-47.3300998, -23.85277406], [-47.33010303, -23.85272009], [-47.33006405, -23.85265135], [-47.33000845, -23.85259057], [-47.32989476, -23.85256533], [-47.32978589, -23.85257468], [-47.32969098, -23.85266085], [-47.32956177, -23.85270517], [-47.32943695, -23.85276098], [-47.32929949, -23.85281313], [-47.32919859, -23.85279925], [-47.32916862, -23.85276504], [-47.32916786, -23.85272269], [-47.32919597, -23.85265294], [-47.32943396, -23.85236174], [-47.32959877, -23.85219748], [-47.32988399, -23.85196593], [-47.32997863, -23.85186436], [-47.33002846, -23.85183664], [-47.33011651, -23.85183531], [-47.33017129, -23.85184989], [-47.33022703, -23.85191837], [-47.3302713, -23.85204865], [-47.33030532, -23.8520751], [-47.33036828, -23.852078], [-47.33041838, -23.85206568], [-47.33048883, -23.8520184], [-47.33062127, -23.85192011], [-47.33079124, -23.85180969], [-47.33096031, -23.85164922], [-47.33105588, -23.85154465], [-47.33112158, -23.85146662], [-47.3311789, -23.85138873], [-47.33118975, -23.85129227], [-47.33117992, -23.85121154], [-47.33113703, -23.85115827], [-47.33099242, -23.85104491], [-47.33089049, -23.85097327], [-47.3307737, -23.85077476], [-47.33071953, -23.8505599], [-47.33069545, -23.85038366], [-47.33069689, -23.85022958], [-47.33067757, -23.85008736], [-47.3306111, -23.84988809], [-47.33043926, -23.84942465], [-47.3302429, -23.84925888], [-47.33019135, -23.84919034], [-47.33015637, -23.84910998], [-47.33014207, -23.84901391], [-47.33018522, -23.84884764], [-47.33017594, -23.84879771], [-47.33011614, -23.84873699], [-47.33009394, -23.848668], [-47.33010123, -23.84860627], [-47.33017696, -23.84838558], [-47.3301841, -23.84831615], [-47.33014066, -23.84823207], [-47.33002925, -23.8481726], [-47.32981398, -23.84809497], [-47.3296869, -23.84802372], [-47.32949267, -23.84794963], [-47.32928215, -23.84790274], [-47.3290174, -23.84787208], [-47.32886214, -23.84786673], [-47.32878207, -23.84784483], [-47.32872682, -23.8478033], [-47.32863712, -23.84771221], [-47.32852481, -23.84752904], [-47.32840934, -23.84716874], [-47.32839251, -23.84703477], [-47.32836494, -23.84690038], [-47.32828088, -23.84665516], [-47.32807283, -23.846277], [-47.32800266, -23.84610474], [-47.32798107, -23.84584354], [-47.32799467, -23.84566616], [-47.32799192, -23.84551214], [-47.32801927, -23.84540004], [-47.32804305, -23.84532265], [-47.32814951, -23.84517853], [-47.32827548, -23.84495323], [-47.32836957, -23.84482086], [-47.32849431, -23.84473096], [-47.32853555, -23.84469182], [-47.32857616, -23.84461803], [-47.32857472, -23.84453717], [-47.32854448, -23.84448755], [-47.32845534, -23.84442728], [-47.32828661, -23.84437205], [-47.328093, -23.84433261], [-47.32796201, -23.84427682], [-47.32791067, -23.84421982], [-47.32783266, -23.84407849], [-47.32770537, -23.84376074], [-47.32764042, -23.84364618], [-47.32753511, -23.8435561], [-47.3274802, -23.84353382], [-47.32721505, -23.84348006], [-47.32701278, -23.84342534], [-47.32693711, -23.84341493], [-47.32674021, -23.8434256], [-47.32650551, -23.843433], [-47.32646352, -23.84342978], [-47.32626916, -23.84334799], [-47.32595459, -23.84311009], [-47.32584051, -23.84306174], [-47.32563522, -23.84307255], [-47.3255135, -23.84306668], [-47.32547131, -23.84305191], [-47.32547007, -23.8429826], [-47.3254856, -23.84291304], [-47.32553357, -23.84278136], [-47.32551083, -23.84268157], [-47.32542415, -23.84259114], [-47.32530422, -23.84245044], [-47.32527742, -23.84235841], [-47.32526299, -23.84225464], [-47.32518595, -23.84216722], [-47.32512272, -23.84214891], [-47.32503062, -23.842158], [-47.32487633, -23.84220655], [-47.32483022, -23.84220725], [-47.32480046, -23.84218459], [-47.3247861, -23.84208467], [-47.32477276, -23.8420425], [-47.32470906, -23.84199724], [-47.32466253, -23.84197484], [-47.32459105, -23.84196436], [-47.32456088, -23.8419186], [-47.32456006, -23.84187239], [-47.32462837, -23.84170574], [-47.32463944, -23.84162084], [-47.32460707, -23.84156054], [-47.32441924, -23.84137465], [-47.3243556, -23.84133324], [-47.32424599, -23.84130023], [-47.32422042, -23.84127751], [-47.32421939, -23.84121975], [-47.32424661, -23.84109994], [-47.32424132, -23.8410384], [-47.32420283, -23.84099661], [-47.32410531, -23.84093646], [-47.32406243, -23.84088319], [-47.32404449, -23.84081798], [-47.32405562, -23.84073693], [-47.32405885, -23.84068296], [-47.32402449, -23.84063726], [-47.32390567, -23.84055817], [-47.32377324, -23.84042151], [-47.32370121, -23.84038023], [-47.32362149, -23.84037758], [-47.32358837, -23.84040119], [-47.32359359, -23.84045888], [-47.3236164, -23.84056253], [-47.32360479, -23.84061663], [-47.32349049, -23.84079167], [-47.32345186, -23.84097713], [-47.32346009, -23.84126452], [-47.32347404, -23.84134134], [-47.32352207, -23.84144846], [-47.32357362, -23.84151701], [-47.32374845, -23.84167999], [-47.32379127, -23.84172942], [-47.32378797, -23.84177953], [-47.32375972, -23.84184159], [-47.32355237, -23.84197182], [-47.32337038, -23.84211322], [-47.32307877, -23.84222161], [-47.32290022, -23.84232059], [-47.32278288, -23.84241811], [-47.3224404, -23.8427314], [-47.32231697, -23.84286422], [-47.32219511, -23.84308559], [-47.32210514, -23.84321405], [-47.32204693, -23.84324189], [-47.32197566, -23.84324296], [-47.32189126, -23.84321342], [-47.32174749, -23.84314626], [-47.32167587, -23.84312808], [-47.32159182, -23.8431178], [-47.3214123, -23.84316287], [-47.3213244, -23.8431719], [-47.32127355, -23.84314185], [-47.32114015, -23.84295128], [-47.32105965, -23.84287491], [-47.32073856, -23.84274109], [-47.32057843, -23.84269728], [-47.32049018, -23.84268706], [-47.32041493, -23.84269975], [-47.32037795, -23.84274267], [-47.32036695, -23.84283142], [-47.32036825, -23.84290458], [-47.32034358, -23.84293192], [-47.32030578, -23.84292863], [-47.32024599, -23.84286791], [-47.3201697, -23.84282284], [-47.32012318, -23.84280043], [-47.3200185, -23.84280971], [-47.31993101, -23.84284184], [-47.31973389, -23.8430759], [-47.31966269, -23.84308083], [-47.31960805, -23.84307395], [-47.31955259, -23.84302086], [-47.31949727, -23.84297548], [-47.31939638, -23.84296159], [-47.31925831, -23.84297907], [-47.31911577, -23.84298122], [-47.31902766, -23.8429787], [-47.31892636, -23.84294171], [-47.31887097, -23.84289247], [-47.31883613, -23.84281981], [-47.31879002, -23.84258556], [-47.31875154, -23.84254378], [-47.31866233, -23.84247964], [-47.3185867, -23.8423938], [-47.31849267, -23.8422779], [-47.31836315, -23.84217662], [-47.31784345, -23.84196859], [-47.31758079, -23.84185054], [-47.31750829, -23.84179533], [-47.31721257, -23.84154169], [-47.31715053, -23.84150039], [-47.31684157, -23.84136427], [-47.31668693, -23.84128683], [-47.31636359, -23.84099446], [-47.31604833, -23.84075551], [-47.3158818, -23.84067306], [-47.31564927, -23.84059161], [-47.31545007, -23.84052786], [-47.31530345, -23.84045118], [-47.31526202, -23.84034865], [-47.31532436, -23.84014141], [-47.31538357, -23.83975825], [-47.31534712, -23.83956463], [-47.31524607, -23.83945086], [-47.31513278, -23.83939188], [-47.31500077, -23.83939387], [-47.31483662, -23.83944488], [-47.31472516, -23.83948903], [-47.3145411, -23.83953427], [-47.31439556, -23.83951825], [-47.3142496, -23.83947797], [-47.31419859, -23.83944722], [-47.31400796, -23.83934854], [-47.31385725, -23.83932003], [-47.31370577, -23.83934051], [-47.31351586, -23.83942831], [-47.31337226, -23.83952149], [-47.31326697, -23.83954127], [-47.31304396, -23.83942749], [-47.31275237, -23.83940355], [-47.31255363, -23.83941262], [-47.31248789, -23.83944408], [-47.31245788, -23.83962123], [-47.31233975, -23.83969003], [-47.31215405, -23.83968673], [-47.31197238, -23.83953712], [-47.31155056, -23.83917674], [-47.31144239, -23.83918333], [-47.31136146, -23.83919948], [-47.31124343, -23.83926096], [-47.31118548, -23.83935139], [-47.31110887, -23.83961129], [-47.31084216, -23.84014274], [-47.3107252, -23.84026392], [-47.31054292, -23.84036617], [-47.31035461, -23.84043368], [-47.31020332, -23.84045088], [-47.31006161, -23.84039827], [-47.30994129, -23.84033041], [-47.30988765, -23.84031959], [-47.30981671, -23.8403273], [-47.30967676, -23.84037418], [-47.30953752, -23.84046086], [-47.30924122, -23.84054492], [-47.30903706, -23.84058508], [-47.30873456, -23.84062444], [-47.30849088, -23.84062312], [-47.30834403, -23.84058551], [-47.30826222, -23.84055191], [-47.30809406, -23.84053452], [-47.30789964, -23.84056232], [-47.30774389, -23.84063431], [-47.30770112, -23.84066481], [-47.30760509, -23.84074586], [-47.30739043, -23.84085357], [-47.30728819, -23.84088994], [-47.30707203, -23.84091308], [-47.30699092, -23.84091927], [-47.30688922, -23.84098548], [-47.30690828, -23.84114442], [-47.30694481, -23.84137277], [-47.30693618, -23.84149729], [-47.30683919, -23.84152363], [-47.30680121, -23.84151922], [-47.30669731, -23.84146106], [-47.30630744, -23.84115342], [-47.30587285, -23.84076683], [-47.30576666, -23.84057933], [-47.30576138, -23.84028086], [-47.30573876, -23.84022646], [-47.30561383, -23.84020345], [-47.30544087, -23.84022097], [-47.30517128, -23.84028471], [-47.30500819, -23.84024735], [-47.30482487, -23.84015765], [-47.3043831, -23.83988662], [-47.30409419, -23.83971741], [-47.30357249, -23.83950211], [-47.30328489, -23.83940725], [-47.30318597, -23.83930462], [-47.30305999, -23.83919743], [-47.30294046, -23.83914963], [-47.30280085, -23.83918643], [-47.30270369, -23.83918292], [-47.30262314, -23.83920396], [-47.30256425, -23.83922963], [-47.30237846, -23.83940097], [-47.30216422, -23.83948846], [-47.30200268, -23.83950575], [-47.30180826, -23.83949378], [-47.30172779, -23.83951977], [-47.30158976, -23.83964578], [-47.30146084, -23.83967745], [-47.30084096, -23.83970655], [-47.29986623, -23.83974026], [-47.29967521, -23.83977244], [-47.29948393, -23.83978997], [-47.29935598, -23.83977721], [-47.29897135, -23.83969494], [-47.29877671, -23.83952184], [-47.29840624, -23.83933668], [-47.29822213, -23.8388554], [-47.29792223, -23.83844235], [-47.29769412, -23.83818173], [-47.2973033, -23.83774753], [-47.29697787, -23.83740036], [-47.29686304, -23.83722606], [-47.29666712, -23.83697963], [-47.29658421, -23.83680485], [-47.29651701, -23.83661517], [-47.29643229, -23.83633775], [-47.29642739, -23.83605913], [-47.29632645, -23.83576728], [-47.29621059, -23.83553433], [-47.29605709, -23.83510216], [-47.29565187, -23.83475618], [-47.29532723, -23.83445299], [-47.29530713, -23.83421861], [-47.29531896, -23.83398375], [-47.2954106, -23.8337477], [-47.29553415, -23.83351117], [-47.29554753, -23.8333643], [-47.29549474, -23.8330864], [-47.29572486, -23.83255493], [-47.29592615, -23.8321999], [-47.29595342, -23.83193548], [-47.29594903, -23.83168619], [-47.29579767, -23.83123113], [-47.29580795, -23.83090829], [-47.2954823, -23.830583], [-47.29530312, -23.83038032], [-47.29517079, -23.83011827], [-47.2951162, -23.82973773], [-47.29485387, -23.8293456], [-47.29485025, -23.82914031], [-47.29269267, -23.8302743], [-47.29240306, -23.8301466], [-47.29190777, -23.83012464], [-47.29171651, -23.83014215], [-47.29152833, -23.83033563], [-47.29129228, -23.83052982], [-47.29049297, -23.83046837], [-47.28998198, -23.83046129], [-47.28978145, -23.8299509], [-47.28967616, -23.82940976], [-47.28966689, -23.82888186], [-47.28950291, -23.82863494], [-47.28907792, -23.82816338], [-47.28873786, -23.82788974], [-47.28812315, -23.8274295], [-47.28765799, -23.8273044], [-47.28746647, -23.82730724], [-47.28700157, -23.8271968], [-47.28534165, -23.8266708], [-47.28454766, -23.82964547], [-47.28394007, -23.83141462], [-47.28296571, -23.83138506], [-47.28300071, -23.83156055], [-47.28281035, -23.83162797], [-47.28266343, -23.83256353], [-47.28233362, -23.83377353], [-47.28139499, -23.83561879], [-47.28119777, -23.83654675], [-47.28123883, -23.83709742], [-47.28125323, -23.83716335], [-47.28055598, -23.83703789], [-47.28011735, -23.83703741], [-47.27978728, -23.83732983], [-47.27956883, -23.83745022], [-47.27921075, -23.8379193], [-47.27888323, -23.83794525], [-47.27829832, -23.83781035], [-47.27788477, -23.83866166], [-47.2780098, -23.8389335], [-47.27762185, -23.84060315], [-47.27780868, -23.84081592], [-47.2778504, -23.84113178], [-47.27736197, -23.84243103], [-47.27743971, -23.84311875], [-47.27819732, -23.84423731], [-47.27819641, -23.84486149], [-47.27839584, -23.84481937], [-47.27900647, -23.84488898], [-47.27952369, -23.84477104], [-47.28003919, -23.84485518], [-47.28022318, -23.8447185], [-47.28077265, -23.84460239], [-47.28110425, -23.84418356], [-47.2812244, -23.84394726], [-47.28158802, -23.84343367], [-47.2819176, -23.84272198], [-47.28198605, -23.84239996], [-47.28744148, -23.8459232], [-47.286705, -23.84639649], [-47.28646983, -23.84669344], [-47.28632093, -23.84739325], [-47.28597893, -23.84754619], [-47.28586118, -23.84776754], [-47.28584287, -23.8478864], [-47.28615502, -23.84829748], [-47.28646927, -23.84874371], [-47.28661059, -23.84905086], [-47.28656236, -23.84936366], [-47.28666062, -23.84954956], [-47.28643357, -23.85003995], [-47.28652781, -23.85045018], [-47.28663372, -23.85068045], [-47.28644445, -23.85113235], [-47.28621187, -23.85142601], [-47.28622496, -23.85166038], [-47.28536366, -23.85256962], [-47.28537093, -23.85298388], [-47.28504412, -23.85365681], [-47.28513343, -23.85394454], [-47.28531079, -23.85415386], [-47.28555683, -23.85461915], [-47.2857641, -23.85477387], [-47.28612251, -23.85514085], [-47.28608246, -23.85527769], [-47.28626294, -23.85560442], [-47.28636812, -23.85596724], [-47.28631478, -23.8564286], [-47.28679047, -23.85656285], [-47.28715623, -23.8569792], [-47.28747355, -23.85719179], [-47.28772686, -23.85728622], [-47.28812073, -23.85750441], [-47.28833167, -23.85772806], [-47.28882721, -23.85796092], [-47.28908108, -23.85836654], [-47.28903909, -23.85856409], [-47.2886358, -23.85903776], [-47.28839299, -23.85951526], [-47.28773503, -23.86060405], [-47.28779528, -23.86140911], [-47.28769641, -23.86151722], [-47.28760289, -23.8620565], [-47.2874819, -23.86234542], [-47.28741877, -23.86261684], [-47.28738452, -23.86291304], [-47.2875463, -23.86320599], [-47.2875298, -23.86348901], [-47.28759956, -23.86376832], [-47.28752607, -23.86401935], [-47.2876469, -23.86440863], [-47.287541, -23.86453755], [-47.28715711, -23.86497247], [-47.28711551, -23.86528125], [-47.28720674, -23.86554062], [-47.28752547, -23.86586699], [-47.28796633, -23.8665173], [-47.28798664, -23.86688149], [-47.28823915, -23.86733858], [-47.28820788, -23.86754145], [-47.2879817, -23.86782714], [-47.28808079, -23.8681942], [-47.2881074, -23.8684297], [-47.2881958, -23.86901257], [-47.28837579, -23.86959256], [-47.28832171, -23.86990455], [-47.28775942, -23.86994921], [-47.28678539, -23.87029191], [-47.28656463, -23.87040416], [-47.28597143, -23.87098773], [-47.28568266, -23.8711469], [-47.28534375, -23.87149217], [-47.28513379, -23.87164817], [-47.28469802, -23.87161263], [-47.28422711, -23.8718422], [-47.28376543, -23.87195544], [-47.28366183, -23.87182975], [-47.2822236, -23.87080412], [-47.28196296, -23.8706433], [-47.2814741, -23.87023743], [-47.28089997, -23.8697882], [-47.28063762, -23.86958818], [-47.28006095, -23.86913294], [-47.2794987, -23.86870326], [-47.27900567, -23.86833617], [-47.2778147, -23.86742652], [-47.27767642, -23.86760965], [-47.27708951, -23.86831958], [-47.27591578, -23.86911892], [-47.27563985, -23.86923898], [-47.27534842, -23.86995597], [-47.27531502, -23.87074519], [-47.27543387, -23.87138767], [-47.27544577, -23.87155294], [-47.27541806, -23.87188957], [-47.27595245, -23.8723519], [-47.27628724, -23.87241423], [-47.2764676, -23.87265402], [-47.2765094, -23.87297851], [-47.27633425, -23.87320843], [-47.27622566, -23.8735328], [-47.27618097, -23.87379589], [-47.27604466, -23.87442255], [-47.27641206, -23.87590504], [-47.27615383, -23.87662607], [-47.27617804, -23.87685426], [-47.27618489, -23.87750459], [-47.27641847, -23.87798055], [-47.27657533, -23.87848616], [-47.27707285, -23.8788535], [-47.27721665, -23.87900765], [-47.27742891, -23.879196], [-47.27762557, -23.87948107], [-47.27799024, -23.87970382], [-47.27829778, -23.88003918], [-47.27851417, -23.88040053], [-47.27890283, -23.88073198], [-47.27912248, -23.88086674], [-47.27944964, -23.88119097], [-47.2799382, -23.88185642], [-47.28013125, -23.88194542], [-47.2803793, -23.88211819], [-47.2806766, -23.88219957], [-47.28121895, -23.88220095], [-47.28148762, -23.88261746], [-47.28140224, -23.88302105], [-47.28164238, -23.88312203], [-47.28183681, -23.88384586], [-47.28186387, -23.88422642], [-47.281977, -23.88478457], [-47.28180313, -23.8852793], [-47.28179011, -23.88606225], [-47.2822661, -23.88663661], [-47.28318038, -23.88711208], [-47.28345778, -23.88732204], [-47.28315602, -23.88825327], [-47.28325315, -23.88854736], [-47.2833272, -23.88932698], [-47.28323284, -23.88972518], [-47.28326207, -23.89005264], [-47.283556, -23.89029949], [-47.28357853, -23.89099421], [-47.28414708, -23.89198187], [-47.28423066, -23.89232541], [-47.28410854, -23.89260228], [-47.28389199, -23.89281649], [-47.28370928, -23.89369509], [-47.28247279, -23.89408999], [-47.28240711, -23.89421076], [-47.2823172, -23.8944373], [-47.28227742, -23.8945481], [-47.28213033, -23.89478508], [-47.28205968, -23.8949203], [-47.28204042, -23.89501162], [-47.28204253, -23.89513139], [-47.28206532, -23.89524126], [-47.28205624, -23.89531806], [-47.28203859, -23.89538892], [-47.28197761, -23.89548086], [-47.28184448, -23.8956218], [-47.28172278, -23.89582007], [-47.28168754, -23.89589247], [-47.28165179, -23.89593612], [-47.2815745, -23.89598998], [-47.28148115, -23.89602011], [-47.28145011, -23.89603495], [-47.28137358, -23.89613192], [-47.28128561, -23.89617156], [-47.28095306, -23.89624357], [-47.28072943, -23.89628043], [-47.2804952, -23.89630787], [-47.28035458, -23.89631954], [-47.28028183, -23.89633499], [-47.28024087, -23.89637872], [-47.28019554, -23.89647044], [-47.28015567, -23.89657645], [-47.28014902, -23.89679217], [-47.2801327, -23.89705117], [-47.28011176, -23.89734377], [-47.28008406, -23.89760651], [-47.28000314, -23.89804855], [-47.27992828, -23.89824133], [-47.27980532, -23.89836774], [-47.27957765, -23.89847174], [-47.27948395, -23.89848271], [-47.27928269, -23.89860549], [-47.27919934, -23.89861152], [-47.27882339, -23.89858834], [-47.27877141, -23.89859869], [-47.27869933, -23.89865247], [-47.27859235, -23.89879781], [-47.27848915, -23.89886163], [-47.27846658, -23.89888862], [-47.27858662, -23.89895825], [-47.27872102, -23.89899407], [-47.2790358, -23.89904613], [-47.27920115, -23.89908622], [-47.27936086, -23.89909803], [-47.27951601, -23.899143], [-47.27967705, -23.89923042], [-47.27976607, -23.89931891], [-47.27989624, -23.89940679], [-47.27998468, -23.8994622], [-47.28021259, -23.89954863], [-47.28030726, -23.8996654], [-47.28041917, -23.89981871], [-47.28044157, -23.89992237], [-47.28044904, -23.90005461], [-47.28049243, -23.90018159], [-47.28047459, -23.90033784], [-47.28042738, -23.90057961], [-47.28044247, -23.90085354], [-47.28046604, -23.90102336], [-47.28056618, -23.90115895], [-47.28068723, -23.90131314], [-47.28072556, -23.90144493], [-47.28072746, -23.90155361], [-47.28069095, -23.90177953], [-47.28058773, -23.90205521], [-47.28042827, -23.90235064], [-47.28032306, -23.90251292], [-47.28032356, -23.90254127], [-47.28041333, -23.90267229], [-47.28052376, -23.90280773], [-47.28059835, -23.90295316], [-47.28066323, -23.90313181], [-47.28070315, -23.90333289], [-47.28073559, -23.90342222], [-47.28086195, -23.90358579], [-47.28100831, -23.90371597], [-47.2816447, -23.90445269], [-47.2817463, -23.90459493], [-47.28178971, -23.90469012], [-47.28178412, -23.90494733], [-47.28187697, -23.90518554], [-47.28189001, -23.90533389], [-47.28183467, -23.90544971], [-47.28182113, -23.90556971], [-47.2818096, -23.90580467], [-47.28171297, -23.90624215], [-47.2816094, -23.90642749], [-47.28136356, -23.90675301], [-47.28093597, -23.90721741], [-47.28045232, -23.90781469], [-47.28030297, -23.90803299], [-47.28023333, -23.90820388], [-47.27983668, -23.90855553], [-47.27956941, -23.90875361], [-47.27893328, -23.90900568], [-47.2786297, -23.90901625], [-47.27837191, -23.90900187], [-47.27796569, -23.90880771], [-47.27749994, -23.90860837], [-47.27729347, -23.9085083], [-47.27715494, -23.90851642], [-47.27695113, -23.90856797], [-47.27680216, -23.90873396], [-47.27668545, -23.90885701], [-47.27651768, -23.90895684], [-47.27631461, -23.90905084], [-47.27624987, -23.90912459], [-47.27604594, -23.90954617], [-47.27629814, -23.9102243], [-47.27587442, -23.91056042], [-47.27572085, -23.91121928], [-47.27589954, -23.91131744], [-47.27721845, -23.91257713], [-47.27707647, -23.91311762], [-47.27691348, -23.91334534], [-47.27691605, -23.91365313], [-47.27724531, -23.91420776], [-47.27715659, -23.91450927], [-47.27708215, -23.91451709], [-47.27702425, -23.91448038], [-47.27688431, -23.91442986], [-47.27667934, -23.91440284], [-47.27654033, -23.9144049], [-47.27651672, -23.91445784], [-47.27650959, -23.91451806], [-47.27653531, -23.9145853], [-47.27647002, -23.91459378], [-47.27639629, -23.91458736], [-47.27633773, -23.91451309], [-47.27632863, -23.91446063], [-47.27635211, -23.91440017], [-47.27634314, -23.91435522], [-47.2763016, -23.91431827], [-47.27617788, -23.91426], [-47.27610428, -23.91426109], [-47.2759985, -23.91429271], [-47.27579551, -23.91437836], [-47.2754473, -23.91457887], [-47.2753092, -23.91463351], [-47.27514657, -23.91468852], [-47.27505793, -23.91476496], [-47.27502996, -23.91503587], [-47.27499144, -23.91517168], [-47.27486231, -23.91527127], [-47.27480691, -23.91537728], [-47.2747924, -23.91548268], [-47.2747879, -23.91569313], [-47.27471588, -23.91578436], [-47.27464307, -23.91583052], [-47.27452185, -23.91591496], [-47.27446593, -23.91599093], [-47.2744348, -23.91608155], [-47.27441197, -23.91617957], [-47.27436343, -23.91621034], [-47.2743145, -23.91621858], [-47.27418986, -23.91610772], [-47.2741222, -23.91598099], [-47.27410479, -23.91592114], [-47.27411997, -23.91585329], [-47.27420847, -23.91576933], [-47.27432138, -23.9156775], [-47.2744583, -23.91555525], [-47.2745137, -23.91544924], [-47.2745447, -23.91535111], [-47.27452716, -23.91528374], [-47.2744529, -23.91524728], [-47.27438748, -23.91524824], [-47.27416853, -23.91535667], [-47.27400747, -23.91550182], [-47.2739683, -23.91560007], [-47.27394613, -23.91573564], [-47.27392344, -23.91584117], [-47.27389218, -23.91592428], [-47.27386909, -23.91600727], [-47.27387277, -23.9162176], [-47.27384111, -23.91627818], [-47.27380088, -23.91631634], [-47.27370301, -23.91633282], [-47.27370439, -23.91639487], [-47.27373602, -23.91644288], [-47.2737799, -23.91651952], [-47.27390228, -23.91663964], [-47.27394439, -23.91675304], [-47.27393867, -23.91685755], [-47.27392198, -23.91690285], [-47.27388584, -23.91698387], [-47.27384527, -23.9171563], [-47.27381619, -23.91729535], [-47.2738193, -23.91743139], [-47.27387142, -23.91764472], [-47.27385482, -23.91770152], [-47.27382021, -23.91773435], [-47.27372411, -23.91777213], [-47.27342164, -23.91782912], [-47.27332505, -23.91783863], [-47.27326342, -23.91783551], [-47.27319243, -23.9178002], [-47.27314223, -23.91769591], [-47.27312777, -23.91762341], [-47.27314436, -23.9175666], [-47.27325607, -23.91741548], [-47.27333813, -23.91732943], [-47.27335877, -23.91725237], [-47.27335366, -23.91721205], [-47.27330948, -23.91720058], [-47.27324374, -23.91721368], [-47.27311431, -23.91735698], [-47.27306189, -23.91738884], [-47.27291579, -23.91757403], [-47.27291033, -23.91769974], [-47.27306592, -23.91780523], [-47.27305627, -23.91788991], [-47.27297168, -23.91792219], [-47.27286213, -23.91794081], [-47.27267766, -23.91791389], [-47.27262062, -23.91798498], [-47.27260236, -23.91807327], [-47.27256123, -23.91820558], [-47.27247595, -23.91829864], [-47.27243398, -23.91838307], [-47.27234843, -23.91846016], [-47.27236783, -23.91857562], [-47.27240951, -23.91872267], [-47.27236968, -23.91883695], [-47.27229283, -23.91890425], [-47.2721843, -23.9188891], [-47.27190768, -23.91884378], [-47.27174754, -23.91881448], [-47.2716181, -23.9188446], [-47.27144916, -23.9189755], [-47.2713218, -23.91897373], [-47.27127254, -23.91890279], [-47.27135115, -23.91874699], [-47.27142052, -23.91864155], [-47.27141523, -23.91855691], [-47.27138258, -23.91848608], [-47.27130761, -23.91842681], [-47.27102629, -23.91848482], [-47.27078957, -23.91847635], [-47.27060223, -23.91849467], [-47.27040356, -23.91852093], [-47.27034089, -23.91869185], [-47.27021751, -23.91892643], [-47.26984468, -23.91916774], [-47.26961817, -23.91929496], [-47.26941954, -23.91941606], [-47.26924909, -23.91954362], [-47.26918546, -23.91962638], [-47.2690361, -23.91996149], [-47.26888139, -23.92009687], [-47.26873682, -23.92012118], [-47.26857707, -23.91996827], [-47.26853793, -23.91980248], [-47.2684491, -23.91955979], [-47.26816585, -23.91925342], [-47.26783372, -23.9188391], [-47.26756373, -23.91865937], [-47.26731883, -23.91864258], [-47.26672249, -23.91887591], [-47.26614766, -23.9190681], [-47.26539214, -23.91909966], [-47.2648808, -23.91910719], [-47.26459072, -23.91905023], [-47.26436449, -23.91882903], [-47.26433727, -23.91854366], [-47.26424194, -23.91817764], [-47.26390099, -23.91775401], [-47.26325825, -23.9172806], [-47.2625968, -23.91704191], [-47.2618194, -23.91680492], [-47.26104447, -23.91670985], [-47.26038056, -23.91632922], [-47.25936321, -23.91563436], [-47.25892568, -23.91493098], [-47.25829982, -23.91451428], [-47.25716716, -23.9138566], [-47.25607871, -23.91351767], [-47.25499642, -23.91353356], [-47.2542289, -23.91386423], [-47.25381172, -23.91433174], [-47.25358965, -23.91490285], [-47.2534412, -23.91525994], [-47.25286632, -23.91555229], [-47.25232762, -23.91570216], [-47.25170978, -23.9157467], [-47.25085755, -23.91565271], [-47.25032183, -23.9154831], [-47.24911557, -23.91503938], [-47.24837931, -23.91494368], [-47.24799277, -23.91494934], [-47.24737615, -23.91506483], [-47.24672334, -23.91532281], [-47.24626686, -23.91575538], [-47.24542628, -23.91633552], [-47.24412308, -23.9169934], [-47.24362486, -23.91724912], [-47.24278182, -23.91768732], [-47.24224923, -23.91819197], [-47.24156018, -23.91859242], [-47.24075823, -23.91917198], [-47.24015138, -23.91985516], [-47.23980899, -23.92017957], [-47.23950219, -23.92032601], [-47.23899845, -23.92026237], [-47.23848981, -23.91991487], [-47.23778545, -23.91942825], [-47.23739278, -23.91907906], [-47.2366455, -23.91834462], [-47.23574543, -23.91771888], [-47.23539388, -23.91751104], [-47.23461895, -23.91741584], [-47.23415509, -23.91742259], [-47.23373294, -23.91760618], [-47.23288802, -23.91793788], [-47.23212224, -23.9183749], [-47.23108465, -23.91874489], [-47.23017776, -23.91919331], [-47.22933222, -23.91948951], [-47.22853081, -23.92010449], [-47.22757476, -23.92072171], [-47.22712002, -23.92126067], [-47.22616457, -23.92191337], [-47.22532568, -23.92259986], [-47.22478996, -23.92292704], [-47.2240561, -23.92297316], [-47.22320079, -23.9227016], [-47.22280632, -23.92224592], [-47.22190386, -23.92147816], [-47.22077555, -23.92106858], [-47.21979701, -23.92037289], [-47.21897128, -23.91956851], [-47.21810146, -23.91844534], [-47.21727636, -23.91767643], [-47.21622479, -23.91723021], [-47.21521976, -23.91724471], [-47.21464477, -23.91753693], [-47.21414951, -23.91796996], [-47.2137799, -23.91896905], [-47.21365199, -23.91955039], [-47.21343095, -23.92019242], [-47.21294293, -23.92105125], [-47.21226283, -23.92198383], [-47.21149574, -23.92234979], [-47.21060966, -23.92254], [-47.20968129, -23.92251786], [-47.20901808, -23.92217248], [-47.20800817, -23.92190307], [-47.20715652, -23.92184432], [-47.20642807, -23.9222097], [-47.205548, -23.92275471], [-47.20502247, -23.92368504], [-47.20407833, -23.92501179], [-47.20370801, -23.92597538], [-47.203499, -23.92639739], [-47.20277407, -23.92686281], [-47.20211244, -23.92724819], [-47.20149155, -23.92749449], [-47.20088851, -23.92752292], [-47.20023836, -23.92731461], [-47.19954075, -23.92684979], [-47.1991522, -23.92681579], [-47.19880709, -23.92680095], [-47.19844645, -23.92714243], [-47.19834977, -23.92779667], [-47.19836015, -23.92840982], [-47.19840901, -23.92907465], [-47.19823115, -23.93002681], [-47.19781155, -23.93070546], [-47.19700238, -23.93129076], [-47.19597738, -23.93185936], [-47.19451434, -23.93201876], [-47.19316506, -23.93253262], [-47.19235519, -23.93307835], [-47.19197133, -23.93365084], [-47.19172175, -23.93418856], [-47.1914705, -23.93462739], [-47.19114958, -23.93477046], [-47.1906546, -23.93481708], [-47.19033235, -23.93488103], [-47.19007541, -23.93498361], [-47.1897585, -23.93536402], [-47.18959711, -23.93601919], [-47.18956737, -23.93681096], [-47.18927968, -23.93764598], [-47.18908815, -23.93882971], [-47.18914594, -23.93969937], [-47.18939436, -23.94036847], [-47.18976506, -23.94062037], [-47.19024153, -23.94075206], [-47.1908473, -23.94088191], [-47.19197097, -23.94104392], [-47.19300811, -23.94118738], [-47.19450176, -23.94141779], [-47.19509367, -23.94158987], [-47.19543562, -23.9416002], [-47.19561979, -23.94159756], [-47.19577443, -23.94156866], [-47.19635998, -23.94122215], [-47.19655946, -23.94115366], [-47.1970052, -23.94113838], [-47.19721754, -23.94108196], [-47.19739066, -23.9409994], [-47.19762043, -23.94082704], [-47.19784036, -23.94064593], [-47.19801077, -23.94040324], [-47.19827463, -23.93995456], [-47.19836764, -23.93972188], [-47.19845172, -23.93953381], [-47.19859591, -23.93946056], [-47.19889594, -23.93942957], [-47.19918552, -23.93935424], [-47.19959187, -23.93930393], [-47.19988221, -23.93927308], [-47.20007667, -23.93930588], [-47.20040744, -23.93937233], [-47.20062099, -23.93938706], [-47.20070913, -23.93943919], [-47.20071094, -23.93954594], [-47.20063475, -23.93962712], [-47.20049132, -23.93974485], [-47.20031228, -23.94004995], [-47.20022897, -23.94028249], [-47.20025333, -23.94057578], [-47.20038865, -23.9409448], [-47.20062959, -23.94143075], [-47.2008095, -23.9417485], [-47.20091778, -23.94184483], [-47.20154373, -23.94216509], [-47.20162279, -23.94225293], [-47.20166428, -23.9424125], [-47.20160899, -23.94258236], [-47.20145662, -23.94274471], [-47.20131609, -23.94302009], [-47.20131123, -23.9433049], [-47.2013465, -23.94366922], [-47.20155595, -23.94401324], [-47.20196304, -23.94457688], [-47.20204618, -23.94490492], [-47.20185471, -23.94621316], [-47.20183514, -23.94677402], [-47.20187102, -23.94717392], [-47.20191629, -23.94755589], [-47.20192903, -23.94790142], [-47.20191221, -23.94805293], [-47.20182874, -23.94827658], [-47.20169696, -23.94850982], [-47.20145945, -23.94879796], [-47.20111697, -23.94918549], [-47.20106213, -23.94938204], [-47.20102955, -23.94974733], [-47.20093684, -23.9499978], [-47.20072871, -23.95030332], [-47.2006039, -23.9503763], [-47.20039079, -23.95038825], [-47.20025507, -23.9503902], [-47.20007862, -23.95027705], [-47.19996019, -23.95015418], [-47.19981934, -23.94985366], [-47.19966684, -23.94943763], [-47.19955583, -23.94918118], [-47.19945633, -23.94903133], [-47.19930033, -23.94898018], [-47.19911584, -23.94896503], [-47.1988273, -23.94910263], [-47.19861684, -23.94941992], [-47.19847883, -23.9498579], [-47.19827492, -23.95041251], [-47.1981, -23.95152452], [-47.19788876, -23.95279107], [-47.19779755, -23.95313051], [-47.197675, -23.95333692], [-47.19725328, -23.9536277], [-47.19702153, -23.9536844], [-47.19671449, -23.95368645], [-47.19635551, -23.95367379], [-47.19555819, -23.95354283], [-47.19529569, -23.95350209], [-47.19494656, -23.95349819], [-47.19432388, -23.95337362], [-47.19410076, -23.95336791], [-47.19391748, -23.95342392], [-47.19387066, -23.95352247], [-47.19388232, -23.95363798], [-47.19398152, -23.95377003], [-47.19422808, -23.95401566], [-47.19448525, -23.95431451], [-47.19476542, -23.9548266], [-47.19503605, -23.95534772], [-47.1951666, -23.9556128], [-47.19549714, -23.95607784], [-47.19569644, -23.95639532], [-47.19570473, -23.9568846], [-47.19574406, -23.95748911], [-47.1957186, -23.95770303], [-47.1956317, -23.95802978], [-47.19573165, -23.95820632], [-47.19596764, -23.9583987], [-47.19636767, -23.95854424], [-47.19726423, -23.95880725], [-47.19767306, -23.95889927], [-47.19806189, -23.95895599], [-47.19832334, -23.95893445], [-47.19874035, -23.95893738], [-47.19918751, -23.95900215], [-47.1998287, -23.95907305], [-47.20030388, -23.95907513], [-47.20083451, -23.95891625], [-47.20109641, -23.9589214], [-47.20139561, -23.95894764], [-47.20185336, -23.95906565], [-47.20239958, -23.95925357], [-47.20310166, -23.95948374], [-47.20408064, -23.96003026], [-47.20443297, -23.96022096], [-47.20504917, -23.96053243], [-47.20562872, -23.96096901], [-47.20595776, -23.96135355], [-47.20629055, -23.9621051], [-47.2066691, -23.96269583], [-47.2070958, -23.96320292], [-47.20742179, -23.96355415], [-47.20791532, -23.96406314], [-47.20846642, -23.9645357], [-47.20879226, -23.96487804], [-47.20887255, -23.96503705], [-47.20880756, -23.96520704], [-47.20851793, -23.96540354], [-47.20750603, -23.96577403], [-47.20664985, -23.96617786], [-47.20614966, -23.9664164], [-47.20591107, -23.96664228], [-47.20580957, -23.96694628], [-47.20581135, -23.96760316], [-47.20581953, -23.96808354], [-47.20586164, -23.96827869], [-47.20598223, -23.9685261], [-47.20621173, -23.96890542], [-47.20652213, -23.96947933], [-47.20651622, -23.96970187], [-47.20646093, -23.96987173], [-47.20611661, -23.9703117], [-47.20561382, -23.97096849], [-47.20514844, -23.97154466], [-47.20485122, -23.97174469], [-47.20464928, -23.97184547], [-47.20435008, -23.97192985], [-47.20403953, -23.97191652], [-47.20381548, -23.97185745], [-47.2036193, -23.9717268], [-47.20338919, -23.97131189], [-47.20323405, -23.97105154], [-47.20275126, -23.97060467], [-47.20246526, -23.97032404], [-47.20238376, -23.97009386], [-47.20214291, -23.96961682], [-47.20195295, -23.96928142], [-47.20176738, -23.969204], [-47.20156348, -23.96918913], [-47.20086754, -23.96932369], [-47.20044322, -23.96946325], [-47.20021356, -23.9696445], [-47.20005372, -23.96994043], [-47.20001144, -23.97030586], [-47.20007188, -23.97043846], [-47.2003088, -23.97068421], [-47.20065554, -23.97111525], [-47.20094261, -23.9715102], [-47.20118286, -23.97195166], [-47.20130858, -23.97250153], [-47.20138235, -23.9728475], [-47.20148125, -23.97353123], [-47.20143867, -23.97387887], [-47.20131459, -23.97399633], [-47.20116946, -23.9740162], [-47.20098419, -23.97395658], [-47.20068166, -23.97384524], [-47.20040671, -23.97364453], [-47.20031506, -23.9733878], [-47.20026069, -23.97304155], [-47.20023722, -23.97280164], [-47.20017587, -23.97261566], [-47.20002818, -23.97248431], [-47.19969581, -23.97232891], [-47.19946206, -23.97226998], [-47.19921059, -23.97230917], [-47.19866353, -23.97264625], [-47.19777955, -23.97313051], [-47.19755912, -23.97328494], [-47.19732758, -23.97367727], [-47.19722561, -23.97395457], [-47.19720029, -23.97417739], [-47.19721452, -23.97444413], [-47.1972922, -23.97502139], [-47.19727156, -23.97551998], [-47.19711428, -23.97596714], [-47.19693399, -23.97620107], [-47.19674204, -23.97631949], [-47.19653888, -23.9763491], [-47.1963736, -23.97632477], [-47.19617651, -23.97614073], [-47.19609186, -23.97572373], [-47.19610084, -23.97510964], [-47.19602588, -23.9746925], [-47.19583819, -23.97449053], [-47.1952127, -23.97420584], [-47.1948529, -23.97414871], [-47.19466944, -23.97419582], [-47.19454575, -23.97441269], [-47.19439469, -23.9746551], [-47.19393533, -23.9750176], [-47.19380532, -23.97535759], [-47.19382863, -23.97558861], [-47.19394814, -23.97577376], [-47.19417355, -23.9759129], [-47.19447633, -23.97606684], [-47.19476912, -23.97630239], [-47.19485802, -23.97667965], [-47.19479997, -23.97731137], [-47.19473571, -23.97757726], [-47.19460079, -23.97773061], [-47.19420549, -23.97793815], [-47.19395373, -23.97811547], [-47.19372504, -23.97881222], [-47.19359959, -23.97958305], [-47.19359257, -23.98018207], [-47.19361695, -23.98060726], [-47.19374491, -23.9810625], [-47.19398962, -23.98131117], [-47.1944407, -23.98157265], [-47.19471976, -23.98182083], [-47.19479354, -23.98211923], [-47.194764, -23.98240335], [-47.19457828, -23.98259514], [-47.19391381, -23.98291986], [-47.19347689, -23.9834935], [-47.19286634, -23.9839593], [-47.19235708, -23.98454896], [-47.19192147, -23.98520138], [-47.19174242, -23.98578709], [-47.19092538, -23.98724877], [-47.19052171, -23.98775889], [-47.1901263, -23.98875747], [-47.18999803, -23.98918188], [-47.18981497, -23.98953123], [-47.18942633, -23.98991504], [-47.18902104, -23.99033061], [-47.18886021, -23.99097911], [-47.18897366, -23.99159216], [-47.18925621, -23.99204519], [-47.18961957, -23.99219761], [-47.18999797, -23.99222373], [-47.19054653, -23.99215285], [-47.19106021, -23.99205094], [-47.19192897, -23.99161298], [-47.19239058, -23.99148029], [-47.19276845, -23.99147489], [-47.19316536, -23.99157953], [-47.19356334, -23.99174721], [-47.19399381, -23.99180409], [-47.19435744, -23.99197226], [-47.19496126, -23.99212122], [-47.19529242, -23.99240017], [-47.19579439, -23.99324041], [-47.1962369, -23.99400636], [-47.19681735, -23.99480184], [-47.19735859, -23.99632288], [-47.1977963, -23.99680519], [-47.19847448, -23.99728405], [-47.19922969, -23.99779063], [-47.19995539, -23.99803239], [-47.20044223, -23.99837213], [-47.20056783, -23.99868555], [-47.20049267, -23.99931706], [-47.20067677, -24.00003941], [-47.20102429, -24.00033666], [-47.20199263, -24.00070101], [-47.202549, -24.00108703], [-47.20304016, -24.00167888], [-47.20359519, -24.00198612], [-47.2045096, -24.00220938], [-47.20568269, -24.00263832], [-47.20637757, -24.00308538], [-47.20698199, -24.00326581], [-47.20746295, -24.00325888], [-47.20771927, -24.00317638], [-47.20808883, -24.00268248], [-47.20835505, -24.0021743], [-47.20877613, -24.00167965], [-47.20906192, -24.00148535], [-47.2097695, -24.00111128], [-47.2106981, -24.00129195], [-47.21182421, -24.00219751], [-47.21295655, -24.00346684], [-47.21386053, -24.00475769], [-47.21400725, -24.0056046], [-47.21431966, -24.00686151], [-47.21464356, -24.00724496], [-47.21544168, -24.00752452], [-47.21637117, -24.00775366], [-47.21782087, -24.00901835], [-47.21987493, -24.01005596], [-47.22043888, -24.01055721], [-47.22055687, -24.0110349], [-47.2204049, -24.01142523], [-47.21969522, -24.0116781], [-47.21879922, -24.01186088], [-47.21853774, -24.01203448], [-47.21841137, -24.01237592], [-47.21863038, -24.01280939], [-47.22023254, -24.01370798], [-47.22143564, -24.0144668], [-47.22302356, -24.01490536], [-47.22413526, -24.01496199], [-47.22603513, -24.01471608], [-47.2270323, -24.01426494], [-47.2284714, -24.01337073], [-47.22945893, -24.01236179], [-47.23009095, -24.01220704], [-47.23064826, -24.01232022], [-47.23116022, -24.01287069], [-47.23147533, -24.01427306], [-47.23245101, -24.01564154], [-47.23308467, -24.01711203], [-47.23367431, -24.01756433], [-47.23444399, -24.01772291], [-47.23513059, -24.01766438], [-47.23570764, -24.01738912], [-47.23632709, -24.0165068], [-47.23677026, -24.01613646], [-47.23756554, -24.01624614], [-47.2385182, -24.01628073], [-47.2394226, -24.01658287], [-47.24009298, -24.0177793], [-47.24158417, -24.01989216], [-47.24396976, -24.02172507], [-47.24570229, -24.02250018], [-47.24644431, -24.02258633], [-47.24735818, -24.02235599], [-47.24843253, -24.0217823], [-47.24918157, -24.02075248], [-47.24983709, -24.0204275], [-47.25068528, -24.02053633], [-47.25111592, -24.02096663], [-47.25201972, -24.02274841], [-47.25284994, -24.02334264], [-47.25388324, -24.02344872]]]]}}]}