{"type": "FeatureCollection", "features": [{"type": "Feature", "properties": {"name": "Parque Estadual Serra do Mar - Núcleo Curucutu"}, "geometry": {"type": "MultiPolygon", "coordinates": [[[[-46.97564298, -24.13498407], [-46.97585213, -24.13495789], [-46.97598492, -24.13489206], [-46.9764355, -24.13450794], [-46.97667788, -24.13433957], [-46.97791995, -24.13373302], [-46.97827837, -24.13336994], [-46.97888569, -24.13287904], [-46.97929877, -24.13242407], [-46.97943292, -24.13231499], [-46.97953169, -24.13208286], [-46.9797806, -24.1316409], [-46.98089997, -24.13087205], [-46.98125637, -24.13058641], [-46.98146732, -24.13037256], [-46.98170395, -24.13006142], [-46.98217413, -24.12909508], [-46.98268018, -24.12817602], [-46.9828939, -24.12753327], [-46.98296333, -24.12721515], [-46.98297048, -24.12674566], [-46.98284003, -24.12599586], [-46.98282822, -24.12572937], [-46.98306905, -24.12521509], [-46.9831973, -24.12455981], [-46.98317086, -24.12383535], [-46.98319902, -24.12351325], [-46.98327468, -24.12325479], [-46.9829749, -24.12322672], [-46.98268108, -24.12319418], [-46.98232653, -24.1232261], [-46.98181301, -24.12330891], [-46.9815648, -24.12333369], [-46.98138867, -24.12333476], [-46.98120774, -24.12332585], [-46.98088569, -24.12326597], [-46.98070173, -24.12317395], [-46.98059368, -24.1230691], [-46.9804649, -24.12288188], [-46.98032192, -24.12255457], [-46.98023804, -24.12239937], [-46.98014, -24.12227926], [-46.98004186, -24.12216728], [-46.97991757, -24.12210743], [-46.97976148, -24.12207617], [-46.97952403, -24.12210647], [-46.97879512, -24.12244913], [-46.97868766, -24.1224689], [-46.97857056, -24.12247052], [-46.97839822, -24.12239667], [-46.97820606, -24.12224678], [-46.97796156, -24.12193658], [-46.97752996, -24.12093022], [-46.97683521, -24.1191683], [-46.97663251, -24.11890453], [-46.97621985, -24.11849974], [-46.97540148, -24.1178618], [-46.97486084, -24.11737544], [-46.97475153, -24.11720737], [-46.97470392, -24.11697666], [-46.97475716, -24.11670083], [-46.97497962, -24.11642479], [-46.97527216, -24.11612773], [-46.97547903, -24.1157495], [-46.97552134, -24.1154826], [-46.97542077, -24.11523604], [-46.97523245, -24.11509612], [-46.97494258, -24.11497512], [-46.97471071, -24.11485827], [-46.97448855, -24.11475325], [-46.97421601, -24.11466672], [-46.97353379, -24.11444], [-46.97274568, -24.11409219], [-46.97246782, -24.11386474], [-46.97213859, -24.11347878], [-46.97194887, -24.11311129], [-46.97161911, -24.11242011], [-46.97157157, -24.11218307], [-46.97154991, -24.11165461], [-46.97157319, -24.11141915], [-46.9716625, -24.11117256], [-46.97180067, -24.11086773], [-46.97195476, -24.1106353], [-46.97198356, -24.1104342], [-46.9719607, -24.11027867], [-46.97184499, -24.11015568], [-46.97113983, -24.10978245], [-46.97069614, -24.10951822], [-46.97045848, -24.10939228], [-46.97004441, -24.109029], [-46.96983641, -24.10853761], [-46.96968587, -24.10827433], [-46.96954773, -24.10813487], [-46.96906563, -24.10796239], [-46.96885972, -24.10790086], [-46.96857493, -24.10776725], [-46.96845578, -24.10768937], [-46.9683355, -24.10744804], [-46.96836576, -24.10711602], [-46.96855315, -24.10680895], [-46.96884669, -24.1065101], [-46.9689824, -24.1062495], [-46.96901035, -24.10603665], [-46.9688473, -24.10557278], [-46.96871375, -24.10502159], [-46.96873506, -24.10478611], [-46.96894811, -24.10420657], [-46.96921623, -24.10371604], [-46.96936901, -24.1034249], [-46.96958068, -24.10261508], [-46.96961277, -24.10220632], [-46.96960717, -24.10156151], [-46.96957428, -24.10106996], [-46.96951664, -24.10076872], [-46.96933974, -24.10004736], [-46.96914454, -24.09902512], [-46.96905751, -24.09844908], [-46.96898718, -24.09787501], [-46.9689233, -24.09742742], [-46.96890746, -24.09690713], [-46.96890096, -24.09643118], [-46.96892536, -24.09609549], [-46.96899734, -24.09554984], [-46.96903809, -24.09515922], [-46.9691285, -24.09463722], [-46.96924158, -24.09411182], [-46.96934337, -24.09371635], [-46.96937132, -24.09323801], [-46.96936611, -24.09299957], [-46.96945307, -24.09252179], [-46.96962864, -24.09194911], [-46.96982516, -24.09152654], [-46.97006316, -24.09126509], [-46.97033568, -24.09117283], [-46.97088294, -24.09114094], [-46.97104478, -24.0910946], [-46.97126133, -24.09090429], [-46.97155625, -24.09065511], [-46.97171082, -24.09046602], [-46.97187999, -24.09029061], [-46.97205213, -24.09020193], [-46.97242694, -24.09010972], [-46.97262847, -24.09003214], [-46.97312768, -24.08980925], [-46.97393721, -24.08936713], [-46.97465741, -24.08908581], [-46.97525865, -24.08888735], [-46.9756738, -24.0887937], [-46.97620232, -24.08849974], [-46.9767687, -24.08798489], [-46.97715117, -24.08746652], [-46.97777402, -24.08691517], [-46.97806424, -24.08673276], [-46.97869891, -24.08635581], [-46.97875926, -24.08623536], [-46.97870738, -24.08585742], [-46.97862506, -24.08565257], [-46.97844737, -24.08526532], [-46.97838796, -24.08503449], [-46.97833737, -24.08471796], [-46.97834258, -24.08460243], [-46.97829945, -24.0838787], [-46.97823347, -24.08326403], [-46.9782321, -24.08276555], [-46.97820885, -24.08228944], [-46.97821399, -24.08173684], [-46.97816505, -24.08135982], [-46.97822253, -24.08114273], [-46.97829273, -24.08102148], [-46.97842697, -24.08088908], [-46.97870778, -24.08075625], [-46.97930224, -24.08063356], [-46.98000931, -24.08055527], [-46.98020288, -24.08057333], [-46.98049747, -24.08061671], [-46.98092438, -24.08061347], [-46.98097335, -24.08054349], [-46.98096356, -24.08018309], [-46.98104446, -24.07989397], [-46.98112048, -24.0797791], [-46.98149202, -24.07935633], [-46.98170522, -24.07902149], [-46.9817335, -24.07886553], [-46.98173218, -24.07871832], [-46.98159824, -24.07819964], [-46.98165815, -24.07785163], [-46.98183969, -24.07753365], [-46.98210292, -24.07729951], [-46.98225797, -24.07715286], [-46.98264777, -24.07694608], [-46.98302117, -24.07671025], [-46.9831398, -24.07656687], [-46.98324815, -24.07637373], [-46.98329145, -24.07619353], [-46.98329312, -24.07604274], [-46.98318862, -24.07535185], [-46.98323707, -24.07443663], [-46.98322299, -24.0741087], [-46.98304805, -24.07347315], [-46.98283922, -24.07305672], [-46.98257022, -24.07256748], [-46.98233186, -24.07224288], [-46.98215956, -24.07199204], [-46.9819053, -24.07177205], [-46.98182569, -24.07167739], [-46.98156002, -24.07142117], [-46.98148683, -24.07128051], [-46.98149034, -24.07114058], [-46.9815152, -24.07058183], [-46.98148564, -24.07040908], [-46.98141091, -24.07022958], [-46.98131159, -24.07005076], [-46.98122133, -24.06994156], [-46.98083956, -24.06960117], [-46.98055893, -24.06918587], [-46.98038719, -24.06888537], [-46.98014658, -24.06849843], [-46.98004479, -24.06836474], [-46.97987379, -24.06826471], [-46.97964329, -24.06820838], [-46.97930882, -24.0680382], [-46.97875336, -24.06757518], [-46.9779035, -24.06669854], [-46.97770362, -24.06636435], [-46.97764335, -24.06621208], [-46.97758047, -24.06593968], [-46.97755953, -24.06569928], [-46.97755702, -24.06548253], [-46.97748417, -24.06531118], [-46.97742384, -24.06525282], [-46.97683733, -24.06484188], [-46.97673555, -24.06470818], [-46.97668324, -24.06454786], [-46.97666647, -24.06437432], [-46.97665576, -24.06392089], [-46.97728881, -24.06394848], [-46.9780393, -24.06393833], [-46.97895419, -24.06373556], [-46.97932657, -24.06350063], [-46.97982839, -24.06303303], [-46.98017311, -24.06263078], [-46.98056787, -24.06214953], [-46.98091315, -24.06187461], [-46.98109813, -24.06159911], [-46.98120234, -24.06142489], [-46.98128935, -24.06120446], [-46.98127348, -24.06068235], [-46.98115963, -24.05994983], [-46.98111732, -24.05932906], [-46.981213, -24.05903556], [-46.98150571, -24.05862198], [-46.98197726, -24.05822182], [-46.98245883, -24.05798158], [-46.982862, -24.05798443], [-46.9832384, -24.05809629], [-46.98366644, -24.05825199], [-46.98393564, -24.05836376], [-46.98427961, -24.05847351], [-46.98468025, -24.05843841], [-46.98493042, -24.05840371], [-46.98526379, -24.0583156], [-46.98559786, -24.05834218], [-46.986016, -24.05850319], [-46.98634414, -24.05880063], [-46.98658591, -24.05935012], [-46.98668783, -24.05947207], [-46.98699057, -24.05957512], [-46.98722466, -24.05957277], [-46.98800683, -24.0593624], [-46.98826774, -24.05924562], [-46.98853555, -24.05903769], [-46.98879798, -24.05869246], [-46.98910226, -24.05838734], [-46.98930628, -24.05825649], [-46.98949294, -24.05818507], [-46.9900021, -24.05811755], [-46.9904681, -24.05786179], [-46.99074402, -24.05763136], [-46.99100493, -24.05742427], [-46.99151142, -24.05715263], [-46.99170669, -24.05701266], [-46.99190323, -24.05693591], [-46.99215619, -24.05691477], [-46.99254467, -24.05691205], [-46.99265618, -24.05687696], [-46.99306632, -24.05651231], [-46.99369216, -24.05602774], [-46.99405712, -24.05556876], [-46.99451563, -24.05500679], [-46.99466161, -24.0546975], [-46.99468844, -24.05440335], [-46.99445549, -24.05376366], [-46.99422267, -24.05338313], [-46.99394884, -24.05297514], [-46.99379535, -24.05271365], [-46.99367615, -24.05237391], [-46.99368045, -24.05207143], [-46.99388134, -24.05177619], [-46.99408416, -24.05157397], [-46.99430358, -24.05138275], [-46.99462292, -24.05113646], [-46.99478866, -24.05107304], [-46.99485239, -24.05096818], [-46.99506098, -24.04967944], [-46.90604488, -24.02226827], [-46.90619289, -24.02196565], [-46.90627118, -24.02127577], [-46.90617535, -24.02070995], [-46.90589815, -24.01997664], [-46.90591266, -24.0194275], [-46.90581998, -24.01914153], [-46.90554135, -24.01897797], [-46.90526196, -24.01889567], [-46.90437791, -24.01873692], [-46.90390723, -24.01861365], [-46.90326365, -24.0182307], [-46.9024156, -24.01764532], [-46.90219902, -24.01742229], [-46.90211873, -24.0171768], [-46.90212622, -24.01708461], [-46.90224492, -24.01680143], [-46.90253259, -24.0163112], [-46.90255984, -24.01609236], [-46.90248599, -24.01594972], [-46.90229465, -24.01577242], [-46.9019185, -24.01552609], [-46.90147815, -24.01539251], [-46.90103972, -24.01532301], [-46.90079726, -24.01521135], [-46.90062081, -24.01504289], [-46.90047014, -24.01475674], [-46.90029822, -24.01456204], [-46.90002164, -24.01440295], [-46.89972314, -24.01429018], [-46.89967221, -24.01423573], [-46.89951447, -24.01420338], [-46.89934818, -24.01405736], [-46.89925586, -24.01379486], [-46.89930699, -24.01352878], [-46.89936612, -24.01266939], [-46.89951483, -24.0121538], [-46.89954091, -24.01172099], [-46.89942429, -24.01127641], [-46.89943108, -24.01113638], [-46.89954172, -24.01070613], [-46.89952318, -24.01044723], [-46.89948092, -24.01031413], [-46.89923706, -24.00990543], [-46.89921076, -24.00972066], [-46.89921815, -24.00922037], [-46.89915754, -24.008841], [-46.8990428, -24.00845689], [-46.89888377, -24.00820244], [-46.89861017, -24.00797739], [-46.89848395, -24.00781553], [-46.89800454, -24.00642469], [-46.89785601, -24.00534486], [-46.89782609, -24.00491365], [-46.89783274, -24.00429509], [-46.89789639, -24.00381035], [-46.89775947, -24.00318634], [-46.89756769, -24.0028429], [-46.89699947, -24.00223055], [-46.89649847, -24.00157673], [-46.89632682, -24.00146599], [-46.89611735, -24.0012564], [-46.89573834, -24.0010462], [-46.89492722, -24.00021301], [-46.89448846, -23.99971371], [-46.89427734, -23.99918993], [-46.89424237, -23.99901611], [-46.89426414, -23.99842263], [-46.89420687, -23.99813532], [-46.89407386, -23.99791124], [-46.89388802, -23.99770406], [-46.89361459, -23.99755485], [-46.89292209, -23.99737921], [-46.89253689, -23.99718172], [-46.89221418, -23.99682093], [-46.89196718, -23.99666507], [-46.89150194, -23.99650468], [-46.89056904, -23.99628685], [-46.89027445, -23.99616949], [-46.89001016, -23.99597321], [-46.88993612, -23.99588293], [-46.88990094, -23.99562784], [-46.89005882, -23.99533426], [-46.8903183, -23.9949997], [-46.89048368, -23.99454801], [-46.89076709, -23.99423663], [-46.89088208, -23.99403567], [-46.8910013, -23.99371999], [-46.89137865, -23.99324673], [-46.89162432, -23.99270738], [-46.89215105, -23.99189911], [-46.89239718, -23.99132453], [-46.89260578, -23.99067007], [-46.89268973, -23.98995935], [-46.89290641, -23.98925242], [-46.89290476, -23.98907276], [-46.89286502, -23.98890892], [-46.89274815, -23.98864491], [-46.8926959, -23.98843247], [-46.8927019, -23.98790149], [-46.89264575, -23.98762319], [-46.89260595, -23.98752256], [-46.89251705, -23.98742434], [-46.89170742, -23.98682848], [-46.89146259, -23.9865498], [-46.89143332, -23.98643007], [-46.89144657, -23.98626107], [-46.89149038, -23.986098], [-46.89161764, -23.98599711], [-46.89170931, -23.98594903], [-46.8919698, -23.98588623], [-46.8920734, -23.98584793], [-46.89215216, -23.98579008], [-46.8922005, -23.98573621], [-46.8922526, -23.98553512], [-46.89228151, -23.98529459], [-46.8921731, -23.98513883], [-46.89205186, -23.98491189], [-46.89201215, -23.98461533], [-46.8920962, -23.98417999], [-46.89229771, -23.98357889], [-46.89231759, -23.98339264], [-46.89229052, -23.98315461], [-46.89221726, -23.98298306], [-46.89201439, -23.98281853], [-46.89145421, -23.98220966], [-46.89136976, -23.98207978], [-46.8913197, -23.98194857], [-46.89129786, -23.98173215], [-46.89133842, -23.98154836], [-46.89150045, -23.98113735], [-46.89214666, -23.97996734], [-46.89230048, -23.9797343], [-46.89250844, -23.97950782], [-46.89309828, -23.97912132], [-46.89278647, -23.97909989], [-46.89262897, -23.97908107], [-46.89242166, -23.97901591], [-46.89218205, -23.97889246], [-46.89207617, -23.9788423], [-46.89197655, -23.97881644], [-46.89159061, -23.97876612], [-46.89146633, -23.97873425], [-46.89135492, -23.97864172], [-46.89071941, -23.97798683], [-46.89061458, -23.97787345], [-46.89049619, -23.97777378], [-46.890202, -23.9776808], [-46.89002285, -23.97765953], [-46.88983928, -23.97767263], [-46.88948015, -23.97777547], [-46.8893204, -23.97780452], [-46.88919864, -23.97781054], [-46.88894914, -23.9777495], [-46.88884881, -23.97774261], [-46.8887263, -23.97776489], [-46.88846607, -23.97784394], [-46.88830321, -23.97786129], [-46.88806369, -23.97787868], [-46.88789941, -23.97786626], [-46.88777926, -23.97784788], [-46.88765917, -23.977834], [-46.88755587, -23.97782534], [-46.88745194, -23.97784107], [-46.88728958, -23.97789363], [-46.88711016, -23.97792112], [-46.88697941, -23.97791731], [-46.88687981, -23.97789325], [-46.88658113, -23.97776149], [-46.88642012, -23.97770388], [-46.88616341, -23.97768717], [-46.88597324, -23.97771931], [-46.88585732, -23.97772164], [-46.88544364, -23.97765539], [-46.8852705, -23.97764217], [-46.88501114, -23.97764626], [-46.8846808, -23.97770179], [-46.88442834, -23.97763988], [-46.88412544, -23.9774883], [-46.88383553, -23.97728329], [-46.88358701, -23.9770868], [-46.88336972, -23.97680776], [-46.88312213, -23.97626996], [-46.88291442, -23.97597365], [-46.882638, -23.97575041], [-46.88248255, -23.97566926], [-46.8822309, -23.9755956], [-46.88165704, -23.9755277], [-46.88132596, -23.97553266], [-46.88101057, -23.97560244], [-46.88016766, -23.97588635], [-46.88002647, -23.97590795], [-46.87955247, -23.97588215], [-46.87941303, -23.97588928], [-46.87928021, -23.97594508], [-46.87902086, -23.9760855], [-46.8787789, -23.97620494], [-46.87850572, -23.97627239], [-46.87838976, -23.976272], [-46.87830201, -23.97625141], [-46.87820429, -23.976221], [-46.87789947, -23.97607214], [-46.8774966, -23.97593713], [-46.87731758, -23.97585715], [-46.87710156, -23.97573249], [-46.87687443, -23.97565491], [-46.87670305, -23.97562721], [-46.87647791, -23.97561913], [-46.87573853, -23.97565706], [-46.8754904, -23.97562217], [-46.87529962, -23.97554415], [-46.87507384, -23.97542411], [-46.87472308, -23.9750871], [-46.87460367, -23.97498382], [-46.87448007, -23.97493116], [-46.87436759, -23.97489913], [-46.87418843, -23.97487694], [-46.87399372, -23.97486667], [-46.87323764, -23.9749048], [-46.87302866, -23.9748586], [-46.87284655, -23.97476872], [-46.8724881, -23.97451126], [-46.87229082, -23.97432315], [-46.87193588, -23.97390041], [-46.87166521, -23.97346128], [-46.871494, -23.97324126], [-46.87121817, -23.9729891], [-46.87097838, -23.97285117], [-46.87077073, -23.9727607], [-46.87033218, -23.97260353], [-46.8701531, -23.97251903], [-46.87007441, -23.97244505], [-46.87003919, -23.97238769], [-46.87002087, -23.97227595], [-46.87004398, -23.97210683], [-46.87023573, -23.97150406], [-46.87025385, -23.9713982], [-46.87024694, -23.97132785], [-46.87023033, -23.97126666], [-46.87014445, -23.97117109], [-46.87003818, -23.97109293], [-46.86984831, -23.97107719], [-46.86959604, -23.97109471], [-46.86894925, -23.97128317], [-46.86880613, -23.97130659], [-46.86870856, -23.9712861], [-46.86859213, -23.97125321], [-46.86836038, -23.97112692], [-46.86800482, -23.97079627], [-46.86784749, -23.97058329], [-46.86777758, -23.97050559], [-46.8676278, -23.97040809], [-46.86746587, -23.9704218], [-46.86736987, -23.97044193], [-46.86714889, -23.97051776], [-46.86679515, -23.97065388], [-46.86655888, -23.97069107], [-46.86633439, -23.97065949], [-46.86612742, -23.97061596], [-46.86593968, -23.9705433], [-46.86583354, -23.97047417], [-46.86578066, -23.97035021], [-46.86576036, -23.97023669], [-46.865752, -23.96951988], [-46.86571413, -23.96927836], [-46.86567, -23.96914797], [-46.86554326, -23.96901227], [-46.86546759, -23.96895659], [-46.73431575, -23.97028184], [-46.73434772, -23.97021274], [-46.73438119, -23.9700724], [-46.73437791, -23.96982411], [-46.73433762, -23.96945707], [-46.73440446, -23.96916559], [-46.73455195, -23.96880724], [-46.7346549, -23.96856859], [-46.73469887, -23.9683306], [-46.73468315, -23.96803916], [-46.734549, -23.96770656], [-46.73440478, -23.96742741], [-46.73394775, -23.9666876], [-46.7336696, -23.96602166], [-46.73358205, -23.96564431], [-46.73357482, -23.96510533], [-46.73360925, -23.96415504], [-46.73363684, -23.96357141], [-46.73357243, -23.96316222], [-46.7334749, -23.96292582], [-46.7333078, -23.96270105], [-46.73302122, -23.96235848], [-46.73276945, -23.96197305], [-46.73265887, -23.96163932], [-46.73258469, -23.961381], [-46.73253517, -23.96113412], [-46.73240217, -23.96088732], [-46.7323695, -23.96084338], [-46.72954995, -23.95973308], [-46.72955046, -23.95973029], [-46.72949355, -23.95971087], [-46.72939568, -23.95967233], [-46.72939509, -23.95967727], [-46.71958719, -23.95633038], [-46.70683239, -23.95122839], [-46.70647062, -23.9513689], [-46.70615551, -23.95141962], [-46.7059008, -23.95140778], [-46.70567686, -23.9513421], [-46.70522305, -23.95110229], [-46.70409967, -23.95025906], [-46.70362551, -23.9498384], [-46.70311653, -23.94930894], [-46.70290533, -23.94916207], [-46.70268493, -23.94906034], [-46.70233414, -23.94897519], [-46.701955, -23.94898907], [-46.70147971, -23.94917347], [-46.70094152, -23.94956489], [-46.70082374, -23.94955456], [-46.7007824, -23.94942767], [-46.70092562, -23.94899576], [-46.70093238, -23.94880618], [-46.70087143, -23.94848942], [-46.70064864, -23.94847793], [-46.70052551, -23.94854882], [-46.70041012, -23.94868301], [-46.70035667, -23.94887207], [-46.70026183, -23.94903358], [-46.69988062, -23.94925515], [-46.69948647, -23.94943141], [-46.69885494, -23.94963214], [-46.6984319, -23.94976297], [-46.69793086, -23.94984774], [-46.69782054, -23.94982841], [-46.69776961, -23.94982785], [-46.69738815, -23.94987786], [-46.69709525, -23.94987462], [-46.69646168, -23.94994888], [-46.69615638, -23.95004484], [-46.69572539, -23.9504555], [-46.69562541, -23.95044536], [-46.69541252, -23.95033463], [-46.69515898, -23.94995251], [-46.69494279, -23.94990496], [-46.69485428, -23.94995817], [-46.6947886, -23.95004775], [-46.6946454, -23.95052481], [-46.69454243, -23.9506501], [-46.69447255, -23.95068545], [-46.69438545, -23.95067546], [-46.69414125, -23.95056438], [-46.69381358, -23.95026272], [-46.69296173, -23.94979269], [-46.69271301, -23.94969962], [-46.69254571, -23.94967062], [-46.69231757, -23.94974034], [-46.69224241, -23.94980277], [-46.69196125, -23.95044988], [-46.69183685, -23.95052075], [-46.69166809, -23.95050984], [-46.69144664, -23.95044417], [-46.69132132, -23.95035246], [-46.691321, -23.95023787], [-46.691654, -23.9494801], [-46.69170402, -23.94922779], [-46.69167392, -23.94903776], [-46.69144647, -23.94877338], [-46.69069883, -23.94832255], [-46.69033922, -23.94802053], [-46.69022128, -23.94811856], [-46.68982174, -23.94865599], [-46.68984736, -23.94876464], [-46.69024846, -23.94908519], [-46.69021244, -23.94925638], [-46.690097, -23.94934541], [-46.69000955, -23.94950704], [-46.69009765, -23.94962538], [-46.69027862, -23.94973576], [-46.69033637, -23.94987191], [-46.69030398, -23.94995283], [-46.68967262, -23.95027996], [-46.68952352, -23.95026927], [-46.68934739, -23.95016797], [-46.68925158, -23.94997726], [-46.68912956, -23.95001202], [-46.68899023, -23.95014594], [-46.68893853, -23.95024471], [-46.6889623, -23.95035334], [-46.68909426, -23.95045415], [-46.68944508, -23.95062964], [-46.68952324, -23.95071179], [-46.6895255, -23.95086534], [-46.68945766, -23.95098199], [-46.68878392, -23.95167892], [-46.6888343, -23.95204976], [-46.6887485, -23.95213008], [-46.68853459, -23.95214576], [-46.68836436, -23.95219806], [-46.68831296, -23.95255873], [-46.68819839, -23.9526297], [-46.68801394, -23.95269087], [-46.68784658, -23.95280641], [-46.68783851, -23.95290566], [-46.68792731, -23.95311432], [-46.6880493, -23.95317894], [-46.68842207, -23.95322824], [-46.68848742, -23.95325606], [-46.68855721, -23.95336521], [-46.68854413, -23.95356374], [-46.68843475, -23.95366187], [-46.68812547, -23.95383002], [-46.68803115, -23.95413602], [-46.68808829, -23.95450697], [-46.68804685, -23.95494903], [-46.68810839, -23.95531096], [-46.68846137, -23.95639861], [-46.68857716, -23.95662133], [-46.68866745, -23.95665521], [-46.68858416, -23.95663478], [-46.68871536, -23.95724883], [-46.68883164, -23.95750129], [-46.68904782, -23.95765332], [-46.68968347, -23.95787387], [-46.6904948, -23.95845548], [-46.69082966, -23.95904323], [-46.6914074, -23.95926803], [-46.69168184, -23.95981762], [-46.69230317, -23.96044556], [-46.69239345, -23.96096377], [-46.69256338, -23.96133482], [-46.6925525, -23.96151075], [-46.69262874, -23.96168516], [-46.69263144, -23.96189224], [-46.69246798, -23.96211709], [-46.6922827, -23.96208727], [-46.68333393, -23.95749734], [-46.67777267, -23.95476553], [-46.65501726, -23.94279257], [-46.65447184, -23.94247933], [-46.65420282, -23.94220535], [-46.65407816, -23.94220393], [-46.65396017, -23.94225678], [-46.65379873, -23.94248073], [-46.65344124, -23.94330754], [-46.65299092, -23.94405202], [-46.65207897, -23.9450532], [-46.65161016, -23.94548137], [-46.6512341, -23.94558548], [-46.65021441, -23.94537521], [-46.64935733, -23.94549191], [-46.64916574, -23.94548973], [-46.64905726, -23.94542528], [-46.6489334, -23.9449091], [-46.64887617, -23.94482717], [-46.64877693, -23.94476278], [-46.64809829, -23.94498992], [-46.64793918, -23.94508745], [-46.64774198, -23.94527487], [-46.64748177, -23.94566927], [-46.64726385, -23.94598288], [-46.6468408, -23.946249], [-46.64645075, -23.94634391], [-46.64608477, -23.9463849], [-46.64590253, -23.94632864], [-46.64577227, -23.94617692], [-46.64575146, -23.94610405], [-46.64576369, -23.94601097], [-46.64583466, -23.94584921], [-46.64582398, -23.94573169], [-46.64576302, -23.94564972], [-46.6450427, -23.94518996], [-46.64490603, -23.94517034], [-46.64476331, -23.94523193], [-46.64458001, -23.94552787], [-46.6443652, -23.9456067], [-46.64415754, -23.94561337], [-46.64403804, -23.94568425], [-46.64398366, -23.94575588], [-46.644001, -23.94592767], [-46.64415714, -23.94628166], [-46.64404896, -23.94651524], [-46.64389424, -23.9466941], [-46.64371384, -23.94681848], [-46.64301651, -23.9470634], [-46.64278875, -23.9474672], [-46.64260444, -23.94788053], [-46.64243953, -23.94799605], [-46.64220789, -23.94800244], [-46.64188487, -23.94786329], [-46.64167035, -23.94783375], [-46.64152969, -23.94774183], [-46.64098448, -23.94713956], [-46.64075667, -23.94704665], [-46.64056912, -23.94706257], [-46.64001231, -23.94749874], [-46.63996527, -23.94757045], [-46.6398215, -23.94762299], [-46.63965338, -23.94761204], [-46.63943488, -23.9475102], [-46.63959908, -23.9471931], [-46.63973682, -23.94707113], [-46.64014885, -23.9468049], [-46.64027174, -23.94661665], [-46.6402623, -23.94640883], [-46.64018553, -23.94618217], [-46.63979649, -23.94551846], [-46.63981551, -23.94517927], [-46.63975459, -23.94513322], [-46.63970063, -23.94508036], [-46.63977195, -23.94497273], [-46.63979282, -23.94492918], [-46.63967242, -23.94461389], [-46.63974673, -23.94352197], [-46.63981648, -23.94336021], [-46.64017072, -23.9429127], [-46.64024403, -23.94271485], [-46.64011126, -23.9421805], [-46.64007573, -23.94176466], [-46.64011109, -23.94169282], [-46.64031225, -23.94153255], [-46.64119963, -23.94121756], [-46.64129995, -23.94115549], [-46.64132451, -23.94106546], [-46.64103134, -23.94089955], [-46.64076864, -23.94079721], [-46.6398774, -23.94062448], [-46.63974135, -23.9405597], [-46.63956743, -23.94043128], [-46.63932718, -23.9398957], [-46.63907726, -23.93953156], [-46.63901473, -23.93929603], [-46.63899012, -23.93888935], [-46.63915158, -23.93825901], [-46.63912454, -23.93794261], [-46.63903302, -23.93772359], [-46.63900015, -23.93773818], [-46.63885628, -23.93751953], [-46.63872173, -23.93739614], [-46.63854018, -23.93728569], [-46.63834322, -23.93722926], [-46.63786942, -23.93720578], [-46.63706802, -23.9372508], [-46.63679012, -23.93722956], [-46.63651787, -23.93715419], [-46.63613534, -23.93687888], [-46.63573091, -23.93635948], [-46.63552535, -23.93621263], [-46.6353792, -23.93621095], [-46.63500109, -23.9362879], [-46.63457175, -23.93647264], [-46.63438793, -23.93662406], [-46.63417268, -23.936739], [-46.63406717, -23.93672876], [-46.63393028, -23.93663688], [-46.63373732, -23.93641792], [-46.63361464, -23.93618171], [-46.63321686, -23.93567141], [-46.63297841, -23.93546091], [-46.63252414, -23.93522089], [-46.63237641, -23.93511082], [-46.63221553, -23.9348832], [-46.63217916, -23.93453057], [-46.6322364, -23.93434157], [-46.63254068, -23.93386641], [-46.63226508, -23.9333575], [-46.6321245, -23.93294949], [-46.63209319, -23.93272335], [-46.63205569, -23.93159402], [-46.63178047, -23.93128376], [-46.63171243, -23.93086754], [-46.63150122, -23.93050387], [-46.63148367, -23.9303953], [-46.6315448, -23.93018828], [-46.63165864, -23.93003606], [-46.63215032, -23.92977979], [-46.63231079, -23.9296281], [-46.63242503, -23.92940363], [-46.63260744, -23.92876451], [-46.63280807, -23.92832428], [-46.6329455, -23.92815427], [-46.63327201, -23.92789611], [-46.63332935, -23.9278787], [-46.63345989, -23.92771763], [-46.6334778, -23.92764407], [-46.63341161, -23.92747485], [-46.63340253, -23.9274641], [-46.63322482, -23.92734466], [-46.63317299, -23.92727182], [-46.63316736, -23.92714527], [-46.63326745, -23.92705615], [-46.63381978, -23.92680956], [-46.63389896, -23.92672016], [-46.63395824, -23.92642285], [-46.63395225, -23.92609762], [-46.63373879, -23.92580617], [-46.63370284, -23.92565223], [-46.6337077, -23.9254265], [-46.63387543, -23.92514846], [-46.63393242, -23.92497752], [-46.63393819, -23.92482405], [-46.63354488, -23.92448539], [-46.63352473, -23.92425035], [-46.63423921, -23.92304835], [-46.63442203, -23.92260796], [-46.63449643, -23.92241912], [-46.63465518, -23.92185192], [-46.63469432, -23.921455], [-46.6346582, -23.92131008], [-46.63453013, -23.92110993], [-46.63434103, -23.92092714], [-46.63428403, -23.92073683], [-46.63445056, -23.92050393], [-46.63474729, -23.92026348], [-46.6349053, -23.91997629], [-46.63491258, -23.91966931], [-46.63485189, -23.91916287], [-46.63496259, -23.91864936], [-46.63495413, -23.91836929], [-46.63492647, -23.91827866], [-46.6348857, -23.91816079], [-46.6343211, -23.91750403], [-46.63420165, -23.91721366], [-46.63420334, -23.91704208], [-46.63442094, -23.91643948], [-46.63456601, -23.91624246], [-46.63485848, -23.91595681], [-46.63497364, -23.91579556], [-46.63503089, -23.91561856], [-46.63504312, -23.91554345], [-46.63504166, -23.91539897], [-46.63499941, -23.91525398], [-46.63490488, -23.91515074], [-46.61601628, -23.92513844], [-46.6111593, -23.91711831], [-46.61070077, -23.91717588], [-46.60956349, -23.91663632], [-46.60975941, -23.91698177], [-46.61001262, -23.9175013], [-46.61019318, -23.91794593], [-46.61022618, -23.91804656], [-46.61024144, -23.9181515], [-46.6102249, -23.91864081], [-46.61024538, -23.91886593], [-46.61026579, -23.91902512], [-46.61031801, -23.91915758], [-46.61040201, -23.91933647], [-46.61037543, -23.91941203], [-46.61032144, -23.91940869], [-46.61022884, -23.91935524], [-46.61016005, -23.9192849], [-46.60992455, -23.91897781], [-46.60987414, -23.91892845], [-46.60982426, -23.91891252], [-46.60979669, -23.91891672], [-46.60972855, -23.91894212], [-46.60966602, -23.91898835], [-46.60958019, -23.9190858], [-46.60946813, -23.91923351], [-46.60926529, -23.91948133], [-46.60908633, -23.91963549], [-46.60899256, -23.91973826], [-46.60895278, -23.91984527], [-46.60892374, -23.91995602], [-46.6089185, -23.92012304], [-46.60893915, -23.92055046], [-46.60899474, -23.92122394], [-46.60905247, -23.92145582], [-46.60915951, -23.92174516], [-46.60938134, -23.92247566], [-46.60953553, -23.9228369], [-46.60967893, -23.92312666], [-46.61001854, -23.92357946], [-46.61021216, -23.92393212], [-46.61026926, -23.9241378], [-46.61028823, -23.92433038], [-46.61027473, -23.92452711], [-46.61022589, -23.92486341], [-46.61013303, -23.92504386], [-46.60970481, -23.92553381], [-46.60956572, -23.92571734], [-46.60944973, -23.92593545], [-46.60942089, -23.92617535], [-46.60940691, -23.92633504], [-46.6094578, -23.92656412], [-46.60954917, -23.92692192], [-46.60961322, -23.92705091], [-46.60972921, -23.92719043], [-46.60991669, -23.92734614], [-46.61003578, -23.92740262], [-46.61015235, -23.92742835], [-46.61089695, -23.9272952], [-46.61118454, -23.927173], [-46.61130364, -23.92715722], [-46.61142136, -23.92717033], [-46.61157401, -23.9272877], [-46.61161314, -23.92737124], [-46.61165468, -23.92749455], [-46.61167552, -23.92769438], [-46.61166669, -23.92790832], [-46.61158846, -23.92845381], [-46.61159295, -23.92884221], [-46.61161268, -23.92897971], [-46.61167684, -23.92910147], [-46.61185287, -23.92930491], [-46.61234653, -23.92963125], [-46.61253621, -23.92984207], [-46.61275571, -23.93017155], [-46.61306058, -23.93050924], [-46.6133067, -23.9306882], [-46.61355295, -23.93078678], [-46.61382897, -23.93079179], [-46.61406916, -23.93075935], [-46.61521206, -23.93038513], [-46.61541695, -23.93034687], [-46.61565387, -23.93033696], [-46.61592479, -23.9304277], [-46.61601901, -23.93050736], [-46.61621876, -23.93070114], [-46.61637074, -23.93093861], [-46.61644364, -23.9313558], [-46.61644579, -23.93184441], [-46.61645446, -23.93228795], [-46.61633255, -23.93344164], [-46.61623675, -23.9339797], [-46.61616367, -23.93443764], [-46.61610379, -23.93472053], [-46.61605848, -23.93483384], [-46.6162427, -23.9353325], [-46.61654693, -23.93648964], [-46.6167908, -23.93698101], [-46.61698264, -23.93723906], [-46.61734078, -23.93751792], [-46.61781184, -23.93771343], [-46.61796255, -23.93774525], [-46.61833093, -23.93774227], [-46.61851007, -23.93776928], [-46.61887049, -23.93775826], [-46.61903616, -23.93812313], [-46.61941031, -23.93850386], [-46.62025936, -23.93907192], [-46.62029904, -23.93925932], [-46.61994658, -23.93975066], [-46.61994526, -23.9398816], [-46.62006609, -23.94003745], [-46.62050468, -23.94046445], [-46.62057488, -23.94057839], [-46.62068295, -23.9408933], [-46.62066679, -23.94298119], [-46.62071987, -23.94337614], [-46.62081847, -23.94364058], [-46.62097079, -23.94435053], [-46.6211245, -23.94477963], [-46.62121105, -23.94533677], [-46.62119061, -23.94558802], [-46.62110391, -23.94588331], [-46.62072918, -23.94648053], [-46.62078631, -23.94688537], [-46.62111689, -23.94786524], [-46.6213451, -23.94796487], [-46.62166474, -23.94814751], [-46.6218617, -23.94834138], [-46.6223159, -23.94914927], [-46.6228074, -23.9498746], [-46.62283808, -23.94997089], [-46.6228358, -23.95018131], [-46.62259723, -23.95066694], [-46.62256692, -23.95083612], [-46.62258835, -23.95105712], [-46.62283796, -23.9514527], [-46.6230705, -23.95205525], [-46.62324569, -23.95239292], [-46.623637, -23.9527274], [-46.62383419, -23.9527813], [-46.62423525, -23.95256034], [-46.62455884, -23.95227248], [-46.62508774, -23.95159054], [-46.62533973, -23.95154814], [-46.62555423, -23.95157296], [-46.62569692, -23.95166897], [-46.62597021, -23.95175818], [-46.6264809, -23.95181869], [-46.62673083, -23.95176909], [-46.62717832, -23.9515684], [-46.62731385, -23.95156335], [-46.62754297, -23.95165664], [-46.62771238, -23.95192484], [-46.62854438, -23.95300231], [-46.62889918, -23.95332362], [-46.62916945, -23.9534851], [-46.62954777, -23.95356596], [-46.62977612, -23.95351929], [-46.63014109, -23.95332037], [-46.63029982, -23.95312816], [-46.63055497, -23.95294756], [-46.63157111, -23.95249339], [-46.6323964, -23.95194283], [-46.63251272, -23.95189464], [-46.6327493, -23.95187767], [-46.63285972, -23.9519072], [-46.63349198, -23.95225806], [-46.63395405, -23.95227933], [-46.63432032, -23.95218423], [-46.6349806, -23.95179523], [-46.63530262, -23.95185321], [-46.63533917, -23.95194673], [-46.635274, -23.95231042], [-46.63529211, -23.95249986], [-46.63536125, -23.95268423], [-46.63546776, -23.95279417], [-46.6357978, -23.95302001], [-46.63591419, -23.9532111], [-46.63609003, -23.95336364], [-46.63627236, -23.95340775], [-46.63686493, -23.95341498], [-46.6369951, -23.95345242], [-46.63742962, -23.95370423], [-46.63779384, -23.9538358], [-46.63810799, -23.95404735], [-46.63827341, -23.9542307], [-46.63858304, -23.95478454], [-46.63930449, -23.95550374], [-46.63989925, -23.95583872], [-46.6400754, -23.95609328], [-46.6402931, -23.95668061], [-46.64052441, -23.95702307], [-46.64105149, -23.95759896], [-46.64148456, -23.95796727], [-46.6416429, -23.95805677], [-46.64181343, -23.9580992], [-46.64201492, -23.95810426], [-46.6422697, -23.95804917], [-46.64245794, -23.95793879], [-46.64258837, -23.9574534], [-46.64270165, -23.95716594], [-46.64283155, -23.95694874], [-46.64319678, -23.95653848], [-46.64346452, -23.9564986], [-46.6436042, -23.9565883], [-46.64384782, -23.95689361], [-46.64399695, -23.95695342], [-46.64461345, -23.95690979], [-46.64529256, -23.95707589], [-46.64597587, -23.95718595], [-46.64628712, -23.95716816], [-46.6466163, -23.95709239], [-46.64707435, -23.95718319], [-46.64739926, -23.95715713], [-46.64748324, -23.95719325], [-46.6475282, -23.95725237], [-46.64760329, -23.95751704], [-46.64770492, -23.95762702], [-46.6479851, -23.95763846], [-46.64812359, -23.95755751], [-46.6485734, -23.95738562], [-46.64868039, -23.95737725], [-46.64893839, -23.95742144], [-46.6490646, -23.95753295], [-46.64913226, -23.9576767], [-46.6492978, -23.95871787], [-46.64947849, -23.95924959], [-46.64968905, -23.95950377], [-46.65008386, -23.95987427], [-46.65038608, -23.96007329], [-46.6505964, -23.9601532], [-46.65079224, -23.96019963], [-46.65081591, -23.96043546], [-46.65077023, -23.96071384], [-46.65073875, -23.96080694], [-46.65071632, -23.96105955], [-46.65056101, -23.96146419], [-46.65030187, -23.96200763], [-46.65003335, -23.96248924], [-46.64963783, -23.9629905], [-46.64959492, -23.96305624], [-46.64928772, -23.96357971], [-46.64913879, -23.96403368], [-46.64918151, -23.96462777], [-46.64923649, -23.96507955], [-46.64938189, -23.96545281], [-46.64945319, -23.96552959], [-46.64970329, -23.96584033], [-46.64999463, -23.96607631], [-46.65039888, -23.96634338], [-46.65080265, -23.96657169], [-46.65133307, -23.96680509], [-46.6516738, -23.96705346], [-46.65199958, -23.96733525], [-46.65205759, -23.96736922], [-46.65206676, -23.96741168], [-46.65229878, -23.96764681], [-46.65242123, -23.9680208], [-46.65254162, -23.96892791], [-46.65259362, -23.96969638], [-46.65261334, -23.97069138], [-46.65255954, -23.97143514], [-46.65251486, -23.9715244], [-46.65238631, -23.97190225], [-46.65219727, -23.97227671], [-46.65213897, -23.97233729], [-46.65190728, -23.97262818], [-46.65137685, -23.97299886], [-46.65075372, -23.97321882], [-46.64993784, -23.97321467], [-46.649085, -23.97306874], [-46.64824021, -23.9730035], [-46.64793072, -23.97300037], [-46.64762941, -23.97308761], [-46.64720927, -23.97328885], [-46.64704795, -23.97334529], [-46.64653164, -23.9735968], [-46.64606821, -23.9738444], [-46.64596594, -23.97390358], [-46.6447525, -23.9742751], [-46.64457156, -23.97431274], [-46.64408577, -23.97427271], [-46.64340692, -23.97398271], [-46.64264769, -23.97345446], [-46.64220074, -23.97314905], [-46.64204796, -23.9731032], [-46.64184734, -23.97301066], [-46.64104413, -23.97289646], [-46.63969926, -23.9727719], [-46.63890374, -23.97270931], [-46.63848967, -23.97277836], [-46.63787408, -23.9730402], [-46.63722053, -23.97342598], [-46.63592648, -23.97456623], [-46.63547762, -23.9749298], [-46.63527889, -23.97515183], [-46.63512473, -23.975312], [-46.63442216, -23.97537118], [-46.63364249, -23.97545057], [-46.63292053, -23.97564567], [-46.63236252, -23.97601351], [-46.63194207, -23.97624059], [-46.63174348, -23.97647418], [-46.63164504, -23.97656399], [-46.63110681, -23.97682821], [-46.63044094, -23.97700978], [-46.62946191, -23.97689739], [-46.62881986, -23.97673618], [-46.62816553, -23.97671728], [-46.62761006, -23.97672964], [-46.62708955, -23.97672547], [-46.62636991, -23.97654569], [-46.62556164, -23.97632951], [-46.62515702, -23.97625005], [-46.6246113, -23.97633958], [-46.62395021, -23.97657388], [-46.62344654, -23.97690223], [-46.62283917, -23.97726756], [-46.62206076, -23.97749114], [-46.62155379, -23.97755632], [-46.62097932, -23.97743079], [-46.62045649, -23.97726882], [-46.62006279, -23.97702175], [-46.61961463, -23.97658383], [-46.61916497, -23.97602628], [-46.61838314, -23.97493388], [-46.61809091, -23.97447038], [-46.61782038, -23.97418013], [-46.61737447, -23.97392163], [-46.61681185, -23.97370025], [-46.61617202, -23.97355146], [-46.61546859, -23.97352298], [-46.61485793, -23.97362512], [-46.6145012, -23.97373056], [-46.61358993, -23.97374015], [-46.61308296, -23.9738053], [-46.61264005, -23.97378603], [-46.6122489, -23.97374228], [-46.61179103, -23.97356764], [-46.61125446, -23.97334597], [-46.61037585, -23.97284076], [-46.60991081, -23.97261234], [-46.60918001, -23.97247645], [-46.60873561, -23.97233754], [-46.60751914, -23.9719381], [-46.60737476, -23.97178951], [-46.6068487, -23.97136433], [-46.60652117, -23.97120027], [-46.60568867, -23.97073642], [-46.60455167, -23.9703894], [-46.60397022, -23.97022201], [-46.60352771, -23.97006045], [-46.6029096, -23.97000872], [-46.60240447, -23.97013038], [-46.60212006, -23.970177], [-46.6019381, -23.97013557], [-46.60136309, -23.96996211], [-46.60095688, -23.96975101], [-46.60051072, -23.96946853], [-46.6001835, -23.96932838], [-46.59989519, -23.96917586], [-46.59977626, -23.96903353], [-46.5995216, -23.96897039], [-46.5993645, -23.96890024], [-46.59918195, -23.96887822], [-46.59901184, -23.96880821], [-46.59873802, -23.96877517], [-46.59787736, -23.96892642], [-46.59749886, -23.96904675], [-46.59734939, -23.96913658], [-46.59675691, -23.96965719], [-46.59652598, -23.96993475], [-46.5964399, -23.97011477], [-46.59927974, -23.97214846], [-46.59937615, -23.97211386], [-46.5996172, -23.97213753], [-46.60010014, -23.97233116], [-46.60220591, -23.97350836], [-46.60263729, -23.97390298], [-46.60313471, -23.97478994], [-46.60341266, -23.97509405], [-46.60353017, -23.97513978], [-46.6037199, -23.97514502], [-46.60404428, -23.97499264], [-46.60434099, -23.97490736], [-46.60453154, -23.97489905], [-46.60480142, -23.9749486], [-46.60497225, -23.97501453], [-46.6052148, -23.97515828], [-46.60533603, -23.97526628], [-46.6058852, -23.97596577], [-46.60635779, -23.97635362], [-46.60710198, -23.97677023], [-46.60820793, -23.97719569], [-46.60875035, -23.97750786], [-46.60912583, -23.9778299], [-46.60938671, -23.97818204], [-46.6095348, -23.97831593], [-46.60969513, -23.97840636], [-46.60985393, -23.97845255], [-46.6103303, -23.9784313], [-46.61058266, -23.97857313], [-46.61064465, -23.97865826], [-46.61070559, -23.97905403], [-46.61090661, -23.97972917], [-46.61102721, -23.97994371], [-46.61142218, -23.9802511], [-46.61181624, -23.98040679], [-46.61250787, -23.9805458], [-46.6132688, -23.9809613], [-46.61352089, -23.98115912], [-46.61367226, -23.98131916], [-46.61401004, -23.98200549], [-46.61420456, -23.98231497], [-46.61439964, -23.98251158], [-46.6146315, -23.98266355], [-46.61488063, -23.98278102], [-46.61527881, -23.98287165], [-46.61590536, -23.98307093], [-46.6161475, -23.98317944], [-46.61649157, -23.98342324], [-46.61694319, -23.98393679], [-46.61729061, -23.98421306], [-46.61811855, -23.98464047], [-46.61850662, -23.98478627], [-46.61886733, -23.98486734], [-46.61931314, -23.98491501], [-46.61973641, -23.98504689], [-46.62030005, -23.98555745], [-46.62063593, -23.98577423], [-46.62107303, -23.98598994], [-46.6215723, -23.98638288], [-46.62185319, -23.9866806], [-46.62211933, -23.98705704], [-46.62253742, -23.98755919], [-46.62316574, -23.98813136], [-46.62384226, -23.98855041], [-46.62420554, -23.98867749], [-46.62494116, -23.98910675], [-46.62552556, -23.9893886], [-46.62554763, -23.98942449], [-46.6263885, -23.98978128], [-46.62676969, -23.98984767], [-46.6270996, -23.9898216], [-46.62830218, -23.98955509], [-46.62870489, -23.98953547], [-46.62894725, -23.98958165], [-46.62909966, -23.98966492], [-46.62924092, -23.98979977], [-46.62940228, -23.99004818], [-46.62947317, -23.99052691], [-46.6297106, -23.99088377], [-46.62990715, -23.9910388], [-46.63030831, -23.99121665], [-46.63107957, -23.99167795], [-46.63205171, -23.99197406], [-46.6331977, -23.99212891], [-46.63372335, -23.99228714], [-46.63413855, -23.99277265], [-46.6343006, -23.99307432], [-46.63459584, -23.9938044], [-46.63471812, -23.99399272], [-46.6349236, -23.99415306], [-46.63537393, -23.99440019], [-46.63561932, -23.99445266], [-46.63598374, -23.99443432], [-46.63682393, -23.99415229], [-46.63706144, -23.9940349], [-46.63735698, -23.99398262], [-46.63755141, -23.99400166], [-46.63821224, -23.99422903], [-46.63842403, -23.99434415], [-46.63878207, -23.99467624], [-46.63890115, -23.99484382], [-46.63930363, -23.99589059], [-46.63979892, -23.99681536], [-46.64027102, -23.99730515], [-46.64079771, -23.99768237], [-46.64111714, -23.99775048], [-46.64160866, -23.99753122], [-46.64177146, -23.99748612], [-46.64218975, -23.99744844], [-46.6424693, -23.99749317], [-46.64267049, -23.99759029], [-46.64299787, -23.99787849], [-46.64325315, -23.99819207], [-46.64363193, -23.99846009], [-46.64384731, -23.99850934], [-46.64441761, -23.9985267], [-46.64725499, -23.99957871], [-46.64748199, -23.99965805], [-46.64853502, -24.00015318], [-46.64878545, -24.00038992], [-46.64920059, -24.0007333], [-46.64973609, -24.00104372], [-46.64957158, -24.00143469], [-46.64946102, -24.00176126], [-46.64883993, -24.00320727], [-46.64877979, -24.00336644], [-46.64869686, -24.00361204], [-46.64858856, -24.0038429], [-46.64847066, -24.0040574], [-46.64832722, -24.0042698], [-46.64812489, -24.00454836], [-46.64793871, -24.0047955], [-46.64775297, -24.00501013], [-46.64764194, -24.00515246], [-46.64749111, -24.00532955], [-46.64710824, -24.00572798], [-46.64686578, -24.00599344], [-46.64669832, -24.00623717], [-46.64648422, -24.00658694], [-46.64594969, -24.00751465], [-46.64572905, -24.00798445], [-46.64559399, -24.00823127], [-46.64547717, -24.00843765], [-46.6451762, -24.00888576], [-46.64485048, -24.00927309], [-46.64438517, -24.00980603], [-46.64411409, -24.01007838], [-46.64373883, -24.0104218], [-46.64328344, -24.01080132], [-46.64300844, -24.01078193], [-46.64271978, -24.01075426], [-46.64233701, -24.01070655], [-46.64209999, -24.01064063], [-46.64181957, -24.01058506], [-46.64152833, -24.01060341], [-46.64117699, -24.01063101], [-46.64063719, -24.01063659], [-46.64035029, -24.01062429], [-46.63996721, -24.0105269], [-46.63949961, -24.01028314], [-46.63911266, -24.0100358], [-46.6382987, -24.00959663], [-46.63791615, -24.00946131], [-46.63721369, -24.00935485], [-46.63675577, -24.00934058], [-46.63623956, -24.00934642], [-46.63577561, -24.00941426], [-46.6349479, -24.0095547], [-46.63445144, -24.00969983], [-46.63424851, -24.00980227], [-46.63406711, -24.00991217], [-46.63386395, -24.01010491], [-46.63368828, -24.01037202], [-46.63354097, -24.01065029], [-46.63340036, -24.01086903], [-46.63321604, -24.01104934], [-46.63304803, -24.01111425], [-46.63277754, -24.01112469], [-46.63167627, -24.01106601], [-46.63140686, -24.01106925], [-46.63108589, -24.0111044], [-46.6303784, -24.01136811], [-46.63014143, -24.01137081], [-46.6300394, -24.01135519], [-46.62992846, -24.01127174], [-46.62976949, -24.01074432], [-46.62960628, -24.01052841], [-46.62936704, -24.01033692], [-46.62870116, -24.01007189], [-46.6282269, -24.00981268], [-46.62811784, -24.00973557], [-46.62670498, -24.00909711], [-46.62642407, -24.00900628], [-46.62565727, -24.00878885], [-46.62531279, -24.00874605], [-46.62440643, -24.0086706], [-46.62417, -24.00863446], [-46.6227113, -24.00833138], [-46.62227865, -24.00819365], [-46.62175253, -24.00806205], [-46.62128535, -24.00793385], [-46.6209885, -24.00785908], [-46.62065811, -24.00779296], [-46.62039501, -24.00776554], [-46.6198714, -24.00773873], [-46.6195563, -24.00770439], [-46.61924318, -24.00759692], [-46.61888519, -24.00746364], [-46.61847918, -24.00724854], [-46.61824303, -24.00704803], [-46.61799023, -24.00677148], [-46.61776727, -24.00646998], [-46.6175586, -24.00612981], [-46.61702036, -24.0051609], [-46.61668399, -24.00467025], [-46.61618543, -24.00396369], [-46.61587136, -24.00363946], [-46.61553529, -24.00319938], [-46.61488366, -24.00240074], [-46.61457229, -24.0020955], [-46.61421431, -24.00181953], [-46.61389112, -24.00165955], [-46.61367873, -24.00159207], [-46.61350099, -24.00157827], [-46.61320566, -24.00160827], [-46.6126158, -24.00175406], [-46.612312, -24.00175686], [-46.61211837, -24.00168327], [-46.61181163, -24.00147111], [-46.61153329, -24.00119515], [-46.61132543, -24.00108346], [-46.61109, -24.00104732], [-46.61073276, -24.00107659], [-46.6105677, -24.00114151], [-46.61034883, -24.00125908], [-46.610198, -24.00136119], [-46.61006162, -24.00141379], [-46.60987079, -24.00142241], [-46.60970037, -24.00137709], [-46.60950499, -24.00121588], [-46.60938095, -24.00101485], [-46.60934813, -24.00089888], [-46.60933707, -24.00077412], [-46.60936147, -24.00057211], [-46.60942483, -24.00039675], [-46.60934747, -24.00023239], [-46.60891519, -23.99971351], [-46.60844546, -23.99913008], [-46.60801322, -23.99868074], [-46.60756056, -23.99828625], [-46.60716967, -23.998046], [-46.60636582, -23.99774225], [-46.60557247, -23.99753254], [-46.60502998, -23.99737993], [-46.60463905, -23.99721464], [-46.60426051, -23.99700704], [-46.60386829, -23.99672161], [-46.60349326, -23.99640206], [-46.60319548, -23.99618276], [-46.60268521, -23.99590498], [-46.60237858, -23.99575782], [-46.60158857, -23.99544969], [-46.60105174, -23.9953152], [-46.60037296, -23.99520975], [-46.59981449, -23.9952195], [-46.59948902, -23.99529788], [-46.59895908, -23.99558972], [-46.59875825, -23.99575355], [-46.59847274, -23.99606991], [-46.5982072, -23.99643437], [-46.59791539, -23.99670822], [-46.59768646, -23.99684281], [-46.5972788, -23.99696358], [-46.59710755, -23.99697874], [-46.59666366, -23.99694737], [-46.59649998, -23.99691294], [-46.59610315, -23.99674846], [-46.59595421, -23.99671421], [-46.59581675, -23.99670267], [-46.59525236, -23.99678367], [-46.5949728, -23.99681201], [-46.59490009, -23.99680935], [-46.59483932, -23.9967969], [-46.59463204, -23.99671591], [-46.5944921, -23.99667093], [-46.59437246, -23.99664966], [-46.59401314, -23.99661656], [-46.59370362, -23.99660752], [-46.59342428, -23.9966196], [-46.5934216, -23.99681283], [-46.59334232, -23.99714244], [-46.59307451, -23.99759898], [-46.592816, -23.99788133], [-46.59236524, -23.9984161], [-46.59225677, -23.99858191], [-46.59217242, -23.9987805], [-46.59215632, -23.99894919], [-46.59216571, -23.9991227], [-46.59217626, -23.99914179], [-46.59233478, -24.00004493], [-46.59226603, -24.00025274], [-46.59194002, -24.00043948], [-46.59189301, -24.00063941], [-46.59197551, -24.00099891], [-46.59205733, -24.00126628], [-46.59212714, -24.0016193], [-46.59222428, -24.00205754], [-46.59226419, -24.0025818], [-46.59224627, -24.00295276], [-46.59215189, -24.00344926], [-46.59196749, -24.00398624], [-46.59167336, -24.00463754], [-46.59130491, -24.00540266], [-46.59110616, -24.00576879], [-46.59087289, -24.00607221], [-46.59042915, -24.00645353], [-46.58996452, -24.00692221], [-46.5897997, -24.00718127], [-46.58972461, -24.00749105], [-46.58974259, -24.00803673], [-46.58971289, -24.00826396], [-46.58950296, -24.00858571], [-46.58924962, -24.00891778], [-46.58917454, -24.00915622], [-46.58921252, -24.00946552], [-46.58937258, -24.00976181], [-46.58970259, -24.01006731], [-46.59016616, -24.01045384], [-46.59028602, -24.01060065], [-46.59098365, -24.01140715], [-46.59147281, -24.01193396], [-46.59174496, -24.01215841], [-46.59206084, -24.01234995], [-46.59338202, -24.01313936], [-46.59404828, -24.01358605], [-46.59470456, -24.01411481], [-46.59551097, -24.01487831], [-46.59703104, -24.01650175], [-46.59762133, -24.01711281], [-46.59806128, -24.01750447], [-46.59849506, -24.01784457], [-46.59908411, -24.01833279], [-46.59945396, -24.01867485], [-46.59976361, -24.01903428], [-46.60029214, -24.01970421], [-46.60110164, -24.02060408], [-46.60145872, -24.0209469], [-46.6022878, -24.02185422], [-46.60299188, -24.02255779], [-46.60331125, -24.02285501], [-46.60358471, -24.02305958], [-46.60422623, -24.023524], [-46.60453117, -24.02379847], [-46.60483876, -24.02416599], [-46.60506245, -24.02470051], [-46.60507573, -24.02494991], [-46.60502311, -24.02520035], [-46.60494313, -24.02543964], [-46.60480782, -24.02569725], [-46.60455366, -24.02594716], [-46.60421118, -24.0261843], [-46.60409917, -24.02632117], [-46.60400006, -24.02659274], [-46.6039804, -24.02680564], [-46.60397405, -24.02719479], [-46.60404339, -24.02772842], [-46.60437486, -24.02921693], [-46.60443535, -24.02953642], [-46.60447253, -24.02983487], [-46.60448542, -24.03004092], [-46.60445391, -24.0302582], [-46.60443742, -24.03066981], [-46.60448614, -24.03091601], [-46.60457851, -24.03120517], [-46.60502431, -24.03189037], [-46.60533517, -24.03223625], [-46.60574946, -24.03285425], [-46.60584227, -24.03304046], [-46.60615264, -24.0334938], [-46.60648756, -24.03402057], [-46.60722636, -24.03527991], [-46.60818099, -24.0367901], [-46.60861681, -24.03748872], [-46.60887691, -24.03766603], [-46.60913372, -24.03786859], [-46.60919623, -24.0380418], [-46.60918371, -24.03816537], [-46.60911811, -24.03828833], [-46.60890623, -24.03839424], [-46.608605, -24.03849009], [-46.60829113, -24.03857585], [-46.60798771, -24.03875926], [-46.60771037, -24.03897729], [-46.60750271, -24.03927651], [-46.60732539, -24.03951376], [-46.60699477, -24.03988741], [-46.60644082, -24.04041198], [-46.60614325, -24.0408131], [-46.60619029, -24.04153881], [-46.60599109, -24.04172253], [-46.6051745, -24.04218173], [-46.60416077, -24.04253208], [-46.60337255, -24.04285885], [-46.60266301, -24.04282711], [-46.60192186, -24.0427354], [-46.60163807, -24.04284949], [-46.60144116, -24.04293841], [-46.60098345, -24.04325638], [-46.60049487, -24.04367332], [-46.59997519, -24.04427684], [-46.59961123, -24.04471239], [-46.59942386, -24.04503531], [-46.59940583, -24.0452726], [-46.59947422, -24.04544679], [-46.5995776, -24.04557984], [-46.59974827, -24.04575342], [-46.59989577, -24.04596736], [-46.60005398, -24.04625999], [-46.60016106, -24.04662337], [-46.6001756, -24.04692336], [-46.60008756, -24.04717429], [-46.59989977, -24.04745656], [-46.59981147, -24.04765511], [-46.59963516, -24.04803144], [-46.59958144, -24.04821866], [-46.59945622, -24.04852695], [-46.59931906, -24.04891638], [-46.5992202, -24.04916808], [-46.59904765, -24.049912], [-46.59900544, -24.05012012], [-46.59884408, -24.05048127], [-46.59877149, -24.05075315], [-46.59868667, -24.05098425], [-46.59852565, -24.05132102], [-46.59828419, -24.05171465], [-46.59814015, -24.05203265], [-46.5981758, -24.05229857], [-46.5983495, -24.05275123], [-46.59836052, -24.05302137], [-46.59824254, -24.05351668], [-46.59812658, -24.05393706], [-46.59794917, -24.05425016], [-46.59788404, -24.05447968], [-46.59790984, -24.05467595], [-46.59802498, -24.05488319], [-46.59823173, -24.0551511], [-46.59847168, -24.05529388], [-46.59875478, -24.05537394], [-46.59914513, -24.05530805], [-46.59964303, -24.05528677], [-46.60007262, -24.055299], [-46.60027069, -24.05534104], [-46.60045898, -24.0554507], [-46.6006534, -24.05561461], [-46.60086012, -24.05595567], [-46.60103261, -24.056141], [-46.60128491, -24.05638687], [-46.60172093, -24.05671705], [-46.60224621, -24.05727764], [-46.60244125, -24.05753909], [-46.60267126, -24.05811792], [-46.60293623, -24.05858608], [-46.60364991, -24.05953447], [-46.60385847, -24.05995773], [-46.60397749, -24.06045489], [-46.6040042, -24.06065749], [-46.60392787, -24.06084353], [-46.60373801, -24.06099033], [-46.60344362, -24.06115668], [-46.60326428, -24.06132437], [-46.60310881, -24.06154471], [-46.60299969, -24.0618261], [-46.60293725, -24.06235999], [-46.60296537, -24.06281636], [-46.60301379, -24.06308513], [-46.60311961, -24.06339882], [-46.60329353, -24.06369524], [-46.60349989, -24.0639216], [-46.60371719, -24.0642104], [-46.60388217, -24.06444169], [-46.6040905, -24.0648821], [-46.60415858, -24.0651511], [-46.60417494, -24.06546285], [-46.60417795, -24.06574373], [-46.60420694, -24.0661369], [-46.60427869, -24.06649715], [-46.60439324, -24.06674863], [-46.60491357, -24.06781487], [-46.60519178, -24.06839425], [-46.60545961, -24.06901415], [-46.60560383, -24.06925423], [-46.60580075, -24.06973785], [-46.60585947, -24.06997333], [-46.60596426, -24.07036286], [-46.6060349, -24.07058944], [-46.60612776, -24.07084518], [-46.60625335, -24.07108144], [-46.6064478, -24.07131668], [-46.60701045, -24.07188311], [-46.60741251, -24.072398], [-46.60757534, -24.07271596], [-46.60771677, -24.07323054], [-46.60791809, -24.0740384], [-46.60803242, -24.07430703], [-46.60829863, -24.07461716], [-46.60956783, -24.07587538], [-46.60992354, -24.07632922], [-46.61017211, -24.07677821], [-46.61041489, -24.07736259], [-46.61053066, -24.07767007], [-46.6106474, -24.0780498], [-46.61073998, -24.07832721], [-46.61091505, -24.07868594], [-46.61129496, -24.07938388], [-46.61153855, -24.07983823], [-46.61181642, -24.08037515], [-46.61201489, -24.08081994], [-46.61223514, -24.0813273], [-46.61235326, -24.08167905], [-46.61237715, -24.08187348], [-46.61232231, -24.08199837], [-46.6119987, -24.0822854], [-46.61138495, -24.082784], [-46.61125477, -24.08295227], [-46.61114866, -24.0834441], [-46.61106589, -24.08374115], [-46.61094584, -24.0839592], [-46.61090807, -24.08398896], [-46.61094417, -24.08401271], [-46.61107513, -24.08402487], [-46.61125152, -24.08397245], [-46.61137612, -24.0838691], [-46.61153225, -24.08345569], [-46.61169988, -24.08341058], [-46.6119904, -24.08344093], [-46.61226702, -24.08353824], [-46.61282346, -24.08383307], [-46.61302158, -24.08402422], [-46.6131907, -24.08417684], [-46.61333951, -24.08435767], [-46.61356071, -24.08478645], [-46.61356673, -24.08478638], [-46.61359279, -24.08498206], [-46.6132656, -24.08579458], [-46.61317363, -24.08614771], [-46.61317997, -24.08626142], [-46.61341507, -24.08642057], [-46.61360837, -24.08646187], [-46.61416151, -24.08641359], [-46.61434276, -24.08643516], [-46.61466166, -24.08660968], [-46.61497565, -24.08686371], [-46.61534007, -24.08706032], [-46.61574044, -24.08722133], [-46.61607933, -24.0872638], [-46.61648478, -24.08720263], [-46.61663347, -24.08721641], [-46.61672786, -24.08729216], [-46.61676202, -24.08742815], [-46.6167672, -24.08760508], [-46.61684578, -24.0878318], [-46.61709902, -24.08802507], [-46.61744214, -24.08817043], [-46.61761606, -24.08815595], [-46.61780016, -24.08809169], [-46.61858339, -24.0875669], [-46.61870295, -24.08753222], [-46.61879769, -24.08755741], [-46.61885434, -24.08760376], [-46.61887115, -24.08768937], [-46.61883635, -24.08805093], [-46.61873396, -24.08843487], [-46.61854825, -24.08891903], [-46.61851704, -24.08909725], [-46.61838056, -24.08942918], [-46.61836872, -24.08966137], [-46.61850952, -24.08982964], [-46.6186499, -24.08988594], [-46.61904229, -24.08995854], [-46.61941151, -24.0900666], [-46.61998855, -24.09035305], [-46.62015831, -24.09047767], [-46.62060182, -24.0909389], [-46.62080816, -24.09107848], [-46.62093466, -24.0911259], [-46.62103691, -24.09112211], [-46.62128561, -24.09087567], [-46.621608, -24.09046591], [-46.62175339, -24.09013929], [-46.62182859, -24.08962741], [-46.62182412, -24.08927259], [-46.62176033, -24.08881546], [-46.62161345, -24.08847659], [-46.62137435, -24.08815677], [-46.62034193, -24.08724578], [-46.61981666, -24.08669511], [-46.61914305, -24.08584532], [-46.61848287, -24.08488883], [-46.61815315, -24.08455732], [-46.61782461, -24.0843197], [-46.61574898, -24.08319577], [-46.61516263, -24.08279111], [-46.61472624, -24.08234423], [-46.61448774, -24.08199188], [-46.61426223, -24.08149852], [-46.61416206, -24.0809605], [-46.61419027, -24.0807787], [-46.61424014, -24.08067704], [-46.6143327, -24.0806851], [-46.61500591, -24.08127305], [-46.61592927, -24.08180779], [-46.61641859, -24.0821611], [-46.61687525, -24.08257706], [-46.61793358, -24.08344175], [-46.61829093, -24.08362399], [-46.61854108, -24.08365023], [-46.61924351, -24.08358591], [-46.62018591, -24.08367706], [-46.62071125, -24.08368684], [-46.62164332, -24.08358215], [-46.62261797, -24.08357813], [-46.62367953, -24.08352442], [-46.62442404, -24.08336571], [-46.62451172, -24.08337742], [-46.62456646, -24.08342831], [-46.62465668, -24.08364136], [-46.62479073, -24.08381962], [-46.62497789, -24.08392057], [-46.62554171, -24.08409608], [-46.62630312, -24.08426316], [-46.62684318, -24.08427006], [-46.62701438, -24.08435311], [-46.62717247, -24.08448778], [-46.62760073, -24.0845988], [-46.62770614, -24.08468978], [-46.62772779, -24.08476901], [-46.62776597, -24.08498803], [-46.62790833, -24.08512377], [-46.62851, -24.08525822], [-46.62870296, -24.08535008], [-46.62907929, -24.08570997], [-46.62968062, -24.08651714], [-46.63013162, -24.08733584], [-46.63037169, -24.08804121], [-46.63047858, -24.0887155], [-46.63043682, -24.089069], [-46.63030425, -24.08939639], [-46.62996563, -24.08992012], [-46.62987285, -24.09012789], [-46.62991266, -24.09063132], [-46.6299962, -24.09124806], [-46.63018056, -24.09182581], [-46.63034303, -24.09215005], [-46.63063266, -24.09265172], [-46.6307307, -24.0927816], [-46.63088002, -24.09315565], [-46.63132242, -24.09383628], [-46.63216455, -24.09477903], [-46.63249345, -24.0951963], [-46.63290928, -24.09579775], [-46.63314742, -24.0960381], [-46.63339661, -24.09614199], [-46.63358294, -24.09609756], [-46.63379423, -24.09592735], [-46.63443291, -24.09455523], [-46.63479, -24.0940927], [-46.63496005, -24.094006], [-46.63518864, -24.09395931], [-46.6357568, -24.09392975], [-46.63634115, -24.09385849], [-46.63666908, -24.09373398], [-46.63684462, -24.09361471], [-46.63689881, -24.09346695], [-46.63687288, -24.09328392], [-46.63641967, -24.09190903], [-46.63630389, -24.09139016], [-46.63627588, -24.09104282], [-46.63631205, -24.09087087], [-46.63641307, -24.0906928], [-46.63656831, -24.09052499], [-46.63716954, -24.09000296], [-46.63731685, -24.08982982], [-46.63742906, -24.08960377], [-46.63750057, -24.08927162], [-46.63748463, -24.08910113], [-46.63736219, -24.08875389], [-46.63702192, -24.08806134], [-46.63696247, -24.0877947], [-46.63710308, -24.08748167], [-46.63740313, -24.08717687], [-46.63796741, -24.08668954], [-46.63808276, -24.08647881], [-46.6381209, -24.08630684], [-46.6380843, -24.08598126], [-46.63797964, -24.08564015], [-46.63788203, -24.08546693], [-46.63773928, -24.08530141], [-46.63704278, -24.08490343], [-46.63620343, -24.08448621], [-46.63572553, -24.08418432], [-46.6352733, -24.08373496], [-46.63463611, -24.08289388], [-46.63369451, -24.08131471], [-46.63340122, -24.08098826], [-46.63318269, -24.08081813], [-46.63284457, -24.08067997], [-46.63232308, -24.0805844], [-46.6313175, -24.08055179], [-46.63075399, -24.08047744], [-46.63037822, -24.08039476], [-46.6299994, -24.08022633], [-46.62980995, -24.08017778], [-46.62906348, -24.08025707], [-46.62849693, -24.08017642], [-46.62809134, -24.08022408], [-46.62792504, -24.08021773], [-46.6278567, -24.08017963], [-46.62784971, -24.08009302], [-46.6279158, -24.07995325], [-46.62835034, -24.0793942], [-46.6284858, -24.07913993], [-46.62849031, -24.07902971], [-46.62843993, -24.07885598], [-46.6281208, -24.07842956], [-46.62806408, -24.07829923], [-46.62804944, -24.07791923], [-46.62810836, -24.07775607], [-46.62827931, -24.07735243], [-46.62860121, -24.07706456], [-46.62942403, -24.07656909], [-46.6294568, -24.07651547], [-46.62944206, -24.07643887], [-46.6293848, -24.07634377], [-46.62897136, -24.07615855], [-46.62872557, -24.07593181], [-46.62841621, -24.07542131], [-46.62841288, -24.07531389], [-46.62862446, -24.07524572], [-46.62934974, -24.0753599], [-46.62951137, -24.07530851], [-46.62970059, -24.07518369], [-46.62985946, -24.07499238], [-46.6301617, -24.07447265], [-46.6303532, -24.07398391], [-46.63032216, -24.07362937], [-46.63012828, -24.07315196], [-46.63013118, -24.0729921], [-46.63044536, -24.07271695], [-46.63064777, -24.07239153], [-46.63074412, -24.07207807], [-46.63076265, -24.07175461], [-46.63072509, -24.07158435], [-46.63059008, -24.07125169], [-46.63045028, -24.07108432], [-46.63021621, -24.07092789], [-46.63016126, -24.07039301], [-46.62999729, -24.07018076], [-46.62971913, -24.06995888], [-46.62968872, -24.06988787], [-46.62971156, -24.06982713], [-46.62979577, -24.06972058], [-46.62999998, -24.06953781], [-46.63028962, -24.0693442], [-46.63046154, -24.06917441], [-46.63048311, -24.06901345], [-46.63041256, -24.06872254], [-46.62955514, -24.06764359], [-46.62936184, -24.06713366], [-46.62925825, -24.06663994], [-46.62907797, -24.06614793], [-46.62904641, -24.06598482], [-46.62907469, -24.06581025], [-46.6290497, -24.0656227], [-46.62899612, -24.06550678], [-46.62889317, -24.0654537], [-46.62839346, -24.06536511], [-46.62825343, -24.06525644], [-46.62786812, -24.06464742], [-46.62739103, -24.06432471], [-46.62728002, -24.06417781], [-46.62720868, -24.06397991], [-46.62718284, -24.06372464], [-46.62730929, -24.06314629], [-46.62737396, -24.0626598], [-46.62717694, -24.06200905], [-46.62716701, -24.06184571], [-46.62721765, -24.06149482], [-46.62716796, -24.06106373], [-46.62711362, -24.06088732], [-46.62692365, -24.06056156], [-46.62648446, -24.06004521], [-46.62577351, -24.05950105], [-46.62480354, -24.05861198], [-46.62371745, -24.05795079], [-46.62277476, -24.05743075], [-46.62272297, -24.05730036], [-46.62287441, -24.05706579], [-46.62304317, -24.05687979], [-46.62370165, -24.05630393], [-46.62387295, -24.0560854], [-46.62399756, -24.05582943], [-46.62401182, -24.05563424], [-46.62397293, -24.05543509], [-46.6238118, -24.0551334], [-46.62300333, -24.05433742], [-46.62246732, -24.0537047], [-46.62204685, -24.05310958], [-46.62183962, -24.05273794], [-46.62145128, -24.05180476], [-46.62112314, -24.05120053], [-46.62089512, -24.05066116], [-46.62084831, -24.05045758], [-46.62084214, -24.05004408], [-46.62097235, -24.04984224], [-46.62110451, -24.04979569], [-46.62158964, -24.04982487], [-46.62171991, -24.04978466], [-46.62182029, -24.04971316], [-46.62183885, -24.04954682], [-46.62178985, -24.04940376], [-46.62161, -24.04925397], [-46.62063164, -24.04878485], [-46.62030474, -24.04851471], [-46.6201109, -24.04826844], [-46.61998309, -24.04803502], [-46.61988172, -24.04763607], [-46.61980078, -24.04745452], [-46.61961252, -24.04718291], [-46.61938431, -24.04701918], [-46.61918569, -24.04694091], [-46.61836892, -24.04673103], [-46.61818303, -24.04664902], [-46.61782399, -24.04640178], [-46.61770663, -24.04621701], [-46.61771567, -24.04607515], [-46.61809837, -24.04562142], [-46.6186061, -24.04510135], [-46.61908302, -24.04471254], [-46.61930423, -24.04463254], [-46.61974596, -24.04457369], [-46.62014046, -24.04459119], [-46.62102986, -24.0447127], [-46.62126487, -24.04471383], [-46.62137429, -24.04465759], [-46.62151027, -24.04452431], [-46.62170258, -24.0442568], [-46.62191417, -24.0441155], [-46.62238955, -24.04391812], [-46.62260563, -24.04374336], [-46.62273836, -24.04350809], [-46.62279465, -24.04313636], [-46.62278964, -24.0427373], [-46.6226413, -24.04196502], [-46.62236981, -24.04140805], [-46.62201952, -24.04083927], [-46.62183334, -24.04026333], [-46.6217368, -24.03946612], [-46.62162379, -24.03907903], [-46.62146282, -24.03870961], [-46.62143712, -24.03867317], [-46.6316207, -24.0388727], [-46.63096139, -24.03994062], [-46.63089709, -24.04037745], [-46.63095015, -24.0406857], [-46.63107893, -24.04099585], [-46.63131343, -24.04134552], [-46.63136757, -24.04158423], [-46.63126383, -24.04170001], [-46.63108338, -24.04173715], [-46.63057277, -24.04163423], [-46.63034186, -24.04164572], [-46.63020997, -24.0417907], [-46.63020538, -24.04189459], [-46.63029651, -24.04210311], [-46.63048177, -24.04221401], [-46.63111664, -24.04250162], [-46.63163521, -24.0429232], [-46.63181208, -24.04299175], [-46.63208929, -24.04298699], [-46.63238336, -24.04291613], [-46.63269846, -24.04279719], [-46.6330973, -24.04276946], [-46.63330078, -24.04292079], [-46.63337218, -24.04304645], [-46.63343346, -24.0433826], [-46.63361835, -24.04385199], [-46.63380414, -24.04447035], [-46.63394837, -24.04475686], [-46.63409655, -24.04496657], [-46.63419444, -24.04500977], [-46.63448552, -24.04501299], [-46.63483912, -24.04490627], [-46.63505513, -24.04488229], [-46.63514665, -24.04488854], [-46.6352065, -24.04495562], [-46.63527945, -24.04535848], [-46.63564197, -24.04595598], [-46.63565516, -24.04606601], [-46.63552415, -24.04620195], [-46.63546523, -24.04628565], [-46.63546875, -24.04640842], [-46.63556838, -24.0465112], [-46.63588587, -24.04673626], [-46.63645625, -24.04705343], [-46.63668369, -24.04723249], [-46.63703514, -24.04765313], [-46.63725015, -24.04809329], [-46.63734014, -24.04852124], [-46.63733623, -24.04999584], [-46.63716826, -24.05039676], [-46.63712395, -24.05077919], [-46.63718677, -24.05084805], [-46.6373798, -24.05094982], [-46.63757797, -24.05099105], [-46.6388606, -24.05086896], [-46.63931566, -24.0507756], [-46.63964957, -24.05066547], [-46.63999163, -24.05050107], [-46.64070808, -24.05008525], [-46.64105483, -24.0499804], [-46.64155548, -24.04991543], [-46.64187499, -24.04983345], [-46.6421725, -24.04964515], [-46.64234184, -24.04943023], [-46.64249608, -24.04934279], [-46.6427068, -24.04928906], [-46.64298441, -24.04931407], [-46.64316203, -24.04936363], [-46.64348668, -24.04953171], [-46.64474171, -24.05033181], [-46.64505011, -24.05061203], [-46.64532353, -24.05100279], [-46.64562146, -24.05192784], [-46.64575854, -24.05257651], [-46.64576961, -24.05305858], [-46.64558104, -24.05407916], [-46.64560555, -24.05430464], [-46.64576191, -24.05453682], [-46.64615931, -24.05501022], [-46.64645438, -24.0554784], [-46.64658462, -24.05558987], [-46.64681005, -24.05568677], [-46.6473157, -24.05578066], [-46.64903419, -24.05582897], [-46.64939885, -24.05589366], [-46.65006208, -24.05616102], [-46.65075337, -24.0564687], [-46.65140602, -24.05690772], [-46.65179065, -24.05730359], [-46.65200306, -24.05768776], [-46.65234244, -24.05854283], [-46.65251645, -24.05884615], [-46.65279354, -24.05921337], [-46.65307499, -24.05946046], [-46.65345289, -24.05971282], [-46.65386399, -24.05987091], [-46.65408353, -24.05989021], [-46.65429168, -24.05986538], [-46.6545748, -24.05978196], [-46.65471716, -24.05968741], [-46.65492828, -24.0594341], [-46.65532351, -24.05858465], [-46.65556086, -24.05792382], [-46.65565895, -24.05782794], [-46.65612422, -24.05753305], [-46.65622866, -24.05739558], [-46.65624037, -24.05723562], [-46.65619603, -24.05707538], [-46.65570299, -24.05612537], [-46.65567355, -24.05574734], [-46.65573259, -24.05559681], [-46.65591047, -24.05535921], [-46.65633893, -24.05495546], [-46.65644041, -24.05481711], [-46.65649014, -24.05463147], [-46.65637621, -24.05441238], [-46.65623308, -24.05429293], [-46.65534829, -24.05400091], [-46.65486376, -24.05371359], [-46.65405692, -24.05313538], [-46.65365885, -24.05268819], [-46.65354538, -24.05250431], [-46.65344643, -24.05222546], [-46.65342731, -24.05188434], [-46.65365909, -24.05147912], [-46.65380747, -24.05131769], [-46.65399857, -24.05119101], [-46.6544618, -24.05096839], [-46.65515571, -24.05071618], [-46.65551442, -24.05062471], [-46.65599134, -24.05062678], [-46.65646751, -24.05072366], [-46.65676107, -24.05084238], [-46.65697418, -24.05097462], [-46.65717605, -24.05115122], [-46.65738093, -24.05125555], [-46.65752931, -24.05124763], [-46.65762861, -24.0511698], [-46.65764487, -24.0509818], [-46.65747856, -24.05074161], [-46.65740361, -24.05057086], [-46.65740217, -24.0504589], [-46.65746661, -24.05027039], [-46.65782438, -24.04979968], [-46.65792647, -24.04947983], [-46.65782957, -24.04920818], [-46.65750344, -24.04862026], [-46.65747999, -24.04847875], [-46.65754705, -24.04818817], [-46.65755798, -24.04796683], [-46.65749592, -24.04788172], [-46.65735546, -24.04781642], [-46.65704399, -24.04783424], [-46.65661449, -24.04792557], [-46.65616798, -24.04791686], [-46.65588462, -24.04782602], [-46.65564785, -24.04768862], [-46.65535475, -24.0474516], [-46.65510155, -24.04710579], [-46.65477324, -24.04642308], [-46.65452338, -24.04618379], [-46.65424975, -24.04608471], [-46.65361639, -24.04599674], [-46.65309615, -24.04583531], [-46.65278384, -24.0454802], [-46.65279102, -24.04488868], [-46.6527478, -24.04473835], [-46.65267651, -24.04462263], [-46.65251032, -24.04446731], [-46.6518065, -24.04409746], [-46.65160658, -24.04391812], [-46.65116183, -24.04335495], [-46.65083228, -24.04275673], [-46.65092204, -24.04263915], [-46.6513947, -24.04205321], [-46.65206283, -24.04118696], [-46.65260829, -24.0405335], [-46.65268772, -24.04045546], [-46.65272306, -24.04037037], [-46.65285883, -24.04025952], [-46.65291359, -24.04017142], [-46.65292313, -24.04012318], [-46.65301831, -24.04001714], [-46.65306833, -24.03995535], [-46.65319823, -24.0397833], [-46.65355105, -24.0394042], [-46.65368638, -24.03979257], [-46.65376762, -24.03991721], [-46.65397954, -24.04011267], [-46.65417734, -24.04035614], [-46.65417257, -24.04067494], [-46.65435486, -24.04085898], [-46.65468036, -24.04109385], [-46.65476949, -24.0412202], [-46.65479025, -24.04153602], [-46.65483247, -24.04168546], [-46.65513373, -24.04194587], [-46.65545723, -24.04210129], [-46.65589055, -24.04238556], [-46.6563995, -24.04251098], [-46.65672422, -24.04268445], [-46.65726703, -24.04291967], [-46.65750581, -24.04306156], [-46.65758362, -24.0431483], [-46.6576266, -24.04327967], [-46.65758343, -24.04351672], [-46.65759542, -24.04368454], [-46.65773169, -24.04380677], [-46.65815203, -24.04399907], [-46.65840226, -24.0443431], [-46.65870182, -24.04439403], [-46.65879738, -24.04456185], [-46.65891178, -24.04466445], [-46.65911765, -24.04469382], [-46.65932105, -24.044837], [-46.65965928, -24.04491279], [-46.65997293, -24.04514145], [-46.66029952, -24.04523001], [-46.66050089, -24.04536779], [-46.66148263, -24.0458619], [-46.66163438, -24.04604084], [-46.66226194, -24.04651802], [-46.66279675, -24.04719847], [-46.66399792, -24.04892453], [-46.66463832, -24.04963272], [-46.6653063, -24.05003991], [-46.66647705, -24.05100418], [-46.66688063, -24.05126616], [-46.66711197, -24.05136297], [-46.66735036, -24.05147234], [-46.6676552, -24.05162613], [-46.66797348, -24.0519071], [-46.66857943, -24.05276193], [-46.66898122, -24.05311331], [-46.66930422, -24.05341735], [-46.669361, -24.05340807], [-46.70884208, -24.02897086], [-46.70998589, -24.02831791], [-46.7101875, -24.02853756], [-46.7103981, -24.02866982], [-46.71061151, -24.02873811], [-46.71087559, -24.02875872], [-46.71117577, -24.02873854], [-46.71152327, -24.02869427], [-46.71207913, -24.02861402], [-46.71249248, -24.02856229], [-46.71278948, -24.02857916], [-46.71310159, -24.02862951], [-46.71335539, -24.02870407], [-46.71359164, -24.02883604], [-46.71381395, -24.02902201], [-46.71388985, -24.02921971], [-46.7140018, -24.02964922], [-46.71411635, -24.02999792], [-46.71425096, -24.0302017], [-46.71452425, -24.03036354], [-46.71485226, -24.03050794], [-46.71540299, -24.03059264], [-46.7159124, -24.03060039], [-46.71638052, -24.03053457], [-46.71678547, -24.03040215], [-46.71710147, -24.03019332], [-46.71738614, -24.02983341], [-46.71765263, -24.0294838], [-46.7179101, -24.02928236], [-46.7181727, -24.02919192], [-46.71841435, -24.02917911], [-46.71868308, -24.02927369], [-46.71883535, -24.02942678], [-46.71889013, -24.02968866], [-46.7187662, -24.03001312], [-46.71845768, -24.03050791], [-46.71816251, -24.03090496], [-46.71770042, -24.03142503], [-46.71754227, -24.03165565], [-46.71749367, -24.03185811], [-46.71755854, -24.03205257], [-46.71777755, -24.03226549], [-46.71801006, -24.03239076], [-46.71827884, -24.0324887], [-46.7186313, -24.03254196], [-46.71903067, -24.03254084], [-46.71941056, -24.03245244], [-46.71973867, -24.03232761], [-46.72005841, -24.03212547], [-46.72024529, -24.03185078], [-46.72033159, -24.03145271], [-46.72036668, -24.03078599], [-46.72044914, -24.0303745], [-46.72066737, -24.02997831], [-46.72086554, -24.02972705], [-46.72119189, -24.02947099], [-46.72152008, -24.02935288], [-46.72184644, -24.02937277], [-46.72207876, -24.02948457], [-46.72224318, -24.02972502], [-46.72224677, -24.02999421], [-46.72211937, -24.03033217], [-46.72192317, -24.03073148], [-46.72186041, -24.03097112], [-46.7218896, -24.03123665], [-46.72196958, -24.03146459], [-46.72210652, -24.03156737], [-46.72230458, -24.03158197], [-46.7225423, -24.03154901], [-46.72280812, -24.03142487], [-46.72312773, -24.03121262], [-46.72335489, -24.03093748], [-46.72352151, -24.03051831], [-46.7236468, -24.0300222], [-46.72376347, -24.02970455], [-46.72397733, -24.02953052], [-46.72429958, -24.02951679], [-46.72459047, -24.02962457], [-46.72481446, -24.02993502], [-46.72511396, -24.03041288], [-46.72528209, -24.03065665], [-46.72559522, -24.03105696], [-46.72581719, -24.03121599], [-46.72607118, -24.03130399], [-46.72625038, -24.03127841], [-46.72643524, -24.03112826], [-46.7265386, -24.03091172], [-46.72657254, -24.03070942], [-46.72653972, -24.0304473], [-46.7263966, -24.03015613], [-46.72603648, -24.02980347], [-46.72551865, -24.02943912], [-46.72531786, -24.02921928], [-46.72526432, -24.02905162], [-46.72531011, -24.02891313], [-46.72548474, -24.0288203], [-46.72577031, -24.02880362], [-46.72611516, -24.02883675], [-46.72651583, -24.02893319], [-46.7268203, -24.02905082], [-46.7269179, -24.02856435], [-46.72699874, -24.02858841], [-46.7273298, -24.02857023], [-46.72770058, -24.02836108], [-46.72798941, -24.02812576], [-46.72836219, -24.02799334], [-46.72876455, -24.02771972], [-46.72895337, -24.02765167], [-46.72911477, -24.0276643], [-46.729141, -24.02771457], [-46.72914098, -24.0277868], [-46.72899917, -24.02813514], [-46.72897074, -24.02828806], [-46.72898058, -24.02850917], [-46.72896621, -24.02861136], [-46.72890687, -24.02865808], [-46.72881546, -24.02865911], [-46.72867562, -24.02871487], [-46.72832222, -24.02890035], [-46.7281272, -24.02909307], [-46.7281446, -24.02921839], [-46.72826045, -24.02935343], [-46.72857304, -24.02957112], [-46.72871435, -24.02962551], [-46.72895393, -24.02967698], [-46.72946684, -24.02972988], [-46.73046703, -24.02997863], [-46.73070299, -24.02997958], [-46.73099343, -24.02993747], [-46.73130652, -24.02997276], [-46.73175911, -24.03014642], [-46.73188522, -24.03016667], [-46.73226683, -24.03010547], [-46.73247709, -24.03009586], [-46.73289498, -24.03039453], [-46.73301271, -24.03045008], [-46.73335235, -24.03048506], [-46.73392328, -24.03083165], [-46.73482719, -24.03108417], [-46.73520016, -24.03103841], [-46.73560892, -24.03080263], [-46.73567879, -24.03080815], [-46.7358232, -24.03087334], [-46.73587723, -24.03094315], [-46.73601598, -24.03102646], [-46.73635766, -24.03113997], [-46.73654911, -24.03126692], [-46.7366734, -24.03144429], [-46.73669214, -24.03152173], [-46.73681278, -24.03164678], [-46.73727936, -24.03190966], [-46.73816867, -24.03261019], [-46.73893957, -24.03342311], [-46.73924375, -24.03359844], [-46.73963675, -24.03357953], [-46.74018768, -24.03375386], [-46.74045624, -24.03376616], [-46.74067722, -24.0337492], [-46.7410767, -24.03362818], [-46.74118976, -24.0336278], [-46.74135376, -24.03368733], [-46.74140811, -24.03385376], [-46.7414091, -24.03429167], [-46.74153025, -24.03452777], [-46.74166803, -24.03468332], [-46.74175993, -24.03471839], [-46.7419736, -24.03474305], [-46.74233446, -24.03467393], [-46.74258915, -24.03467825], [-46.74270469, -24.03471577], [-46.74273459, -24.03474613], [-46.74282857, -24.03500781], [-46.74310689, -24.03530623], [-46.7434368, -24.03556613], [-46.74383227, -24.03609346], [-46.74399755, -24.03624779], [-46.74417502, -24.03635773], [-46.74517818, -24.03660183], [-46.74649459, -24.03718186], [-46.74674191, -24.03722238], [-46.74713317, -24.03714659], [-46.74749136, -24.03717049], [-46.74801644, -24.03732161], [-46.74817681, -24.03740285], [-46.74861231, -24.03769043], [-46.74884297, -24.03773475], [-46.74943626, -24.0377677], [-46.749651, -24.03787089], [-46.7499579, -24.03810034], [-46.75033011, -24.03841342], [-46.75053465, -24.0385082], [-46.75073052, -24.03852492], [-46.7509946, -24.03842348], [-46.75129868, -24.03822677], [-46.75138409, -24.03821767], [-46.75147385, -24.03831145], [-46.75152799, -24.03860609], [-46.75165974, -24.03875176], [-46.75200493, -24.03897626], [-46.75217729, -24.03914404], [-46.75251304, -24.03939753], [-46.75279585, -24.0395171], [-46.75301835, -24.03953983], [-46.75324481, -24.03949119], [-46.75370903, -24.03928632], [-46.75396602, -24.03902514], [-46.75424001, -24.03864005], [-46.75466771, -24.03835253], [-46.75483862, -24.03826841], [-46.75524761, -24.038196], [-46.75533937, -24.03822023], [-46.75549754, -24.03835566], [-46.75585781, -24.0388942], [-46.75621161, -24.03917276], [-46.7568219, -24.0395152], [-46.75725486, -24.0396872], [-46.75822565, -24.03993339], [-46.75870904, -24.04012559], [-46.75928739, -24.04057673], [-46.75985316, -24.0411138], [-46.76026794, -24.04132122], [-46.76088691, -24.04128972], [-46.76099417, -24.04136885], [-46.76121034, -24.04164717], [-46.7612897, -24.04169954], [-46.76138726, -24.04171557], [-46.76219082, -24.04144989], [-46.76264704, -24.04137962], [-46.7628694, -24.04139151], [-46.76328897, -24.0415167], [-46.7634618, -24.04164564], [-46.76355302, -24.04177371], [-46.7636382, -24.04210771], [-46.76366182, -24.04261309], [-46.76375572, -24.04286573], [-46.76388945, -24.0430827], [-46.76440112, -24.04361586], [-46.76478252, -24.04411349], [-46.76513384, -24.0444968], [-46.76551664, -24.04502421], [-46.76584965, -24.04529035], [-46.76607602, -24.04537894], [-46.76627714, -24.04541905], [-46.76678515, -24.04539603], [-46.76704218, -24.04528291], [-46.76762713, -24.0449195], [-46.76809697, -24.04469466], [-46.76826898, -24.04469086], [-46.76839329, -24.04472193], [-46.76855296, -24.04482212], [-46.76901625, -24.0454109], [-46.76930971, -24.04566033], [-46.76991811, -24.04586007], [-46.77024891, -24.04589236], [-46.77082141, -24.04584059], [-46.7710051, -24.0457563], [-46.7709512, -24.04548243], [-46.77086948, -24.04533078], [-46.77075866, -24.04520836], [-46.77072475, -24.04495774], [-46.77077502, -24.04489575], [-46.77092879, -24.04485244], [-46.77114918, -24.04486344], [-46.77217351, -24.04513781], [-46.77227377, -24.04513575], [-46.77244455, -24.04504257], [-46.77244579, -24.04498928], [-46.77238346, -24.04488978], [-46.77223705, -24.04475242], [-46.77212928, -24.04456586], [-46.77213258, -24.04451977], [-46.77240365, -24.04421144], [-46.77240872, -24.04400822], [-46.77234018, -24.04388532], [-46.77210676, -24.04364152], [-46.7708817, -24.04292432], [-46.77054124, -24.04276121], [-46.76964578, -24.04220362], [-46.7692319, -24.0419908], [-46.76853586, -24.04142096], [-46.76800594, -24.04113453], [-46.76733467, -24.04086418], [-46.76619466, -24.04053964], [-46.76517861, -24.04043578], [-46.76450783, -24.04012929], [-46.76399764, -24.03970266], [-46.76370794, -24.0393674], [-46.76354927, -24.03912363], [-46.76303748, -24.03857963], [-46.7620356, -24.03771171], [-46.76142833, -24.03708664], [-46.76089587, -24.0366115], [-46.76058436, -24.0364056], [-46.76027369, -24.03626199], [-46.76000315, -24.03617661], [-46.75912486, -24.03600702], [-46.75798858, -24.03566251], [-46.75746801, -24.03541024], [-46.7569796, -24.0350637], [-46.75659565, -24.03466359], [-46.75580661, -24.03397105], [-46.75575335, -24.03395812], [-46.75549482, -24.03359901], [-46.75542523, -24.03354202], [-46.75535642, -24.03339833], [-46.75531758, -24.03321639], [-46.75542469, -24.03321335], [-46.75590934, -24.03342811], [-46.75630121, -24.03368818], [-46.75686574, -24.03420992], [-46.75719656, -24.03446256], [-46.75743541, -24.03460339], [-46.75771306, -24.03470585], [-46.75803718, -24.0347554], [-46.75928507, -24.03470495], [-46.75968437, -24.03471571], [-46.76086462, -24.03504074], [-46.76130048, -24.03528133], [-46.76143492, -24.0354071], [-46.76161967, -24.0356894], [-46.76165714, -24.03584156], [-46.76173736, -24.03595712], [-46.76197048, -24.03610974], [-46.76230432, -24.03615014], [-46.76267824, -24.03603026], [-46.7627797, -24.03604445], [-46.7628618, -24.03622499], [-46.76305605, -24.03691531], [-46.76319482, -24.03706992], [-46.76330398, -24.03714451], [-46.76346602, -24.03720314], [-46.76390685, -24.03723057], [-46.76475575, -24.03711965], [-46.76504692, -24.03713074], [-46.76580807, -24.03736125], [-46.7670065, -24.03750273], [-46.76777027, -24.03749301], [-46.76803613, -24.03745111], [-46.76848855, -24.03732038], [-46.76874204, -24.03716485], [-46.76890468, -24.03712324], [-46.76903458, -24.03720481], [-46.7693474, -24.03721745], [-46.7697714, -24.03702203], [-46.7703717, -24.03656182], [-46.77051433, -24.03649606], [-46.77064998, -24.03649449], [-46.77099491, -24.03684175], [-46.77130693, -24.03694017], [-46.77166239, -24.03690806], [-46.77179236, -24.03692191], [-46.77218982, -24.03730015], [-46.77219102, -24.03738773], [-46.77204628, -24.03787337], [-46.77205789, -24.03807459], [-46.77210385, -24.03819957], [-46.77239647, -24.03860341], [-46.77272784, -24.03889302], [-46.77287462, -24.03898613], [-46.7732851, -24.03916558], [-46.77374047, -24.03924969], [-46.77418586, -24.03925085], [-46.77485056, -24.03911403], [-46.77494604, -24.03912195], [-46.77516596, -24.03931443], [-46.77530201, -24.03934175], [-46.77562334, -24.0393299], [-46.77571303, -24.03941734], [-46.77570947, -24.04023093], [-46.77576805, -24.04048758], [-46.77605818, -24.04106571], [-46.77637712, -24.04145207], [-46.7766118, -24.04164438], [-46.77678899, -24.04173172], [-46.77707256, -24.04176183], [-46.77705239, -24.04179638], [-46.77719645, -24.04204843], [-46.77732646, -24.04220764], [-46.77778157, -24.04255721], [-46.77798001, -24.04263731], [-46.77769325, -24.04699803], [-46.7835076, -24.04791621], [-46.8091112, -24.05300409], [-46.80906198, -24.05327025], [-46.81409666, -24.05306746], [-46.81408659, -24.05313878], [-46.81391794, -24.05366177], [-46.81388921, -24.05392666], [-46.81391025, -24.05409435], [-46.81409829, -24.05425104], [-46.81419168, -24.05424993], [-46.81436291, -24.05419012], [-46.81463955, -24.05393492], [-46.8150682, -24.05330231], [-46.81531489, -24.05287501], [-46.81536783, -24.05223512], [-46.81543991, -24.05211688], [-46.81599229, -24.05175277], [-46.8163012, -24.05141593], [-46.81640849, -24.05142459], [-46.81647209, -24.05168207], [-46.81647141, -24.05198275], [-46.81655679, -24.05252981], [-46.81653491, -24.05265196], [-46.81635403, -24.05307396], [-46.81612343, -24.05401483], [-46.81609877, -24.05442866], [-46.8161531, -24.05472598], [-46.81640078, -24.05534696], [-46.81640473, -24.05562772], [-46.81628629, -24.05587562], [-46.8160916, -24.05601517], [-46.81585126, -24.05612457], [-46.81581194, -24.05619546], [-46.81587365, -24.05638796], [-46.81592563, -24.05644874], [-46.8161581, -24.05654801], [-46.81646428, -24.05657507], [-46.81665458, -24.05654302], [-46.81679226, -24.05647457], [-46.81691712, -24.05633404], [-46.81714061, -24.05586548], [-46.817361, -24.05566602], [-46.81768544, -24.05552312], [-46.8178952, -24.05533734], [-46.81802201, -24.05512545], [-46.81808407, -24.05485474], [-46.81809918, -24.05432184], [-46.81804967, -24.05359919], [-46.81806681, -24.05307078], [-46.81819618, -24.05269273], [-46.81828556, -24.0525463], [-46.81863843, -24.05218906], [-46.81906368, -24.05166573], [-46.81998758, -24.05129268], [-46.82007644, -24.05117966], [-46.82011966, -24.05103739], [-46.82009551, -24.05078847], [-46.81998032, -24.0504991], [-46.81940779, -24.05005987], [-46.81909857, -24.04988567], [-46.81819225, -24.049482], [-46.81800759, -24.04935598], [-46.8179913, -24.04917649], [-46.8181871, -24.0489069], [-46.81866738, -24.0488705], [-46.81898648, -24.04849019], [-46.81967517, -24.04831225], [-46.81982623, -24.04821746], [-46.81995031, -24.04795233], [-46.82000043, -24.04767183], [-46.81998969, -24.04739837], [-46.81994823, -24.04724717], [-46.81967046, -24.04672317], [-46.81930513, -24.04626432], [-46.81864463, -24.04558144], [-46.81830624, -24.0450103], [-46.81807352, -24.04405416], [-46.81780465, -24.04353276], [-46.81764947, -24.04333416], [-46.81757532, -24.04309576], [-46.81758319, -24.04295662], [-46.81779194, -24.04242052], [-46.81782405, -24.04218718], [-46.81778848, -24.04189506], [-46.8176265, -24.04163333], [-46.81761913, -24.04152868], [-46.81766688, -24.04149832], [-46.81791536, -24.04148001], [-46.81806206, -24.041425], [-46.81824365, -24.04119441], [-46.81837231, -24.04090575], [-46.81860584, -24.04052375], [-46.81866486, -24.04031718], [-46.81865128, -24.04005098], [-46.81854247, -24.03993399], [-46.81821064, -24.03975825], [-46.81820457, -24.03967616], [-46.81831497, -24.03955657], [-46.81874638, -24.03940336], [-46.8192721, -24.03931495], [-46.81944863, -24.03921444], [-46.81968638, -24.03892358], [-46.82013009, -24.03824834], [-46.8206873, -24.03786087], [-46.82407222, -24.03728382], [-46.82404873, -24.03740352], [-46.82390603, -24.03774111], [-46.82394544, -24.03816501], [-46.82431121, -24.03893355], [-46.82427153, -24.03897827], [-46.82382576, -24.03894927], [-46.82367351, -24.03902873], [-46.82334816, -24.03966013], [-46.82334771, -24.03997616], [-46.82346301, -24.04020413], [-46.82360911, -24.04031615], [-46.82384773, -24.04043521], [-46.82398304, -24.04054826], [-46.8244033, -24.04106785], [-46.82462246, -24.04120068], [-46.82489626, -24.04130486], [-46.82516726, -24.04134948], [-46.82558489, -24.04126505], [-46.82566168, -24.04127226], [-46.82571188, -24.0413457], [-46.82562352, -24.04177203], [-46.82566885, -24.04212723], [-46.82574387, -24.04235658], [-46.82579892, -24.04291212], [-46.82565782, -24.04364156], [-46.82565508, -24.04400366], [-46.82571393, -24.04482822], [-46.82566796, -24.04519264], [-46.82562869, -24.04526625], [-46.82542939, -24.04542573], [-46.82500751, -24.0456276], [-46.82467615, -24.0458347], [-46.82468022, -24.04626174], [-46.82474256, -24.04663751], [-46.82479422, -24.04674524], [-46.82498724, -24.04683684], [-46.8251749, -24.04682738], [-46.82554462, -24.04662162], [-46.82575991, -24.04661906], [-46.82594398, -24.04670354], [-46.82600483, -24.04683554], [-46.82595568, -24.04718375], [-46.82596589, -24.04741839], [-46.82606127, -24.04776668], [-46.82623398, -24.04795152], [-46.82646889, -24.04808506], [-46.8268333, -24.04812947], [-46.82714355, -24.04809777], [-46.82786335, -24.04782643], [-46.8279869, -24.04787281], [-46.82820171, -24.04804451], [-46.82846717, -24.04818309], [-46.8287535, -24.04819863], [-46.82905651, -24.04814174], [-46.82991474, -24.047857], [-46.83006911, -24.04785696], [-46.83011148, -24.0479332], [-46.83017415, -24.04826201], [-46.83030905, -24.04848432], [-46.8307226, -24.04866537], [-46.83146443, -24.04883798], [-46.83214418, -24.04907093], [-46.8334271, -24.0491278], [-46.83376038, -24.04919513], [-46.83373891, -24.04927575], [-46.83295827, -24.04962369], [-46.83258921, -24.04973737], [-46.83205973, -24.04984032], [-46.83168498, -24.04983036], [-46.8314308, -24.04986319], [-46.83078139, -24.0500371], [-46.83031872, -24.05020606], [-46.82964015, -24.05026474], [-46.82916799, -24.05038866], [-46.82869669, -24.0506426], [-46.82816589, -24.05072207], [-46.82743516, -24.05077775], [-46.82722282, -24.05084981], [-46.82667814, -24.0511299], [-46.82596764, -24.05136501], [-46.82569823, -24.05157318], [-46.82563006, -24.05175819], [-46.82564063, -24.05187996], [-46.82598966, -24.05236518], [-46.82608558, -24.05254281], [-46.82609643, -24.05268444], [-46.82603127, -24.05315202], [-46.82611488, -24.05336231], [-46.82625468, -24.05358366], [-46.8263193, -24.05384202], [-46.8262693, -24.05413065], [-46.8262564, -24.0544694], [-46.82621088, -24.05458822], [-46.82609479, -24.05472233], [-46.82551173, -24.05500107], [-46.82480981, -24.05521892], [-46.82444322, -24.05536956], [-46.82407691, -24.05560959], [-46.82385239, -24.05586418], [-46.82369737, -24.0561667], [-46.82360649, -24.05655423], [-46.8236598, -24.05705652], [-46.82376682, -24.05732341], [-46.82405888, -24.05760344], [-46.82410593, -24.05794057], [-46.82421998, -24.05821821], [-46.82422925, -24.05838694], [-46.82416694, -24.05850055], [-46.82407633, -24.05855942], [-46.82362995, -24.05863155], [-46.82332858, -24.05873627], [-46.82324537, -24.05883207], [-46.82318754, -24.05905397], [-46.8232542, -24.05938726], [-46.82348754, -24.05968695], [-46.82366148, -24.05981851], [-46.82385554, -24.05991281], [-46.82434048, -24.05999461], [-46.8248931, -24.06027334], [-46.82529863, -24.06037144], [-46.82549426, -24.0603682], [-46.82572286, -24.06026254], [-46.8258032, -24.0601731], [-46.82594242, -24.06014435], [-46.82605864, -24.06015741], [-46.82633632, -24.06025432], [-46.82664458, -24.06049713], [-46.82719142, -24.060645], [-46.82762148, -24.06094776], [-46.82778642, -24.06099906], [-46.8279015, -24.06100129], [-46.82810145, -24.06109461], [-46.82827164, -24.06123885], [-46.8284657, -24.06147129], [-46.82880932, -24.06171097], [-46.82880224, -24.06183566], [-46.82837379, -24.06241052], [-46.8283601, -24.06248472], [-46.82840917, -24.06254734], [-46.82864309, -24.06260955], [-46.82887687, -24.0625914], [-46.83052478, -24.06223581], [-46.83088134, -24.06220897], [-46.83108906, -24.06222635], [-46.83120619, -24.06237303], [-46.83124876, -24.06308582], [-46.8313387, -24.06325629], [-46.83146913, -24.06337031], [-46.83175362, -24.06353033], [-46.83204193, -24.06382122], [-46.83258351, -24.06415062], [-46.83276564, -24.06437326], [-46.83283689, -24.06461258], [-46.83293058, -24.06477037], [-46.83321267, -24.06496924], [-46.83339969, -24.06498235], [-46.8336705, -24.06487166], [-46.83386814, -24.06493972], [-46.83391915, -24.06500051], [-46.83402753, -24.06549942], [-46.83412685, -24.06563818], [-46.83444646, -24.06584743], [-46.83505962, -24.0658157], [-46.83540923, -24.06605981], [-46.83552318, -24.06605212], [-46.83583162, -24.06595993], [-46.83615888, -24.06594607], [-46.83635593, -24.06604212], [-46.83642089, -24.06611538], [-46.83642044, -24.06649822], [-46.83646271, -24.06670448], [-46.83657265, -24.06682866], [-46.83672547, -24.06692615], [-46.83688958, -24.06698738], [-46.83718477, -24.06700009], [-46.83780408, -24.0671931], [-46.83840693, -24.06719759], [-46.8387763, -24.0672401], [-46.83890428, -24.06731982], [-46.83909545, -24.06762361], [-46.83932487, -24.06778247], [-46.83982278, -24.06794352], [-46.84048922, -24.06799329], [-46.8407842, -24.06806017], [-46.84077056, -24.06813798], [-46.8405563, -24.0682146], [-46.84019157, -24.06829032], [-46.83982202, -24.06830379], [-46.83977187, -24.06851026], [-46.83966305, -24.06860276], [-46.83926286, -24.06853625], [-46.83896606, -24.06861746], [-46.83860567, -24.06886017], [-46.83853239, -24.06896217], [-46.8385162, -24.06920615], [-46.83830616, -24.06944072], [-46.83830754, -24.06967546], [-46.8384316, -24.06989338], [-46.83875115, -24.07016583], [-46.83891414, -24.07035529], [-46.83911367, -24.07069328], [-46.83928143, -24.07114814], [-46.8393733, -24.07131497], [-46.83950083, -24.07143172], [-46.83961658, -24.07147999], [-46.84001893, -24.07155912], [-46.84096059, -24.07146111], [-46.84112393, -24.07146817], [-46.84122863, -24.07156894], [-46.84124286, -24.07180804], [-46.84119984, -24.0721011], [-46.84123722, -24.07244646], [-46.84132023, -24.0726125], [-46.84144284, -24.07265888], [-46.84184655, -24.07269555], [-46.84204147, -24.07277898], [-46.8421837, -24.07302918], [-46.84225498, -24.07326849], [-46.84265069, -24.07357071], [-46.84312265, -24.07377269], [-46.8434323, -24.07383307], [-46.84374566, -24.07380852], [-46.84438234, -24.073632], [-46.84483644, -24.07334121], [-46.84496395, -24.073318], [-46.84512945, -24.0734072], [-46.84516016, -24.0734917], [-46.8451415, -24.07369959], [-46.84499813, -24.07391982], [-46.84475517, -24.0741214], [-46.84467037, -24.07431203], [-46.84472848, -24.07452441], [-46.84484554, -24.07459523], [-46.84567337, -24.07492564], [-46.84569286, -24.07498139], [-46.84560825, -24.07504742], [-46.84466196, -24.07516718], [-46.84433698, -24.07527313], [-46.84411465, -24.07547355], [-46.84403928, -24.0757047], [-46.8439039, -24.07586524], [-46.84337354, -24.07563778], [-46.84317778, -24.07563382], [-46.8429557, -24.07571415], [-46.84262627, -24.07564679], [-46.84204235, -24.07559333], [-46.84107161, -24.07524115], [-46.84060693, -24.0748612], [-46.84030783, -24.07471311], [-46.83984861, -24.07457778], [-46.83931403, -24.07419145], [-46.83910158, -24.07411996], [-46.83861255, -24.07403194], [-46.83840395, -24.07395409], [-46.83810618, -24.07376174], [-46.83771151, -24.07339358], [-46.83738417, -24.07319617], [-46.83676901, -24.07295074], [-46.83656667, -24.072899], [-46.83599572, -24.07292662], [-46.83570123, -24.07289494], [-46.83525638, -24.07266281], [-46.83493238, -24.07242292], [-46.8346613, -24.07216974], [-46.83440157, -24.07202388], [-46.83389547, -24.07197848], [-46.83360972, -24.07207671], [-46.83326504, -24.07224969], [-46.83270017, -24.07235939], [-46.83220068, -24.07236447], [-46.83176071, -24.07254491], [-46.8316662, -24.07253701], [-46.83129754, -24.07219922], [-46.83111685, -24.07207859], [-46.8309153, -24.07201238], [-46.83059063, -24.07200182], [-46.82975004, -24.07222406], [-46.82932163, -24.07217953], [-46.82892469, -24.07227366], [-46.82846491, -24.07279021], [-46.8278197, -24.07299115], [-46.82743381, -24.07337949], [-46.82733918, -24.07343299], [-46.82713291, -24.0734499], [-46.82654468, -24.07336935], [-46.82599681, -24.07336145], [-46.82551337, -24.07345841], [-46.82538525, -24.0735087], [-46.82492216, -24.07386275], [-46.82476192, -24.07393599], [-46.82458226, -24.07395709], [-46.82430949, -24.07379241], [-46.82423872, -24.07379506], [-46.82415502, -24.07392608], [-46.82404802, -24.07421719], [-46.82391773, -24.0743921], [-46.82358058, -24.07454239], [-46.82342767, -24.07464715], [-46.82312706, -24.07494779], [-46.82296028, -24.07518454], [-46.82304633, -24.07577582], [-46.82304497, -24.07609727], [-46.82298525, -24.07646367], [-46.82280435, -24.07716287], [-46.82276132, -24.07752726], [-46.82278276, -24.07786108], [-46.82284004, -24.07787846], [-46.82305851, -24.07767992], [-46.82325175, -24.07715844], [-46.82337926, -24.07692578], [-46.82352639, -24.07675969], [-46.82392742, -24.0765364], [-46.82455763, -24.07610813], [-46.82461593, -24.0761273], [-46.82469032, -24.07631151], [-46.82456188, -24.07710309], [-46.82440391, -24.07754559], [-46.82396716, -24.07816388], [-46.82375291, -24.07859081], [-46.82372314, -24.07877987], [-46.82385467, -24.07876205], [-46.82404849, -24.07862881], [-46.8248739, -24.0778867], [-46.82546392, -24.07746703], [-46.8258333, -24.07716195], [-46.82633379, -24.07680925], [-46.82638777, -24.07680139], [-46.82647679, -24.07683734], [-46.82649571, -24.07699332], [-46.82638564, -24.0780393], [-46.82611824, -24.07853188], [-46.8257309, -24.07902769], [-46.82562531, -24.07921043], [-46.82549902, -24.07932029], [-46.82539594, -24.07947231], [-46.82533908, -24.0796933], [-46.82533987, -24.07981789], [-46.82543992, -24.08007764], [-46.82565857, -24.08016983], [-46.82595688, -24.08019245], [-46.82625453, -24.08016903], [-46.82694912, -24.07998015], [-46.82719227, -24.07985806], [-46.82757524, -24.0796097], [-46.82783641, -24.07937092], [-46.82790332, -24.07937373], [-46.82796646, -24.07945695], [-46.82796862, -24.07953999], [-46.82776103, -24.08036683], [-46.82747831, -24.08074943], [-46.82701109, -24.08122995], [-46.82693851, -24.0813825], [-46.82695536, -24.0815999], [-46.82713213, -24.08165106], [-46.82726397, -24.0816549], [-46.82751846, -24.0815697], [-46.82777135, -24.08144117], [-46.82831132, -24.08109793], [-46.82853005, -24.08091834], [-46.82864762, -24.08088714], [-46.82872784, -24.08092591], [-46.82876011, -24.08098241], [-46.82877027, -24.0814211], [-46.82880686, -24.08150463], [-46.82891859, -24.08161616], [-46.82902518, -24.08164287], [-46.82931138, -24.08157444], [-46.82968208, -24.08136234], [-46.82997731, -24.08123691], [-46.83010671, -24.08113875], [-46.83071753, -24.08086779], [-46.83091926, -24.08080758], [-46.83101604, -24.08083532], [-46.83101301, -24.08103761], [-46.83075965, -24.08147946], [-46.83069026, -24.08171775], [-46.83067055, -24.08199157], [-46.83051976, -24.082592], [-46.83051958, -24.08313375], [-46.8305468, -24.0832499], [-46.8306348, -24.08335178], [-46.8307428, -24.08340827], [-46.83095889, -24.08345805], [-46.83108223, -24.0835559], [-46.83114868, -24.08366435], [-46.83123004, -24.08426833], [-46.83133514, -24.08460476], [-46.83150081, -24.08484385], [-46.83175882, -24.08500599], [-46.83212214, -24.08496552], [-46.83250609, -24.08478575], [-46.83285087, -24.08441053], [-46.83306468, -24.08429961], [-46.83347529, -24.0842658], [-46.83388415, -24.08417782], [-46.83418387, -24.0838844], [-46.83448399, -24.08348081], [-46.83453084, -24.08345587], [-46.83461599, -24.08349638], [-46.83465248, -24.08357269], [-46.83465715, -24.08390039], [-46.83452359, -24.08495027], [-46.83410015, -24.08546459], [-46.83402679, -24.08570022], [-46.83404674, -24.08592752], [-46.83418568, -24.08615338], [-46.83434711, -24.08630133], [-46.83458494, -24.08642669], [-46.83475262, -24.08646079], [-46.8349737, -24.0864464], [-46.83511767, -24.08640404], [-46.83573954, -24.08601103], [-46.8358763, -24.08601481], [-46.83591897, -24.08604138], [-46.83591601, -24.08611004], [-46.83573099, -24.08658448], [-46.83571843, -24.08715256], [-46.83595636, -24.08742329], [-46.83598834, -24.08752764], [-46.83597407, -24.08797565], [-46.83600404, -24.08821547], [-46.83615106, -24.08838706], [-46.83630698, -24.08849263], [-46.83656185, -24.08857173], [-46.8368316, -24.08859016], [-46.83709585, -24.08856803], [-46.83729473, -24.08851417], [-46.83754287, -24.0883279], [-46.83785583, -24.08792866], [-46.83806721, -24.08771665], [-46.83821947, -24.08763446], [-46.83830317, -24.08764158], [-46.83844035, -24.08781238], [-46.83854592, -24.08804316], [-46.83896313, -24.08840201], [-46.83916407, -24.08862984], [-46.83926776, -24.08886605], [-46.83935586, -24.08931915], [-46.83952087, -24.08957901], [-46.83973914, -24.08971182], [-46.83999556, -24.0897611], [-46.840471, -24.08965154], [-46.84067174, -24.08952091], [-46.84109288, -24.08912127], [-46.84116838, -24.08896777], [-46.8411354, -24.08879301], [-46.84066998, -24.08836522], [-46.84047884, -24.08806595], [-46.84051541, -24.08787228], [-46.84073261, -24.08751663], [-46.8407309, -24.08739747], [-46.84061415, -24.08693569], [-46.84062797, -24.08673236], [-46.84075549, -24.08657101], [-46.84087879, -24.086528], [-46.84114369, -24.08655189], [-46.84159778, -24.08673784], [-46.84178725, -24.08671389], [-46.84198973, -24.08663651], [-46.84213148, -24.08671425], [-46.84231586, -24.08688449], [-46.84269553, -24.08702528], [-46.84291055, -24.0872746], [-46.84309967, -24.08763799], [-46.84325491, -24.08776524], [-46.84344141, -24.08773951], [-46.84380835, -24.08760868], [-46.8440111, -24.08748163], [-46.84415281, -24.08734991], [-46.84433395, -24.08729355], [-46.84432271, -24.08733251], [-46.84439696, -24.08736683], [-46.84441515, -24.08760678], [-46.84433088, -24.08845291], [-46.84434827, -24.08904952], [-46.84442546, -24.08935739], [-46.84454973, -24.08945069], [-46.84467041, -24.0894989], [-46.8447961, -24.08948474], [-46.84503954, -24.08938338], [-46.8452785, -24.08896877], [-46.84546945, -24.08877325], [-46.84589817, -24.08862993], [-46.8460357, -24.08861833], [-46.84629422, -24.08853937], [-46.84660043, -24.0883578], [-46.84680889, -24.08814851], [-46.84703606, -24.08801033], [-46.84726782, -24.08805448], [-46.84748508, -24.08832183], [-46.84760742, -24.0885551], [-46.84770392, -24.08883745], [-46.84769337, -24.08913012], [-46.84750766, -24.0894854], [-46.84745403, -24.08972351], [-46.84746524, -24.08995632], [-46.84754893, -24.09016839], [-46.84765412, -24.09025456], [-46.85459695, -24.08658066], [-46.85479839, -24.08688523], [-46.85489359, -24.08728135], [-46.85479911, -24.08816463], [-46.85495014, -24.08874969], [-46.85495366, -24.08899433], [-46.85490781, -24.08922513], [-46.85477546, -24.08945968], [-46.8546387, -24.08959226], [-46.85424228, -24.089793], [-46.85334347, -24.08993843], [-46.85213554, -24.09040543], [-46.8518401, -24.09058417], [-46.85151011, -24.09095926], [-46.85147636, -24.0912793], [-46.85172908, -24.09196063], [-46.85175976, -24.09217877], [-46.85174213, -24.09238935], [-46.8516627, -24.09267925], [-46.85162585, -24.09312663], [-46.85147295, -24.09350589], [-46.85138361, -24.09385911], [-46.85139015, -24.09431409], [-46.85147622, -24.09455412], [-46.85175999, -24.09479447], [-46.85225768, -24.09500062], [-46.85301841, -24.09509975], [-46.85357107, -24.09522938], [-46.85390502, -24.09526596], [-46.85413354, -24.09522075], [-46.85432319, -24.0951399], [-46.85477666, -24.09487075], [-46.85504939, -24.09461734], [-46.85526001, -24.09449018], [-46.85540175, -24.09449749], [-46.85548534, -24.09456509], [-46.85562954, -24.09481164], [-46.85577036, -24.09516477], [-46.855778, -24.09528567], [-46.85565333, -24.09564383], [-46.85558888, -24.09601751], [-46.8556008, -24.09623045], [-46.85569494, -24.09648392], [-46.85627454, -24.09711704], [-46.85648038, -24.09727254], [-46.8569162, -24.09748394], [-46.85707793, -24.09751358], [-46.85729584, -24.09748294], [-46.85833537, -24.09706671], [-46.85841035, -24.09708205], [-46.85845562, -24.09715193], [-46.85845637, -24.097272], [-46.85836628, -24.09750424], [-46.85836358, -24.09772639], [-46.85851607, -24.09786538], [-46.85871293, -24.09794335], [-46.85919126, -24.0978969], [-46.85967533, -24.09790726], [-46.86009465, -24.0981333], [-46.86042574, -24.09837937], [-46.86077031, -24.0985377], [-46.8612103, -24.09849261], [-46.86158593, -24.09834989], [-46.86187105, -24.09820557], [-46.86206988, -24.09821578], [-46.86233047, -24.09861982], [-46.86257412, -24.09887237], [-46.86269725, -24.09895303], [-46.86289348, -24.09898766], [-46.86377707, -24.09894257], [-46.86410822, -24.09912453], [-46.86430036, -24.09948786], [-46.86450241, -24.09965243], [-46.86477891, -24.09972761], [-46.86513893, -24.09972953], [-46.86528605, -24.09970065], [-46.86551606, -24.09982605], [-46.86581437, -24.10018538], [-46.86625054, -24.10048703], [-46.86649165, -24.10056354], [-46.86716374, -24.10058423], [-46.86765658, -24.10052042], [-46.86818731, -24.10049226], [-46.86882586, -24.10050612], [-46.86934615, -24.10057199], [-46.86973912, -24.10053919], [-46.86986376, -24.10045279], [-46.86986741, -24.10029745], [-46.86980266, -24.10017364], [-46.86945102, -24.09993597], [-46.86937688, -24.09984298], [-46.86938239, -24.0997481], [-46.86966594, -24.09963177], [-46.87010989, -24.09965614], [-46.87061581, -24.09981608], [-46.8709106, -24.09999937], [-46.87098568, -24.10029279], [-46.87095947, -24.10065517], [-46.87099632, -24.10088947], [-46.87108234, -24.10112317], [-46.87123772, -24.10132442], [-46.87135195, -24.10140157], [-46.87159913, -24.10148974], [-46.87183749, -24.10144438], [-46.87203386, -24.10128487], [-46.87208603, -24.10108469], [-46.87212472, -24.10063368], [-46.87219023, -24.10047216], [-46.87235576, -24.10028865], [-46.87246712, -24.10023582], [-46.87262612, -24.10000905], [-46.87260705, -24.09984767], [-46.87252806, -24.09962381], [-46.87230155, -24.09926633], [-46.87184125, -24.09886116], [-46.87159299, -24.09869897], [-46.87120383, -24.09851864], [-46.87094304, -24.09844148], [-46.87018965, -24.09830804], [-46.86890671, -24.0978768], [-46.86751772, -24.09765993], [-46.86698881, -24.09747408], [-46.86652896, -24.09716639], [-46.86467181, -24.09572818], [-46.86444199, -24.09547907], [-46.8643113, -24.09521612], [-46.86433296, -24.09501361], [-46.86442309, -24.09485269], [-46.86454893, -24.09471301], [-46.86466719, -24.09466191], [-46.86556625, -24.09453266], [-46.86608269, -24.09433404], [-46.86630258, -24.09416883], [-46.86629385, -24.0939062], [-46.86617242, -24.09373884], [-46.86600313, -24.09359464], [-46.86565459, -24.09350138], [-46.86506634, -24.09349501], [-46.86465014, -24.09355156], [-46.86444261, -24.09348366], [-46.86417371, -24.09311675], [-46.86386093, -24.092912], [-46.86375682, -24.09264962], [-46.86364146, -24.09249393], [-46.8631744, -24.0920265], [-46.86272443, -24.09165187], [-46.8626793, -24.0915233], [-46.86266602, -24.0912851], [-46.86254941, -24.09097502], [-46.86263323, -24.09024175], [-46.86290676, -24.08997748], [-46.8631919, -24.08976814], [-46.86353292, -24.08927461], [-46.86359826, -24.08903184], [-46.86356025, -24.08857995], [-46.86360107, -24.08834289], [-46.8638271, -24.08812615], [-46.86398434, -24.0880502], [-46.86448937, -24.08794833], [-46.86500034, -24.08798544], [-46.86525717, -24.08806266], [-46.86552474, -24.08806662], [-46.86571502, -24.08803089], [-46.86628265, -24.08783796], [-46.86666431, -24.08777461], [-46.86692999, -24.08778401], [-46.86762191, -24.08809157], [-46.86775921, -24.08820005], [-46.86824771, -24.08872227], [-46.86864816, -24.08893678], [-46.86886971, -24.08915799], [-46.86904577, -24.08949804], [-46.8692749, -24.08983472], [-46.86955699, -24.0900263], [-46.8698691, -24.09004957], [-46.87014845, -24.08991613], [-46.87040434, -24.08965748], [-46.87050633, -24.08943412], [-46.87060397, -24.08884334], [-46.87060856, -24.08861756], [-46.87051116, -24.08841199], [-46.87024, -24.0882284], [-46.86934183, -24.08787281], [-46.86885946, -24.08756992], [-46.86854125, -24.08732913], [-46.86797817, -24.08681865], [-46.86748064, -24.08628389], [-46.8675776, -24.08612019], [-46.86837643, -24.08627204], [-46.86910923, -24.08655111], [-46.8694522, -24.08673562], [-46.86977464, -24.08686169], [-46.87007647, -24.08685439], [-46.8703376, -24.08675368], [-46.87076422, -24.08646857], [-46.87082131, -24.08647148], [-46.87114142, -24.08691088], [-46.87144874, -24.08748497], [-46.87171164, -24.087777], [-46.87212917, -24.08808429], [-46.87310068, -24.08861232], [-46.87405807, -24.08904842], [-46.87470872, -24.08922192], [-46.87631963, -24.08941976], [-46.8769314, -24.08942218], [-46.87757358, -24.08935109], [-46.87840157, -24.08995037], [-46.87911108, -24.09031454], [-46.8794455, -24.090519], [-46.87997153, -24.09098023], [-46.88044292, -24.09153874], [-46.8806605, -24.09168865], [-46.8812408, -24.0919596], [-46.88213847, -24.09220948], [-46.88275413, -24.09254409], [-46.88322843, -24.09276217], [-46.88362137, -24.09286477], [-46.88388424, -24.0928832], [-46.8841274, -24.09283145], [-46.88443949, -24.09271835], [-46.88462747, -24.09259233], [-46.88475979, -24.09235956], [-46.88494276, -24.09189142], [-46.88521572, -24.09138965], [-46.88549573, -24.09103407], [-46.88579743, -24.09074865], [-46.88598016, -24.0904665], [-46.88602863, -24.0902167], [-46.88598275, -24.08983715], [-46.88599193, -24.08959055], [-46.8863194, -24.08958831], [-46.88671013, -24.08967468], [-46.88726467, -24.08986557], [-46.88768394, -24.09008702], [-46.88873736, -24.09049565], [-46.88955837, -24.09061462], [-46.89007162, -24.09073919], [-46.89029922, -24.09083389], [-46.89069654, -24.09116756], [-46.89072708, -24.09123851], [-46.89075294, -24.09132487], [-46.89076302, -24.09140871], [-46.89070114, -24.09161534], [-46.89052041, -24.09189927], [-46.89043349, -24.09220914], [-46.89039801, -24.09253913], [-46.89048114, -24.09284237], [-46.89084254, -24.09334171], [-46.89113398, -24.09356383], [-46.89144939, -24.09374412], [-46.89211524, -24.09394534], [-46.89239208, -24.09397713], [-46.89283372, -24.09397888], [-46.89305009, -24.0939121], [-46.89323328, -24.09376902], [-46.89419687, -24.09420866], [-46.89915186, -24.09637033], [-46.90082811, -24.09398403], [-46.90160082, -24.09383801], [-46.90236856, -24.09394871], [-46.90214791, -24.09405556], [-46.90166438, -24.09414735], [-46.90151187, -24.09420974], [-46.90121113, -24.09442476], [-46.90103015, -24.09469065], [-46.90093656, -24.09494643], [-46.90081746, -24.09547339], [-46.90077797, -24.09592983], [-46.90065056, -24.09636029], [-46.90028074, -24.09695989], [-46.90014409, -24.09736428], [-46.90011542, -24.09768696], [-46.90013326, -24.09789621], [-46.90023917, -24.09820819], [-46.90051402, -24.09857135], [-46.90082166, -24.09882304], [-46.90128043, -24.09898526], [-46.90154978, -24.09897559], [-46.90176116, -24.09890254], [-46.90197274, -24.09877711], [-46.90225806, -24.09871668], [-46.90248109, -24.09883308], [-46.90268406, -24.09905718], [-46.90293393, -24.09925993], [-46.90316276, -24.09936994], [-46.90344884, -24.09942687], [-46.90390297, -24.09940766], [-46.90439378, -24.09934196], [-46.90473354, -24.09937113], [-46.90488185, -24.09942345], [-46.9053898, -24.09991732], [-46.90554064, -24.09994162], [-46.90583054, -24.09992446], [-46.9058833, -24.09996714], [-46.90601595, -24.10022371], [-46.90631656, -24.10046464], [-46.90672321, -24.10069342], [-46.9070048, -24.10097792], [-46.90713098, -24.10106393], [-46.90807135, -24.10139979], [-46.90828137, -24.10163373], [-46.90862444, -24.10228403], [-46.9089521, -24.10282257], [-46.90930864, -24.1032533], [-46.90962767, -24.10347504], [-46.91052363, -24.10393243], [-46.91061246, -24.10395299], [-46.91086793, -24.10393535], [-46.91103515, -24.10380324], [-46.9112699, -24.1035159], [-46.91142001, -24.10355645], [-46.91152338, -24.1036292], [-46.91183037, -24.10396755], [-46.91220442, -24.10425088], [-46.91328558, -24.1046599], [-46.91363521, -24.10482255], [-46.91384987, -24.10497064], [-46.91398547, -24.10502763], [-46.91408989, -24.10503806], [-46.91440667, -24.10497631], [-46.91481449, -24.10541361], [-46.9151962, -24.10561648], [-46.91557596, -24.10575438], [-46.9158008, -24.10579309], [-46.9161635, -24.1057759], [-46.91642815, -24.10571389], [-46.9165325, -24.10571981], [-46.91696769, -24.10607911], [-46.9172977, -24.10624471], [-46.91866428, -24.10646501], [-46.91893588, -24.10653925], [-46.91916459, -24.1066393], [-46.91964204, -24.10712718], [-46.91990715, -24.10729359], [-46.92015037, -24.1073113], [-46.92057824, -24.10724542], [-46.92067531, -24.10735616], [-46.92071168, -24.10748662], [-46.92089769, -24.10775695], [-46.92115589, -24.10798755], [-46.92136054, -24.10812311], [-46.92224323, -24.10854358], [-46.9231274, -24.10886471], [-46.9238031, -24.10899254], [-46.92428933, -24.1090135], [-46.92475468, -24.10908529], [-46.9253134, -24.10941502], [-46.92569024, -24.10955382], [-46.9259363, -24.10956336], [-46.92615819, -24.10953619], [-46.92653966, -24.10939233], [-46.92686219, -24.10931965], [-46.92696717, -24.10936798], [-46.92698495, -24.10943818], [-46.92726932, -24.10964225], [-46.92820074, -24.10996456], [-46.92870377, -24.10999072], [-46.9289175, -24.10994378], [-46.92914557, -24.10993458], [-46.9293748, -24.11039666], [-46.92973639, -24.11076408], [-46.9302431, -24.11103486], [-46.93082166, -24.11124333], [-46.93132261, -24.11132729], [-46.93170026, -24.11132251], [-46.93192946, -24.11125731], [-46.93224392, -24.11104026], [-46.9323817, -24.11104483], [-46.93243244, -24.11108302], [-46.93231726, -24.11160092], [-46.93235023, -24.11176572], [-46.93249814, -24.11198686], [-46.93270153, -24.11210257], [-46.93320625, -24.11210972], [-46.93384878, -24.11205735], [-46.93402907, -24.11194491], [-46.93436261, -24.11155787], [-46.93446372, -24.11147895], [-46.93454926, -24.11147606], [-46.93487053, -24.11197398], [-46.93514829, -24.11219528], [-46.93538732, -24.11232588], [-46.93576029, -24.11240241], [-46.93610549, -24.11252895], [-46.93628316, -24.11263504], [-46.93638958, -24.11284316], [-46.93664598, -24.11301687], [-46.93681243, -24.11303101], [-46.93705788, -24.11299991], [-46.93741661, -24.11304502], [-46.93762794, -24.1129042], [-46.93777536, -24.11250326], [-46.93786674, -24.11210484], [-46.93800625, -24.11196312], [-46.93808627, -24.11198558], [-46.9384899, -24.11259531], [-46.93872368, -24.11276931], [-46.93885868, -24.11278565], [-46.93907733, -24.11273864], [-46.93928622, -24.11256624], [-46.93946003, -24.11235096], [-46.93956379, -24.11231714], [-46.93968635, -24.11242122], [-46.93985238, -24.1126683], [-46.94001403, -24.11275563], [-46.94018685, -24.11273538], [-46.94062175, -24.11261339], [-46.94092198, -24.11249671], [-46.94111614, -24.11252223], [-46.94116516, -24.11290262], [-46.94125767, -24.11310098], [-46.94142974, -24.113227], [-46.94165429, -24.11324491], [-46.9421314, -24.11298694], [-46.9422102, -24.11299407], [-46.94231999, -24.11316422], [-46.94233906, -24.11351519], [-46.94231651, -24.11397594], [-46.9423842, -24.11429018], [-46.94246076, -24.11440929], [-46.94264663, -24.11453694], [-46.94287475, -24.11459543], [-46.94323238, -24.11456741], [-46.94370779, -24.11432661], [-46.94430965, -24.11418713], [-46.94452765, -24.11396677], [-46.94455809, -24.11350772], [-46.94469803, -24.11274392], [-46.94480361, -24.11250512], [-46.94486547, -24.11243301], [-46.94498504, -24.11253441], [-46.94514022, -24.11284392], [-46.94538181, -24.11314331], [-46.94546493, -24.1136316], [-46.94571742, -24.11413128], [-46.94577847, -24.11485099], [-46.94594449, -24.11503126], [-46.94608944, -24.1151197], [-46.94627744, -24.11512723], [-46.94655921, -24.11496113], [-46.94697788, -24.11435177], [-46.94708273, -24.11432515], [-46.94717597, -24.11437633], [-46.94746086, -24.11487108], [-46.94768669, -24.11497384], [-46.94789583, -24.1149486], [-46.94801312, -24.11483424], [-46.94816753, -24.11450724], [-46.94829756, -24.11439002], [-46.94857471, -24.11424383], [-46.94871241, -24.11411296], [-46.9487714, -24.11411131], [-46.94888061, -24.11417763], [-46.94909435, -24.11478072], [-46.94915585, -24.11487925], [-46.94939005, -24.11501531], [-46.94951164, -24.11505438], [-46.94964741, -24.11505626], [-46.94984586, -24.11497428], [-46.95027276, -24.11471422], [-46.9504571, -24.11473985], [-46.95049335, -24.11479537], [-46.95049416, -24.11523776], [-46.95067732, -24.11576992], [-46.95106998, -24.11610618], [-46.95134173, -24.11618758], [-46.95159658, -24.11619245], [-46.95185108, -24.11610975], [-46.95206453, -24.11597971], [-46.95230498, -24.11587823], [-46.95242868, -24.11592721], [-46.95244512, -24.11610306], [-46.95241096, -24.11644478], [-46.95244744, -24.11664474], [-46.95263743, -24.11697818], [-46.95270222, -24.11703423], [-46.95294835, -24.11711234], [-46.95331632, -24.11705256], [-46.95371341, -24.11690212], [-46.95418928, -24.11649787], [-46.95468188, -24.11622432], [-46.95478289, -24.11613906], [-46.9551425, -24.11559364], [-46.95537363, -24.11546248], [-46.95587014, -24.11538118], [-46.95619869, -24.11518737], [-46.95633654, -24.11500233], [-46.95642291, -24.11479537], [-46.95648354, -24.11444879], [-46.95647872, -24.11441834], [-46.96188606, -24.11576164], [-46.96135945, -24.11598974], [-46.9612271, -24.11608353], [-46.96099372, -24.11632578], [-46.96087161, -24.11657473], [-46.96081636, -24.11688693], [-46.96088467, -24.11710906], [-46.96103925, -24.11744113], [-46.96101821, -24.11748023], [-46.96032773, -24.11735547], [-46.9598403, -24.11745201], [-46.95946174, -24.1177205], [-46.95931522, -24.1179174], [-46.9592466, -24.11812684], [-46.95925716, -24.11830367], [-46.95932808, -24.11843909], [-46.95956582, -24.11874121], [-46.95999088, -24.11900661], [-46.96069567, -24.1192946], [-46.96088329, -24.11947096], [-46.96108398, -24.11979432], [-46.9613623, -24.12004806], [-46.96148992, -24.12009517], [-46.96185523, -24.12011847], [-46.96208551, -24.12018954], [-46.96240402, -24.12069105], [-46.9626759, -24.12078055], [-46.96295685, -24.12081938], [-46.96334702, -24.12092451], [-46.96355957, -24.12112221], [-46.96379726, -24.12148481], [-46.96397555, -24.12162878], [-46.96447693, -24.1218661], [-46.96478281, -24.12186217], [-46.96505025, -24.12178921], [-46.96543098, -24.12159832], [-46.96559844, -24.12161332], [-46.96568474, -24.12166006], [-46.96595411, -24.122164], [-46.9661167, -24.12237498], [-46.96636297, -24.1225903], [-46.96648374, -24.12276841], [-46.96658292, -24.12282131], [-46.9667781, -24.12284768], [-46.96683012, -24.12290389], [-46.96698746, -24.12341469], [-46.9671603, -24.12358852], [-46.96733649, -24.12359528], [-46.96746912, -24.12351954], [-46.96789357, -24.12309965], [-46.96807863, -24.12297899], [-46.96834295, -24.12302344], [-46.96854057, -24.12327369], [-46.96896322, -24.1234434], [-46.96907361, -24.12358553], [-46.9691046, -24.12381084], [-46.96907512, -24.12400534], [-46.96892908, -24.12436204], [-46.96890219, -24.12459713], [-46.96901764, -24.12494144], [-46.96944589, -24.12541262], [-46.97022903, -24.12599569], [-46.97074016, -24.12654616], [-46.97110229, -24.12687374], [-46.9717567, -24.12720837], [-46.97261594, -24.12755661], [-46.97277073, -24.12770719], [-46.97280718, -24.12790264], [-46.97277371, -24.12802947], [-46.97258699, -24.12836323], [-46.972283, -24.12881136], [-46.97225154, -24.12900498], [-46.9723295, -24.12921344], [-46.97257397, -24.1294378], [-46.97286842, -24.12958567], [-46.97329048, -24.12971565], [-46.97389439, -24.12983514], [-46.97447079, -24.12982949], [-46.97459335, -24.12980263], [-46.9747707, -24.12969199], [-46.9748386, -24.12969292], [-46.97511386, -24.13000084], [-46.97516306, -24.13025752], [-46.97501522, -24.13049598], [-46.97472968, -24.13060802], [-46.97440993, -24.13060673], [-46.97387714, -24.13044208], [-46.97349518, -24.13042535], [-46.97293006, -24.13046155], [-46.9722316, -24.13046335], [-46.97160076, -24.13064033], [-46.97130836, -24.13056195], [-46.97107998, -24.13029585], [-46.97090168, -24.13015189], [-46.97072638, -24.13013971], [-46.97046812, -24.13017103], [-46.97025985, -24.13012586], [-46.97015602, -24.13002699], [-46.96995693, -24.12974606], [-46.96976417, -24.12955714], [-46.96955039, -24.12947323], [-46.9693268, -24.12945534], [-46.96867469, -24.12965697], [-46.96835093, -24.12965031], [-46.96810313, -24.12959391], [-46.96778718, -24.12958354], [-46.96750587, -24.12971537], [-46.96726671, -24.12977263], [-46.96714063, -24.12976251], [-46.96692328, -24.12957391], [-46.9668376, -24.12956779], [-46.96667465, -24.12971976], [-46.96638109, -24.13008017], [-46.96587569, -24.13054804], [-46.96569913, -24.13077513], [-46.96561561, -24.13097483], [-46.96558703, -24.13129301], [-46.96565804, -24.13181936], [-46.96559374, -24.13211813], [-46.96540956, -24.13249067], [-46.96535466, -24.13282454], [-46.96536579, -24.13290926], [-46.96554107, -24.13311286], [-46.96585042, -24.13307727], [-46.966032, -24.13292055], [-46.96613282, -24.13275854], [-46.96668794, -24.13238934], [-46.96726345, -24.13232414], [-46.96824791, -24.13230333], [-46.96860863, -24.13221742], [-46.96876853, -24.13205916], [-46.96875269, -24.13153842], [-46.96881444, -24.13139497], [-46.96900887, -24.13111438], [-46.9691699, -24.13103014], [-46.96952966, -24.13094605], [-46.97030343, -24.1309794], [-46.97066892, -24.1309485], [-46.97077652, -24.13090829], [-46.97106166, -24.13089739], [-46.97126853, -24.13097958], [-46.97131976, -24.13104844], [-46.9714933, -24.13113829], [-46.97206476, -24.13119501], [-46.97228227, -24.13132944], [-46.97247816, -24.13152915], [-46.97264116, -24.1319577], [-46.97270066, -24.13237315], [-46.97268373, -24.13274444], [-46.97278436, -24.13308352], [-46.9729296, -24.13325228], [-46.97313328, -24.13331826], [-46.97351471, -24.13336389], [-46.97372519, -24.13348847], [-46.97386148, -24.13371513], [-46.97396223, -24.13406143], [-46.97417255, -24.13449569], [-46.97447474, -24.13469853], [-46.97490465, -24.13488979], [-46.97526013, -24.13497458], [-46.97564298, -24.13498407]]]]}}]}