{"type": "FeatureCollection", "features": [{"type": "Feature", "properties": {"name": "Parque Estadual Restinga de Bertioga"}, "geometry": {"type": "MultiPolygon", "coordinates": [[[[-46.16554222, -23.82704225], [-46.16945482, -23.8243484], [-46.17314134, -23.82464572], [-46.17314893, -23.82459145], [-46.17316649, -23.82451392], [-46.17320572, -23.82439983], [-46.17325153, -23.82430926], [-46.17328532, -23.82425626], [-46.17339671, -23.82409935], [-46.17340798, -23.82407588], [-46.17341099, -23.8240502], [-46.17340619, -23.82404031], [-46.1733963, -23.82403279], [-46.17338075, -23.82402795], [-46.17335992, -23.82402576], [-46.17327425, -23.8240302], [-46.17312536, -23.82404416], [-46.17306636, -23.82404434], [-46.17300177, -23.82403471], [-46.17295587, -23.82401691], [-46.17293386, -23.8240038], [-46.17290083, -23.82397768], [-46.17284542, -23.82391814], [-46.17275833, -23.82379634], [-46.17273054, -23.8237737], [-46.17269469, -23.8237616], [-46.17266727, -23.8237581], [-46.1725515, -23.8237551], [-46.17248194, -23.82374822], [-46.17244535, -23.82374064], [-46.17239908, -23.82372646], [-46.17235622, -23.82370863], [-46.17231627, -23.82368807], [-46.17226237, -23.82365425], [-46.1722086, -23.82361402], [-46.17215538, -23.82356864], [-46.1720812, -23.82349632], [-46.17200673, -23.82341362], [-46.171655, -23.82316351], [-46.17124639, -23.82289802], [-46.17115877, -23.82283836], [-46.17111408, -23.82281332], [-46.17102679, -23.82277849], [-46.17095504, -23.82275808], [-46.17081635, -23.82272861], [-46.17075581, -23.82270947], [-46.17067605, -23.82267188], [-46.17059192, -23.82261697], [-46.17052577, -23.82256446], [-46.17044984, -23.82249351], [-46.17039392, -23.82243207], [-46.1702733, -23.82228181], [-46.17023025, -23.82223282], [-46.17014002, -23.82214374], [-46.17006436, -23.82208181], [-46.17000362, -23.82204019], [-46.16994233, -23.82200453], [-46.16986465, -23.82196845], [-46.16978696, -23.82194204], [-46.16972843, -23.82192857], [-46.16967497, -23.82192275], [-46.16960719, -23.82192805], [-46.16954518, -23.82194351], [-46.16945919, -23.82197722], [-46.16930179, -23.82206042], [-46.16926073, -23.82207969], [-46.16921219, -23.82209632], [-46.16916798, -23.82210397], [-46.16913667, -23.82210484], [-46.16905874, -23.82209531], [-46.16892343, -23.8220594], [-46.1686881, -23.82198045], [-46.16856586, -23.82193441], [-46.16846288, -23.82189049], [-46.16841861, -23.8218687], [-46.1683669, -23.82183847], [-46.16830925, -23.82179213], [-46.16815787, -23.82162728], [-46.16809484, -23.8215714], [-46.16802982, -23.82152394], [-46.16797947, -23.82149325], [-46.16793294, -23.82147048], [-46.16788983, -23.82145862], [-46.16786918, -23.82145769], [-46.16784881, -23.82146019], [-46.16782824, -23.82146541], [-46.16770779, -23.82150949], [-46.16766528, -23.82152056], [-46.16762578, -23.82152673], [-46.16757475, -23.82152874], [-46.16752789, -23.82152494], [-46.16746553, -23.82151141], [-46.16743569, -23.82150116], [-46.16738204, -23.82147412], [-46.16733724, -23.82143743], [-46.16729655, -23.82138806], [-46.16720206, -23.82123913], [-46.16711331, -23.82110713], [-46.16708705, -23.82105775], [-46.16707917, -23.82103288], [-46.16707557, -23.82099272], [-46.16708263, -23.82094724], [-46.16709196, -23.82091511], [-46.16711721, -23.82085107], [-46.16716295, -23.82076276], [-46.16722867, -23.82066915], [-46.16737014, -23.82049495], [-46.16739349, -23.82045964], [-46.16741966, -23.82040101], [-46.16743073, -23.82035405], [-46.16743408, -23.82032305], [-46.16743354, -23.82028431], [-46.16742841, -23.82024913], [-46.16742008, -23.82021749], [-46.16740402, -23.82017806], [-46.16738388, -23.82014344], [-46.16734707, -23.82010001], [-46.16732333, -23.82007968], [-46.16727959, -23.8200513], [-46.16718645, -23.82000983], [-46.16703941, -23.81995711], [-46.16696785, -23.81992388], [-46.16693101, -23.81989905], [-46.16689548, -23.81986717], [-46.16687128, -23.81983899], [-46.166829, -23.81977736], [-46.1668173, -23.81976363], [-46.16680614, -23.81975613], [-46.16679474, -23.8197554], [-46.16678232, -23.81976001], [-46.16670646, -23.81980691], [-46.16663892, -23.81983976], [-46.16656855, -23.81986341], [-46.1665171, -23.81987382], [-46.16646323, -23.81987586], [-46.16642067, -23.81987004], [-46.16637128, -23.8198584], [-46.16630068, -23.81983392], [-46.16622624, -23.81979745], [-46.16617284, -23.81976471], [-46.16613171, -23.81973242], [-46.16611516, -23.81971502], [-46.16609398, -23.81968529], [-46.16603623, -23.81956037], [-46.16601719, -23.81953975], [-46.16598758, -23.81952173], [-46.16590313, -23.81948534], [-46.1658202, -23.81945526], [-46.16570019, -23.81941625], [-46.16559153, -23.81937372], [-46.1655293, -23.81934186], [-46.1654757, -23.81930876], [-46.16542481, -23.81927157], [-46.16518564, -23.81907009], [-46.16513695, -23.81902611], [-46.16508538, -23.81896725], [-46.16503709, -23.81889103], [-46.1650046, -23.81882553], [-46.16498823, -23.81878402], [-46.16497314, -23.81873257], [-46.16495768, -23.81862801], [-46.16494404, -23.81843105], [-46.16493882, -23.81839614], [-46.16492776, -23.8183554], [-46.16490549, -23.81831267], [-46.16488694, -23.81829132], [-46.16485511, -23.81826709], [-46.16482735, -23.81825817], [-46.16480333, -23.81826134], [-46.16463506, -23.81832592], [-46.16432257, -23.81842193], [-46.16404068, -23.81851609], [-46.16384631, -23.81857111], [-46.16373823, -23.81859252], [-46.16368497, -23.81859798], [-46.16363512, -23.81859971], [-46.16357021, -23.81859749], [-46.16351106, -23.81859107], [-46.16333582, -23.81855699], [-46.16327802, -23.81854875], [-46.16316349, -23.81854113], [-46.16300188, -23.81853792], [-46.16295451, -23.81853169], [-46.16290551, -23.8185195], [-46.16286808, -23.81850552], [-46.16280111, -23.8184699], [-46.1627533, -23.81843576], [-46.16272559, -23.81841176], [-46.16269595, -23.81837929], [-46.16267357, -23.8183465], [-46.16264464, -23.81828268], [-46.16262882, -23.81822654], [-46.16261967, -23.81816908], [-46.16261782, -23.81809341], [-46.1626219, -23.81804515], [-46.1626331, -23.81797986], [-46.16265337, -23.81790737], [-46.16267306, -23.81785954], [-46.16269538, -23.81781882], [-46.16277658, -23.81771073], [-46.16280196, -23.81767216], [-46.1628078, -23.81765631], [-46.16280749, -23.81764349], [-46.16279965, -23.81763416], [-46.16278409, -23.81762813], [-46.16276158, -23.81762451], [-46.16250331, -23.81761399], [-46.16237714, -23.81761178], [-46.16232031, -23.81761284], [-46.16225037, -23.81761807], [-46.16216561, -23.8176355], [-46.16211257, -23.81765379], [-46.1620103, -23.81770043], [-46.16192579, -23.81774523], [-46.16186201, -23.81777064], [-46.16181261, -23.81777941], [-46.16177854, -23.81777859], [-46.16175138, -23.81777166], [-46.16173866, -23.8177648], [-46.16172006, -23.81774868], [-46.16170148, -23.81772398], [-46.16168242, -23.81768873], [-46.16163805, -23.81757852], [-46.1615757, -23.81740107], [-46.16154956, -23.81735304], [-46.16150181, -23.81727095], [-46.16143532, -23.81716903], [-46.16139319, -23.81711137], [-46.16132453, -23.81702961], [-46.16129445, -23.81700311], [-46.16124933, -23.81697337], [-46.16122389, -23.81696065], [-46.16116164, -23.816938], [-46.1610867, -23.81692258], [-46.16103867, -23.81691869], [-46.16095064, -23.8169217], [-46.16089288, -23.81691807], [-46.16085972, -23.81690875], [-46.16083675, -23.81689809], [-46.1607985, -23.81686902], [-46.16077575, -23.81683867], [-46.16076525, -23.81681635], [-46.16075836, -23.81679211], [-46.16075528, -23.81676639], [-46.16075592, -23.8167392], [-46.1607653, -23.81669036], [-46.16077985, -23.81664799], [-46.16080305, -23.81659679], [-46.16086413, -23.81648858], [-46.16089869, -23.81643423], [-46.16109562, -23.81613769], [-46.16116136, -23.81603424], [-46.16123029, -23.81593718], [-46.16134179, -23.81579157], [-46.16135834, -23.81576516], [-46.16138014, -23.81572228], [-46.16139865, -23.81567283], [-46.16142529, -23.81556723], [-46.16143207, -23.8155241], [-46.16143507, -23.81547432], [-46.16143145, -23.81543217], [-46.16142117, -23.81539134], [-46.16141103, -23.8153654], [-46.16138449, -23.81531783], [-46.16130426, -23.81521511], [-46.16127399, -23.81516666], [-46.16118343, -23.81500668], [-46.16114384, -23.81495839], [-46.16108646, -23.81490933], [-46.16087967, -23.81477054], [-46.16083194, -23.81473432], [-46.16075464, -23.81466329], [-46.16070202, -23.81460787], [-46.160488, -23.81436248], [-46.16027154, -23.81410762], [-46.16023428, -23.81406807], [-46.16013289, -23.81397012], [-46.16004999, -23.81386463], [-46.15991784, -23.81374117], [-46.15986052, -23.81369681], [-46.15979037, -23.81365733], [-46.15955816, -23.81355205], [-46.15948643, -23.81353236], [-46.15942964, -23.81352647], [-46.15938139, -23.81353198], [-46.15935622, -23.81353894], [-46.15931602, -23.81355486], [-46.15912971, -23.81365507], [-46.15906825, -23.81367621], [-46.15903707, -23.81368051], [-46.1589972, -23.8136781], [-46.15895824, -23.8136681], [-46.15891479, -23.81365045], [-46.15881772, -23.81359717], [-46.15856867, -23.81342962], [-46.15845114, -23.81335997], [-46.158414, -23.81333378], [-46.15837403, -23.81329868], [-46.15823451, -23.81316282], [-46.158065, -23.81302103], [-46.15802462, -23.8129835], [-46.15799584, -23.81294867], [-46.15797548, -23.81291098], [-46.15796548, -23.81287918], [-46.15795635, -23.81281241], [-46.15795624, -23.81275615], [-46.15795945, -23.81271937], [-46.15796886, -23.81267324], [-46.15798496, -23.81262977], [-46.15800688, -23.81258869], [-46.15804587, -23.81253511], [-46.15807611, -23.81250246], [-46.158152, -23.81243804], [-46.15839833, -23.81226514], [-46.15851989, -23.81216904], [-46.15858934, -23.81211948], [-46.15864347, -23.81209107], [-46.15878251, -23.81203015], [-46.15882148, -23.81200782], [-46.15887007, -23.81197476], [-46.1589111, -23.81194131], [-46.15894691, -23.81190537], [-46.15898249, -23.81185552], [-46.15899483, -23.81183023], [-46.15900705, -23.81179185], [-46.15901306, -23.81174917], [-46.15901285, -23.81171522], [-46.1590083, -23.81167741], [-46.15898109, -23.81154278], [-46.15897677, -23.8114879], [-46.15898219, -23.81141218], [-46.15899984, -23.81133338], [-46.15903065, -23.81124275], [-46.15910836, -23.81105151], [-46.15917078, -23.81088388], [-46.15919334, -23.81080495], [-46.15920803, -23.8107353], [-46.15921288, -23.8106725], [-46.15920675, -23.81063516], [-46.15919331, -23.81061322], [-46.15917131, -23.81060128], [-46.15913565, -23.81059857], [-46.15907744, -23.81060958], [-46.15901422, -23.81063073], [-46.15880569, -23.81071566], [-46.1587072, -23.81074421], [-46.15865457, -23.81075337], [-46.15859885, -23.81075803], [-46.15853966, -23.81075748], [-46.15847727, -23.81075181], [-46.15836972, -23.8107332], [-46.15828384, -23.81071226], [-46.1581612, -23.81067453], [-46.15805105, -23.81062894], [-46.15800223, -23.81060293], [-46.15795761, -23.81057455], [-46.15791659, -23.81054361], [-46.15784234, -23.81047264], [-46.157797, -23.81041798], [-46.15774665, -23.8103415], [-46.15772138, -23.81029174], [-46.15770089, -23.81023925], [-46.15768519, -23.81018481], [-46.15766906, -23.81009336], [-46.15766393, -23.81002322], [-46.15766515, -23.80995078], [-46.15767363, -23.80987784], [-46.15768435, -23.80982402], [-46.15770655, -23.80974835], [-46.15772153, -23.80971139], [-46.15775107, -23.80965518], [-46.15782077, -23.80955621], [-46.15795734, -23.80939362], [-46.15798401, -23.80935702], [-46.1580011, -23.80932483], [-46.15800509, -23.80929843], [-46.15799557, -23.80927728], [-46.15797509, -23.80925892], [-46.15786236, -23.80918725], [-46.15780212, -23.80913622], [-46.15777149, -23.80910204], [-46.15774791, -23.80906618], [-46.15773217, -23.80902909], [-46.1577231, -23.80899123], [-46.15771958, -23.80894881], [-46.15772493, -23.80887697], [-46.15774775, -23.80874928], [-46.15775156, -23.80870292], [-46.15775057, -23.80867989], [-46.15774368, -23.80864518], [-46.15772884, -23.80860961], [-46.15768839, -23.80855365], [-46.15757277, -23.80843233], [-46.15752552, -23.8083728], [-46.15749593, -23.80832363], [-46.15747559, -23.80827772], [-46.15745591, -23.80820553], [-46.15744866, -23.80812909], [-46.15745046, -23.80807741], [-46.157458, -23.80802073], [-46.15746812, -23.80797703], [-46.15748169, -23.80793566], [-46.15750344, -23.80788727], [-46.15752772, -23.80784681], [-46.15755655, -23.80780947], [-46.15764093, -23.80772837], [-46.15766639, -23.80769982], [-46.15767783, -23.80767264], [-46.15767624, -23.80765938], [-46.15766906, -23.80764634], [-46.15766133, -23.80763781], [-46.15762558, -23.80761352], [-46.15759316, -23.80759877], [-46.15755535, -23.80758569], [-46.15749907, -23.80757139], [-46.15741491, -23.80755929], [-46.15736524, -23.80755523], [-46.15724745, -23.80755521], [-46.15696317, -23.80757667], [-46.15690282, -23.8075783], [-46.15684361, -23.80757576], [-46.15678524, -23.80756861], [-46.15669003, -23.80754675], [-46.1565882, -23.80750949], [-46.15648191, -23.80745637], [-46.15638462, -23.80739822], [-46.15619673, -23.80727527], [-46.15611305, -23.80722523], [-46.15601386, -23.80717503], [-46.15592879, -23.80714587], [-46.15585788, -23.80713005], [-46.15573008, -23.80710789], [-46.15566613, -23.80710277], [-46.15560892, -23.807105], [-46.15555316, -23.807115], [-46.15551351, -23.80712721], [-46.15544636, -23.8071586], [-46.15534048, -23.80722966], [-46.15511539, -23.8073949], [-46.15505643, -23.80743147], [-46.15499946, -23.80746025], [-46.1548972, -23.80749651], [-46.15474756, -23.80753602], [-46.15467833, -23.80753265], [-46.1546346, -23.80752693], [-46.15458462, -23.80751421], [-46.1545596, -23.80750383], [-46.15452219, -23.80748053], [-46.15448946, -23.80745323], [-46.1543729, -23.80733733], [-46.15434273, -23.80731074], [-46.15428049, -23.80726541], [-46.15424942, -23.80724885], [-46.15419712, -23.8072281], [-46.15399906, -23.80717576], [-46.15395336, -23.80715849], [-46.15390781, -23.80713589], [-46.15387515, -23.80711582], [-46.15382267, -23.80707548], [-46.15379167, -23.80704482], [-46.15377618, -23.80702489], [-46.15375688, -23.80698403], [-46.15371291, -23.8068292], [-46.1536996, -23.80675552], [-46.15369682, -23.80671878], [-46.1536987, -23.80668725], [-46.15371208, -23.80662447], [-46.15374321, -23.80649247], [-46.15377164, -23.80639924], [-46.15378271, -23.80635282], [-46.15378858, -23.80630582], [-46.153787, -23.80620441], [-46.15377833, -23.80609023], [-46.15377794, -23.80603541], [-46.1537834, -23.80598633], [-46.1537904, -23.80595701], [-46.15381145, -23.80590556], [-46.15383274, -23.80587198], [-46.15389288, -23.80580172], [-46.15397719, -23.80571168], [-46.15402254, -23.80566745], [-46.15415524, -23.80555555], [-46.15424429, -23.80546864], [-46.15427828, -23.80542738], [-46.15429675, -23.80539663], [-46.15430114, -23.80537086], [-46.15429373, -23.80535402], [-46.15427968, -23.80534121], [-46.15425324, -23.80532678], [-46.15411433, -23.80526876], [-46.15408846, -23.80525161], [-46.15406788, -23.80523307], [-46.15403964, -23.80519219], [-46.15403022, -23.80517004], [-46.15400667, -23.80509363], [-46.15399547, -23.80506969], [-46.15397902, -23.80505238], [-46.15396139, -23.80504556], [-46.15392862, -23.80504734], [-46.1538969, -23.80505652], [-46.15372053, -23.80512539], [-46.15359768, -23.80516289], [-46.15347007, -23.80519663], [-46.15340844, -23.80520883], [-46.15335069, -23.80521576], [-46.15329083, -23.80521766], [-46.15324576, -23.80521546], [-46.15316428, -23.80520406], [-46.15296058, -23.80515672], [-46.15289179, -23.80513692], [-46.15278447, -23.80509907], [-46.15270683, -23.8050665], [-46.15263575, -23.80503145], [-46.15256406, -23.80498267], [-46.15248518, -23.80490948], [-46.15241161, -23.80482495], [-46.15237313, -23.80476925], [-46.15235813, -23.80473874], [-46.15234965, -23.80471126], [-46.15234424, -23.80465486], [-46.15233906, -23.80447933], [-46.1523315, -23.80438952], [-46.15231512, -23.80428009], [-46.152277, -23.80410924], [-46.1522695, -23.80403822], [-46.15226969, -23.80400371], [-46.15227563, -23.80395427], [-46.15228887, -23.80390802], [-46.15230157, -23.80387893], [-46.15233544, -23.80382413], [-46.15236429, -23.80378978], [-46.15240919, -23.80375043], [-46.15244199, -23.8037295], [-46.1524801, -23.80371097], [-46.15252286, -23.80369485], [-46.15275491, -23.80362917], [-46.15279797, -23.80361485], [-46.15285998, -23.80358992], [-46.15291831, -23.80355959], [-46.15297599, -23.80352258], [-46.15301421, -23.80349312], [-46.15304332, -23.80346572], [-46.15306444, -23.80343468], [-46.15306763, -23.80341758], [-46.15306297, -23.80340154], [-46.15305096, -23.80338655], [-46.15303327, -23.80337304], [-46.15298783, -23.80335162], [-46.15285287, -23.80331786], [-46.15278683, -23.80329794], [-46.15269191, -23.80326469], [-46.15264779, -23.80324732], [-46.15248499, -23.80317412], [-46.15235805, -23.80312729], [-46.1522933, -23.80310926], [-46.15212714, -23.80307745], [-46.15207744, -23.80306264], [-46.15204494, -23.80304988], [-46.15198036, -23.80301731], [-46.15190513, -23.8029682], [-46.15183978, -23.80291513], [-46.15172414, -23.80280166], [-46.15169052, -23.80277355], [-46.15164757, -23.80274597], [-46.15162156, -23.80273451], [-46.15159559, -23.80272775], [-46.15156926, -23.80272533], [-46.15154159, -23.80272644], [-46.15136236, -23.80274882], [-46.15130134, -23.80275234], [-46.15120433, -23.80274846], [-46.15112433, -23.80273768], [-46.1509915, -23.80271212], [-46.15092461, -23.802696], [-46.15080208, -23.80265835], [-46.15074672, -23.802636], [-46.15069477, -23.80261047], [-46.15059047, -23.80254812], [-46.15047286, -23.80246862], [-46.15029528, -23.80233294], [-46.15023082, -23.80229124], [-46.15020324, -23.8022798], [-46.15015653, -23.80227075], [-46.14997794, -23.80226549], [-46.14990919, -23.80226095], [-46.14984974, -23.80225245], [-46.14979504, -23.80223814], [-46.14975868, -23.80222305], [-46.14972405, -23.80220254], [-46.14960173, -23.80211088], [-46.14951693, -23.80205552], [-46.14924798, -23.80189938], [-46.14921408, -23.80188347], [-46.14919342, -23.80187821], [-46.14918216, -23.80188181], [-46.1491809, -23.80189456], [-46.149228, -23.80199292], [-46.14923559, -23.8020195], [-46.14923827, -23.8020454], [-46.14923673, -23.80207034], [-46.14922279, -23.80211542], [-46.14920499, -23.80214436], [-46.14918954, -23.80216281], [-46.14906835, -23.80227787], [-46.14898861, -23.80233997], [-46.14894494, -23.80236422], [-46.14890639, -23.8023777], [-46.14886757, -23.80238341], [-46.14882427, -23.80238192], [-46.14878986, -23.80237595], [-46.1487249, -23.80235539], [-46.14857133, -23.80228175], [-46.14854041, -23.80227015], [-46.14851228, -23.80226404], [-46.14848665, -23.80226342], [-46.14846244, -23.80226703], [-46.14832514, -23.80230219], [-46.14827338, -23.80232118], [-46.14823268, -23.80234794], [-46.14813933, -23.80243597], [-46.14806868, -23.80249484], [-46.14802933, -23.80251798], [-46.1480039, -23.8025282], [-46.1479505, -23.80253916], [-46.14790596, -23.80254184], [-46.14781925, -23.80253734], [-46.14775625, -23.8025285], [-46.14773046, -23.80253104], [-46.14770465, -23.80254243], [-46.14763867, -23.80258546], [-46.14757616, -23.80262043], [-46.14750908, -23.80264928], [-46.14747853, -23.802658], [-46.14745109, -23.80266209], [-46.14741023, -23.80265968], [-46.14737973, -23.80265097], [-46.14727576, -23.80260342], [-46.14723866, -23.80259295], [-46.14714628, -23.80257973], [-46.14702082, -23.80256676], [-46.14696004, -23.80256414], [-46.14690872, -23.8025666], [-46.14681499, -23.80257867], [-46.14674241, -23.80258409], [-46.14665346, -23.80258159], [-46.1466102, -23.80257342], [-46.14658401, -23.80256495], [-46.14652863, -23.80254016], [-46.1464605, -23.8025049], [-46.14638618, -23.80245831], [-46.1463188, -23.80240842], [-46.14628962, -23.80239427], [-46.14626699, -23.80238812], [-46.14623389, -23.8023853], [-46.1462026, -23.80238788], [-46.14615656, -23.80239824], [-46.14610743, -23.8024155], [-46.1460719, -23.80241531], [-46.14600984, -23.80241198], [-46.14595825, -23.8024055], [-46.14587877, -23.80238604], [-46.14580814, -23.80235739], [-46.14577016, -23.80233609], [-46.14574576, -23.80231821], [-46.1457244, -23.80228937], [-46.14567547, -23.80219383], [-46.14565409, -23.80216183], [-46.14562289, -23.80213027], [-46.14560239, -23.80212022], [-46.14558089, -23.80211993], [-46.14555859, -23.80212922], [-46.14553527, -23.80214547], [-46.14544923, -23.80221682], [-46.14540218, -23.80224652], [-46.14535915, -23.80226463], [-46.14531623, -23.80227245], [-46.14526596, -23.80227128], [-46.14514633, -23.80225113], [-46.14505069, -23.80222475], [-46.14499927, -23.80220372], [-46.14478428, -23.80208899], [-46.14472489, -23.80205439], [-46.14461687, -23.80198123], [-46.14457317, -23.80194525], [-46.14453891, -23.80191172], [-46.14447733, -23.80183921], [-46.14442168, -23.80178381], [-46.14440392, -23.80176254], [-46.14433406, -23.80165332], [-46.14429517, -23.80158335], [-46.14425631, -23.8014954], [-46.1442462, -23.80145077], [-46.14424552, -23.80140697], [-46.14425062, -23.8013728], [-46.1442598, -23.80133308], [-46.14430071, -23.80120797], [-46.14431007, -23.80116707], [-46.14431, -23.80114829], [-46.14429879, -23.80111243], [-46.14427482, -23.80107603], [-46.14424973, -23.80104614], [-46.14418267, -23.80097683], [-46.14395637, -23.80075814], [-46.14387488, -23.80066608], [-46.14380583, -23.80057005], [-46.14370609, -23.80041157], [-46.14363497, -23.80030435], [-46.14359782, -23.80025378], [-46.14348807, -23.80011777], [-46.14342879, -23.80002889], [-46.14340791, -23.79998732], [-46.14339423, -23.79994895], [-46.14338831, -23.79992316], [-46.1433816, -23.79986361], [-46.14337819, -23.7997875], [-46.14337995, -23.79968543], [-46.14339819, -23.79952661], [-46.14341666, -23.79931569], [-46.14341636, -23.79929329], [-46.14341159, -23.79927454], [-46.14340046, -23.79925945], [-46.1433826, -23.79924811], [-46.14334039, -23.79923732], [-46.14329788, -23.79923574], [-46.14324345, -23.79924093], [-46.14320435, -23.79924799], [-46.14312169, -23.79926865], [-46.14299334, -23.79930663], [-46.14290821, -23.79932451], [-46.1428257, -23.7993291], [-46.14279899, -23.79932776], [-46.14272803, -23.7993169], [-46.14269074, -23.7993068], [-46.14262919, -23.79928377], [-46.14257883, -23.79925985], [-46.14240635, -23.79916774], [-46.14227163, -23.79911645], [-46.1421548, -23.79905707], [-46.14207059, -23.79902338], [-46.1420275, -23.79901295], [-46.14190265, -23.79900177], [-46.14177377, -23.79897825], [-46.14151276, -23.79894162], [-46.14141097, -23.79891934], [-46.1412809, -23.79887244], [-46.14114398, -23.79883841], [-46.14103681, -23.79880588], [-46.14098095, -23.79878254], [-46.14082013, -23.79869811], [-46.14077353, -23.79867931], [-46.14074539, -23.79867066], [-46.1406976, -23.79866081], [-46.14066156, -23.79865882], [-46.14064637, -23.79866128], [-46.14062446, -23.79867011], [-46.14060124, -23.79868618], [-46.14023828, -23.79900198], [-46.14014031, -23.79909004], [-46.14009934, -23.79913134], [-46.14004847, -23.79919539], [-46.14001839, -23.79924664], [-46.13995713, -23.7993682], [-46.13993503, -23.7994006], [-46.13990372, -23.79943407], [-46.13987239, -23.79945489], [-46.13983881, -23.7994648], [-46.13980053, -23.79946464], [-46.13977073, -23.79945781], [-46.13971663, -23.79943283], [-46.13956134, -23.7993415], [-46.13950834, -23.7993082], [-46.139447, -23.79926422], [-46.13938695, -23.79921003], [-46.13935928, -23.79917736], [-46.1393355, -23.79914023], [-46.13932139, -23.79910954], [-46.13930535, -23.79904825], [-46.13929947, -23.7989932], [-46.13929824, -23.79893143], [-46.13930656, -23.79884946], [-46.13932991, -23.79876909], [-46.13935736, -23.79870946], [-46.13939987, -23.79864286], [-46.13944163, -23.79859224], [-46.13947791, -23.79855413], [-46.13960136, -23.79843852], [-46.13961508, -23.79841431], [-46.13961831, -23.79840182], [-46.13961906, -23.7983749], [-46.13961466, -23.7983548], [-46.13960587, -23.79833644], [-46.13959258, -23.79832136], [-46.13957491, -23.79830948], [-46.13955313, -23.79829944], [-46.13949798, -23.79827817], [-46.13943146, -23.79824795], [-46.13936871, -23.79821003], [-46.13934419, -23.79818935], [-46.13930965, -23.79814581], [-46.13924903, -23.79804935], [-46.13920094, -23.79799317], [-46.13917404, -23.79797006], [-46.1391401, -23.79794972], [-46.13911962, -23.7979422], [-46.13909927, -23.79793846], [-46.13907856, -23.79793844], [-46.13904113, -23.7979463], [-46.13891063, -23.79799612], [-46.1388779, -23.79800187], [-46.13886219, -23.7980019], [-46.13883732, -23.79799729], [-46.1388188, -23.79798975], [-46.13879373, -23.7979735], [-46.13876998, -23.79795083], [-46.13874055, -23.79790851], [-46.13870454, -23.79783038], [-46.1386878, -23.79780142], [-46.13866309, -23.79777045], [-46.13864727, -23.79775711], [-46.1386312, -23.79774928], [-46.13861499, -23.79774732], [-46.13859833, -23.79775016], [-46.13856215, -23.79776605], [-46.13849728, -23.79780066], [-46.13846109, -23.7978152], [-46.13842338, -23.79782415], [-46.13839739, -23.79782714], [-46.13834351, -23.79782727], [-46.13827267, -23.7978193], [-46.13821141, -23.79780657], [-46.13811457, -23.79777657], [-46.1380715, -23.79775648], [-46.13803636, -23.79773317], [-46.13798361, -23.79768298], [-46.13795466, -23.79765023], [-46.13792401, -23.79760187], [-46.13788222, -23.79750373], [-46.13786891, -23.79748478], [-46.13785347, -23.7974708], [-46.13782382, -23.7974582], [-46.13778731, -23.79745856], [-46.13776645, -23.79746404], [-46.13767263, -23.79749959], [-46.13762307, -23.79751097], [-46.13760206, -23.79751095], [-46.13759369, -23.79750722], [-46.13758131, -23.79749512], [-46.137528, -23.79741459], [-46.13749388, -23.79737357], [-46.13747401, -23.79735664], [-46.13744049, -23.79733964], [-46.13740237, -23.79733568], [-46.13726385, -23.79735539], [-46.13723471, -23.79735678], [-46.13718092, -23.79735573], [-46.13706775, -23.79734447], [-46.13685934, -23.79735151], [-46.13673292, -23.79735145], [-46.13669107, -23.79734715], [-46.1366594, -23.79733971], [-46.13662371, -23.79732146], [-46.13660558, -23.79730271], [-46.13654194, -23.79718541], [-46.13650129, -23.7971271], [-46.13648889, -23.79711247], [-46.13647409, -23.79710364], [-46.13645464, -23.79710116], [-46.13633637, -23.79710149], [-46.13626557, -23.7970975], [-46.13617378, -23.7970839], [-46.13610431, -23.79706428], [-46.13604361, -23.79703682], [-46.13601805, -23.79702039], [-46.1359773, -23.79698465], [-46.13595012, -23.79695171], [-46.13592695, -23.79691792], [-46.135913, -23.79690502], [-46.13589455, -23.79689413], [-46.13586402, -23.7968819], [-46.13583195, -23.79687355], [-46.13577203, -23.79686758], [-46.1357159, -23.79686908], [-46.13561791, -23.79687648], [-46.13556894, -23.79687738], [-46.13552346, -23.79687347], [-46.13549426, -23.79686818], [-46.13543474, -23.79685164], [-46.13536926, -23.79682801], [-46.13527744, -23.79678786], [-46.1351598, -23.79672506], [-46.13510758, -23.79669112], [-46.13506488, -23.79665721], [-46.13502498, -23.79661695], [-46.13499482, -23.79658023], [-46.13494882, -23.79651609], [-46.13490098, -23.79643227], [-46.1348838, -23.79638624], [-46.13487657, -23.79635631], [-46.13486796, -23.79629252], [-46.13485147, -23.79606551], [-46.13482446, -23.79592789], [-46.13480912, -23.79586866], [-46.134785, -23.79579199], [-46.13477156, -23.79575912], [-46.13474994, -23.79572243], [-46.13473718, -23.79571051], [-46.13472673, -23.79570517], [-46.13471041, -23.79570267], [-46.13469933, -23.79570402], [-46.13467643, -23.79571141], [-46.13464086, -23.79572965], [-46.13459604, -23.795767], [-46.13456992, -23.79579944], [-46.13451954, -23.79588633], [-46.13445013, -23.79604335], [-46.13441339, -23.79611849], [-46.13439759, -23.79614137], [-46.13438766, -23.79615074], [-46.1343726, -23.79615663], [-46.13436533, -23.79615632], [-46.13434889, -23.79615058], [-46.13432649, -23.79613674], [-46.1342904, -23.79610693], [-46.13418056, -23.79599196], [-46.13415839, -23.79597099], [-46.13414902, -23.79596609], [-46.13413142, -23.79596279], [-46.13402832, -23.79595749], [-46.13396601, -23.7959482], [-46.13393561, -23.79594011], [-46.13390804, -23.79592903], [-46.13388504, -23.79591447], [-46.13386643, -23.79589637], [-46.13385074, -23.79587517], [-46.13376168, -23.79573538], [-46.13372654, -23.79568931], [-46.13361745, -23.79555997], [-46.13351751, -23.79542189], [-46.13347942, -23.79538713], [-46.13346216, -23.79537787], [-46.13345312, -23.79537559], [-46.13343939, -23.79537681], [-46.13342336, -23.79538528], [-46.13340654, -23.79540266], [-46.13337053, -23.79546054], [-46.13333767, -23.79553132], [-46.13328573, -23.79567638], [-46.13324991, -23.79575603], [-46.13318784, -23.79586414], [-46.13314854, -23.79591645], [-46.13312053, -23.79594601], [-46.13308838, -23.79597343], [-46.13301302, -23.79602139], [-46.13293101, -23.79606029], [-46.13283092, -23.79609679], [-46.13275581, -23.79611658], [-46.13266818, -23.79613077], [-46.13259794, -23.79613499], [-46.1325417, -23.79613495], [-46.13231815, -23.79612783], [-46.13222426, -23.79613249], [-46.13218281, -23.79613966], [-46.1321458, -23.79615041], [-46.13209007, -23.79617511], [-46.13194319, -23.79626072], [-46.13189023, -23.79628883], [-46.13184418, -23.7963094], [-46.13178889, -23.79632823], [-46.13174206, -23.79633815], [-46.13169782, -23.79634109], [-46.13166797, -23.79633978], [-46.13160115, -23.7963306], [-46.13124862, -23.79626563], [-46.13117693, -23.79625026], [-46.13111013, -23.79623233], [-46.13098716, -23.7961878], [-46.13090921, -23.79615198], [-46.13082161, -23.79610141], [-46.13075036, -23.7960454], [-46.13058131, -23.79587062], [-46.13054352, -23.79583721], [-46.13039679, -23.79572412], [-46.13033457, -23.79566768], [-46.13030899, -23.7956387], [-46.13028862, -23.79560986], [-46.13027297, -23.79558143], [-46.13025414, -23.79552684], [-46.1302491, -23.79548867], [-46.13024916, -23.79541615], [-46.13024589, -23.79536732], [-46.1302331, -23.7953181], [-46.1302214, -23.79529362], [-46.13018742, -23.79524528], [-46.13014363, -23.79519837], [-46.13002421, -23.7950887], [-46.12993163, -23.79499491], [-46.12988702, -23.79494385], [-46.12983451, -23.79487577], [-46.12978454, -23.79479513], [-46.12976473, -23.79475129], [-46.1297494, -23.79470149], [-46.12973979, -23.7946365], [-46.12973006, -23.79460108], [-46.12971921, -23.79458382], [-46.12968457, -23.79455057], [-46.12963929, -23.79452335], [-46.12960246, -23.79450899], [-46.12939564, -23.79445009], [-46.12933714, -23.79442739], [-46.12928568, -23.79440158], [-46.12923544, -23.79436898], [-46.12916178, -23.79430621], [-46.12912018, -23.79426253], [-46.12908941, -23.79422356], [-46.12905681, -23.79417548], [-46.12903698, -23.79415287], [-46.1290098, -23.79413085], [-46.12897153, -23.79410919], [-46.12892227, -23.79408778], [-46.12875006, -23.79402429], [-46.1286816, -23.79399634], [-46.12861044, -23.79396118], [-46.12857561, -23.79393994], [-46.12854656, -23.79391848], [-46.12852282, -23.79389653], [-46.12849177, -23.7938581], [-46.12844951, -23.79378354], [-46.12839028, -23.79365365], [-46.1283759, -23.79363569], [-46.12835289, -23.7936197], [-46.12832994, -23.7936102], [-46.12830083, -23.79360364], [-46.12826941, -23.79360215], [-46.1281951, -23.79361299], [-46.12810157, -23.79363589], [-46.12805296, -23.79364456], [-46.12800686, -23.79364733], [-46.12797779, -23.79364601], [-46.12792383, -23.79363674], [-46.1278615, -23.79361399], [-46.1278056, -23.7935845], [-46.12773772, -23.79354354], [-46.12765111, -23.79348231], [-46.12760691, -23.79344371], [-46.12756521, -23.79339976], [-46.12750534, -23.79332027], [-46.12744601, -23.79322362], [-46.1272817, -23.79293789], [-46.12725357, -23.79288535], [-46.12722404, -23.79281946], [-46.12719962, -23.7927417], [-46.12715208, -23.79243055], [-46.12713549, -23.79236204], [-46.12712254, -23.7923279], [-46.1271042, -23.79229543], [-46.12708652, -23.79227181], [-46.12693031, -23.79209332], [-46.12689714, -23.79203612], [-46.12687623, -23.79197901], [-46.1268523, -23.79187894], [-46.12684818, -23.79184519], [-46.12684742, -23.7917799], [-46.12685392, -23.79171411], [-46.1268651, -23.7916443], [-46.12691994, -23.79137965], [-46.12692108, -23.79136455], [-46.12691892, -23.7913522], [-46.12691373, -23.79134257], [-46.12690533, -23.79133577], [-46.12689371, -23.7913317], [-46.12686113, -23.79133194], [-46.12684007, -23.79133625], [-46.12675312, -23.79136], [-46.12648856, -23.79144613], [-46.12641425, -23.79146688], [-46.1263485, -23.79147955], [-46.12628602, -23.79148353], [-46.12620925, -23.79148192], [-46.12613203, -23.79147318], [-46.12606809, -23.79145577], [-46.12600385, -23.79142742], [-46.12592576, -23.79138555], [-46.12587536, -23.79134627], [-46.12574417, -23.79123551], [-46.12572177, -23.79122194], [-46.12560232, -23.79116393], [-46.12554962, -23.79113026], [-46.12552718, -23.79111191], [-46.12549219, -23.79107153], [-46.12547973, -23.79104949], [-46.12541343, -23.79090728], [-46.1253517, -23.79079403], [-46.12532498, -23.7907562], [-46.1252999, -23.79072784], [-46.12527586, -23.79070607], [-46.12525257, -23.79069089], [-46.12523031, -23.79068229], [-46.12509304, -23.79064102], [-46.12500266, -23.79060736], [-46.1249182, -23.79056743], [-46.12484588, -23.79052388], [-46.12481654, -23.7905017], [-46.12474266, -23.79043604], [-46.12462301, -23.79035517], [-46.12455859, -23.79030552], [-46.12449006, -23.79024542], [-46.12441524, -23.79017308], [-46.12434608, -23.79009754], [-46.1243179, -23.79006207], [-46.12427375, -23.78999466], [-46.12425579, -23.78996038], [-46.1242273, -23.78988942], [-46.12420851, -23.78981541], [-46.12420268, -23.78977707], [-46.12419799, -23.78969943], [-46.12420249, -23.78962896], [-46.1242081, -23.78959694], [-46.12422525, -23.78953676], [-46.12424929, -23.78947951], [-46.12428495, -23.78941404], [-46.12439205, -23.78924591], [-46.12448647, -23.78912113], [-46.12449576, -23.78907157], [-46.12450389, -23.78895582], [-46.12449729, -23.78883792], [-46.12427522, -23.78888849], [-46.1242471, -23.78889366], [-46.12421816, -23.78889495], [-46.12409858, -23.78889022], [-46.12406822, -23.78888674], [-46.12403812, -23.78887928], [-46.12400829, -23.78886803], [-46.12394979, -23.78883369], [-46.12389253, -23.78878272], [-46.12386428, -23.78875086], [-46.12380692, -23.78867722], [-46.12369016, -23.78850936], [-46.12361726, -23.78842085], [-46.12356937, -23.78837523], [-46.12349168, -23.78831203], [-46.12343301, -23.78825746], [-46.12322547, -23.78805639], [-46.12315467, -23.78798348], [-46.12308808, -23.78790919], [-46.12297035, -23.78776536], [-46.12291069, -23.78770944], [-46.12284439, -23.78765844], [-46.12276669, -23.78760446], [-46.12269104, -23.78756121], [-46.12265894, -23.78754871], [-46.12257448, -23.78753117], [-46.122512, -23.78751202], [-46.12229089, -23.78743388], [-46.12221187, -23.7873977], [-46.12218237, -23.78737976], [-46.12213129, -23.78733985], [-46.12208239, -23.78729162], [-46.12197416, -23.78716922], [-46.12195182, -23.78715024], [-46.12192774, -23.7871347], [-46.12190192, -23.78712242], [-46.12187515, -23.78711376], [-46.12184832, -23.7871089], [-46.12182122, -23.78710792], [-46.12176653, -23.78711708], [-46.12171048, -23.78713871], [-46.12161446, -23.78719179], [-46.12147942, -23.78726069], [-46.12139236, -23.78729474], [-46.12131558, -23.78731336], [-46.12124682, -23.78731774], [-46.12104954, -23.7872947], [-46.12100149, -23.78728801], [-46.12096235, -23.78727835], [-46.12092037, -23.78725834], [-46.12086321, -23.78720755], [-46.12074436, -23.78711647], [-46.12066639, -23.78706655], [-46.12060093, -23.78703189], [-46.12057497, -23.78701465], [-46.12055401, -23.78699656], [-46.12052423, -23.78695713], [-46.12047256, -23.78684904], [-46.12043758, -23.78679799], [-46.12041609, -23.7867762], [-46.12036767, -23.7867379], [-46.1202859, -23.78668954], [-46.12023278, -23.78665236], [-46.12018322, -23.78660729], [-46.12016023, -23.78658136], [-46.12011811, -23.78652242], [-46.12010018, -23.7864913], [-46.12007544, -23.7864335], [-46.12004967, -23.78631194], [-46.12000173, -23.78613482], [-46.11999669, -23.78609675], [-46.12000021, -23.78604903], [-46.12001461, -23.78601199], [-46.12002602, -23.78599177], [-46.12005226, -23.78596214], [-46.12008212, -23.78594142], [-46.12011436, -23.7859242], [-46.12015525, -23.78590919], [-46.12024399, -23.78588831], [-46.12031468, -23.78587976], [-46.12054057, -23.78586421], [-46.12059214, -23.78585833], [-46.12067552, -23.78584156], [-46.12070732, -23.78583076], [-46.12086791, -23.7857643], [-46.12096128, -23.7857228], [-46.12106827, -23.78566729], [-46.12110679, -23.78565048], [-46.12124791, -23.78560295], [-46.1213448, -23.78556052], [-46.1216148, -23.78540051], [-46.12167467, -23.78535555], [-46.12169374, -23.78533617], [-46.12172088, -23.78529678], [-46.12174052, -23.78525184], [-46.12176567, -23.78510704], [-46.12158735, -23.78514277], [-46.12153733, -23.78514647], [-46.12149199, -23.7851468], [-46.12145124, -23.78514376], [-46.12141467, -23.78513716], [-46.1213822, -23.7851271], [-46.12135372, -23.78511358], [-46.12132933, -23.78509642], [-46.12130836, -23.78507706], [-46.12127601, -23.78503575], [-46.12124088, -23.78496809], [-46.12120986, -23.78492099], [-46.12119074, -23.78490108], [-46.12117979, -23.78489421], [-46.12115539, -23.78488662], [-46.12112742, -23.78488709], [-46.12107993, -23.78490017], [-46.12101205, -23.78492667], [-46.12089697, -23.78497718], [-46.12080478, -23.7850072], [-46.12075836, -23.78501901], [-46.12071779, -23.78502617], [-46.12068317, -23.78502877], [-46.1206543, -23.78502681], [-46.12059136, -23.78501209], [-46.12046025, -23.7849678], [-46.12038131, -23.78492972], [-46.12029399, -23.78487499], [-46.12027201, -23.78486449], [-46.12024477, -23.78485764], [-46.12022547, -23.7848623], [-46.12021492, -23.78486789], [-46.12019201, -23.7848853], [-46.12016652, -23.78491141], [-46.12012177, -23.78496935], [-46.12006964, -23.78507043], [-46.12003282, -23.78511378], [-46.12000981, -23.78513246], [-46.11998393, -23.78514737], [-46.11995508, -23.78515859], [-46.11992315, -23.78516605], [-46.11989031, -23.78517053], [-46.11982722, -23.78517271], [-46.11972052, -23.78515894], [-46.11964545, -23.78517123], [-46.11959043, -23.78517542], [-46.11948648, -23.78517391], [-46.11918248, -23.78517955], [-46.11908413, -23.78517828], [-46.11898786, -23.78516796], [-46.11896356, -23.78516082], [-46.11893851, -23.78514691], [-46.11891262, -23.78512624], [-46.11888579, -23.7850987], [-46.11882969, -23.78502325], [-46.11877013, -23.78492063], [-46.11876421, -23.7848141], [-46.118767, -23.78477344], [-46.1187736, -23.78474124], [-46.11878298, -23.78471372], [-46.11880717, -23.78466197], [-46.11897654, -23.78440733], [-46.11901531, -23.78433868], [-46.1190287, -23.7843095], [-46.11904697, -23.78425409], [-46.1190535, -23.78420257], [-46.11905152, -23.78417775], [-46.11904572, -23.78415349], [-46.11901593, -23.78407839], [-46.11898024, -23.78394552], [-46.11893273, -23.78380579], [-46.11890238, -23.78370043], [-46.11887748, -23.78358944], [-46.11885484, -23.78343173], [-46.11885028, -23.7833345], [-46.11885461, -23.78324415], [-46.11886015, -23.78320356], [-46.11887746, -23.7831395], [-46.11890112, -23.78309417], [-46.11891855, -23.78304401], [-46.11892429, -23.78301561], [-46.11895012, -23.78281095], [-46.11878307, -23.78283185], [-46.11863825, -23.7828366], [-46.11851677, -23.78282682], [-46.11841681, -23.78283297], [-46.1183337, -23.7828463], [-46.11814034, -23.78288907], [-46.11798074, -23.78292102], [-46.1178634, -23.78293641], [-46.11781218, -23.78293778], [-46.11776446, -23.78293487], [-46.11772033, -23.78292769], [-46.11767971, -23.7829176], [-46.11760913, -23.78289246], [-46.11757917, -23.78287742], [-46.11752351, -23.78284187], [-46.11744275, -23.78277355], [-46.1173521, -23.78267504], [-46.11732333, -23.78263804], [-46.11730193, -23.78260379], [-46.11728397, -23.78255767], [-46.11725523, -23.78234131], [-46.11724407, -23.78229804], [-46.1172298, -23.78225922], [-46.11721243, -23.78222502], [-46.11717195, -23.78216237], [-46.11710426, -23.782073], [-46.11708732, -23.78204295], [-46.11707538, -23.78201251], [-46.11706844, -23.7819815], [-46.11706174, -23.78192103], [-46.11705632, -23.78181523], [-46.11704618, -23.78177719], [-46.11702284, -23.7817331], [-46.11691825, -23.78156425], [-46.11683878, -23.78141761], [-46.11680004, -23.78133959], [-46.11676254, -23.7812472], [-46.11675126, -23.78120203], [-46.11674974, -23.78118434], [-46.11674519, -23.78101964], [-46.11673628, -23.78093021], [-46.11672812, -23.78089387], [-46.11670602, -23.78083397], [-46.11668691, -23.78076863], [-46.11667294, -23.78069576], [-46.11666911, -23.78066056], [-46.11666927, -23.78053042], [-46.11666417, -23.78039291], [-46.11667066, -23.78031375], [-46.11668718, -23.78022503], [-46.11648846, -23.7801814], [-46.11645172, -23.78017607], [-46.11635913, -23.78017114], [-46.11628761, -23.78016226], [-46.11625035, -23.7801554], [-46.11618228, -23.78013629], [-46.11615146, -23.78012405], [-46.11612346, -23.78010899], [-46.11609915, -23.7800902], [-46.11607835, -23.78006768], [-46.11606115, -23.78004143], [-46.11603522, -23.77998093], [-46.11601912, -23.77991205], [-46.11601527, -23.77983991], [-46.11601879, -23.77980467], [-46.11603577, -23.77973545], [-46.11605983, -23.77966808], [-46.11609038, -23.7796023], [-46.11613024, -23.77953617], [-46.11620539, -23.77942969], [-46.1162605, -23.77934421], [-46.11628535, -23.77930023], [-46.11630287, -23.77926037], [-46.11631316, -23.77922435], [-46.11631613, -23.77919235], [-46.11630907, -23.77898658], [-46.1163151, -23.77893424], [-46.1163269, -23.77887907], [-46.11634466, -23.77882123], [-46.11639022, -23.77870918], [-46.11647951, -23.77854615], [-46.11647633, -23.77854523], [-46.11645191, -23.77856721], [-46.11640929, -23.77859787], [-46.11631982, -23.77864783], [-46.11614238, -23.77873915], [-46.11595226, -23.7788275], [-46.11591171, -23.77884901], [-46.11584024, -23.77889216], [-46.1157745, -23.77893906], [-46.11568048, -23.77901975], [-46.11554647, -23.77915159], [-46.115475, -23.77921713], [-46.11533173, -23.77934524], [-46.11526322, -23.77940127], [-46.11523033, -23.77942364], [-46.11513551, -23.77947878], [-46.11507307, -23.77952177], [-46.11491883, -23.77964038], [-46.11484371, -23.77969385], [-46.11444483, -23.77995798], [-46.11431813, -23.78004914], [-46.11416676, -23.78016729], [-46.1141046, -23.78021976], [-46.11406382, -23.7802597], [-46.11405139, -23.78027505], [-46.11402015, -23.78032937], [-46.11400325, -23.78034991], [-46.11381929, -23.78051732], [-46.11378866, -23.7805506], [-46.11376518, -23.7805822], [-46.11374875, -23.78061194], [-46.1137297, -23.78066897], [-46.11372523, -23.780697], [-46.1137256, -23.780752], [-46.113735, -23.78080621], [-46.11374288, -23.78083298], [-46.113767, -23.78088808], [-46.11380351, -23.78094643], [-46.11390359, -23.78108109], [-46.1139635, -23.78115606], [-46.11405926, -23.78126827], [-46.1140836, -23.78130268], [-46.11410144, -23.78133479], [-46.11411308, -23.78136451], [-46.11412188, -23.78141891], [-46.11412043, -23.78144385], [-46.11411513, -23.78146728], [-46.11405063, -23.78170608], [-46.11401952, -23.78178732], [-46.11398321, -23.78185631], [-46.11394169, -23.78191323], [-46.11389092, -23.78196779], [-46.11382648, -23.78202949], [-46.11379247, -23.78205782], [-46.11376182, -23.7820771], [-46.11373453, -23.78208759], [-46.11370589, -23.78208826], [-46.11254254, -23.78070346], [-46.10809123, -23.77386464], [-46.10993803, -23.77304116], [-46.10984172, -23.77299201], [-46.10976506, -23.77294379], [-46.10973344, -23.772919], [-46.10968316, -23.77286779], [-46.10966429, -23.77284137], [-46.10964953, -23.77281447], [-46.10963959, -23.77278763], [-46.10963456, -23.77276175], [-46.10963474, -23.77273664], [-46.10963984, -23.7727124], [-46.10964925, -23.77268894], [-46.10966182, -23.77266618], [-46.10969678, -23.77262276], [-46.10971869, -23.77260345], [-46.1097429, -23.77258739], [-46.10976948, -23.77257473], [-46.1099773, -23.77251336], [-46.11027164, -23.77243655], [-46.11015944, -23.77228256], [-46.11014176, -23.77224656], [-46.11010679, -23.77219543], [-46.11006663, -23.7721585], [-46.10998561, -23.7720937], [-46.10993639, -23.77204113], [-46.10988896, -23.77197888], [-46.10969874, -23.77169739], [-46.1096588, -23.77162732], [-46.10963998, -23.77157236], [-46.10963642, -23.77152335], [-46.10964015, -23.77150047], [-46.10964762, -23.77147838], [-46.10965951, -23.77145716], [-46.10967553, -23.77143654], [-46.10974367, -23.77137166], [-46.10980998, -23.77129866], [-46.10982808, -23.77126927], [-46.10983619, -23.7712423], [-46.10983648, -23.77122974], [-46.10982951, -23.77120649], [-46.10981609, -23.77118636], [-46.10979957, -23.7711704], [-46.10978013, -23.77115853], [-46.10973448, -23.77114377], [-46.10969219, -23.77112195], [-46.10965591, -23.77109015], [-46.10964162, -23.77107147], [-46.10962104, -23.7710289], [-46.10961238, -23.77097947], [-46.10961283, -23.77095228], [-46.10962322, -23.77089305], [-46.10965615, -23.77079545], [-46.10967187, -23.77076301], [-46.10969008, -23.77073407], [-46.10971096, -23.77070863], [-46.10978789, -23.77063844], [-46.10984937, -23.77057433], [-46.10987792, -23.77053953], [-46.109905, -23.7704922], [-46.1099127, -23.77046378], [-46.10991338, -23.7704505], [-46.10990891, -23.7704219], [-46.10989685, -23.77038785], [-46.10987738, -23.77034825], [-46.1098503, -23.77030329], [-46.10979276, -23.77022947], [-46.10975104, -23.77016935], [-46.10972493, -23.77012284], [-46.10971791, -23.77010465], [-46.10971373, -23.77006295], [-46.10971564, -23.77003386], [-46.10974814, -23.76988569], [-46.10974159, -23.7698656], [-46.1097047, -23.76981998], [-46.10969147, -23.76979894], [-46.10967958, -23.76977464], [-46.10966026, -23.7697177], [-46.10964946, -23.76965944], [-46.10964745, -23.76963055], [-46.10964978, -23.76956994], [-46.10966031, -23.76950348], [-46.10967824, -23.76943128], [-46.1097031, -23.76935343], [-46.1097327, -23.76928061], [-46.10974863, -23.76925015], [-46.10980544, -23.76916791], [-46.10985903, -23.76909898], [-46.10988885, -23.76906354], [-46.10994784, -23.76900667], [-46.1100057, -23.76896796], [-46.11006163, -23.76894471], [-46.11008886, -23.76893865], [-46.11042488, -23.76889423], [-46.11039327, -23.76873162], [-46.11038908, -23.76867719], [-46.11039084, -23.76861848], [-46.11041461, -23.76843569], [-46.11042025, -23.76829142], [-46.11042628, -23.76825019], [-46.11043684, -23.76821155], [-46.11046793, -23.76813917], [-46.11048153, -23.76809978], [-46.11049255, -23.76805717], [-46.11050649, -23.76796603], [-46.1105085, -23.76792474], [-46.11050691, -23.76788754], [-46.11049391, -23.76782451], [-46.11047188, -23.76777255], [-46.11044324, -23.7677286], [-46.11041869, -23.76767964], [-46.11040124, -23.76762441], [-46.11039757, -23.76759643], [-46.11039773, -23.76756862], [-46.11040161, -23.76754086], [-46.11041814, -23.76748764], [-46.11045941, -23.76741292], [-46.11048665, -23.76735113], [-46.11050714, -23.76727891], [-46.11050893, -23.76724711], [-46.11050743, -23.76723276], [-46.11049936, -23.76720717], [-46.1104777, -23.76717563], [-46.11044405, -23.7671411], [-46.11040759, -23.76711165], [-46.11039152, -23.76709198], [-46.11037739, -23.76706797], [-46.11036517, -23.76703952], [-46.11034259, -23.76696851], [-46.11035069, -23.76695166], [-46.11037496, -23.76692096], [-46.11041562, -23.76687822], [-46.11047307, -23.76682551], [-46.11054235, -23.76676812], [-46.11061831, -23.76671121], [-46.11069706, -23.76666025], [-46.11081335, -23.7666027], [-46.11088805, -23.76655872], [-46.11095688, -23.76650629], [-46.11098227, -23.76648046], [-46.11100061, -23.7664554], [-46.11101178, -23.76643121], [-46.11102905, -23.7663731], [-46.11106952, -23.76620402], [-46.1110971, -23.76601985], [-46.11112571, -23.76587631], [-46.11115653, -23.7657734], [-46.11121153, -23.76561694], [-46.1112238, -23.76557143], [-46.11123843, -23.76549139], [-46.11124168, -23.76542364], [-46.11123927, -23.76539421], [-46.11120183, -23.76519145], [-46.11119068, -23.76510393], [-46.11118915, -23.76502762], [-46.1111921, -23.76499392], [-46.11120564, -23.76493539], [-46.11124583, -23.76484948], [-46.11128591, -23.76478561], [-46.11133338, -23.76472521], [-46.11135974, -23.76469684], [-46.11139344, -23.76466779], [-46.11144017, -23.76463593], [-46.11149993, -23.76460127], [-46.11157272, -23.76456381], [-46.11170662, -23.76450134], [-46.11180552, -23.76446442], [-46.11181802, -23.76445809], [-46.11183819, -23.76444124], [-46.11185164, -23.76441866], [-46.11186409, -23.76435977], [-46.11187414, -23.76432962], [-46.11188841, -23.76430017], [-46.11192629, -23.76424228], [-46.11194183, -23.76421254], [-46.11196251, -23.76415098], [-46.11196401, -23.7641199], [-46.11195463, -23.76408953], [-46.11193445, -23.76405987], [-46.11190349, -23.76403092], [-46.11186963, -23.76400642], [-46.11184073, -23.76398974], [-46.11181691, -23.76398106], [-46.11179797, -23.76398021], [-46.11171022, -23.76400053], [-46.11147495, -23.76409777], [-46.11137965, -23.76414163], [-46.1112842, -23.76419072], [-46.11119613, -23.76424265], [-46.11115759, -23.76426876], [-46.11105063, -23.76434937], [-46.11087764, -23.76446694], [-46.11074299, -23.76454539], [-46.11065676, -23.76458304], [-46.11057581, -23.76460584], [-46.11054003, -23.7646108], [-46.11050755, -23.76461121], [-46.11047867, -23.76460726], [-46.1104527, -23.76459977], [-46.11042907, -23.76458992], [-46.110389, -23.76456257], [-46.11037355, -23.76454588], [-46.1103626, -23.76452799], [-46.11035596, -23.7645088], [-46.11034399, -23.76434632], [-46.1103373, -23.76429904], [-46.11032743, -23.76425739], [-46.11031437, -23.76422136], [-46.11015329, -23.76394868], [-46.11009998, -23.76386453], [-46.11007386, -23.76382841], [-46.11004831, -23.76380024], [-46.11002331, -23.76378019], [-46.10999887, -23.76376817], [-46.10994716, -23.76375689], [-46.10985567, -23.76375204], [-46.10983806, -23.76374756], [-46.10980055, -23.76373221], [-46.10978054, -23.76372142], [-46.10971766, -23.76367771], [-46.10968551, -23.76364741], [-46.10966515, -23.76361884], [-46.10965649, -23.76359199], [-46.10965657, -23.76357916], [-46.10966832, -23.76352923], [-46.10967822, -23.76350459], [-46.10972118, -23.76342228], [-46.10975606, -23.76334607], [-46.10977054, -23.76330596], [-46.1097748, -23.76328768], [-46.10977717, -23.76325488], [-46.10977538, -23.76324026], [-46.10976574, -23.76321487], [-46.10975006, -23.76319384], [-46.10973059, -23.7631771], [-46.10970712, -23.76316435], [-46.10967977, -23.76315579], [-46.10960367, -23.76316157], [-46.10953771, -23.7631699], [-46.10948216, -23.76318087], [-46.10943674, -23.76319429], [-46.10915048, -23.76329497], [-46.10895849, -23.76336923], [-46.10882645, -23.76340937], [-46.10874574, -23.7634384], [-46.10853491, -23.76353556], [-46.10825985, -23.76367364], [-46.10821985, -23.76368991], [-46.10814557, -23.76371284], [-46.10807552, -23.76372562], [-46.10804178, -23.7637283], [-46.10797064, -23.76372791], [-46.10789031, -23.76372054], [-46.1078194, -23.76369016], [-46.1077656, -23.7636518], [-46.10768866, -23.76358182], [-46.1076128, -23.76363881], [-46.10752432, -23.76372353], [-46.10749917, -23.76376615], [-46.10747581, -23.76380001], [-46.10745423, -23.76382518], [-46.10739271, -23.76387177], [-46.10731701, -23.76393662], [-46.10726013, -23.76397487], [-46.10723004, -23.76399026], [-46.10703925, -23.76406848], [-46.10699656, -23.76409028], [-46.10695428, -23.76411605], [-46.10691244, -23.7641458], [-46.10674896, -23.7642735], [-46.10659352, -23.76440087], [-46.10651969, -23.76446516], [-46.10644862, -23.76453196], [-46.10636428, -23.76461927], [-46.10619122, -23.76480963], [-46.10614082, -23.7648602], [-46.10609952, -23.76489626], [-46.10606732, -23.76491781], [-46.10600516, -23.76494697], [-46.10592916, -23.76497678], [-46.1057513, -23.76504019], [-46.10565398, -23.76507773], [-46.10545231, -23.76516904], [-46.10536134, -23.76520229], [-46.10526912, -23.76522851], [-46.1051657, -23.76525237], [-46.10477158, -23.76531805], [-46.10486306, -23.76550642], [-46.10489633, -23.76555405], [-46.10496144, -23.76562936], [-46.10501422, -23.76569717], [-46.10506182, -23.76576782], [-46.10509128, -23.76582911], [-46.10511085, -23.76589174], [-46.10512836, -23.76596657], [-46.10514611, -23.76609271], [-46.10514948, -23.76622463], [-46.10514224, -23.76630931], [-46.10510003, -23.76655057], [-46.10509334, -23.76664228], [-46.10509584, -23.76668255], [-46.10510742, -23.76676411], [-46.10514334, -23.76695053], [-46.10516591, -23.76708972], [-46.10516828, -23.7671728], [-46.10516458, -23.76721048], [-46.10514499, -23.76730871], [-46.10510798, -23.76745745], [-46.10507968, -23.76749892], [-46.10500365, -23.76758283], [-46.10496249, -23.76763587], [-46.1049438, -23.76766535], [-46.10492924, -23.76769589], [-46.10491901, -23.76772766], [-46.10489422, -23.76787171], [-46.10488579, -23.76789571], [-46.1048713, -23.76792363], [-46.10485096, -23.76795529], [-46.10473888, -23.76810457], [-46.10470797, -23.76815076], [-46.10467002, -23.76821236], [-46.10463477, -23.76827953], [-46.10461186, -23.76834301], [-46.10459343, -23.76841512], [-46.10451105, -23.76879277], [-46.10446752, -23.76891437], [-46.10444505, -23.7689838], [-46.10441021, -23.76911158], [-46.10439922, -23.76913478], [-46.10436193, -23.76919366], [-46.10432245, -23.76924813], [-46.10429944, -23.7692771], [-46.10428795, -23.76928748], [-46.10416619, -23.76937162], [-46.10409304, -23.76941242], [-46.1039738, -23.76946963], [-46.10390949, -23.76951272], [-46.10392128, -23.7695251], [-46.10402199, -23.76959853], [-46.10407238, -23.76963962], [-46.10409465, -23.76966132], [-46.10411438, -23.76968583], [-46.10413149, -23.76971299], [-46.10417262, -23.76979569], [-46.10418583, -23.76981492], [-46.10421078, -23.76984112], [-46.10422461, -23.76986396], [-46.10422687, -23.76989826], [-46.10422444, -23.76992501], [-46.10419057, -23.77021372], [-46.10417577, -23.77030856], [-46.10415701, -23.77040019], [-46.10411982, -23.7705277], [-46.10407235, -23.77064771], [-46.10400215, -23.77080518], [-46.10396242, -23.77087726], [-46.10394506, -23.77090096], [-46.10390947, -23.77094068], [-46.10386851, -23.77098161], [-46.10382302, -23.77102258], [-46.10374787, -23.77108318], [-46.10369668, -23.77113304], [-46.10362741, -23.77121626], [-46.1035991, -23.7712571], [-46.1035772, -23.77130205], [-46.10355274, -23.77136807], [-46.10352704, -23.77145161], [-46.10348935, -23.77160108], [-46.10347088, -23.77170309], [-46.10344358, -23.77195761], [-46.10343573, -23.77206207], [-46.1034178, -23.77241496], [-46.10336391, -23.7727505], [-46.10333799, -23.77301576], [-46.10333035, -23.77305321], [-46.10328631, -23.77320678], [-46.1032725, -23.77324527], [-46.10325738, -23.77327915], [-46.10322302, -23.77333539], [-46.10318184, -23.77338671], [-46.10310292, -23.77346549], [-46.10299502, -23.77356389], [-46.10292761, -23.7736117], [-46.10289771, -23.77362672], [-46.10286836, -23.77363768], [-46.10280568, -23.77365312], [-46.10277236, -23.77365751], [-46.10269811, -23.77366229], [-46.10251629, -23.77366494], [-46.1023156, -23.77367676], [-46.10221532, -23.77367774], [-46.10211793, -23.77367266], [-46.10202557, -23.77366022], [-46.10193955, -23.77364151], [-46.10186133, -23.77361759], [-46.10177922, -23.77358648], [-46.1016311, -23.77352377], [-46.1015427, -23.77347925], [-46.10147039, -23.77343488], [-46.10140858, -23.77338908], [-46.10138129, -23.77336543], [-46.10132765, -23.77331225], [-46.10120839, -23.77317989], [-46.10113689, -23.77311519], [-46.10109955, -23.77308647], [-46.10106344, -23.77306343], [-46.10102856, -23.77304597], [-46.1009265, -23.77301094], [-46.10085252, -23.77297769], [-46.10081634, -23.77295798], [-46.10075661, -23.77291587], [-46.10068132, -23.77284361], [-46.10061097, -23.77278613], [-46.10057296, -23.77275913], [-46.10053845, -23.77273924], [-46.10049297, -23.77272285], [-46.10045251, -23.77271998], [-46.10042358, -23.77272136], [-46.1002846, -23.77274231], [-46.10019556, -23.77275053], [-46.1001004, -23.77275338], [-46.10000674, -23.77274926], [-46.09987588, -23.77273131], [-46.09975167, -23.77270023], [-46.09960382, -23.77265748], [-46.09951369, -23.7726415], [-46.09913529, -23.77263011], [-46.09900466, -23.77261713], [-46.09895748, -23.7726078], [-46.09887063, -23.7725843], [-46.09867889, -23.7725275], [-46.09859181, -23.77251114], [-46.09855134, -23.77250674], [-46.09847478, -23.77250493], [-46.09835906, -23.77251406], [-46.0982073, -23.77252038], [-46.09810747, -23.77251757], [-46.09806073, -23.77251357], [-46.09796356, -23.77250044], [-46.09785476, -23.77248062], [-46.09737659, -23.77237926], [-46.09728561, -23.7723548], [-46.09704965, -23.77226679], [-46.09700936, -23.77226111], [-46.09699309, -23.7722634], [-46.0969795, -23.77226909], [-46.09696849, -23.77227811], [-46.09696005, -23.77229064], [-46.09690227, -23.77247926], [-46.09686717, -23.77257696], [-46.09683003, -23.77266573], [-46.09678971, -23.77274866], [-46.09674485, -23.77282899], [-46.09669483, -23.7729035], [-46.09666754, -23.77293747], [-46.09657915, -23.77303383], [-46.09645426, -23.7731785], [-46.09638544, -23.77324537], [-46.09630883, -23.77330796], [-46.0962216, -23.77336773], [-46.09612571, -23.77342567], [-46.09602335, -23.77348257], [-46.09592016, -23.7735356], [-46.09582183, -23.77358191], [-46.09572599, -23.77362241], [-46.09562992, -23.77365769], [-46.09548542, -23.77369953], [-46.09538686, -23.77371884], [-46.09527467, -23.7737283], [-46.09521276, -23.7737291], [-46.09494941, -23.77369981], [-46.0948539, -23.77368496], [-46.09478253, -23.77367002], [-46.09472518, -23.7736539], [-46.09462261, -23.77361615], [-46.09453577, -23.77357061], [-46.09449807, -23.77354469], [-46.09446408, -23.77351648], [-46.09443369, -23.77348626], [-46.09438688, -23.77342753], [-46.09436046, -23.77337705], [-46.09433782, -23.77332212], [-46.09429211, -23.77316105], [-46.09424267, -23.77319771], [-46.09421587, -23.77320937], [-46.0941226, -23.77320434], [-46.09415101, -23.77330294], [-46.09415123, -23.77332994], [-46.09414326, -23.77340975], [-46.09414373, -23.77346565], [-46.09415687, -23.77368683], [-46.0941433, -23.77400049], [-46.09413274, -23.77406406], [-46.09412424, -23.77409139], [-46.09409901, -23.77414937], [-46.09406211, -23.77421972], [-46.09401394, -23.77429195], [-46.09398586, -23.77432484], [-46.0939553, -23.77435559], [-46.09388455, -23.77441552], [-46.09362946, -23.77459804], [-46.09355744, -23.7746587], [-46.09352718, -23.77468917], [-46.09347754, -23.77475021], [-46.09343889, -23.77481154], [-46.09342335, -23.77484236], [-46.09341144, -23.77487261], [-46.09340393, -23.77490147], [-46.09340082, -23.77492913], [-46.09341689, -23.77510287], [-46.09343735, -23.77541286], [-46.09345688, -23.77561295], [-46.09345886, -23.77570939], [-46.09345145, -23.77579651], [-46.09344322, -23.77583396], [-46.09343212, -23.77586718], [-46.09341756, -23.77589881], [-46.09339948, -23.77593136], [-46.09335236, -23.77599906], [-46.09329764, -23.77606349], [-46.09324245, -23.77611743], [-46.0932132, -23.77614058], [-46.09318119, -23.77616104], [-46.0931463, -23.77617899], [-46.09307038, -23.77620671], [-46.09300013, -23.77622102], [-46.09296796, -23.77622306], [-46.0928963, -23.7762204], [-46.09275722, -23.77620603], [-46.09271127, -23.77620374], [-46.09266809, -23.77620395], [-46.09258818, -23.77621211], [-46.09250814, -23.77622875], [-46.09238027, -23.7762647], [-46.09228184, -23.77628815], [-46.0919198, -23.77635664], [-46.09180276, -23.77638502], [-46.09169225, -23.77641921], [-46.09163844, -23.77643883], [-46.09153508, -23.77648264], [-46.09148865, -23.77650546], [-46.09140778, -23.77655236], [-46.09116532, -23.77670914], [-46.0910737, -23.77676136], [-46.09098203, -23.77680699], [-46.09080706, -23.77686656], [-46.09071145, -23.77688711], [-46.09061197, -23.77690289], [-46.09040961, -23.77692609], [-46.09002878, -23.77699055], [-46.08989249, -23.77700434], [-46.08965735, -23.77701648], [-46.08920015, -23.77703036], [-46.08910153, -23.77703078], [-46.08884923, -23.77704449], [-46.08868534, -23.7770442], [-46.08847095, -23.7770495], [-46.08826789, -23.77705978], [-46.08811649, -23.77706275], [-46.08802214, -23.77706937], [-46.08797783, -23.77707501], [-46.08746922, -23.77716286], [-46.08736517, -23.77718292], [-46.08726056, -23.77720669], [-46.08715325, -23.77723661], [-46.08690443, -23.77731504], [-46.08682364, -23.77734758], [-46.08671466, -23.77740136], [-46.08658345, -23.77745955], [-46.08654204, -23.77747284], [-46.08650404, -23.77748124], [-46.08646942, -23.77748464], [-46.08617987, -23.77749111], [-46.08595829, -23.77749303], [-46.08564102, -23.77751793], [-46.08554606, -23.77752185], [-46.08538445, -23.77751251], [-46.08529238, -23.77751044], [-46.08499986, -23.77751412], [-46.08490943, -23.77750889], [-46.08482651, -23.777498], [-46.08475336, -23.77748163], [-46.08468524, -23.77745619], [-46.0846174, -23.77741819], [-46.08455665, -23.77737075], [-46.08453132, -23.77734473], [-46.0845095, -23.77731716], [-46.0844911, -23.77728803], [-46.08447642, -23.77725761], [-46.08446526, -23.7772258], [-46.08445773, -23.77719271], [-46.08445345, -23.77712636], [-46.08446323, -23.77706289], [-46.0844855, -23.77699211], [-46.08451863, -23.776904], [-46.08460041, -23.77670618], [-46.08464583, -23.77660985], [-46.08469556, -23.77652325], [-46.08474867, -23.77644295], [-46.08497721, -23.77613337], [-46.08502318, -23.77605583], [-46.08504288, -23.7760165], [-46.08509337, -23.77589178], [-46.08512002, -23.77580426], [-46.08515169, -23.77567145], [-46.0851751, -23.77559461], [-46.08522184, -23.77549196], [-46.08526652, -23.77541153], [-46.0853199, -23.77532816], [-46.08537911, -23.77525016], [-46.0854454, -23.77517284], [-46.08555675, -23.77505031], [-46.0855885, -23.7750099], [-46.08561536, -23.77497033], [-46.08567973, -23.77485139], [-46.08575753, -23.77471925], [-46.08581416, -23.77463612], [-46.08600386, -23.77438895], [-46.08605505, -23.77430216], [-46.08607384, -23.77425967], [-46.0860888, -23.77421857], [-46.08610859, -23.77414347], [-46.08611916, -23.77403321], [-46.08612548, -23.77388387], [-46.08613974, -23.77379373], [-46.0861513, -23.77375535], [-46.08618119, -23.77367964], [-46.08625886, -23.77350768], [-46.086298, -23.77341149], [-46.08633437, -23.77331198], [-46.08639947, -23.77311608], [-46.08647589, -23.77293545], [-46.08650198, -23.77285173], [-46.08651069, -23.77281283], [-46.08651799, -23.77274649], [-46.08650409, -23.77257418], [-46.08650333, -23.77252957], [-46.08651217, -23.77247107], [-46.08652465, -23.77243766], [-46.08656932, -23.77235796], [-46.08660724, -23.77227948], [-46.08672221, -23.77200285], [-46.08680115, -23.77183033], [-46.08683562, -23.77173914], [-46.08685856, -23.77165327], [-46.08686306, -23.7716163], [-46.08686278, -23.77158334], [-46.08685831, -23.77155266], [-46.08684992, -23.77152283], [-46.0868376, -23.77149365], [-46.08673903, -23.77132302], [-46.08670235, -23.77124227], [-46.08669086, -23.77120604], [-46.08668411, -23.77117258], [-46.08668073, -23.77110902], [-46.08668332, -23.77107767], [-46.08669694, -23.77101589], [-46.08672206, -23.770957], [-46.0867388, -23.77092871], [-46.08678061, -23.77087061], [-46.08689976, -23.77073105], [-46.08690323, -23.77072299], [-46.08690308, -23.77069346], [-46.08689338, -23.7706471], [-46.0868501, -23.77052882], [-46.08684268, -23.77049817], [-46.08683949, -23.77046839], [-46.08684072, -23.77043939], [-46.0868523, -23.77038078], [-46.08689645, -23.7702497], [-46.08691266, -23.77016938], [-46.08691485, -23.77014878], [-46.08691317, -23.77011257], [-46.08690361, -23.77008311], [-46.08689585, -23.77007088], [-46.08687429, -23.77005143], [-46.08684827, -23.77003716], [-46.08682129, -23.77002652], [-46.08679336, -23.7700194], [-46.08670704, -23.77001106], [-46.08665231, -23.77000287], [-46.08662269, -23.7699935], [-46.08658711, -23.76997506], [-46.08654557, -23.76994772], [-46.08649817, -23.76991147], [-46.0864166, -23.76983763], [-46.08639033, -23.76980656], [-46.08634208, -23.76972751], [-46.08629541, -23.76967248], [-46.08623269, -23.76961259], [-46.08615364, -23.76954631], [-46.08589606, -23.76934718], [-46.08581443, -23.76929085], [-46.08573068, -23.76923833], [-46.08559265, -23.76915992], [-46.08549786, -23.76910098], [-46.08540329, -23.76903354], [-46.08535723, -23.76899467], [-46.08526838, -23.76890597], [-46.0852296, -23.76885675], [-46.08519201, -23.7687975], [-46.08518491, -23.76878166], [-46.08517891, -23.76875578], [-46.08518162, -23.76857332], [-46.085192, -23.76848817], [-46.08521089, -23.76841109], [-46.08523672, -23.76834281], [-46.08525216, -23.76831209], [-46.08529281, -23.76824298], [-46.08541157, -23.76805736], [-46.08546682, -23.76796278], [-46.08551149, -23.76787079], [-46.08554166, -23.76778144], [-46.08564396, -23.76737295], [-46.08567181, -23.76727567], [-46.08570313, -23.76718306], [-46.08572863, -23.76712321], [-46.08575763, -23.76706656], [-46.08580142, -23.7669921], [-46.08583789, -23.7669379], [-46.08597202, -23.76675903], [-46.08622516, -23.76644739], [-46.08625815, -23.76640335], [-46.08631252, -23.76632123], [-46.08635875, -23.76623935], [-46.08650587, -23.76594678], [-46.08660643, -23.76574305], [-46.08674618, -23.76544981], [-46.08681898, -23.76530687], [-46.08686145, -23.76521002], [-46.08689519, -23.76511288], [-46.08690542, -23.76506936], [-46.08691069, -23.76503022], [-46.08691109, -23.76499527], [-46.08690236, -23.7649247], [-46.08688501, -23.76484408], [-46.08687318, -23.76480208], [-46.08680115, -23.76458899], [-46.08664114, -23.76472424], [-46.08659174, -23.76477787], [-46.08642162, -23.76500657], [-46.0862245, -23.76529236], [-46.08610189, -23.76546454], [-46.08603945, -23.76554401], [-46.08592378, -23.76567596], [-46.08584434, -23.76575283], [-46.08576752, -23.76581425], [-46.08569538, -23.76585901], [-46.08566117, -23.76587496], [-46.08559667, -23.76589547], [-46.08556649, -23.76590037], [-46.08553755, -23.76590157], [-46.08547667, -23.76589703], [-46.08537082, -23.76587754], [-46.08530725, -23.76585623], [-46.08525422, -23.76582725], [-46.0852309, -23.76580745], [-46.0852097, -23.76578385], [-46.08517146, -23.76572749], [-46.08512881, -23.76567369], [-46.08508053, -23.76562571], [-46.08502978, -23.76558813], [-46.0849744, -23.76556007], [-46.08485059, -23.76551597], [-46.08480299, -23.76550311], [-46.08476063, -23.76549574], [-46.08472342, -23.76549383], [-46.08469146, -23.7654973], [-46.08452805, -23.76552916], [-46.0844226, -23.76554652], [-46.08431595, -23.76555991], [-46.08426398, -23.76556434], [-46.0841692, -23.76556555], [-46.08403516, -23.76555493], [-46.08392591, -23.76555046], [-46.08381473, -23.76555106], [-46.08371755, -23.76555878], [-46.08339044, -23.76560091], [-46.0832316, -23.76561539], [-46.08314594, -23.76562845], [-46.08303375, -23.76566049], [-46.08293678, -23.76569422], [-46.08282625, -23.76573735], [-46.08258847, -23.76584234], [-46.08246974, -23.76588986], [-46.08241358, -23.76590995], [-46.08231861, -23.7659368], [-46.08227981, -23.76594358], [-46.08219379, -23.76594815], [-46.08184892, -23.76593142], [-46.08175101, -23.76593374], [-46.08170621, -23.76593947], [-46.08166419, -23.76594825], [-46.08158539, -23.76597192], [-46.08129907, -23.76609378], [-46.08115942, -23.76613982], [-46.08106365, -23.7661637], [-46.08096079, -23.76618547], [-46.08074014, -23.76622566], [-46.08052737, -23.76625849], [-46.08048031, -23.76626361], [-46.08039965, -23.76626408], [-46.08036595, -23.76625935], [-46.08029867, -23.76623968], [-46.08022234, -23.76620599], [-46.0801837, -23.76618512], [-46.08011768, -23.76614007], [-46.07992743, -23.76598759], [-46.07990753, -23.76599008], [-46.0798624, -23.76600331], [-46.07976822, -23.76604271], [-46.07968115, -23.7660864], [-46.07959356, -23.76613822], [-46.07949782, -23.76620202], [-46.07915211, -23.76645244], [-46.07908809, -23.76649497], [-46.0790374, -23.76652441], [-46.07900025, -23.76654056], [-46.07896892, -23.76654945], [-46.07886418, -23.76656861], [-46.07879385, -23.7665728], [-46.07873336, -23.76656717], [-46.07864543, -23.7665425], [-46.0785822, -23.76651549], [-46.07851731, -23.76647584], [-46.07845056, -23.76642519], [-46.07837863, -23.76637764], [-46.07820284, -23.76625369], [-46.07805338, -23.7665395], [-46.07800696, -23.76662156], [-46.07795995, -23.76669233], [-46.07793789, -23.76671859], [-46.07789482, -23.76675565], [-46.07781299, -23.7668049], [-46.07774896, -23.7668337], [-46.07764914, -23.766867], [-46.07762011, -23.76688057], [-46.07759453, -23.76689683], [-46.07757251, -23.76691577], [-46.07753324, -23.7669621], [-46.07749643, -23.76701998], [-46.07746176, -23.76708814], [-46.07741267, -23.76720417], [-46.07737594, -23.76727108], [-46.07735556, -23.76729895], [-46.07730773, -23.76735401], [-46.07704645, -23.76762118], [-46.07670155, -23.76791043], [-46.07659959, -23.76800579], [-46.07643298, -23.76817529], [-46.07632804, -23.76829], [-46.07632115, -23.76831082], [-46.07632331, -23.76833528], [-46.07632774, -23.76834898], [-46.0763434, -23.76837913], [-46.07638687, -23.76843906], [-46.07643656, -23.76849101], [-46.07663749, -23.76866464], [-46.0767161, -23.76873689], [-46.0767555, -23.76877897], [-46.0767934, -23.76882937], [-46.0768298, -23.76888809], [-46.0768647, -23.76895513], [-46.07686547, -23.76901275], [-46.07686072, -23.76906724], [-46.07685054, -23.7691187], [-46.07683475, -23.76916722], [-46.07681269, -23.76921696], [-46.07674721, -23.76933302], [-46.07665442, -23.7694695], [-46.07654062, -23.76961678], [-46.0763421, -23.76985497], [-46.07613979, -23.77011107], [-46.07600607, -23.77027032], [-46.07593975, -23.77034403], [-46.07589553, -23.7703839], [-46.0758288, -23.77043187], [-46.07573957, -23.77048785], [-46.07562793, -23.77055194], [-46.07533724, -23.77070425], [-46.07495672, -23.77088879], [-46.07477321, -23.77091292], [-46.07463904, -23.77093408], [-46.0745298, -23.77095543], [-46.07436879, -23.77099395], [-46.07427446, -23.7710273], [-46.07423262, -23.77104673], [-46.07415953, -23.77108572], [-46.07407439, -23.77113752], [-46.07401661, -23.77116402], [-46.0737326, -23.77125802], [-46.07355434, -23.77130009], [-46.07341546, -23.77134485], [-46.07332646, -23.77136995], [-46.07324013, -23.7713859], [-46.07319305, -23.77138867], [-46.07314241, -23.77138757], [-46.07308829, -23.77138271], [-46.07293351, -23.77137954], [-46.07284812, -23.77135394], [-46.07278238, -23.77133056], [-46.07273608, -23.77130929], [-46.07270933, -23.77129033], [-46.07267356, -23.77124795], [-46.07261486, -23.7711622], [-46.07258651, -23.77110414], [-46.07257726, -23.77107648], [-46.0725667, -23.77102137], [-46.07256715, -23.77089692], [-46.07255482, -23.77061459], [-46.07255082, -23.77056892], [-46.07254372, -23.77052905], [-46.07253353, -23.77049516], [-46.07252025, -23.77046707], [-46.07248578, -23.77041683], [-46.072442, -23.77036682], [-46.07238315, -23.77031124], [-46.07213414, -23.77010109], [-46.07209873, -23.77006756], [-46.07206304, -23.77002292], [-46.07205085, -23.76999681], [-46.0720482, -23.76998491], [-46.07204702, -23.76993678], [-46.07205005, -23.76991138], [-46.07207396, -23.76982243], [-46.07210332, -23.76974149], [-46.07213932, -23.76965598], [-46.07221687, -23.76950371], [-46.07225301, -23.76942236], [-46.07228451, -23.76933941], [-46.07230898, -23.76925958], [-46.07232164, -23.76919962], [-46.07231999, -23.76917858], [-46.07230819, -23.76917496], [-46.07229368, -23.7691766], [-46.07224844, -23.76918811], [-46.07218297, -23.76921042], [-46.07205365, -23.76926054], [-46.07197512, -23.76928195], [-46.0719416, -23.76928634], [-46.07191138, -23.76928655], [-46.07188367, -23.76928277], [-46.07185868, -23.76927499], [-46.07183641, -23.76926322], [-46.07181626, -23.76924792], [-46.07179815, -23.76922953], [-46.07176755, -23.76918341], [-46.07174492, -23.7691283], [-46.07173059, -23.76906743], [-46.0717267, -23.76903594], [-46.07172601, -23.76897571], [-46.07173623, -23.76888207], [-46.0717395, -23.7688013], [-46.07173856, -23.76875922], [-46.07173423, -23.76872141], [-46.07172669, -23.76868796], [-46.07171566, -23.76865895], [-46.07169152, -23.76861071], [-46.07166953, -23.76857383], [-46.07165628, -23.76856137], [-46.07163748, -23.76855509], [-46.07162599, -23.76855427], [-46.07158317, -23.76856125], [-46.07155136, -23.76857131], [-46.07149337, -23.76859646], [-46.0714672, -23.76861155], [-46.07141452, -23.76864993], [-46.07132734, -23.76872947], [-46.07129527, -23.76875535], [-46.07122626, -23.76880053], [-46.07117542, -23.76882283], [-46.07114543, -23.76882818], [-46.07111853, -23.76882602], [-46.07105063, -23.76880401], [-46.07097956, -23.76878824], [-46.07094213, -23.76878326], [-46.07090905, -23.76878268], [-46.07088023, -23.76878667], [-46.07085557, -23.76879515], [-46.07083222, -23.7688076], [-46.07077962, -23.76884255], [-46.0707223, -23.76888919], [-46.07067735, -23.76893665], [-46.07062736, -23.7690041], [-46.07058696, -23.76904348], [-46.07053984, -23.76907723], [-46.07048668, -23.7691046], [-46.07039635, -23.76913449], [-46.07020063, -23.76917757], [-46.07010492, -23.76919801], [-46.07000956, -23.76921303], [-46.06996515, -23.7692175], [-46.06992688, -23.76921839], [-46.06989477, -23.76921591], [-46.06986901, -23.76920985], [-46.06981329, -23.76918775], [-46.06979261, -23.7691673], [-46.06972504, -23.76908847], [-46.0696722, -23.76903501], [-46.06961857, -23.76899203], [-46.06959234, -23.76897749], [-46.06956656, -23.76896801], [-46.0695412, -23.76896358], [-46.0694833, -23.76896262], [-46.06936883, -23.76896974], [-46.06928649, -23.76896823], [-46.06920329, -23.76895806], [-46.06911962, -23.76893904], [-46.06903628, -23.76891153], [-46.0689964, -23.76889528], [-46.06884268, -23.76881659], [-46.06875018, -23.76877307], [-46.06867316, -23.76873946], [-46.06864098, -23.76872758], [-46.06863412, -23.76872926], [-46.06858983, -23.76876189], [-46.06854611, -23.76880347], [-46.06849798, -23.76885754], [-46.06831083, -23.76909582], [-46.06822686, -23.76919575], [-46.06811084, -23.76932498], [-46.06802656, -23.76941055], [-46.06783838, -23.76958345], [-46.06774263, -23.76968328], [-46.06763608, -23.76980612], [-46.06759287, -23.7698625], [-46.06755845, -23.76991341], [-46.06748158, -23.77005366], [-46.06741175, -23.77016776], [-46.0672249, -23.77045562], [-46.06711188, -23.77061526], [-46.06699911, -23.77078195], [-46.06690787, -23.77089304], [-46.06684839, -23.77095224], [-46.06681974, -23.77097655], [-46.06676121, -23.77101896], [-46.06666547, -23.77107281], [-46.06654185, -23.77112397], [-46.06645044, -23.7711545], [-46.06636349, -23.77117786], [-46.06627825, -23.77119434], [-46.06623502, -23.77120006], [-46.06614871, -23.77120634], [-46.0661074, -23.77120654], [-46.06602963, -23.77120048], [-46.06599317, -23.77119423], [-46.0659257, -23.77117519], [-46.06586354, -23.7711469], [-46.06575793, -23.77108377], [-46.06567946, -23.77102886], [-46.06551099, -23.77089907], [-46.06542078, -23.77083539], [-46.06517335, -23.77067471], [-46.06507018, -23.77058601], [-46.06494355, -23.77049647], [-46.06487006, -23.77043782], [-46.0648039, -23.77037524], [-46.06475867, -23.77031603], [-46.06474131, -23.77028183], [-46.06472407, -23.77023689], [-46.0646897, -23.7701142], [-46.06463379, -23.76987553], [-46.06457264, -23.76963327], [-46.06454176, -23.76955292], [-46.06450584, -23.76949112], [-46.06446362, -23.76944012], [-46.06444008, -23.76941824], [-46.0644146, -23.76939837], [-46.06435632, -23.76936345], [-46.06428946, -23.76933511], [-46.06425502, -23.76932387], [-46.06411275, -23.7692899], [-46.06407457, -23.7692777], [-46.06399719, -23.76924689], [-46.06393381, -23.76921247], [-46.06390845, -23.76919431], [-46.06386199, -23.76915318], [-46.06379336, -23.76907607], [-46.06375153, -23.76901286], [-46.06369507, -23.76890027], [-46.06362195, -23.76872926], [-46.06357715, -23.76865091], [-46.06352844, -23.76858567], [-46.06350389, -23.76856019], [-46.06342693, -23.76849597], [-46.06336994, -23.76843883], [-46.06334309, -23.76840731], [-46.06332155, -23.76837712], [-46.06330561, -23.76834796], [-46.06327455, -23.76826978], [-46.06324419, -23.76822854], [-46.0632258, -23.76821214], [-46.06320588, -23.76819945], [-46.06318451, -23.76819057], [-46.06311362, -23.76817362], [-46.06308911, -23.76816377], [-46.06303804, -23.76813431], [-46.06301028, -23.76811184], [-46.06294932, -23.76804949], [-46.06290548, -23.7679676], [-46.06288123, -23.76792984], [-46.06286321, -23.76791036], [-46.06282906, -23.76788585], [-46.06275717, -23.76785473], [-46.06246434, -23.76775767], [-46.06219446, -23.767646], [-46.06194005, -23.76755482], [-46.06185409, -23.76751847], [-46.06177335, -23.76746113], [-46.06178335, -23.76758109], [-46.06179987, -23.76765793], [-46.06181583, -23.76770162], [-46.0618909, -23.76785807], [-46.06190484, -23.76789573], [-46.06191497, -23.76793495], [-46.06192001, -23.76797528], [-46.06191597, -23.76805822], [-46.06189422, -23.7682073], [-46.06188222, -23.76833662], [-46.06187281, -23.76853096], [-46.06186174, -23.7686544], [-46.06184232, -23.76876499], [-46.06181392, -23.7688686], [-46.06170377, -23.76922547], [-46.06165979, -23.76932078], [-46.06155631, -23.76956841], [-46.06152683, -23.76964837], [-46.06144784, -23.76989014], [-46.06142766, -23.76994311], [-46.06124534, -23.77036785], [-46.06121214, -23.77043627], [-46.06117672, -23.77049829], [-46.06108537, -23.77064468], [-46.06104903, -23.77071348], [-46.06101314, -23.77080206], [-46.06100448, -23.77084664], [-46.06100819, -23.77088058], [-46.0610247, -23.77090837], [-46.06108184, -23.77096009], [-46.06111054, -23.77098924], [-46.06112433, -23.77100766], [-46.06114346, -23.77104276], [-46.06115973, -23.77108925], [-46.06116654, -23.77111765], [-46.06118074, -23.77122313], [-46.06118649, -23.77130266], [-46.06120922, -23.77167325], [-46.06121466, -23.77183569], [-46.06122306, -23.77190327], [-46.06124222, -23.77197928], [-46.06125843, -23.77201836], [-46.06128082, -23.7720565], [-46.06130234, -23.7720839], [-46.06133074, -23.7721127], [-46.06140552, -23.77217324], [-46.06168206, -23.77237816], [-46.06173909, -23.77241669], [-46.06182991, -23.77246998], [-46.0620706, -23.77258773], [-46.06213332, -23.77262478], [-46.06220036, -23.77267525], [-46.06223695, -23.77270932], [-46.06230932, -23.77278794], [-46.06243235, -23.77292925], [-46.06252303, -23.77302616], [-46.06256874, -23.77307092], [-46.06281839, -23.7732883], [-46.0628706, -23.77333698], [-46.06302426, -23.77349091], [-46.06309155, -23.77354752], [-46.06315628, -23.77359097], [-46.06318989, -23.77360962], [-46.06344634, -23.77372092], [-46.06350703, -23.77375004], [-46.06365004, -23.77382573], [-46.06385727, -23.77393042], [-46.06408072, -23.77405045], [-46.06417146, -23.77410582], [-46.06419939, -23.77412604], [-46.06428329, -23.7741969], [-46.06435815, -23.7742671], [-46.06443309, -23.77434705], [-46.06446442, -23.77439832], [-46.06449245, -23.77445475], [-46.06451665, -23.77450923], [-46.06452514, -23.77453942], [-46.06452207, -23.77457322], [-46.06449023, -23.77465165], [-46.06444625, -23.77471084], [-46.06440459, -23.77475276], [-46.0643004, -23.77482808], [-46.06425702, -23.7748646], [-46.06423498, -23.77489275], [-46.06422919, -23.77491753], [-46.06423431, -23.77494369], [-46.06424915, -23.77497014], [-46.06429954, -23.77502371], [-46.06432701, -23.77505884], [-46.0644371, -23.77521387], [-46.06445378, -23.77524907], [-46.06451448, -23.77555689], [-46.06456027, -23.77575726], [-46.0645662, -23.77581096], [-46.0645647, -23.77585522], [-46.06455556, -23.77589014], [-46.06452267, -23.77596028], [-46.0645045, -23.77598235], [-46.06446327, -23.7760053], [-46.06435105, -23.77606008], [-46.06421924, -23.77611879], [-46.06416543, -23.77613912], [-46.06393812, -23.77620888], [-46.06366001, -23.77630653], [-46.06358146, -23.77632531], [-46.06350442, -23.7763374], [-46.06316907, -23.77637223], [-46.06303016, -23.77640181], [-46.06294932, -23.77642385], [-46.06284288, -23.77645883], [-46.06280831, -23.77646701], [-46.06264369, -23.77649795], [-46.0626269, -23.77649797], [-46.06261441, -23.77649372], [-46.06258994, -23.77646644], [-46.06255309, -23.77641106], [-46.06252068, -23.77634806], [-46.06250003, -23.77628254], [-46.06246665, -23.77613655], [-46.06244463, -23.7760593], [-46.06234263, -23.77580044], [-46.06227903, -23.77565511], [-46.06225392, -23.77560877], [-46.06220162, -23.77552468], [-46.06216956, -23.77548065], [-46.06212153, -23.77542643], [-46.06203667, -23.77534528], [-46.06194252, -23.77526853], [-46.06185442, -23.77521142], [-46.06179854, -23.7751829], [-46.06172541, -23.77515559], [-46.06164065, -23.77513504], [-46.06156223, -23.77512167], [-46.06117351, -23.7750744], [-46.06111178, -23.775061], [-46.061055, -23.77504225], [-46.06099757, -23.77501564], [-46.06095428, -23.7749902], [-46.06090741, -23.774958], [-46.06082599, -23.77489065], [-46.06079453, -23.77485916], [-46.06073399, -23.77478714], [-46.06060557, -23.77462257], [-46.06046952, -23.77443691], [-46.06033579, -23.77424772], [-46.06015502, -23.77396862], [-46.0601393, -23.77392998], [-46.06013239, -23.77388867], [-46.06012149, -23.77375489], [-46.06011666, -23.77355786], [-46.06010975, -23.77352964], [-46.06008774, -23.77350197], [-46.0600474, -23.77347696], [-46.05984411, -23.77338488], [-46.05951717, -23.7732092], [-46.05934327, -23.77311132], [-46.05921472, -23.77302767], [-46.05911395, -23.77296866], [-46.05905984, -23.77294058], [-46.0588783, -23.7728563], [-46.05864782, -23.7727402], [-46.05845899, -23.77264097], [-46.05835727, -23.77259814], [-46.05802727, -23.77249274], [-46.05797666, -23.77247105], [-46.05776079, -23.77236587], [-46.05766517, -23.77231279], [-46.05761781, -23.77228114], [-46.05754563, -23.77221372], [-46.05748916, -23.77214763], [-46.05745739, -23.7721017], [-46.05740713, -23.7720157], [-46.05736982, -23.77194018], [-46.05732093, -23.77181687], [-46.05720787, -23.77149911], [-46.05717286, -23.77139332], [-46.05716493, -23.77135959], [-46.05714489, -23.77123473], [-46.05714315, -23.77118959], [-46.05714765, -23.7711519], [-46.05716418, -23.77105966], [-46.05717834, -23.77100321], [-46.05719701, -23.77094528], [-46.05724536, -23.77083178], [-46.05730331, -23.77072933], [-46.05733582, -23.77068395], [-46.05739583, -23.77061707], [-46.05744969, -23.77056775], [-46.05763761, -23.7704085], [-46.05773918, -23.77031234], [-46.05783982, -23.77020959], [-46.05788455, -23.77015853], [-46.05792291, -23.77010923], [-46.0579842, -23.77001858], [-46.05803408, -23.76993669], [-46.05808089, -23.76983955], [-46.05814387, -23.76966743], [-46.05817719, -23.76955241], [-46.05822317, -23.76936523], [-46.05825117, -23.76923616], [-46.05826236, -23.76917512], [-46.05827418, -23.76908454], [-46.05827687, -23.76899195], [-46.05826739, -23.76893674], [-46.05824561, -23.76885245], [-46.0581263, -23.76842978], [-46.05807572, -23.76822971], [-46.05804597, -23.76814339], [-46.0580312, -23.76811306], [-46.05799761, -23.76806018], [-46.05796888, -23.76802705], [-46.05794732, -23.76800679], [-46.05789596, -23.76796578], [-46.05774887, -23.76785723], [-46.05770382, -23.76781988], [-46.05753735, -23.76765746], [-46.05749832, -23.76762449], [-46.05746322, -23.76760396], [-46.05742624, -23.76759337], [-46.05739551, -23.76759115], [-46.05734421, -23.76759421], [-46.05727298, -23.7676077], [-46.05722814, -23.76762083], [-46.05713825, -23.76765712], [-46.05693158, -23.76776502], [-46.05683963, -23.76780213], [-46.05678706, -23.76781731], [-46.05667702, -23.76783757], [-46.05654537, -23.76785463], [-46.05647771, -23.7678607], [-46.05638881, -23.76786194], [-46.05633911, -23.76785659], [-46.05624936, -23.76783643], [-46.05616836, -23.76781032], [-46.05605578, -23.76776866], [-46.05590629, -23.76770339], [-46.05582312, -23.76765961], [-46.05578012, -23.7676329], [-46.05571101, -23.76758163], [-46.05566418, -23.76754221], [-46.05557686, -23.76745953], [-46.05553658, -23.76741655], [-46.05545692, -23.76732271], [-46.05532881, -23.76715786], [-46.05525012, -23.76704966], [-46.05517841, -23.76694367], [-46.05506858, -23.76677002], [-46.05505603, -23.76674734], [-46.05504427, -23.76670091], [-46.05503121, -23.76662613], [-46.05498373, -23.76665283], [-46.05493587, -23.76666787], [-46.0548444, -23.76666642], [-46.05445596, -23.76667359], [-46.05401809, -23.7667211], [-46.05390686, -23.76672737], [-46.05385877, -23.76672671], [-46.05381409, -23.76672277], [-46.05377154, -23.76671493], [-46.05369273, -23.76668936], [-46.05362593, -23.76665649], [-46.05358618, -23.76663093], [-46.05355091, -23.76660119], [-46.05352783, -23.76657534], [-46.05350579, -23.76654334], [-46.05347233, -23.76647032], [-46.05345657, -23.76641407], [-46.05344069, -23.76631926], [-46.05341264, -23.76602782], [-46.05340121, -23.76568163], [-46.053386, -23.76548683], [-46.05338558, -23.76539688], [-46.05339094, -23.76519734], [-46.0534034, -23.76501427], [-46.05344161, -23.76476402], [-46.05346039, -23.76461017], [-46.05348212, -23.76448106], [-46.05349836, -23.76429219], [-46.05350262, -23.76418694], [-46.05349791, -23.76417559], [-46.05349058, -23.76416697], [-46.05342717, -23.7641283], [-46.053393, -23.76411254], [-46.05327158, -23.76407183], [-46.05324514, -23.76405503], [-46.05323831, -23.76404767], [-46.05322564, -23.76402102], [-46.05303674, -23.76354481], [-46.05296244, -23.7633972], [-46.05293544, -23.76333444], [-46.05292077, -23.76326698], [-46.05289098, -23.76307707], [-46.0529068, -23.76290813], [-46.0529027, -23.76289726], [-46.05288339, -23.76287761], [-46.05286928, -23.76286832], [-46.05280081, -23.76283374], [-46.05264422, -23.76273989], [-46.05258859, -23.76269122], [-46.05252613, -23.762624], [-46.05247615, -23.76255932], [-46.05245417, -23.76252316], [-46.05242545, -23.76246528], [-46.05239269, -23.76238215], [-46.05236237, -23.76227262], [-46.05235186, -23.76221037], [-46.05234464, -23.76214205], [-46.05233861, -23.76201457], [-46.05233884, -23.76196914], [-46.05234929, -23.76180469], [-46.05236116, -23.76171845], [-46.05243155, -23.7613577], [-46.05251017, -23.76105425], [-46.05254283, -23.76094294], [-46.05259139, -23.7607944], [-46.05262175, -23.76071417], [-46.05266379, -23.76062177], [-46.05267883, -23.76057651], [-46.05269198, -23.76050308], [-46.05269336, -23.76041854], [-46.05268904, -23.76035796], [-46.05268146, -23.76030608], [-46.05267279, -23.76027697], [-46.05262666, -23.7601783], [-46.05261403, -23.76012022], [-46.05260583, -23.76005299], [-46.05260134, -23.75999441], [-46.0525982, -23.75987305], [-46.05260443, -23.75978142], [-46.0526224, -23.75970896], [-46.05266688, -23.75956686], [-46.0527068, -23.75946643], [-46.0527384, -23.75936976], [-46.0527635, -23.75926952], [-46.05278758, -23.7591281], [-46.05278473, -23.75910346], [-46.05277092, -23.75906951], [-46.05275601, -23.75904658], [-46.0526749, -23.75895284], [-46.05262478, -23.75888247], [-46.05257305, -23.7587953], [-46.05251416, -23.75868353], [-46.05247239, -23.75859025], [-46.05243294, -23.75847889], [-46.05242101, -23.75841078], [-46.05242229, -23.75837519], [-46.0524777, -23.75812464], [-46.05252198, -23.75802102], [-46.05259491, -23.75791359], [-46.05260833, -23.75788631], [-46.05263234, -23.75782166], [-46.05271654, -23.75751844], [-46.0527378, -23.75745327], [-46.05275003, -23.75742383], [-46.05277448, -23.75737815], [-46.05282261, -23.75729879], [-46.05285414, -23.75725414], [-46.05291645, -23.75718092], [-46.05299443, -23.75710426], [-46.05305743, -23.75705596], [-46.05330825, -23.75688671], [-46.05335604, -23.75685135], [-46.05342991, -23.75678762], [-46.05348569, -23.75673233], [-46.05356651, -23.75664318], [-46.05373075, -23.75643388], [-46.0537927, -23.75636536], [-46.05397809, -23.75617425], [-46.05400248, -23.75614501], [-46.05410484, -23.75600116], [-46.05417709, -23.75588307], [-46.05420976, -23.75582207], [-46.05429325, -23.75563789], [-46.05435155, -23.75551701], [-46.05441653, -23.75539807], [-46.05448703, -23.75528235], [-46.05460135, -23.75511313], [-46.05469423, -23.75498623], [-46.05478237, -23.75481704], [-46.05482938, -23.75477153], [-46.05492423, -23.75464571], [-46.05499619, -23.75457514], [-46.05509371, -23.75452669], [-46.05515104, -23.7545067], [-46.05518506, -23.75450286], [-46.05522902, -23.75450328], [-46.05532132, -23.75451114], [-46.05538165, -23.75452084], [-46.05540486, -23.75452782], [-46.05556539, -23.75458886], [-46.05561139, -23.75461076], [-46.05566138, -23.75464113], [-46.05582704, -23.75475497], [-46.055944, -23.75482814], [-46.05606081, -23.75489417], [-46.05611589, -23.75492215], [-46.05619929, -23.75495861], [-46.05631295, -23.75499983], [-46.05633455, -23.75501323], [-46.0563709, -23.75504351], [-46.05638745, -23.75506399], [-46.05640796, -23.75501535], [-46.05642115, -23.75499557], [-46.05647425, -23.7549375], [-46.05651467, -23.75487508], [-46.05657199, -23.75475647], [-46.05669117, -23.75449627], [-46.05671069, -23.75445892], [-46.05673715, -23.75441882], [-46.05675213, -23.75440246], [-46.05677885, -23.75438232], [-46.05681218, -23.75436638], [-46.05688946, -23.75433722], [-46.05693891, -23.75431141], [-46.05695918, -23.7542952], [-46.05697974, -23.75426543], [-46.05698573, -23.75422845], [-46.05697867, -23.75418036], [-46.05694225, -23.75406962], [-46.05687109, -23.75390889], [-46.05686608, -23.75388373], [-46.05686734, -23.75385762], [-46.05687497, -23.75383038], [-46.05689922, -23.75378388], [-46.0569263, -23.7537473], [-46.05696131, -23.75370849], [-46.05705484, -23.75361357], [-46.05708434, -23.7535729], [-46.05708902, -23.75355706], [-46.05708496, -23.75355222], [-46.05706835, -23.75354826], [-46.05703763, -23.75354757], [-46.056896, -23.75355468], [-46.05686773, -23.75355334], [-46.05682479, -23.75354505], [-46.05678068, -23.7535272], [-46.05675161, -23.75351142], [-46.05669903, -23.75347628], [-46.05665852, -23.75344188], [-46.05664297, -23.75342347], [-46.05662495, -23.75339126], [-46.05661285, -23.75335124], [-46.0566074, -23.7533203], [-46.05660055, -23.75324945], [-46.05659753, -23.75313043], [-46.05660188, -23.75307441], [-46.05661085, -23.75303091], [-46.05663156, -23.75298281], [-46.05665048, -23.75295585], [-46.05670578, -23.75290219], [-46.05674088, -23.75287549], [-46.05682004, -23.75282347], [-46.05688323, -23.75278655], [-46.05701112, -23.75271857], [-46.05714145, -23.75263684], [-46.05720104, -23.75260501], [-46.05728595, -23.75253696], [-46.05733425, -23.75248766], [-46.05742052, -23.7523803], [-46.05732622, -23.75237141], [-46.0572645, -23.75237165], [-46.05720109, -23.75236739], [-46.05706762, -23.75233985], [-46.05699798, -23.75233075], [-46.05695158, -23.75231996], [-46.0569196, -23.7523088], [-46.05686882, -23.75227799], [-46.05683571, -23.75224805], [-46.05681025, -23.75221815], [-46.05677827, -23.7521705], [-46.05671286, -23.75205363], [-46.05663796, -23.75190304], [-46.05659735, -23.75177056], [-46.0565822, -23.75170527], [-46.05657407, -23.75164599], [-46.05657264, -23.75160337], [-46.05657717, -23.75153226], [-46.05658366, -23.75148507], [-46.05663513, -23.75121179], [-46.05664159, -23.75114897], [-46.05663711, -23.75105616], [-46.05662112, -23.7509478], [-46.05658505, -23.75078196], [-46.05654302, -23.75064397], [-46.05651709, -23.75057903], [-46.05647155, -23.75049318], [-46.0564602, -23.75043636], [-46.05645823, -23.75041081], [-46.05645959, -23.75038525], [-46.05647272, -23.75033422], [-46.05650298, -23.75027747], [-46.05655345, -23.75020975], [-46.05664994, -23.75009268], [-46.0566673, -23.75006763], [-46.05668373, -23.75003627], [-46.05671358, -23.74995487], [-46.05673565, -23.74986847], [-46.05675069, -23.74976315], [-46.05675903, -23.74972588], [-46.05678788, -23.74964106], [-46.05682555, -23.74955609], [-46.05686481, -23.74948474], [-46.05688702, -23.74945253], [-46.05691326, -23.74942037], [-46.05699376, -23.74934089], [-46.05700463, -23.7493269], [-46.05701062, -23.7493144], [-46.0570117, -23.74930328], [-46.0570079, -23.74929356], [-46.0569991, -23.74928522], [-46.05696691, -23.74927279], [-46.05689183, -23.74925777], [-46.05683487, -23.74925139], [-46.05677445, -23.74925415], [-46.05668959, -23.74926701], [-46.05650845, -23.74930194], [-46.05642482, -23.74932175], [-46.05634152, -23.74934697], [-46.05625955, -23.74937806], [-46.05610286, -23.74945174], [-46.05602979, -23.74947907], [-46.05596009, -23.74949833], [-46.05589386, -23.74951061], [-46.05583451, -23.74951273], [-46.05580877, -23.74950885], [-46.05578546, -23.7495016], [-46.05576052, -23.74948678], [-46.0557293, -23.74945999], [-46.055692, -23.74942132], [-46.05557323, -23.74928178], [-46.05553434, -23.74924113], [-46.05551948, -23.74923599], [-46.05549585, -23.74923724], [-46.05546353, -23.74924495], [-46.05542243, -23.74925896], [-46.05533004, -23.74929951], [-46.05505597, -23.74945447], [-46.05497651, -23.74949331], [-46.05490169, -23.74952272], [-46.05483426, -23.7495435], [-46.05477686, -23.74955644], [-46.05472685, -23.74955968], [-46.05468125, -23.74955114], [-46.05466037, -23.74954125], [-46.05464142, -23.7495263], [-46.05462418, -23.7495061], [-46.05460867, -23.74948082], [-46.05459597, -23.74945129], [-46.05458678, -23.74941857], [-46.05458109, -23.74938266], [-46.05457911, -23.74934348], [-46.05458255, -23.74925847], [-46.05459397, -23.74916663], [-46.05464473, -23.74882888], [-46.05469474, -23.74852097], [-46.05477852, -23.74821543], [-46.05482211, -23.7480354], [-46.05483924, -23.74794506], [-46.05488865, -23.74750227], [-46.0548603, -23.7474294], [-46.05484048, -23.74736902], [-46.05482901, -23.74732114], [-46.05482598, -23.74728576], [-46.05483375, -23.74722709], [-46.0548727, -23.74710517], [-46.0548861, -23.74703924], [-46.0548901, -23.74697572], [-46.05488781, -23.7469471], [-46.05487304, -23.74689202], [-46.05485765, -23.74685645], [-46.05480932, -23.74676511], [-46.05475088, -23.74667122], [-46.05469575, -23.74659971], [-46.0545688, -23.74645498], [-46.05450112, -23.74637245], [-46.05444486, -23.74629371], [-46.0543988, -23.74621608], [-46.05436118, -23.74613668], [-46.05433189, -23.74605813], [-46.05431088, -23.74598313], [-46.05426957, -23.74581172], [-46.05424247, -23.74572448], [-46.05420967, -23.74565886], [-46.05416848, -23.74560053], [-46.05408939, -23.7455019], [-46.05404896, -23.74544049], [-46.0540353, -23.74541259], [-46.05401283, -23.74535187], [-46.05397895, -23.74523884], [-46.05396423, -23.74520092], [-46.05392656, -23.74512938], [-46.05388282, -23.74506971], [-46.05386036, -23.74504656], [-46.05378807, -23.74498871], [-46.05373203, -23.74493725], [-46.05368606, -23.74488834], [-46.05365341, -23.7448481], [-46.05361288, -23.74478624], [-46.05359684, -23.74475591], [-46.05357331, -23.7446971], [-46.0535578, -23.74463543], [-46.05353415, -23.74448792], [-46.05351365, -23.74440307], [-46.05348502, -23.74432099], [-46.05344777, -23.74425152], [-46.05342574, -23.74422078], [-46.05337416, -23.74416342], [-46.05331401, -23.74411344], [-46.05325497, -23.74407934], [-46.05316896, -23.74404804], [-46.05310966, -23.74401864], [-46.05304813, -23.74397969], [-46.05298405, -23.74393009], [-46.05291892, -23.74387047], [-46.05270711, -23.74364116], [-46.05263678, -23.74356993], [-46.05259045, -23.7435305], [-46.05255312, -23.74351278], [-46.05253209, -23.74350823], [-46.05231769, -23.74349416], [-46.05223879, -23.74347961], [-46.05220673, -23.74346953], [-46.05214293, -23.74344215], [-46.05207061, -23.74340417], [-46.05199499, -23.74335826], [-46.05192119, -23.74330728], [-46.05185542, -23.74325408], [-46.05180388, -23.74320151], [-46.05167692, -23.74305407], [-46.05159953, -23.74297151], [-46.05156454, -23.74293987], [-46.05146857, -23.74286384], [-46.0513858, -23.74278357], [-46.05136903, -23.74277213], [-46.0513522, -23.74276493], [-46.0513354, -23.74276197], [-46.05131853, -23.74276335], [-46.0513017, -23.74276888], [-46.05128481, -23.74277875], [-46.05123424, -23.74282299], [-46.05120079, -23.74284841], [-46.0511677, -23.74286914], [-46.05113476, -23.74288508], [-46.05097093, -23.74294779], [-46.05088265, -23.74297467], [-46.05084611, -23.74298178], [-46.05081454, -23.74298453], [-46.0507848, -23.74298346], [-46.05072073, -23.74297098], [-46.05065243, -23.74294517], [-46.05058963, -23.74290766], [-46.050561, -23.74288473], [-46.05019684, -23.74254726], [-46.05011028, -23.74248237], [-46.05002284, -23.74243085], [-46.04994062, -23.74239339], [-46.04990195, -23.74237992], [-46.04981475, -23.7423583], [-46.04976258, -23.7423489], [-46.04964747, -23.74233378], [-46.04955216, -23.74232811], [-46.04948045, -23.7423295], [-46.04944795, -23.74232602], [-46.04941688, -23.74231873], [-46.04938717, -23.74230755], [-46.04932766, -23.74227671], [-46.04926523, -23.74223613], [-46.0492115, -23.74219133], [-46.04919238, -23.74216934], [-46.0491679, -23.74212534], [-46.04915348, -23.74207703], [-46.04914954, -23.74205086], [-46.04913589, -23.74190157], [-46.04913307, -23.74189299], [-46.04912547, -23.74188635], [-46.04912067, -23.7418881], [-46.04907688, -23.74194596], [-46.04903292, -23.74199385], [-46.04897584, -23.74204545], [-46.04890466, -23.74210048], [-46.0488666, -23.74212585], [-46.04883104, -23.74214533], [-46.04879769, -23.74215892], [-46.04876675, -23.74216663], [-46.0487046, -23.74217301], [-46.0486372, -23.74217319], [-46.04856043, -23.74216703], [-46.04822692, -23.7421151], [-46.0481369, -23.74210876], [-46.0480096, -23.74211459], [-46.04791911, -23.74212279], [-46.04779803, -23.74213463], [-46.04777592, -23.74214192], [-46.04776921, -23.74214946], [-46.04776536, -23.7421596], [-46.04771696, -23.7423756], [-46.04771927, -23.74238272], [-46.04772788, -23.74239187], [-46.04776369, -23.74241611], [-46.04786866, -23.74247654], [-46.04791443, -23.74250685], [-46.04793818, -23.74253324], [-46.04797026, -23.74260527], [-46.04797756, -23.74261082], [-46.04798729, -23.74261356], [-46.04801416, -23.74261076], [-46.04803128, -23.74260522], [-46.04811817, -23.74256372], [-46.04816102, -23.74254798], [-46.04820127, -23.74253859], [-46.04823902, -23.74253553], [-46.04831616, -23.74253962], [-46.04840191, -23.74255159], [-46.04844554, -23.74256032], [-46.0485243, -23.74258165], [-46.04855953, -23.74259441], [-46.048593, -23.74260873], [-46.04865774, -23.74264315], [-46.048689, -23.74266317], [-46.04875306, -23.74271078], [-46.04882191, -23.74276965], [-46.04889211, -23.74283691], [-46.04896, -23.74290961], [-46.04931223, -23.7433149], [-46.04938239, -23.74338939], [-46.04945497, -23.74345988], [-46.04953165, -23.74352737], [-46.04961282, -23.74359284], [-46.04969889, -23.74365719], [-46.04986151, -23.7437703], [-46.05037357, -23.74415314], [-46.05044511, -23.74421668], [-46.05051285, -23.74428243], [-46.05056742, -23.74434654], [-46.05058631, -23.74437658], [-46.05059968, -23.74440521], [-46.05061531, -23.74446913], [-46.05061924, -23.74450695], [-46.05062398, -23.74463246], [-46.05063498, -23.7447078], [-46.05064447, -23.74474079], [-46.05065813, -23.74476833], [-46.05067597, -23.74479052], [-46.05069798, -23.74480726], [-46.05075394, -23.74483569], [-46.05091271, -23.74490009], [-46.0510177, -23.74494905], [-46.05112421, -23.74500567], [-46.05121622, -23.74506384], [-46.05129973, -23.7451264], [-46.05138113, -23.74519566], [-46.05147654, -23.74528696], [-46.05160237, -23.74541534], [-46.05162289, -23.7454656], [-46.05165286, -23.74555697], [-46.0516916, -23.7457629], [-46.05170112, -23.74584828], [-46.05169985, -23.74602034], [-46.05170208, -23.74611434], [-46.0517091, -23.74620705], [-46.05172174, -23.7462905], [-46.05174242, -23.74637309], [-46.05179168, -23.74650805], [-46.05182909, -23.74658447], [-46.05188943, -23.74668196], [-46.05203508, -23.74693304], [-46.0520797, -23.74701547], [-46.0521128, -23.74709273], [-46.05218285, -23.74729953], [-46.05221505, -23.74737536], [-46.05223268, -23.7474082], [-46.05227332, -23.74747115], [-46.05246499, -23.74770999], [-46.05249173, -23.7477528], [-46.05251635, -23.74780023], [-46.05253874, -23.7478521], [-46.05259765, -23.74793018], [-46.05265855, -23.74799994], [-46.05271859, -23.74806022], [-46.05298098, -23.74828296], [-46.05302875, -23.74832978], [-46.05311867, -23.74843276], [-46.05312334, -23.7484899], [-46.05312243, -23.74851031], [-46.05308307, -23.74865463], [-46.05306537, -23.74869937], [-46.05305876, -23.74873039], [-46.05305466, -23.74877052], [-46.05305465, -23.74881758], [-46.05305671, -23.74884222], [-46.05306748, -23.74888821], [-46.05313187, -23.74902559], [-46.053133, -23.74904346], [-46.05313021, -23.74906326], [-46.05311331, -23.74910854], [-46.05308883, -23.74915187], [-46.05306466, -23.74918374], [-46.05300546, -23.74924005], [-46.05299663, -23.74925338], [-46.05298543, -23.74928724], [-46.05296428, -23.74943947], [-46.05295755, -23.74945668], [-46.05294634, -23.74946579], [-46.05293341, -23.74946895], [-46.05288414, -23.74946621], [-46.05285658, -23.74946848], [-46.05280907, -23.74947729], [-46.05279112, -23.74947759], [-46.05275122, -23.74947073], [-46.05271217, -23.74945826], [-46.05266728, -23.7494396], [-46.05265983, -23.74943992], [-46.05265702, -23.74944536], [-46.05265907, -23.749456], [-46.05267489, -23.74950738], [-46.05267761, -23.74952831], [-46.05267211, -23.74954045], [-46.05260927, -23.7495836], [-46.05257467, -23.74960009], [-46.0525365, -23.74961137], [-46.05249736, -23.74961335], [-46.05238573, -23.74960463], [-46.052354, -23.7495997], [-46.05232124, -23.74958881], [-46.052283, -23.74956749], [-46.05224905, -23.74954351], [-46.05222928, -23.74952459], [-46.05221081, -23.74949699], [-46.05218582, -23.74943954], [-46.05217406, -23.74942986], [-46.05215817, -23.74942952], [-46.05212661, -23.74944626], [-46.05208216, -23.74948314], [-46.05201241, -23.74955732], [-46.05197664, -23.74958763], [-46.05193828, -23.74961255], [-46.05189713, -23.74963189], [-46.05185857, -23.74964407], [-46.05184221, -23.7496468], [-46.0518158, -23.74964563], [-46.05179984, -23.74963743], [-46.05179139, -23.74961174], [-46.05178063, -23.74949359], [-46.0517524, -23.74937502], [-46.0517286, -23.74930609], [-46.05171541, -23.74927692], [-46.05170272, -23.74926021], [-46.05169061, -23.74925595], [-46.051679, -23.74926416], [-46.05162104, -23.74934024], [-46.0515799, -23.74938541], [-46.05152734, -23.74942659], [-46.05149737, -23.74944549], [-46.0514323, -23.7494789], [-46.05139719, -23.74949349], [-46.05132419, -23.74951783], [-46.05124917, -23.7495355], [-46.05121075, -23.749541], [-46.05117162, -23.74954308], [-46.05109112, -23.74953694], [-46.05098595, -23.74951417], [-46.05091263, -23.74948695], [-46.05084407, -23.74945309], [-46.0508189, -23.74943457], [-46.05078559, -23.74940373], [-46.05074061, -23.74933774], [-46.05070968, -23.7492731], [-46.05068456, -23.74918775], [-46.05064462, -23.74900404], [-46.05063008, -23.74895212], [-46.0506249, -23.74895469], [-46.05061772, -23.74896449], [-46.05059663, -23.74900238], [-46.05056284, -23.74904651], [-46.05043792, -23.74917849], [-46.05041988, -23.74919298], [-46.05039539, -23.74919802], [-46.05034986, -23.74919734], [-46.05031981, -23.74919348], [-46.05024655, -23.7491732], [-46.05020344, -23.74915679], [-46.05002985, -23.7490812], [-46.04998064, -23.74905028], [-46.04992347, -23.7490047], [-46.04990267, -23.74899301], [-46.04989532, -23.74899432], [-46.04988675, -23.74900179], [-46.04986631, -23.74903516], [-46.04984482, -23.749083], [-46.04981456, -23.74916412], [-46.04979824, -23.74919702], [-46.04975039, -23.74927438], [-46.0496286, -23.74944193], [-46.04957599, -23.7495373], [-46.04949379, -23.74971244], [-46.04946489, -23.74976692], [-46.04944906, -23.74978699], [-46.04943676, -23.74979438], [-46.04942838, -23.74978965], [-46.04941393, -23.74977395], [-46.04936652, -23.74971015], [-46.04931633, -23.74963002], [-46.04928545, -23.74956023], [-46.04926713, -23.74949045], [-46.04925461, -23.74941015], [-46.04925087, -23.74932303], [-46.04925326, -23.74927821], [-46.0492777, -23.74908342], [-46.04927999, -23.74902614], [-46.04927492, -23.74896873], [-46.04926963, -23.74894529], [-46.04926276, -23.74893251], [-46.04925411, -23.7489304], [-46.04924377, -23.74893896], [-46.04921333, -23.74898396], [-46.04908754, -23.74920501], [-46.04907135, -23.74922887], [-46.04904782, -23.74925585], [-46.04897887, -23.74931981], [-46.04890739, -23.74937557], [-46.04886002, -23.74940181], [-46.04883984, -23.74940583], [-46.04878438, -23.74940368], [-46.04871283, -23.74938872], [-46.04865025, -23.74936657], [-46.04862385, -23.7493532], [-46.04859651, -23.74933361], [-46.04856428, -23.74930285], [-46.04852715, -23.74926101], [-46.04841544, -23.74911871], [-46.04838504, -23.74908424], [-46.04837885, -23.74908301], [-46.04837132, -23.7490865], [-46.04832297, -23.74913849], [-46.04824201, -23.74919783], [-46.04823277, -23.74920873], [-46.0482299, -23.74921751], [-46.04824714, -23.74933589], [-46.04824931, -23.74937489], [-46.04824877, -23.74941752], [-46.04823931, -23.74954656], [-46.04823721, -23.74960329], [-46.04823927, -23.74962793], [-46.04825511, -23.74969403], [-46.04826898, -23.74973548], [-46.04830226, -23.7498234], [-46.04836829, -23.74998299], [-46.04837896, -23.75002826], [-46.04837573, -23.75006612], [-46.04836328, -23.75011651], [-46.04835261, -23.75014449], [-46.04833752, -23.75017169], [-46.04831811, -23.75019819], [-46.04829428, -23.75022391], [-46.04823826, -23.75027379], [-46.04817398, -23.75032191], [-46.04813737, -23.75034474], [-46.04809624, -23.75036624], [-46.048, -23.75040528], [-46.04790703, -23.75043544], [-46.04783918, -23.75045333], [-46.04777077, -23.75046301], [-46.04767613, -23.75046871], [-46.04756929, -23.75046997], [-46.04746437, -23.75046653], [-46.04724946, -23.75045055], [-46.04722867, -23.75045115], [-46.04722016, -23.75045482], [-46.04722375, -23.75046139], [-46.04724801, -23.75047775], [-46.0472818, -23.75049441], [-46.04736009, -23.75056703], [-46.04747771, -23.75066134], [-46.04751447, -23.75069487], [-46.04755133, -23.75073969], [-46.04758028, -23.75078925], [-46.0476169, -23.75087815], [-46.04763216, -23.75093368], [-46.04764747, -23.75103175], [-46.04763512, -23.75106967], [-46.0476244, -23.7510916], [-46.04759791, -23.75112836], [-46.04758263, -23.75114364], [-46.04754888, -23.75116897], [-46.04751234, -23.75118864], [-46.04743741, -23.75121778], [-46.0472378, -23.75128678], [-46.04717251, -23.751306], [-46.04714087, -23.75131263], [-46.0470898, -23.75131876], [-46.04698747, -23.75131891], [-46.04657738, -23.75128899], [-46.0465215, -23.75128251], [-46.0463458, -23.75124901], [-46.04627959, -23.75123944], [-46.04615272, -23.75122738], [-46.04607587, -23.75122456], [-46.04599237, -23.75121248], [-46.04604592, -23.75127019], [-46.0461064, -23.75136181], [-46.04622181, -23.75152333], [-46.04625519, -23.75158741], [-46.04627674, -23.75164434], [-46.04631969, -23.7517881], [-46.04642253, -23.75204761], [-46.04645088, -23.7521567], [-46.04647005, -23.75227172], [-46.04647878, -23.75236983], [-46.0464766, -23.7524169], [-46.04646058, -23.75249965], [-46.04643834, -23.75256528], [-46.04640979, -23.75262599], [-46.04639294, -23.75265437], [-46.04636422, -23.75269502], [-46.04626343, -23.75281492], [-46.04617381, -23.75295805], [-46.04611784, -23.753038], [-46.04607198, -23.75309529], [-46.04600659, -23.75316365], [-46.04597256, -23.75319026], [-46.04593955, -23.75321017], [-46.04589251, -23.75322891], [-46.04586038, -23.75323626], [-46.04578575, -23.75324138], [-46.04559601, -23.75323173], [-46.04557071, -23.75323326], [-46.04554134, -23.75324168], [-46.04552661, -23.75325261], [-46.04551769, -23.75326676], [-46.04551792, -23.75329485], [-46.04553026, -23.75332936], [-46.04554062, -23.75334898], [-46.04556127, -23.75337873], [-46.04564882, -23.75346836], [-46.04567945, -23.7535069], [-46.04573313, -23.75359414], [-46.04575981, -23.75365375], [-46.04577007, -23.75368511], [-46.04578127, -23.75373652], [-46.04578752, -23.75379446], [-46.0457871, -23.75391377], [-46.0457703, -23.7540713], [-46.04576784, -23.7541312], [-46.04576475, -23.75435854], [-46.0457576, -23.75440899], [-46.04574507, -23.754462], [-46.04571469, -23.75456453], [-46.04570004, -23.75462234], [-46.04569575, -23.75465109], [-46.04569319, -23.75469934], [-46.04569929, -23.75479927], [-46.04573009, -23.75503091], [-46.04572831, -23.75509107], [-46.04572374, -23.75512054], [-46.04571181, -23.75516325], [-46.0456932, -23.75520375], [-46.04567702, -23.75523005], [-46.04563545, -23.75528289], [-46.04559663, -23.7553238], [-46.04544034, -23.75547397], [-46.04540932, -23.75550868], [-46.04531723, -23.7556259], [-46.04523119, -23.75571282], [-46.04518109, -23.75575471], [-46.0451286, -23.75579327], [-46.04494127, -23.75591411], [-46.04489927, -23.75593752], [-46.04483758, -23.75596584], [-46.0447449, -23.75599609], [-46.04465605, -23.75601493], [-46.0446094, -23.75602175], [-46.04454095, -23.75602727], [-46.04447756, -23.75602689], [-46.04418815, -23.75600816], [-46.04408394, -23.75599532], [-46.04403406, -23.75599195], [-46.04398472, -23.75599418], [-46.04395248, -23.75599856], [-46.04389077, -23.75601234], [-46.04376822, -23.75605038], [-46.04373344, -23.75605712], [-46.04368627, -23.7560596], [-46.04363648, -23.75605479], [-46.04357702, -23.75604255], [-46.04330343, -23.75596591], [-46.04305748, -23.75590932], [-46.04299353, -23.75588807], [-46.04285883, -23.75582946], [-46.04279084, -23.75579416], [-46.04255515, -23.7556582], [-46.04247494, -23.75560338], [-46.04230592, -23.75547329], [-46.04227378, -23.75544207], [-46.04224049, -23.75540148], [-46.0421713, -23.75530151], [-46.04206857, -23.75514135], [-46.04203821, -23.75508692], [-46.04198636, -23.75498313], [-46.04195928, -23.75492208], [-46.04193378, -23.75484928], [-46.04192282, -23.7548041], [-46.04191381, -23.75474483], [-46.04191254, -23.7546836], [-46.04191891, -23.75464599], [-46.04193053, -23.75461439], [-46.0419867, -23.75452062], [-46.04200931, -23.75446393], [-46.04201885, -23.75441754], [-46.04202096, -23.75438736], [-46.04201666, -23.75435279], [-46.0420036, -23.75432669], [-46.04198107, -23.75430697], [-46.04192957, -23.7542842], [-46.04182478, -23.75425971], [-46.04179349, -23.75424899], [-46.04175534, -23.75422649], [-46.04173931, -23.75420953], [-46.04172598, -23.75418713], [-46.04171594, -23.75415839], [-46.04170506, -23.75408503], [-46.04169767, -23.75389632], [-46.04169126, -23.75384335], [-46.04167994, -23.7537887], [-46.04163729, -23.75364592], [-46.04162769, -23.75363551], [-46.04161415, -23.75363452], [-46.04160057, -23.75364211], [-46.04157459, -23.75367037], [-46.04152175, -23.75371281], [-46.04148591, -23.75373419], [-46.04144679, -23.7537508], [-46.04140136, -23.75376285], [-46.0413647, -23.75376761], [-46.04131141, -23.75376643], [-46.04128616, -23.75376173], [-46.04125093, -23.75374905], [-46.04121967, -23.75372966], [-46.0412012, -23.75371398], [-46.04117041, -23.75367923], [-46.04113083, -23.75362558], [-46.04110058, -23.75359716], [-46.04102257, -23.75354747], [-46.04090299, -23.75348966], [-46.04086967, -23.75346947], [-46.04076054, -23.75329707], [-46.04068465, -23.75307983], [-46.0406687, -23.75304833], [-46.04065004, -23.75302172], [-46.04062055, -23.75299022], [-46.04058865, -23.75296406], [-46.04051171, -23.75291274], [-46.04046875, -23.75287798], [-46.04042898, -23.75283616], [-46.04040846, -23.7528102], [-46.04034134, -23.75271049], [-46.04029028, -23.75265728], [-46.04028692, -23.75280235], [-46.04027258, -23.75291073], [-46.04026826, -23.75298545], [-46.04026943, -23.75311975], [-46.0402756, -23.75330314], [-46.04026785, -23.7535008], [-46.04025934, -23.75357916], [-46.04024292, -23.75367302], [-46.04021892, -23.75376539], [-46.04016979, -23.75390382], [-46.04016053, -23.75393621], [-46.0401556, -23.75397047], [-46.0401585, -23.75405228], [-46.0401815, -23.75420521], [-46.0401865, -23.75426605], [-46.04018063, -23.75434286], [-46.04015899, -23.7544344], [-46.04011308, -23.75457217], [-46.04006684, -23.75469161], [-46.03991649, -23.75504684], [-46.03985429, -23.75522067], [-46.03983001, -23.75526436], [-46.039819, -23.75527491], [-46.03980733, -23.75527879], [-46.03977953, -23.75537064], [-46.03942605, -23.756428], [-46.03921653, -23.75709169], [-46.03874002, -23.75856063], [-46.03861886, -23.7589461], [-46.03842651, -23.75951268], [-46.03801404, -23.76081726], [-46.03750208, -23.76238488], [-46.0372881, -23.76305799], [-46.03709385, -23.76369458], [-46.03692285, -23.76420673], [-46.03683634, -23.76458366], [-46.036809, -23.76491061], [-46.03683032, -23.76522304], [-46.03687934, -23.76547813], [-46.03695347, -23.76576736], [-46.03697868, -23.76585336], [-46.03715631, -23.76621379], [-46.03732905, -23.76649053], [-46.03753329, -23.76671639], [-46.03773758, -23.76688824], [-46.03817004, -23.76720885], [-46.03872798, -23.7676126], [-46.03966016, -23.76829589], [-46.04059549, -23.76899134], [-46.04162276, -23.76974542], [-46.04356181, -23.77117692], [-46.0444262, -23.77183192], [-46.04548831, -23.77261815], [-46.04632024, -23.77322359], [-46.04724473, -23.77391682], [-46.04786918, -23.7743955], [-46.04854038, -23.77487032], [-46.04557263, -23.78401875], [-46.05051951, -23.78538484], [-46.05259454, -23.77661139], [-46.05313618, -23.77449266], [-46.05313947, -23.77450468], [-46.05316572, -23.774552], [-46.05320278, -23.77459072], [-46.053264, -23.7746646], [-46.05330017, -23.77472246], [-46.05332278, -23.77475285], [-46.05337546, -23.774802], [-46.05344866, -23.77482631], [-46.05354847, -23.77483805], [-46.05360063, -23.77486733], [-46.05361646, -23.77489781], [-46.05360988, -23.77495358], [-46.05357909, -23.77499919], [-46.05352201, -23.77503514], [-46.05347751, -23.77505551], [-46.05342169, -23.77508743], [-46.0533928, -23.77511153], [-46.05337534, -23.7751365], [-46.05336827, -23.77516044], [-46.05336371, -23.7752302], [-46.05336389, -23.77528525], [-46.05336804, -23.77533952], [-46.05337837, -23.77538364], [-46.0534037, -23.77546583], [-46.05342591, -23.77551514], [-46.05348573, -23.77559216], [-46.05350926, -23.77561135], [-46.05352647, -23.77562127], [-46.05361592, -23.77565541], [-46.05369457, -23.77567607], [-46.05378188, -23.77570627], [-46.0538408, -23.77573425], [-46.05390174, -23.7757746], [-46.05396902, -23.77582615], [-46.0540279, -23.77588381], [-46.05405543, -23.7759166], [-46.05409995, -23.77598134], [-46.05410408, -23.77601071], [-46.05409141, -23.77603106], [-46.0540658, -23.77604342], [-46.05391024, -23.77607244], [-46.05387527, -23.776082], [-46.05377235, -23.77611847], [-46.05360043, -23.77617055], [-46.05352488, -23.77620217], [-46.05338375, -23.77627747], [-46.05336284, -23.77629195], [-46.05333216, -23.77632064], [-46.05330412, -23.77635184], [-46.05328262, -23.77639], [-46.05327119, -23.77642233], [-46.05326147, -23.77647258], [-46.05325869, -23.77651418], [-46.05326227, -23.77657151], [-46.05327109, -23.77660299], [-46.05328756, -23.77661721], [-46.05331476, -23.77660914], [-46.05333015, -23.77658538], [-46.05335419, -23.77657231], [-46.0533963, -23.77657776], [-46.0534401, -23.7766004], [-46.05350822, -23.77664295], [-46.0535708, -23.7766755], [-46.05359654, -23.77667962], [-46.05377172, -23.77666911], [-46.05380517, -23.77666315], [-46.0538978, -23.77665535], [-46.05403073, -23.77663399], [-46.05422537, -23.77662371], [-46.05430613, -23.7766261], [-46.054377, -23.77662178], [-46.05446076, -23.7766219], [-46.05453088, -23.77662737], [-46.05455054, -23.77662618], [-46.05459869, -23.77663264], [-46.05469791, -23.77666852], [-46.05472522, -23.77667335], [-46.05475549, -23.77666024], [-46.05479806, -23.77661821], [-46.05481236, -23.77659803], [-46.0548748, -23.77652803], [-46.05489971, -23.77647493], [-46.0549291, -23.77644471], [-46.05495524, -23.77642289], [-46.05502168, -23.77638476], [-46.05504146, -23.77638086], [-46.05506824, -23.77638179], [-46.05517959, -23.77639461], [-46.05524521, -23.77641299], [-46.05529714, -23.77643569], [-46.05534587, -23.77644671], [-46.05539562, -23.7764642], [-46.05547659, -23.77647624], [-46.05551156, -23.77646939], [-46.05553432, -23.77645816], [-46.05555472, -23.7764596], [-46.05557736, -23.77644637], [-46.05559545, -23.77644589], [-46.05561829, -23.77643402], [-46.05563406, -23.77643161], [-46.0556847, -23.77641216], [-46.05570252, -23.77640894], [-46.05572576, -23.77639977], [-46.05574727, -23.77639793], [-46.05577077, -23.77639079], [-46.05579596, -23.77639032], [-46.05581977, -23.77638588], [-46.05595949, -23.77638395], [-46.05604668, -23.77639704], [-46.0560804, -23.77640985], [-46.05613688, -23.77642182], [-46.0562092, -23.77647522], [-46.05625608, -23.77651685], [-46.05628369, -23.77656128], [-46.05628824, -23.77659821], [-46.05630128, -23.776629], [-46.05630724, -23.77670336], [-46.05631198, -23.77672537], [-46.05631119, -23.77674271], [-46.05631833, -23.77677139], [-46.05634057, -23.77681773], [-46.05635821, -23.77683967], [-46.05638083, -23.77685665], [-46.05639058, -23.77686297], [-46.05639788, -23.77686317], [-46.05641977, -23.77687342], [-46.05642884, -23.77687184], [-46.05646581, -23.77688049], [-46.05647664, -23.77687713], [-46.05651281, -23.77687534], [-46.0565488, -23.77686311], [-46.0566002, -23.77683621], [-46.05659981, -23.77736559], [-46.05661572, -23.78192029], [-46.06438708, -23.78413373], [-46.0644623, -23.78415332], [-46.06449284, -23.79334216], [-46.0680408, -23.79315163], [-46.06805906, -23.79347672], [-46.07277208, -23.79317956], [-46.07227293, -23.78162683], [-46.07243282, -23.7816137], [-46.07254635, -23.78155366], [-46.07266476, -23.78143309], [-46.07268827, -23.78135639], [-46.07275346, -23.78128847], [-46.07277822, -23.78128604], [-46.07281666, -23.78128722], [-46.07284078, -23.78129048], [-46.072898, -23.78130696], [-46.07295407, -23.78133725], [-46.07300909, -23.78137994], [-46.07307537, -23.78144988], [-46.07312667, -23.78151709], [-46.07318932, -23.78160678], [-46.07322834, -23.78165629], [-46.07330342, -23.78173956], [-46.07333099, -23.78176823], [-46.07363763, -23.78201128], [-46.07375099, -23.7821272], [-46.07379873, -23.78218281], [-46.07382632, -23.78222264], [-46.07384222, -23.78226136], [-46.07384593, -23.78231809], [-46.07382946, -23.78236719], [-46.07378431, -23.78240335], [-46.07372092, -23.78244581], [-46.07366341, -23.78249317], [-46.07357148, -23.78255721], [-46.07347775, -23.7826284], [-46.07342139, -23.78267829], [-46.0733757, -23.78273165], [-46.0733469, -23.78277418], [-46.0733231, -23.78281584], [-46.07329707, -23.78287351], [-46.07329356, -23.78288812], [-46.07328986, -23.78292093], [-46.07329284, -23.78294322], [-46.07330009, -23.78296583], [-46.07331398, -23.7829899], [-46.07332932, -23.78300623], [-46.0733688, -23.78302992], [-46.07343437, -23.78304667], [-46.07346556, -23.78305075], [-46.07351551, -23.78306187], [-46.07359189, -23.78306564], [-46.07364498, -23.78306423], [-46.07379497, -23.78304914], [-46.07384436, -23.78304062], [-46.07389499, -23.78303883], [-46.07393822, -23.78303252], [-46.07398216, -23.78302959], [-46.07403145, -23.78303187], [-46.0740992, -23.7830417], [-46.0741379, -23.78305222], [-46.07417105, -23.78306657], [-46.07422171, -23.78309928], [-46.0742628, -23.78314261], [-46.0742899, -23.7831921], [-46.0743004, -23.78323425], [-46.07430051, -23.78326586], [-46.07429639, -23.78328946], [-46.07428552, -23.78332177], [-46.07426889, -23.78335327], [-46.07423918, -23.78339168], [-46.07420286, -23.78342635], [-46.07417136, -23.78344567], [-46.07415123, -23.78346234], [-46.07410528, -23.78348289], [-46.07408288, -23.78349781], [-46.07405812, -23.78350647], [-46.07403339, -23.78351965], [-46.07398457, -23.78353742], [-46.07391154, -23.78357225], [-46.07384265, -23.78360817], [-46.07376006, -23.7836619], [-46.07374331, -23.78367791], [-46.07372277, -23.78369219], [-46.07370911, -23.78370782], [-46.07367242, -23.78373964], [-46.07364952, -23.78377208], [-46.07363692, -23.78379665], [-46.07362111, -23.7838495], [-46.07361515, -23.78391899], [-46.07361672, -23.78396667], [-46.07362342, -23.78401756], [-46.07363778, -23.7840926], [-46.07365545, -23.78416464], [-46.07367732, -23.78423552], [-46.07375477, -23.78443374], [-46.07382579, -23.78456093], [-46.0738587, -23.78460627], [-46.073895, -23.78464688], [-46.07393169, -23.7846809], [-46.07395251, -23.78469462], [-46.07397393, -23.78470346], [-46.07402455, -23.78471622], [-46.07405995, -23.7847211], [-46.07411133, -23.78472159], [-46.07433473, -23.78470632], [-46.07438562, -23.78470729], [-46.07450199, -23.78472073], [-46.07455409, -23.78473228], [-46.0745822, -23.78474069], [-46.07463109, -23.78476508], [-46.07466739, -23.78479671], [-46.07469063, -23.78482409], [-46.0747106, -23.78485358], [-46.07473427, -23.78490164], [-46.07474584, -23.78493562], [-46.07475797, -23.78498894], [-46.07478452, -23.78513894], [-46.07479956, -23.78518712], [-46.07481271, -23.78521652], [-46.07484777, -23.78527236], [-46.07489315, -23.7853074], [-46.0749157, -23.78531796], [-46.07494932, -23.78532864], [-46.07498676, -23.78533425], [-46.07502607, -23.78533511], [-46.07506351, -23.78532871], [-46.07510971, -23.78531348], [-46.07516412, -23.78528827], [-46.07536101, -23.78515928], [-46.07549465, -23.78509815], [-46.07555254, -23.78508054], [-46.07561246, -23.78507331], [-46.07564557, -23.78507272], [-46.07569664, -23.78507882], [-46.07573256, -23.78508896], [-46.0757708, -23.78510477], [-46.07583689, -23.78513871], [-46.07602251, -23.78530288], [-46.0761104, -23.78537487], [-46.07629434, -23.78550193], [-46.07640328, -23.78556787], [-46.07646983, -23.78560105], [-46.07654091, -23.78562349], [-46.07664276, -23.7856468], [-46.07671926, -23.78565779], [-46.07690956, -23.78566942], [-46.07694403, -23.785668], [-46.07697904, -23.78566273], [-46.07699924, -23.7856565], [-46.07701439, -23.78565102], [-46.07704426, -23.78563412], [-46.0770934, -23.7855967], [-46.07712902, -23.78556434], [-46.07717683, -23.78550598], [-46.0772188, -23.78544152], [-46.07727461, -23.78533122], [-46.07735333, -23.78519488], [-46.07739503, -23.7851339], [-46.07746356, -23.78505963], [-46.07747414, -23.78505193], [-46.07751815, -23.78503283], [-46.07754328, -23.78502692], [-46.07757731, -23.78502434], [-46.07760202, -23.78502706], [-46.07763858, -23.78503908], [-46.07764776, -23.78503938], [-46.07767038, -23.78505209], [-46.07769123, -23.78506838], [-46.07770002, -23.78507004], [-46.07772801, -23.78510114], [-46.07773578, -23.78510415], [-46.07775144, -23.78512825], [-46.0777582, -23.78513267], [-46.07777068, -23.78515805], [-46.07777637, -23.78516384], [-46.07779034, -23.7851977], [-46.0778026, -23.78524422], [-46.07782738, -23.78545809], [-46.07784128, -23.78562693], [-46.07785873, -23.78619601], [-46.0778658, -23.78629671], [-46.07787283, -23.78634651], [-46.07789485, -23.78644652], [-46.07792994, -23.78656526], [-46.07795982, -23.78663667], [-46.0779745, -23.78666114], [-46.07798263, -23.78668289], [-46.07799916, -23.78670608], [-46.07801812, -23.78674948], [-46.07803591, -23.78677003], [-46.07806157, -23.78681122], [-46.07811605, -23.78686616], [-46.07815704, -23.78689807], [-46.07822229, -23.78693758], [-46.07826835, -23.78695821], [-46.07834106, -23.7869801], [-46.07839212, -23.78698913], [-46.0785625, -23.78700768], [-46.07870392, -23.78703595], [-46.0787531, -23.78705926], [-46.07881562, -23.78709419], [-46.07884921, -23.78711711], [-46.07892797, -23.7871793], [-46.07896761, -23.78721439], [-46.07902414, -23.78727106], [-46.07908992, -23.78734452], [-46.07915799, -23.78744619], [-46.0792055, -23.78753053], [-46.07921368, -23.78755233], [-46.0792381, -23.78759808], [-46.07925016, -23.78764415], [-46.07926895, -23.78769121], [-46.07928284, -23.7877621], [-46.07929205, -23.78783239], [-46.07930966, -23.78805128], [-46.07932445, -23.78814795], [-46.07934147, -23.78821859], [-46.07937338, -23.78830931], [-46.07940317, -23.78837544], [-46.07943855, -23.7884404], [-46.07948131, -23.78850124], [-46.07953041, -23.78855848], [-46.07958508, -23.78861174], [-46.07964344, -23.78866082], [-46.07970615, -23.78870511], [-46.07979553, -23.78875766], [-46.0798685, -23.78878941], [-46.07997704, -23.78882733], [-46.08003121, -23.78883845], [-46.08007391, -23.78883876], [-46.08012313, -23.78883372], [-46.08016761, -23.78882331], [-46.08020945, -23.78880918], [-46.08026835, -23.788781], [-46.08030899, -23.78875235], [-46.08033254, -23.78872834], [-46.08038565, -23.78864664], [-46.08039331, -23.78857595], [-46.08038039, -23.78852013], [-46.080348, -23.78847834], [-46.08030827, -23.78845143], [-46.0802013, -23.78840571], [-46.08000692, -23.78832863], [-46.07996207, -23.78830506], [-46.07990116, -23.78826231], [-46.07986656, -23.78823122], [-46.07982183, -23.78817563], [-46.07980332, -23.7881446], [-46.07977238, -23.78806999], [-46.07976502, -23.78803522], [-46.07976041, -23.78796373], [-46.07976364, -23.78787976], [-46.07976961, -23.78780656], [-46.07979086, -23.78767586], [-46.07980049, -23.78759365], [-46.07982258, -23.78733931], [-46.07982582, -23.78723222], [-46.07983271, -23.78717559], [-46.07983274, -23.78712546], [-46.07984049, -23.787042], [-46.07983706, -23.78678905], [-46.0798319, -23.78669697], [-46.07983192, -23.78664084], [-46.07982613, -23.78653991], [-46.07981425, -23.78642069], [-46.07981977, -23.78634551], [-46.07981465, -23.78629646], [-46.07981941, -23.78624874], [-46.07981348, -23.78614902], [-46.07981356, -23.7860402], [-46.07980114, -23.78593823], [-46.07980323, -23.78588831], [-46.0797997, -23.78583564], [-46.07980224, -23.78578649], [-46.07982014, -23.78566602], [-46.07983789, -23.78562214], [-46.07984665, -23.78557263], [-46.07986024, -23.78555357], [-46.07986622, -23.78552923], [-46.07987434, -23.78552051], [-46.0798822, -23.78549715], [-46.07989111, -23.785489], [-46.07990079, -23.78546667], [-46.07991059, -23.78545906], [-46.07992873, -23.78542746], [-46.07993937, -23.78542043], [-46.07996333, -23.78539218], [-46.08004115, -23.78533844], [-46.08007758, -23.78532247], [-46.08010301, -23.785318], [-46.08013182, -23.78531887], [-46.08015185, -23.78530789], [-46.08016291, -23.78530959], [-46.08017035, -23.78530696], [-46.08022428, -23.78531896], [-46.08024844, -23.78531513], [-46.08030121, -23.78532926], [-46.08032716, -23.7853279], [-46.0803526, -23.78533649], [-46.08036222, -23.7853371], [-46.0803864, -23.78534758], [-46.08040655, -23.78535105], [-46.08042942, -23.78536345], [-46.08045082, -23.78536985], [-46.08047243, -23.78538419], [-46.08049518, -23.7853936], [-46.08053548, -23.78542444], [-46.08058137, -23.78544913], [-46.08061843, -23.78548044], [-46.08064073, -23.785495], [-46.08067723, -23.7855288], [-46.0807201, -23.78556232], [-46.08083721, -23.78567873], [-46.08085447, -23.78569969], [-46.08089629, -23.78573729], [-46.08095928, -23.78581786], [-46.0810419, -23.78588696], [-46.08108979, -23.78594004], [-46.08114607, -23.78598679], [-46.08118722, -23.78601365], [-46.0812306, -23.786037], [-46.08131124, -23.78606873], [-46.08137102, -23.78608217], [-46.08140742, -23.78608616], [-46.08147652, -23.78608676], [-46.0815372, -23.78607861], [-46.08157328, -23.78606883], [-46.08160379, -23.7860543], [-46.08166933, -23.78601673], [-46.08171045, -23.78598659], [-46.08175791, -23.78595758], [-46.08182094, -23.78590688], [-46.08186969, -23.78586197], [-46.08192341, -23.78580686], [-46.08197734, -23.78573599], [-46.08198858, -23.78571234], [-46.08201777, -23.78567073], [-46.08204396, -23.78560299], [-46.08209587, -23.78551944], [-46.08209981, -23.78549774], [-46.08211005, -23.78547735], [-46.08210986, -23.78546656], [-46.08211779, -23.78543421], [-46.0821151, -23.78538885], [-46.08209943, -23.7853331], [-46.08208465, -23.78530177], [-46.0820658, -23.78527179], [-46.08205058, -23.78525356], [-46.08198959, -23.78518864], [-46.08194562, -23.78515919], [-46.08192711, -23.78514031], [-46.0819042, -23.78512851], [-46.08188418, -23.78511126], [-46.08183737, -23.78509393], [-46.08179272, -23.78506458], [-46.08169484, -23.78503754], [-46.08164411, -23.78501554], [-46.08156518, -23.78499446], [-46.08148353, -23.78497738], [-46.08142465, -23.78497151], [-46.08132194, -23.78495372], [-46.08123293, -23.78495493], [-46.08118349, -23.78494629], [-46.08112871, -23.78494378], [-46.08105215, -23.78493091], [-46.08094776, -23.7849059], [-46.08086632, -23.7848787], [-46.08077032, -23.78484013], [-46.08057028, -23.78476675], [-46.08042602, -23.78472043], [-46.08018747, -23.78465321], [-46.08010379, -23.78463464], [-46.07990187, -23.78458145], [-46.07979882, -23.78455227], [-46.07975112, -23.78453414], [-46.07969735, -23.78451821], [-46.07965158, -23.78449577], [-46.07954696, -23.78445975], [-46.07945831, -23.78440961], [-46.07940634, -23.78438527], [-46.07927262, -23.78430288], [-46.07923096, -23.78427306], [-46.07916784, -23.78421701], [-46.07910891, -23.78414721], [-46.07906697, -23.78408301], [-46.0790431, -23.78403861], [-46.07901325, -23.78397176], [-46.07898917, -23.78390266], [-46.07896745, -23.78380924], [-46.0789542, -23.78371428], [-46.07894909, -23.78363037], [-46.07895233, -23.78355936], [-46.07895842, -23.78352445], [-46.0789735, -23.78347838], [-46.07898456, -23.78345604], [-46.07900459, -23.78342262], [-46.07902843, -23.78339102], [-46.07906489, -23.78335541], [-46.07909746, -23.78333635], [-46.07910642, -23.78332816], [-46.07912985, -23.78331919], [-46.07913932, -23.78331244], [-46.07918733, -23.78330307], [-46.0791973, -23.78329777], [-46.07922188, -23.78329737], [-46.07923245, -23.7832935], [-46.07928351, -23.78329694], [-46.07930625, -23.78329353], [-46.07957753, -23.7833245], [-46.07962886, -23.78332586], [-46.07968012, -23.78332302], [-46.07973104, -23.78331512], [-46.07981908, -23.78329184], [-46.07992054, -23.78325593], [-46.07995038, -23.78324274], [-46.08001489, -23.78320389], [-46.08004659, -23.7831816], [-46.08009245, -23.78314343], [-46.08019949, -23.78303775], [-46.08022497, -23.78301663], [-46.08035118, -23.782932], [-46.08040723, -23.78288636], [-46.08043185, -23.78286027], [-46.08056802, -23.78269463], [-46.08062756, -23.78263172], [-46.080642, -23.78260958], [-46.08069907, -23.78257004], [-46.08072715, -23.78255728], [-46.08074736, -23.7825439], [-46.08084367, -23.78251266], [-46.08092348, -23.78250329], [-46.0810366, -23.78245485], [-46.08116374, -23.78236097], [-46.08121351, -23.78231074], [-46.08127384, -23.78229855], [-46.08133639, -23.78232678], [-46.08137265, -23.78237815], [-46.08136227, -23.7824413], [-46.08133419, -23.78251968], [-46.08135085, -23.78265513], [-46.08138348, -23.7828187], [-46.08139235, -23.78284171], [-46.08141512, -23.78293584], [-46.08143296, -23.78298124], [-46.08144122, -23.78302995], [-46.08146253, -23.7830736], [-46.08148099, -23.78314568], [-46.08153884, -23.78325171], [-46.08158795, -23.78332231], [-46.08163801, -23.7833802], [-46.08166629, -23.78340867], [-46.08170332, -23.78343933], [-46.0817295, -23.78344947], [-46.08183274, -23.78344001], [-46.08186819, -23.78345696], [-46.08188485, -23.78348705], [-46.08189057, -23.78352467], [-46.08187796, -23.78357548], [-46.0818873, -23.78364981], [-46.08191588, -23.78369654], [-46.08195914, -23.78375078], [-46.08197588, -23.78377679], [-46.08206108, -23.78388252], [-46.08213788, -23.78396109], [-46.08223526, -23.78404128], [-46.08231637, -23.78409395], [-46.08237645, -23.78412535], [-46.0824296, -23.78414696], [-46.0825246, -23.78417251], [-46.08254999, -23.78417581], [-46.082608, -23.7841759], [-46.08272437, -23.78415531], [-46.08281485, -23.78414275], [-46.08286787, -23.78414006], [-46.0829677, -23.78415466], [-46.08304326, -23.78417637], [-46.08334613, -23.78429486], [-46.08365416, -23.78444935], [-46.08383355, -23.78453615], [-46.08415481, -23.78468291], [-46.08424838, -23.78472298], [-46.08434303, -23.78476901], [-46.08441551, -23.78479898], [-46.08451539, -23.78483116], [-46.08458282, -23.78484933], [-46.08470269, -23.78489057], [-46.08476264, -23.78491819], [-46.08480429, -23.78493032], [-46.08491134, -23.78494738], [-46.08500874, -23.78495824], [-46.08514523, -23.78497855], [-46.08544261, -23.78503559], [-46.08551639, -23.78503985], [-46.08561245, -23.78503775], [-46.08577395, -23.78502222], [-46.08592096, -23.78499752], [-46.08601837, -23.78497453], [-46.08609101, -23.78495207], [-46.08616016, -23.78492386], [-46.08623249, -23.78489924], [-46.08633232, -23.78487221], [-46.08646775, -23.78484343], [-46.08656629, -23.78482696], [-46.0867048, -23.78480831], [-46.08683328, -23.78479363], [-46.08696168, -23.78478451], [-46.08706344, -23.78478045], [-46.0871171, -23.7847812], [-46.08719399, -23.78478648], [-46.08730832, -23.78480325], [-46.08735603, -23.78481641], [-46.08740157, -23.78483429], [-46.08745534, -23.78486281], [-46.08749557, -23.78489048], [-46.08753283, -23.7849221], [-46.08756669, -23.7849569], [-46.08760022, -23.78499415], [-46.08768833, -23.78510917], [-46.08772264, -23.78514578], [-46.0877794, -23.78519745], [-46.08783911, -23.78524286], [-46.08788139, -23.78527047], [-46.08792581, -23.78529553], [-46.08805762, -23.78536176], [-46.08823153, -23.78542551], [-46.0883623, -23.78546523], [-46.08857259, -23.78550926], [-46.08868029, -23.78554519], [-46.08890429, -23.78560587], [-46.08899238, -23.78562144], [-46.08921892, -23.78566822], [-46.08932057, -23.7857002], [-46.08945046, -23.78573522], [-46.08967159, -23.78580158], [-46.08976702, -23.7858355], [-46.08991108, -23.78590997], [-46.09002699, -23.78598602], [-46.09016744, -23.78608695], [-46.0902587, -23.78616786], [-46.09035224, -23.7862647], [-46.09045775, -23.78639874], [-46.0905022, -23.78646237], [-46.09055786, -23.78655157], [-46.09059576, -23.78661908], [-46.09064047, -23.7867131], [-46.09071002, -23.78690349], [-46.09073748, -23.78700029], [-46.09075336, -23.78707442], [-46.09076849, -23.78717646], [-46.09077451, -23.78725092], [-46.09077613, -23.78732759], [-46.09077348, -23.78740442], [-46.09076611, -23.78747916], [-46.09074236, -23.78757344], [-46.09072339, -23.78761782], [-46.09068736, -23.7876804], [-46.09066467, -23.78770779], [-46.09064832, -23.7877252], [-46.09062044, -23.78774779], [-46.09058979, -23.78776715], [-46.0905566, -23.78778274], [-46.09052082, -23.78779465], [-46.09042948, -23.7878101], [-46.09037983, -23.78781366], [-46.09026841, -23.78780885], [-46.09018421, -23.78779739], [-46.09002057, -23.78776449], [-46.089892, -23.787729], [-46.08979911, -23.7876947], [-46.08970405, -23.78765248], [-46.08929205, -23.78745633], [-46.0890378, -23.78734763], [-46.08894484, -23.78730466], [-46.08889752, -23.78728508], [-46.08879505, -23.78724873], [-46.08872496, -23.78721725], [-46.08862142, -23.78718019], [-46.08856047, -23.78715145], [-46.08852023, -23.78711687], [-46.0884714, -23.78705769], [-46.08837551, -23.78691021], [-46.08836038, -23.78689122], [-46.08832455, -23.78685435], [-46.08828569, -23.7868203], [-46.08822416, -23.78677337], [-46.08813619, -23.78671677], [-46.0879606, -23.78661731], [-46.08775519, -23.78649282], [-46.08766718, -23.78644864], [-46.08756032, -23.78640378], [-46.08746339, -23.78637218], [-46.08736513, -23.78634981], [-46.08733524, -23.78634584], [-46.08726341, -23.78634807], [-46.08718915, -23.7863661], [-46.08715181, -23.78638058], [-46.08706188, -23.78642507], [-46.08698448, -23.78647794], [-46.08693134, -23.78651953], [-46.08686586, -23.78657643], [-46.0868369, -23.78660802], [-46.08666162, -23.7868193], [-46.08657881, -23.78690196], [-46.08649708, -23.78698924], [-46.08642445, -23.78705825], [-46.08616986, -23.78728344], [-46.08611804, -23.78734251], [-46.08608096, -23.78737492], [-46.0860498, -23.78741641], [-46.0860149, -23.78745008], [-46.08598736, -23.78749028], [-46.0859536, -23.78752651], [-46.0859258, -23.78756468], [-46.08582666, -23.78768053], [-46.08575565, -23.78775188], [-46.08571334, -23.78778627], [-46.08564483, -23.78785589], [-46.08555202, -23.78791944], [-46.0854833, -23.78798884], [-46.08545957, -23.78800282], [-46.0854416, -23.78801993], [-46.08541811, -23.78803283], [-46.08537925, -23.78806381], [-46.08526831, -23.78812388], [-46.08517804, -23.78816321], [-46.08515665, -23.78817497], [-46.08513326, -23.78818335], [-46.08502395, -23.78824585], [-46.08498368, -23.78827707], [-46.08495926, -23.78829146], [-46.0847943, -23.78841848], [-46.08474109, -23.78846902], [-46.08470904, -23.78850487], [-46.08462121, -23.78861798], [-46.0845711, -23.78870065], [-46.08454019, -23.78877136], [-46.08452449, -23.78881929], [-46.08451145, -23.78889258], [-46.08451461, -23.78894151], [-46.08451117, -23.78896434], [-46.08451446, -23.78898838], [-46.08451328, -23.7890116], [-46.08452226, -23.78905914], [-46.08452344, -23.7890827], [-46.08453672, -23.78912826], [-46.08454016, -23.78915226], [-46.08455177, -23.7891855], [-46.08457757, -23.78923694], [-46.0845964, -23.7892653], [-46.08463562, -23.78930734], [-46.08466226, -23.78933004], [-46.08471293, -23.78936306], [-46.08478107, -23.78939586], [-46.08482945, -23.78941363], [-46.08490402, -23.78943469], [-46.08497948, -23.78944969], [-46.08505444, -23.78945901], [-46.08510476, -23.78946182], [-46.08520724, -23.78945753], [-46.08526064, -23.78944578], [-46.08528614, -23.78944374], [-46.08531262, -23.78943597], [-46.08536317, -23.78943006], [-46.08541513, -23.78941118], [-46.08546473, -23.78940402], [-46.08551575, -23.78938455], [-46.08556471, -23.7893764], [-46.08561507, -23.78936042], [-46.08566373, -23.78935145], [-46.08572567, -23.78933566], [-46.08574813, -23.78932724], [-46.08579805, -23.78931682], [-46.08581865, -23.78930466], [-46.08584314, -23.78929885], [-46.0858528, -23.78929133], [-46.08587648, -23.78928321], [-46.08588569, -23.78927479], [-46.08590856, -23.78926425], [-46.08591732, -23.78925484], [-46.08593939, -23.78924199], [-46.08597757, -23.78920619], [-46.08602189, -23.78917792], [-46.08608191, -23.78914779], [-46.086144, -23.78912635], [-46.08618243, -23.78912098], [-46.08620721, -23.78911448], [-46.08627125, -23.7891148], [-46.08632245, -23.78910496], [-46.08637319, -23.78910428], [-46.08642592, -23.78909614], [-46.08647635, -23.7890934], [-46.08673122, -23.78906225], [-46.08678065, -23.78905251], [-46.08683549, -23.78904892], [-46.08690924, -23.78903675], [-46.08709249, -23.78902638], [-46.08716868, -23.78902422], [-46.08729624, -23.78902607], [-46.08735088, -23.78902293], [-46.08740211, -23.78902853], [-46.08742978, -23.78902703], [-46.08748475, -23.78903423], [-46.08756396, -23.78903511], [-46.08766995, -23.78905126], [-46.08777213, -23.78905297], [-46.08782184, -23.78905877], [-46.08787255, -23.78906012], [-46.0881332, -23.78905174], [-46.0883669, -23.78903487], [-46.08844485, -23.78903166], [-46.08882085, -23.78902634], [-46.08898389, -23.78901706], [-46.0891213, -23.78901695], [-46.08920262, -23.78902333], [-46.08936681, -23.78901125], [-46.0894176, -23.78901676], [-46.08947278, -23.7890137], [-46.08963078, -23.78902293], [-46.08973773, -23.7890261], [-46.08986428, -23.78903659], [-46.08995131, -23.789051], [-46.08998863, -23.78905432], [-46.09003879, -23.78906688], [-46.09011439, -23.78907596], [-46.09016428, -23.78909078], [-46.09021472, -23.78910176], [-46.09031304, -23.78913408], [-46.0904067, -23.78917374], [-46.09051787, -23.78923446], [-46.09058333, -23.78927504], [-46.09064577, -23.78931908], [-46.09068422, -23.78935101], [-46.09073888, -23.78940255], [-46.09078652, -23.78946051], [-46.09082381, -23.78952464], [-46.09084322, -23.7895805], [-46.09084845, -23.78963732], [-46.09084584, -23.78967138], [-46.09083931, -23.78970584], [-46.09081623, -23.78977451], [-46.09079254, -23.78981699], [-46.09078335, -23.78983981], [-46.09076875, -23.78985974], [-46.09075731, -23.7898824], [-46.09072612, -23.78992028], [-46.09071252, -23.78994268], [-46.09068097, -23.78997831], [-46.09064932, -23.7900203], [-46.0905049, -23.79016799], [-46.09043103, -23.79023688], [-46.09032505, -23.79035707], [-46.09029626, -23.79040013], [-46.09026017, -23.79043881], [-46.09021046, -23.79052704], [-46.0901602, -23.79058429], [-46.09013674, -23.79062591], [-46.09008495, -23.79070032], [-46.09002955, -23.79078915], [-46.08999686, -23.79082925], [-46.08996994, -23.79087243], [-46.08995048, -23.79089262], [-46.08990579, -23.7909539], [-46.08972134, -23.79113822], [-46.08962113, -23.79121479], [-46.08950195, -23.79129143], [-46.0894623, -23.79131223], [-46.08940935, -23.79134669], [-46.08936048, -23.79137213], [-46.08926033, -23.79141369], [-46.08917986, -23.79143913], [-46.08912875, -23.79144785], [-46.08901557, -23.79145759], [-46.08896195, -23.79147178], [-46.08885988, -23.79150541], [-46.08864558, -23.79160944], [-46.08852587, -23.79165382], [-46.08833131, -23.79171507], [-46.08823232, -23.79174313], [-46.08813207, -23.79176503], [-46.08793602, -23.79179724], [-46.08786282, -23.79181225], [-46.08778713, -23.79183306], [-46.08772532, -23.79185454], [-46.08763918, -23.79189886], [-46.08758991, -23.79193461], [-46.08752211, -23.79200882], [-46.08748628, -23.79206585], [-46.08733263, -23.79233783], [-46.08731088, -23.79235446], [-46.0872897, -23.79239272], [-46.08725607, -23.79247908], [-46.0872171, -23.79264323], [-46.08716703, -23.79273069], [-46.08715142, -23.79283001], [-46.08711127, -23.79291817], [-46.08709836, -23.79301218], [-46.08706207, -23.79310379], [-46.08704716, -23.79319322], [-46.08697658, -23.79348563], [-46.08686123, -23.79390313], [-46.08684608, -23.79401613], [-46.08682321, -23.7941165], [-46.08682098, -23.79421401], [-46.08679506, -23.79431304], [-46.08676545, -23.79451795], [-46.08672292, -23.79466135], [-46.08672643, -23.79475918], [-46.08670167, -23.79486769], [-46.0866454, -23.79494182], [-46.08660601, -23.79502646], [-46.08657358, -23.79511596], [-46.08655874, -23.79520751], [-46.08653503, -23.79529523], [-46.08649528, -23.79538371], [-46.08646936, -23.79548341], [-46.08641394, -23.79561824], [-46.0863525, -23.79571089], [-46.08623904, -23.79578348], [-46.08613544, -23.79579482], [-46.08597804, -23.79577556], [-46.08588686, -23.79574143], [-46.08582318, -23.79568773], [-46.085725, -23.79559284], [-46.08565606, -23.79549717], [-46.08556313, -23.7954348], [-46.08547057, -23.79534614], [-46.08537166, -23.79526079], [-46.08520213, -23.79517237], [-46.08501963, -23.79508703], [-46.08483751, -23.79504649], [-46.08465876, -23.79502087], [-46.08450258, -23.79497716], [-46.08435629, -23.79495131], [-46.08430016, -23.79497061], [-46.08427566, -23.7950146], [-46.0842827, -23.79508026], [-46.08435156, -23.79516341], [-46.08436916, -23.79521891], [-46.08436778, -23.79530303], [-46.08433799, -23.79537809], [-46.08433272, -23.79544425], [-46.08433801, -23.79550324], [-46.08435021, -23.79558195], [-46.08437509, -23.79567051], [-46.08441242, -23.7958437], [-46.08441892, -23.79590737], [-46.08442882, -23.79595927], [-46.08442663, -23.79605606], [-46.08445118, -23.79614711], [-46.08449135, -23.79623845], [-46.08450706, -23.79632775], [-46.08453126, -23.7964234], [-46.08454322, -23.79661095], [-46.08454137, -23.79671302], [-46.08455009, -23.79680974], [-46.08456031, -23.79691388], [-46.08458498, -23.79700831], [-46.08460147, -23.7972016], [-46.08459742, -23.79725482], [-46.08459736, -23.79750715], [-46.08457138, -23.7977208], [-46.08455536, -23.79781272], [-46.08454856, -23.79790954], [-46.08451082, -23.79810497], [-46.0844308, -23.79840904], [-46.08438909, -23.79873541], [-46.08438626, -23.79883211], [-46.08436413, -23.79903358], [-46.08432098, -23.79922138], [-46.0843039, -23.79932703], [-46.08428103, -23.79942175], [-46.08426693, -23.79951541], [-46.08425596, -23.79970163], [-46.08426084, -23.79980428], [-46.08426172, -23.79991021], [-46.08426925, -23.80000196], [-46.08427236, -23.80009871], [-46.08428071, -23.80019491], [-46.08429849, -23.80028991], [-46.08432125, -23.80038579], [-46.08435438, -23.80046563], [-46.08439956, -23.80055237], [-46.08448167, -23.8006119], [-46.08456683, -23.80066084], [-46.08467024, -23.80069068], [-46.08477159, -23.80069132], [-46.08487174, -23.80067685], [-46.08497167, -23.80064787], [-46.08508705, -23.80058877], [-46.08524232, -23.80046185], [-46.0853616, -23.80033667], [-46.08542055, -23.80026075], [-46.08553929, -23.80013374], [-46.0856037, -23.80005241], [-46.08567038, -23.79998593], [-46.08579178, -23.79982996], [-46.08592963, -23.79969428], [-46.08601142, -23.79962037], [-46.08608372, -23.79954409], [-46.08615379, -23.79946078], [-46.0862475, -23.79929254], [-46.08629103, -23.799197], [-46.0863392, -23.79911199], [-46.08638395, -23.79902276], [-46.08643099, -23.79883611], [-46.08647671, -23.79856072], [-46.08650415, -23.79841541], [-46.08652458, -23.79832721], [-46.0865579, -23.79822198], [-46.0865988, -23.79813594], [-46.0866644, -23.7979648], [-46.08669127, -23.79787202], [-46.08675233, -23.79770378], [-46.08680051, -23.79759457], [-46.08688204, -23.79745546], [-46.08691277, -23.79738358], [-46.08695919, -23.79730984], [-46.08700878, -23.79721862], [-46.08705854, -23.79714304], [-46.08710321, -23.7970683], [-46.08716313, -23.79696181], [-46.08722141, -23.79689501], [-46.0872845, -23.79680958], [-46.08741492, -23.79666516], [-46.08748233, -23.79659771], [-46.08761581, -23.79643773], [-46.08768311, -23.79635191], [-46.08775727, -23.79627245], [-46.08795058, -23.79605135], [-46.08801778, -23.79598088], [-46.08808542, -23.79591768], [-46.08817333, -23.79584459], [-46.08825649, -23.79579998], [-46.08836073, -23.7957534], [-46.08845928, -23.79572485], [-46.08855931, -23.79569136], [-46.08865052, -23.79565337], [-46.08874674, -23.79562203], [-46.08884412, -23.79559452], [-46.08894046, -23.79557722], [-46.08908668, -23.79554399], [-46.08919293, -23.79552739], [-46.08924404, -23.79552956], [-46.08929248, -23.79554737], [-46.08935518, -23.79558911], [-46.08940816, -23.79565416], [-46.0894667, -23.79573557], [-46.08962929, -23.7959841], [-46.08967727, -23.79606475], [-46.08973869, -23.79614413], [-46.08987169, -23.7962914], [-46.08994773, -23.79635869], [-46.09002943, -23.79641009], [-46.09012226, -23.79646037], [-46.09021692, -23.79650047], [-46.09030441, -23.79652928], [-46.09042804, -23.79656126], [-46.09062641, -23.79655376], [-46.09072724, -23.79652798], [-46.09081366, -23.79648087], [-46.09089114, -23.79642955], [-46.09095297, -23.79634291], [-46.0909711, -23.79625188], [-46.0909779, -23.79607197], [-46.0909685, -23.79597498], [-46.09094255, -23.79587642], [-46.09088238, -23.79575596], [-46.09082539, -23.79567174], [-46.09079213, -23.79561237], [-46.09072868, -23.79553628], [-46.09067168, -23.79545065], [-46.09061848, -23.79536288], [-46.0905557, -23.79527337], [-46.09045432, -23.79510945], [-46.09041684, -23.79502337], [-46.09033381, -23.79485304], [-46.09031537, -23.79476055], [-46.0903051, -23.79461721], [-46.09030502, -23.79451971], [-46.09031228, -23.79443111], [-46.09032017, -23.79439502], [-46.09034769, -23.79433449], [-46.09036526, -23.79431061], [-46.09039789, -23.79428094], [-46.09046229, -23.79423018], [-46.09066935, -23.7941259], [-46.09071755, -23.79411987], [-46.09075225, -23.79412143], [-46.09086207, -23.79414919], [-46.09098323, -23.7942134], [-46.09106307, -23.79427082], [-46.09114706, -23.7943208], [-46.09144579, -23.79457509], [-46.09153438, -23.79462297], [-46.09162442, -23.79466238], [-46.09171031, -23.79471059], [-46.09180425, -23.79475206], [-46.091899, -23.79480977], [-46.09197846, -23.79486896], [-46.09206512, -23.79492068], [-46.09230999, -23.79509497], [-46.09240473, -23.79515616], [-46.09259028, -23.79524972], [-46.0926785, -23.79530076], [-46.09276974, -23.79534333], [-46.09285183, -23.79539436], [-46.09314297, -23.79553246], [-46.0936076, -23.79579917], [-46.09370917, -23.79584979], [-46.09388463, -23.79592423], [-46.09408435, -23.79601336], [-46.0943596, -23.79614037], [-46.09444817, -23.7961868], [-46.09453787, -23.79622653], [-46.09462833, -23.79627403], [-46.09480215, -23.79635406], [-46.09490595, -23.79640699], [-46.09507081, -23.79650381], [-46.09516089, -23.79655164], [-46.09534308, -23.79665618], [-46.09553706, -23.79674756], [-46.09562953, -23.79680104], [-46.0957192, -23.79684294], [-46.09597941, -23.79699686], [-46.09607279, -23.7970477], [-46.09616677, -23.7971061], [-46.09624371, -23.79715926], [-46.0963478, -23.79721021], [-46.09653345, -23.79731438], [-46.09671327, -23.79740982], [-46.09680986, -23.79745579], [-46.09690234, -23.79750405], [-46.09700012, -23.79755115], [-46.09708129, -23.79758346], [-46.09725835, -23.79767075], [-46.09803015, -23.7979773], [-46.09811987, -23.79801848], [-46.09832021, -23.7980898], [-46.09859653, -23.79820375], [-46.09882089, -23.79828195], [-46.09896839, -23.79831775], [-46.0991277, -23.79834648], [-46.09926603, -23.79835502], [-46.09934851, -23.79835387], [-46.09945425, -23.79832224], [-46.09955457, -23.79828568], [-46.09964618, -23.79823886], [-46.09979522, -23.79812671], [-46.09985232, -23.79804561], [-46.09990729, -23.7979336], [-46.09993284, -23.79787172], [-46.0999528, -23.79777506], [-46.09995119, -23.79758391], [-46.09994163, -23.79748177], [-46.09992437, -23.79738467], [-46.09990405, -23.79729608], [-46.09984325, -23.79710079], [-46.09979992, -23.79700264], [-46.09974426, -23.79691033], [-46.0997056, -23.79682569], [-46.0996453, -23.79672286], [-46.09960391, -23.79662534], [-46.09955612, -23.79654129], [-46.09951446, -23.79645447], [-46.09946702, -23.79636868], [-46.09937663, -23.79618297], [-46.09929851, -23.79600308], [-46.09924018, -23.79580765], [-46.09914782, -23.79553285], [-46.09908482, -23.79523711], [-46.09905414, -23.79513801], [-46.09897891, -23.79476354], [-46.09896845, -23.79466645], [-46.09898297, -23.7945696], [-46.09899017, -23.79447526], [-46.09901529, -23.79437488], [-46.09905488, -23.79418047], [-46.09911715, -23.79399895], [-46.09914539, -23.79390274], [-46.09916599, -23.79381359], [-46.09919496, -23.79372235], [-46.0992427, -23.79361271], [-46.09930451, -23.79349226], [-46.09935803, -23.79341425], [-46.0994442, -23.79330147], [-46.09951529, -23.79323203], [-46.09958921, -23.79315413], [-46.09972742, -23.79299853], [-46.09980736, -23.79291721], [-46.09986779, -23.79283148], [-46.0999328, -23.79276048], [-46.1001532, -23.79249271], [-46.10022282, -23.79241463], [-46.10034206, -23.79229704], [-46.10058606, -23.79202364], [-46.10064225, -23.79195434], [-46.10073151, -23.79186645], [-46.10075985, -23.79177831], [-46.10075655, -23.79163305], [-46.10072797, -23.79144591], [-46.10074284, -23.79136838], [-46.10078278, -23.7912945], [-46.10089259, -23.79125931], [-46.10103211, -23.79129846], [-46.10122888, -23.79147484], [-46.10163334, -23.791644], [-46.10210275, -23.79176238], [-46.10227533, -23.79181003], [-46.10241903, -23.79185297], [-46.10250878, -23.79190203], [-46.10256775, -23.79199719], [-46.10260745, -23.79227028], [-46.10260896, -23.79240311], [-46.10259037, -23.79258582], [-46.10253112, -23.79287299], [-46.10250587, -23.79314151], [-46.10250355, -23.79322988], [-46.10251627, -23.79348817], [-46.10255763, -23.79370616], [-46.102598, -23.79394161], [-46.10265175, -23.79415628], [-46.10276498, -23.79449599], [-46.10291672, -23.79478165], [-46.10317252, -23.79509047], [-46.10352596, -23.79542845], [-46.10393143, -23.79577801], [-46.10436197, -23.79601986], [-46.10479321, -23.7961644], [-46.10515016, -23.79623229], [-46.10551988, -23.79624907], [-46.10586992, -23.79622412], [-46.10623269, -23.79624001], [-46.1065104, -23.79631727], [-46.10675927, -23.79640293], [-46.10721301, -23.79667659], [-46.10734741, -23.79677289], [-46.10752226, -23.79686999], [-46.10769246, -23.79695208], [-46.10788716, -23.79702967], [-46.1080921, -23.79709814], [-46.10819249, -23.79713644], [-46.10827982, -23.79716214], [-46.10838053, -23.79718602], [-46.10848596, -23.79721611], [-46.10859654, -23.79724221], [-46.10868647, -23.79725617], [-46.10889017, -23.79730641], [-46.10930227, -23.79739545], [-46.10950359, -23.79740296], [-46.10970425, -23.79739891], [-46.10990338, -23.7973912], [-46.11000655, -23.79737844], [-46.11020528, -23.7973315], [-46.1103038, -23.79731146], [-46.11058927, -23.79723521], [-46.11077482, -23.79716551], [-46.11087109, -23.79712131], [-46.11103988, -23.79701495], [-46.11111652, -23.7969702], [-46.1111972, -23.79690404], [-46.11132689, -23.79678651], [-46.11139351, -23.79671431], [-46.11153724, -23.79653401], [-46.11165891, -23.79637287], [-46.11181059, -23.79611249], [-46.11186138, -23.79601445], [-46.11190406, -23.79591994], [-46.11196155, -23.79574983], [-46.11199112, -23.7956416], [-46.11200685, -23.79554797], [-46.11200121, -23.79526724], [-46.11198845, -23.79517388], [-46.11196694, -23.79507438], [-46.11193544, -23.79497702], [-46.1118988, -23.79475931], [-46.11182193, -23.79444607], [-46.11180002, -23.79433988], [-46.11178803, -23.79423999], [-46.11175996, -23.79413597], [-46.11174348, -23.79404524], [-46.1116959, -23.79385678], [-46.11166167, -23.79366935], [-46.11165899, -23.79357056], [-46.11167214, -23.79338321], [-46.11168413, -23.79328121], [-46.11170092, -23.79318347], [-46.11173141, -23.79308657], [-46.11175887, -23.79297603], [-46.11180322, -23.79287898], [-46.11184099, -23.79280935], [-46.11192323, -23.79263687], [-46.11198471, -23.79254289], [-46.1120458, -23.79246378], [-46.11212892, -23.79236718], [-46.11223048, -23.79228426], [-46.11235275, -23.79222022], [-46.11246425, -23.79218939], [-46.11259909, -23.79217783], [-46.112729, -23.79218645], [-46.1128148, -23.79219778], [-46.11292682, -23.79223998], [-46.11302854, -23.79229182], [-46.11312658, -23.79235389], [-46.11318183, -23.79239364], [-46.11326357, -23.79245419], [-46.11334804, -23.79252493], [-46.11351452, -23.79267262], [-46.11365703, -23.79282065], [-46.11376673, -23.7929733], [-46.11382149, -23.79305825], [-46.11392753, -23.79323621], [-46.11403211, -23.7934508], [-46.11408529, -23.79357517], [-46.11421636, -23.79393921], [-46.11437142, -23.79444601], [-46.1144236, -23.79463164], [-46.11447617, -23.79483379], [-46.11454329, -23.79512446], [-46.1145873, -23.79541328], [-46.1146159, -23.79572132], [-46.11462028, -23.79582633], [-46.11465286, -23.79622804], [-46.11465561, -23.79641879], [-46.11466153, -23.79650781], [-46.11468197, -23.79669457], [-46.11468453, -23.79690291], [-46.11470162, -23.79700426], [-46.11468775, -23.79714242], [-46.11469064, -23.79728615], [-46.11468387, -23.79738997], [-46.11466993, -23.79749247], [-46.11466152, -23.79759948], [-46.11465612, -23.79771795], [-46.11465573, -23.79781276], [-46.11464823, -23.79792295], [-46.1146385, -23.79804792], [-46.11461305, -23.7982342], [-46.11460399, -23.79833456], [-46.11459389, -23.79853693], [-46.11461356, -23.79904986], [-46.11460988, -23.79914007], [-46.11461039, -23.79925128], [-46.11460477, -23.7993583], [-46.11460412, -23.79958057], [-46.11461645, -23.79978369], [-46.11461809, -23.79987764], [-46.1146741, -23.80029595], [-46.11470031, -23.80042377], [-46.11475051, -23.80063109], [-46.11477791, -23.80073803], [-46.11481392, -23.80084534], [-46.11487786, -23.80096239], [-46.11495444, -23.80107582], [-46.11500473, -23.8011747], [-46.11505036, -23.80125501], [-46.11510949, -23.8013373], [-46.11518217, -23.80142775], [-46.11524898, -23.80149914], [-46.11532467, -23.80157026], [-46.11538765, -23.80162295], [-46.11547704, -23.80168647], [-46.11558717, -23.80174945], [-46.11569093, -23.80179419], [-46.11578118, -23.80183696], [-46.11587066, -23.80186877], [-46.11596817, -23.80189143], [-46.11617924, -23.80191219], [-46.11638371, -23.80189653], [-46.11648935, -23.80187612], [-46.11659026, -23.80184261], [-46.11679207, -23.80179175], [-46.11689083, -23.8017811], [-46.11699247, -23.80175833], [-46.11708641, -23.80173055], [-46.11729079, -23.80169814], [-46.11759257, -23.80166443], [-46.11768791, -23.80161588], [-46.11771826, -23.80161233], [-46.11782321, -23.80158655], [-46.11789273, -23.8015784], [-46.11799661, -23.8015818], [-46.118103, -23.80156943], [-46.11820179, -23.80156948], [-46.11830573, -23.80157356], [-46.11840746, -23.80157359], [-46.11851357, -23.80158573], [-46.11862083, -23.8016116], [-46.11891679, -23.80169426], [-46.11902621, -23.80171947], [-46.11912873, -23.8017363], [-46.11922945, -23.80176686], [-46.11934008, -23.80179319], [-46.11942743, -23.80181776], [-46.11951772, -23.80185124], [-46.11968653, -23.80193529], [-46.11978657, -23.80199411], [-46.11996289, -23.80208454], [-46.12004654, -23.80213225], [-46.12022667, -23.80224578], [-46.12046204, -23.80240163], [-46.12070129, -23.80256715], [-46.12076658, -23.8026219], [-46.1208248, -23.80268032], [-46.12101036, -23.80285266], [-46.12107429, -23.80291702], [-46.12122764, -23.80308504], [-46.12131275, -23.80318633], [-46.12156617, -23.80345004], [-46.12163812, -23.80352024], [-46.12170182, -23.80359315], [-46.12186967, -23.8037306], [-46.12193799, -23.80379979], [-46.12199391, -23.80384739], [-46.12206369, -23.80389361], [-46.12215883, -23.80399845], [-46.12227926, -23.80414601], [-46.12240771, -23.80428953], [-46.12247867, -23.80436135], [-46.12254563, -23.80443908], [-46.1226598, -23.80454581], [-46.12272388, -23.80461777], [-46.12275965, -23.80464953], [-46.12289685, -23.80479439], [-46.12298091, -23.80486792], [-46.12304388, -23.80494825], [-46.12312109, -23.80502283], [-46.12317164, -23.80510252], [-46.12321259, -23.80515358], [-46.12328617, -23.8052606], [-46.12333639, -23.80535271], [-46.1233904, -23.80544173], [-46.1234301, -23.80553758], [-46.12345776, -23.80563176], [-46.12349451, -23.80572221], [-46.12350065, -23.80581478], [-46.12350636, -23.80599925], [-46.12350227, -23.80618478], [-46.12343579, -23.80646704], [-46.12336999, -23.80664634], [-46.12328675, -23.80682771], [-46.1231192, -23.80710859], [-46.12306954, -23.80718404], [-46.12301481, -23.80728], [-46.12290053, -23.80744299], [-46.12280216, -23.80759467], [-46.12262564, -23.8078566], [-46.12256196, -23.80793806], [-46.12230703, -23.80823394], [-46.12222416, -23.8083393], [-46.1220941, -23.80847888], [-46.12203898, -23.80853324], [-46.12189065, -23.80866984], [-46.1218143, -23.80873447], [-46.1217413, -23.8088068], [-46.1215159, -23.80901539], [-46.12142681, -23.80908305], [-46.12135451, -23.80915136], [-46.12125924, -23.80921875], [-46.12118978, -23.80928636], [-46.12110045, -23.8093621], [-46.12095269, -23.8094715], [-46.12071528, -23.80965372], [-46.12055201, -23.80977055], [-46.12038555, -23.80985555], [-46.12016212, -23.8100538], [-46.12004886, -23.8102311], [-46.12000308, -23.81034164], [-46.11996547, -23.810415], [-46.11985298, -23.81056271], [-46.11976039, -23.81071471], [-46.1196453, -23.81091577], [-46.11946865, -23.81119755], [-46.11935666, -23.81142564], [-46.11924164, -23.81175536], [-46.11915436, -23.8119881], [-46.11910528, -23.81219469], [-46.11903061, -23.81259552], [-46.11901914, -23.81272025], [-46.11902358, -23.81284221], [-46.11910606, -23.81334792], [-46.11915458, -23.81355082], [-46.11919191, -23.81366054], [-46.11924816, -23.81385621], [-46.11927749, -23.81394208], [-46.11930514, -23.8140089], [-46.11935428, -23.81410113], [-46.11943541, -23.81421526], [-46.11952164, -23.81430148], [-46.11972713, -23.81446445], [-46.1199855, -23.8146478], [-46.12031886, -23.81483647], [-46.12041707, -23.81488725], [-46.12063392, -23.81495589], [-46.12072977, -23.81498097], [-46.1208422, -23.81500637], [-46.12095879, -23.81501197], [-46.12105053, -23.81500719], [-46.12114846, -23.81499431], [-46.12126003, -23.8149625], [-46.12138968, -23.81490809], [-46.12153183, -23.81483584], [-46.12164583, -23.81476949], [-46.12171951, -23.81471364], [-46.12182733, -23.81460755], [-46.12195027, -23.8144598], [-46.12209502, -23.81416839], [-46.12217601, -23.81402714], [-46.12233109, -23.81380163], [-46.1224143, -23.81371161], [-46.12266446, -23.81346581], [-46.12279258, -23.81337041], [-46.12299436, -23.81326278], [-46.12322894, -23.81318972], [-46.12356461, -23.81313273], [-46.12386482, -23.81310164], [-46.12416124, -23.81308607], [-46.12444205, -23.81309355], [-46.12466049, -23.81309588], [-46.12505467, -23.81310805], [-46.12528403, -23.81312548], [-46.12594251, -23.81318917], [-46.12602571, -23.81319958], [-46.12615098, -23.81320115], [-46.12622494, -23.81320626], [-46.12639558, -23.81320388], [-46.12648382, -23.81319705], [-46.12673349, -23.81318553], [-46.12687887, -23.81317357], [-46.12703108, -23.8131684], [-46.12716111, -23.81315272], [-46.1272397, -23.81314872], [-46.12730287, -23.81314074], [-46.12741774, -23.81313159], [-46.12770435, -23.81309696], [-46.12792697, -23.81306679], [-46.12829265, -23.81301201], [-46.12863559, -23.81295522], [-46.12894431, -23.81289818], [-46.12906212, -23.81287208], [-46.12920556, -23.81283513], [-46.1294157, -23.81276906], [-46.12953823, -23.81272454], [-46.12971924, -23.81265178], [-46.1297968, -23.8126136], [-46.12986975, -23.81258186], [-46.13003789, -23.81249274], [-46.13018614, -23.81240248], [-46.13026797, -23.81234051], [-46.13036031, -23.81226189], [-46.13044482, -23.81217222], [-46.13054433, -23.81204276], [-46.13059825, -23.81196124], [-46.13065048, -23.81186551], [-46.13068377, -23.81177743], [-46.13069517, -23.81173319], [-46.13070565, -23.81167987], [-46.13071352, -23.81158489], [-46.13071235, -23.81151211], [-46.13070747, -23.81144739], [-46.1306996, -23.81139502], [-46.13067992, -23.81130381], [-46.13065295, -23.81121072], [-46.13060902, -23.81110148], [-46.13046933, -23.81080719], [-46.13036044, -23.81061119], [-46.13024785, -23.81045377], [-46.13021221, -23.81041151], [-46.13018309, -23.81035014], [-46.13014029, -23.81027395], [-46.13008015, -23.81018697], [-46.13006751, -23.81014403], [-46.1300455, -23.81010784], [-46.1300387, -23.81008233], [-46.13000231, -23.81001147], [-46.1299922, -23.80996657], [-46.12997297, -23.80991591], [-46.12995983, -23.80986706], [-46.1299454, -23.80977559], [-46.12994031, -23.80969303], [-46.12994603, -23.80957617], [-46.12995545, -23.80951419], [-46.12997475, -23.80943024], [-46.1300085, -23.80933692], [-46.13004026, -23.80927537], [-46.13004714, -23.80925414], [-46.13009139, -23.80918924], [-46.13010054, -23.80916885], [-46.13023292, -23.80899826], [-46.13030603, -23.80891226], [-46.13037329, -23.80884669], [-46.13042793, -23.80880335], [-46.13059518, -23.80874446], [-46.13064228, -23.80874249], [-46.13066536, -23.80872751], [-46.13076134, -23.80873046], [-46.13077644, -23.80872236], [-46.13080561, -23.80872485], [-46.13081319, -23.80872146], [-46.13085756, -23.80872714], [-46.13086925, -23.80872299], [-46.1309374, -23.80873707], [-46.13094964, -23.80873418], [-46.13101982, -23.80875607], [-46.13102849, -23.80875504], [-46.13107522, -23.80877312], [-46.13108657, -23.80877251], [-46.13111726, -23.80878565], [-46.13113597, -23.80878696], [-46.13119486, -23.80881502], [-46.13121743, -23.80881955], [-46.13131041, -23.80886809], [-46.13132967, -23.80887522], [-46.13136802, -23.80890005], [-46.13138827, -23.80890952], [-46.13147768, -23.8089705], [-46.13152344, -23.80900647], [-46.13159914, -23.80907094], [-46.13165898, -23.8091279], [-46.1317083, -23.80917843], [-46.13178329, -23.80926281], [-46.13185569, -23.8093549], [-46.13189898, -23.80941654], [-46.13195472, -23.80950545], [-46.13199187, -23.80957282], [-46.13205298, -23.80970441], [-46.13212185, -23.80988629], [-46.13216906, -23.8100332], [-46.13223859, -23.81027356], [-46.13227975, -23.81044164], [-46.13237269, -23.81089785], [-46.13243454, -23.81113631], [-46.13250755, -23.81146912], [-46.13254991, -23.81171746], [-46.13257878, -23.81182575], [-46.13261564, -23.81199491], [-46.13263448, -23.8120565], [-46.1326518, -23.81214059], [-46.13267772, -23.81222051], [-46.13270549, -23.81232658], [-46.13272909, -23.81243363], [-46.13278971, -23.81263738], [-46.13287127, -23.81294774], [-46.13293645, -23.81316207], [-46.13304659, -23.81349375], [-46.13323782, -23.81401151], [-46.13335713, -23.81429832], [-46.13342594, -23.81448427], [-46.1335497, -23.81479805], [-46.13361196, -23.81494806], [-46.13372055, -23.81519255], [-46.13379959, -23.81535842], [-46.13384556, -23.81544717], [-46.13390126, -23.81554791], [-46.13396023, -23.81564574], [-46.13407337, -23.81581005], [-46.13424895, -23.81602684], [-46.13430482, -23.81610118], [-46.1343875, -23.81620093], [-46.13465328, -23.81647035], [-46.13472634, -23.81653592], [-46.13480126, -23.81659457], [-46.13486823, -23.81665278], [-46.1351491, -23.81686559], [-46.13530197, -23.816972], [-46.13550171, -23.81709239], [-46.13561914, -23.81715604], [-46.13574795, -23.81718377], [-46.13588954, -23.81718781], [-46.1359765, -23.81718239], [-46.13630332, -23.81713099], [-46.13647359, -23.81708669], [-46.13674961, -23.81700514], [-46.13699469, -23.81692765], [-46.13720476, -23.81685278], [-46.13739564, -23.81677781], [-46.13755961, -23.81670461], [-46.13793843, -23.81654628], [-46.13832409, -23.81640171], [-46.13893344, -23.81614794], [-46.13903042, -23.81611323], [-46.13920879, -23.81602886], [-46.13937933, -23.81595829], [-46.13956306, -23.81587059], [-46.13966846, -23.81581626], [-46.13988039, -23.81571359], [-46.14008885, -23.81560241], [-46.14025738, -23.81552132], [-46.14045155, -23.81541503], [-46.14065628, -23.81532], [-46.14073324, -23.81527518], [-46.14079536, -23.81523358], [-46.1409705, -23.81514535], [-46.14106267, -23.81509368], [-46.14112544, -23.81504842], [-46.14139108, -23.81492989], [-46.14147933, -23.81489623], [-46.14154692, -23.81487539], [-46.1417539, -23.8147961], [-46.14196479, -23.81472382], [-46.14205444, -23.81469643], [-46.14223866, -23.81464729], [-46.14253232, -23.81455787], [-46.14267795, -23.81451872], [-46.14283612, -23.81448865], [-46.14293055, -23.81446533], [-46.14300101, -23.81445185], [-46.14317554, -23.81441185], [-46.14343322, -23.81436209], [-46.14351649, -23.81434346], [-46.1436716, -23.81431734], [-46.14373047, -23.81431214], [-46.14392798, -23.8143067], [-46.14412039, -23.81430826], [-46.14421561, -23.81431383], [-46.14433721, -23.81432769], [-46.14452549, -23.8143663], [-46.14459975, -23.81438323], [-46.14466609, -23.81440464], [-46.14472129, -23.81442843], [-46.14482695, -23.81448423], [-46.14496057, -23.81457057], [-46.14500735, -23.81460447], [-46.14518321, -23.81476661], [-46.14522525, -23.8148143], [-46.14527948, -23.81490317], [-46.14531588, -23.81498969], [-46.14535533, -23.81511692], [-46.14537052, -23.81518808], [-46.14539418, -23.8152773], [-46.14542365, -23.81544928], [-46.14541728, -23.8154731], [-46.14542859, -23.81555719], [-46.1454337, -23.81562187], [-46.14543561, -23.81575312], [-46.14542268, -23.81600162], [-46.14541923, -23.81614023], [-46.14539413, -23.81641262], [-46.1453847, -23.81658537], [-46.1453746, -23.81668634], [-46.14537112, -23.81682204], [-46.14534276, -23.81715799], [-46.145338, -23.81727629], [-46.14532378, -23.8174228], [-46.14529554, -23.81765023], [-46.14525659, -23.8178992], [-46.14521136, -23.8181203], [-46.1451707, -23.81828529], [-46.14507656, -23.81862688], [-46.14500613, -23.81886858], [-46.14497881, -23.81895809], [-46.14491405, -23.81914986], [-46.14479884, -23.81951662], [-46.14469437, -23.81989678], [-46.14467362, -23.81999748], [-46.14462893, -23.82017338], [-46.14460588, -23.82027628], [-46.14458284, -23.82040348], [-46.14456162, -23.82054705], [-46.14454705, -23.82071035], [-46.14453814, -23.82086737], [-46.14453582, -23.82114236], [-46.14454862, -23.82133138], [-46.14457576, -23.82155052], [-46.14461099, -23.82172778], [-46.14465215, -23.82189213], [-46.14466681, -23.8219402], [-46.14469243, -23.82201299], [-46.14472938, -23.8221005], [-46.14476399, -23.82215091], [-46.14481265, -23.82221375], [-46.14486315, -23.82226473], [-46.1450271, -23.82239379], [-46.14507931, -23.82242788], [-46.14514632, -23.82246068], [-46.14523234, -23.82250768], [-46.14536481, -23.82256242], [-46.14548908, -23.8225997], [-46.14556735, -23.82261429], [-46.14574896, -23.82262514], [-46.14577814, -23.8226218], [-46.14582133, -23.82262112], [-46.14590856, -23.82261054], [-46.14597367, -23.82259723], [-46.14607678, -23.82256711], [-46.14622664, -23.82250747], [-46.14637252, -23.82243648], [-46.14641924, -23.82240909], [-46.1465598, -23.82231809], [-46.14671069, -23.8222067], [-46.14683394, -23.82210576], [-46.14688886, -23.822049], [-46.14713636, -23.82181004], [-46.14734919, -23.82158771], [-46.1474557, -23.82146931], [-46.147504, -23.8214195], [-46.14765653, -23.82127685], [-46.14775221, -23.82119343], [-46.1478166, -23.82113142], [-46.14795631, -23.82099537], [-46.14807837, -23.82087055], [-46.14811263, -23.82083142], [-46.14818661, -23.82076525], [-46.1483872, -23.82056227], [-46.14843573, -23.82050497], [-46.14849653, -23.8204412], [-46.14856908, -23.82035338], [-46.14861925, -23.82029786], [-46.14866235, -23.82024232], [-46.14872057, -23.82017591], [-46.14880491, -23.8200721], [-46.1488548, -23.82000711], [-46.14889371, -23.81994961], [-46.1489357, -23.8198966], [-46.14899262, -23.81981056], [-46.14904996, -23.81973413], [-46.14914338, -23.81959589], [-46.14919601, -23.81951435], [-46.14924553, -23.81942426], [-46.14931306, -23.81931764], [-46.14936495, -23.81921176], [-46.14948123, -23.81902309], [-46.14957747, -23.8188286], [-46.14962001, -23.81875173], [-46.14976996, -23.81844502], [-46.14985304, -23.81829186], [-46.14997555, -23.81808584], [-46.15016492, -23.81783926], [-46.15047011, -23.81750755], [-46.15069326, -23.81731435], [-46.15108253, -23.81707394], [-46.15153104, -23.81694035], [-46.15190639, -23.81693386], [-46.15223179, -23.81698791], [-46.15248688, -23.81711077], [-46.15272546, -23.81734514], [-46.15298671, -23.81769561], [-46.15322666, -23.81799965], [-46.15323116, -23.81802057], [-46.15331562, -23.8181909], [-46.15340147, -23.81827488], [-46.15353396, -23.81837689], [-46.15358542, -23.81842912], [-46.15363945, -23.8184936], [-46.15368276, -23.81856833], [-46.15370272, -23.81858881], [-46.1538032, -23.81882288], [-46.15383, -23.81893954], [-46.15397329, -23.81929583], [-46.15402516, -23.8194502], [-46.15409694, -23.81963033], [-46.15414946, -23.81979656], [-46.15418927, -23.82001329], [-46.15422678, -23.82026958], [-46.15424146, -23.82039171], [-46.15424555, -23.82049884], [-46.15425225, -23.82055722], [-46.15425347, -23.820651], [-46.15426361, -23.8207593], [-46.15426596, -23.82084738], [-46.15427864, -23.8210663], [-46.15428886, -23.82118417], [-46.1542929, -23.82129084], [-46.1543077, -23.82143315], [-46.15431619, -23.82170457], [-46.15434429, -23.82189036], [-46.15434821, -23.82199467], [-46.15436496, -23.82209664], [-46.15437331, -23.82226083], [-46.15440134, -23.82242377], [-46.15440667, -23.82250479], [-46.1544228, -23.82259127], [-46.15443218, -23.82270848], [-46.15445743, -23.82282782], [-46.15447681, -23.82300373], [-46.15451755, -23.82318681], [-46.15453664, -23.82331992], [-46.15455004, -23.82337586], [-46.15457246, -23.82351234], [-46.15459693, -23.82360937], [-46.15460942, -23.82367936], [-46.15464133, -23.82380741], [-46.15466177, -23.82391437], [-46.15470102, -23.8240916], [-46.15473394, -23.8242014], [-46.15476465, -23.82434692], [-46.1548866, -23.82479315], [-46.15495791, -23.82499089], [-46.15497766, -23.82507645], [-46.15508976, -23.82544616], [-46.15513137, -23.82556136], [-46.15517005, -23.82565504], [-46.15522887, -23.82581793], [-46.1553505, -23.82611614], [-46.15558353, -23.82654476], [-46.15573047, -23.82671093], [-46.15594854, -23.82682171], [-46.1562409, -23.82686003], [-46.15702258, -23.82689131], [-46.15772534, -23.8270533], [-46.1589761, -23.82749791], [-46.15948433, -23.82769123], [-46.15984992, -23.82790951], [-46.1601632, -23.82808637], [-46.16040176, -23.82819885], [-46.1606695, -23.82830348], [-46.16092966, -23.82832336], [-46.16554222, -23.82704225]], [[-46.08572094, -23.76713823], [-46.08573999, -23.76709655], [-46.08572863, -23.76712321], [-46.08572094, -23.76713823]]], [[[-45.99216407, -23.79165746], [-45.99230525, -23.77108586], [-45.99758387, -23.77274854], [-45.9978441, -23.76912924], [-45.99869311, -23.76931369], [-46.00095865, -23.76986369], [-46.00319727, -23.77050035], [-46.00370652, -23.77065392], [-46.00390368, -23.77070584], [-46.00321695, -23.77402293], [-46.00824001, -23.77554346], [-46.01833172, -23.74425385], [-46.01842747, -23.74393703], [-46.01837381, -23.74383731], [-46.01832844, -23.74374404], [-46.01825014, -23.74356744], [-46.01822137, -23.7434887], [-46.01821287, -23.7434547], [-46.01820652, -23.74339486], [-46.01820967, -23.74333361], [-46.01822201, -23.74326805], [-46.01824577, -23.74319419], [-46.01840809, -23.742796], [-46.01857738, -23.7423592], [-46.01861387, -23.7422831], [-46.01870138, -23.74212998], [-46.01880803, -23.74196734], [-46.01886621, -23.74189073], [-46.01892728, -23.74182132], [-46.01898933, -23.74176284], [-46.01902005, -23.74173906], [-46.01908264, -23.74170099], [-46.01915656, -23.7416679], [-46.01919853, -23.74165263], [-46.01929083, -23.74162438], [-46.01944497, -23.74158814], [-46.019493, -23.74158132], [-46.01953732, -23.74157814], [-46.01957774, -23.7415786], [-46.01965691, -23.74158936], [-46.0196979, -23.74159957], [-46.01978064, -23.74162865], [-46.01985087, -23.74166494], [-46.01993935, -23.74172559], [-46.02000536, -23.74176038], [-46.02008056, -23.74179168], [-46.02021256, -23.74183443], [-46.02030269, -23.74185497], [-46.02034709, -23.74186217], [-46.02042466, -23.74186997], [-46.02048067, -23.74186815], [-46.020503, -23.74186322], [-46.02054641, -23.7418437], [-46.02056749, -23.74182911], [-46.02061388, -23.7417896], [-46.02066939, -23.74173631], [-46.02069702, -23.74170533], [-46.02071972, -23.74167267], [-46.02073731, -23.74163814], [-46.02074998, -23.74160193], [-46.02080007, -23.74143289], [-46.02083245, -23.7413457], [-46.02086986, -23.74127356], [-46.02091388, -23.74120698], [-46.02096651, -23.74113627], [-46.02102376, -23.74106762], [-46.02108206, -23.74100708], [-46.02114209, -23.74095439], [-46.02126843, -23.74086342], [-46.02133363, -23.7408069], [-46.02136371, -23.74077699], [-46.02138841, -23.74074901], [-46.02142128, -23.74069849], [-46.02144332, -23.74064442], [-46.02149188, -23.74050502], [-46.02152359, -23.74044456], [-46.02156115, -23.74039175], [-46.02160463, -23.7403436], [-46.02165559, -23.74029864], [-46.02178057, -23.74020813], [-46.0219394, -23.74006845], [-46.02196402, -23.74004345], [-46.02198762, -23.74001159], [-46.0219929, -23.73999656], [-46.02198586, -23.73998713], [-46.0219664, -23.7399831], [-46.02193452, -23.73998449], [-46.02186133, -23.73999671], [-46.02182687, -23.74000579], [-46.02164124, -23.74006852], [-46.02159777, -23.74008046], [-46.02155584, -23.74008851], [-46.02151516, -23.74009257], [-46.02147601, -23.74009265], [-46.02139198, -23.74008706], [-46.02124509, -23.74007141], [-46.02116381, -23.74005325], [-46.02113203, -23.74004163], [-46.02107409, -23.74001031], [-46.02101646, -23.73996689], [-46.02099017, -23.73994223], [-46.02095232, -23.73989443], [-46.02094076, -23.73987111], [-46.02093331, -23.73984687], [-46.02092806, -23.73979082], [-46.0209361, -23.73972691], [-46.02094616, -23.7396965], [-46.02096046, -23.73966786], [-46.02107749, -23.73951454], [-46.02110834, -23.73946936], [-46.02111702, -23.73944989], [-46.02111608, -23.73944375], [-46.02111144, -23.7394399], [-46.02109162, -23.73943931], [-46.02105745, -23.7394482], [-46.02091196, -23.7394992], [-46.02069136, -23.73958176], [-46.0206241, -23.73960027], [-46.02054875, -23.73961197], [-46.02044823, -23.73961877], [-46.02033876, -23.73962031], [-46.02023649, -23.73961656], [-46.02018956, -23.73961217], [-46.02010899, -23.73959689], [-46.02004307, -23.73957231], [-46.0200086, -23.73955538], [-46.0199332, -23.73951153], [-46.01989128, -23.73948255], [-46.01984518, -23.73944591], [-46.01974053, -23.73934978], [-46.01964316, -23.73920583], [-46.01957663, -23.73909147], [-46.01953453, -23.73900107], [-46.0195204, -23.73896251], [-46.01949259, -23.73885694], [-46.01947721, -23.73884638], [-46.01941099, -23.73882243], [-46.0193431, -23.73881014], [-46.01930265, -23.73880626], [-46.01926143, -23.73880427], [-46.01918699, -23.73880747], [-46.01915397, -23.73881275], [-46.01908542, -23.73882945], [-46.01892626, -23.73887693], [-46.01888766, -23.73888459], [-46.01881297, -23.73889285], [-46.0187754, -23.738894], [-46.01869895, -23.73889107], [-46.01844465, -23.73887811], [-46.01835411, -23.73886796], [-46.01832001, -23.73886051], [-46.01824978, -23.7388374], [-46.01816021, -23.73880114], [-46.01806864, -23.73875848], [-46.01799198, -23.73871572], [-46.01792658, -23.73867118], [-46.0178066, -23.73857081], [-46.01772935, -23.73851578], [-46.01768816, -23.73849239], [-46.0176492, -23.73847864], [-46.01763064, -23.73847551], [-46.01759532, -23.73847647], [-46.01751015, -23.73849934], [-46.01743706, -23.73851237], [-46.0173462, -23.73852363], [-46.01731066, -23.73852115], [-46.01718897, -23.73850425], [-46.01711023, -23.738484], [-46.01686128, -23.73837734], [-46.01677994, -23.73835142], [-46.01674821, -23.73834594], [-46.01667665, -23.73834072], [-46.01646937, -23.73833142], [-46.01637293, -23.73831941], [-46.01632852, -23.73831103], [-46.01624545, -23.73828972], [-46.0162067, -23.73827679], [-46.01593857, -23.73817722], [-46.01590494, -23.73816741], [-46.01586771, -23.73816134], [-46.01584905, -23.73817058], [-46.01584137, -23.73818002], [-46.01582903, -23.73820883], [-46.01582082, -23.73825061], [-46.01579436, -23.73844352], [-46.0157775, -23.73853385], [-46.01575564, -23.73861212], [-46.01574131, -23.73864951], [-46.01570016, -23.73873315], [-46.01564493, -23.73882292], [-46.01561774, -23.73885905], [-46.01559177, -23.73888758], [-46.01556681, -23.73890851], [-46.01551456, -23.73893839], [-46.01545488, -23.73895983], [-46.01538279, -23.73897611], [-46.01529343, -23.73899069], [-46.01519942, -23.73900061], [-46.01515548, -23.73900262], [-46.01511349, -23.73900271], [-46.01503241, -23.73899737], [-46.01495265, -23.73898498], [-46.01491491, -23.73897629], [-46.01484969, -23.73895459], [-46.01482222, -23.73894149], [-46.01476464, -23.7389052], [-46.01465842, -23.73882055], [-46.0145979, -23.73875989], [-46.01452955, -23.7386749], [-46.0144864, -23.73862705], [-46.01446467, -23.73860786], [-46.0144421, -23.73859446], [-46.01441869, -23.73858685], [-46.01439454, -23.73858493], [-46.01436945, -23.73858862], [-46.01434352, -23.73859737], [-46.01431645, -23.73861127], [-46.01407015, -23.73879542], [-46.01391433, -23.7388947], [-46.01382053, -23.73894472], [-46.01374121, -23.73897685], [-46.01370138, -23.7389894], [-46.01361873, -23.73900918], [-46.01353954, -23.73902026], [-46.01350414, -23.73902194], [-46.01340008, -23.73901477], [-46.01317756, -23.73898823], [-46.01312733, -23.73897636], [-46.01299651, -23.73893296], [-46.01291077, -23.73889641], [-46.01283747, -23.73885633], [-46.01277099, -23.73881116], [-46.01271194, -23.73876124], [-46.01268859, -23.73873583], [-46.01266985, -23.73871022], [-46.01264208, -23.73865937], [-46.01262453, -23.73863564], [-46.01260326, -23.7386132], [-46.01257808, -23.73859205], [-46.01255087, -23.73857435], [-46.01252301, -23.73856234], [-46.01249461, -23.73855584], [-46.01246556, -23.73855495], [-46.01240499, -23.73856329], [-46.01237316, -23.73857091], [-46.0123077, -23.73859265], [-46.0122769, -23.73860685], [-46.01222076, -23.73864181], [-46.01202272, -23.73880026], [-46.01198573, -23.73882579], [-46.01194863, -23.73884915], [-46.01187653, -23.73888819], [-46.01180964, -23.73891608], [-46.01177733, -23.73892569], [-46.01171207, -23.73893578], [-46.01150466, -23.73893497], [-46.01140855, -23.73893975], [-46.01136974, -23.73894515], [-46.011276, -23.73896536], [-46.01113413, -23.73897713], [-46.01097505, -23.73899768], [-46.01092102, -23.73900191], [-46.01082017, -23.73900176], [-46.01072042, -23.73899347], [-46.01061377, -23.73898062], [-46.01051143, -23.73896447], [-46.01002962, -23.74110902], [-46.00999432, -23.74127962], [-46.00975642, -23.74163725], [-46.00960395, -23.74171411], [-46.00947346, -23.74171406], [-46.00933253, -23.74163279], [-46.00920982, -23.74149541], [-46.00911234, -23.74132264], [-46.00901833, -23.74096469], [-46.00903181, -23.74054825], [-46.00906223, -23.74042251], [-46.00905955, -23.74020215], [-46.00901484, -23.74000194], [-46.00892603, -23.73980834], [-46.00884862, -23.73969324], [-46.00856605, -23.73943678], [-46.00823492, -23.73924475], [-46.00779802, -23.7390769], [-46.00761423, -23.73903565], [-46.00741115, -23.73903698], [-46.00733707, -23.73909978], [-46.00731755, -23.7392408], [-46.00742867, -23.73952818], [-46.00754174, -23.73994291], [-46.0075282, -23.74009654], [-46.00743703, -23.74023351], [-46.00737554, -23.74027455], [-46.0072253, -23.74025747], [-46.00706051, -23.74013571], [-46.00684276, -23.73988786], [-46.00650971, -23.73944476], [-46.00644161, -23.73939282], [-46.00634717, -23.73936001], [-46.00617373, -23.73938824], [-46.00604925, -23.73953175], [-46.00597602, -23.73970563], [-46.00595295, -23.73989546], [-46.00596206, -23.74005887], [-46.00591765, -23.74028043], [-46.00586942, -23.74102676], [-46.00574846, -23.74124611], [-46.00562463, -23.74134627], [-46.00552094, -23.74138758], [-46.00515245, -23.74144056], [-46.00472143, -23.74140091], [-46.00434758, -23.74126787], [-46.00356253, -23.74073468], [-46.00340232, -23.74056954], [-46.00325656, -23.74036908], [-46.00311506, -23.74008459], [-46.002982, -23.73949207], [-46.00288724, -23.73928857], [-46.0028029, -23.73916538], [-46.0023194, -23.7386772], [-46.00223812, -23.73856844], [-46.00214847, -23.738392], [-46.0020688, -23.73810892], [-46.00204395, -23.73793839], [-46.00206394, -23.73747313], [-46.00204648, -23.73724293], [-46.00195877, -23.73693552], [-46.00176551, -23.73655202], [-46.00157484, -23.73637985], [-46.0013987, -23.73631055], [-46.00122315, -23.73631981], [-46.0009805, -23.73640538], [-46.00066257, -23.7366549], [-46.00056877, -23.73669028], [-46.00044332, -23.73669109], [-46.00041302, -23.73668402], [-46.00062282, -23.73390104], [-46.00057353, -23.73384107], [-46.00053113, -23.73379926], [-46.00049617, -23.73376977], [-46.0004507, -23.73373764], [-46.00019827, -23.73358284], [-46.00011633, -23.73352963], [-46.00003671, -23.73347045], [-45.99994921, -23.73339452], [-45.99993367, -23.73337701], [-45.99985278, -23.73326698], [-45.99982529, -23.73322579], [-45.99979924, -23.73318144], [-45.9997515, -23.73308303], [-45.99963499, -23.73293341], [-45.9994992, -23.73274001], [-45.99943914, -23.73265966], [-45.99937477, -23.73258168], [-45.99930354, -23.73250374], [-45.99920011, -23.73239703], [-45.99909651, -23.73228073], [-45.99902363, -23.73219288], [-45.99889062, -23.73201572], [-45.9988316, -23.73193021], [-45.99878203, -23.73184888], [-45.99874613, -23.73177316], [-45.99871648, -23.73169324], [-45.99865625, -23.73150026], [-45.99861056, -23.73131134], [-45.99857244, -23.73112346], [-45.99854946, -23.73103031], [-45.99852136, -23.73094731], [-45.99850491, -23.730913], [-45.99848693, -23.73088359], [-45.99837301, -23.73072609], [-45.99834231, -23.73070136], [-45.99832686, -23.73069559], [-45.99831135, -23.73069424], [-45.99829568, -23.73069723], [-45.99828003, -23.73070465], [-45.99823048, -23.73074146], [-45.99819187, -23.73076013], [-45.9981485, -23.7307727], [-45.99810058, -23.73077906], [-45.99805233, -23.73078117], [-45.99800828, -23.73078137], [-45.99793299, -23.73077544], [-45.99786794, -23.73076123], [-45.99780605, -23.73073842], [-45.99774528, -23.73070693], [-45.99768337, -23.73066659], [-45.99762001, -23.73061715], [-45.99755481, -23.73055823], [-45.99748876, -23.73048975], [-45.99742282, -23.73041159], [-45.99736315, -23.73033133], [-45.99729384, -23.73022168], [-45.99727015, -23.73018932], [-45.99724451, -23.73015941], [-45.99718721, -23.7301064], [-45.99712249, -23.73005895], [-45.9970873, -23.73003705], [-45.99701266, -23.73000023], [-45.99693329, -23.72997464], [-45.99685726, -23.72996158], [-45.99682341, -23.72996017], [-45.99672075, -23.72996842], [-45.99652207, -23.72997801], [-45.9964319, -23.72998907], [-45.99624734, -23.73002503], [-45.99614777, -23.73005204], [-45.99609866, -23.73006916], [-45.99600223, -23.73010988], [-45.9959562, -23.73013239], [-45.99582814, -23.73020583], [-45.99575152, -23.73024489], [-45.99527846, -23.73043787], [-45.99520389, -23.73046229], [-45.99517323, -23.73046917], [-45.99514697, -23.73047259], [-45.99509881, -23.73047371], [-45.99505051, -23.73047014], [-45.99502546, -23.73046588], [-45.99497099, -23.73044907], [-45.9949127, -23.73042117], [-45.99488695, -23.73040255], [-45.99486432, -23.73038093], [-45.99482813, -23.73032995], [-45.99480419, -23.73027809], [-45.99479693, -23.73025248], [-45.99478761, -23.73018751], [-45.99478317, -23.73009479], [-45.99478455, -23.72999155], [-45.99479245, -23.72989504], [-45.99482016, -23.72970646], [-45.99485577, -23.72951259], [-45.99487691, -23.72941545], [-45.99490219, -23.72932073], [-45.99498242, -23.729048], [-45.99499342, -23.7289969], [-45.99499945, -23.72895224], [-45.99500054, -23.72891412], [-45.99499428, -23.72883902], [-45.99498117, -23.72875366], [-45.99495966, -23.72865924], [-45.994896, -23.72845427], [-45.99487015, -23.72835734], [-45.9948518, -23.72826624], [-45.99484183, -23.72818068], [-45.99483979, -23.7280921], [-45.99484531, -23.72799208], [-45.99485918, -23.72789373], [-45.99488199, -23.72780977], [-45.99489652, -23.727773], [-45.99493038, -23.72770974], [-45.9949497, -23.72768307], [-45.99499386, -23.72763401], [-45.99510182, -23.72753641], [-45.99515593, -23.72747871], [-45.99520149, -23.72741953], [-45.99521854, -23.7273916], [-45.99538625, -23.72699755], [-45.99542881, -23.72691816], [-45.99549071, -23.72682835], [-45.99551743, -23.72678157], [-45.99552279, -23.72676329], [-45.99551838, -23.72675041], [-45.99550419, -23.72674291], [-45.99548034, -23.72674072], [-45.99541758, -23.72674455], [-45.99534437, -23.72675424], [-45.9952665, -23.72677045], [-45.99510796, -23.72682043], [-45.99501604, -23.72684649], [-45.99491655, -23.72687034], [-45.99476087, -23.72689744], [-45.99467241, -23.72690099], [-45.9946351, -23.72689735], [-45.99456828, -23.72688215], [-45.99450786, -23.72685788], [-45.99444855, -23.72682485], [-45.99438545, -23.72678317], [-45.99431718, -23.72673285], [-45.99424238, -23.72667444], [-45.99416517, -23.72660928], [-45.99393399, -23.72639509], [-45.99385086, -23.72632635], [-45.99376307, -23.72626261], [-45.9937191, -23.72623399], [-45.99363675, -23.72618927], [-45.99356196, -23.72615841], [-45.99349381, -23.72612389], [-45.99332185, -23.72600885], [-45.99324182, -23.72596032], [-45.99315973, -23.72592346], [-45.99308911, -23.7258988], [-45.99304311, -23.72588718], [-45.99302947, -23.72588735], [-45.99302226, -23.72589318], [-45.99302156, -23.72590475], [-45.99302728, -23.72592196], [-45.9931219, -23.72618797], [-45.99318792, -23.72634199], [-45.9932278, -23.72645228], [-45.99327491, -23.72662376], [-45.99329513, -23.72671638], [-45.99330202, -23.72675852], [-45.99330986, -23.72684689], [-45.99331479, -23.72707111], [-45.99332615, -23.72721103], [-45.99333873, -23.72727887], [-45.99337356, -23.72742162], [-45.99338897, -23.72751247], [-45.9933927, -23.72759057], [-45.99339111, -23.72762716], [-45.99338134, -23.7276964], [-45.99337286, -23.72772951], [-45.99334793, -23.72779371], [-45.99331259, -23.72785436], [-45.99329179, -23.72788095], [-45.99326892, -23.72790467], [-45.99321713, -23.72794438], [-45.99315715, -23.727978], [-45.993124, -23.72799285], [-45.99305766, -23.72801549], [-45.99302583, -23.72802256], [-45.99279794, -23.72804841], [-45.99266779, -23.72806604], [-45.99254954, -23.72808712], [-45.9922952, -23.72814403], [-45.99225312, -23.72815749], [-45.99218096, -23.72818911], [-45.99214668, -23.72820992], [-45.99206563, -23.72827204], [-45.991972, -23.72835835], [-45.99192977, -23.72840396], [-45.99189215, -23.72845017], [-45.99182867, -23.72854008], [-45.99179931, -23.7285754], [-45.99177088, -23.72860286], [-45.99174336, -23.72862246], [-45.99176942, -23.72868244], [-45.99177739, -23.72873793], [-45.99177449, -23.72884724], [-45.99175876, -23.72899799], [-45.99173932, -23.72912636], [-45.99172223, -23.72920098], [-45.99164798, -23.72939763], [-45.99163381, -23.72944342], [-45.99162636, -23.72948284], [-45.99162779, -23.72952998], [-45.99164327, -23.72956556], [-45.99165914, -23.72958812], [-45.99170361, -23.72963146], [-45.99176428, -23.72967605], [-45.99192419, -23.72978015], [-45.99200844, -23.72984139], [-45.99208062, -23.7299037], [-45.99210763, -23.72993315], [-45.99212854, -23.72996146], [-45.99214425, -23.72998891], [-45.99215554, -23.73001575], [-45.99216251, -23.73004208], [-45.99216437, -23.73009355], [-45.99215605, -23.73014815], [-45.99212671, -23.73023766], [-45.9920967, -23.73030352], [-45.99197889, -23.73053928], [-45.99194101, -23.73062803], [-45.99190738, -23.730722], [-45.99184424, -23.7309463], [-45.99178721, -23.73111194], [-45.99172654, -23.73127409], [-45.99164379, -23.73147594], [-45.99161374, -23.73156283], [-45.99156129, -23.7317364], [-45.99151622, -23.73191244], [-45.99147894, -23.73209395], [-45.99146346, -23.73218698], [-45.99145259, -23.73228071], [-45.99144685, -23.7323782], [-45.99144686, -23.73248252], [-45.99145826, -23.73268033], [-45.99147719, -23.73286138], [-45.99149878, -23.7330435], [-45.99152231, -23.73317124], [-45.99158456, -23.73337243], [-45.99161412, -23.73345434], [-45.99164734, -23.73352593], [-45.99172549, -23.7336768], [-45.99174916, -23.73373183], [-45.99177675, -23.73381249], [-45.99180836, -23.73391886], [-45.99187747, -23.73418395], [-45.99191967, -23.73438029], [-45.99194078, -23.73453722], [-45.99194932, -23.7345769], [-45.99197131, -23.73464405], [-45.99198538, -23.73467494], [-45.99202006, -23.73473351], [-45.99218395, -23.7349737], [-45.99224085, -23.73506293], [-45.99240327, -23.73534268], [-45.99247231, -23.73545522], [-45.99254979, -23.7355678], [-45.992631, -23.73566943], [-45.99274067, -23.73579571], [-45.99280792, -23.73586735], [-45.99288205, -23.73593895], [-45.99296323, -23.7360105], [-45.99305129, -23.73608201], [-45.99335094, -23.73631816], [-45.99340787, -23.73637343], [-45.99344097, -23.7364172], [-45.99346307, -23.7364595], [-45.99347782, -23.73650267], [-45.99348344, -23.7365319], [-45.99348822, -23.73659319], [-45.99348636, -23.7366595], [-45.99347744, -23.73673777], [-45.99346121, -23.73683487], [-45.99343894, -23.73692606], [-45.99342585, -23.73696019], [-45.99341154, -23.73698674], [-45.99337596, -23.73703114], [-45.993329, -23.73707371], [-45.99330187, -23.73709312], [-45.99324402, -23.73712366], [-45.9932131, -23.73713469], [-45.99314347, -23.73715095], [-45.99310368, -23.73715671], [-45.99296806, -23.73716544], [-45.99282158, -23.73716548], [-45.99273519, -23.73717064], [-45.99241226, -23.73721633], [-45.99225902, -23.73724261], [-45.99216863, -23.7372515], [-45.99204676, -23.73724858], [-45.99187172, -23.73723407], [-45.99170898, -23.73722446], [-45.99164002, -23.73721379], [-45.99163053, -23.7372162], [-45.99162262, -23.73722212], [-45.99161661, -23.73723156], [-45.99160948, -23.73726095], [-45.99160932, -23.73730449], [-45.99162235, -23.73751024], [-45.99162024, -23.73758124], [-45.99161258, -23.73763232], [-45.99160477, -23.73766317], [-45.99158163, -23.73772952], [-45.99154976, -23.73779728], [-45.99141181, -23.73801601], [-45.99135854, -23.73810793], [-45.99128793, -23.73824079], [-45.99126591, -23.73827416], [-45.99124432, -23.73829941], [-45.99122316, -23.73831653], [-45.99117536, -23.73833914], [-45.99114687, -23.73834781], [-45.9910825, -23.73835924], [-45.99104964, -23.73836063], [-45.99098435, -23.73835445], [-45.99080761, -23.7383219], [-45.99070488, -23.73830865], [-45.99066023, -23.73830722], [-45.99062012, -23.73830919], [-45.99054181, -23.73831999], [-45.99045855, -23.73833732], [-45.99037327, -23.73836054], [-45.99009301, -23.73845771], [-45.98998309, -23.73849138], [-45.98987626, -23.73851871], [-45.9898263, -23.73852878], [-45.98978141, -23.73853503], [-45.98974159, -23.73853727], [-45.98967522, -23.73853083], [-45.98961387, -23.73851397], [-45.98955598, -23.73848689], [-45.98952955, -23.73846845], [-45.98950515, -23.73844648], [-45.98948268, -23.73842097], [-45.98946335, -23.73839355], [-45.98944822, -23.73836556], [-45.98943741, -23.73833718], [-45.98942765, -23.73827944], [-45.98942744, -23.73825126], [-45.98943596, -23.73819702], [-45.98944489, -23.73817149], [-45.98945727, -23.73814757], [-45.98949266, -23.73810489], [-45.98964503, -23.73796293], [-45.98971431, -23.73788653], [-45.98977619, -23.73780449], [-45.98979769, -23.73776777], [-45.98981206, -23.7377348], [-45.9898191, -23.73770568], [-45.98982066, -23.7376792], [-45.98981881, -23.73765411], [-45.98980463, -23.73760814], [-45.98979201, -23.73758781], [-45.98977549, -23.73756985], [-45.98975516, -23.73755426], [-45.98973093, -23.73754105], [-45.98967484, -23.73751946], [-45.98961114, -23.73750262], [-45.98957734, -23.73749643], [-45.98950852, -23.73749045], [-45.98939187, -23.73749012], [-45.98928743, -23.73748356], [-45.98923274, -23.73747813], [-45.98914276, -23.73746335], [-45.98910747, -23.737454], [-45.98903614, -23.737427], [-45.98885799, -23.73733837], [-45.98872192, -23.73727556], [-45.98864954, -23.73725254], [-45.98862077, -23.73724848], [-45.98855443, -23.73724611], [-45.98840963, -23.73724794], [-45.98836493, -23.73725292], [-45.98832633, -23.73726102], [-45.98806045, -23.73736442], [-45.98797381, -23.73738855], [-45.98794264, -23.73739218], [-45.98788051, -23.73738977], [-45.98780293, -23.73737916], [-45.98772136, -23.73736171], [-45.98735156, -23.73724097], [-45.98729222, -23.73720387], [-45.98719931, -23.73713898], [-45.98710162, -23.73705164], [-45.9870268, -23.73697869], [-45.98695362, -23.73690085], [-45.98684169, -23.73675995], [-45.98678739, -23.73670168], [-45.98673004, -23.7366549], [-45.98669958, -23.73663667], [-45.98666788, -23.73662188], [-45.98642104, -23.73653142], [-45.98638009, -23.73651316], [-45.98630375, -23.7364722], [-45.98626579, -23.73644706], [-45.9861889, -23.73638613], [-45.98611566, -23.73631308], [-45.98608229, -23.73627256], [-45.98605106, -23.7362295], [-45.98599834, -23.7361462], [-45.98595255, -23.73605853], [-45.98593305, -23.73603571], [-45.98590931, -23.7360234], [-45.98588114, -23.73602168], [-45.98579779, -23.73604064], [-45.98564945, -23.73606624], [-45.9855763, -23.73608405], [-45.98550916, -23.73610615], [-45.98545196, -23.73613171], [-45.9853259, -23.73619854], [-45.98524493, -23.73624656], [-45.98505158, -23.73638065], [-45.98492243, -23.73646628], [-45.98484995, -23.73652129], [-45.98481798, -23.73654941], [-45.98475977, -23.73661101], [-45.98470733, -23.73668279], [-45.98466141, -23.73676048], [-45.98462257, -23.7368403], [-45.98455595, -23.73700916], [-45.98444011, -23.73736548], [-45.98442374, -23.73740641], [-45.98438764, -23.73747221], [-45.98436801, -23.73749708], [-45.98432282, -23.73754135], [-45.98399732, -23.7377945], [-45.98394887, -23.73783554], [-45.98381335, -23.73796267], [-45.98375501, -23.7380185], [-45.98363584, -23.73815464], [-45.98358289, -23.73821106], [-45.98356327, -23.73823738], [-45.98355749, -23.73825114], [-45.98355378, -23.73828025], [-45.98356088, -23.73831109], [-45.98356846, -23.7383273], [-45.98360422, -23.73838578], [-45.98362245, -23.73840969], [-45.98366032, -23.73844783], [-45.98368183, -23.7384644], [-45.98373081, -23.73849336], [-45.98379725, -23.73852201], [-45.98397934, -23.73858742], [-45.98400937, -23.73860123], [-45.98404467, -23.73862539], [-45.98406753, -23.73865143], [-45.9840816, -23.73868223], [-45.98408539, -23.73870352], [-45.9840864, -23.7387596], [-45.98408262, -23.73879232], [-45.98407433, -23.73882534], [-45.98406173, -23.73885875], [-45.98404462, -23.73889246], [-45.98400457, -23.73895494], [-45.9839611, -23.73900697], [-45.98393762, -23.73902843], [-45.98391205, -23.73904603], [-45.98388438, -23.73905975], [-45.98385483, -23.73906951], [-45.98382407, -23.7390763], [-45.98376221, -23.73908274], [-45.98365703, -23.73908125], [-45.98355981, -23.73908349], [-45.98345282, -23.73908959], [-45.98334959, -23.73910009], [-45.98324718, -23.73911637], [-45.98314248, -23.73913988], [-45.98305036, -23.73916657], [-45.98301465, -23.73917962], [-45.9829859, -23.73919254], [-45.98293803, -23.73921994], [-45.98285276, -23.73928407], [-45.98279984, -23.73931791], [-45.98259851, -23.73943534], [-45.98253097, -23.73948282], [-45.98250886, -23.73950319], [-45.98247728, -23.73954485], [-45.98246549, -23.73956796], [-45.98244899, -23.73961864], [-45.98243815, -23.73970342], [-45.98243959, -23.73976555], [-45.98245438, -23.7398658], [-45.98246276, -23.73989826], [-45.9824852, -23.73995917], [-45.98251686, -23.74002129], [-45.98276915, -23.74043298], [-45.98289333, -23.74062438], [-45.98290997, -23.74065806], [-45.98292229, -23.74069194], [-45.98293029, -23.74072585], [-45.98294208, -23.74087127], [-45.9829644, -23.74147959], [-45.98298155, -23.74175143], [-45.98298475, -23.74186403], [-45.98298239, -23.74198074], [-45.98297315, -23.74209622], [-45.98295051, -23.7423087], [-45.98294453, -23.74240014], [-45.9829464, -23.74247943], [-45.98295888, -23.74267886], [-45.98295914, -23.7427913], [-45.98295458, -23.7428373], [-45.98294673, -23.74287637], [-45.98292689, -23.74293917], [-45.98290506, -23.74298483], [-45.98289194, -23.74300253], [-45.98285529, -23.74303365], [-45.98283174, -23.74304708], [-45.98278019, -23.74306745], [-45.98272601, -23.743078], [-45.98266657, -23.74308019], [-45.98259884, -23.74307547], [-45.98252712, -23.74306274], [-45.98249113, -23.74305294], [-45.98237739, -23.74301022], [-45.98228801, -23.74297051], [-45.98220824, -23.74293056], [-45.98214416, -23.74289023], [-45.98213289, -23.74289202], [-45.98212523, -23.74290435], [-45.98212128, -23.74292695], [-45.98211633, -23.74319559], [-45.98210205, -23.7433848], [-45.98210491, -23.74343898], [-45.98211894, -23.74347881], [-45.98217832, -23.7435729], [-45.98220784, -23.7436363], [-45.98222026, -23.74367054], [-45.98223546, -23.74373475], [-45.98224355, -23.74383224], [-45.98225546, -23.74391634], [-45.9822738, -23.74400636], [-45.98229818, -23.74409128], [-45.98232794, -23.74417436], [-45.98236253, -23.7442594], [-45.98240281, -23.74434558], [-45.98244968, -23.74443262], [-45.98249952, -23.74451052], [-45.98252419, -23.74454233], [-45.98257362, -23.74459323], [-45.98262515, -23.74463417], [-45.98285646, -23.74477197], [-45.98293556, -23.74482647], [-45.98296656, -23.74485202], [-45.98302586, -23.74491016], [-45.98312336, -23.74502452], [-45.98316863, -23.74509413], [-45.98319243, -23.74515477], [-45.98320901, -23.74523197], [-45.98321544, -23.74527835], [-45.98322032, -23.74532719], [-45.98322399, -23.74542452], [-45.98321481, -23.7455737], [-45.98319943, -23.74568199], [-45.9831785, -23.7457822], [-45.98315376, -23.74585858], [-45.98309317, -23.74600817], [-45.98302568, -23.74619366], [-45.98299696, -23.74628813], [-45.98297815, -23.74637089], [-45.98296363, -23.74647494], [-45.98294755, -23.74663301], [-45.98292327, -23.74681099], [-45.98290115, -23.74693541], [-45.98287732, -23.74702913], [-45.98284795, -23.74711521], [-45.98281409, -23.74719237], [-45.9827959, -23.74722708], [-45.98275702, -23.74728911], [-45.98271415, -23.74734239], [-45.98266671, -23.74738813], [-45.98263979, -23.74740979], [-45.98257908, -23.74745145], [-45.98254625, -23.74747027], [-45.98247896, -23.74749923], [-45.98240953, -23.74751666], [-45.98233706, -23.74752245], [-45.98229957, -23.74752097], [-45.98222473, -23.74751079], [-45.98215159, -23.74749192], [-45.98207747, -23.74746123], [-45.98199971, -23.74741522], [-45.98191179, -23.74734867], [-45.98184541, -23.74727548], [-45.98183122, -23.74726771], [-45.98181575, -23.7472726], [-45.98179901, -23.74729023], [-45.98171114, -23.74745308], [-45.98164105, -23.74756634], [-45.98160245, -23.74761282], [-45.98156177, -23.74764415], [-45.98153898, -23.74765459], [-45.98151245, -23.74766226], [-45.98148217, -23.74766715], [-45.98141251, -23.74766795], [-45.98137755, -23.74766311], [-45.98134314, -23.74765466], [-45.9813093, -23.7476425], [-45.98124785, -23.74761246], [-45.98119735, -23.74757809], [-45.98114796, -23.74753361], [-45.98109001, -23.74747338], [-45.98102547, -23.74739783], [-45.98075857, -23.74704124], [-45.98070437, -23.74695722], [-45.98068278, -23.74691708], [-45.98066857, -23.7468805], [-45.98066175, -23.74684749], [-45.98066222, -23.74681795], [-45.98067272, -23.74676658], [-45.98068702, -23.74672359], [-45.98072574, -23.74664017], [-45.9807251, -23.74663322], [-45.98072074, -23.74662764], [-45.98070097, -23.74662063], [-45.98068555, -23.7466192], [-45.98045604, -23.74663041], [-45.98036645, -23.74662836], [-45.98032119, -23.74662449], [-45.98023219, -23.74661132], [-45.98015956, -23.74659381], [-45.98013034, -23.74658352], [-45.98007647, -23.74655668], [-45.98002242, -23.74651909], [-45.97996691, -23.74647049], [-45.97990897, -23.74641079], [-45.97985452, -23.74634593], [-45.97980999, -23.74628191], [-45.97979209, -23.74625005], [-45.97976747, -23.74618563], [-45.9797366, -23.74598116], [-45.97972464, -23.74595667], [-45.97971663, -23.74594742], [-45.97969682, -23.74593535], [-45.97962122, -23.74591587], [-45.9795304, -23.74588195], [-45.97942893, -23.74583933], [-45.97929011, -23.74577636], [-45.97925287, -23.74575627], [-45.97919666, -23.7457177], [-45.9791579, -23.74567839], [-45.97913001, -23.74563521], [-45.9791123, -23.74558863], [-45.97910407, -23.74553892], [-45.97910679, -23.74548236], [-45.97911283, -23.74545017], [-45.97914662, -23.74533778], [-45.97917756, -23.74524944], [-45.97921444, -23.74515672], [-45.97925664, -23.74506577], [-45.9792789, -23.74502472], [-45.97930083, -23.74499152], [-45.97932222, -23.74496628], [-45.97934328, -23.7449489], [-45.97939681, -23.74491658], [-45.97951729, -23.74485043], [-45.979601, -23.74481305], [-45.97972537, -23.74476837], [-45.97982064, -23.74472929], [-45.97991019, -23.74468609], [-45.97997777, -23.74464394], [-45.98003238, -23.74459861], [-45.98008261, -23.74454591], [-45.98010497, -23.74451813], [-45.9801393, -23.744464], [-45.98017242, -23.74438015], [-45.98014743, -23.74431799], [-45.9801174, -23.74426489], [-45.98009877, -23.74424081], [-45.98002827, -23.74416792], [-45.97993922, -23.74406715], [-45.97991738, -23.74403396], [-45.97990273, -23.7440028], [-45.97989525, -23.74397395], [-45.97989107, -23.74391409], [-45.9798938, -23.74384625], [-45.97989854, -23.74381009], [-45.97991722, -23.74373655], [-45.97993136, -23.74369915], [-45.97994826, -23.74366328], [-45.97996774, -23.74363055], [-45.97998979, -23.74360106], [-45.98001432, -23.74357489], [-45.98006227, -23.74353241], [-45.98010268, -23.74350371], [-45.98021798, -23.74344011], [-45.9802269, -23.74342678], [-45.98022279, -23.74341398], [-45.98021587, -23.74340779], [-45.98016246, -23.74337643], [-45.98012654, -23.74334911], [-45.98009377, -23.74330949], [-45.98007688, -23.74328115], [-45.98004186, -23.74320424], [-45.98002281, -23.74314872], [-45.97996118, -23.74292459], [-45.97994361, -23.74287087], [-45.97992895, -23.74283917], [-45.97992271, -23.74283153], [-45.9799171, -23.7428294], [-45.97984292, -23.74284188], [-45.97966145, -23.74288657], [-45.97956602, -23.74290343], [-45.97942325, -23.74291499], [-45.97936377, -23.7429123], [-45.97934175, -23.74290657], [-45.97931959, -23.74289587], [-45.97929721, -23.74288039], [-45.97925352, -23.74283695], [-45.97922244, -23.74278819], [-45.97920537, -23.74273619], [-45.97920076, -23.7427093], [-45.97919897, -23.74265377], [-45.97920628, -23.74259538], [-45.97922162, -23.74253387], [-45.97923286, -23.74250227], [-45.97926438, -23.7424393], [-45.97930689, -23.74237816], [-45.97933054, -23.74235164], [-45.97938162, -23.74230814], [-45.97943613, -23.74227556], [-45.97946409, -23.74226246], [-45.9795599, -23.74222979], [-45.97973316, -23.74217649], [-45.97979662, -23.74214782], [-45.97981446, -23.74213235], [-45.97981714, -23.74212376], [-45.9798158, -23.74211473], [-45.97980074, -23.74209514], [-45.9796969, -23.74202499], [-45.979666, -23.74199854], [-45.97963871, -23.74197054], [-45.97959591, -23.74191589], [-45.97955968, -23.74184622], [-45.97954555, -23.7418324], [-45.97952763, -23.74182484], [-45.9794407, -23.74182403], [-45.97933832, -23.74181782], [-45.97923061, -23.74180703], [-45.97914966, -23.7417939], [-45.97908173, -23.7417751], [-45.97894367, -23.74172024], [-45.97887201, -23.74170336], [-45.97883627, -23.74169898], [-45.97876847, -23.74169896], [-45.97870518, -23.74171028], [-45.97864538, -23.74172999], [-45.97858582, -23.74175647], [-45.97850831, -23.74178261], [-45.97841507, -23.74180479], [-45.9783737, -23.74180938], [-45.97833769, -23.74180898], [-45.97830684, -23.74180339], [-45.97824311, -23.74178203], [-45.97816457, -23.74175001], [-45.97811602, -23.74172557], [-45.97805639, -23.74168955], [-45.9778629, -23.74155602], [-45.97779747, -23.74150505], [-45.97773347, -23.74143546], [-45.9776614, -23.74133656], [-45.97761441, -23.74128412], [-45.97758001, -23.74125001], [-45.97742829, -23.74111297], [-45.9773671, -23.74103884], [-45.97731213, -23.74095619], [-45.97725037, -23.74087051], [-45.97722629, -23.74082577], [-45.97720768, -23.74077766], [-45.97719011, -23.74071049], [-45.97718502, -23.74069932], [-45.97717028, -23.74068306], [-45.97714962, -23.74067477], [-45.97713706, -23.74067376], [-45.97706979, -23.74067964], [-45.97702907, -23.74067899], [-45.97698728, -23.74066742], [-45.97693096, -23.7406396], [-45.97682402, -23.74057434], [-45.97675517, -23.74052528], [-45.97671074, -23.74048835], [-45.9767004, -23.74048309], [-45.97668874, -23.74048497], [-45.97667576, -23.74049372], [-45.97655432, -23.74062933], [-45.97652525, -23.74067739], [-45.97650394, -23.74072837], [-45.97649638, -23.7407538], [-45.97647405, -23.74087767], [-45.9764648, -23.74097852], [-45.97646657, -23.74103234], [-45.97649737, -23.74121513], [-45.97649579, -23.74126599], [-45.97649147, -23.74129212], [-45.9764842, -23.74131763], [-45.97647329, -23.741341], [-45.97645883, -23.74136241], [-45.97644072, -23.74138167], [-45.97641984, -23.74139716], [-45.97639725, -23.74140705], [-45.97637295, -23.74141136], [-45.97634685, -23.74141008], [-45.97632071, -23.74140492], [-45.976273, -23.74138824], [-45.97623151, -23.7413633], [-45.97619517, -23.74133174], [-45.97617884, -23.74131351], [-45.97612049, -23.74123738], [-45.97607201, -23.74115766], [-45.97603066, -23.74107158], [-45.97598983, -23.74097809], [-45.9759721, -23.74092934], [-45.97596066, -23.74088155], [-45.97594183, -23.74073725], [-45.9759285, -23.7406863], [-45.97588929, -23.7405863], [-45.97586256, -23.7405405], [-45.97584641, -23.74051937], [-45.97578966, -23.74046175], [-45.97574937, -23.74042669], [-45.97565901, -23.74036151], [-45.97560995, -23.74033445], [-45.97556095, -23.7403157], [-45.97549687, -23.74030021], [-45.97530619, -23.74026818], [-45.97512998, -23.74025376], [-45.97502487, -23.74023645], [-45.97499675, -23.74022876], [-45.97492669, -23.74020085], [-45.9748146, -23.74014294], [-45.9747797, -23.74011931], [-45.9747662, -23.74009854], [-45.97476009, -23.74006931], [-45.97476463, -23.74003316], [-45.97478326, -23.73999185], [-45.9748118, -23.73995049], [-45.97488006, -23.73988115], [-45.97490718, -23.73984711], [-45.97491413, -23.73983225], [-45.97491082, -23.7398218], [-45.97489753, -23.73981592], [-45.97487397, -23.73981444], [-45.97481407, -23.73982024], [-45.9746409, -23.73986008], [-45.97462042, -23.73986282], [-45.97459736, -23.73986351], [-45.97454366, -23.73985861], [-45.97448962, -23.73984848], [-45.97444528, -23.73983593], [-45.97440424, -23.73981804], [-45.97436009, -23.73979158], [-45.97431716, -23.73975888], [-45.9742799, -23.73972227], [-45.97424811, -23.73968183], [-45.97422198, -23.73963756], [-45.9742014, -23.73958873], [-45.97418127, -23.73950676], [-45.97417753, -23.73945223], [-45.97418636, -23.73937396], [-45.97419943, -23.73932358], [-45.97421868, -23.73927378], [-45.97424451, -23.73922421], [-45.9742777, -23.73917523], [-45.97431904, -23.73912728], [-45.97436425, -23.73908491], [-45.97438669, -23.73906761], [-45.97440914, -23.73905275], [-45.97446113, -23.7390255], [-45.97452754, -23.73899781], [-45.97469949, -23.73893919], [-45.97474958, -23.73891973], [-45.97491345, -23.73884419], [-45.9751279, -23.73876254], [-45.97537577, -23.73866172], [-45.97546951, -23.73862843], [-45.97551778, -23.73861494], [-45.97556704, -23.73860361], [-45.97561938, -23.73859714], [-45.97597916, -23.7386105], [-45.97603492, -23.73861502], [-45.97608442, -23.73862202], [-45.97628196, -23.73866792], [-45.97655256, -23.73868229], [-45.9766101, -23.73868798], [-45.97667071, -23.73869789], [-45.97679633, -23.73872934], [-45.97685348, -23.73874894], [-45.97694059, -23.73878677], [-45.97699051, -23.73879838], [-45.9770457, -23.73880526], [-45.97710341, -23.73880814], [-45.97715933, -23.73880734], [-45.97720875, -23.73880296], [-45.9773039, -23.73878755], [-45.97735552, -23.73877584], [-45.97741249, -23.73875922], [-45.97746914, -23.73873809], [-45.97765708, -23.73864008], [-45.97777828, -23.73859217], [-45.97787969, -23.73854746], [-45.978024, -23.73846815], [-45.97804342, -23.73845312], [-45.97806005, -23.73843459], [-45.97807402, -23.73841274], [-45.97808511, -23.73838738], [-45.97809913, -23.73833265], [-45.97810196, -23.73830463], [-45.9780979, -23.73822157], [-45.9780743, -23.73805571], [-45.97807718, -23.73800882], [-45.97808172, -23.73798495], [-45.97809668, -23.7379387], [-45.97811893, -23.73789656], [-45.97815043, -23.7378587], [-45.97819335, -23.73782537], [-45.97821827, -23.73781176], [-45.97824439, -23.73780193], [-45.97827182, -23.73779607], [-45.97830055, -23.7377939], [-45.97833039, -23.73779579], [-45.97836124, -23.73780164], [-45.9783931, -23.73781147], [-45.97848693, -23.73785558], [-45.97853638, -23.73788263], [-45.97857896, -23.73790882], [-45.97869632, -23.73799009], [-45.97875937, -23.73803828], [-45.97876498, -23.73803996], [-45.97877751, -23.73803708], [-45.97879224, -23.73802579], [-45.97880887, -23.73800636], [-45.9788448, -23.73795655], [-45.97894947, -23.7377962], [-45.97898317, -23.7377502], [-45.9790222, -23.73770904], [-45.9793708, -23.73736977], [-45.97946455, -23.73728491], [-45.97952834, -23.73723447], [-45.97958028, -23.73720072], [-45.97967391, -23.73715343], [-45.97987797, -23.73707347], [-45.97997668, -23.73702263], [-45.98001816, -23.73699392], [-45.98005862, -23.73695862], [-45.98015876, -23.7368636], [-45.98018003, -23.73684739], [-45.98022536, -23.73682109], [-45.98027388, -23.73680317], [-45.98029915, -23.73679732], [-45.98037922, -23.73678607], [-45.98043593, -23.73677333], [-45.98050504, -23.73675203], [-45.98050697, -23.7367476], [-45.98050181, -23.7367404], [-45.98048948, -23.73673055], [-45.98032944, -23.73663582], [-45.98024649, -23.73659083], [-45.9801392, -23.73654364], [-45.98009527, -23.73652062], [-45.98004992, -23.73649173], [-45.97990028, -23.73638367], [-45.97985444, -23.73635434], [-45.97965389, -23.73624641], [-45.97950827, -23.73615142], [-45.97940442, -23.73607937], [-45.97928287, -23.73598775], [-45.9791702, -23.73589038], [-45.97913033, -23.73585911], [-45.97895649, -23.7357418], [-45.97870427, -23.7355084], [-45.9783562, -23.73523468], [-45.97831887, -23.73521523], [-45.9782753, -23.73520051], [-45.97814703, -23.73516935], [-45.97800909, -23.73514222], [-45.97793673, -23.73512263], [-45.97786956, -23.73510066], [-45.97781495, -23.73507897], [-45.97776846, -23.73505533], [-45.97772509, -23.73502724], [-45.97770495, -23.73501075], [-45.97766903, -23.73496952], [-45.97762657, -23.7348932], [-45.97760696, -23.73484257], [-45.97759481, -23.73479197], [-45.97759031, -23.73474061], [-45.97759159, -23.73468876], [-45.97759699, -23.73463689], [-45.97762073, -23.73447832], [-45.97763386, -23.73442441], [-45.97768001, -23.7342844], [-45.97769174, -23.73423961], [-45.97769974, -23.73419422], [-45.97771124, -23.73406527], [-45.9777015, -23.73406145], [-45.97768268, -23.73406428], [-45.97765479, -23.73407385], [-45.97759133, -23.73410179], [-45.97753006, -23.73413433], [-45.97747381, -23.73416892], [-45.9774252, -23.73420282], [-45.97734209, -23.73426666], [-45.97726861, -23.73433279], [-45.97723387, -23.73437112], [-45.97716692, -23.73445807], [-45.97713179, -23.73449658], [-45.9770922, -23.73452854], [-45.97704519, -23.73455259], [-45.97699429, -23.73456754], [-45.97694291, -23.7345722], [-45.97691768, -23.73456956], [-45.97689339, -23.73456204], [-45.97687004, -23.73454954], [-45.97684764, -23.73453216], [-45.97682758, -23.73451205], [-45.97679754, -23.73446952], [-45.97678766, -23.73444719], [-45.97677456, -23.73440121], [-45.97676783, -23.7343542], [-45.9767676, -23.73425711], [-45.97677468, -23.73420675], [-45.97683048, -23.734032], [-45.97683154, -23.73397762], [-45.97681784, -23.73391656], [-45.97678895, -23.73385705], [-45.97676892, -23.73382836], [-45.97672368, -23.733775], [-45.97667595, -23.73372852], [-45.97662857, -23.73369025], [-45.9765847, -23.7336619], [-45.97649734, -23.73361603], [-45.97645009, -23.7335951], [-45.97634555, -23.73356045], [-45.97611089, -23.73349636], [-45.97601871, -23.73346113], [-45.97591404, -23.7334109], [-45.97588939, -23.73339515], [-45.97584212, -23.73335806], [-45.97580061, -23.73331669], [-45.97578319, -23.73329548], [-45.9757552, -23.7332524], [-45.97573978, -23.73321113], [-45.97573525, -23.73318244], [-45.97572437, -23.73317004], [-45.97571532, -23.73316658], [-45.97569, -23.73316502], [-45.97556555, -23.73318477], [-45.97545727, -23.73318988], [-45.97537237, -23.733171], [-45.97533825, -23.73316083], [-45.97528234, -23.73313625], [-45.97521668, -23.73309232], [-45.97517848, -23.73306203], [-45.97514156, -23.73303057], [-45.9750872, -23.73297645], [-45.97506966, -23.7329538], [-45.97504354, -23.73291106], [-45.97499676, -23.73280722], [-45.97498355, -23.73281164], [-45.97496883, -23.73282456], [-45.97486709, -23.73292988], [-45.9748275, -23.7329621], [-45.97478482, -23.73298865], [-45.9747376, -23.73301035], [-45.97468436, -23.73302758], [-45.97465576, -23.7330339], [-45.97459575, -23.73303861], [-45.97456435, -23.733037], [-45.97450198, -23.733028], [-45.97444261, -23.73301257], [-45.97441408, -23.73300237], [-45.97435974, -23.7329767], [-45.97433382, -23.73296133], [-45.97428717, -23.73292766], [-45.97424884, -23.73289214], [-45.97421596, -23.73285134], [-45.97417183, -23.73277431], [-45.97414951, -23.73271547], [-45.97414084, -23.73268418], [-45.97412959, -23.73262212], [-45.97412681, -23.73256415], [-45.9741312, -23.73250804], [-45.97416253, -23.73234111], [-45.97415817, -23.73232254], [-45.97414589, -23.73230726], [-45.97411231, -23.73229058], [-45.97405392, -23.73227478], [-45.97393385, -23.73224935], [-45.97388398, -23.73223295], [-45.97386144, -23.73222226], [-45.97383906, -23.73220822], [-45.97379542, -23.73217047], [-45.97375693, -23.73212591], [-45.97371443, -23.73205826], [-45.97368294, -23.73201854], [-45.97364394, -23.7319851], [-45.97362029, -23.73197062], [-45.97356419, -23.73194631], [-45.97345512, -23.73191078], [-45.97320826, -23.73184062], [-45.97311775, -23.73180687], [-45.97308722, -23.73179171], [-45.97302789, -23.73175415], [-45.97297569, -23.73171375], [-45.97289352, -23.73164074], [-45.97283476, -23.73160119], [-45.97277674, -23.73156923], [-45.97273661, -23.73155593], [-45.97269991, -23.73155499], [-45.97260247, -23.73156499], [-45.9725528, -23.73156205], [-45.97254127, -23.73156746], [-45.97253817, -23.73157335], [-45.97253723, -23.73159151], [-45.97255473, -23.73165001], [-45.97256941, -23.73168442], [-45.97264843, -23.73183557], [-45.97267343, -23.73189935], [-45.97268609, -23.7319531], [-45.97268852, -23.73197675], [-45.97268829, -23.73199825], [-45.97268229, -23.73203541], [-45.97266995, -23.73206538], [-45.97265042, -23.73209061], [-45.97262302, -23.73211372], [-45.9725904, -23.73213389], [-45.97253456, -23.73215745], [-45.97250792, -23.73216349], [-45.97241913, -23.73217561], [-45.97240425, -23.73218049], [-45.97239292, -23.73218751], [-45.97238514, -23.73219659], [-45.9723811, -23.73220782], [-45.97238061, -23.73222101], [-45.97239057, -23.73225373], [-45.97242284, -23.73231856], [-45.97251937, -23.73247754], [-45.97253035, -23.73250285], [-45.97254487, -23.73255568], [-45.97255166, -23.73261064], [-45.97255296, -23.73266736], [-45.97254857, -23.73272293], [-45.97251233, -23.73287706], [-45.97249424, -23.73297742], [-45.97249128, -23.73302766], [-45.97249433, -23.73308255], [-45.9725041, -23.73314309], [-45.97255059, -23.73332569], [-45.97255713, -23.7333737], [-45.97255974, -23.7336338], [-45.97256596, -23.73374449], [-45.97257752, -23.73384756], [-45.97259453, -23.73395836], [-45.97263003, -23.7341553], [-45.97263701, -23.73421008], [-45.97264432, -23.73433621], [-45.97263541, -23.73440409], [-45.97260656, -23.73452177], [-45.97258775, -23.73457906], [-45.9725671, -23.73462507], [-45.97254132, -23.73466823], [-45.97248034, -23.73475243], [-45.97244718, -23.73479264], [-45.97239537, -23.73484481], [-45.97235194, -23.73487471], [-45.97230023, -23.73490005], [-45.97224707, -23.73491574], [-45.97222032, -23.7349197], [-45.97205694, -23.73492976], [-45.97196283, -23.73493929], [-45.9719074, -23.73495247], [-45.97186163, -23.73497217], [-45.9718217, -23.73499853], [-45.97177077, -23.73504997], [-45.97166542, -23.73519794], [-45.9716418, -23.73522753], [-45.97159477, -23.73527578], [-45.97157146, -23.73529444], [-45.97152497, -23.73532355], [-45.97147852, -23.73534362], [-45.97145404, -23.73535018], [-45.97139787, -23.7353555], [-45.97136617, -23.73535426], [-45.97119282, -23.73534279], [-45.97112258, -23.73533032], [-45.97102152, -23.73530169], [-45.97090074, -23.735274], [-45.97084824, -23.73525943], [-45.97075027, -23.73522608], [-45.97070263, -23.73520507], [-45.97064421, -23.73517202], [-45.97063241, -23.73516857], [-45.97060848, -23.73516998], [-45.97058405, -23.73518215], [-45.97057166, -23.73519234], [-45.97051209, -23.73525594], [-45.97047175, -23.73529376], [-45.97043048, -23.73532455], [-45.97038037, -23.73535431], [-45.9703266, -23.73538011], [-45.97027406, -23.73539941], [-45.97010666, -23.73544869], [-45.97005984, -23.73547229], [-45.97001934, -23.73550045], [-45.96998239, -23.73553211], [-45.96987269, -23.73564976], [-45.96984824, -23.73567303], [-45.96980023, -23.73570865], [-45.96977609, -23.73572172], [-45.96972512, -23.73574082], [-45.96969828, -23.73574686], [-45.96964475, -23.73575198], [-45.9695937, -23.73574752], [-45.96952102, -23.73572259], [-45.96947666, -23.73569388], [-45.96945936, -23.73567674], [-45.96944597, -23.73565767], [-45.9694365, -23.73563696], [-45.96942477, -23.73557652], [-45.96942005, -23.73548217], [-45.96941998, -23.73532737], [-45.96941663, -23.73531167], [-45.969411, -23.73530584], [-45.96939152, -23.73529937], [-45.96937768, -23.73529882], [-45.96936045, -23.73530308], [-45.96933915, -23.73531487], [-45.96928436, -23.73536163], [-45.96916081, -23.73548976], [-45.96914024, -23.73550804], [-45.96909816, -23.73553648], [-45.96905367, -23.73555663], [-45.96900551, -23.73557129], [-45.96895418, -23.73558218], [-45.9689001, -23.73559119], [-45.96884216, -23.73559688], [-45.96871334, -23.7355976], [-45.96864449, -23.73560074], [-45.96845066, -23.73561758], [-45.96841485, -23.73561789], [-45.96835514, -23.73561005], [-45.96830459, -23.73559284], [-45.96825584, -23.73556831], [-45.96814467, -23.73550046], [-45.96809029, -23.73548301], [-45.96805807, -23.73547797], [-45.96799466, -23.73547322], [-45.96793973, -23.73547401], [-45.96771691, -23.73548534], [-45.96766545, -23.7354928], [-45.96755734, -23.73551904], [-45.96750491, -23.73552767], [-45.96745196, -23.73553089], [-45.96739631, -23.73552808], [-45.96717628, -23.73550589], [-45.96703438, -23.73548717], [-45.96697607, -23.7354693], [-45.96694654, -23.73545638], [-45.96689157, -23.73542593], [-45.96686711, -23.73540892], [-45.96684461, -23.73539082], [-45.96680399, -23.73535052], [-45.9667321, -23.73526083], [-45.96669331, -23.73522856], [-45.96665084, -23.73520363], [-45.96660408, -23.73518197], [-45.96655264, -23.73516441], [-45.96644198, -23.73513981], [-45.96638762, -23.73512426], [-45.96637478, -23.73512678], [-45.96636947, -23.73513873], [-45.96637562, -23.73517446], [-45.96642277, -23.73532834], [-45.96643029, -23.73537688], [-45.96643243, -23.7354269], [-45.96642435, -23.73550237], [-45.96640889, -23.73554799], [-45.96639293, -23.73557879], [-45.96639074, -23.73558847], [-45.96639432, -23.73560705], [-45.96640828, -23.73562458], [-45.966489, -23.73567474], [-45.9665394, -23.73571128], [-45.96658268, -23.73575336], [-45.96660121, -23.73577736], [-45.96664555, -23.73585684], [-45.96666713, -23.73590954], [-45.96670487, -23.73602527], [-45.96672152, -23.73608676], [-45.96673302, -23.73614386], [-45.9667398, -23.7361981], [-45.96674264, -23.7362511], [-45.96674204, -23.73630258], [-45.96673141, -23.73645673], [-45.96673143, -23.73651273], [-45.96673676, -23.7365705], [-45.96674708, -23.73662652], [-45.96677187, -23.73670106], [-45.96679761, -23.73674596], [-45.96684819, -23.73680616], [-45.96688405, -23.73683989], [-45.96692252, -23.73686837], [-45.96696497, -23.73689105], [-45.96698789, -23.73689922], [-45.96701216, -23.73690376], [-45.96703777, -23.73690468], [-45.9671215, -23.73689702], [-45.96718128, -23.73690017], [-45.96721153, -23.73690513], [-45.96724092, -23.73691281], [-45.96729722, -23.73693666], [-45.96732294, -23.73695239], [-45.96736462, -23.7369898], [-45.96738067, -23.73701155], [-45.967407, -23.73705627], [-45.96742783, -23.73709968], [-45.96744645, -23.73715086], [-45.9674828, -23.73728981], [-45.96751293, -23.73745012], [-45.96757724, -23.73771019], [-45.9675942, -23.73782695], [-45.96759708, -23.73787164], [-45.96759711, -23.73796946], [-45.96758827, -23.73814021], [-45.96758041, -23.73820538], [-45.96755802, -23.7382953], [-45.96753283, -23.73835181], [-45.9674984, -23.73840568], [-45.96745499, -23.73845291], [-45.96740358, -23.73849234], [-45.96737749, -23.73850786], [-45.96732546, -23.73852968], [-45.96727445, -23.73854373], [-45.96718022, -23.73856455], [-45.96714146, -23.73857653], [-45.96712671, -23.73858538], [-45.96712165, -23.73859174], [-45.96711566, -23.73861797], [-45.96714643, -23.73877231], [-45.96715387, -23.73879674], [-45.9671754, -23.73884149], [-45.96720741, -23.73888527], [-45.96729729, -23.73898], [-45.96740403, -23.73909873], [-45.9674467, -23.73913694], [-45.96750776, -23.73918198], [-45.96757292, -23.73922294], [-45.96765177, -23.73925966], [-45.96767562, -23.73927387], [-45.96772212, -23.73931233], [-45.96776365, -23.73935596], [-45.96792871, -23.7395613], [-45.96796787, -23.73960269], [-45.96801043, -23.73963973], [-45.96805619, -23.73967159], [-45.96810475, -23.73969766], [-45.9682014, -23.73973878], [-45.96825167, -23.73975617], [-45.96836867, -23.7397903], [-45.96842398, -23.73981253], [-45.96847726, -23.73984056], [-45.9685306, -23.73987563], [-45.96857973, -23.73991271], [-45.9686207, -23.7399466], [-45.96869323, -23.74001587], [-45.96872661, -23.74005847], [-45.96875565, -23.7401122], [-45.96877933, -23.74016923], [-45.96886652, -23.74043069], [-45.96895005, -23.74062119], [-45.96902328, -23.74077291], [-45.96905402, -23.74081652], [-45.96907123, -23.74083547], [-45.96911074, -23.74087135], [-45.96920555, -23.74094211], [-45.96924506, -23.74097736], [-45.96927908, -23.74101318], [-45.96930996, -23.74105047], [-45.96939119, -23.74116827], [-45.9694309, -23.74121806], [-45.96949293, -23.74128685], [-45.96951534, -23.74130595], [-45.96959758, -23.74136134], [-45.96964825, -23.7413939], [-45.96970716, -23.74142613], [-45.96981565, -23.74147603], [-45.96998751, -23.74153718], [-45.97004373, -23.74156465], [-45.97009244, -23.74159767], [-45.97012746, -23.74163538], [-45.97015258, -23.74167587], [-45.97022923, -23.74185096], [-45.97024849, -23.74188182], [-45.97026003, -23.74189069], [-45.97027574, -23.74189231], [-45.97029582, -23.74188667], [-45.97037379, -23.74184337], [-45.97045683, -23.74180826], [-45.97050963, -23.74179727], [-45.97053484, -23.74179612], [-45.97058392, -23.74180005], [-45.97063188, -23.74181059], [-45.97068027, -23.74182682], [-45.97073066, -23.74184781], [-45.97077971, -23.74187379], [-45.97082429, -23.74190503], [-45.97086635, -23.74194062], [-45.97095014, -23.74201948], [-45.97108207, -23.74213435], [-45.97125687, -23.74230115], [-45.97129055, -23.74234502], [-45.97132925, -23.7424163], [-45.97134437, -23.74245712], [-45.9713574, -23.7425078], [-45.97136176, -23.74251364], [-45.97138919, -23.74252196], [-45.97150832, -23.74253666], [-45.97155294, -23.74254757], [-45.97159937, -23.74256336], [-45.97165687, -23.74259154], [-45.97173445, -23.74263955], [-45.97177843, -23.74267016], [-45.97186707, -23.74274132], [-45.97199227, -23.74286119], [-45.97214979, -23.7430393], [-45.97236502, -23.74327304], [-45.9724316, -23.74336023], [-45.97246394, -23.74340871], [-45.97258375, -23.7436081], [-45.97266061, -23.74374445], [-45.97268087, -23.74379038], [-45.97269671, -23.74383679], [-45.97270706, -23.7438827], [-45.97271302, -23.74393152], [-45.9727192, -23.74403779], [-45.97272527, -23.74407487], [-45.97274111, -23.7441081], [-45.97277369, -23.74414754], [-45.97284991, -23.744226], [-45.97288733, -23.74426993], [-45.97296986, -23.74439134], [-45.97303378, -23.74447665], [-45.97305851, -23.7445174], [-45.97317822, -23.74474208], [-45.97323984, -23.74483544], [-45.97327359, -23.74487542], [-45.97341878, -23.74503085], [-45.9734934, -23.74513018], [-45.97352697, -23.74518379], [-45.97355235, -23.74523313], [-45.97357364, -23.74528502], [-45.97363818, -23.74548096], [-45.97366425, -23.74553002], [-45.97371906, -23.74560427], [-45.97375418, -23.74564343], [-45.97389742, -23.74578695], [-45.97393343, -23.745827], [-45.97396571, -23.74586636], [-45.97405117, -23.74598431], [-45.97409987, -23.74606827], [-45.97416385, -23.74621427], [-45.97420388, -23.74629287], [-45.97426556, -23.74639802], [-45.97428202, -23.74640979], [-45.97427615, -23.74641608], [-45.9744184, -23.74665459], [-45.97443691, -23.74669006], [-45.97446722, -23.74676781], [-45.97447892, -23.7468101], [-45.97453445, -23.74706038], [-45.97455283, -23.74715744], [-45.97456647, -23.74724939], [-45.97457434, -23.74735763], [-45.97457321, -23.74746909], [-45.97456741, -23.74752124], [-45.97450976, -23.74782913], [-45.97451975, -23.74784027], [-45.97463509, -23.74792697], [-45.97467658, -23.74796455], [-45.97469292, -23.74798377], [-45.97480628, -23.74815073], [-45.97491369, -23.7484989], [-45.97489808, -23.74861623], [-45.97488278, -23.74867007], [-45.97486313, -23.74871869], [-45.97483951, -23.74876246], [-45.97478534, -23.74884075], [-45.97472151, -23.74891214], [-45.9746827, -23.748944], [-45.97463639, -23.74897084], [-45.97458612, -23.74899265], [-45.97453522, -23.74900996], [-45.9744834, -23.74902157], [-45.97443056, -23.74902669], [-45.97431949, -23.74902757], [-45.9741821, -23.74902428], [-45.97414553, -23.74902768], [-45.97405028, -23.74904381], [-45.9739716, -23.74911177], [-45.97394206, -23.74914392], [-45.97388296, -23.74922505], [-45.973859, -23.74924922], [-45.97383454, -23.74925841], [-45.97379729, -23.74926262], [-45.973775, -23.7492614], [-45.973752, -23.74925586], [-45.97372828, -23.74924607], [-45.97368007, -23.74921504], [-45.97364181, -23.74917599], [-45.97362712, -23.74915386], [-45.97360313, -23.74910687], [-45.97358441, -23.74905749], [-45.97354168, -23.74891895], [-45.97352722, -23.74888688], [-45.97350777, -23.74885801], [-45.97346424, -23.74880943], [-45.97344475, -23.74877487], [-45.9734403, -23.74875701], [-45.97343664, -23.74871414], [-45.97343691, -23.7486576], [-45.97344089, -23.74859877], [-45.97345391, -23.7485025], [-45.97345354, -23.7484522], [-45.97345041, -23.74842765], [-45.97343559, -23.74838738], [-45.97342389, -23.74837173], [-45.97339366, -23.74834365], [-45.97331593, -23.74828779], [-45.97320103, -23.74818221], [-45.97315474, -23.74814538], [-45.97310655, -23.74811624], [-45.97299401, -23.74806465], [-45.9729277, -23.74804041], [-45.97285514, -23.74802055], [-45.97272108, -23.74798951], [-45.97261221, -23.74796852], [-45.97255723, -23.74796381], [-45.97242656, -23.7479668], [-45.97236187, -23.74796386], [-45.97230079, -23.74795684], [-45.97224489, -23.74794618], [-45.97219051, -23.74793017], [-45.97213372, -23.74790732], [-45.97202057, -23.74785176], [-45.97176685, -23.74770831], [-45.97171525, -23.74768253], [-45.97160992, -23.74763677], [-45.97155593, -23.74761904], [-45.97143213, -23.74759706], [-45.97130041, -23.74756447], [-45.97122465, -23.74753523], [-45.97119421, -23.74751863], [-45.97114674, -23.74748171], [-45.97112912, -23.74746141], [-45.97111572, -23.74743991], [-45.97109575, -23.74739334], [-45.97106663, -23.7472912], [-45.97104421, -23.74724473], [-45.97101457, -23.74720392], [-45.97097831, -23.74716946], [-45.97080879, -23.74704137], [-45.97078873, -23.74702136], [-45.97077306, -23.74699861], [-45.97076178, -23.74697312], [-45.9707549, -23.74694489], [-45.97072257, -23.74670079], [-45.97071706, -23.74668484], [-45.97070993, -23.74667558], [-45.97070127, -23.74667283], [-45.97067802, -23.74667605], [-45.97060596, -23.7466942], [-45.97045724, -23.74675023], [-45.97040581, -23.74677503], [-45.97035572, -23.74680741], [-45.97031174, -23.74684399], [-45.97029392, -23.74686235], [-45.97019654, -23.74698868], [-45.97014578, -23.74704933], [-45.97010369, -23.74709006], [-45.97006463, -23.74711586], [-45.97002296, -23.74713211], [-45.96997601, -23.74713909], [-45.96992095, -23.74713736], [-45.96986112, -23.74712698], [-45.96979956, -23.74710804], [-45.96974198, -23.74708293], [-45.96969398, -23.74705379], [-45.96965311, -23.74702099], [-45.96961684, -23.74698473], [-45.9695521, -23.74690873], [-45.96951186, -23.74685344], [-45.96950426, -23.7468477], [-45.96949092, -23.74684788], [-45.96947183, -23.74685414], [-45.96939274, -23.74689311], [-45.9693406, -23.74691295], [-45.96928791, -23.746927], [-45.96923166, -23.74693675], [-45.96917243, -23.74694091], [-45.9691105, -23.74693841], [-45.9690505, -23.74693138], [-45.96899686, -23.74692197], [-45.96889758, -23.7468973], [-45.96884122, -23.74687841], [-45.96876997, -23.74684987], [-45.96870351, -23.74681922], [-45.96866143, -23.74679419], [-45.96864672, -23.74678128], [-45.96861829, -23.74674452], [-45.96858104, -23.7466697], [-45.96856437, -23.74661913], [-45.96854456, -23.74652731], [-45.96853835, -23.74650974], [-45.9685261, -23.74649862], [-45.96850801, -23.74649367], [-45.96838724, -23.74650906], [-45.96833418, -23.74651174], [-45.96826068, -23.74651058], [-45.96818127, -23.74650539], [-45.96811036, -23.74649617], [-45.96804502, -23.7464833], [-45.9679823, -23.74646716], [-45.96787155, -23.74643038], [-45.967824, -23.74640963], [-45.96770242, -23.74634121], [-45.96767062, -23.74632587], [-45.96764338, -23.74631728], [-45.96764054, -23.74631893], [-45.96763855, -23.74632788], [-45.96764935, -23.74636863], [-45.96767074, -23.74642161], [-45.96769365, -23.74646852], [-45.967798, -23.74664877], [-45.96789665, -23.74682671], [-45.96792208, -23.7468681], [-45.96804117, -23.74703796], [-45.96806772, -23.74708548], [-45.96810942, -23.74717915], [-45.96817069, -23.74734432], [-45.96819695, -23.7473922], [-45.96822728, -23.74743419], [-45.96826211, -23.74747371], [-45.96837593, -23.7475803], [-45.9684195, -23.74763349], [-45.9684564, -23.74768745], [-45.96847593, -23.74772797], [-45.96848354, -23.74776224], [-45.96848439, -23.74779737], [-45.96848089, -23.74781528], [-45.96847269, -23.74783339], [-45.96845997, -23.7478518], [-45.96844264, -23.74787052], [-45.96842236, -23.74788744], [-45.96840058, -23.74790095], [-45.9683773, -23.74791076], [-45.96835252, -23.74791696], [-45.96830154, -23.74792207], [-45.9682505, -23.74791941], [-45.96818494, -23.74790447], [-45.96809051, -23.74787281], [-45.96798498, -23.74781161], [-45.96791668, -23.74775739], [-45.96761192, -23.74746541], [-45.96757272, -23.74741752], [-45.96754577, -23.74736937], [-45.96744086, -23.74715335], [-45.96734734, -23.74695253], [-45.96726548, -23.74676301], [-45.96724873, -23.74671326], [-45.96723631, -23.7466662], [-45.96722851, -23.74661973], [-45.96722525, -23.74652266], [-45.96722745, -23.74647514], [-45.96723496, -23.74641657], [-45.96725218, -23.7463259], [-45.96722741, -23.74623074], [-45.96715713, -23.74617419], [-45.96707435, -23.74609803], [-45.96704361, -23.74605451], [-45.96703264, -23.74603128], [-45.96701796, -23.74598205], [-45.96701217, -23.74592962], [-45.96701295, -23.7459027], [-45.96702306, -23.74584944], [-45.96703238, -23.74582301], [-45.96705866, -23.74576766], [-45.96711196, -23.7456771], [-45.96713388, -23.74562927], [-45.96713882, -23.7455951], [-45.96713763, -23.74557921], [-45.96712896, -23.74554802], [-45.96711903, -23.74553164], [-45.96707694, -23.74549244], [-45.96684246, -23.74533504], [-45.96679884, -23.74530117], [-45.96675692, -23.74525871], [-45.96673478, -23.74524973], [-45.96670485, -23.74524937], [-45.96664551, -23.74526492], [-45.96656858, -23.7452906], [-45.96651959, -23.74530021], [-45.96649997, -23.74529979], [-45.96641497, -23.74528262], [-45.96635134, -23.74526305], [-45.96625304, -23.74522465], [-45.96620397, -23.7452087], [-45.96613746, -23.74519738], [-45.96603862, -23.74519266], [-45.96576071, -23.74518663], [-45.9655749, -23.74518933], [-45.96551609, -23.74518473], [-45.96526916, -23.74512179], [-45.9651957, -23.74509849], [-45.96514881, -23.7450734], [-45.96512543, -23.74505711], [-45.9650205, -23.7449707], [-45.96499931, -23.74495738], [-45.96495316, -23.74493915], [-45.96490373, -23.74492862], [-45.96485295, -23.74492189], [-45.96474192, -23.74491301], [-45.96457064, -23.74490406], [-45.96445602, -23.74490134], [-45.96423116, -23.74490473], [-45.96416355, -23.74490289], [-45.96406035, -23.74489171], [-45.96399294, -23.74487867], [-45.96389916, -23.74485469], [-45.96368328, -23.74479742], [-45.96357846, -23.74476664], [-45.9633314, -23.74471209], [-45.96324676, -23.7446904], [-45.96316445, -23.74466527], [-45.96309096, -23.74463863], [-45.96303278, -23.74461244], [-45.96284032, -23.7445104], [-45.96264162, -23.74441491], [-45.96258547, -23.74438464], [-45.96226276, -23.74418299], [-45.96216381, -23.74411027], [-45.96199427, -23.74396293], [-45.96194632, -23.74392773], [-45.96175048, -23.74379293], [-45.96163969, -23.74372354], [-45.96149148, -23.74363568], [-45.96136896, -23.74354648], [-45.96122731, -23.74345614], [-45.96090905, -23.74323242], [-45.96086315, -23.74320778], [-45.96081034, -23.74319076], [-45.96063586, -23.74314714], [-45.96056094, -23.74312602], [-45.96049789, -23.74310383], [-45.96044286, -23.74307816], [-45.96039073, -23.74304787], [-45.9603367, -23.74301217], [-45.96024123, -23.74294412], [-45.96019809, -23.74290862], [-45.96014997, -23.74286178], [-45.96010358, -23.7428114], [-45.95996702, -23.74263884], [-45.9599276, -23.74260187], [-45.95988408, -23.74256719], [-45.9597021, -23.74243718], [-45.95966497, -23.7424039], [-45.95959518, -23.74233235], [-45.9595193, -23.74224702], [-45.95947859, -23.74219534], [-45.95943734, -23.74213535], [-45.95936863, -23.74202406], [-45.95934317, -23.74197779], [-45.95930209, -23.74188836], [-45.95927251, -23.74178748], [-45.95926955, -23.74178497], [-45.95919334, -23.74177442], [-45.95913792, -23.74176366], [-45.95907344, -23.7417469], [-45.959004, -23.74172385], [-45.95891927, -23.74168942], [-45.95880872, -23.7416389], [-45.9586656, -23.74156211], [-45.95848316, -23.7414489], [-45.95832148, -23.74134251], [-45.95824061, -23.74128585], [-45.95820141, -23.74125213], [-45.95816434, -23.74121424], [-45.95812831, -23.7411713], [-45.95809224, -23.7411223], [-45.95805769, -23.74106579], [-45.9580264, -23.74100042], [-45.9580012, -23.74093518], [-45.95798509, -23.74087901], [-45.9579678, -23.74078194], [-45.95795518, -23.74063959], [-45.9579573, -23.7405666], [-45.9579683, -23.74051532], [-45.95800136, -23.74043338], [-45.95803204, -23.74037638], [-45.9580655, -23.74032342], [-45.95809737, -23.7402806], [-45.95825161, -23.74010704], [-45.95834953, -23.73998704], [-45.95844771, -23.73983569], [-45.95845991, -23.73981294], [-45.95847743, -23.7397665], [-45.9584864, -23.73971867], [-45.95848666, -23.73962004], [-45.95849092, -23.73957224], [-45.95850726, -23.73947242], [-45.95850534, -23.7394644], [-45.9584928, -23.73945382], [-45.95846903, -23.73945044], [-45.95843403, -23.73945427], [-45.9583587, -23.73947064], [-45.95813486, -23.73954383], [-45.95808437, -23.73956265], [-45.95798617, -23.73960481], [-45.9578309, -23.73967748], [-45.95778003, -23.73969785], [-45.95768334, -23.73973096], [-45.95763592, -23.73974011], [-45.95761149, -23.73974062], [-45.95756228, -23.73973307], [-45.95753936, -23.73972454], [-45.95751769, -23.73971275], [-45.95749747, -23.73969779], [-45.95746168, -23.7396608], [-45.95744622, -23.73963958], [-45.95740672, -23.73956477], [-45.95738186, -23.73950505], [-45.95731747, -23.73932653], [-45.95729455, -23.7392788], [-45.95728135, -23.73925811], [-45.95724775, -23.73922436], [-45.95722734, -23.73921121], [-45.95718176, -23.73918954], [-45.9571314, -23.73917206], [-45.95707911, -23.73915911], [-45.95690113, -23.7391323], [-45.95684714, -23.73911466], [-45.95678798, -23.73908848], [-45.95671315, -23.73906428], [-45.95658726, -23.73903652], [-45.95647212, -23.73901601], [-45.95641706, -23.7389991], [-45.95636411, -23.73897676], [-45.95631781, -23.73895031], [-45.95623338, -23.73889023], [-45.95618937, -23.73885465], [-45.95599777, -23.73868233], [-45.955803, -23.73853171], [-45.95576713, -23.73849617], [-45.95575256, -23.73850258], [-45.95572125, -23.7385417], [-45.95565509, -23.73864543], [-45.95556314, -23.73880315], [-45.95554401, -23.738831], [-45.95551072, -23.73886652], [-45.95548794, -23.73887732], [-45.95544984, -23.73888731], [-45.95539644, -23.73889667], [-45.95532763, -23.7389054], [-45.95524977, -23.73891058], [-45.95516901, -23.73890954], [-45.95508547, -23.73890229], [-45.95499903, -23.73888874], [-45.95491403, -23.73884365], [-45.95484968, -23.73880503], [-45.95480579, -23.73877306], [-45.95478265, -23.73874764], [-45.95476151, -23.73870072], [-45.95475455, -23.73867538], [-45.95474837, -23.73862186], [-45.95475594, -23.73856943], [-45.9547746, -23.73851802], [-45.95478518, -23.73846195], [-45.95478406, -23.73840235], [-45.95477846, -23.73837556], [-45.95476956, -23.73835141], [-45.95475723, -23.73832999], [-45.95473942, -23.73830915], [-45.95471424, -23.73828645], [-45.95456622, -23.73818242], [-45.95453718, -23.73815641], [-45.95451404, -23.7381309], [-45.95447379, -23.73807434], [-45.95443346, -23.73800567], [-45.95433154, -23.73780607], [-45.95431684, -23.73778195], [-45.95430666, -23.73777109], [-45.95430312, -23.73777057], [-45.95428269, -23.73782064], [-45.95424634, -23.73793467], [-45.95413818, -23.73830636], [-45.954104, -23.73840935], [-45.95406672, -23.73850369], [-45.95402721, -23.73858811], [-45.95398604, -23.7386617], [-45.95394275, -23.73872591], [-45.95389656, -23.73878256], [-45.95384494, -23.73883463], [-45.95378537, -23.73888539], [-45.95375199, -23.73890962], [-45.95367588, -23.73895344], [-45.95363324, -23.73897295], [-45.95354372, -23.73900737], [-45.95345239, -23.73903557], [-45.95336423, -23.73905562], [-45.95328425, -23.73906578], [-45.95320146, -23.73906864], [-45.95305614, -23.73906646], [-45.95297564, -23.73907256], [-45.9529439, -23.73907925], [-45.9525444, -23.73918901], [-45.95244457, -23.73920823], [-45.95240073, -23.73921139], [-45.95236109, -23.73921037], [-45.95228399, -23.7392001], [-45.95220341, -23.73918208], [-45.95213161, -23.73915778], [-45.95210365, -23.73914386], [-45.95208088, -23.73912883], [-45.95203672, -23.73908792], [-45.95198458, -23.73902736], [-45.95192841, -23.73895274], [-45.9518451, -23.73882961], [-45.95181915, -23.73879654], [-45.95179453, -23.73877049], [-45.95177124, -23.73875158], [-45.95171467, -23.73871698], [-45.95163569, -23.73867519], [-45.95136471, -23.73854184], [-45.95125297, -23.73847497], [-45.95121683, -23.73845686], [-45.95114286, -23.73843058], [-45.9511062, -23.73842204], [-45.95103824, -23.7384127], [-45.95100694, -23.73841199], [-45.95073791, -23.7384244], [-45.95063117, -23.73842496], [-45.95052771, -23.73841765], [-45.95043319, -23.7383989], [-45.9503488, -23.73837034], [-45.95027574, -23.73833376], [-45.95021205, -23.73829071], [-45.95015538, -23.73824292], [-45.95010476, -23.73818913], [-45.95008129, -23.73815965], [-45.95001928, -23.73806348], [-45.94998622, -23.73799739], [-45.94997254, -23.73796379], [-45.94995173, -23.73789482], [-45.94994461, -23.73785946], [-45.94993654, -23.73778933], [-45.94993741, -23.73765105], [-45.9499331, -23.73757178], [-45.94992656, -23.73750787], [-45.94992098, -23.73748289], [-45.94980744, -23.73742587], [-45.9497087, -23.7373657], [-45.94965452, -23.73732241], [-45.94960289, -23.73726501], [-45.94958516, -23.737241], [-45.9495719, -23.73725256], [-45.94955794, -23.7372754], [-45.94952179, -23.73735068], [-45.94950706, -23.73738988], [-45.94949576, -23.73742797], [-45.94944285, -23.73768118], [-45.94941636, -23.73776254], [-45.94938438, -23.73783012], [-45.94934315, -23.73789449], [-45.94929306, -23.73795504], [-45.94926654, -23.73797887], [-45.9492395, -23.73799773], [-45.94918317, -23.73802165], [-45.94912382, -23.73803656], [-45.94903575, -23.73804285], [-45.94896008, -23.73803828], [-45.94877957, -23.7380123], [-45.94860394, -23.73797065], [-45.94850992, -23.73795335], [-45.94840799, -23.73794006], [-45.9483004, -23.73793169], [-45.94819697, -23.73792944], [-45.94815038, -23.73793108], [-45.94797833, -23.73794983], [-45.94788425, -23.73795077], [-45.94780775, -23.73794131], [-45.94776766, -23.73793261], [-45.94769304, -23.73791112], [-45.94763164, -23.73788648], [-45.94757048, -23.73785371], [-45.94740708, -23.73775238], [-45.9473001, -23.73769315], [-45.9471902, -23.73763738], [-45.94699835, -23.73754932], [-45.94690212, -23.7374978], [-45.94685719, -23.7374708], [-45.94679022, -23.7374218], [-45.94676818, -23.73739981], [-45.94673468, -23.73735341], [-45.94670682, -23.73729912], [-45.94669631, -23.73727046], [-45.9466867, -23.73721642], [-45.9466876, -23.73719104], [-45.9466994, -23.73714102], [-45.94670981, -23.73711585], [-45.94672337, -23.73709075], [-45.94675745, -23.73704177], [-45.9467998, -23.73699599], [-45.94685556, -23.73694669], [-45.94697128, -23.73685756], [-45.94705019, -23.73680804], [-45.94728063, -23.73669626], [-45.94729117, -23.73668842], [-45.9472998, -23.73667519], [-45.9472977, -23.73666969], [-45.94728086, -23.73666121], [-45.94722397, -23.73664828], [-45.94707436, -23.73662247], [-45.94698335, -23.7366009], [-45.94690252, -23.73657502], [-45.94687348, -23.73656165], [-45.94685209, -23.73654787], [-45.946819, -23.73651727], [-45.94678257, -23.73647252], [-45.94676711, -23.73646367], [-45.94675886, -23.73646327], [-45.94674096, -23.73647052], [-45.94672137, -23.73648861], [-45.94667723, -23.73654352], [-45.94659981, -23.73665129], [-45.94655027, -23.73670615], [-45.94652715, -23.73672435], [-45.94647613, -23.73675158], [-45.9464132, -23.73677256], [-45.94634159, -23.73678772], [-45.94626504, -23.73679758], [-45.94601853, -23.73681742], [-45.94596821, -23.73681881], [-45.94587979, -23.7368152], [-45.9457034, -23.73679063], [-45.94552463, -23.73676065], [-45.9454362, -23.73674322], [-45.94528541, -23.73670233], [-45.94519225, -23.73666839], [-45.94515032, -23.73664977], [-45.94507713, -23.73660931], [-45.94504627, -23.73658755], [-45.94499521, -23.73654072], [-45.94497325, -23.73651592], [-45.94493608, -23.73646386], [-45.94490575, -23.73640759], [-45.94487323, -23.73633229], [-45.94486245, -23.73632043], [-45.94484845, -23.7363113], [-45.94483094, -23.73630482], [-45.94478607, -23.73629976], [-45.94472763, -23.73630536], [-45.94457565, -23.73634449], [-45.94448886, -23.73636317], [-45.94445974, -23.73636552], [-45.94442617, -23.7363641], [-45.94434601, -23.73635005], [-45.94426017, -23.73632375], [-45.94416145, -23.73627946], [-45.9441255, -23.73627309], [-45.94410834, -23.73627518], [-45.94407597, -23.73628983], [-45.94406066, -23.73630239], [-45.94401376, -23.73635596], [-45.94392854, -23.73644292], [-45.94370661, -23.7366473], [-45.94367858, -23.73669155], [-45.9436568, -23.73674678], [-45.94364027, -23.73678021], [-45.94359247, -23.7368598], [-45.94353924, -23.73693319], [-45.94351597, -23.73695907], [-45.94349492, -23.73697753], [-45.94345468, -23.73700307], [-45.94343424, -23.7370125], [-45.94339028, -23.73702541], [-45.9432897, -23.73703605], [-45.94322083, -23.73703701], [-45.9431792, -23.73703211], [-45.94314376, -23.73701598], [-45.94309339, -23.73698332], [-45.94306478, -23.73696164], [-45.94300967, -23.73691086], [-45.94276399, -23.73662217], [-45.94269389, -23.73653372], [-45.94261032, -23.73641465], [-45.94258921, -23.73639771], [-45.94256331, -23.73638504], [-45.94246757, -23.73635961], [-45.94240322, -23.7363339], [-45.94234699, -23.73630498], [-45.9423056, -23.7362785], [-45.94228782, -23.73626208], [-45.94226832, -23.73623809], [-45.94223503, -23.73618577], [-45.94220346, -23.73612757], [-45.94218761, -23.73609262], [-45.94217132, -23.73603817], [-45.94217066, -23.73598715], [-45.94218079, -23.73592233], [-45.94220111, -23.73585519], [-45.94221492, -23.73582503], [-45.94227168, -23.73573734], [-45.94232375, -23.7356654], [-45.94243179, -23.73551744], [-45.94250356, -23.73542921], [-45.94254986, -23.7353872], [-45.94260923, -23.73534846], [-45.94288971, -23.73520991], [-45.94295468, -23.73517231], [-45.94299361, -23.73514299], [-45.94299953, -23.73513329], [-45.94299634, -23.73512707], [-45.94294625, -23.73510498], [-45.9429258, -23.73509887], [-45.94282788, -23.73508475], [-45.94264041, -23.73507343], [-45.94254249, -23.73507231], [-45.94238529, -23.73508194], [-45.94228631, -23.73508399], [-45.94225411, -23.73508066], [-45.94219534, -23.73506693], [-45.94216033, -23.73505504], [-45.94211939, -23.73503704], [-45.94205299, -23.73499988], [-45.94201067, -23.73496762], [-45.94191881, -23.73488129], [-45.94190066, -23.7348675], [-45.94188158, -23.73486039], [-45.9417991, -23.73489277], [-45.94165012, -23.73493965], [-45.94150381, -23.73497703], [-45.94139085, -23.73499966], [-45.94133614, -23.73501752], [-45.94130935, -23.73503006], [-45.94125758, -23.73506216], [-45.94118423, -23.73512213], [-45.94115787, -23.73513927], [-45.94103813, -23.73520159], [-45.94096758, -23.73522776], [-45.94094035, -23.73523317], [-45.94088278, -23.73523596], [-45.94080849, -23.7352328], [-45.94076745, -23.73522853], [-45.94068737, -23.7352124], [-45.94061106, -23.73518703], [-45.94054501, -23.73515664], [-45.94051624, -23.73513983], [-45.94046358, -23.73510204], [-45.94041499, -23.73505808], [-45.94036762, -23.73500544], [-45.9402673, -23.73487473], [-45.94008166, -23.73468095], [-45.94004861, -23.73464241], [-45.93999081, -23.73455813], [-45.9399083, -23.73440726], [-45.93989462, -23.7343881], [-45.93986154, -23.73435805], [-45.93981178, -23.73432836], [-45.93978078, -23.73431455], [-45.93970753, -23.73429188], [-45.93942211, -23.73423463], [-45.93937703, -23.73422813], [-45.93933688, -23.73422495], [-45.93927117, -23.73422751], [-45.93922316, -23.73423666], [-45.93920575, -23.73424336], [-45.93918973, -23.73425402], [-45.9391719, -23.73427102], [-45.93908472, -23.73438517], [-45.93903299, -23.7344366], [-45.93897972, -23.73447784], [-45.93895374, -23.73449452], [-45.93890036, -23.73452005], [-45.93886746, -23.73452955], [-45.93878651, -23.73454214], [-45.93863384, -23.73455382], [-45.93856027, -23.73455472], [-45.93846311, -23.73455097], [-45.93841177, -23.7345465], [-45.93836707, -23.73453891], [-45.93832883, -23.73452839], [-45.93829724, -23.73451486], [-45.93827113, -23.73449858], [-45.93824961, -23.73447983], [-45.93823278, -23.73445871], [-45.93822054, -23.73443512], [-45.93820504, -23.73438066], [-45.9381985, -23.73431658], [-45.93819914, -23.73428297], [-45.93820343, -23.73425107], [-45.93821126, -23.73422094], [-45.93822263, -23.73419242], [-45.93825356, -23.73414166], [-45.93829368, -23.73409969], [-45.93834279, -23.73406534], [-45.93840076, -23.73403726], [-45.93855495, -23.73397708], [-45.93864111, -23.73393934], [-45.93867982, -23.7339186], [-45.93874827, -23.73387402], [-45.93880279, -23.73382826], [-45.93889816, -23.73372075], [-45.93892625, -23.73368364], [-45.93893632, -23.7336656], [-45.93895215, -23.73361583], [-45.93895275, -23.73358918], [-45.93894588, -23.73356177], [-45.9389319, -23.73352699], [-45.93891878, -23.73350359], [-45.93889696, -23.73347157], [-45.93874873, -23.73328117], [-45.93868679, -23.73319376], [-45.93864041, -23.73311574], [-45.9386087, -23.73304304], [-45.93858867, -23.73297272], [-45.93857756, -23.7329017], [-45.93857028, -23.73273457], [-45.93857307, -23.73260305], [-45.9385703, -23.73258636], [-45.93855862, -23.73257225], [-45.93853804, -23.73256054], [-45.93850864, -23.73255142], [-45.93844213, -23.73253891], [-45.93837851, -23.73253306], [-45.93815332, -23.73252994], [-45.93803259, -23.73251082], [-45.93795019, -23.73249357], [-45.93778115, -23.73242487], [-45.93761132, -23.73236873], [-45.93751128, -23.73233231], [-45.93746228, -23.73231246], [-45.93740808, -23.73228643], [-45.93733264, -23.73223511], [-45.93730579, -23.73220945], [-45.93727093, -23.73216984], [-45.9371166, -23.73194832], [-45.93706465, -23.73188722], [-45.93701231, -23.73183867], [-45.9369549, -23.73179504], [-45.93676665, -23.73167307], [-45.93672622, -23.73164433], [-45.93665102, -23.73158273], [-45.93661881, -23.73155141], [-45.93659378, -23.73152166], [-45.93657611, -23.7314935], [-45.93656562, -23.73146692], [-45.93656053, -23.73144076], [-45.93656132, -23.7313862], [-45.93657631, -23.73132867], [-45.93660336, -23.73126926], [-45.93662129, -23.73123898], [-45.93666655, -23.73117521], [-45.93672473, -23.73110649], [-45.93675687, -23.7310736], [-45.93678865, -23.73104631], [-45.93681989, -23.73102445], [-45.93685078, -23.73100818], [-45.9368813, -23.73099662], [-45.93691117, -23.73098876], [-45.93694057, -23.73098479], [-45.93712495, -23.73098954], [-45.93722167, -23.73098842], [-45.93731522, -23.73098243], [-45.93741236, -23.73097037], [-45.937575, -23.73094084], [-45.93768116, -23.73092765], [-45.93783633, -23.73092264], [-45.93795021, -23.73092421], [-45.93813431, -23.73091818], [-45.93826854, -23.73089424], [-45.93827834, -23.7308866], [-45.93828348, -23.73087835], [-45.93828546, -23.73086778], [-45.93828045, -23.73083963], [-45.93826321, -23.73080198], [-45.93821881, -23.73072679], [-45.93814907, -23.73062745], [-45.93811571, -23.73059018], [-45.93807603, -23.73055432], [-45.93801487, -23.73050977], [-45.93785952, -23.73040724], [-45.93778927, -23.73035094], [-45.93766468, -23.73022832], [-45.93746575, -23.73001349], [-45.93739084, -23.72993699], [-45.93731429, -23.72986412], [-45.93724065, -23.72980125], [-45.9371654, -23.72974553], [-45.9370436, -23.72966932], [-45.93697684, -23.72962104], [-45.93695028, -23.72959736], [-45.93690795, -23.72955002], [-45.93687827, -23.72950215], [-45.9368565, -23.72944854], [-45.9368376, -23.72938399], [-45.93682274, -23.72930947], [-45.93681312, -23.72922635], [-45.93681115, -23.72918346], [-45.93681665, -23.72910259], [-45.93683418, -23.72902897], [-45.93686031, -23.72896577], [-45.9368764, -23.7289383], [-45.9369153, -23.72889092], [-45.9369634, -23.72885333], [-45.93701902, -23.72882526], [-45.9370803, -23.7288062], [-45.93714812, -23.72879621], [-45.93722345, -23.72879512], [-45.93729748, -23.72880335], [-45.93733089, -23.728811], [-45.93742844, -23.72884256], [-45.93751001, -23.72886248], [-45.93755254, -23.72887044], [-45.93762675, -23.72887667], [-45.93765823, -23.72887504], [-45.93771967, -23.72886509], [-45.93778499, -23.7288479], [-45.93785995, -23.72882179], [-45.93798751, -23.72877044], [-45.93805478, -23.72875287], [-45.93808488, -23.72874998], [-45.93815081, -23.72875075], [-45.93832493, -23.72876234], [-45.93851447, -23.72876273], [-45.93861809, -23.72876607], [-45.93871998, -23.7287734], [-45.93885175, -23.72879021], [-45.93888677, -23.72878973], [-45.93891656, -23.72878422], [-45.93896339, -23.72876154], [-45.93901221, -23.72874354], [-45.93908854, -23.72873052], [-45.93914462, -23.72872567], [-45.93915174, -23.72871921], [-45.93915107, -23.72870847], [-45.93914263, -23.72869343], [-45.9391144, -23.72865685], [-45.93905607, -23.72859353], [-45.93899805, -23.72854664], [-45.93892656, -23.72849632], [-45.9388687, -23.72844374], [-45.93884653, -23.72841651], [-45.93882857, -23.72838862], [-45.93881453, -23.72835999], [-45.93880431, -23.7283306], [-45.93879802, -23.72830039], [-45.93879362, -23.7282352], [-45.93879474, -23.72819961], [-45.93880315, -23.72812649], [-45.9388099, -23.72809746], [-45.93881828, -23.72807465], [-45.93883348, -23.72804638], [-45.93882792, -23.7280372], [-45.93881158, -23.7280307], [-45.93878438, -23.72802699], [-45.9383387, -23.72800052], [-45.93825919, -23.72799332], [-45.93815312, -23.72797753], [-45.93809325, -23.72795956], [-45.93805534, -23.72793938], [-45.93804298, -23.72792653], [-45.93803275, -23.72790944], [-45.93801848, -23.7278622], [-45.93801534, -23.7278064], [-45.93802622, -23.72775088], [-45.93804828, -23.72769366], [-45.93807865, -23.7276326], [-45.93811704, -23.7275696], [-45.93827134, -23.72736148], [-45.93832951, -23.72729167], [-45.93835845, -23.72726494], [-45.93838724, -23.72724381], [-45.93850677, -23.72716704], [-45.93852608, -23.72715102], [-45.93856122, -23.72711279], [-45.9385955, -23.72706336], [-45.93865002, -23.72696458], [-45.93867702, -23.7268983], [-45.9387059, -23.72680799], [-45.93873279, -23.72675418], [-45.93876491, -23.72670584], [-45.93880041, -23.72666291], [-45.9388863, -23.72657369], [-45.93888878, -23.72656302], [-45.9388861, -23.72655942], [-45.93886252, -23.72655487], [-45.93882212, -23.72655656], [-45.93879478, -23.72656106], [-45.93857251, -23.72664776], [-45.93846886, -23.72669427], [-45.93841932, -23.72670857], [-45.93836698, -23.72671548], [-45.93831389, -23.72671264], [-45.93825719, -23.72670007], [-45.9380701, -23.72663049], [-45.93801132, -23.72661423], [-45.93795023, -23.72660439], [-45.93770053, -23.72657348], [-45.93765416, -23.72656347], [-45.93761336, -23.72655125], [-45.93749646, -23.72650273], [-45.93719176, -23.72639394], [-45.93714217, -23.72637239], [-45.93710916, -23.72635199], [-45.93709701, -23.72634023], [-45.937074, -23.72630515], [-45.93705393, -23.72625623], [-45.93704334, -23.72620292], [-45.93704343, -23.72614601], [-45.93704732, -23.72611411], [-45.9370625, -23.72604267], [-45.93708309, -23.72597128], [-45.93710453, -23.72591064], [-45.93713335, -23.72585293], [-45.93717627, -23.72579053], [-45.9372356, -23.72571882], [-45.93739211, -23.72565555], [-45.93752792, -23.72560569], [-45.93773208, -23.72553915], [-45.93776857, -23.72552484], [-45.93786465, -23.72547521], [-45.93797492, -23.72540753], [-45.93801919, -23.72536987], [-45.93803886, -23.7253487], [-45.93807356, -23.72530433], [-45.93810247, -23.7252589], [-45.93813003, -23.72520355], [-45.9381941, -23.72503969], [-45.93820555, -23.72496718], [-45.93820729, -23.72493701], [-45.93820241, -23.72491229], [-45.93819089, -23.72489303], [-45.93812563, -23.72484908], [-45.93806909, -23.72480318], [-45.93800876, -23.724748], [-45.9378811, -23.72462016], [-45.93769511, -23.72444318], [-45.93768473, -23.72446041], [-45.93767423, -23.72448757], [-45.93764185, -23.72459641], [-45.93763145, -23.72462294], [-45.93758188, -23.72470164], [-45.93747032, -23.72484935], [-45.93739401, -23.72496127], [-45.93734347, -23.72502796], [-45.93696926, -23.72550105], [-45.93692022, -23.7255578], [-45.93687377, -23.72560468], [-45.93682978, -23.72564153], [-45.93678828, -23.72566851], [-45.93670792, -23.72570739], [-45.93662758, -23.72573587], [-45.93653828, -23.72575917], [-45.93643112, -23.7257824], [-45.93637645, -23.72579122], [-45.9363284, -23.72579476], [-45.93628699, -23.72579303], [-45.93625231, -23.72578601], [-45.93622172, -23.72577545], [-45.93616503, -23.72574951], [-45.93600375, -23.72565276], [-45.93596347, -23.72563142], [-45.93592746, -23.72561619], [-45.93589561, -23.72560717], [-45.93586792, -23.72560436], [-45.93580683, -23.72560807], [-45.93548507, -23.72565147], [-45.93539653, -23.72565689], [-45.93535689, -23.72565631], [-45.93528199, -23.72564999], [-45.9352095, -23.72563761], [-45.93513658, -23.72561881], [-45.93506017, -23.72559326], [-45.93467238, -23.72544242], [-45.93458576, -23.72540248], [-45.93451904, -23.7253599], [-45.93445737, -23.72530987], [-45.93434938, -23.72521569], [-45.93431504, -23.72518844], [-45.93425374, -23.72514799], [-45.93419023, -23.72511568], [-45.93406556, -23.72506341], [-45.93394425, -23.72502693], [-45.93386995, -23.72500842], [-45.93377802, -23.72496625], [-45.93374483, -23.72494821], [-45.9336067, -23.72485132], [-45.93359321, -23.72484426], [-45.93355508, -23.72483393], [-45.93346988, -23.72482803], [-45.93317734, -23.7248409], [-45.93281886, -23.72482572], [-45.93274373, -23.72482672], [-45.93268903, -23.72483247], [-45.93265467, -23.72484297], [-45.93259272, -23.72487866], [-45.93246564, -23.72496947], [-45.93242038, -23.72500488], [-45.93235546, -23.72506334], [-45.93233193, -23.72509419], [-45.93230987, -23.72513696], [-45.93229216, -23.72518502], [-45.93228151, -23.72523196], [-45.93227636, -23.72527986], [-45.93227495, -23.72533117], [-45.93228014, -23.72543898], [-45.93229296, -23.72558711], [-45.93229501, -23.7256412], [-45.93229326, -23.72569739], [-45.93226048, -23.72590324], [-45.93224344, -23.7259765], [-45.93221594, -23.72602743], [-45.93217805, -23.72607932], [-45.93216959, -23.72610267], [-45.93217013, -23.72612389], [-45.93217383, -23.72613362], [-45.93220911, -23.72618381], [-45.93230116, -23.72633987], [-45.9323275, -23.7263883], [-45.93234697, -23.72643524], [-45.93236085, -23.7264842], [-45.93237046, -23.72653878], [-45.93237505, -23.72659096], [-45.93237302, -23.72667831], [-45.93237564, -23.7267426], [-45.93237999, -23.72677527], [-45.93239406, -23.72680842], [-45.93240847, -23.72682007], [-45.93246263, -23.72683492], [-45.93275537, -23.72694587], [-45.93277596, -23.72695821], [-45.93282104, -23.72699217], [-45.93284316, -23.72701263], [-45.93286175, -23.72703356], [-45.93288865, -23.72707729], [-45.93291429, -23.72715093], [-45.93301088, -23.72750466], [-45.93302604, -23.72756608], [-45.93304773, -23.72767857], [-45.93307999, -23.72792441], [-45.93309, -23.72802089], [-45.933099, -23.72818206], [-45.93309397, -23.72830339], [-45.93304991, -23.72860468], [-45.93304044, -23.72865243], [-45.93302743, -23.72869884], [-45.93299829, -23.72876802], [-45.93298463, -23.72879113], [-45.93295033, -23.72883758], [-45.9329101, -23.72887801], [-45.93286772, -23.72890582], [-45.93281988, -23.72892489], [-45.93276328, -23.72893896], [-45.93270388, -23.72894754], [-45.9326474, -23.72895014], [-45.93257634, -23.72894641], [-45.93254958, -23.72893591], [-45.93250193, -23.72891164], [-45.93227599, -23.72878746], [-45.93223058, -23.72877463], [-45.93220642, -23.72877207], [-45.93215689, -23.7287739], [-45.93213191, -23.72877821], [-45.93205575, -23.72880215], [-45.93200391, -23.7288236], [-45.93197957, -23.72883576], [-45.93194131, -23.72886317], [-45.93191642, -23.72889539], [-45.93190753, -23.72891495], [-45.93189619, -23.72896198], [-45.93187581, -23.729117], [-45.93186739, -23.72921559], [-45.93185989, -23.72926431], [-45.93184019, -23.7293506], [-45.93183943, -23.72936785], [-45.93184387, -23.72941271], [-45.93185688, -23.72946177], [-45.93187906, -23.72950499], [-45.93192008, -23.72956236], [-45.93193419, -23.72958684], [-45.9319483, -23.72962605], [-45.93195954, -23.72967538], [-45.93196493, -23.72973026], [-45.93196594, -23.72978906], [-45.93195161, -23.73002307], [-45.93193682, -23.73012187], [-45.93191277, -23.73021739], [-45.93188125, -23.73030824], [-45.93184584, -23.73036637], [-45.9318294, -23.73038498], [-45.93179216, -23.73041826], [-45.93175065, -23.73044444], [-45.93167564, -23.73047731], [-45.93163852, -23.73048684], [-45.93156315, -23.73049759], [-45.93150936, -23.73049367], [-45.93148263, -23.73048742], [-45.93140061, -23.73045847], [-45.9313678, -23.73043888], [-45.93132657, -23.73040734], [-45.93128145, -23.73036751], [-45.93116165, -23.73024134], [-45.93110188, -23.7301689], [-45.9310758, -23.73012923], [-45.9310449, -23.73006068], [-45.93103257, -23.73000963], [-45.93102766, -23.72992738], [-45.93103286, -23.72987217], [-45.93104278, -23.72981837], [-45.93106451, -23.72974183], [-45.93109198, -23.72968675], [-45.93115024, -23.72960204], [-45.93122558, -23.72951832], [-45.93125972, -23.72947711], [-45.93128837, -23.72943575], [-45.931316, -23.72937561], [-45.93132154, -23.7293539], [-45.93132767, -23.72930591], [-45.93132672, -23.72925515], [-45.93131793, -23.7292049], [-45.93129649, -23.72911453], [-45.93128526, -23.72902518], [-45.93128578, -23.72896096], [-45.93129188, -23.72886609], [-45.93125325, -23.72878648], [-45.93123668, -23.72876084], [-45.93122195, -23.72874476], [-45.93120647, -23.72873375], [-45.93116581, -23.72871403], [-45.93108677, -23.72869057], [-45.93103283, -23.72867979], [-45.93097745, -23.72867308], [-45.93091906, -23.72867054], [-45.93083479, -23.72867005], [-45.93065374, -23.72869192], [-45.93045033, -23.7287], [-45.93041348, -23.72870492], [-45.93027324, -23.72873936], [-45.93021943, -23.72874655], [-45.93006931, -23.72875703], [-45.93002682, -23.72875602], [-45.92998499, -23.72875112], [-45.92978023, -23.72870729], [-45.9296832, -23.72867815], [-45.92964187, -23.72866115], [-45.9295369, -23.72860633], [-45.92949784, -23.72857631], [-45.92941189, -23.72849111], [-45.9293423, -23.72843065], [-45.92930404, -23.72840316], [-45.92925853, -23.72837805], [-45.92920776, -23.72835686], [-45.9291535, -23.72834093], [-45.92909789, -23.72832943], [-45.92878217, -23.72828563], [-45.92873097, -23.72827356], [-45.92859187, -23.72823321], [-45.92845912, -23.72818984], [-45.928388, -23.72816254], [-45.92828598, -23.72810878], [-45.92817446, -23.72804189], [-45.92815053, -23.72802994], [-45.92812863, -23.72802636], [-45.92810885, -23.72803118], [-45.92809109, -23.72804438], [-45.92802179, -23.72812238], [-45.92798738, -23.72816766], [-45.92792609, -23.72826864], [-45.92790055, -23.72831865], [-45.92778164, -23.72859555], [-45.92774507, -23.7286673], [-45.92764219, -23.72885181], [-45.92761316, -23.72893679], [-45.92759608, -23.72900418], [-45.92758845, -23.72906384], [-45.92758201, -23.72916521], [-45.92757617, -23.72926848], [-45.92757667, -23.72932538], [-45.92758246, -23.72938125], [-45.92761814, -23.72958479], [-45.92762996, -23.72970232], [-45.92763537, -23.72982981], [-45.92764401, -23.73023204], [-45.92764095, -23.73028571], [-45.9276325, -23.73033814], [-45.92761499, -23.73040093], [-45.92759929, -23.73041475], [-45.92756529, -23.73043437], [-45.92752558, -23.73045213], [-45.92749287, -23.73046046], [-45.9274553, -23.73046104], [-45.92740082, -23.73045568], [-45.92734492, -23.730445], [-45.92732221, -23.730438], [-45.92728568, -23.73041907], [-45.9272512, -23.73038532], [-45.92720311, -23.73031389], [-45.92716604, -23.73024692], [-45.92714805, -23.7302277], [-45.92712507, -23.73021031], [-45.927097, -23.73019486], [-45.92706699, -23.73018221], [-45.92700969, -23.73016801], [-45.92698261, -23.73016646], [-45.92692926, -23.73016931], [-45.92687633, -23.73017658], [-45.92682383, -23.73018801], [-45.9267459, -23.73021078], [-45.92669357, -23.73022022], [-45.92661324, -23.73022278], [-45.92647134, -23.73021721], [-45.92639937, -23.73023553], [-45.92633761, -23.73025586], [-45.92628664, -23.73027612], [-45.92622075, -23.73030985], [-45.9262001, -23.73033128], [-45.9261782, -23.73036863], [-45.92616825, -23.73039154], [-45.92615564, -23.73043903], [-45.92615181, -23.73050851], [-45.92615383, -23.73054417], [-45.92620149, -23.73080445], [-45.9262008, -23.73086054], [-45.92619602, -23.73089119], [-45.92617885, -23.73094729], [-45.92616675, -23.73097021], [-45.92615227, -23.73098972], [-45.9261173, -23.73102443], [-45.92607495, -23.73105711], [-45.92605111, -23.7310717], [-45.9260255, -23.73108396], [-45.92596891, -23.731101], [-45.92591364, -23.73110983], [-45.92586784, -23.731112], [-45.92582415, -23.73110774], [-45.92577522, -23.73109747], [-45.92572361, -23.73108215], [-45.92562562, -23.73104255], [-45.92555696, -23.73100367], [-45.92550755, -23.73098111], [-45.92545217, -23.73095959], [-45.92516751, -23.73086917], [-45.92511616, -23.7308497], [-45.92505699, -23.73082033], [-45.92490498, -23.73073093], [-45.92487087, -23.73070674], [-45.92483987, -23.73067947], [-45.92480626, -23.73064373], [-45.92477485, -23.73059912], [-45.92475043, -23.73054525], [-45.92474199, -23.7305164], [-45.92473796, -23.73048825], [-45.92473816, -23.7304607], [-45.92474268, -23.73043394], [-45.92475222, -23.7304085], [-45.92476745, -23.73038493], [-45.92478839, -23.73036349], [-45.92481494, -23.73034391], [-45.92487083, -23.73031133], [-45.9249204, -23.73028791], [-45.92504828, -23.73023928], [-45.92507448, -23.73022639], [-45.92512449, -23.73019421], [-45.92521151, -23.73012486], [-45.92534399, -23.73000503], [-45.92546415, -23.72989178], [-45.92553555, -23.72981973], [-45.92556933, -23.72978286], [-45.92563098, -23.72970382], [-45.92565738, -23.72966446], [-45.92568316, -23.72961906], [-45.925711, -23.72956082], [-45.92576643, -23.72942212], [-45.9257732, -23.72939399], [-45.92578236, -23.72932972], [-45.92578581, -23.72926223], [-45.92578389, -23.72919866], [-45.92577837, -23.72913944], [-45.92575502, -23.72898667], [-45.92574341, -23.72888514], [-45.92572866, -23.72883835], [-45.92570617, -23.72879296], [-45.92569281, -23.72877688], [-45.92567811, -23.72876531], [-45.92566127, -23.72875692], [-45.92561843, -23.72874652], [-45.92559241, -23.72874433], [-45.92553531, -23.72874332], [-45.92528166, -23.72874962], [-45.92525161, -23.72874547], [-45.92514676, -23.72872225], [-45.92505281, -23.72871179], [-45.92500344, -23.72870929], [-45.9249648, -23.72871142], [-45.92493689, -23.72871818], [-45.92492692, -23.72872329], [-45.92489106, -23.72875792], [-45.92485282, -23.72878813], [-45.92482643, -23.72880238], [-45.92479031, -23.7288138], [-45.92474446, -23.72882238], [-45.92468887, -23.72882822], [-45.9245798, -23.72883032], [-45.92453405, -23.72882626], [-45.92442265, -23.7288047], [-45.92435649, -23.72879896], [-45.92429626, -23.72880049], [-45.92424295, -23.7288084], [-45.92419282, -23.72882315], [-45.92414196, -23.72884549], [-45.92396847, -23.72893612], [-45.92392718, -23.72895208], [-45.92382779, -23.72897842], [-45.92376545, -23.72898647], [-45.92373877, -23.72898645], [-45.92367437, -23.72898033], [-45.92359161, -23.72894506], [-45.92356732, -23.72893662], [-45.92351573, -23.72892483], [-45.92340381, -23.72891312], [-45.92314299, -23.72890465], [-45.92311402, -23.7289013], [-45.92305624, -23.72888792], [-45.92300136, -23.7288682], [-45.92295195, -23.72884438], [-45.92280973, -23.72876575], [-45.92276261, -23.72873433], [-45.92271566, -23.72869776], [-45.92262235, -23.72861215], [-45.92257567, -23.72857359], [-45.92247804, -23.72850165], [-45.92241752, -23.72846055], [-45.92233219, -23.72840786], [-45.92230255, -23.72839278], [-45.92223348, -23.72836402], [-45.92215206, -23.72833659], [-45.92205897, -23.72830987], [-45.92187558, -23.728264], [-45.92184491, -23.72825452], [-45.92181312, -23.72824071], [-45.92178042, -23.72822257], [-45.92169296, -23.72815996], [-45.9216679, -23.72813915], [-45.92158861, -23.72805283], [-45.92156554, -23.72803698], [-45.92154223, -23.72802818], [-45.92151877, -23.72802633], [-45.92146247, -23.72802802], [-45.92122547, -23.72801715], [-45.92104463, -23.72801218], [-45.92098434, -23.72800377], [-45.92084241, -23.7279656], [-45.92061331, -23.72789272], [-45.92057572, -23.7278766], [-45.92047481, -23.72782608], [-45.92042773, -23.72779954], [-45.92027723, -23.72770018], [-45.92020255, -23.7276691], [-45.92013666, -23.72764556], [-45.91983885, -23.72756659], [-45.91978151, -23.72754598], [-45.91967128, -23.72749614], [-45.91957067, -23.72744634], [-45.91948026, -23.72739549], [-45.91943312, -23.72736073], [-45.9193866, -23.72731621], [-45.91931372, -23.72723427], [-45.91925628, -23.7271573], [-45.91918362, -23.72704926], [-45.91914837, -23.72698922], [-45.91912025, -23.72692463], [-45.91911105, -23.72691448], [-45.91909834, -23.72690586], [-45.91906264, -23.72689325], [-45.91903956, -23.72688917], [-45.91892178, -23.72688165], [-45.91889291, -23.72687712], [-45.91883836, -23.72686318], [-45.91878838, -23.72684243], [-45.91860715, -23.72673937], [-45.91858383, -23.72673066], [-45.91853471, -23.72672029], [-45.91851224, -23.72671934], [-45.91849578, -23.72672242], [-45.91848523, -23.72672952], [-45.9184807, -23.72674066], [-45.91846873, -23.72688045], [-45.9184453, -23.72703657], [-45.91843004, -23.72719752], [-45.91842224, -23.72724625], [-45.91840012, -23.72733724], [-45.91837122, -23.72742728], [-45.91834321, -23.72750449], [-45.91832698, -23.72754053], [-45.91828682, -23.72760453], [-45.91825059, -23.72764277], [-45.91820715, -23.72767419], [-45.91815632, -23.7276996], [-45.91807166, -23.72772774], [-45.91801907, -23.72774142], [-45.91796723, -23.72775022], [-45.9179134, -23.72775334], [-45.91785914, -23.72775221], [-45.91773644, -23.72774201], [-45.91760187, -23.72774733], [-45.91746796, -23.7277185], [-45.91737284, -23.72768203], [-45.91725224, -23.72760887], [-45.91715983, -23.72753933], [-45.91712143, -23.72750415], [-45.91708731, -23.72746524], [-45.91705608, -23.72741873], [-45.91703022, -23.72736876], [-45.91701222, -23.72731919], [-45.91699262, -23.72723847], [-45.91698864, -23.72720201], [-45.91698973, -23.72710572], [-45.91700711, -23.72701006], [-45.91703508, -23.72691263], [-45.91705232, -23.72686709], [-45.91709203, -23.72678051], [-45.91713213, -23.7267063], [-45.91715386, -23.72667194], [-45.91719818, -23.72661243], [-45.91723648, -23.72657608], [-45.91729887, -23.72653362], [-45.91744009, -23.72645556], [-45.91751994, -23.72639918], [-45.91754401, -23.72637682], [-45.91756326, -23.72635114], [-45.91758537, -23.72631389], [-45.91760655, -23.7262705], [-45.91762242, -23.72622633], [-45.91763908, -23.72616654], [-45.91769329, -23.72602134], [-45.91769533, -23.72600489], [-45.91769257, -23.72600292], [-45.91768218, -23.72600398], [-45.91766507, -23.72601194], [-45.91751859, -23.72609355], [-45.91742619, -23.72613754], [-45.91737492, -23.72615763], [-45.91732167, -23.72617456], [-45.91726956, -23.72618625], [-45.91721917, -23.7261907], [-45.91717146, -23.72618629], [-45.91712524, -23.72617049], [-45.91707942, -23.72614077], [-45.91704001, -23.72610361], [-45.91702497, -23.72608465], [-45.91701306, -23.72606557], [-45.91699581, -23.72602539], [-45.91698579, -23.72598183], [-45.91698095, -23.72593426], [-45.91698129, -23.7257594], [-45.9169755, -23.72571653], [-45.91696448, -23.72566954], [-45.91694805, -23.72562105], [-45.91689762, -23.72550745], [-45.91687689, -23.72544815], [-45.91685888, -23.72538368], [-45.91684619, -23.72530789], [-45.91683848, -23.72528589], [-45.91682715, -23.72526492], [-45.9168121, -23.72524495], [-45.91679323, -23.72522664], [-45.91677066, -23.7252107], [-45.91674417, -23.72519704], [-45.91671378, -23.72518575], [-45.91665284, -23.72516859], [-45.91643454, -23.72512309], [-45.91616702, -23.72508187], [-45.91605679, -23.72505967], [-45.91599016, -23.72504227], [-45.9155294, -23.72490555], [-45.91548345, -23.72488631], [-45.91541964, -23.72485183], [-45.91535145, -23.72480861], [-45.91529208, -23.72476308], [-45.91520589, -23.72468564], [-45.91511711, -23.72461407], [-45.91503055, -23.72455307], [-45.91500279, -23.72454026], [-45.91499277, -23.72453824], [-45.91498522, -23.72453919], [-45.91495736, -23.7245538], [-45.91492301, -23.72457884], [-45.91488576, -23.7246114], [-45.91481328, -23.7246848], [-45.91477906, -23.72471463], [-45.91473052, -23.72474536], [-45.91465142, -23.72478412], [-45.91456729, -23.7248183], [-45.91450345, -23.72483494], [-45.91444269, -23.72484424], [-45.9143303, -23.7248776], [-45.9141892, -23.72492964], [-45.91415256, -23.7249509], [-45.91413442, -23.72496673], [-45.91410076, -23.72500649], [-45.91408883, -23.72502607], [-45.91407672, -23.72506244], [-45.914076, -23.72510002], [-45.91409806, -23.72522525], [-45.91409887, -23.72524277], [-45.91409576, -23.72526112], [-45.91407808, -23.72529979], [-45.9140634, -23.72531876], [-45.91404488, -23.72533557], [-45.91402232, -23.72535025], [-45.91399602, -23.72536278], [-45.91392556, -23.72538776], [-45.91381773, -23.72540014], [-45.91378634, -23.7254006], [-45.91372361, -23.72539501], [-45.91369384, -23.72538769], [-45.91366736, -23.72537565], [-45.9136441, -23.72535899], [-45.91362403, -23.7253377], [-45.91360798, -23.72531449], [-45.91359654, -23.72529234], [-45.91358973, -23.72527125], [-45.91358752, -23.72525112], [-45.91358915, -23.72523133], [-45.91360084, -23.7251908], [-45.91361109, -23.72517006], [-45.91364063, -23.72512951], [-45.91368314, -23.72509159], [-45.91376535, -23.72503538], [-45.9138446, -23.72498985], [-45.91388883, -23.72496068], [-45.91392949, -23.72492513], [-45.91394819, -23.7249047], [-45.91396549, -23.72488192], [-45.91399573, -23.72482936], [-45.91401978, -23.72477521], [-45.91405698, -23.72466498], [-45.91408304, -23.72460476], [-45.91414597, -23.72448463], [-45.91416199, -23.72446006], [-45.91418457, -23.72443482], [-45.91426517, -23.72435865], [-45.91429057, -23.72432942], [-45.91429636, -23.72431611], [-45.91429596, -23.72430049], [-45.91428936, -23.72428255], [-45.91427657, -23.72426231], [-45.91425936, -23.72424281], [-45.91423924, -23.72422721], [-45.9142162, -23.72421561], [-45.91419035, -23.72420781], [-45.91413584, -23.72419874], [-45.91408166, -23.72419482], [-45.91384208, -23.72419316], [-45.91381789, -23.72418445], [-45.9137979, -23.72417337], [-45.91378181, -23.72415974], [-45.91376885, -23.72414392], [-45.91374867, -23.72410629], [-45.91373627, -23.72405741], [-45.91373327, -23.72402202], [-45.91373411, -23.72386052], [-45.91373038, -23.72380473], [-45.91371439, -23.72367693], [-45.91369754, -23.72359566], [-45.91368135, -23.72353966], [-45.91364544, -23.72343989], [-45.91355216, -23.723203], [-45.91352669, -23.72310967], [-45.91351267, -23.72301176], [-45.91350965, -23.72290231], [-45.91352265, -23.72272665], [-45.91353607, -23.7226256], [-45.91356428, -23.72249293], [-45.91356761, -23.72246419], [-45.91356671, -23.72240549], [-45.91355886, -23.72234873], [-45.91354713, -23.72229749], [-45.91353028, -23.72224557], [-45.91350672, -23.72218664], [-45.91345812, -23.72208126], [-45.91341241, -23.72199771], [-45.91335013, -23.72190216], [-45.9132085, -23.72170854], [-45.91300361, -23.72141847], [-45.9129447, -23.72132579], [-45.9127902, -23.72103127], [-45.91277085, -23.72098569], [-45.91274651, -23.72091312], [-45.91274392, -23.72086563], [-45.91274808, -23.72084258], [-45.91276481, -23.72079434], [-45.91279171, -23.72074071], [-45.91285069, -23.72064571], [-45.9129182, -23.72056348], [-45.91299983, -23.72048], [-45.91308307, -23.72040409], [-45.91312649, -23.72036924], [-45.91317266, -23.72033682], [-45.91322181, -23.72030844], [-45.91327433, -23.72028555], [-45.913353, -23.72025772], [-45.91336482, -23.72025069], [-45.91337562, -23.72023735], [-45.91338549, -23.72021769], [-45.91340071, -23.72016332], [-45.91340309, -23.72011074], [-45.91337075, -23.7199461], [-45.91336542, -23.71989989], [-45.9133478, -23.71962308], [-45.91334417, -23.71961], [-45.91334023, -23.71960632], [-45.91333492, -23.71960455], [-45.91332022, -23.71960689], [-45.91330008, -23.71961686], [-45.91316442, -23.71970355], [-45.91311381, -23.71973284], [-45.91305848, -23.71976008], [-45.91299851, -23.71978365], [-45.91296689, -23.71979323], [-45.91290134, -23.71980454], [-45.91286741, -23.71980628], [-45.9127996, -23.71980271], [-45.91266698, -23.71977522], [-45.91259873, -23.71976514], [-45.91252982, -23.71975896], [-45.91246191, -23.71975556], [-45.91239501, -23.71975605], [-45.91232913, -23.7197615], [-45.91226387, -23.71977272], [-45.91219827, -23.71979027], [-45.9121372, -23.71981059], [-45.91198965, -23.71986601], [-45.91193952, -23.71987985], [-45.91188622, -23.71988947], [-45.91185877, -23.71989153], [-45.91183139, -23.71989024], [-45.91177686, -23.71987756], [-45.91158296, -23.71979913], [-45.91156381, -23.71979509], [-45.91154429, -23.71979656], [-45.91152433, -23.71980345], [-45.91150411, -23.71981585], [-45.91146216, -23.71984934], [-45.91141849, -23.7198897], [-45.91137554, -23.71993439], [-45.91125659, -23.72008077], [-45.9110821, -23.72028321], [-45.91104871, -23.72033462], [-45.91103732, -23.72037542], [-45.91103331, -23.72050333], [-45.91103469, -23.72056176], [-45.91104655, -23.72068705], [-45.91105615, -23.72074164], [-45.91107946, -23.72084907], [-45.91110838, -23.72095963], [-45.91112652, -23.7210139], [-45.91118983, -23.72117483], [-45.91120628, -23.72122712], [-45.91122453, -23.72131191], [-45.91122687, -23.72136672], [-45.9112245, -23.72139293], [-45.91121064, -23.72144458], [-45.91118363, -23.72149631], [-45.91114658, -23.72154422], [-45.91110262, -23.72158431], [-45.91099612, -23.72166035], [-45.91093809, -23.72169402], [-45.91088183, -23.72171521], [-45.91082432, -23.72172702], [-45.91076236, -23.72173227], [-45.91069663, -23.72173175], [-45.91055961, -23.72172136], [-45.91049555, -23.72172101], [-45.91043388, -23.72172607], [-45.91037324, -23.72173745], [-45.91031684, -23.72175404], [-45.91026813, -23.72177455], [-45.90989789, -23.72197047], [-45.90972499, -23.72207652], [-45.90963597, -23.72212717], [-45.90954689, -23.72216771], [-45.90949599, -23.72218399], [-45.90943506, -23.72219781], [-45.90936724, -23.72220724], [-45.90929526, -23.72221037], [-45.90922607, -23.72220635], [-45.90916664, -23.72219415], [-45.90911048, -23.72217334], [-45.90905092, -23.72214335], [-45.90899378, -23.72210828], [-45.90894448, -23.7220719], [-45.90889888, -23.72203252], [-45.90885267, -23.72198862], [-45.90882825, -23.72196149], [-45.90880142, -23.72192651], [-45.90874054, -23.72183267], [-45.90871332, -23.72172752], [-45.90868412, -23.72159068], [-45.90859412, -23.72131573], [-45.90857128, -23.72120469], [-45.90856358, -23.72114133], [-45.90856031, -23.72107948], [-45.90856137, -23.72102095], [-45.9085666, -23.72096772], [-45.90857557, -23.72091808], [-45.90858829, -23.72087005], [-45.90860553, -23.7208246], [-45.90862868, -23.72078238], [-45.90865665, -23.72074148], [-45.90872348, -23.72065962], [-45.90878186, -23.72060446], [-45.90882826, -23.72057636], [-45.9089084, -23.7205469], [-45.90901892, -23.72051329], [-45.90909865, -23.7204813], [-45.9091218, -23.72046716], [-45.9091605, -23.72043198], [-45.90917517, -23.72041157], [-45.90918562, -23.72039011], [-45.90919184, -23.72036749], [-45.90919383, -23.72034381], [-45.90919006, -23.72029479], [-45.90912932, -23.72003756], [-45.90911465, -23.71993098], [-45.90911072, -23.71987428], [-45.90911329, -23.71979199], [-45.90912497, -23.71973529], [-45.90913428, -23.71970597], [-45.90915792, -23.71964975], [-45.9091871, -23.71959954], [-45.90922134, -23.71955779], [-45.90926008, -23.71952722], [-45.90928168, -23.7195158], [-45.90933159, -23.71949943], [-45.90941517, -23.71948485], [-45.90946343, -23.71947057], [-45.90954941, -23.71943447], [-45.90958908, -23.71941175], [-45.90962527, -23.71938255], [-45.90964085, -23.71936548], [-45.90965288, -23.71934671], [-45.90966147, -23.71932625], [-45.90969037, -23.71916413], [-45.90970773, -23.71910767], [-45.90973107, -23.71904973], [-45.90975905, -23.71899664], [-45.90979021, -23.7189494], [-45.90982309, -23.71890929], [-45.90985835, -23.71887359], [-45.90993692, -23.71880186], [-45.91001916, -23.7187079], [-45.91009869, -23.71863382], [-45.91023824, -23.71852742], [-45.91028657, -23.7184957], [-45.91043217, -23.71841338], [-45.91051517, -23.71835924], [-45.91055458, -23.71832749], [-45.91059083, -23.7182925], [-45.91065723, -23.71822022], [-45.91068611, -23.71818302], [-45.91073351, -23.71810082], [-45.91079269, -23.71802027], [-45.91083569, -23.71793972], [-45.91095142, -23.71778134], [-45.91099005, -23.71772268], [-45.9110456, -23.71762743], [-45.91120004, -23.71742059], [-45.91123333, -23.71738391], [-45.91127311, -23.71734827], [-45.91131792, -23.71731675], [-45.9113665, -23.71729262], [-45.91141946, -23.71727614], [-45.91144787, -23.7172711], [-45.91153926, -23.71726541], [-45.91197609, -23.71726654], [-45.91204808, -23.71726512], [-45.91211808, -23.71725902], [-45.9121514, -23.71725386], [-45.91221024, -23.71723807], [-45.91228457, -23.71720556], [-45.91235834, -23.71717812], [-45.91241339, -23.71716687], [-45.91244329, -23.7171638], [-45.91250783, -23.71716234], [-45.9127163, -23.71717845], [-45.912778, -23.71717908], [-45.91283476, -23.7171727], [-45.91288968, -23.71715756], [-45.91294591, -23.71713194], [-45.91299887, -23.71710182], [-45.91312827, -23.71701851], [-45.91317351, -23.71699358], [-45.91339234, -23.71689176], [-45.91339641, -23.71688497], [-45.91339496, -23.71687305], [-45.91337546, -23.71683433], [-45.91335901, -23.71681077], [-45.91331938, -23.71676891], [-45.91324692, -23.71671668], [-45.91308317, -23.71661451], [-45.9129783, -23.71654251], [-45.91288225, -23.71647037], [-45.912834, -23.71642965], [-45.91281355, -23.71640882], [-45.91276328, -23.71634544], [-45.91273434, -23.71630415], [-45.91270942, -23.71626022], [-45.91268915, -23.71620995], [-45.91267426, -23.71615584], [-45.91266573, -23.71610044], [-45.91266506, -23.71604562], [-45.91267362, -23.71599327], [-45.91268188, -23.71596839], [-45.91270785, -23.71592271], [-45.91272556, -23.71590202], [-45.91276699, -23.71586375], [-45.91281383, -23.7158296], [-45.91286346, -23.71580005], [-45.91291273, -23.71577582], [-45.91296242, -23.71575539], [-45.91316752, -23.71568237], [-45.91330891, -23.71561642], [-45.91340604, -23.7155622], [-45.91345593, -23.71552884], [-45.91350265, -23.71549027], [-45.91360321, -23.71539385], [-45.91363303, -23.71535068], [-45.91365495, -23.71530142], [-45.91366735, -23.71525158], [-45.91367003, -23.71522682], [-45.91366919, -23.71517688], [-45.91366099, -23.71512626], [-45.91364592, -23.71507541], [-45.91362448, -23.71502496], [-45.91359686, -23.71497436], [-45.91356325, -23.71492326], [-45.91351999, -23.71486752], [-45.91346353, -23.71480273], [-45.91334015, -23.7146939], [-45.91311775, -23.71450717], [-45.91306558, -23.71446792], [-45.91286637, -23.71432928], [-45.91278127, -23.71426521], [-45.91269552, -23.71419255], [-45.91265237, -23.71415216], [-45.91257333, -23.71407035], [-45.91250685, -23.71398982], [-45.912479, -23.71394997], [-45.9123921, -23.7138095], [-45.91234817, -23.7137132], [-45.91226483, -23.71348004], [-45.9122464, -23.71343815], [-45.91222693, -23.7134034], [-45.91221448, -23.71339119], [-45.91219699, -23.71338579], [-45.91217463, -23.71338718], [-45.91214732, -23.71339529], [-45.91209081, -23.71342218], [-45.91204082, -23.71345625], [-45.9119944, -23.713496], [-45.91194919, -23.7135398], [-45.91177377, -23.71373204], [-45.91172188, -23.71377533], [-45.91169396, -23.71379473], [-45.91166494, -23.71381116], [-45.9116353, -23.71382308], [-45.91160504, -23.71383048], [-45.91157407, -23.71383347], [-45.91154306, -23.71383202], [-45.9115128, -23.71382606], [-45.91148311, -23.71381576], [-45.91139745, -23.71376984], [-45.91129019, -23.71372152], [-45.91124303, -23.71369678], [-45.91119849, -23.71366814], [-45.91115411, -23.71363326], [-45.91111235, -23.71359558], [-45.9110086, -23.71348717], [-45.91094093, -23.71340475], [-45.91090932, -23.71335896], [-45.9108843, -23.71331513], [-45.91086319, -23.71327018], [-45.91078884, -23.71307336], [-45.91076941, -23.71302949], [-45.91074824, -23.71298915], [-45.91072484, -23.71295298], [-45.91071229, -23.71294086], [-45.9107059, -23.71293846], [-45.91069258, -23.71294125], [-45.91068575, -23.71294635], [-45.91067175, -23.71296395], [-45.910617, -23.71304773], [-45.9104911, -23.71322441], [-45.91044187, -23.71331123], [-45.91039866, -23.71340342], [-45.91038095, -23.71345212], [-45.91035308, -23.71356374], [-45.91032873, -23.71371525], [-45.91029242, -23.71389719], [-45.91023999, -23.71407308], [-45.91022053, -23.71412467], [-45.91019858, -23.71416996], [-45.91017318, -23.71421364], [-45.91011095, -23.7143074], [-45.91004318, -23.71439414], [-45.91000706, -23.71443256], [-45.9099667, -23.7144692], [-45.90991977, -23.71450596], [-45.90981658, -23.71457684], [-45.90976167, -23.71460886], [-45.909703, -23.7146363], [-45.90964253, -23.7146577], [-45.90961247, -23.71466555], [-45.90933972, -23.71471512], [-45.909272, -23.71472518], [-45.90908632, -23.71474018], [-45.90885214, -23.71475041], [-45.90878514, -23.71475062], [-45.90872576, -23.71474528], [-45.90869865, -23.71473975], [-45.90864829, -23.71472062], [-45.90845673, -23.71459548], [-45.90833488, -23.71450796], [-45.90830326, -23.71448936], [-45.90828842, -23.71448556], [-45.90827196, -23.71448855], [-45.90825388, -23.71449841], [-45.90823428, -23.71451514], [-45.90815539, -23.71459707], [-45.90796277, -23.71481425], [-45.90788434, -23.71489265], [-45.90784201, -23.71492767], [-45.90779799, -23.71495936], [-45.90775355, -23.7149869], [-45.90770526, -23.71501193], [-45.9076502, -23.71503573], [-45.90759246, -23.71505477], [-45.90756425, -23.71506126], [-45.90747946, -23.71507051], [-45.90741943, -23.71507105], [-45.90735584, -23.71506663], [-45.90728808, -23.71505637], [-45.90722422, -23.71504257], [-45.90717213, -23.71502734], [-45.90712334, -23.71500848], [-45.90706961, -23.71498359], [-45.90701526, -23.71495438], [-45.90696482, -23.7149227], [-45.90691847, -23.71488838], [-45.90687643, -23.71485151], [-45.90683947, -23.71481216], [-45.90680829, -23.71477062], [-45.90675704, -23.71468006], [-45.90671727, -23.7145888], [-45.90670176, -23.71454427], [-45.90667845, -23.71444966], [-45.90667184, -23.7144022], [-45.90666618, -23.71430775], [-45.90666634, -23.71425943], [-45.90668159, -23.71405288], [-45.90666944, -23.71405539], [-45.90660964, -23.71408942], [-45.90658333, -23.71410024], [-45.90652516, -23.71411367], [-45.90646416, -23.71411674], [-45.90643433, -23.71411457], [-45.90634797, -23.71409574], [-45.9062933, -23.71407683], [-45.90624027, -23.71405356], [-45.90609053, -23.71397514], [-45.90592353, -23.71389899], [-45.90568744, -23.71375911], [-45.90547691, -23.71364329], [-45.90542436, -23.71361858], [-45.90537499, -23.71360008], [-45.90535062, -23.71359408], [-45.9052996, -23.71359185], [-45.90527285, -23.71359571], [-45.90521928, -23.71360957], [-45.90516723, -23.7136293], [-45.90503505, -23.71369239], [-45.90494772, -23.71371801], [-45.90489033, -23.71373027], [-45.90479681, -23.71368349], [-45.90472864, -23.71364171], [-45.90463033, -23.71356696], [-45.90459004, -23.71352781], [-45.90455529, -23.71348141], [-45.90452411, -23.71342632], [-45.90449501, -23.71336128], [-45.90448231, -23.71332495], [-45.90446449, -23.71324486], [-45.90445447, -23.71315758], [-45.90444683, -23.7131168], [-45.90442377, -23.71304395], [-45.90439072, -23.71297433], [-45.90434764, -23.71290016], [-45.90432168, -23.71286328], [-45.90429182, -23.71282932], [-45.90425816, -23.71279808], [-45.90422059, -23.71276967], [-45.90418069, -23.71274479], [-45.90413984, -23.71272426], [-45.90409794, -23.71270798], [-45.90405509, -23.71269603], [-45.90396178, -23.7126786], [-45.90385496, -23.71266505], [-45.90379964, -23.71266465], [-45.90377308, -23.71266833], [-45.90374732, -23.71267471], [-45.90369813, -23.71269541], [-45.90356643, -23.71278749], [-45.90352636, -23.71280877], [-45.90348821, -23.71282398], [-45.90344963, -23.7128346], [-45.9034081, -23.71284224], [-45.90331662, -23.71284865], [-45.90321948, -23.71284551], [-45.90302757, -23.71282478], [-45.90293632, -23.71282152], [-45.90275517, -23.71282573], [-45.90245111, -23.71284413], [-45.90233431, -23.71284815], [-45.90222346, -23.71284735], [-45.90217567, -23.71284429], [-45.90213306, -23.71283948], [-45.90190965, -23.71280249], [-45.90183662, -23.71278132], [-45.90180936, -23.71276911], [-45.90176158, -23.71273958], [-45.90171522, -23.71270201], [-45.90168438, -23.71267064], [-45.90163731, -23.71261323], [-45.90160616, -23.71256175], [-45.90157691, -23.71250168], [-45.90155609, -23.7124411], [-45.90155003, -23.71238812], [-45.9015583, -23.71233551], [-45.90158006, -23.71227604], [-45.9016114, -23.71221155], [-45.90164802, -23.71214432], [-45.90168938, -23.71208248], [-45.90173457, -23.71203417], [-45.9017888, -23.7119896], [-45.9018941, -23.71191104], [-45.90192871, -23.71188067], [-45.90199162, -23.71181293], [-45.9020894, -23.71168203], [-45.90210773, -23.71165257], [-45.90213674, -23.7115917], [-45.90214732, -23.71156039], [-45.90215979, -23.71150495], [-45.9021601, -23.71146521], [-45.90214692, -23.71143079], [-45.90213472, -23.71141189], [-45.90207649, -23.71134585], [-45.90202118, -23.71129089], [-45.9018839, -23.71116877], [-45.90180609, -23.71110826], [-45.90163747, -23.71099481], [-45.90155219, -23.7109319], [-45.90147366, -23.71086697], [-45.90143941, -23.71083519], [-45.90134838, -23.71073574], [-45.90125237, -23.71060994], [-45.90118186, -23.71049818], [-45.90098301, -23.71015323], [-45.90093714, -23.71005804], [-45.90090118, -23.70996404], [-45.90086326, -23.70988496], [-45.90083145, -23.7098371], [-45.90080292, -23.70981143], [-45.90078568, -23.70980051], [-45.90074554, -23.70978268], [-45.90059443, -23.70974726], [-45.90049134, -23.70971859], [-45.90038358, -23.70968192], [-45.90026594, -23.70963482], [-45.90015091, -23.70958284], [-45.900051, -23.70953112], [-45.899958, -23.70947242], [-45.89991107, -23.70943755], [-45.89976715, -23.70932071], [-45.89948983, -23.70911784], [-45.89939955, -23.70905478], [-45.89927936, -23.70897943], [-45.8992063, -23.70893939], [-45.89912217, -23.70890095], [-45.89902687, -23.70886402], [-45.89892059, -23.7088286], [-45.89885721, -23.70881145], [-45.89878884, -23.70879785], [-45.8987154, -23.70878761], [-45.8985995, -23.70877935], [-45.89856763, -23.70877998], [-45.89852099, -23.70878766], [-45.89850622, -23.7087947], [-45.89849726, -23.70880387], [-45.89849391, -23.70881518], [-45.89849625, -23.70882863], [-45.89847354, -23.70889243], [-45.89845648, -23.70895079], [-45.89844498, -23.70900378], [-45.89843728, -23.70909686], [-45.8984374, -23.70914382], [-45.89844367, -23.70924241], [-45.89847667, -23.70949222], [-45.89850186, -23.70963334], [-45.89858953, -23.70998724], [-45.89864565, -23.71027575], [-45.89866338, -23.71032993], [-45.89868619, -23.71037956], [-45.89887104, -23.7106583], [-45.89891708, -23.71073516], [-45.89895801, -23.71081088], [-45.89898989, -23.71088178], [-45.89901333, -23.7109539], [-45.89902859, -23.71103293], [-45.89903491, -23.71111111], [-45.89903107, -23.71118067], [-45.89900702, -23.71130618], [-45.89898587, -23.71136934], [-45.89895289, -23.711438], [-45.89891053, -23.71151149], [-45.89886133, -23.71158918], [-45.89880712, -23.71166599], [-45.89859212, -23.71192637], [-45.89852988, -23.7119914], [-45.89850014, -23.7120174], [-45.898469, -23.71203962], [-45.89843362, -23.71205852], [-45.8983942, -23.71207401], [-45.89835073, -23.71208619], [-45.89830586, -23.71209422], [-45.89826243, -23.71209772], [-45.89822034, -23.71209643], [-45.89817969, -23.71209061], [-45.89798655, -23.7120482], [-45.89793033, -23.71203299], [-45.89787517, -23.71201353], [-45.89782096, -23.71198982], [-45.8977678, -23.71196168], [-45.89756676, -23.71184092], [-45.89747798, -23.71178227], [-45.89740246, -23.7117268], [-45.89732887, -23.71166563], [-45.89716067, -23.71151243], [-45.89701021, -23.71138559], [-45.89688202, -23.71125809], [-45.89681637, -23.7111975], [-45.89667101, -23.71106991], [-45.896592, -23.71100561], [-45.89655207, -23.71097658], [-45.8964875, -23.71093534], [-45.89641975, -23.71090015], [-45.89637633, -23.71088177], [-45.89627407, -23.71084533], [-45.89622793, -23.71082554], [-45.89618648, -23.71080411], [-45.89611375, -23.71075449], [-45.89607509, -23.71072338], [-45.89598922, -23.71064665], [-45.89568243, -23.7103641], [-45.89560668, -23.71028913], [-45.89553618, -23.71020707], [-45.89547243, -23.7101229], [-45.89535325, -23.70994964], [-45.89526485, -23.70983183], [-45.8952149, -23.70977116], [-45.8951658, -23.7097196], [-45.89511764, -23.70967733], [-45.89486213, -23.70950712], [-45.89479113, -23.70946715], [-45.89468813, -23.70942295], [-45.8946089, -23.70938403], [-45.89452619, -23.70933827], [-45.89444562, -23.70928833], [-45.89436982, -23.70923548], [-45.89430128, -23.70918079], [-45.89423485, -23.70912084], [-45.89416504, -23.70905242], [-45.8940828, -23.70896004], [-45.89397939, -23.70882832], [-45.89392937, -23.70875627], [-45.89388436, -23.70868662], [-45.89380855, -23.70855935], [-45.89377697, -23.70851672], [-45.89374099, -23.70847565], [-45.8937007, -23.70843623], [-45.89365572, -23.70839937], [-45.89360557, -23.70836651], [-45.89355024, -23.70833748], [-45.89343093, -23.70828913], [-45.89333841, -23.70824342], [-45.89330481, -23.70822085], [-45.89324002, -23.70817001], [-45.89312568, -23.70807394], [-45.89306543, -23.70801314], [-45.89292456, -23.70783793], [-45.89289491, -23.70779095], [-45.89286946, -23.70774016], [-45.89284385, -23.7076816], [-45.89282351, -23.70761967], [-45.89281339, -23.7075584], [-45.8928104, -23.70749411], [-45.89281119, -23.70742311], [-45.89281934, -23.70727946], [-45.89282704, -23.70721601], [-45.89284359, -23.70713969], [-45.89284095, -23.70711206], [-45.89283182, -23.7070815], [-45.89274304, -23.70690697], [-45.8927141, -23.70683533], [-45.89269702, -23.7067611], [-45.89269258, -23.70668499], [-45.89269536, -23.70664659], [-45.89271423, -23.70653593], [-45.89272675, -23.70641654], [-45.89274574, -23.70630895], [-45.89275859, -23.70626625], [-45.89279736, -23.70616911], [-45.89284001, -23.70607972], [-45.89287286, -23.70602137], [-45.89288851, -23.70600023], [-45.89293002, -23.70595935], [-45.89298439, -23.70592083], [-45.89301576, -23.70590385], [-45.89308659, -23.70587526], [-45.89312496, -23.7058642], [-45.89316365, -23.70585576], [-45.89324245, -23.70584727], [-45.89332347, -23.70584698], [-45.89340718, -23.70585219], [-45.89349524, -23.70586342], [-45.89378843, -23.70592152], [-45.89388858, -23.70593702], [-45.89398437, -23.70594559], [-45.89407836, -23.70594829], [-45.89417349, -23.70594621], [-45.89426428, -23.70594018], [-45.89434553, -23.70593104], [-45.89440716, -23.70592047], [-45.89443887, -23.70591035], [-45.89444686, -23.70590236], [-45.89445402, -23.70588832], [-45.89446597, -23.70584201], [-45.89447426, -23.70577801], [-45.89447846, -23.70570284], [-45.89447837, -23.7056184], [-45.89447343, -23.70552675], [-45.89444145, -23.70522355], [-45.89443945, -23.70517479], [-45.89444196, -23.70508365], [-45.89444651, -23.70504496], [-45.89446227, -23.70498282], [-45.89447426, -23.70495729], [-45.89450992, -23.70490867], [-45.89455994, -23.7048643], [-45.89458796, -23.70484563], [-45.89464936, -23.70481619], [-45.894721, -23.70479292], [-45.89480639, -23.70477148], [-45.89489887, -23.70475441], [-45.89499179, -23.70474448], [-45.89524002, -23.70472715], [-45.89528184, -23.7047177], [-45.89531647, -23.70470386], [-45.89534371, -23.70468573], [-45.89536525, -23.70466447], [-45.89538274, -23.70464152], [-45.89539631, -23.70461687], [-45.89542758, -23.70452827], [-45.89546314, -23.70445003], [-45.89548416, -23.7044098], [-45.89552442, -23.70434589], [-45.89568121, -23.70416579], [-45.89575187, -23.70409909], [-45.89585177, -23.70401912], [-45.89587369, -23.70399777], [-45.8958939, -23.70397011], [-45.89589317, -23.70394961], [-45.89587918, -23.70392585], [-45.89583338, -23.70388411], [-45.89574345, -23.70381346], [-45.89570074, -23.70376476], [-45.89566828, -23.70372231], [-45.89563831, -23.70367191], [-45.89557808, -23.70355502], [-45.8955541, -23.70349167], [-45.89554483, -23.70342642], [-45.8955482, -23.70335911], [-45.89555384, -23.70332449], [-45.89556194, -23.70328922], [-45.89558518, -23.70321629], [-45.89561683, -23.70314005], [-45.89563542, -23.70310355], [-45.89565492, -23.70307209], [-45.89567553, -23.70304569], [-45.89569726, -23.70302434], [-45.89575268, -23.70298175], [-45.89587348, -23.70290338], [-45.89595568, -23.70286181], [-45.89616525, -23.70278427], [-45.89634131, -23.70271118], [-45.89637453, -23.7026931], [-45.89639246, -23.70267593], [-45.89639574, -23.7026676], [-45.8963952, -23.70265957], [-45.89639083, -23.70265173], [-45.89638263, -23.7026441], [-45.8963308, -23.70260855], [-45.8962133, -23.7025377], [-45.89613606, -23.70250238], [-45.89603288, -23.70247416], [-45.89592887, -23.70245399], [-45.8958537, -23.70244928], [-45.89573855, -23.7024494], [-45.89567502, -23.70243947], [-45.89557094, -23.70239374], [-45.89550066, -23.70235775], [-45.89545127, -23.70232227], [-45.89540958, -23.70227816], [-45.89537611, -23.70223076], [-45.89533318, -23.70214936], [-45.8953205, -23.70213092], [-45.89529875, -23.70212057], [-45.89522476, -23.70210194], [-45.89516902, -23.70208239], [-45.89503643, -23.7020146], [-45.89498837, -23.70198544], [-45.89494588, -23.70195389], [-45.89490719, -23.70191853], [-45.89487023, -23.70187765], [-45.89483637, -23.70183277], [-45.89471953, -23.70164261], [-45.89469043, -23.70160312], [-45.89449045, -23.70136078], [-45.89445015, -23.70127657], [-45.89436975, -23.70112249], [-45.89434999, -23.70107257], [-45.89433646, -23.70101593], [-45.89432142, -23.70091088], [-45.89430461, -23.70076024], [-45.89429571, -23.70070745], [-45.89424023, -23.7004678], [-45.89422671, -23.70035471], [-45.89421481, -23.70029263], [-45.89417413, -23.7001377], [-45.89416354, -23.70006173], [-45.89416331, -23.70001746], [-45.89417146, -23.69996223], [-45.89422533, -23.69979266], [-45.89422891, -23.69977069], [-45.89422553, -23.6997643], [-45.89421656, -23.6997573], [-45.89418134, -23.69974134], [-45.89413092, -23.69972646], [-45.89404234, -23.69971035], [-45.89401226, -23.6997005], [-45.89398274, -23.69968685], [-45.89395378, -23.69966932], [-45.89390006, -23.69963061], [-45.8938542, -23.69959258], [-45.89380918, -23.69955012], [-45.89370696, -23.69944684], [-45.89366146, -23.69940492], [-45.89352782, -23.69929605], [-45.89348468, -23.69925656], [-45.89344596, -23.69921668], [-45.89338376, -23.69914243], [-45.89334949, -23.69910786], [-45.8933197, -23.69908184], [-45.89330285, -23.69907119], [-45.89328563, -23.69907662], [-45.89325468, -23.69909865], [-45.89317532, -23.6991682], [-45.89305723, -23.69928422], [-45.89292672, -23.69943454], [-45.89288284, -23.69947174], [-45.89280792, -23.6995176], [-45.89274995, -23.69954566], [-45.89263405, -23.69959456], [-45.89260577, -23.69960376], [-45.8925754, -23.69960926], [-45.89254305, -23.69961125], [-45.8922109, -23.69959104], [-45.89216112, -23.6995841], [-45.8920415, -23.69956131], [-45.89197558, -23.69954597], [-45.89191759, -23.6995277], [-45.89186301, -23.69950634], [-45.89178026, -23.69946771], [-45.891731, -23.69943584], [-45.89168838, -23.69939878], [-45.89165308, -23.69935771], [-45.89161192, -23.69929093], [-45.89158945, -23.69924626], [-45.89157179, -23.6992012], [-45.8915601, -23.69915521], [-45.89154979, -23.6990962], [-45.89154583, -23.69909134], [-45.89151846, -23.69908987], [-45.89139588, -23.69910891], [-45.89137513, -23.69911481], [-45.89135864, -23.69912692], [-45.8913466, -23.69914515], [-45.89132534, -23.69922168], [-45.89130654, -23.69926884], [-45.89121353, -23.69943891], [-45.8911596, -23.69952683], [-45.89095329, -23.69982435], [-45.89092049, -23.69986238], [-45.89081715, -23.69996965], [-45.89079693, -23.69999614], [-45.89077907, -23.70002451], [-45.89070902, -23.70016491], [-45.89067642, -23.70021784], [-45.89048848, -23.70047651], [-45.89039382, -23.70056214], [-45.89031454, -23.70063069], [-45.89025045, -23.70068209], [-45.89020154, -23.70071651], [-45.89015933, -23.70073961], [-45.89011492, -23.70075738], [-45.89006821, -23.70076966], [-45.89001951, -23.70077654], [-45.88991362, -23.70078184], [-45.88974077, -23.7007785], [-45.88966619, -23.7007578], [-45.8896634, -23.70078166], [-45.88963228, -23.70083458], [-45.88938957, -23.70107406], [-45.88932101, -23.70113117], [-45.88915618, -23.70123987], [-45.88875925, -23.70148935], [-45.88861877, -23.70158797], [-45.88857999, -23.70161114], [-45.88854294, -23.70162905], [-45.88850761, -23.70164163], [-45.88843444, -23.70165614], [-45.88835286, -23.70166022], [-45.88820431, -23.70165313], [-45.88813657, -23.70164394], [-45.88805898, -23.70162831], [-45.88797673, -23.7016053], [-45.88789511, -23.70157415], [-45.88782307, -23.70153853], [-45.88776946, -23.70150226], [-45.887744, -23.70147892], [-45.8876268, -23.70134999], [-45.88758268, -23.70129469], [-45.88754879, -23.7012444], [-45.88752524, -23.7011991], [-45.88751192, -23.70115872], [-45.88749134, -23.7010743], [-45.88743316, -23.70101339], [-45.88740553, -23.70098826], [-45.88734647, -23.7009438], [-45.88717138, -23.70083976], [-45.88715586, -23.70083642], [-45.88714076, -23.7008375], [-45.88712589, -23.7008431], [-45.88711124, -23.70085321], [-45.88709702, -23.70086774], [-45.88706935, -23.70091017], [-45.8870027, -23.70103284], [-45.88699983, -23.70104415], [-45.88700356, -23.7010583], [-45.88701407, -23.7010755], [-45.88705134, -23.70111836], [-45.88708849, -23.70117225], [-45.88712, -23.70123493], [-45.88713031, -23.70126531], [-45.88713649, -23.70129427], [-45.88713854, -23.70132199], [-45.88714288, -23.70161532], [-45.8871509, -23.70165628], [-45.88716819, -23.70170278], [-45.88718051, -23.70172619], [-45.88719546, -23.7017467], [-45.88721294, -23.70176448], [-45.88723305, -23.70177954], [-45.8874572, -23.70191392], [-45.88754902, -23.70197372], [-45.88763378, -23.7020342], [-45.88785851, -23.70222538], [-45.88790203, -23.70226442], [-45.88793917, -23.70230251], [-45.88796993, -23.70233963], [-45.8879944, -23.70237562], [-45.88803183, -23.70244251], [-45.888059, -23.70250079], [-45.88811503, -23.70264986], [-45.8881434, -23.70273929], [-45.8881603, -23.70281705], [-45.88816865, -23.70289079], [-45.88817354, -23.70303347], [-45.88817969, -23.70307308], [-45.8882909, -23.70335921], [-45.8883225, -23.70344962], [-45.88837097, -23.70363991], [-45.88843595, -23.70387798], [-45.88845549, -23.70396864], [-45.8884706, -23.70406989], [-45.88849435, -23.7042606], [-45.8885026, -23.70434915], [-45.88851642, -23.70478416], [-45.88851624, -23.70488656], [-45.88850446, -23.70514576], [-45.88850561, -23.70532901], [-45.88849705, -23.7054275], [-45.88846366, -23.7056525], [-45.88844294, -23.70576579], [-45.88841059, -23.70589811], [-45.88837966, -23.70598138], [-45.88831716, -23.70610918], [-45.88824396, -23.7062356], [-45.88818465, -23.70631262], [-45.88811645, -23.70638102], [-45.88804512, -23.7064358], [-45.88800868, -23.70645778], [-45.88792939, -23.70649608], [-45.88779056, -23.70654844], [-45.88774312, -23.70656886], [-45.88765027, -23.7066178], [-45.88760838, -23.7066455], [-45.88757404, -23.70667433], [-45.88754737, -23.70670419], [-45.88749407, -23.70679988], [-45.88745166, -23.70686795], [-45.8874019, -23.70693588], [-45.88734544, -23.70700006], [-45.88728531, -23.70705731], [-45.88722413, -23.70710426], [-45.88708088, -23.70720073], [-45.88696836, -23.70725711], [-45.88688363, -23.7072883], [-45.88680606, -23.70730518], [-45.88673215, -23.70731247], [-45.8866585, -23.7073147], [-45.88662052, -23.70731284], [-45.88658007, -23.70730765], [-45.88649166, -23.70728729], [-45.88640349, -23.70726088], [-45.88628728, -23.70722073], [-45.88624595, -23.70720163], [-45.8861536, -23.70715014], [-45.88606473, -23.70709284], [-45.88596585, -23.70701926], [-45.88590243, -23.70698151], [-45.88580407, -23.70694179], [-45.88571462, -23.70691349], [-45.88567872, -23.7068987], [-45.88559103, -23.70685504], [-45.88550112, -23.70680307], [-45.8854281, -23.70675364], [-45.8853991, -23.7067296], [-45.88537677, -23.7067057], [-45.88536102, -23.70668204], [-45.88535193, -23.70665851], [-45.88534716, -23.70663443], [-45.88534397, -23.7065826], [-45.88535304, -23.70648889], [-45.88539728, -23.70621181], [-45.8854205, -23.70612145], [-45.88544047, -23.70605675], [-45.88546171, -23.70600641], [-45.88559999, -23.70577088], [-45.88563147, -23.70572627], [-45.88566612, -23.70568651], [-45.88570403, -23.7056498], [-45.8858319, -23.70554186], [-45.88587284, -23.70550387], [-45.88591003, -23.70546383], [-45.88605017, -23.70529883], [-45.88609069, -23.70525669], [-45.88624059, -23.70511538], [-45.88627201, -23.7050761], [-45.88630035, -23.70503195], [-45.88635139, -23.70493501], [-45.88638349, -23.70489572], [-45.88642154, -23.70486471], [-45.88644303, -23.7048523], [-45.88646592, -23.70484196], [-45.88661035, -23.7047911], [-45.88663049, -23.70478123], [-45.8866328, -23.70477516], [-45.88663086, -23.70476416], [-45.88661463, -23.70472749], [-45.88660104, -23.70470517], [-45.88656703, -23.70466562], [-45.88654641, -23.7046484], [-45.88647247, -23.70459328], [-45.88645604, -23.70458533], [-45.8864374, -23.70458417], [-45.88641654, -23.70458962], [-45.88639347, -23.70460177], [-45.88634721, -23.70463608], [-45.88632557, -23.70465581], [-45.88626756, -23.70472306], [-45.88623552, -23.70477157], [-45.88620821, -23.70482248], [-45.88618444, -23.70487555], [-45.88612234, -23.70503441], [-45.88609939, -23.70507898], [-45.88601646, -23.70521647], [-45.8859831, -23.70525839], [-45.88591131, -23.70533241], [-45.88583584, -23.70539986], [-45.88579496, -23.70543143], [-45.88574993, -23.70546041], [-45.88570184, -23.7054848], [-45.88561093, -23.70551648], [-45.88558854, -23.70552709], [-45.88557307, -23.70554605], [-45.88555244, -23.70558474], [-45.88548592, -23.70572782], [-45.88545494, -23.70577424], [-45.88543714, -23.7057962], [-45.88539855, -23.70583354], [-45.88533488, -23.70587564], [-45.885291, -23.70589892], [-45.88524267, -23.70591852], [-45.88518638, -23.70593447], [-45.8851567, -23.70594015], [-45.88509924, -23.7059431], [-45.88507146, -23.70594046], [-45.8850191, -23.70592956], [-45.88497182, -23.70591339], [-45.88485072, -23.70586161], [-45.88480894, -23.70583357], [-45.8847237, -23.70574573], [-45.88462757, -23.70565731], [-45.88459707, -23.70561549], [-45.88458573, -23.70559153], [-45.88456892, -23.70554195], [-45.88453372, -23.70537], [-45.88453119, -23.70534392], [-45.88453248, -23.70528854], [-45.88454045, -23.70523322], [-45.88455305, -23.70518257], [-45.88461293, -23.70499888], [-45.88465498, -23.7048936], [-45.8846811, -23.7048389], [-45.88476139, -23.70470233], [-45.88483736, -23.70454962], [-45.8848676, -23.70450988], [-45.88494066, -23.70443586], [-45.88502372, -23.70435996], [-45.88530977, -23.704117], [-45.88544078, -23.70399522], [-45.88549378, -23.70395698], [-45.8856363, -23.70386883], [-45.88567759, -23.70383906], [-45.88571884, -23.70380396], [-45.88576132, -23.70376144], [-45.88583869, -23.70367186], [-45.88586969, -23.70362796], [-45.88589439, -23.70358275], [-45.88591111, -23.70354509], [-45.88591793, -23.70352373], [-45.88591592, -23.70351697], [-45.88589297, -23.70350337], [-45.88584874, -23.70348854], [-45.88580366, -23.70346577], [-45.88574116, -23.70341898], [-45.88566511, -23.70335691], [-45.88562811, -23.70333879], [-45.88561083, -23.70333573], [-45.88559584, -23.70333961], [-45.88558326, -23.70335043], [-45.88557309, -23.70336819], [-45.88555653, -23.70341507], [-45.88551904, -23.70358581], [-45.88550457, -23.70363701], [-45.88548447, -23.70368165], [-45.88545758, -23.70372272], [-45.88542244, -23.7037632], [-45.8853815, -23.70380137], [-45.88533691, -23.70383577], [-45.88529111, -23.70386574], [-45.88524665, -23.70389038], [-45.88520038, -23.70390998], [-45.88514928, -23.70392463], [-45.88509119, -23.70393526], [-45.88502444, -23.7039425], [-45.88495404, -23.70394598], [-45.88476224, -23.70394129], [-45.8847067, -23.70393764], [-45.88459911, -23.70392389], [-45.88455838, -23.70392114], [-45.88454241, -23.70392367], [-45.88453001, -23.70393214], [-45.88452118, -23.70394647], [-45.88451583, -23.70396682], [-45.88451196, -23.70401841], [-45.8845181, -23.70414365], [-45.88451623, -23.70420101], [-45.88451297, -23.7042275], [-45.88450016, -23.70427661], [-45.88446795, -23.70434399], [-45.88444158, -23.70438994], [-45.8844104, -23.70443455], [-45.8843732, -23.7044755], [-45.88435243, -23.70449314], [-45.88433065, -23.70450717], [-45.88430787, -23.7045176], [-45.88428388, -23.70452442], [-45.88423202, -23.70452878], [-45.8841741, -23.70452198], [-45.88411503, -23.70450307], [-45.88405939, -23.70447106], [-45.88400939, -23.70442998], [-45.88396709, -23.70438371], [-45.88392607, -23.70432252], [-45.88388028, -23.70423662], [-45.88385661, -23.70414535], [-45.88384419, -23.70407786], [-45.88383951, -23.70402424], [-45.88384635, -23.70381629], [-45.88384054, -23.70376863], [-45.88381659, -23.70367863], [-45.88373727, -23.70343576], [-45.88372334, -23.7034064], [-45.88371524, -23.70339786], [-45.88371022, -23.70339636], [-45.88369133, -23.70340234], [-45.88367563, -23.70341516], [-45.88364714, -23.70345235], [-45.88363689, -23.70347436], [-45.88361435, -23.70355009], [-45.88359441, -23.70360367], [-45.88356895, -23.70365385], [-45.88353754, -23.70369504], [-45.8835008, -23.70373029], [-45.88345953, -23.7037625], [-45.88341528, -23.70378976], [-45.88332833, -23.70382674], [-45.88329686, -23.70384417], [-45.88328467, -23.70385481], [-45.88326664, -23.70388697], [-45.88326081, -23.7039085], [-45.88325457, -23.70395785], [-45.88325375, -23.70404095], [-45.88324745, -23.704067], [-45.88323594, -23.70409109], [-45.88321903, -23.70411323], [-45.88319836, -23.70413213], [-45.88317541, -23.70414671], [-45.88315017, -23.7041567], [-45.88312264, -23.70416237], [-45.88306273, -23.70416515], [-45.88299776, -23.70415974], [-45.88296525, -23.70415351], [-45.88293508, -23.7041442], [-45.88290733, -23.70413189], [-45.88288202, -23.70411659], [-45.88283658, -23.7040838], [-45.88268251, -23.70395633], [-45.88265226, -23.70393474], [-45.88263661, -23.70392706], [-45.88259221, -23.70391729], [-45.88253344, -23.70391527], [-45.88247886, -23.70392344], [-45.88235496, -23.70396407], [-45.88217567, -23.70401079], [-45.88217325, -23.70401568], [-45.88217528, -23.70402561], [-45.88219327, -23.70406064], [-45.88232457, -23.70425977], [-45.88235038, -23.70430523], [-45.88237163, -23.70435804], [-45.88237996, -23.70438653], [-45.88238997, -23.70444482], [-45.88239432, -23.70459662], [-45.88239376, -23.70465867], [-45.88238869, -23.70472102], [-45.88236952, -23.7048325], [-45.88235476, -23.70488253], [-45.88233392, -23.70493494], [-45.88230876, -23.70498611], [-45.88225337, -23.70507738], [-45.88222984, -23.70512285], [-45.88222039, -23.70514657], [-45.88220858, -23.7051993], [-45.8822067, -23.70528439], [-45.88221163, -23.70533313], [-45.88223798, -23.70553078], [-45.8822753, -23.70575736], [-45.88228687, -23.70587308], [-45.88229137, -23.70597403], [-45.88229006, -23.70602624], [-45.88228359, -23.7060858], [-45.88227349, -23.7061443], [-45.88226136, -23.7061935], [-45.88223103, -23.70629194], [-45.88220982, -23.70634761], [-45.88218021, -23.70640684], [-45.88216225, -23.70643558], [-45.88214222, -23.70646089], [-45.8821201, -23.70648269], [-45.8820958, -23.70650099], [-45.88207039, -23.70651495], [-45.88204465, -23.70652359], [-45.88201877, -23.70652689], [-45.88199267, -23.70652488], [-45.88196712, -23.70651834], [-45.88194292, -23.706508], [-45.88191997, -23.70649377], [-45.88189837, -23.70647574], [-45.88185855, -23.7064327], [-45.88182271, -23.7063835], [-45.88169258, -23.70618337], [-45.88166625, -23.70613394], [-45.8816454, -23.70608176], [-45.88161415, -23.70597031], [-45.88160247, -23.70591139], [-45.88158722, -23.70578801], [-45.88157472, -23.70556193], [-45.88157087, -23.70541301], [-45.88156378, -23.70536491], [-45.88153581, -23.70527511], [-45.88153004, -23.70526331], [-45.88150516, -23.70523934], [-45.88148766, -23.70523267], [-45.88145154, -23.70527315], [-45.8814146, -23.70530796], [-45.88128086, -23.70540373], [-45.88119481, -23.70545751], [-45.88115001, -23.70547628], [-45.88112553, -23.70548193], [-45.88107337, -23.70548584], [-45.88102311, -23.70547963], [-45.88099913, -23.70547254], [-45.88095043, -23.70545204], [-45.88089884, -23.70542352], [-45.88085007, -23.7053911], [-45.88081013, -23.70535873], [-45.8807116, -23.70526328], [-45.88068646, -23.705244], [-45.88067614, -23.70524117], [-45.88067174, -23.70524318], [-45.88066147, -23.7052623], [-45.88065456, -23.70531463], [-45.88065594, -23.70537405], [-45.88065958, -23.70540474], [-45.88069944, -23.70561532], [-45.88077437, -23.7060515], [-45.88079981, -23.70626125], [-45.88080442, -23.70636338], [-45.88080481, -23.70646607], [-45.88080098, -23.70656725], [-45.88079224, -23.70666737], [-45.88078472, -23.70671691], [-45.88075656, -23.70681832], [-45.88067245, -23.70703005], [-45.88061726, -23.7071812], [-45.88059338, -23.70723345], [-45.88056663, -23.7072812], [-45.8805372, -23.7073249], [-45.8805054, -23.70736536], [-45.88048523, -23.70738517], [-45.880458, -23.70740556], [-45.88038227, -23.70744835], [-45.88027982, -23.70745742], [-45.88023961, -23.70745846], [-45.88009802, -23.70745041], [-45.87982167, -23.7074463], [-45.87973901, -23.70743584], [-45.87968091, -23.70741621], [-45.87965109, -23.70740165], [-45.87959476, -23.70736838], [-45.87954607, -23.70733334], [-45.87946132, -23.70726021], [-45.87942123, -23.70722025], [-45.879381, -23.70717486], [-45.87934261, -23.70712504], [-45.87930812, -23.70707213], [-45.8792799, -23.70701882], [-45.87926093, -23.70696817], [-45.87924814, -23.70691938], [-45.87921709, -23.70672031], [-45.87920431, -23.70667297], [-45.87918645, -23.706628], [-45.87916291, -23.70658397], [-45.87913419, -23.70654295], [-45.87910089, -23.70650701], [-45.87896836, -23.70638818], [-45.87893289, -23.70635008], [-45.87890202, -23.70630971], [-45.8788705, -23.70626102], [-45.87884102, -23.70620853], [-45.87881664, -23.70615674], [-45.87879746, -23.70610519], [-45.87878328, -23.70605315], [-45.87875325, -23.70590375], [-45.87873773, -23.70585706], [-45.87872641, -23.70583671], [-45.87871062, -23.70582153], [-45.87869034, -23.70581153], [-45.87866559, -23.7058068], [-45.87861007, -23.70580558], [-45.87842207, -23.70582516], [-45.87835254, -23.70582754], [-45.87828403, -23.70582161], [-45.87821755, -23.70581006], [-45.87802873, -23.70576615], [-45.87785619, -23.70573624], [-45.87774881, -23.70571147], [-45.8776861, -23.70569232], [-45.87757411, -23.7056524], [-45.87743088, -23.70558945], [-45.87736545, -23.70564771], [-45.87732957, -23.70569443], [-45.87722263, -23.70588146], [-45.87718904, -23.70596321], [-45.87717647, -23.70602063], [-45.87717186, -23.70610772], [-45.87719306, -23.70637468], [-45.87719497, -23.70642461], [-45.87719205, -23.70647196], [-45.87718305, -23.7065197], [-45.87716662, -23.70657127], [-45.87714088, -23.70662335], [-45.87710393, -23.70667269], [-45.87706105, -23.70671457], [-45.87703919, -23.70673096], [-45.87699404, -23.70675533], [-45.87694236, -23.70677314], [-45.87688408, -23.70678476], [-45.87682359, -23.7067889], [-45.87676186, -23.706785], [-45.87670007, -23.70677126], [-45.8766692, -23.70676051], [-45.87663939, -23.70674713], [-45.87661201, -23.70673094], [-45.87658687, -23.70671193], [-45.87656417, -23.70669011], [-45.87652442, -23.70664292], [-45.87649192, -23.7065946], [-45.8764383, -23.70649583], [-45.87641658, -23.70644664], [-45.87638663, -23.70635323], [-45.8763692, -23.7063135], [-45.8763576, -23.7062955], [-45.8763419, -23.70627879], [-45.87629785, -23.70624888], [-45.87624344, -23.70622444], [-45.87612825, -23.70618878], [-45.87607847, -23.70616666], [-45.87591966, -23.70609278], [-45.87587005, -23.70606705], [-45.87582238, -23.70603715], [-45.87559931, -23.70585904], [-45.87556339, -23.70582591], [-45.87553272, -23.7057877], [-45.87550715, -23.70574756], [-45.87547775, -23.70569218], [-45.87546855, -23.70568122], [-45.87545919, -23.70567558], [-45.87544958, -23.70567536], [-45.87537611, -23.70569023], [-45.87534396, -23.70569339], [-45.87528667, -23.70569182], [-45.87525751, -23.70568783], [-45.87519611, -23.70567391], [-45.87508237, -23.70563562], [-45.87492696, -23.70557174], [-45.874819, -23.70551735], [-45.87461888, -23.70539781], [-45.87448448, -23.7053059], [-45.87446214, -23.70529474], [-45.87443232, -23.70528642], [-45.87069205, -23.72992825], [-45.86361639, -23.72959762], [-45.86455532, -23.71014786], [-45.87167134, -23.71047702], [-45.87249927, -23.70506707], [-45.87244155, -23.70503257], [-45.87235849, -23.70497704], [-45.87218428, -23.70485789], [-45.87213913, -23.70482428], [-45.87207804, -23.70476923], [-45.87199528, -23.70467865], [-45.87191171, -23.7045789], [-45.87188464, -23.70455105], [-45.87187036, -23.70454057], [-45.87183003, -23.70452463], [-45.871804, -23.70451917], [-45.87174609, -23.704513], [-45.87168449, -23.70451262], [-45.87162321, -23.70451631], [-45.87151117, -23.70452814], [-45.871454, -23.70453054], [-45.87139709, -23.70452724], [-45.87134267, -23.70451599], [-45.87129205, -23.70449911], [-45.8712464, -23.70447896], [-45.87116231, -23.70443012], [-45.8711211, -23.70439919], [-45.87105921, -23.70433911], [-45.87102309, -23.7042919], [-45.87097903, -23.70421529], [-45.87095477, -23.70416647], [-45.87093453, -23.70411646], [-45.87091837, -23.70406136], [-45.87089371, -23.70395149], [-45.87088561, -23.70389906], [-45.87088193, -23.70384625], [-45.87088587, -23.70374615], [-45.87090449, -23.70359557], [-45.87090696, -23.70355356], [-45.87090493, -23.70351374], [-45.87089699, -23.70347043], [-45.87088324, -23.70342282], [-45.87084259, -23.70331412], [-45.87080535, -23.70320053], [-45.87078382, -23.70314827], [-45.87070893, -23.7029937], [-45.8706858, -23.70293729], [-45.87066728, -23.70288049], [-45.87065584, -23.70282601], [-45.87064195, -23.70268419], [-45.87063357, -23.70264802], [-45.87062639, -23.70263144], [-45.87059968, -23.70259727], [-45.87058015, -23.70257968], [-45.8705349, -23.70254543], [-45.87045935, -23.70249726], [-45.87041212, -23.70246086], [-45.87035187, -23.70239689], [-45.87031968, -23.70235047], [-45.87023475, -23.70220445], [-45.87014855, -23.70207325], [-45.87012312, -23.70202624], [-45.87007943, -23.70193057], [-45.8700559, -23.70188762], [-45.87003144, -23.70185217], [-45.87000685, -23.70182747], [-45.86997416, -23.70180869], [-45.869925, -23.70179126], [-45.86989582, -23.70178402], [-45.86983506, -23.70177714], [-45.86973923, -23.70177722], [-45.86967494, -23.70177045], [-45.8696439, -23.70176367], [-45.8696152, -23.70175344], [-45.86958892, -23.70173977], [-45.86956507, -23.70172265], [-45.86931927, -23.70150086], [-45.86928193, -23.70146196], [-45.8691535, -23.70129306], [-45.86912011, -23.70125748], [-45.86896506, -23.70111294], [-45.8688751, -23.70102113], [-45.86878891, -23.700921], [-45.86871416, -23.70081665], [-45.86868421, -23.70076696], [-45.86866185, -23.70072238], [-45.8686447, -23.70067994], [-45.86860208, -23.700554], [-45.8685913, -23.70054105], [-45.86857394, -23.70054133], [-45.86855, -23.70055483], [-45.86851948, -23.70058156], [-45.86846153, -23.7006433], [-45.86842303, -23.70069527], [-45.86834279, -23.70082813], [-45.86829396, -23.70089009], [-45.86827554, -23.70090826], [-45.86823524, -23.70093928], [-45.86821296, -23.70095151], [-45.86818821, -23.70096104], [-45.86816118, -23.70096761], [-45.86813188, -23.70097147], [-45.86807166, -23.70097308], [-45.86801298, -23.70096862], [-45.86789671, -23.7009475], [-45.86783902, -23.70093148], [-45.86778288, -23.70091039], [-45.86773074, -23.70088647], [-45.86758781, -23.7008105], [-45.86756243, -23.70079927], [-45.8675198, -23.70078921], [-45.86750254, -23.70079021], [-45.86746428, -23.70080397], [-45.86728423, -23.70091192], [-45.86725821, -23.70092299], [-45.86720025, -23.70093867], [-45.8671385, -23.70094606], [-45.86707749, -23.70094541], [-45.86701829, -23.70093779], [-45.86693498, -23.70091722], [-45.86687981, -23.70091003], [-45.86679872, -23.70091364], [-45.86667131, -23.70092917], [-45.86666224, -23.70093708], [-45.86665761, -23.70096348], [-45.8667081, -23.7012869], [-45.86671349, -23.70134522], [-45.86671179, -23.70140086], [-45.8666989, -23.70145323], [-45.86667833, -23.70150203], [-45.86665342, -23.70154706], [-45.86662505, -23.7015884], [-45.86659391, -23.70162624], [-45.8665559, -23.70166303], [-45.86650711, -23.70170115], [-45.86645515, -23.70173504], [-45.86640735, -23.70175915], [-45.86638123, -23.70176896], [-45.86626274, -23.70179952], [-45.86617424, -23.70179423], [-45.86613752, -23.7017892], [-45.8660489, -23.70176748], [-45.86594876, -23.70173841], [-45.86591078, -23.70173465], [-45.86589491, -23.70173781], [-45.86588084, -23.70174629], [-45.86586877, -23.70176018], [-45.8658585, -23.70177956], [-45.86584076, -23.70182672], [-45.8658156, -23.70190805], [-45.86580381, -23.70193467], [-45.86577177, -23.70198471], [-45.86573265, -23.70203099], [-45.86569076, -23.7020744], [-45.8655252, -23.70222562], [-45.8655053, -23.70224126], [-45.86548125, -23.70225341], [-45.86545306, -23.70226233], [-45.8653868, -23.7022702], [-45.86532096, -23.7022665], [-45.86528924, -23.70226035], [-45.86525947, -23.70225167], [-45.86520997, -23.70222828], [-45.86517288, -23.70219643], [-45.86514299, -23.70215577], [-45.86513048, -23.70213199], [-45.86511062, -23.70208089], [-45.86507859, -23.70192383], [-45.86504829, -23.70180604], [-45.86502926, -23.70174545], [-45.86501132, -23.70170247], [-45.86498734, -23.70166584], [-45.86495058, -23.70162414], [-45.86490911, -23.70158301], [-45.86476131, -23.70145097], [-45.86473903, -23.70143384], [-45.86473255, -23.70143253], [-45.86472935, -23.7014395], [-45.86472965, -23.70145485], [-45.86474676, -23.70153505], [-45.86482603, -23.7017763], [-45.86483146, -23.70181168], [-45.86483202, -23.70185196], [-45.8648243, -23.70190023], [-45.86480517, -23.70195959], [-45.86477859, -23.70201916], [-45.86471918, -23.7021128], [-45.86469517, -23.70216125], [-45.86467679, -23.70221491], [-45.8646512, -23.70233636], [-45.86463196, -23.70239246], [-45.86461918, -23.70241791], [-45.86460353, -23.70244058], [-45.86458493, -23.70246064], [-45.86456347, -23.70247792], [-45.86453923, -23.7024917], [-45.86451271, -23.70250097], [-45.86448391, -23.70250565], [-45.86445262, -23.70250591], [-45.8644213, -23.70250193], [-45.86439222, -23.70249387], [-45.86436526, -23.70248192], [-45.86434064, -23.70246598], [-45.86431736, -23.70244687], [-45.86427263, -23.70240178], [-45.86423217, -23.70234899], [-45.86421718, -23.70232288], [-45.86419959, -23.70227276], [-45.86416225, -23.7020236], [-45.86413905, -23.70194181], [-45.86411706, -23.70189461], [-45.86410418, -23.70187408], [-45.86407381, -23.70183623], [-45.86403719, -23.70180022], [-45.86399578, -23.70176757], [-45.86395155, -23.70173928], [-45.86374983, -23.7016257], [-45.86372641, -23.70161481], [-45.86367451, -23.70159731], [-45.86362077, -23.70158532], [-45.86351877, -23.70157135], [-45.86346386, -23.70155883], [-45.86340922, -23.70154234], [-45.86309926, -23.70142195], [-45.86305173, -23.70139873], [-45.86300899, -23.7013726], [-45.86296956, -23.70134283], [-45.86293246, -23.70130881], [-45.8628963, -23.70126945], [-45.86282883, -23.70118285], [-45.86277257, -23.70109917], [-45.86272417, -23.70101742], [-45.86267521, -23.70092494], [-45.86260409, -23.70077532], [-45.86255859, -23.70068651], [-45.86252373, -23.70059214], [-45.86249361, -23.70048564], [-45.86248898, -23.70048296], [-45.86238978, -23.70047683], [-45.86233595, -23.70046494], [-45.86228394, -23.70044698], [-45.86223868, -23.70042547], [-45.86219722, -23.70040023], [-45.86215711, -23.70037128], [-45.86211806, -23.70033907], [-45.86204375, -23.70027075], [-45.86200993, -23.7002424], [-45.861992, -23.70023166], [-45.86197058, -23.7002251], [-45.86194555, -23.7002228], [-45.86188762, -23.70022763], [-45.86183249, -23.70022695], [-45.86180677, -23.70022339], [-45.86175567, -23.70020994], [-45.86170237, -23.70018838], [-45.8616508, -23.70016221], [-45.86147451, -23.70005173], [-45.86138517, -23.70000897], [-45.86137469, -23.70005708], [-45.86136961, -23.70010461], [-45.8613757, -23.70019643], [-45.86137375, -23.7002426], [-45.86136355, -23.70028772], [-45.86134255, -23.70033002], [-45.86132806, -23.70034898], [-45.86131119, -23.70036488], [-45.86129195, -23.70037772], [-45.86127034, -23.7003875], [-45.8612205, -23.7003997], [-45.86116275, -23.70040364], [-45.86110082, -23.70039847], [-45.86103864, -23.70038337], [-45.86092901, -23.70034334], [-45.8608812, -23.70032166], [-45.86077754, -23.7002638], [-45.86065303, -23.70018257], [-45.86062037, -23.70016857], [-45.86061046, -23.70016872], [-45.8605909, -23.70017732], [-45.86057025, -23.70019884], [-45.86049202, -23.70033891], [-45.86047753, -23.70035795], [-45.86046436, -23.70036995], [-45.8604497, -23.70037698], [-45.86040609, -23.70038328], [-45.86034633, -23.700379], [-45.86031627, -23.70037267], [-45.86028689, -23.70036353], [-45.8602311, -23.70033756], [-45.86020609, -23.70032261], [-45.86016291, -23.70028961], [-45.86012776, -23.70025314], [-45.86009974, -23.70021374], [-45.86003224, -23.70009055], [-45.85999372, -23.7000363], [-45.85995723, -23.7000049], [-45.85984515, -23.69993462], [-45.85980386, -23.69990522], [-45.85973168, -23.69984682], [-45.85971054, -23.69983275], [-45.85975379, -23.70013771], [-45.85976214, -23.70022952], [-45.85976622, -23.70031386], [-45.85975749, -23.70077715], [-45.85975234, -23.70095051], [-45.85974084, -23.70117023], [-45.85967676, -23.7019299], [-45.85964489, -23.7023497], [-45.85962855, -23.70244616], [-45.85960196, -23.70254964], [-45.85958486, -23.70260401], [-45.85952126, -23.70277751], [-45.859504, -23.70283839], [-45.85949097, -23.70290069], [-45.85948207, -23.70296433], [-45.8594773, -23.70302947], [-45.85947685, -23.70309595], [-45.85948053, -23.70316385], [-45.85950707, -23.70338155], [-45.85952286, -23.70354648], [-45.85953592, -23.70372813], [-45.85956535, -23.70429752], [-45.85958743, -23.70458462], [-45.85961972, -23.7048572], [-45.85964243, -23.70501405], [-45.85973083, -23.70554184], [-45.85979813, -23.70590355], [-45.8598791, -23.70629843], [-45.86003618, -23.7069941], [-45.86008508, -23.70722532], [-45.86012872, -23.70744835], [-45.8602326, -23.7080325], [-45.86030952, -23.70841006], [-45.86033056, -23.70853621], [-45.86034942, -23.70867547], [-45.86039056, -23.7090703], [-45.86031813, -23.70936406], [-45.86026793, -23.70959167], [-45.8602026, -23.70991971], [-45.86009219, -23.71052438], [-45.86004225, -23.71077819], [-45.86001196, -23.710916], [-45.85995369, -23.71115486], [-45.85982369, -23.71162976], [-45.85969819, -23.71205667], [-45.85948519, -23.71275347], [-45.85955273, -23.7129278], [-45.85961592, -23.71307909], [-45.85977586, -23.71343135], [-45.85989334, -23.71370925], [-45.85997424, -23.7139299], [-45.86001642, -23.71406424], [-45.86005112, -23.71419591], [-45.86007757, -23.7143242], [-45.86009654, -23.71445054], [-45.86010992, -23.71459055], [-45.86011547, -23.7147036], [-45.86011685, -23.71489887], [-45.86010842, -23.71528897], [-45.86006895, -23.71612589], [-45.86002149, -23.71651286], [-45.86000876, -23.71665058], [-45.86000008, -23.71679369], [-45.85999699, -23.71698031], [-45.86001212, -23.71753723], [-45.86001329, -23.7177016], [-45.86000888, -23.71786673], [-45.85999238, -23.71807248], [-45.85998222, -23.71815418], [-45.85994112, -23.71839421], [-45.85990652, -23.71854831], [-45.85986766, -23.71869574], [-45.85983983, -23.71878956], [-45.85978163, -23.71896438], [-45.85959858, -23.71942919], [-45.8595616, -23.71953488], [-45.85952898, -23.71964571], [-45.85949572, -23.71979591], [-45.85948476, -23.71985983], [-45.85945921, -23.72006183], [-45.85944767, -23.72020289], [-45.85943979, -23.72034672], [-45.85943295, -23.72063542], [-45.8594354, -23.72094872], [-45.85944762, -23.72127218], [-45.85946269, -23.72150638], [-45.85949287, -23.72181502], [-45.85951354, -23.72195941], [-45.85955519, -23.72217794], [-45.8596842, -23.72271742], [-45.85971202, -23.7228615], [-45.85972698, -23.7229726], [-45.8597337, -23.72305611], [-45.85973644, -23.72317432], [-45.85973409, -23.72324984], [-45.85972171, -23.72339641], [-45.85969859, -23.72356616], [-45.8596765, -23.72369752], [-45.85957193, -23.7242681], [-45.85955272, -23.72439005], [-45.85952726, -23.72459106], [-45.85951418, -23.724737], [-45.85950438, -23.72493296], [-45.85950323, -23.72510051], [-45.85951175, -23.72532319], [-45.85955039, -23.72577014], [-45.85958101, -23.72608564], [-45.85959212, -23.72625501], [-45.85962331, -23.72688211], [-45.85963172, -23.7269825], [-45.85965229, -23.72715733], [-45.85968615, -23.72736921], [-45.85970942, -23.72749183], [-45.85977123, -23.72777626], [-45.85988253, -23.72821667], [-45.86001181, -23.72842305], [-45.86012295, -23.728615], [-45.86018094, -23.72874595], [-45.8601911, -23.72877637], [-45.86019139, -23.72881658], [-45.86017327, -23.72898701], [-45.86018928, -23.72921905], [-45.86012706, -23.72923123], [-45.85974533, -23.72932603], [-45.85968311, -23.72933713], [-45.85953439, -23.72935751], [-45.8594435, -23.72937359], [-45.85925586, -23.72941765], [-45.85913664, -23.72943128], [-45.85906569, -23.72942754], [-45.85898988, -23.72941524], [-45.85892521, -23.72939711], [-45.85887092, -23.72937655], [-45.8587362, -23.72931308], [-45.85867995, -23.72929253], [-45.85863479, -23.72927881], [-45.85858024, -23.72927195], [-45.8584471, -23.72927484], [-45.85834597, -23.72929189], [-45.85816091, -23.72933306], [-45.85802785, -23.72935474], [-45.85794219, -23.7293479], [-45.85791304, -23.72933517], [-45.85787365, -23.72931328], [-45.84912117, -23.74163315], [-45.84884413, -23.74203252], [-45.85068513, -23.74214997], [-45.85516526, -23.74244246], [-45.86313378, -23.74293572], [-45.86355787, -23.73494715], [-45.8656438, -23.73501031], [-45.8656376, -23.73407085], [-45.86563768, -23.73406761], [-45.86565056, -23.73405876], [-45.86565805, -23.73404878], [-45.8656669, -23.73402191], [-45.86567084, -23.73398061], [-45.86567062, -23.73394638], [-45.86566358, -23.73386125], [-45.86565315, -23.7337821], [-45.86553078, -23.73303476], [-45.86551413, -23.73287607], [-45.86551206, -23.73280066], [-45.86551775, -23.73269704], [-45.86553551, -23.73259352], [-45.86555316, -23.73253201], [-45.86557525, -23.73247471], [-45.86565838, -23.73230147], [-45.86568189, -23.73223621], [-45.86569819, -23.73216414], [-45.86570651, -23.73210276], [-45.86571408, -23.73200102], [-45.86571423, -23.73194864], [-45.86571065, -23.73189745], [-45.86569713, -23.73182563], [-45.86567166, -23.73172714], [-45.86566116, -23.73166822], [-45.86565491, -23.73156764], [-45.86565841, -23.7314745], [-45.86566853, -23.73138738], [-45.86568563, -23.73130256], [-45.86569684, -23.73126258], [-45.86571939, -23.73120131], [-45.86574059, -23.73115684], [-45.86577619, -23.73109667], [-45.86580195, -23.73106049], [-45.86585597, -23.73099543], [-45.86591093, -23.73093849], [-45.86598177, -23.73087966], [-45.8660495, -23.73084053], [-45.86612144, -23.73081583], [-45.86619975, -23.73080302], [-45.86625536, -23.73080144], [-45.86630553, -23.73080667], [-45.86633158, -23.7308142], [-45.86635422, -23.73082609], [-45.86637358, -23.73084639], [-45.86638204, -23.73086387], [-45.86638618, -23.73088245], [-45.86638328, -23.73091751], [-45.86637378, -23.73093545], [-45.8663516, -23.73094939], [-45.86631964, -23.73095273], [-45.86627565, -23.73094729], [-45.86614302, -23.7309184], [-45.86610318, -23.73091781], [-45.86606529, -23.73092896], [-45.86602599, -23.7309504], [-45.86597231, -23.73099207], [-45.86594024, -23.7310244], [-45.86590978, -23.73106169], [-45.86586541, -23.73113212], [-45.86583755, -23.73119216], [-45.86581641, -23.73125884], [-45.86580477, -23.73133793], [-45.86580543, -23.73139429], [-45.86581068, -23.73141621], [-45.86581789, -23.73142366], [-45.86617836, -23.73150167], [-45.86626156, -23.73151665], [-45.86647276, -23.73154193], [-45.86656015, -23.73156772], [-45.86658322, -23.73157039], [-45.86661014, -23.7315613], [-45.86662283, -23.73155147], [-45.86664123, -23.73152987], [-45.86669924, -23.7314302], [-45.86674559, -23.73136301], [-45.86676158, -23.73133294], [-45.86676728, -23.73130527], [-45.86676638, -23.73128811], [-45.86674203, -23.73119531], [-45.86674233, -23.73118113], [-45.8667494, -23.73116763], [-45.86676407, -23.73116086], [-45.86678791, -23.73116028], [-45.86682868, -23.73116845], [-45.86687855, -23.73118849], [-45.8669086, -23.73120774], [-45.86692707, -23.73122742], [-45.86693335, -23.73124138], [-45.86693272, -23.73126496], [-45.86692858, -23.73127699], [-45.86691258, -23.73130535], [-45.86681782, -23.73142646], [-45.86679055, -23.73147168], [-45.86678541, -23.73149538], [-45.86678687, -23.7315231], [-45.86679563, -23.73155737], [-45.86681111, -23.73159838], [-45.86683172, -23.73164378], [-45.86688199, -23.73173906], [-45.8669648, -23.73187236], [-45.86706427, -23.73200421], [-45.86717751, -23.73214149], [-45.86728733, -23.73228132], [-45.86733962, -23.73235527], [-45.86740655, -23.73246138], [-45.86748502, -23.73260653], [-45.86754265, -23.73273229], [-45.8675686, -23.73279808], [-45.86760273, -23.73290004], [-45.86762971, -23.73300403], [-45.86764359, -23.7330707], [-45.86766122, -23.73318467], [-45.86766502, -23.73324028], [-45.86765922, -23.73329695], [-45.8676423, -23.73335051], [-45.86754778, -23.73356573], [-45.8675233, -23.73363171], [-45.867511, -23.73367197], [-45.86749355, -23.73374776], [-45.86748325, -23.73382197], [-45.86748202, -23.73385801], [-45.86748441, -23.73389259], [-45.867491, -23.73392543], [-45.86751395, -23.73398328], [-45.86757777, -23.7340942], [-45.86769128, -23.73425767], [-45.86772064, -23.7342912], [-45.86778216, -23.73435082], [-45.86788526, -23.73443749], [-45.86795368, -23.73448805], [-45.86808811, -23.73457969], [-45.868204, -23.73465626], [-45.86825816, -23.73468685], [-45.86831238, -23.73471129], [-45.86834778, -23.7347241], [-45.86841344, -23.73474197], [-45.86845165, -23.73474835], [-45.86849384, -23.73474974], [-45.86852825, -23.73474431], [-45.86855711, -23.73473313], [-45.86857089, -23.73472447], [-45.86859029, -23.73470639], [-45.86860798, -23.734681], [-45.86862365, -23.73464704], [-45.86863818, -23.73460063], [-45.86960508, -23.73466708], [-45.86700626, -23.74950427], [-45.86541886, -23.75847629], [-45.86545011, -23.7584665], [-45.86559927, -23.75854235], [-45.86586381, -23.75861348], [-45.86610814, -23.75859793], [-45.86634472, -23.75861142], [-45.8664846, -23.75858995], [-45.86680816, -23.75871268], [-45.86720023, -23.75879439], [-45.8676986, -23.75883431], [-45.86811155, -23.75889738], [-45.868573, -23.75897906], [-45.86902156, -23.75904075], [-45.86929232, -23.75904474], [-45.86985411, -23.75913497], [-45.8700161, -23.75908655], [-45.87006224, -23.7590013], [-45.87020023, -23.75907774], [-45.87034895, -23.75911691], [-45.87056881, -23.75928629], [-45.87096976, -23.75934581], [-45.8712614, -23.75930072], [-45.87185814, -23.75945234], [-45.87235485, -23.75952215], [-45.8727254, -23.75953957], [-45.87309966, -23.75954016], [-45.87326487, -23.75962142], [-45.87357145, -23.7596401], [-45.87379286, -23.75968915], [-45.87410582, -23.75981148], [-45.87446408, -23.75989815], [-45.87486776, -23.7599235], [-45.87504912, -23.75992309], [-45.87518699, -23.75954551], [-45.87487317, -23.75950201], [-45.87510143, -23.75848927], [-45.87513905, -23.7582452], [-45.87545196, -23.75808085], [-45.87568667, -23.7579621], [-45.87621436, -23.75763397], [-45.87676095, -23.75719734], [-45.87733473, -23.75642637], [-45.87639894, -23.75582678], [-45.87713891, -23.75502754], [-45.87733594, -23.75514384], [-45.87813376, -23.7555909], [-45.87815599, -23.75597914], [-45.87790104, -23.7562076], [-45.87758082, -23.75654239], [-45.87734674, -23.75690471], [-45.8768326, -23.75763949], [-45.87629167, -23.75802303], [-45.87628565, -23.75802193], [-45.87733229, -23.75899143], [-45.87756925, -23.75920685], [-45.87756961, -23.75926104], [-45.87584842, -23.76013787], [-45.87532907, -23.76014078], [-45.87598176, -23.76080748], [-45.87603869, -23.7622003], [-45.87628109, -23.7623242], [-45.87649665, -23.76236425], [-45.87694261, -23.76240073], [-45.87712105, -23.76236341], [-45.87719993, -23.7623757], [-45.87730883, -23.76231303], [-45.87742418, -23.76215793], [-45.87750218, -23.76212778], [-45.87761433, -23.76214078], [-45.87790689, -23.76224786], [-45.87824195, -23.76234124], [-45.87830546, -23.76243273], [-45.87843851, -23.76269264], [-45.8784564, -23.76278538], [-45.87844388, -23.76283459], [-45.87877437, -23.76294967], [-45.87893151, -23.76298418], [-45.87910199, -23.76307579], [-45.8792133, -23.7631232], [-45.87936467, -23.763161], [-45.87939575, -23.76312641], [-45.87948172, -23.76301094], [-45.87955856, -23.76302595], [-45.87964535, -23.76307658], [-45.88009781, -23.76317579], [-45.88032609, -23.76322299], [-45.88042727, -23.76328229], [-45.88049505, -23.76324822], [-45.88048236, -23.76317206], [-45.88025309, -23.76300547], [-45.88023496, -23.76295075], [-45.88030949, -23.76295746], [-45.88042793, -23.76294251], [-45.8804978, -23.76297192], [-45.88058763, -23.76296391], [-45.88070039, -23.76303742], [-45.88084406, -23.7630235], [-45.88093179, -23.76296574], [-45.88088789, -23.76288732], [-45.880738, -23.76283733], [-45.88060152, -23.76276712], [-45.88057191, -23.76271327], [-45.88060836, -23.7626614], [-45.8808031, -23.76256636], [-45.88122946, -23.76249068], [-45.88136936, -23.76239821], [-45.88160442, -23.76227295], [-45.88181215, -23.76219735], [-45.88215165, -23.76214989], [-45.88235254, -23.76210891], [-45.88272498, -23.76214255], [-45.88317305, -23.76221685], [-45.88360957, -23.76227983], [-45.88413519, -23.76232885], [-45.88463472, -23.76240836], [-45.88481437, -23.76243253], [-45.88496747, -23.76247871], [-45.88521058, -23.76257125], [-45.88553235, -23.76264482], [-45.88573487, -23.76264122], [-45.88612936, -23.76262694], [-45.88658775, -23.76273224], [-45.8867848, -23.76280517], [-45.88692419, -23.7628974], [-45.88710438, -23.76303085], [-45.88718554, -23.76307518], [-45.88744488, -23.76305825], [-45.88762191, -23.76302923], [-45.88769283, -23.76295305], [-45.88782875, -23.7629109], [-45.88800731, -23.76297734], [-45.88815121, -23.76302718], [-45.88849577, -23.76310197], [-45.88884141, -23.76320638], [-45.88933043, -23.7633702], [-45.88965138, -23.76343781], [-45.8899708, -23.76348032], [-45.8902089, -23.763443], [-45.89039839, -23.76345699], [-45.89047895, -23.76358532], [-45.89050437, -23.76374531], [-45.89059054, -23.76379006], [-45.89093982, -23.76393843], [-45.8912172, -23.76400511], [-45.89159184, -23.76403049], [-45.89189231, -23.76402867], [-45.89211435, -23.76401004], [-45.89236946, -23.76403404], [-45.89252725, -23.763802], [-45.89262591, -23.76366397], [-45.8927837, -23.76363524], [-45.89297899, -23.76370826], [-45.89304507, -23.76378528], [-45.89310242, -23.76396423], [-45.89323011, -23.7641687], [-45.89334457, -23.76430234], [-45.89355757, -23.76443984], [-45.8937794, -23.76450503], [-45.89391537, -23.76457108], [-45.89407016, -23.76460459], [-45.89422684, -23.7645849], [-45.89439342, -23.76453534], [-45.89449547, -23.76446186], [-45.89470443, -23.7645255], [-45.89494651, -23.76463772], [-45.89510794, -23.76468131], [-45.89524132, -23.76476995], [-45.89535005, -23.76481331], [-45.89555088, -23.76479255], [-45.89561975, -23.76484769], [-45.89580814, -23.76491524], [-45.89599287, -23.76493684], [-45.89609011, -23.76487757], [-45.8964602, -23.76479684], [-45.89650665, -23.76475891], [-45.8964721, -23.76462842], [-45.89595841, -23.76410259], [-45.89587613, -23.76388143], [-45.89577589, -23.76358739], [-45.8956882, -23.76347888], [-45.89568986, -23.76321885], [-45.89577977, -23.76300689], [-45.89575179, -23.76270404], [-45.895573, -23.76246112], [-45.89547367, -23.76231475], [-45.89547637, -23.7619205], [-45.89551308, -23.76146309], [-45.89553373, -23.76108192], [-45.89550328, -23.76070529], [-45.89545067, -23.76047338], [-45.8954179, -23.76023062], [-45.89541863, -23.75992136], [-45.89545914, -23.75960366], [-45.89555481, -23.75931517], [-45.89571101, -23.75879638], [-45.89570534, -23.75862743], [-45.89550113, -23.75833896], [-45.89524135, -23.75804747], [-45.89500484, -23.75777102], [-45.89486983, -23.7576431], [-45.89453115, -23.75749369], [-45.89412703, -23.75730112], [-45.89382216, -23.75718827], [-45.89361177, -23.75710053], [-45.89344913, -23.75693654], [-45.89336067, -23.75675732], [-45.89327252, -23.75647848], [-45.89321831, -23.75571018], [-45.89324566, -23.7553604], [-45.89336368, -23.75479604], [-45.89343947, -23.75434211], [-45.89351549, -23.75407372], [-45.89353353, -23.75388959], [-45.89405684, -23.75285004], [-45.89418355, -23.75228598], [-45.89443322, -23.75180383], [-45.8945844, -23.75123962], [-45.89530359, -23.7514007], [-45.89504176, -23.75249132], [-45.89480939, -23.75311608], [-45.89464188, -23.75368038], [-45.8945741, -23.75429162], [-45.89463804, -23.75430525], [-45.89463711, -23.75433293], [-45.89471208, -23.75441938], [-45.89495476, -23.75459437], [-45.89537404, -23.75497985], [-45.89552161, -23.75525185], [-45.89560247, -23.75551032], [-45.89574887, -23.75586804], [-45.89602225, -23.75648514], [-45.89624036, -23.75705513], [-45.89647456, -23.75749489], [-45.89658913, -23.75766095], [-45.89686254, -23.75789383], [-45.89714632, -23.7581514], [-45.89738877, -23.75843431], [-45.89759406, -23.75879286], [-45.89776557, -23.75906318], [-45.89794854, -23.75944371], [-45.89806448, -23.75973621], [-45.89812683, -23.76007183], [-45.89812199, -23.76028918], [-45.89970284, -23.75860989], [-45.89976066, -23.75560196], [-45.90056374, -23.75137721], [-45.90341531, -23.75202968], [-45.91148308, -23.7546447], [-45.91592395, -23.75607093], [-45.91999965, -23.75739309], [-45.92410289, -23.75874134], [-45.92822939, -23.76004504], [-45.93232447, -23.7613733], [-45.93795033, -23.76315779], [-45.94492909, -23.76539288], [-45.94493, -23.76539037], [-45.9449291, -23.76539388], [-45.9473991, -23.76620381], [-45.94737332, -23.76273243], [-45.95815857, -23.76418324], [-45.95823122, -23.77410755], [-45.95800046, -23.77408342], [-45.9569695, -23.77400004], [-45.95653024, -23.77395999], [-45.95652915, -23.7750602], [-45.95640875, -23.77761222], [-45.9564305, -23.7775933], [-45.95650474, -23.77757189], [-45.95653083, -23.77759756], [-45.95658963, -23.77772048], [-45.95665883, -23.77778788], [-45.95691984, -23.77790358], [-45.95743183, -23.77808944], [-45.95781759, -23.77819173], [-45.95807439, -23.77824035], [-45.95825635, -23.77828149], [-45.95849657, -23.77838567], [-45.95858604, -23.77851381], [-45.9587592, -23.77863954], [-45.95921252, -23.77885466], [-45.95968795, -23.77900669], [-45.96101971, -23.77941793], [-45.96179826, -23.77968304], [-45.96262553, -23.77984093], [-45.96263975, -23.77985825], [-45.96371417, -23.78029238], [-45.96606652, -23.78108566], [-45.96720528, -23.78076865], [-45.96717829, -23.78055676], [-45.96629365, -23.78026633], [-45.96554598, -23.77979792], [-45.96545053, -23.77979093], [-45.96535013, -23.77979066], [-45.96505507, -23.77979819], [-45.96496262, -23.7797976], [-45.96492422, -23.77979441], [-45.96486497, -23.7797843], [-45.96476762, -23.77975881], [-45.96461305, -23.77970621], [-45.96409787, -23.7795027], [-45.96377784, -23.77938385], [-45.96345479, -23.77926927], [-45.9631576, -23.77917322], [-45.96292282, -23.77910324], [-45.962784, -23.77905633], [-45.96273886, -23.77903051], [-45.96272738, -23.77901721], [-45.96272138, -23.77900271], [-45.96272166, -23.77889451], [-45.96271261, -23.77885139], [-45.96269167, -23.77880646], [-45.96265825, -23.77875925], [-45.96262789, -23.77872719], [-45.96259284, -23.77869987], [-45.9625493, -23.77867675], [-45.96250687, -23.77866003], [-45.96242797, -23.77863424], [-45.96232131, -23.77860907], [-45.96226326, -23.77860311], [-45.96220538, -23.77860555], [-45.96216275, -23.7786144], [-45.96204559, -23.77865676], [-45.96202025, -23.77865512], [-45.96200508, -23.77864753], [-45.96184629, -23.77851422], [-45.96178337, -23.7784588], [-45.96175152, -23.77842594], [-45.96170308, -23.77836483], [-45.96165423, -23.77828701], [-45.96153459, -23.77807361], [-45.96150168, -23.77802875], [-45.9614835, -23.77801179], [-45.96168155, -23.77750532], [-45.96167329, -23.77742264], [-45.96167505, -23.77739545], [-45.96169067, -23.77733068], [-45.96169742, -23.77728729], [-45.96169889, -23.77723417], [-45.96169558, -23.77718443], [-45.96168624, -23.77712876], [-45.9616739, -23.77709163], [-45.96164336, -23.77703609], [-45.96162382, -23.77699431], [-45.96161668, -23.77697105], [-45.9616116, -23.77693414], [-45.96161563, -23.77689528], [-45.96163157, -23.77684731], [-45.96165312, -23.77680265], [-45.96169975, -23.77672397], [-45.9617281, -23.77668234], [-45.96177506, -23.77662162], [-45.96182608, -23.77656666], [-45.96189024, -23.77651009], [-45.96194987, -23.77646528], [-45.96202274, -23.77641849], [-45.96207025, -23.77639363], [-45.96216378, -23.77635403], [-45.96224523, -23.7763257], [-45.962374, -23.77628751], [-45.96252067, -23.77628136], [-45.96261705, -23.7762822], [-45.96273311, -23.77629042], [-45.9627954, -23.77629888], [-45.96315683, -23.77636319], [-45.96329576, -23.77639917], [-45.96339916, -23.77643402], [-45.96345921, -23.77645885], [-45.96353006, -23.77649796], [-45.96357446, -23.77652957], [-45.96364902, -23.77659305], [-45.96386772, -23.77679914], [-45.96401973, -23.77693105], [-45.96410304, -23.77699637], [-45.96419095, -23.77705967], [-45.96428365, -23.77711988], [-45.96438025, -23.77717663], [-45.96447937, -23.77723038], [-45.96468002, -23.77733091], [-45.9655365, -23.77774427], [-45.96572355, -23.77782312], [-45.96584744, -23.77786786], [-45.96595653, -23.77790159], [-45.96610744, -23.77793705], [-45.96634675, -23.77798333], [-45.96646894, -23.77801047], [-45.96657869, -23.77804121], [-45.96664618, -23.77806328], [-45.9669779, -23.77818313], [-45.96708086, -23.77822466], [-45.96728932, -23.77831846], [-45.96739869, -23.77836384], [-45.96750043, -23.77839942], [-45.96762965, -23.77843527], [-45.96770583, -23.77845142], [-45.96777933, -23.77846306], [-45.96784994, -23.77847002], [-45.96791857, -23.77847302], [-45.96805318, -23.77846857], [-45.9681436, -23.77845933], [-45.96826025, -23.7784408], [-45.96837058, -23.77841681], [-45.96848655, -23.77838619], [-45.968851, -23.77827354], [-45.96891227, -23.77825138], [-45.96899758, -23.77821499], [-45.96907539, -23.77817269], [-45.96915283, -23.77812162], [-45.96920709, -23.77808046], [-45.96927496, -23.7780216], [-45.96930262, -23.77799262], [-45.96933595, -23.77794797], [-45.96935955, -23.77790077], [-45.9693701, -23.77786819], [-45.96937932, -23.77780147], [-45.9693762, -23.77775065], [-45.96936259, -23.77768868], [-45.96934381, -23.77763091], [-45.9693055, -23.77754643], [-45.96929061, -23.77752413], [-45.9691133, -23.77728906], [-45.9690608, -23.77722445], [-45.96901656, -23.7771765], [-45.96950899, -23.77685568], [-45.96954946, -23.77693526], [-45.96962511, -23.77706638], [-45.96970416, -23.77721734], [-45.96974057, -23.77729695], [-45.96976976, -23.77736957], [-45.96979603, -23.77744427], [-45.96982079, -23.77752775], [-45.96982788, -23.77755715], [-45.96983694, -23.77762781], [-45.96984047, -23.77775929], [-45.96983655, -23.77785325], [-45.96982846, -23.77792654], [-45.96982076, -23.77796073], [-45.96979821, -23.7780166], [-45.96972096, -23.7781606], [-45.96968896, -23.77821165], [-45.96964338, -23.77827199], [-45.96959102, -23.77833139], [-45.96949511, -23.77842077], [-45.96942749, -23.77847358], [-45.96933112, -23.77854012], [-45.96926499, -23.77858011], [-45.96914514, -23.77864542], [-45.96887637, -23.77877003], [-45.96882832, -23.77878966], [-45.96874883, -23.77881572], [-45.96865487, -23.77883771], [-45.96853931, -23.77885695], [-45.96844537, -23.7788682], [-45.96835405, -23.77887536], [-45.96823807, -23.77887763], [-45.96812369, -23.7788722], [-45.96799434, -23.77885901], [-45.96770835, -23.77881827], [-45.96728309, -23.77874922], [-45.96701734, -23.77869859], [-45.96672636, -23.7786334], [-45.96643267, -23.77856018], [-45.96627326, -23.7785172], [-45.96609484, -23.77846331], [-45.96579212, -23.77836315], [-45.96567488, -23.77832893], [-45.96559889, -23.77829851], [-45.96535964, -23.77818034], [-45.96494647, -23.77794232], [-45.96478472, -23.77786015], [-45.96457221, -23.77776186], [-45.96446125, -23.77771351], [-45.96414516, -23.77758389], [-45.96384813, -23.77745668], [-45.96363376, -23.77737258], [-45.96337571, -23.77728658], [-45.96318814, -23.77723085], [-45.96296386, -23.77717282], [-45.96285073, -23.77715023], [-45.96274326, -23.77713491], [-45.96258792, -23.77712432], [-45.96246248, -23.77712167], [-45.96240916, -23.77711785], [-45.96238724, -23.77711347], [-45.9623531, -23.77710158], [-45.96231282, -23.7770825], [-45.96221263, -23.77703011], [-45.96220999, -23.77703211], [-45.96221776, -23.77704742], [-45.96231854, -23.77719337], [-45.96234443, -23.77724334], [-45.96238796, -23.77737114], [-45.96239525, -23.77740171], [-45.96239619, -23.77743593], [-45.96238584, -23.77747041], [-45.96236349, -23.77751309], [-45.96232387, -23.77757032], [-45.96230441, -23.77759284], [-45.96227963, -23.7776135], [-45.96226545, -23.77762027], [-45.96220162, -23.77762826], [-45.96218188, -23.77763976], [-45.96216212, -23.77766183], [-45.96213897, -23.77770289], [-45.96212247, -23.77775564], [-45.9621199, -23.77779332], [-45.96212418, -23.77782771], [-45.96213423, -23.77785962], [-45.9621427, -23.77787654], [-45.96216115, -23.77790406], [-45.96218837, -23.77793505], [-45.9622747, -23.77800984], [-45.96235205, -23.77806626], [-45.9624623, -23.77813773], [-45.96256766, -23.7781984], [-45.96263958, -23.77823607], [-45.96278533, -23.77830353], [-45.96288316, -23.7783423], [-45.96301047, -23.77838468], [-45.96313536, -23.77841831], [-45.96327239, -23.77844879], [-45.9635405, -23.77850122], [-45.96373928, -23.77854586], [-45.96381718, -23.7785694], [-45.963971, -23.77862714], [-45.96400887, -23.77863856], [-45.96406242, -23.77864789], [-45.9641793, -23.77865962], [-45.96430766, -23.778686], [-45.9646481, -23.77877754], [-45.96480724, -23.7788245], [-45.96490643, -23.77886019], [-45.96502436, -23.7789084], [-45.96525447, -23.77901092], [-45.96548512, -23.77911876], [-45.96571393, -23.77921839], [-45.96619536, -23.77940938], [-45.96653233, -23.77956271], [-45.9666096, -23.77959393], [-45.96685303, -23.77967856], [-45.96691132, -23.77970376], [-45.96703544, -23.77976593], [-45.9670823, -23.77978623], [-45.96716103, -23.77981563], [-45.96728036, -23.77985282], [-45.96739942, -23.77988233], [-45.96752227, -23.77990513], [-45.96776197, -23.77993605], [-45.96837586, -23.78000401], [-45.96861368, -23.78003367], [-45.96869439, -23.78003895], [-45.96872835, -23.78003855], [-45.96877061, -23.7800335], [-45.9688033, -23.78002165], [-45.96883598, -23.77999462], [-45.96886622, -23.77995749], [-45.96890399, -23.77990252], [-45.96892483, -23.77986734], [-45.96895646, -23.77980383], [-45.9689866, -23.77972624], [-45.9690004, -23.77968181], [-45.96907651, -23.77960836], [-45.96912605, -23.77956668], [-45.96918602, -23.77952666], [-45.96923944, -23.77950446], [-45.96927785, -23.779496], [-45.96934373, -23.77948719], [-45.96961927, -23.77946857], [-45.96970262, -23.7794582], [-45.96971524, -23.7794537], [-45.969728, -23.77944034], [-45.96974429, -23.77940032], [-45.96975351, -23.77938644], [-45.96978695, -23.77935634], [-45.96981577, -23.77933827], [-45.96988068, -23.77930436], [-45.96996353, -23.77926636], [-45.97008907, -23.77921553], [-45.97020811, -23.77917568], [-45.97032087, -23.77914833], [-45.97043762, -23.77913079], [-45.97052561, -23.77912374], [-45.97061028, -23.77912095], [-45.97071551, -23.77912381], [-45.97081441, -23.77913393], [-45.97092024, -23.77915178], [-45.97099318, -23.77916722], [-45.9711386, -23.77920352], [-45.97124216, -23.77923294], [-45.97141933, -23.77928927], [-45.97150889, -23.77932248], [-45.97154838, -23.77934129], [-45.97160676, -23.77937786], [-45.97166788, -23.77942778], [-45.9717081, -23.7794661], [-45.97177856, -23.77954468], [-45.97181684, -23.77959782], [-45.97186621, -23.77967762], [-45.97188316, -23.77969964], [-45.97190309, -23.77971469], [-45.97191489, -23.77971705], [-45.97193906, -23.77970723], [-45.97201302, -23.77965014], [-45.97210923, -23.77958776], [-45.97213847, -23.77955994], [-45.97214863, -23.77954145], [-45.97215103, -23.77952111], [-45.97214587, -23.77949938], [-45.9721355, -23.77947731], [-45.97208735, -23.77940311], [-45.97208096, -23.77938861], [-45.97207825, -23.77936704], [-45.97208369, -23.77934686], [-45.97210178, -23.77932444], [-45.97212926, -23.77931235], [-45.97215399, -23.77931093], [-45.97220381, -23.77932019], [-45.97230261, -23.77935497], [-45.97244143, -23.77941442], [-45.97261981, -23.77950217], [-45.97270212, -23.77955088], [-45.97274631, -23.77958076], [-45.97292061, -23.77971225], [-45.9729844, -23.7797515], [-45.97325544, -23.77989321], [-45.97335481, -23.77995265], [-45.97346262, -23.78002512], [-45.97354493, -23.78008647], [-45.9736592, -23.78018293], [-45.97371229, -23.78023471], [-45.97378721, -23.78031913], [-45.97385631, -23.78041272], [-45.97389782, -23.78047776], [-45.97392287, -23.78052113], [-45.97397829, -23.7806353], [-45.97399952, -23.78069252], [-45.97401553, -23.78074697], [-45.97403584, -23.78085043], [-45.97409985, -23.7810387], [-45.97412648, -23.78113544], [-45.97414461, -23.78122312], [-45.97415261, -23.78128295], [-45.97415758, -23.78137097], [-45.9741563, -23.78142219], [-45.97414644, -23.78150896], [-45.97413546, -23.78156259], [-45.97410627, -23.78164956], [-45.9740714, -23.78172421], [-45.97405971, -23.78176248], [-45.97405001, -23.78188402], [-45.9740382, -23.78191878], [-45.97394835, -23.78206954], [-45.97392368, -23.7821182], [-45.97388432, -23.7822093], [-45.97379678, -23.78233271], [-45.97364907, -23.7824921], [-45.97357548, -23.78257947], [-45.97349591, -23.78269201], [-45.97344974, -23.78281753], [-45.97349668, -23.78294564], [-45.97355653, -23.78306911], [-45.97365666, -23.78316767], [-45.973776, -23.78324678], [-45.97403056, -23.78338188], [-45.9741126, -23.78353022], [-45.97424779, -23.78356636], [-45.97435518, -23.78365647], [-45.97447482, -23.78365535], [-45.97448717, -23.78354137], [-45.97458951, -23.78352939], [-45.97457928, -23.78365288], [-45.97466663, -23.78374367], [-45.97475426, -23.78382397], [-45.9748534, -23.78392407], [-45.97496343, -23.78401391], [-45.97508502, -23.78409022], [-45.975212, -23.78415873], [-45.97547388, -23.78428251], [-45.97561653, -23.78431176], [-45.9756809, -23.78421147], [-45.97578936, -23.78429371], [-45.97589471, -23.78422979], [-45.9758422, -23.78410337], [-45.97578073, -23.78398033], [-45.97577041, -23.78385993], [-45.97584117, -23.78374882], [-45.97588435, -23.7837923], [-45.97580981, -23.78390664], [-45.97587003, -23.78401475], [-45.9761147, -23.78416542], [-45.97623395, -23.78424479], [-45.97657011, -23.78450831], [-45.97668792, -23.78458946], [-45.97682026, -23.78464715], [-45.97692421, -23.78456603], [-45.97693797, -23.7844328], [-45.97692871, -23.78429786], [-45.97699012, -23.78425878], [-45.97700096, -23.7843938], [-45.97699619, -23.7846647], [-45.97702103, -23.78479241], [-45.97713342, -23.78487929], [-45.97725734, -23.78495239], [-45.97737567, -23.78503298], [-45.9774983, -23.78510781], [-45.97762842, -23.78517111], [-45.9778933, -23.78528936], [-45.97802147, -23.78535599], [-45.9781538, -23.78541063], [-45.97829551, -23.78537548], [-45.9783691, -23.78547299], [-45.97844115, -23.78558603], [-45.97857356, -23.78564402], [-45.97870503, -23.78568805], [-45.97883726, -23.78576097], [-45.9789601, -23.78583559], [-45.9790937, -23.78589133], [-45.97923962, -23.78590709], [-45.9793868, -23.78590621], [-45.97953382, -23.78589915], [-45.97967688, -23.78587612], [-45.97975758, -23.78598556], [-45.97986589, -23.78607723], [-45.9799814, -23.7861611], [-45.98010943, -23.78622756], [-45.98025271, -23.78625555], [-45.98039915, -23.7862478], [-45.98053458, -23.78619513], [-45.9806761, -23.78616538], [-45.9807449, -23.78622764], [-45.98064866, -23.7863121], [-45.98072344, -23.78642412], [-45.98083786, -23.7865093], [-45.98107132, -23.78667439], [-45.98119158, -23.78675251], [-45.98143911, -23.78689918], [-45.98156524, -23.78696904], [-45.98182113, -23.78710304], [-45.98220999, -23.7872957], [-45.98247357, -23.78741643], [-45.98327033, -23.78776732], [-45.98392782, -23.78807185], [-45.98406177, -23.7881279], [-45.98419824, -23.78817867], [-45.98431894, -23.78825464], [-45.98459377, -23.78835164], [-45.98492881, -23.78849692], [-45.98496282, -23.78850376], [-45.98500926, -23.78850773], [-45.98505379, -23.78851911], [-45.98506188, -23.78852367], [-45.98507781, -23.78854017], [-45.98514906, -23.78859037], [-45.9851872, -23.78861135], [-45.98527028, -23.78865012], [-45.98532952, -23.7886837], [-45.98543869, -23.78872827], [-45.98552206, -23.78877208], [-45.98559869, -23.78880835], [-45.98565489, -23.78882986], [-45.98574116, -23.78884551], [-45.98576439, -23.78885431], [-45.98577584, -23.78887535], [-45.98580086, -23.78889848], [-45.98582959, -23.78892068], [-45.98586123, -23.78893773], [-45.98588344, -23.78894302], [-45.9859226, -23.78894387], [-45.98595849, -23.78895422], [-45.98599945, -23.78895922], [-45.98605272, -23.78895936], [-45.98608606, -23.78898064], [-45.98614632, -23.7890299], [-45.98616987, -23.7890424], [-45.98621476, -23.78907308], [-45.98623799, -23.78908125], [-45.98625347, -23.78909054], [-45.98627972, -23.78912151], [-45.98630508, -23.78913886], [-45.98636477, -23.78915584], [-45.98645621, -23.78919067], [-45.98651186, -23.78920497], [-45.98654036, -23.78922221], [-45.9865932, -23.78924175], [-45.98662102, -23.78924818], [-45.98666971, -23.7892506], [-45.98675228, -23.78924634], [-45.98689713, -23.78933436], [-45.98691407, -23.78934139], [-45.98693865, -23.78935956], [-45.9869786, -23.78939703], [-45.98702315, -23.78943349], [-45.98707206, -23.78946406], [-45.98714848, -23.78952189], [-45.98721883, -23.7895693], [-45.98731634, -23.78962674], [-45.98744211, -23.78968555], [-45.98752547, -23.78971646], [-45.98756139, -23.78974115], [-45.98759774, -23.78975943], [-45.98773416, -23.78981196], [-45.98777703, -23.78982262], [-45.98783906, -23.78981433], [-45.98787307, -23.78985716], [-45.98789955, -23.78987947], [-45.9879387, -23.78990405], [-45.9880214, -23.7899494], [-45.98804149, -23.78995839], [-45.98808142, -23.7899707], [-45.9881916, -23.78999433], [-45.98820316, -23.79001537], [-45.98822796, -23.79003634], [-45.98826128, -23.79005545], [-45.98833489, -23.79008254], [-45.98837145, -23.79009072], [-45.98842879, -23.7901308], [-45.98847379, -23.79015074], [-45.98851396, -23.79017956], [-45.98855042, -23.79019856], [-45.98863649, -23.79023649], [-45.98867946, -23.79026006], [-45.98877235, -23.79029335], [-45.98880007, -23.79029905], [-45.98886419, -23.79033377], [-45.9889819, -23.79037573], [-45.9890536, -23.79040932], [-45.98912798, -23.79043424], [-45.98922155, -23.79047826], [-45.98925835, -23.79049068], [-45.98947524, -23.79059298], [-45.98954525, -23.79062307], [-45.98961032, -23.79063767], [-45.98964454, -23.79065885], [-45.98967002, -23.79067837], [-45.98976337, -23.79071878], [-45.98981434, -23.79074559], [-45.98983106, -23.79074973], [-45.98987716, -23.79074874], [-45.98988513, -23.79075122], [-45.98989758, -23.79076206], [-45.98994922, -23.79078736], [-45.9899884, -23.79081189], [-45.99013181, -23.79087698], [-45.99016951, -23.79089155], [-45.99025435, -23.79094681], [-45.99028913, -23.79096438], [-45.99035589, -23.79100477], [-45.99040548, -23.79102234], [-45.99054202, -23.79107775], [-45.99068677, -23.7911406], [-45.99080065, -23.79119578], [-45.9908976, -23.79125619], [-45.99093384, -23.79127294], [-45.99120648, -23.79137664], [-45.99136581, -23.79143369], [-45.99141566, -23.79145473], [-45.9915544, -23.7914955], [-45.99166248, -23.79152144], [-45.99174146, -23.79153169], [-45.99176761, -23.79153749], [-45.99178523, -23.79154451], [-45.99184077, -23.79158118], [-45.99186489, -23.79159141], [-45.99209169, -23.79166354], [-45.99216407, -23.79165746]]]]}}]}