{"type": "FeatureCollection", "features": [{"type": "Feature", "properties": {"name": "Parque Estadual Lagamar de Cananéia"}, "geometry": {"type": "MultiPolygon", "coordinates": [[[[-48.11721781, -25.24874991], [-48.11741573, -25.24861954], [-48.11859252, -25.24752361], [-48.11925035, -25.246977], [-48.11969266, -25.24673298], [-48.12025356, -25.24650932], [-48.12137172, -25.2462153], [-48.12204404, -25.24589454], [-48.12259778, -25.24555342], [-48.12305275, -25.24519233], [-48.1232256, -25.24501522], [-48.1233803, -25.24476558], [-48.12344427, -25.24457733], [-48.12346813, -25.24440635], [-48.12339079, -25.24389953], [-48.12342102, -25.24345798], [-48.12350548, -25.24324305], [-48.12365784, -25.24309262], [-48.124216, -25.24291522], [-48.12587913, -25.24229671], [-48.12626971, -25.24214189], [-48.12644212, -25.24198282], [-48.12654469, -25.24184043], [-48.12661857, -25.24165238], [-48.12669541, -25.24133807], [-48.12668555, -25.24091373], [-48.12661796, -25.23999205], [-48.12664011, -25.23989322], [-48.12666187, -25.23981243], [-48.12670259, -25.23976811], [-48.1267528, -25.23974201], [-48.12680498, -25.23972751], [-48.12686127, -25.2397712], [-48.12736631, -25.2402322], [-48.12788384, -25.24058516], [-48.12824672, -25.24076367], [-48.12867146, -25.24084412], [-48.12935529, -25.24087548], [-48.13022945, -25.24082931], [-48.13136632, -25.24058069], [-48.13186661, -25.24040092], [-48.13220864, -25.24020001], [-48.1330877, -25.23952228], [-48.13352408, -25.23910665], [-48.13363549, -25.23900956], [-48.13370851, -25.23885757], [-48.13375601, -25.23852463], [-48.13377315, -25.23779405], [-48.13381557, -25.23767756], [-48.13386792, -25.23756128], [-48.13393966, -25.2374634], [-48.13406098, -25.2373665], [-48.13423041, -25.2373337], [-48.13448739, -25.23737478], [-48.13496128, -25.23747421], [-48.13527882, -25.23747136], [-48.1354588, -25.23741168], [-48.13566029, -25.23728024], [-48.13671553, -25.23585694], [-48.13714851, -25.2351615], [-48.13773554, -25.23381935], [-48.13789757, -25.2336781], [-48.13811404, -25.23360006], [-48.13823589, -25.23366331], [-48.13840099, -25.23378712], [-48.13892548, -25.23426652], [-48.13906135, -25.23439548], [-48.13917886, -25.23446092], [-48.13927866, -25.23443578], [-48.13945864, -25.2343761], [-48.14003377, -25.23396314], [-48.1407039, -25.23330837], [-48.14084463, -25.23322987], [-48.14093429, -25.23321357], [-48.14110287, -25.23321684], [-48.14123116, -25.2332464], [-48.14141618, -25.23339435], [-48.1415816, -25.2335329], [-48.14171895, -25.23359872], [-48.14188793, -25.23358396], [-48.14212698, -25.23354346], [-48.14280931, -25.23321378], [-48.14301966, -25.23312761], [-48.14329837, -25.23308787], [-48.1436659, -25.23306793], [-48.14444845, -25.23281545], [-48.14521811, -25.23244824], [-48.1467395, -25.23187306], [-48.14695069, -25.23175083], [-48.14721588, -25.23144012], [-48.14733802, -25.23130711], [-48.14746841, -25.23124648], [-48.14801613, -25.23115779], [-48.14832562, -25.23107354], [-48.14886888, -25.23075015], [-48.14924294, -25.23045058], [-48.14995623, -25.22964318], [-48.15015853, -25.22947565], [-48.15016844, -25.22947584], [-48.15030874, -25.22941538], [-48.15044757, -25.22941806], [-48.15087375, -25.2294353], [-48.151063, -25.22940286], [-48.15124465, -25.22927101], [-48.15133872, -25.22906527], [-48.15153256, -25.2284103], [-48.15177809, -25.22766606], [-48.15205968, -25.22707594], [-48.15282966, -25.22596283], [-48.15295348, -25.22575766], [-48.15303931, -25.22547958], [-48.15317954, -25.22457089], [-48.15326306, -25.22439202], [-48.15346724, -25.22414331], [-48.15375245, -25.22382394], [-48.15526284, -25.22243633], [-48.15565034, -25.22198359], [-48.15581528, -25.22171604], [-48.15587981, -25.22150073], [-48.15587259, -25.22095917], [-48.15584781, -25.22031801], [-48.15585495, -25.22001133], [-48.15594058, -25.21974228], [-48.15617597, -25.21943098], [-48.15680647, -25.21876634], [-48.15778586, -25.21802719], [-48.15825433, -25.21750382], [-48.15839796, -25.21729903], [-48.15847114, -25.21713801], [-48.15847597, -25.21693056], [-48.15846032, -25.21674976], [-48.15836704, -25.21649532], [-48.15812509, -25.21615683], [-48.15778637, -25.21581881], [-48.15774946, -25.21575251], [-48.15770283, -25.21562529], [-48.15767644, -25.21548041], [-48.15774034, -25.21529214], [-48.15793647, -25.21496204], [-48.15823495, -25.21485999], [-48.15897566, -25.21506323], [-48.15922144, -25.2151582], [-48.15945855, -25.21519885], [-48.15965685, -25.21520267], [-48.15981697, -25.21514258], [-48.16000807, -25.21502896], [-48.16004815, -25.21501167], [-48.16025483, -25.2146547], [-48.16064053, -25.21384997], [-48.16139281, -25.2126372], [-48.16153195, -25.21219771], [-48.16158823, -25.21191003], [-48.16150772, -25.21110537], [-48.16153214, -25.21090732], [-48.16172024, -25.21049584], [-48.16195959, -25.21001316], [-48.16221499, -25.20969322], [-48.16238731, -25.2095341], [-48.16269841, -25.20937765], [-48.16292792, -25.20931889], [-48.16432285, -25.20904789], [-48.16467258, -25.20893729], [-48.16490438, -25.20877931], [-48.16521883, -25.20847853], [-48.16535002, -25.20838179], [-48.16547045, -25.20832093], [-48.16559048, -25.20827812], [-48.1657295, -25.20827175], [-48.16592715, -25.20830261], [-48.16677498, -25.20852643], [-48.16901785, -25.2089033], [-48.16935286, -25.20899996], [-48.16963704, -25.20914979], [-48.17023202, -25.2095853], [-48.1703989, -25.20966068], [-48.1707147, -25.2097299], [-48.1710613, -25.20975459], [-48.17322998, -25.20948026], [-48.17342995, -25.20941188], [-48.17376461, -25.20909343], [-48.17405757, -25.20886442], [-48.17443829, -25.20870026], [-48.17501729, -25.20853987], [-48.17544674, -25.20841272], [-48.17584875, -25.20818579], [-48.17769233, -25.20652454], [-48.1778547, -25.20636522], [-48.17810121, -25.20634741], [-48.17841554, -25.20642034], [-48.17861849, -25.20671369], [-48.17878101, -25.20697843], [-48.17880237, -25.20699495], [-48.17885965, -25.20708827], [-48.17901559, -25.20720854], [-48.17916347, -25.20724748], [-48.1793126, -25.20723225], [-48.1794729, -25.20716314], [-48.17994637, -25.20684732], [-48.180237, -25.2067175], [-48.18070506, -25.20663621], [-48.18093289, -25.20664957], [-48.18114935, -25.20672589], [-48.18131478, -25.2068644], [-48.18148658, -25.20715644], [-48.18160798, -25.20748361], [-48.1816674, -25.20791789], [-48.1816037, -25.2085303], [-48.18129511, -25.20986896], [-48.18123735, -25.21030795], [-48.18124298, -25.2104094], [-48.18129046, -25.21050055], [-48.1813582, -25.21057401], [-48.1814365, -25.21062063], [-48.18152551, -25.21063137], [-48.1816352, -25.21060639], [-48.18187544, -25.21051171], [-48.18230947, -25.21018608], [-48.18279598, -25.20973516], [-48.18450277, -25.20798097], [-48.18477378, -25.20784176], [-48.18501318, -25.20778315], [-48.18579851, -25.20770787], [-48.18607903, -25.20758688], [-48.18630046, -25.20744672], [-48.18644155, -25.20735013], [-48.18652356, -25.2072344], [-48.18662727, -25.20703785], [-48.1866211, -25.2068753], [-48.18653559, -25.20671123], [-48.18633156, -25.20652688], [-48.18612543, -25.20643271], [-48.18588893, -25.20636504], [-48.18561174, -25.2063417], [-48.18483841, -25.20632697], [-48.18440509, -25.2061924], [-48.18417046, -25.20604354], [-48.1839759, -25.2058774], [-48.18381001, -25.20554336], [-48.18376519, -25.20542813], [-48.1835958, -25.20472412], [-48.18360494, -25.20432725], [-48.18369955, -25.20409444], [-48.18382165, -25.2039614], [-48.18413232, -25.20382295], [-48.18474041, -25.20369014], [-48.18499055, -25.20359565], [-48.18537267, -25.20336831], [-48.18566601, -25.20312123], [-48.18613846, -25.20241734], [-48.18644153, -25.20174633], [-48.18658264, -25.2012166], [-48.18674119, -25.19992921], [-48.18684801, -25.19959736], [-48.18700045, -25.19943782], [-48.18714152, -25.19934124], [-48.18842129, -25.19889637], [-48.18870323, -25.19871223], [-48.18935202, -25.19810191], [-48.18964511, -25.19786385], [-48.19023666, -25.19758633], [-48.19053821, -25.19741158], [-48.19089306, -25.19707543], [-48.19173021, -25.19603554], [-48.19285921, -25.19437852], [-48.19351912, -25.19328113], [-48.19366639, -25.19291393], [-48.19382587, -25.19201457], [-48.19384593, -25.19113964], [-48.19377449, -25.19036223], [-48.19370985, -25.19015343], [-48.19358451, -25.18999765], [-48.19334969, -25.18985784], [-48.19311446, -25.18973604], [-48.1928352, -25.18965352], [-48.19246516, -25.18950717], [-48.1922289, -25.18943048], [-48.19200502, -25.18924576], [-48.19089214, -25.18804248], [-48.19039569, -25.187636], [-48.19018049, -25.18750558], [-48.19006237, -25.18746724], [-48.18993349, -25.18746479], [-48.18987362, -25.18748169], [-48.18975258, -25.18756963], [-48.18961999, -25.18772954], [-48.18947976, -25.18779004], [-48.18937918, -25.1878513], [-48.18915075, -25.18786501], [-48.18881413, -25.18784055], [-48.18805311, -25.18772682], [-48.18767643, -25.18771965], [-48.18687119, -25.18780359], [-48.18660312, -25.18781655], [-48.18638587, -25.1877763], [-48.186219, -25.18770094], [-48.18433283, -25.18605878], [-48.18340564, -25.18540945], [-48.18297384, -25.18521172], [-48.1825699, -25.18509574], [-48.18156108, -25.18497725], [-48.18021982, -25.1846539], [-48.17931699, -25.18423961], [-48.17894251, -25.18388904], [-48.17852841, -25.18360193], [-48.17839693, -25.18328358], [-48.17834659, -25.18288558], [-48.17840571, -25.18247161], [-48.17859993, -25.18178949], [-48.17872617, -25.18147608], [-48.17883915, -25.18130677], [-48.17931687, -25.18080153], [-48.17945094, -25.18057849], [-48.1794937, -25.18044395], [-48.17949786, -25.18026355], [-48.17944232, -25.18009104], [-48.17933703, -25.17992661], [-48.17874028, -25.17957231], [-48.1771693, -25.17889262], [-48.17657277, -25.1785293], [-48.17584536, -25.17782057], [-48.17555632, -25.1774541], [-48.17541264, -25.17707372], [-48.175377, -25.17692556], [-48.17531201, -25.17643877], [-48.17522329, -25.17598589], [-48.17507197, -25.17566716], [-48.17499685, -25.17556855], [-48.17499335, -25.17555736], [-48.17451374, -25.17493458], [-48.17336395, -25.17276494], [-48.17321035, -25.17254544], [-48.17301116, -25.17216673], [-48.17247207, -25.1718816], [-48.17126502, -25.17133515], [-48.17085479, -25.17106561], [-48.1705928, -25.17081695], [-48.17026643, -25.1703505], [-48.16996593, -25.16962284], [-48.16990158, -25.16954022], [-48.16988736, -25.16951309], [-48.16986095, -25.16948802], [-48.16977334, -25.16937552], [-48.16954871, -25.16922683], [-48.16888946, -25.16900667], [-48.16821527, -25.16858438], [-48.167903, -25.16835612], [-48.1677344, -25.16792878], [-48.16756226, -25.16765476], [-48.16750561, -25.16757986], [-48.16748365, -25.16754492], [-48.16720838, -25.16718101], [-48.16702683, -25.16679627], [-48.16686199, -25.16620657], [-48.16681975, -25.16588993], [-48.16683956, -25.16503304], [-48.16707334, -25.1639276], [-48.16717932, -25.16363183], [-48.16794316, -25.16232898], [-48.16810226, -25.16188084], [-48.1684011, -25.16053299], [-48.16866783, -25.15971692], [-48.16882741, -25.1588176], [-48.1690737, -25.15802823], [-48.16911854, -25.15780347], [-48.16911404, -25.15756877], [-48.16901273, -25.15723296], [-48.16890747, -25.15706852], [-48.16885865, -25.15700528], [-48.16882886, -25.15695875], [-48.16879401, -25.15691355], [-48.16878547, -25.15691048], [-48.1682102, -25.15616533], [-48.16757444, -25.15554505], [-48.16727161, -25.15534975], [-48.16703543, -25.15527304], [-48.16673874, -25.15524029], [-48.16654013, -25.15525454], [-48.16624115, -25.155321], [-48.16551, -25.15564087], [-48.16521039, -25.15573437], [-48.16474461, -25.15572545], [-48.16444836, -25.15567468], [-48.16410524, -25.15550568], [-48.16379022, -25.1554094], [-48.16362257, -25.15537009], [-48.16331473, -25.15539126], [-48.16300899, -25.15532224], [-48.16276437, -25.15518219], [-48.16256085, -25.15497975], [-48.16238957, -25.15466967], [-48.16202416, -25.15375125], [-48.16168265, -25.15308597], [-48.16120386, -25.15235486], [-48.16116671, -25.15230828], [-48.16112533, -25.15224506], [-48.1604605, -25.15141117], [-48.1601703, -25.15109874], [-48.16014101, -25.15108022], [-48.15966842, -25.1509358], [-48.15921447, -25.15084586], [-48.1589096, -25.15074077], [-48.1586757, -25.15056476], [-48.15859832, -25.15045878], [-48.15791437, -25.14884467], [-48.15787194, -25.14853704], [-48.15791022, -25.14816781], [-48.15807882, -25.14773789], [-48.15811398, -25.14750396], [-48.15810824, -25.14732336], [-48.15794315, -25.14709464], [-48.15778739, -25.14697433], [-48.15745396, -25.14681448], [-48.15726949, -25.14665452], [-48.15723312, -25.14658467], [-48.15719216, -25.1462139], [-48.1572846, -25.14564719], [-48.15729087, -25.14537659], [-48.15723538, -25.14520407], [-48.15716034, -25.14510515], [-48.15715683, -25.14509429], [-48.15703169, -25.14492949], [-48.1567387, -25.14474337], [-48.15643315, -25.14451466], [-48.15639043, -25.1444479], [-48.1564429, -25.14432257], [-48.15650892, -25.14425444], [-48.15675323, -25.14419318], [-48.15726726, -25.14425718], [-48.15761344, -25.1442909], [-48.15969406, -25.14477301], [-48.16000844, -25.14489634], [-48.16019253, -25.14508035], [-48.16059536, -25.14566561], [-48.16094437, -25.14600619], [-48.16135681, -25.14617653], [-48.16193957, -25.14626891], [-48.16288348, -25.14617873], [-48.16347231, -25.14600953], [-48.16401284, -25.14578527], [-48.16489175, -25.14550433], [-48.16521406, -25.14528491], [-48.16553783, -25.14500233], [-48.16588162, -25.14471113], [-48.16614386, -25.14451763], [-48.16808916, -25.14356224], [-48.16833877, -25.14348581], [-48.16898557, -25.14338086], [-48.16997304, -25.14312], [-48.17105428, -25.1426624], [-48.17169803, -25.14225961], [-48.17192081, -25.14205632], [-48.17224893, -25.14158432], [-48.17270155, -25.14087107], [-48.17308767, -25.14046335], [-48.17356274, -25.14006634], [-48.17413711, -25.1396622], [-48.17518197, -25.13905951], [-48.17562545, -25.13874311], [-48.17592028, -25.13842386], [-48.1763419, -25.13776415], [-48.17658186, -25.13724533], [-48.17676235, -25.13672539], [-48.17694776, -25.13642211], [-48.17727314, -25.13606736], [-48.17764764, -25.13573157], [-48.17808841, -25.13553245], [-48.1787847, -25.1354284], [-48.18016677, -25.13524719], [-48.18033243, -25.13517987], [-48.18154077, -25.13429593], [-48.18186604, -25.13377255], [-48.18199405, -25.13337794], [-48.18202299, -25.13298142], [-48.18192289, -25.13259149], [-48.18165383, -25.13221609], [-48.18147481, -25.13181593], [-48.1812695, -25.13082843], [-48.18109056, -25.13041894], [-48.18102884, -25.13008387], [-48.18101217, -25.1299482], [-48.18109495, -25.12979637], [-48.18124709, -25.12964587], [-48.18161661, -25.12952657], [-48.18193699, -25.12938827], [-48.18217955, -25.12918535], [-48.1826498, -25.12856261], [-48.18308395, -25.12821894], [-48.18494941, -25.1272708], [-48.18596852, -25.12648703], [-48.18706257, -25.12546105], [-48.187353, -25.12533121], [-48.18772599, -25.12505855], [-48.18802282, -25.12464908], [-48.18815907, -25.12432681], [-48.18819706, -25.12396658], [-48.18805671, -25.1231698], [-48.18809718, -25.12270132], [-48.18827617, -25.12181134], [-48.18854679, -25.12135615], [-48.18880045, -25.12099109], [-48.1890366, -25.12063462], [-48.18917612, -25.12016803], [-48.18923186, -25.11989836], [-48.18921968, -25.11956425], [-48.18914248, -25.11903938], [-48.18916788, -25.11879623], [-48.18929502, -25.11843769], [-48.18951526, -25.11790944], [-48.1898453, -25.11734719], [-48.19044099, -25.11643806], [-48.19081642, -25.11605715], [-48.19144821, -25.11573523], [-48.19174625, -25.11570479], [-48.19285628, -25.11570777], [-48.19327486, -25.11560742], [-48.19361703, -25.11537926], [-48.19384966, -25.11517613], [-48.19417927, -25.11463191], [-48.19448182, -25.11396986], [-48.19472965, -25.11309923], [-48.19482624, -25.1127762], [-48.19520308, -25.11189897], [-48.19525817, -25.11165638], [-48.19526332, -25.11143088], [-48.19518963, -25.11118583], [-48.19489891, -25.10964772], [-48.19503327, -25.1084847], [-48.19511023, -25.10815227], [-48.19511374, -25.10799893], [-48.19510793, -25.10781833], [-48.19493125, -25.10730964], [-48.19485178, -25.10688401], [-48.19494917, -25.1065249], [-48.19508331, -25.10629282], [-48.19533694, -25.10603593], [-48.19599858, -25.10570553], [-48.19646066, -25.10543452], [-48.19686311, -25.10517143], [-48.19726057, -25.10469163], [-48.19823544, -25.10366329], [-48.19866115, -25.10324721], [-48.19898288, -25.10304573], [-48.1994526, -25.10287414], [-48.19991158, -25.10273842], [-48.20011072, -25.10269705], [-48.20050302, -25.10244277], [-48.20408812, -25.0999386], [-48.20474454, -25.09940051], [-48.20526615, -25.09868843], [-48.2053594, -25.0985097], [-48.20534493, -25.09827481], [-48.20529205, -25.09798504], [-48.20509449, -25.09752108], [-48.20479563, -25.09715449], [-48.20429116, -25.09662848], [-48.20430312, -25.09661305], [-48.20419325, -25.09649856], [-48.20391069, -25.09554054], [-48.20386207, -25.0946282], [-48.20393341, -25.09410615], [-48.20420511, -25.09348861], [-48.20467758, -25.09275755], [-48.20534339, -25.09180453], [-48.20621595, -25.09090955], [-48.20648312, -25.09049044], [-48.20660812, -25.09022208], [-48.20689263, -25.08942709], [-48.2074996, -25.08893038], [-48.20826017, -25.0886018], [-48.20884041, -25.08836005], [-48.20924275, -25.08809689], [-48.21115512, -25.08635513], [-48.21227064, -25.08523005], [-48.21263969, -25.08468651], [-48.21275518, -25.08439991], [-48.21287579, -25.08388781], [-48.21304604, -25.08293445], [-48.21305422, -25.08257364], [-48.21297844, -25.08241881], [-48.21282304, -25.08228051], [-48.21222458, -25.0820166], [-48.21180257, -25.08183722], [-48.21132419, -25.08152139], [-48.21055837, -25.0808142], [-48.21053521, -25.08075556], [-48.2101683, -25.08041676], [-48.21005228, -25.08026223], [-48.21000866, -25.08010694], [-48.21000163, -25.07998047], [-48.21006331, -25.07988237], [-48.21030305, -25.07979664], [-48.21064104, -25.07974884], [-48.21090908, -25.07972681], [-48.2111282, -25.0796768], [-48.21124991, -25.07955275], [-48.21148549, -25.07921426], [-48.21213655, -25.07846846], [-48.21272162, -25.07801022], [-48.21315282, -25.0777837], [-48.21366163, -25.07763081], [-48.21423751, -25.07757846], [-48.21478183, -25.07760674], [-48.21562953, -25.07780314], [-48.21582863, -25.07776175], [-48.21598894, -25.07768355], [-48.21612014, -25.07757771], [-48.21618202, -25.07747059], [-48.21622735, -25.07721876], [-48.21614414, -25.07695551], [-48.21575051, -25.07639765], [-48.21537231, -25.07559642], [-48.21533964, -25.07528898], [-48.21538538, -25.07501912], [-48.21537997, -25.07482049], [-48.21533411, -25.0746572], [-48.21526767, -25.07459101], [-48.21525547, -25.07454746], [-48.21506179, -25.07435428], [-48.21346116, -25.07327745], [-48.21314858, -25.07292727], [-48.21309744, -25.07279232], [-48.21311042, -25.0726572], [-48.21314443, -25.07246833], [-48.21325786, -25.07227194], [-48.21340968, -25.07213039], [-48.21374967, -25.07199241], [-48.21458589, -25.0718186], [-48.21488608, -25.07168888], [-48.21508945, -25.07145806], [-48.21547989, -25.07084273], [-48.21571267, -25.07018833], [-48.21578026, -25.06982864], [-48.21583661, -25.06908972], [-48.21616339, -25.06734516], [-48.21618851, -25.06711101], [-48.21614306, -25.06692967], [-48.2160279, -25.06676507], [-48.21532147, -25.06602087], [-48.2149232, -25.06567048], [-48.21407119, -25.06523035], [-48.21277194, -25.06482643], [-48.21247955, -25.06461337], [-48.21230558, -25.06442061], [-48.21214313, -25.06418342], [-48.21214009, -25.0639602], [-48.21218612, -25.06359767], [-48.21229893, -25.06342834], [-48.21254376, -25.06311709], [-48.21254438, -25.06309002], [-48.2126384, -25.06287521], [-48.21267383, -25.0626232], [-48.21259715, -25.06207129], [-48.2125502, -25.06151994], [-48.21245503, -25.06098938], [-48.21221222, -25.06048697], [-48.21211896, -25.06035675], [-48.21179204, -25.05995593], [-48.21169733, -25.05980737], [-48.21158994, -25.0593], [-48.21163588, -25.05902113], [-48.21175838, -25.058861], [-48.21200883, -25.05873937], [-48.21255613, -25.05863233], [-48.21276756, -25.05848288], [-48.21291212, -25.0582239], [-48.21328547, -25.05704875], [-48.21341277, -25.05623897], [-48.21346564, -25.0556534], [-48.21364236, -25.05528672], [-48.21399915, -25.05484222], [-48.21409235, -25.05466348], [-48.21413083, -25.05427616], [-48.21411418, -25.0536983], [-48.2141494, -25.05345532], [-48.21426363, -25.05322283], [-48.21470932, -25.05278902], [-48.21482192, -25.0526287], [-48.21485734, -25.05237669], [-48.21486886, -25.05142936], [-48.21491622, -25.05108733], [-48.21513701, -25.05052296], [-48.2152252, -25.05012754], [-48.21523947, -25.04949613], [-48.21536784, -25.04873487], [-48.21560833, -25.04720189], [-48.21597549, -25.04629734], [-48.21603093, -25.04603667], [-48.21592716, -25.04449159], [-48.21596201, -25.04294912], [-48.21596392, -25.04242576], [-48.21584499, -25.04199036], [-48.21577702, -25.04132305], [-48.21549808, -25.04068438], [-48.21530442, -25.04004905], [-48.21501052, -25.039466], [-48.2148578, -25.03921045], [-48.21470306, -25.03904512], [-48.21436204, -25.03879508], [-48.21415574, -25.038719], [-48.21401835, -25.03866229], [-48.2137508, -25.03866629], [-48.21318379, -25.03877297], [-48.2127562, -25.03884615], [-48.21235208, -25.03875736], [-48.2119197, -25.03860484], [-48.21148935, -25.03836214], [-48.21110168, -25.03798487], [-48.21092897, -25.03773797], [-48.21092937, -25.03771993], [-48.21073973, -25.03734638], [-48.21058672, -25.0366667], [-48.21048129, -25.03651131], [-48.2103051, -25.03641775], [-48.21006912, -25.03634113], [-48.20976403, -25.03625417], [-48.20953916, -25.03612362], [-48.20941576, -25.03588667], [-48.20934431, -25.0355424], [-48.20933696, -25.03499179], [-48.2093134, -25.03472063], [-48.20919143, -25.03442053], [-48.20856749, -25.03354249], [-48.20850431, -25.03327058], [-48.20849145, -25.03296351], [-48.20854625, -25.03272992], [-48.20885717, -25.03212213], [-48.20905753, -25.03158444], [-48.20912695, -25.03114356], [-48.20904082, -25.02969808], [-48.20903603, -25.02859705], [-48.20946034, -25.02754752], [-48.20969639, -25.02742729], [-48.209935, -25.02738666], [-48.21037001, -25.02742191], [-48.21101995, -25.02758751], [-48.21150079, -25.02778605], [-48.21192986, -25.02808288], [-48.21319102, -25.02925262], [-48.21381588, -25.02965238], [-48.21441553, -25.02985314], [-48.21489841, -25.02996146], [-48.21533505, -25.02992453], [-48.2156038, -25.02986638], [-48.21585457, -25.0297267], [-48.21603644, -25.02956768], [-48.21621412, -25.0291559], [-48.21656335, -25.02860295], [-48.21688872, -25.02823001], [-48.21801047, -25.02724033], [-48.21838186, -25.02702166], [-48.2187108, -25.02692857], [-48.21893913, -25.02690577], [-48.2191949, -25.02698277], [-48.21968402, -25.02725363], [-48.21984142, -25.02730169], [-48.22002003, -25.02728699], [-48.22018956, -25.02723601], [-48.22034111, -25.02710349], [-48.22049307, -25.02695292], [-48.22069397, -25.02638815], [-48.22096702, -25.02588415], [-48.22115596, -25.02566585], [-48.22143987, -25.02537334], [-48.22162742, -25.02496174], [-48.22173978, -25.02481044], [-48.22186061, -25.02472246], [-48.22203094, -25.0246354], [-48.22218025, -25.0246021], [-48.22264537, -25.02461979], [-48.22295409, -25.02454438], [-48.22312484, -25.02443927], [-48.2232467, -25.02430618], [-48.22343546, -25.02384045], [-48.22367066, -25.02351096], [-48.22401215, -25.02330075], [-48.22465143, -25.02306002], [-48.22547277, -25.02265122], [-48.2257033, -25.02252919], [-48.22590212, -25.02249681], [-48.2261098, -25.0225097], [-48.22624741, -25.02255741], [-48.2265476, -25.02286081], [-48.2269751, -25.02322975], [-48.22749575, -25.02341996], [-48.22795116, -25.02342846], [-48.2284991, -25.02328527], [-48.22882924, -25.02313801], [-48.22909111, -25.02294437], [-48.22981489, -25.02202837], [-48.2301715, -25.0215838], [-48.23034223, -25.0214787], [-48.23035274, -25.02145182], [-48.23061076, -25.02142956], [-48.23109626, -25.02142055], [-48.23133506, -25.02137087], [-48.23150681, -25.02122065], [-48.23165027, -25.02100674], [-48.23169695, -25.02069176], [-48.23166363, -25.0204114], [-48.23115314, -25.01932799], [-48.23111779, -25.01913782], [-48.23118121, -25.01895853], [-48.23135297, -25.01880831], [-48.23284382, -25.01813219], [-48.23322264, -25.01802193], [-48.23338244, -25.01796173], [-48.23345316, -25.01789988], [-48.23351438, -25.01781981], [-48.23350712, -25.01770235], [-48.23346125, -25.01753906], [-48.2332976, -25.01732847], [-48.23291862, -25.01700556], [-48.23280467, -25.01678685], [-48.23274124, -25.01652397], [-48.23269236, -25.01605379], [-48.23259682, -25.01589859], [-48.23246166, -25.01574268], [-48.2322558, -25.01564859], [-48.2314388, -25.01539824], [-48.23100829, -25.01516462], [-48.23030687, -25.01464618], [-48.22946364, -25.0138273], [-48.22906427, -25.01353108], [-48.22791902, -25.01293217], [-48.22758852, -25.01265526], [-48.22719116, -25.01210751], [-48.22718426, -25.01210252], [-48.22613773, -25.01069751], [-48.22563352, -25.01021881], [-48.22527214, -25.00999551], [-48.22488871, -25.00987103], [-48.22398105, -25.00971872], [-48.22363744, -25.00955838], [-48.22338454, -25.00935513], [-48.22318456, -25.00902703], [-48.22308156, -25.0087634], [-48.22306541, -25.00860066], [-48.22311775, -25.0084753], [-48.22321991, -25.00825174], [-48.22361533, -25.00836728], [-48.22391794, -25.00856244], [-48.22400702, -25.00856411], [-48.22423653, -25.00848717], [-48.22431815, -25.00838041], [-48.22435978, -25.00829094], [-48.22442343, -25.00810262], [-48.22459474, -25.00797046], [-48.22484505, -25.00784879], [-48.22594228, -25.0070571], [-48.22626309, -25.00688259], [-48.22645238, -25.00683198], [-48.22665985, -25.0068539], [-48.2269061, -25.00691265], [-48.22727739, -25.00713615], [-48.22843426, -25.00853843], [-48.22925117, -25.00920343], [-48.22959399, -25.00937225], [-48.22990127, -25.00935993], [-48.23024915, -25.00930324], [-48.23055199, -25.00904718], [-48.23085423, -25.008376], [-48.2310488, -25.00809085], [-48.23131123, -25.00787013], [-48.2316991, -25.00779613], [-48.23212435, -25.0078221], [-48.23297686, -25.00778383], [-48.23341586, -25.0076386], [-48.23370695, -25.00746353], [-48.2338799, -25.00725918], [-48.2339413, -25.00717009], [-48.23398373, -25.00704454], [-48.23395748, -25.00689064], [-48.23381263, -25.00672551], [-48.23347124, -25.00649355], [-48.23301529, -25.00606994], [-48.23221575, -25.0050714], [-48.23180346, -25.00446813], [-48.23172063, -25.00418683], [-48.23172086, -25.00373562], [-48.23165057, -25.00333725], [-48.23148877, -25.00304546], [-48.23129504, -25.00285234], [-48.23084679, -25.00252814], [-48.2302612, -25.00214722], [-48.22931786, -25.00135306], [-48.2282578, -25.00049404], [-48.2280255, -25.00025508], [-48.22807232, -25.00000334], [-48.22842789, -25.00000137], [-48.22886261, -25.00004559], [-48.22944295, -25.00021884], [-48.22990209, -25.00049812], [-48.23036227, -25.0007323], [-48.2305778, -25.00083558], [-48.23072445, -25.00091954], [-48.23096141, -25.00095103], [-48.23113978, -25.00094532], [-48.23149733, -25.00089784], [-48.23195366, -25.00086121], [-48.23231141, -25.0008047], [-48.23269826, -25.00077581], [-48.2330744, -25.00078281], [-48.23334063, -25.00083288], [-48.23368748, -25.0008213], [-48.23388849, -25.00068968], [-48.2340414, -25.00049399], [-48.23434824, -25.00005749], [-48.23451995, -24.99990728], [-48.23452177, -24.99982609], [-48.23535403, -24.9993633], [-48.23580773, -24.99900173], [-48.23605317, -24.99865435], [-48.23622972, -24.99828762], [-48.23650261, -24.99759784], [-48.23657008, -24.99723813], [-48.23651715, -24.99694836], [-48.23641272, -24.99674787], [-48.23637166, -24.99671024], [-48.23633412, -24.99663813], [-48.23577137, -24.99612226], [-48.23549544, -24.99576753], [-48.23551563, -24.99568439], [-48.23545119, -24.9954666], [-48.23550088, -24.99501631], [-48.23575559, -24.99469618], [-48.23660519, -24.99389977], [-48.23733155, -24.99329962], [-48.23767169, -24.9931435], [-48.23795065, -24.99306747], [-48.23876468, -24.99297429], [-48.23903354, -24.99290709], [-48.23959286, -24.99269187], [-48.23980414, -24.99254238], [-48.23998855, -24.99226606], [-48.24024159, -24.99207725], [-48.24017094, -24.99197111], [-48.23949301, -24.9911406], [-48.23849352, -24.99007427], [-48.23547165, -24.98908823], [-48.23235655, -24.98808168], [-48.23105196, -24.98626776], [-48.22652389, -24.98326561], [-48.22569228, -24.98220894], [-48.22646663, -24.98066203], [-48.23085732, -24.97848766], [-48.23038336, -24.97710428], [-48.22846454, -24.97631844], [-48.22740788, -24.97475255], [-48.22854846, -24.97249617], [-48.22344151, -24.97048631], [-48.22380396, -24.96915116], [-48.22043928, -24.96558821], [-48.22019133, -24.96275004], [-48.21747145, -24.96216453], [-48.21627369, -24.95953241], [-48.21335539, -24.95791684], [-48.21163801, -24.95806273], [-48.21135657, -24.9578188], [-48.21063108, -24.9570167], [-48.20946097, -24.95731416], [-48.20861035, -24.95798719], [-48.20740728, -24.95895771], [-48.20357732, -24.96020885], [-48.19760677, -24.96083543], [-48.19171827, -24.96144926], [-48.18368727, -24.9687558], [-48.18021593, -24.97030265], [-48.17801868, -24.97046676], [-48.17482571, -24.96871768], [-48.17016134, -24.96982263], [-48.16610621, -24.96610514], [-48.16213513, -24.96456409], [-48.15974329, -24.96634941], [-48.15632915, -24.96719435], [-48.15444093, -24.9697331], [-48.15265934, -24.97019652], [-48.15046971, -24.97463312], [-48.14660546, -24.97514995], [-48.14399136, -24.98270255], [-48.14421257, -24.98436568], [-48.14229759, -24.98411967], [-48.13926881, -24.98605178], [-48.13774279, -24.9861243], [-48.1372746, -24.9840783], [-48.135886, -24.98379989], [-48.13563429, -24.98013197], [-48.13466153, -24.97911161], [-48.12566263, -24.98155875], [-48.11994044, -24.9783334], [-48.1149127, -24.97700017], [-48.11221951, -24.97341997], [-48.10510883, -24.97577755], [-48.10250784, -24.97541034], [-48.09947854, -24.97497426], [-48.09640665, -24.97083309], [-48.0965327, -24.97061433], [-48.0959489, -24.97050924], [-48.09607228, -24.97015104], [-48.0963181, -24.9695419], [-48.09667479, -24.96910671], [-48.09697629, -24.96891407], [-48.0976014, -24.96842997], [-48.09780861, -24.96803697], [-48.09798195, -24.96739967], [-48.09817255, -24.96687099], [-48.098337, -24.96661252], [-48.09856928, -24.96599442], [-48.09869145, -24.96542831], [-48.09868753, -24.96475146], [-48.09876822, -24.96426576], [-48.09873801, -24.96344402], [-48.09866584, -24.96314483], [-48.09852462, -24.96283527], [-48.09816431, -24.9621605], [-48.09714391, -24.96093143], [-48.09685175, -24.96072721], [-48.09663684, -24.96060571], [-48.09607479, -24.96051353], [-48.09549988, -24.96054743], [-48.09504017, -24.96031286], [-48.09475833, -24.96009079], [-48.09406271, -24.95936435], [-48.09347778, -24.95898295], [-48.09304839, -24.95872191], [-48.09281539, -24.95852786], [-48.09244073, -24.95806986], [-48.09230497, -24.95794991], [-48.09184611, -24.95767926], [-48.09151291, -24.95753739], [-48.09098184, -24.95739166], [-48.09000449, -24.95728231], [-48.08971737, -24.95728573], [-48.08927301, -24.95724093], [-48.08868843, -24.9572656], [-48.08842929, -24.95734174], [-48.08828781, -24.95746531], [-48.08795622, -24.95767538], [-48.0874657, -24.95790942], [-48.0868306, -24.9579782], [-48.08607783, -24.95799956], [-48.08575996, -24.95804748], [-48.08510316, -24.95819704], [-48.08396572, -24.95858081], [-48.08335901, -24.95870428], [-48.0821328, -24.95891878], [-48.08133124, -24.95864648], [-48.08093933, -24.95847637], [-48.08066678, -24.95828153], [-48.08045337, -24.95809686], [-48.08028146, -24.95783181], [-48.08024381, -24.95774986], [-48.08021509, -24.95728909], [-48.08009819, -24.9567905], [-48.08004841, -24.95638347], [-48.08007884, -24.95593289], [-48.08013746, -24.95554603], [-48.08013779, -24.9551129], [-48.08003364, -24.95491234], [-48.0799552, -24.95480251], [-48.07965909, -24.95442675], [-48.0792807, -24.9541035], [-48.07880275, -24.95380536], [-48.07848873, -24.95369091], [-48.07769014, -24.95355793], [-48.07695848, -24.95352552], [-48.07585969, -24.953531], [-48.0751676, -24.95349936], [-48.0738849, -24.95332977], [-48.07230926, -24.95299199], [-48.07182514, -24.9529554], [-48.07137781, -24.95303683], [-48.07073846, -24.95328592], [-48.07046537, -24.95353321], [-48.07013313, -24.9537703], [-48.07001312, -24.95382209], [-48.06950623, -24.95391136], [-48.06849541, -24.95396364], [-48.06804873, -24.95401801], [-48.06746161, -24.95415082], [-48.06717087, -24.95430752], [-48.0668784, -24.95453636], [-48.066487, -24.95476326], [-48.06600764, -24.95499414], [-48.06558895, -24.95606595], [-48.06496312, -24.95697181], [-48.06464355, -24.95770012], [-48.06401984, -24.95851427], [-48.06281177, -24.95849043], [-48.0622251, -24.95774434], [-48.06123135, -24.95717367], [-48.0604347, -24.9567906], [-48.05963144, -24.95668295], [-48.05873625, -24.95620614], [-48.05834232, -24.95583103], [-48.0574362, -24.95581311], [-48.05632006, -24.95615837], [-48.05576716, -24.95701479], [-48.05567673, -24.95779847], [-48.05545999, -24.9584369], [-48.05415558, -24.95822749], [-48.05276428, -24.95796105], [-48.05204795, -24.95791023], [-48.05082878, -24.95834519], [-48.04990752, -24.95896985], [-48.04909533, -24.95922913], [-48.0472832, -24.95919322], [-48.04558271, -24.95870028], [-48.04289517, -24.95736147], [-48.03933263, -24.9504956], [-48.03935664, -24.9504163], [-48.03951322, -24.95010123], [-48.03983828, -24.94910048], [-48.03987485, -24.94889755], [-48.04024973, -24.94779315], [-48.04042345, -24.94708977], [-48.04047215, -24.94673215], [-48.03606498, -24.94667217], [-48.03164178, -24.94526016], [-48.03137123, -24.94568352], [-48.02942726, -24.94811643], [-48.02594996, -24.94675532], [-48.02500234, -24.94640089], [-48.0243996, -24.94617907], [-48.02440275, -24.94601993], [-48.02450464, -24.94571341], [-48.02514947, -24.94457825], [-48.02564336, -24.94343814], [-48.02574074, -24.94300527], [-48.02575678, -24.94266241], [-48.02571563, -24.94240059], [-48.02550651, -24.94187659], [-48.02510946, -24.94132046], [-48.02496281, -24.9411531], [-48.02479997, -24.94101726], [-48.02446275, -24.94086739], [-48.02409446, -24.94075803], [-48.02391482, -24.94065374], [-48.02367639, -24.94037782], [-48.0235884, -24.94006623], [-48.02356045, -24.93992176], [-48.02356765, -24.93963301], [-48.02361147, -24.9391278], [-48.0235865, -24.93883896], [-48.02351371, -24.93860411], [-48.02337059, -24.93831493], [-48.02291948, -24.93765937], [-48.02241913, -24.93710745], [-48.02217128, -24.93687662], [-48.02172415, -24.93632034], [-48.02168117, -24.93622996], [-48.021494, -24.93544885], [-48.02119985, -24.93483886], [-48.02109639, -24.93453174], [-48.02102667, -24.93412997], [-48.0210103, -24.93350726], [-48.02053892, -24.93301887], [-48.01975187, -24.93268087], [-48.01911646, -24.93246674], [-48.01832747, -24.93220926], [-48.0177702, -24.93241965], [-48.017317, -24.93289396], [-48.01741657, -24.93338983], [-48.01753837, -24.93426522], [-48.01751311, -24.93472074], [-48.01737296, -24.93520001], [-48.01700303, -24.93572679], [-48.01668929, -24.93629379], [-48.01629315, -24.93731516], [-48.01599887, -24.93826039], [-48.01587142, -24.93880506], [-48.01594637, -24.93918011], [-48.01614396, -24.93997454], [-48.01642487, -24.94090896], [-48.01658342, -24.94152475], [-48.01669531, -24.94227793], [-48.01667817, -24.942989], [-48.0164432, -24.94284596], [-48.0161311, -24.94230615], [-48.01589327, -24.94228162], [-48.0155857, -24.94245331], [-48.01530502, -24.94240816], [-48.01406139, -24.94184966], [-48.01347886, -24.94173917], [-48.01269849, -24.94174327], [-48.01224547, -24.94165514], [-48.0116677, -24.94134712], [-48.01127375, -24.94060803], [-48.0107667, -24.94006429], [-48.00992594, -24.93898029], [-48.00902116, -24.93785547], [-48.00845679, -24.93699439], [-48.00789338, -24.9360938], [-48.00744563, -24.93578838], [-48.00686313, -24.93567787], [-48.00653649, -24.93546916], [-48.00773841, -24.93357352], [-48.00887293, -24.93156378], [-48.00937173, -24.93102657], [-48.00999452, -24.93008795], [-48.01014677, -24.92970013], [-48.01054841, -24.92904371], [-48.01107278, -24.92803796], [-48.01101214, -24.92675932], [-48.01108116, -24.92646643], [-48.01136261, -24.92596173], [-48.01136104, -24.92570905], [-48.01124423, -24.9253387], [-48.01116787, -24.92513477], [-48.010961, -24.92466293], [-48.01068407, -24.92423866], [-48.01051886, -24.92408026], [-48.00987559, -24.9239084], [-48.00943174, -24.92372757], [-48.00894395, -24.92345178], [-48.00861591, -24.92318893], [-48.00849019, -24.92309233], [-48.00792322, -24.92241272], [-48.00774499, -24.92213341], [-48.00750856, -24.92161289], [-48.00750372, -24.92151872], [-48.00745287, -24.92126793], [-48.00746692, -24.92083354], [-48.00752363, -24.9204], [-48.00752401, -24.91994263], [-48.00747898, -24.91959788], [-48.00739319, -24.91932043], [-48.0071105, -24.9189482], [-48.00630789, -24.91830601], [-48.00572776, -24.91802512], [-48.0051983, -24.91785553], [-48.00489465, -24.91776184], [-48.00431035, -24.91750681], [-48.00371172, -24.91710876], [-48.00258325, -24.91655731], [-48.00165305, -24.91619151], [-48.00105231, -24.91588099], [-48.00034864, -24.9155619], [-47.99880323, -24.91460305], [-47.99822029, -24.91429288], [-47.99641643, -24.91252078], [-47.99675202, -24.91146215], [-47.99657402, -24.91093674], [-47.99603701, -24.91046932], [-47.99589127, -24.90959667], [-47.99527646, -24.90938859], [-47.99458753, -24.90928773], [-47.99426236, -24.90893329], [-47.99420563, -24.90832335], [-47.99419392, -24.90782303], [-47.99400909, -24.90758014], [-47.99151814, -24.90761753], [-47.98955763, -24.90815092], [-47.98386701, -24.9070619], [-47.98367593, -24.90715438], [-47.9835525, -24.90741865], [-47.98319175, -24.90862069], [-47.98193561, -24.90957962], [-47.98038787, -24.91082953], [-47.979956, -24.91240955], [-47.97675561, -24.9122934], [-47.97471028, -24.9115746], [-47.97377806, -24.91373301], [-47.97252621, -24.91611403], [-47.97092805, -24.91980575], [-47.96906858, -24.92647153], [-47.96900411, -24.92910582], [-47.96956347, -24.93192472], [-47.9698912, -24.93393678], [-47.97236847, -24.93541959], [-47.97528825, -24.93421837], [-47.97719471, -24.93591866], [-47.97796368, -24.93788232], [-47.9798213, -24.941587], [-47.9831279, -24.94514916], [-47.98434226, -24.94689257], [-47.9861235, -24.95116859], [-47.98892224, -24.9523712], [-47.99073414, -24.95280894], [-47.99229205, -24.95335613], [-47.99493421, -24.95247831], [-47.99625265, -24.9533712], [-47.99667634, -24.95397952], [-47.99806143, -24.95514047], [-47.9996589, -24.95567153], [-48.0017042, -24.95664376], [-48.00228151, -24.95875629], [-48.00380974, -24.96052984], [-48.00408435, -24.96108453], [-48.00442999, -24.96195087], [-48.00494609, -24.96393599], [-48.00523622, -24.96542881], [-48.00543533, -24.96693685], [-48.00613372, -24.96838334], [-48.00560939, -24.9685815], [-48.00513282, -24.9686297], [-48.00467578, -24.96857869], [-48.00440081, -24.9684786], [-48.0039122, -24.96809361], [-48.00370165, -24.96797566], [-48.00337683, -24.96797468], [-48.00290071, -24.96806799], [-48.00271012, -24.96807644], [-48.00334093, -24.97103816], [-48.00348083, -24.97153037], [-48.00382459, -24.97296168], [-48.00514435, -24.97909731], [-48.00537419, -24.98004549], [-48.00561709, -24.98046131], [-48.00648152, -24.98131214], [-48.00955394, -24.98416832], [-48.01027317, -24.98479762], [-48.01112984, -24.98558523], [-48.01329347, -24.98756333], [-48.01361109, -24.98733868], [-48.01425791, -24.987115], [-48.01471789, -24.98705319], [-48.01538251, -24.98704162], [-48.01566855, -24.98699734], [-48.01575718, -24.986957], [-48.01605495, -24.98674582], [-48.01640988, -24.98611972], [-48.01674281, -24.98576427], [-48.01707149, -24.98555769], [-48.01755695, -24.98546437], [-48.01809471, -24.98545241], [-48.02007559, -24.9870105], [-48.02086042, -24.98772054], [-48.0238225, -24.98792606], [-48.02599326, -24.98935812], [-48.02673469, -24.99095828], [-48.02791632, -24.9916765], [-48.02832797, -24.993568], [-48.02864969, -24.99343951], [-48.028976, -24.9932262], [-48.02926484, -24.99306793], [-48.02946064, -24.99291646], [-48.02977437, -24.99269872], [-48.03005574, -24.99257247], [-48.03029653, -24.9923546], [-48.03052219, -24.9921208], [-48.03059706, -24.99195358], [-48.03061162, -24.99176127], [-48.03076391, -24.99142669], [-48.03107967, -24.99105768], [-48.03133011, -24.99071406], [-48.0315027, -24.99042532], [-48.03171055, -24.99016641], [-48.03186588, -24.98995096], [-48.03212934, -24.98978594], [-48.03249591, -24.98956574], [-48.03272164, -24.98942137], [-48.03290695, -24.98918314], [-48.03314024, -24.98898828], [-48.03336367, -24.98885529], [-48.03367226, -24.98864906], [-48.03390317, -24.98851605], [-48.03416445, -24.98846091], [-48.03436799, -24.98840812], [-48.03465213, -24.98838506], [-48.03500587, -24.98818103], [-48.03522423, -24.98806169], [-48.03560363, -24.98793333], [-48.03594515, -24.98782542], [-48.03625692, -24.98781829], [-48.03718211, -24.98781533], [-48.03776544, -24.98784251], [-48.03816534, -24.98789932], [-48.03849262, -24.98800452], [-48.03882225, -24.98809345], [-48.03916722, -24.98821007], [-48.03952938, -24.98827381], [-48.03989945, -24.98839953], [-48.04053275, -24.98835777], [-48.04105571, -24.98835287], [-48.04140753, -24.9883571], [-48.04199628, -24.9884597], [-48.04235078, -24.98847778], [-48.0428962, -24.98847052], [-48.04335396, -24.98850906], [-48.0437336, -24.98853624], [-48.04425367, -24.98848086], [-48.04489386, -24.98830413], [-48.04533108, -24.98826034], [-48.04583858, -24.98820035], [-48.04630324, -24.98813128], [-48.04716065, -24.98821538], [-48.04770378, -24.98826528], [-48.04820439, -24.98842517], [-48.04864707, -24.98849575], [-48.04914484, -24.98852731], [-48.04969762, -24.98852699], [-48.0500395, -24.98853113], [-48.05043638, -24.98849883], [-48.0511248, -24.98847305], [-48.0519497, -24.98862577], [-48.0522215, -24.98872622], [-48.05258646, -24.98884729], [-48.05285793, -24.98887906], [-48.0531219, -24.98892236], [-48.05334812, -24.98894722], [-48.0535164, -24.98889678], [-48.05370476, -24.98889427], [-48.05401392, -24.98891012], [-48.05435807, -24.98889145], [-48.05469194, -24.98882483], [-48.05508604, -24.98874216], [-48.05542517, -24.98872352], [-48.05590976, -24.98866127], [-48.05675328, -24.98851183], [-48.05700717, -24.98852754], [-48.05727612, -24.9885502], [-48.05777093, -24.98854299], [-48.05800722, -24.9885817], [-48.05847215, -24.98869561], [-48.05926907, -24.98923384], [-48.05942829, -24.98945115], [-48.05960492, -24.9896181], [-48.05991701, -24.98975056], [-48.06016639, -24.98989676], [-48.06043028, -24.98992176], [-48.06062127, -24.98994446], [-48.06097788, -24.98990528], [-48.06137462, -24.98987049], [-48.06183422, -24.98985869], [-48.06197498, -24.98987684], [-48.06228892, -24.98986972], [-48.06251765, -24.98988546], [-48.06268598, -24.98990362], [-48.06279922, -24.98995853], [-48.06284579, -24.99000399], [-48.06309386, -24.99009752], [-48.06338347, -24.99008263], [-48.06377227, -24.9900922], [-48.06407902, -24.99005702], [-48.06439807, -24.99000833], [-48.06459365, -24.9899985], [-48.06485633, -24.99005129], [-48.06510686, -24.99012679], [-48.0653847, -24.9902246], [-48.06597299, -24.99049901], [-48.06620409, -24.99064888], [-48.06649254, -24.99085246], [-48.06677792, -24.99096143], [-48.06698698, -24.99115414], [-48.06716582, -24.99126596], [-48.06752565, -24.99139488], [-48.06771607, -24.99136931], [-48.06795576, -24.99128729], [-48.06837356, -24.9911908], [-48.06863306, -24.99111984], [-48.06897687, -24.99103736], [-48.06927878, -24.99102245], [-48.06949167, -24.99103732], [-48.06976206, -24.99110582], [-48.0700745, -24.99120351], [-48.07047918, -24.9913841], [-48.07078907, -24.99147049], [-48.0710198, -24.99154143], [-48.07139127, -24.99157133], [-48.07163387, -24.99156583], [-48.07197083, -24.99160252], [-48.07225785, -24.99156079], [-48.07260178, -24.99152992], [-48.07282203, -24.9915267], [-48.07304682, -24.99144244], [-48.07330841, -24.99129039], [-48.07350329, -24.99116801], [-48.07375948, -24.99095288], [-48.07399121, -24.99077632], [-48.07426456, -24.99053643], [-48.07460995, -24.99031422], [-48.07489348, -24.99012151], [-48.07517525, -24.99002792], [-48.07545912, -24.98990285], [-48.07571835, -24.98978003], [-48.07579589, -24.98974724], [-48.07606577, -24.98983137], [-48.07607277, -24.98984383], [-48.07633579, -24.98979537], [-48.07606731, -24.98984638], [-48.07607019, -24.98985151], [-48.07599509, -24.99012202], [-48.07587804, -24.99041976], [-48.07579815, -24.99073754], [-48.07567411, -24.99111864], [-48.07550247, -24.99140533], [-48.07538781, -24.99169402], [-48.07530536, -24.99200054], [-48.07532072, -24.99247102], [-48.07547388, -24.99259051], [-48.0755085, -24.99280266], [-48.07561214, -24.99310521], [-48.07576279, -24.99341241], [-48.07819049, -24.99386724], [-48.08057717, -24.99458651], [-48.08040389, -24.99527048], [-48.08027721, -24.99561305], [-48.08012198, -24.99618565], [-48.08011698, -24.99640221], [-48.08022955, -24.99662357], [-48.08032208, -24.99671855], [-48.0806038, -24.99687267], [-48.08084384, -24.99709437], [-48.08087458, -24.99716212], [-48.08088933, -24.99739677], [-48.08005462, -24.99836918], [-48.07954618, -24.99908977], [-48.07942901, -24.99936018], [-48.07939107, -24.99962176], [-48.07940292, -24.99979324], [-48.07950581, -25.00014091], [-48.0798515, -25.00062455], [-48.07993219, -25.00080822], [-48.08003035, -25.00082353], [-48.08023646, -25.00101355], [-48.08056326, -25.0014024], [-48.08094125, -25.001647], [-48.08137006, -25.00166614], [-48.08199891, -25.00143313], [-48.08231078, -25.00144294], [-48.08263693, -25.00164229], [-48.08279893, -25.00189085], [-48.08287214, -25.00223393], [-48.08278156, -25.00271195], [-48.08280161, -25.00283381], [-48.08289169, -25.00292428], [-48.08302901, -25.00294719], [-48.08329088, -25.00291627], [-48.08374102, -25.00243465], [-48.08419136, -25.0020929], [-48.08455971, -25.00164265], [-48.08488796, -25.00135473], [-48.08504094, -25.00131451], [-48.0855642, -25.00141058], [-48.08594373, -25.00135288], [-48.08632709, -25.00105607], [-48.08654509, -25.00079494], [-48.08665336, -25.0006012], [-48.08673447, -25.00038484], [-48.08675388, -25.00030819], [-48.08680923, -25.00021809], [-48.08689485, -25.00014612], [-48.08697528, -25.00015535], [-48.08700864, -25.00050204], [-48.0870443, -25.00079979], [-48.08706103, -25.00124216], [-48.08737545, -25.00222433], [-48.08746725, -25.0023835], [-48.08770249, -25.00230341], [-48.08816463, -25.00225516], [-48.08848791, -25.0018795], [-48.08886721, -25.0017915], [-48.08933487, -25.00151414], [-48.08972092, -25.00113973], [-48.09035608, -25.00086563], [-48.0907738, -25.00093119], [-48.09119046, -25.00103478], [-48.09185402, -25.00133423], [-48.0930861, -25.00063266], [-48.0967805, -24.99860382], [-48.0966383, -24.99841011], [-48.09633977, -24.99773571], [-48.09641841, -24.99706882], [-48.0965313, -24.99672732], [-48.09699966, -24.99641164], [-48.09787057, -24.99579087], [-48.0998753, -24.99583], [-48.10130281, -24.9961137], [-48.10229856, -24.99655337], [-48.10354841, -24.99616182], [-48.10344448, -24.99551187], [-48.10325278, -24.99461356], [-48.10324161, -24.9944105], [-48.10331641, -24.99358503], [-48.10338251, -24.99311822], [-48.10352884, -24.99313518], [-48.10392291, -24.9933888], [-48.10404892, -24.9934658], [-48.10480483, -24.99377894], [-48.10500338, -24.993811], [-48.1054646, -24.99395648], [-48.10602606, -24.99410672], [-48.10659339, -24.99414868], [-48.1068094, -24.99413567], [-48.10692351, -24.99405021], [-48.10698333, -24.99390598], [-48.10701032, -24.9937752], [-48.10698965, -24.99364431], [-48.10674269, -24.99323315], [-48.10608748, -24.99255029], [-48.10539045, -24.99156505], [-48.10496845, -24.99112639], [-48.10427033, -24.99052464], [-48.10412575, -24.99023553], [-48.10405234, -24.98994209], [-48.10402088, -24.98926975], [-48.10393775, -24.98870106], [-48.10395883, -24.98847552], [-48.10403133, -24.9884396], [-48.10423047, -24.98848069], [-48.10489328, -24.98887932], [-48.10529231, -24.98891187], [-48.10558213, -24.98883586], [-48.10577674, -24.98872805], [-48.10591051, -24.9884757], [-48.10598189, -24.98818712], [-48.10601986, -24.98789394], [-48.10602059, -24.98721266], [-48.10614254, -24.98676628], [-48.10617411, -24.98676184], [-48.10617549, -24.98671222], [-48.10625738, -24.98664022], [-48.10625878, -24.98658609], [-48.1066067, -24.98609964], [-48.1067244, -24.98583824], [-48.10680254, -24.9855632], [-48.10691017, -24.98471975], [-48.10706699, -24.98419675], [-48.10746052, -24.98376907], [-48.10755189, -24.98362491], [-48.10769147, -24.98350342], [-48.10777875, -24.98349009], [-48.10783431, -24.98353534], [-48.10789376, -24.98373401], [-48.10804103, -24.98459612], [-48.10831778, -24.9854044], [-48.10854338, -24.98570723], [-48.10884166, -24.98591548], [-48.10894336, -24.98605559], [-48.10893251, -24.98616836], [-48.10883378, -24.98628995], [-48.10849292, -24.98647412], [-48.10810968, -24.98676196], [-48.10800133, -24.98700083], [-48.10796954, -24.98729402], [-48.10799879, -24.98745201], [-48.108278, -24.98783618], [-48.10853529, -24.98809848], [-48.10861159, -24.98824755], [-48.1087738, -24.98886605], [-48.1088116, -24.98927672], [-48.10893134, -24.98960185], [-48.1090786, -24.98982328], [-48.10924345, -24.98995001], [-48.10952238, -24.99000481], [-48.10968263, -24.9900097], [-48.11056271, -24.98996216], [-48.11086648, -24.98998093], [-48.11099449, -24.99001282], [-48.11135708, -24.99023927], [-48.11149993, -24.99027119], [-48.11164417, -24.99024897], [-48.111775, -24.99015904], [-48.11181817, -24.98999221], [-48.11183047, -24.98914853], [-48.11186031, -24.9888824], [-48.11220371, -24.98824253], [-48.11239705, -24.98814373], [-48.11250765, -24.98820264], [-48.11267481, -24.9886091], [-48.11286728, -24.98925474], [-48.11295436, -24.9893136], [-48.11296106, -24.98934971], [-48.11339018, -24.98946803], [-48.11344577, -24.98950426], [-48.11360184, -24.98967607], [-48.11377917, -24.9899878], [-48.11391854, -24.99015507], [-48.11391782, -24.99019116], [-48.11433468, -24.99048541], [-48.11445405, -24.99050825], [-48.11468677, -24.99049075], [-48.11498886, -24.99022977], [-48.11506459, -24.98970658], [-48.11517958, -24.98948945], [-48.11526447, -24.98946723], [-48.11525272, -24.98929768], [-48.11517874, -24.9885067], [-48.1151795, -24.98779835], [-48.11521041, -24.98715323], [-48.11528773, -24.98650371], [-48.11528215, -24.98607056], [-48.11542181, -24.98476242], [-48.11554323, -24.98498833], [-48.11571883, -24.98569259], [-48.11596031, -24.98629774], [-48.11605673, -24.9869973], [-48.11602176, -24.98776874], [-48.11609734, -24.98795841], [-48.11619106, -24.98808045], [-48.11633321, -24.98813943], [-48.11646066, -24.98814875], [-48.11665445, -24.9881086], [-48.11678544, -24.98796002], [-48.11716073, -24.98763153], [-48.11729893, -24.98755515], [-48.11745127, -24.9875149], [-48.11749279, -24.98749244], [-48.11770811, -24.98749745], [-48.11810712, -24.98753898], [-48.1183627, -24.98753055], [-48.11887722, -24.98742346], [-48.11915227, -24.98731131], [-48.11927577, -24.98718526], [-48.11951627, -24.98681585], [-48.11963814, -24.986383], [-48.11967034, -24.98637405], [-48.11968693, -24.98629217], [-48.11971112, -24.98628612], [-48.11990256, -24.98675358], [-48.12001709, -24.98695688], [-48.12016256, -24.98716024], [-48.12054889, -24.98753111], [-48.12071866, -24.98789696], [-48.12078231, -24.98797914], [-48.11989467, -24.98888914], [-48.11988388, -24.98888916], [-48.11994515, -24.9890141], [-48.12012739, -24.98979055], [-48.120264, -24.99006609], [-48.12037252, -24.99020621], [-48.12080935, -24.99066742], [-48.12111699, -24.99085763], [-48.1212604, -24.9909121], [-48.12169023, -24.99099881], [-48.12183316, -24.99100365], [-48.12197865, -24.99097692], [-48.12211558, -24.99091407], [-48.12227127, -24.99078358], [-48.12240574, -24.99049062], [-48.12251144, -24.9900848], [-48.12270571, -24.9896476], [-48.12286422, -24.9893908], [-48.12295228, -24.98931709], [-48.12295899, -24.989318], [-48.12297463, -24.98931137], [-48.12312119, -24.98932822], [-48.12336827, -24.98971229], [-48.12363642, -24.9898618], [-48.12419361, -24.9899894], [-48.12478653, -24.98995015], [-48.12538092, -24.98982518], [-48.12617127, -24.98954724], [-48.12745966, -24.98885084], [-48.12834938, -24.98843777], [-48.12843662, -24.98844248], [-48.12851696, -24.98847875], [-48.12852481, -24.98856128], [-48.12816587, -24.98901938], [-48.12766719, -24.98967246], [-48.12748693, -24.98996983], [-48.12731725, -24.99047026], [-48.12729627, -24.99067324], [-48.12731581, -24.99122373], [-48.12744796, -24.99200457], [-48.12742379, -24.99246923], [-48.12674703, -24.99284217], [-48.1253033, -24.99352919], [-48.12471748, -24.99384849], [-48.12453835, -24.99400621], [-48.12420831, -24.99452431], [-48.1242166, -24.99489705], [-48.12452109, -24.99532325], [-48.12486915, -24.99567368], [-48.12486026, -24.99605545], [-48.12481174, -24.99634101], [-48.12480285, -24.99672291], [-48.12462411, -24.99719692], [-48.12388331, -24.99750722], [-48.12331106, -24.99778269], [-48.12261452, -24.99799842], [-48.12285332, -24.99853783], [-48.12507499, -25.0022059], [-48.12567283, -25.00176565], [-48.12642277, -25.00263995], [-48.12715799, -25.00232687], [-48.12748591, -25.0021291], [-48.12762298, -25.00201661], [-48.1281238, -25.00150341], [-48.12847964, -25.00127862], [-48.12890284, -25.00108557], [-48.1290323, -25.00104075], [-48.12931951, -25.00101884], [-48.13022167, -25.00106599], [-48.13130796, -25.00121732], [-48.13196452, -25.00123233], [-48.13275694, -25.0011601], [-48.13278271, -25.00117017], [-48.13277368, -25.00134693], [-48.13248632, -25.00165309], [-48.1322298, -25.00199992], [-48.13206243, -25.00233341], [-48.13206485, -25.00258157], [-48.13211868, -25.0028163], [-48.13230658, -25.00313254], [-48.13303449, -25.00354474], [-48.1337282, -25.00402002], [-48.13394402, -25.00407916], [-48.13426514, -25.00410694], [-48.13469235, -25.0040357], [-48.13472491, -25.00405193], [-48.13403847, -25.0046298], [-48.13346577, -25.00518347], [-48.13320803, -25.00552128], [-48.13302459, -25.00584571], [-48.13288493, -25.0062289], [-48.13282303, -25.00646337], [-48.13272714, -25.00667972], [-48.13252585, -25.00696802], [-48.1322677, -25.00722461], [-48.13189937, -25.00748998], [-48.13149034, -25.00770112], [-48.13107848, -25.00781298], [-48.13017428, -25.00806915], [-48.13079249, -25.00862308], [-48.1311718, -25.00853495], [-48.13174285, -25.00831674], [-48.13194786, -25.00851173], [-48.13203929, -25.00908649], [-48.13198401, -25.00965843], [-48.13207756, -25.01024617], [-48.13227138, -25.01035495], [-48.1325699, -25.01057829], [-48.13260754, -25.01061487], [-48.13298322, -25.0110913], [-48.13347267, -25.0114443], [-48.13434118, -25.01285527], [-48.1348683, -25.01360979], [-48.13499312, -25.01377015], [-48.13517583, -25.01413656], [-48.13530955, -25.01466816], [-48.13531584, -25.01470745], [-48.13539444, -25.01576791], [-48.13550695, -25.01605052], [-48.1357846, -25.01634083], [-48.13602179, -25.01647216], [-48.13703653, -25.01691415], [-48.13723711, -25.01704984], [-48.13710539, -25.01725642], [-48.13629142, -25.0175208], [-48.1359945, -25.01768708], [-48.13569683, -25.01791201], [-48.13508001, -25.01851069], [-48.1343049, -25.01905037], [-48.13402605, -25.01917158], [-48.13372621, -25.01927467], [-48.13354728, -25.01929682], [-48.13340679, -25.01929201], [-48.13328294, -25.0190887], [-48.13301813, -25.01882193], [-48.13287481, -25.01871783], [-48.13268317, -25.0186362], [-48.13245555, -25.01858155], [-48.13234556, -25.01851362], [-48.13229258, -25.01841876], [-48.13226801, -25.01835103], [-48.13227194, -25.01826983], [-48.13233089, -25.01821582], [-48.13243501, -25.01816643], [-48.13251511, -25.01806734], [-48.13251531, -25.01799515], [-48.13245606, -25.01793186], [-48.13238249, -25.01790012], [-48.13205446, -25.01789938], [-48.13192951, -25.01787654], [-48.13184243, -25.01780416], [-48.13180137, -25.01765067], [-48.13176567, -25.0175784], [-48.13170139, -25.01754668], [-48.13156112, -25.01746063], [-48.13151739, -25.01738385], [-48.13150397, -25.01730712], [-48.13153574, -25.01723499], [-48.13165943, -25.01704127], [-48.1316683, -25.01696459], [-48.13163536, -25.01678856], [-48.13166252, -25.01658108], [-48.13163495, -25.01648176], [-48.13159618, -25.01639596], [-48.13119041, -25.01630481], [-48.13094647, -25.01611026], [-48.13088857, -25.01600637], [-48.13087605, -25.01583038], [-48.13079574, -25.01577605], [-48.13071283, -25.01576685], [-48.13051207, -25.01585212], [-48.13040557, -25.01586992], [-48.13028186, -25.01584258], [-48.13019163, -25.01578824], [-48.13014426, -25.01568436], [-48.1300832, -25.01537743], [-48.13001294, -25.01526899], [-48.12992214, -25.01520111], [-48.12961152, -25.01517333], [-48.12956343, -25.01511007], [-48.12955676, -25.01505591], [-48.12966562, -25.01485313], [-48.12966518, -25.01478545], [-48.12963132, -25.01472221], [-48.12937927, -25.01454569], [-48.12934602, -25.01448695], [-48.12929992, -25.01414396], [-48.12925177, -25.01409423], [-48.12917818, -25.0140715], [-48.12910322, -25.0140984], [-48.12900389, -25.01421097], [-48.12893562, -25.014283], [-48.12885322, -25.01430988], [-48.12879317, -25.01431878], [-48.12865347, -25.01425078], [-48.12856504, -25.01422352], [-48.12846781, -25.01424585], [-48.12828537, -25.01442592], [-48.1282104, -25.01445281], [-48.12812875, -25.01443909], [-48.1280781, -25.01439837], [-48.12805661, -25.01433966], [-48.12807349, -25.01427203], [-48.1281128, -25.01415932], [-48.12813786, -25.01404659], [-48.12811587, -25.01393825], [-48.1279814, -25.01377553], [-48.12788628, -25.01370313], [-48.12779722, -25.01368037], [-48.12771793, -25.01370726], [-48.12765408, -25.01374321], [-48.12762292, -25.01381984], [-48.12759212, -25.01399572], [-48.12757273, -25.01406786], [-48.12753421, -25.01412192], [-48.12745926, -25.01414881], [-48.12737019, -25.01412606], [-48.12701979, -25.01371019], [-48.12696482, -25.01366946], [-48.12689058, -25.01365575], [-48.12682374, -25.01365561], [-48.12677844, -25.01370062], [-48.12678241, -25.01383598], [-48.12677355, -25.01390363], [-48.12673506, -25.01394867], [-48.12665332, -25.01396201], [-48.12657235, -25.01392574], [-48.12635126, -25.01374928], [-48.12625794, -25.01369944], [-48.12616143, -25.01368116], [-48.12608646, -25.01371257], [-48.12605465, -25.01380274], [-48.1260475, -25.01392905], [-48.12602748, -25.01401022], [-48.1259741, -25.01406424], [-48.12589173, -25.0140821], [-48.12574319, -25.01408627], [-48.12565336, -25.01411313], [-48.12556288, -25.01415805], [-48.12545079, -25.01418486], [-48.12536167, -25.01418015], [-48.1250111, -25.01405302], [-48.12494119, -25.01404383], [-48.12487615, -25.01406173], [-48.12478492, -25.01415627], [-48.12473743, -25.01431858], [-48.12464843, -25.01449886], [-48.12454168, -25.01460688], [-48.1245099, -25.01468802], [-48.12451652, -25.01475572], [-48.12459645, -25.01494539], [-48.12456896, -25.01504007], [-48.12448452, -25.01513462], [-48.1243766, -25.0152201], [-48.12414754, -25.01524214], [-48.12405463, -25.015269], [-48.12391566, -25.01539049], [-48.12382025, -25.01542637], [-48.12357203, -25.01520923], [-48.12334974, -25.01502376], [-48.12317293, -25.01495115], [-48.12287659, -25.01490536], [-48.12278819, -25.01486906], [-48.12254429, -25.01466096], [-48.12231318, -25.01452959], [-48.12215121, -25.01446606], [-48.12181903, -25.01440212], [-48.12129739, -25.01436031], [-48.12086338, -25.01419239], [-48.12057913, -25.01403382], [-48.12027682, -25.01391131], [-48.12009064, -25.01387027], [-48.11994209, -25.01387444], [-48.11974762, -25.01392362], [-48.1189757, -25.01419253], [-48.118707, -25.014228], [-48.11809109, -25.01422598], [-48.11756, -25.01406291], [-48.1163312, -25.01349157], [-48.11603339, -25.01331492], [-48.11547562, -25.0129211], [-48.11504244, -25.01268096], [-48.11438369, -25.01254858], [-48.11419622, -25.01252558], [-48.11402099, -25.01255674], [-48.11366361, -25.01265065], [-48.11344738, -25.01273587], [-48.11228413, -25.01350012], [-48.11207281, -25.01359887], [-48.11197991, -25.01362122], [-48.11184744, -25.01362993], [-48.11149418, -25.01357947], [-48.11140074, -25.01357473], [-48.11128492, -25.01360604], [-48.11119422, -25.01372313], [-48.11097589, -25.01388955], [-48.11082537, -25.0139298], [-48.1106508, -25.01394291], [-48.11043, -25.01389276], [-48.10967631, -25.0136293], [-48.10964474, -25.01362864], [-48.10932383, -25.01356474], [-48.10870665, -25.01356833], [-48.10793259, -25.01371538], [-48.10707387, -25.01381259], [-48.10651524, -25.01394209], [-48.10596622, -25.01395883], [-48.10565131, -25.01391746], [-48.10552685, -25.01393972], [-48.10523556, -25.01407888], [-48.1049836, -25.01431289], [-48.10474239, -25.01447022], [-48.10434307, -25.01451438], [-48.10421476, -25.01458174], [-48.10413337, -25.01468531], [-48.10411773, -25.01516803], [-48.10409216, -25.01524016], [-48.10402453, -25.01529413], [-48.10393524, -25.01535257], [-48.10386341, -25.01536593], [-48.10376883, -25.0153296], [-48.10357866, -25.01517124], [-48.103418, -25.01508061], [-48.10326588, -25.01503513], [-48.10308094, -25.01499409], [-48.10292494, -25.01500724], [-48.10282952, -25.0150431], [-48.10272226, -25.01510601], [-48.10258501, -25.0152681], [-48.10252396, -25.01540329], [-48.10245995, -25.01570543], [-48.10242818, -25.01577303], [-48.10238353, -25.01580902], [-48.10230911, -25.01585847], [-48.10224352, -25.01585379], [-48.10214089, -25.01581294], [-48.10200448, -25.01568628], [-48.10182854, -25.01553245], [-48.10165725, -25.01548241], [-48.10146728, -25.01546841], [-48.10133908, -25.01549968], [-48.10109951, -25.01572469], [-48.1010382, -25.01573808], [-48.10096896, -25.01571084], [-48.10084411, -25.01565189], [-48.10077046, -25.0156517], [-48.1005633, -25.01580461], [-48.10051431, -25.01583606], [-48.10043316, -25.01585842], [-48.10034689, -25.01584431], [-48.0984899, -25.01903253], [-48.09753233, -25.01941558], [-48.09740381, -25.01955064], [-48.0971942, -25.01968997], [-48.09709982, -25.01978448], [-48.09698173, -25.01995114], [-48.09690698, -25.02011789], [-48.0967403, -25.02079871], [-48.0966236, -25.02154738], [-48.09651794, -25.02190355], [-48.09646491, -25.0220523], [-48.09632428, -25.0222956], [-48.09625169, -25.02235858], [-48.09613075, -25.02243498], [-48.09605886, -25.02247089], [-48.09555718, -25.02258697], [-48.09541284, -25.02262269], [-48.09530798, -25.02270817], [-48.09504852, -25.02295566], [-48.09492832, -25.023005], [-48.09456165, -25.02308982], [-48.09445753, -25.02313918], [-48.09436881, -25.02320214], [-48.0942222, -25.02338674], [-48.09408899, -25.02363909], [-48.09355702, -25.02414758], [-48.09344381, -25.02412925], [-48.09332508, -25.02409738], [-48.09310698, -25.02395699], [-48.09194212, -25.02291641], [-48.09132255, -25.02229676], [-48.09108381, -25.02203899], [-48.09071773, -25.02171325], [-48.09009508, -25.02130114], [-48.0894747, -25.02095218], [-48.08932766, -25.02086608], [-48.08924328, -25.02073052], [-48.08918301, -25.02059955], [-48.08914527, -25.02018438], [-48.08907834, -25.02001275], [-48.08903037, -25.01990888], [-48.08897182, -25.01981849], [-48.08879491, -25.01958796], [-48.08849112, -25.01934355], [-48.08816056, -25.01914874], [-48.08773826, -25.01901232], [-48.08761766, -25.01898496], [-48.08750995, -25.01898467], [-48.08739789, -25.01899342], [-48.08722928, -25.01908323], [-48.08669341, -25.0194383], [-48.08657819, -25.01948313], [-48.08649954, -25.01949648], [-48.08635527, -25.01951416], [-48.08620059, -25.01949123], [-48.08584389, -25.01935947], [-48.08562514, -25.01924162], [-48.08536691, -25.01908304], [-48.08515421, -25.01901483], [-48.0850119, -25.01899642], [-48.08487688, -25.01902317], [-48.08472873, -25.01909949], [-48.08454257, -25.01925693], [-48.08430515, -25.01937814], [-48.08412098, -25.01948596], [-48.08396669, -25.0195397], [-48.08378519, -25.01959339], [-48.08356177, -25.01958832], [-48.0832857, -25.01959663], [-48.08300794, -25.01955082], [-48.08289978, -25.01949639], [-48.08282644, -25.01939695], [-48.08277862, -25.01924795], [-48.08274328, -25.01906739], [-48.0827715, -25.01895015], [-48.0828338, -25.01861193], [-48.08295032, -25.01835505], [-48.08297542, -25.01824232], [-48.0829707, -25.01817014], [-48.08297099, -25.01807539], [-48.08288908, -25.01793531], [-48.08279654, -25.01784032], [-48.08267849, -25.01778589], [-48.08255231, -25.01776301], [-48.08217371, -25.0177034], [-48.08206363, -25.01766703], [-48.08189552, -25.01759441], [-48.08100328, -25.01710939], [-48.08009583, -25.01674164], [-48.07993507, -25.01668709], [-48.07975067, -25.01666855], [-48.0792185, -25.01664012], [-48.07818465, -25.01672319], [-48.07799586, -25.01672722], [-48.07786095, -25.01671786], [-48.07766362, -25.01669029], [-48.07748306, -25.01663115], [-48.07684989, -25.01624153], [-48.07655338, -25.01605577], [-48.07610656, -25.01583806], [-48.07583018, -25.01575163], [-48.0754404, -25.0157055], [-48.07511718, -25.0157543], [-48.07471055, -25.01594726], [-48.07435631, -25.01622155], [-48.07382216, -25.01682472], [-48.07373217, -25.0168967], [-48.07361747, -25.01695955], [-48.07350284, -25.01699985], [-48.07317714, -25.01705316], [-48.07298712, -25.01704814], [-48.07274291, -25.01697081], [-48.07242155, -25.01681657], [-48.07209216, -25.01665331], [-48.07201743, -25.01660798], [-48.07192776, -25.01658518], [-48.07183238, -25.01660751], [-48.07172018, -25.01666135], [-48.0716469, -25.01673335], [-48.07161944, -25.01681449], [-48.07158552, -25.01696779], [-48.07156151, -25.01732417], [-48.07153584, -25.01741433], [-48.07147871, -25.01748185], [-48.07140545, -25.01754934], [-48.07123684, -25.01763463], [-48.07114147, -25.0176479], [-48.07105484, -25.01764316], [-48.07094481, -25.01759777], [-48.07063633, -25.01728566], [-48.0705258, -25.01720867], [-48.07042868, -25.01719036], [-48.07034457, -25.01716758], [-48.07025792, -25.01716286], [-48.07014575, -25.01720768], [-48.0699029, -25.01728825], [-48.06974619, -25.01732844], [-48.06959201, -25.01735059], [-48.0694924, -25.01733229], [-48.06941397, -25.01727792], [-48.06932948, -25.01718297], [-48.06927655, -25.01708808], [-48.06926329, -25.01697977], [-48.06927901, -25.01689407], [-48.06937028, -25.0168041], [-48.06954142, -25.01670981], [-48.07007613, -25.01652623], [-48.07017837, -25.01648589], [-48.07025899, -25.01643645], [-48.07030742, -25.01638698], [-48.07034536, -25.01632389], [-48.07036668, -25.01623823], [-48.07033551, -25.01611181], [-48.07028515, -25.01598988], [-48.07021003, -25.01586785], [-48.07012357, -25.01580899], [-48.06970178, -25.01550109], [-48.06916121, -25.01520188], [-48.06901134, -25.01503006], [-48.06888478, -25.01493047], [-48.06867044, -25.01479457], [-48.06854745, -25.01474461], [-48.06748609, -25.01471474], [-48.0674125, -25.01489051], [-48.06729447, -25.01522857], [-48.06713496, -25.01556202], [-48.06690811, -25.01585919], [-48.06674122, -25.01598508], [-48.06641953, -25.01613312], [-48.06622001, -25.01620478], [-48.06602555, -25.01624486], [-48.06567142, -25.01627551], [-48.06543645, -25.01659522], [-48.06540907, -25.01664027], [-48.06540207, -25.01669891], [-48.0654103, -25.0170328], [-48.06538717, -25.01710492], [-48.06504901, -25.01775822], [-48.06497129, -25.0178663], [-48.06485169, -25.01791561], [-48.0648132, -25.0179516], [-48.06469387, -25.01810469], [-48.06464032, -25.0182038], [-48.06461229, -25.01826237], [-48.06456885, -25.01849236], [-48.06451212, -25.01861854], [-48.06441764, -25.01874461], [-48.06432454, -25.01883009], [-48.06422592, -25.01889299], [-48.06387692, -25.019059], [-48.06363378, -25.01922077], [-48.06338483, -25.01945923], [-48.06327606, -25.01960331], [-48.06301042, -25.01983271], [-48.06282011, -25.01992244], [-48.06272847, -25.01993572], [-48.06200032, -25.02002403], [-48.06194574, -25.02005997], [-48.06190847, -25.02010048], [-48.06186157, -25.02044324], [-48.06189996, -25.02062832], [-48.06189211, -25.02095314], [-48.06186969, -25.0209982], [-48.06161849, -25.02115995], [-48.06159051, -25.02120048], [-48.06157301, -25.02125458], [-48.06159255, -25.02133584], [-48.06163447, -25.02138558], [-48.06224694, -25.02186094], [-48.06237983, -25.02192446], [-48.06249238, -25.02195182], [-48.06259947, -25.0219476], [-48.06266517, -25.0219207], [-48.0627303, -25.02187576], [-48.0629962, -25.02175916], [-48.06306186, -25.0217413], [-48.06315474, -25.02173252], [-48.06323888, -25.02174177], [-48.06331926, -25.02176904], [-48.06340388, -25.02182341], [-48.06343962, -25.02188164], [-48.06345364, -25.02194935], [-48.06343115, -25.02201246], [-48.06339194, -25.02208003], [-48.06294262, -25.02245782], [-48.06283215, -25.02254775], [-48.06262774, -25.02279084], [-48.06244924, -25.02305788], [-48.06269213, -25.02284263], [-48.0632391, -25.02328223], [-48.0632359, -25.0234166], [-48.06298692, -25.0235461], [-48.06297625, -25.02399398], [-48.06228167, -25.0242491], [-48.06202736, -25.02460254], [-48.06158068, -25.02477294], [-48.06119171, -25.02458601], [-48.06094806, -25.02449157], [-48.06074503, -25.02475641], [-48.06044369, -25.0250193], [-48.06009106, -25.02537079], [-48.05935372, -25.02535619], [-48.05872324, -25.02498524], [-48.05809169, -25.02465907], [-48.05765891, -25.02424721], [-48.05716521, -25.02432705], [-48.05656572, -25.02471845], [-48.05655717, -25.02507675], [-48.05664586, -25.02548179], [-48.05614468, -25.02587514], [-48.05578561, -25.02649534], [-48.05596619, -25.02717106], [-48.05570972, -25.02761406], [-48.05536027, -25.02783118], [-48.05525447, -25.02814274], [-48.05504714, -25.02858672], [-48.05513262, -25.02912612], [-48.05511871, -25.02970836], [-48.05511015, -25.03006666], [-48.0550022, -25.0304678], [-48.05450527, -25.03068199], [-48.05416759, -25.03040643], [-48.0538887, -25.02972877], [-48.05291947, -25.02912703], [-48.05208486, -25.02906565], [-48.05154414, -25.02905492], [-48.05115731, -25.02877838], [-48.05062729, -25.02831977], [-48.05028855, -25.028089], [-48.04980342, -25.02781051], [-48.04980985, -25.02754179], [-48.04991566, -25.02723023], [-48.04987186, -25.02700532], [-48.04762247, -25.02646772], [-48.04504941, -25.02507229], [-48.04465295, -25.02519883], [-48.04410795, -25.02536722], [-48.04370719, -25.0256729], [-48.04399353, -25.02603707], [-48.04369108, -25.02634471], [-48.04330213, -25.02615773], [-48.04296663, -25.02579259], [-48.04282346, -25.0256105], [-48.04263436, -25.02529308], [-48.04274556, -25.02475759], [-48.04285461, -25.02431168], [-48.0428632, -25.02395338], [-48.04257794, -25.02354442], [-48.04233647, -25.02336038], [-48.04159378, -25.02356963], [-48.04099855, -25.02378182], [-48.04107966, -25.02450037], [-48.04111484, -25.02508358], [-48.04149519, -25.02562886], [-48.04138828, -25.0259852], [-48.04159752, -25.02751285], [-48.04186022, -25.02886234], [-48.04180003, -25.03137041], [-48.0417326, -25.03213082], [-48.04171648, -25.03280262], [-48.04180082, -25.03338681], [-48.04174306, -25.03374413], [-48.04158269, -25.03427863], [-48.04156764, -25.03490565], [-48.04185077, -25.03540419], [-48.04253255, -25.03568662], [-48.04307115, -25.03578696], [-48.04341957, -25.03561467], [-48.043862, -25.03562348], [-48.04414622, -25.03607722], [-48.04403715, -25.03652313], [-48.04372715, -25.03714428], [-48.04347383, -25.03745289], [-48.04346309, -25.03790077], [-48.04359338, -25.0386203], [-48.04432864, -25.03872455], [-48.04471548, -25.0390011], [-48.04500293, -25.03932048], [-48.04504564, -25.03959019], [-48.04507762, -25.04030776], [-48.04531483, -25.04067095], [-48.04535648, -25.04098544], [-48.04484767, -25.04169224], [-48.04469159, -25.04204761], [-48.04542795, -25.04210707], [-48.04602219, -25.04193966], [-48.04636955, -25.04181215], [-48.04676499, -25.0417304], [-48.04725661, -25.04174018], [-48.04754085, -25.04219392], [-48.04792449, -25.04260482], [-48.04816386, -25.04287844], [-48.04766795, -25.04304781], [-48.04698182, -25.04294454], [-48.04614605, -25.04292792], [-48.04564691, -25.04323164], [-48.04510183, -25.04340003], [-48.04449898, -25.04392573], [-48.04447857, -25.04477668], [-48.04435982, -25.04562568], [-48.04484286, -25.04599376], [-48.04508331, -25.04622259], [-48.04541671, -25.04667731], [-48.04565716, -25.04690614], [-48.04619582, -25.04700648], [-48.04668746, -25.04701626], [-48.04726992, -25.04734151], [-48.04701765, -25.04760534], [-48.04582804, -25.04798495], [-48.04524129, -25.04783884], [-48.04450382, -25.04782416], [-48.04428997, -25.04853684], [-48.04427385, -25.04920864], [-48.04431012, -25.04974707], [-48.04340902, -25.05040124], [-48.04276879, -25.0504333], [-48.04194266, -25.05001356], [-48.04120734, -25.04990929], [-48.04059691, -25.05074847], [-48.039947, -25.0511836], [-48.03910149, -25.05157], [-48.03919229, -25.05188547], [-48.04010598, -25.05275506], [-48.04096945, -25.05366844], [-48.04217495, -25.05467826], [-48.04334958, -25.05492571], [-48.04525098, -25.05563571], [-48.04638183, -25.05565822], [-48.04751591, -25.05554636], [-48.04824698, -25.05582976], [-48.04862959, -25.05628545], [-48.04925804, -25.05674604], [-48.05044129, -25.05663514], [-48.05144181, -25.05593808], [-48.05293615, -25.05516121], [-48.05353795, -25.05468027], [-48.05424237, -25.05402212], [-48.05524713, -25.05314589], [-48.05531995, -25.05010034], [-48.05497579, -25.05009351], [-48.05428855, -25.05003506], [-48.05394653, -25.04993866], [-48.05396474, -25.04917727], [-48.0541614, -25.04918118], [-48.05460603, -25.04910038], [-48.05475888, -25.04887937], [-48.054574, -25.04838281], [-48.05459971, -25.04730791], [-48.05500052, -25.0470022], [-48.05574334, -25.04679289], [-48.05622435, -25.04518932], [-48.05593365, -25.04500432], [-48.0556376, -25.04504325], [-48.05504656, -25.04507634], [-48.05440422, -25.04519802], [-48.05386128, -25.04527686], [-48.05356736, -25.04522622], [-48.05352677, -25.04486694], [-48.05392651, -25.04460602], [-48.05408685, -25.0440715], [-48.05448658, -25.04381058], [-48.05527319, -25.04382619], [-48.05553399, -25.04320404], [-48.05578944, -25.04280583], [-48.05574777, -25.04249134], [-48.05575526, -25.04217783], [-48.05629712, -25.04214376], [-48.05645424, -25.0417436], [-48.05621913, -25.04129085], [-48.05558965, -25.04087509], [-48.05544966, -25.04055865], [-48.05530752, -25.04033179], [-48.05491102, -25.04045835], [-48.0546727, -25.04013996], [-48.05488112, -25.0396512], [-48.05474006, -25.03937955], [-48.05436176, -25.03874472], [-48.05403048, -25.03820044], [-48.05414165, -25.03766494], [-48.05453387, -25.03771753], [-48.05476683, -25.03825986], [-48.05524559, -25.03880706], [-48.0556346, -25.03899401], [-48.05584302, -25.03850525], [-48.05618822, -25.03846728], [-48.05641797, -25.03914397], [-48.05620742, -25.03972231], [-48.05644574, -25.0400407], [-48.05688712, -25.04009426], [-48.05723767, -25.03983235], [-48.05743004, -25.0400154], [-48.05777524, -25.03997743], [-48.05797938, -25.03966782], [-48.05833206, -25.03931633], [-48.05877986, -25.03910116], [-48.05927148, -25.0391109], [-48.05956431, -25.03920632], [-48.06040754, -25.03890935], [-48.0617926, -25.0385783], [-48.06239429, -25.03809731], [-48.062701, -25.03761048], [-48.06262082, -25.03684714], [-48.06223501, -25.03652584], [-48.06165469, -25.03611108], [-48.06116416, -25.03605656], [-48.06122293, -25.03565444], [-48.0615243, -25.03539155], [-48.06182033, -25.0353526], [-48.06206292, -25.03549183], [-48.06217192, -25.0350459], [-48.06232474, -25.03482488], [-48.0626806, -25.03433902], [-48.06337204, -25.03421827], [-48.06377279, -25.03391253], [-48.06408481, -25.03320175], [-48.06434448, -25.03262437], [-48.06509253, -25.03219107], [-48.06544091, -25.03201871], [-48.06554776, -25.03166235], [-48.06535965, -25.03130016], [-48.06527306, -25.03080555], [-48.06581594, -25.03072666], [-48.06636521, -25.03037904], [-48.06666975, -25.02998177], [-48.06677553, -25.0296702], [-48.06722754, -25.02927585], [-48.06787735, -25.02914415], [-48.0684533, -25.02943447], [-48.06844371, -25.02983757], [-48.06837857, -25.03050842], [-48.06777908, -25.03089987], [-48.06801316, -25.03139739], [-48.06858496, -25.03217043], [-48.06855726, -25.03333492], [-48.06859577, -25.03378377], [-48.06893243, -25.03410408], [-48.06892604, -25.03437281], [-48.11288329, -25.04067366], [-48.11575342, -25.04379376], [-48.11618344, -25.04380452], [-48.11668745, -25.04376509], [-48.11771682, -25.04358252], [-48.11880132, -25.04338653], [-48.11939563, -25.04337437], [-48.12007504, -25.04348422], [-48.12059819, -25.04368394], [-48.12082028, -25.04373859], [-48.12086767, -25.04361689], [-48.12095966, -25.04348175], [-48.12107315, -25.04340983], [-48.1212342, -25.0433741], [-48.12165274, -25.043348], [-48.12207277, -25.04323618], [-48.12312979, -25.04267465], [-48.12345678, -25.0424002], [-48.12370588, -25.04208495], [-48.12417756, -25.04119725], [-48.12463444, -25.04051253], [-48.12477311, -25.03894879], [-48.1247289, -25.03857726], [-48.124713, -25.03828397], [-48.12461978, -25.03774237], [-48.12445683, -25.03711939], [-48.12446879, -25.03682165], [-48.12461363, -25.03705207], [-48.12512032, -25.03760365], [-48.12588721, -25.03830921], [-48.1263489, -25.03879751], [-48.12720063, -25.0399454], [-48.12764315, -25.04043365], [-48.12851311, -25.04148683], [-48.12891801, -25.04192537], [-48.12985348, -25.04279821], [-48.13020652, -25.04318701], [-48.13078093, -25.04389662], [-48.1311812, -25.04421784], [-48.13154152, -25.0444352], [-48.13231269, -25.04472567], [-48.13275452, -25.04478982], [-48.13822607, -25.05006807], [-48.1427299, -25.05038314], [-48.14643996, -25.05250923], [-48.1440742, -25.05725807], [-48.14727812, -25.05960271], [-48.15271587, -25.0629034], [-48.16108372, -25.06662345], [-48.16451468, -25.05655259], [-48.16483693, -25.05658844], [-48.1652797, -25.05653972], [-48.16572388, -25.05642783], [-48.16700089, -25.05625447], [-48.16714946, -25.05625928], [-48.16733512, -25.05629124], [-48.16770444, -25.05638672], [-48.16777, -25.05719445], [-48.16775815, -25.05774031], [-48.16768696, -25.05799726], [-48.16769016, -25.05820034], [-48.16761609, -25.05861976], [-48.16757672, -25.05902571], [-48.16775048, -25.05885463], [-48.16811242, -25.05844481], [-48.16845968, -25.05821543], [-48.16936644, -25.0578067], [-48.17004678, -25.05757348], [-48.17084479, -25.05724489], [-48.17234448, -25.0634205], [-48.17130839, -25.06558638], [-48.17204017, -25.06796405], [-48.17298385, -25.07072587], [-48.17273392, -25.07399169], [-48.16977398, -25.07417628], [-48.16748951, -25.07320153], [-48.16718919, -25.07372106], [-48.16627299, -25.07480184], [-48.16549823, -25.07543169], [-48.16483379, -25.07582487], [-48.1639129, -25.07631083], [-48.16289813, -25.07791278], [-48.16184871, -25.07972627], [-48.15964528, -25.080769], [-48.15932853, -25.08057686], [-48.15791056, -25.082698], [-48.1567267, -25.08448117], [-48.15643953, -25.08450309], [-48.15648988, -25.08463911], [-48.15666808, -25.08497581], [-48.15686368, -25.08528683], [-48.15707096, -25.08557659], [-48.15723585, -25.08602048], [-48.15741399, -25.08653975], [-48.15756575, -25.08672573], [-48.15745721, -25.0871756], [-48.1565123, -25.08761343], [-48.1552773, -25.08773301], [-48.15440081, -25.08785369], [-48.15428556, -25.08784012], [-48.15406447, -25.08786575], [-48.15382863, -25.08788789], [-48.15118877, -25.09551533], [-48.14694836, -25.09543973], [-48.12426695, -25.07902055], [-48.10107784, -25.07377485], [-48.09238963, -25.07018037], [-48.09244916, -25.06972292], [-48.09899211, -25.06287944], [-48.09854747, -25.06270693], [-48.09826317, -25.06274683], [-48.09754261, -25.06333608], [-48.09704901, -25.06359653], [-48.09686705, -25.06378557], [-48.09671035, -25.06401528], [-48.09650514, -25.064105], [-48.09629269, -25.06413606], [-48.09606812, -25.06407235], [-48.09585301, -25.06374699], [-48.0957429, -25.06350761], [-48.09555527, -25.06330865], [-48.09523433, -25.06317702], [-48.09519484, -25.06313181], [-48.09521648, -25.06293335], [-48.09553943, -25.06280331], [-48.09555787, -25.06264094], [-48.09538862, -25.06250519], [-48.09512033, -25.06236918], [-48.09492092, -25.0621792], [-48.09466225, -25.06171839], [-48.09408775, -25.06045375], [-48.09394539, -25.06043986], [-48.09387406, -25.0604848], [-48.09380922, -25.06084556], [-48.09374212, -25.06092209], [-48.09359313, -25.06084954], [-48.09335862, -25.06059631], [-48.09321999, -25.06057792], [-48.09312261, -25.06063633], [-48.09295105, -25.060866], [-48.0928499, -25.06094244], [-48.09251107, -25.06100025], [-48.09223149, -25.06111686], [-48.09215629, -25.06121593], [-48.09214215, -25.06138732], [-48.0919912, -25.06155388], [-48.09178312, -25.06157592], [-48.09154331, -25.06164299], [-48.09148187, -25.06168796], [-48.09147028, -25.06184132], [-48.09154009, -25.06189963], [-48.09158412, -25.0620802], [-48.09146793, -25.06221977], [-48.09133211, -25.06229613], [-48.09127227, -25.06242281], [-48.09126568, -25.0629772], [-48.09112613, -25.06305806], [-48.09096085, -25.06304012], [-48.09074225, -25.06285009], [-48.09052585, -25.06255128], [-48.09038914, -25.06251484], [-48.09025212, -25.06257766], [-48.09009816, -25.06271714], [-48.08961194, -25.0627836], [-48.08904611, -25.06296715], [-48.08886598, -25.0631607], [-48.08887785, -25.06333217], [-48.08898386, -25.06349033], [-48.08897166, -25.06363467], [-48.08878186, -25.0637515], [-48.08852038, -25.06381851], [-48.088201, -25.06398516], [-48.08816376, -25.06421966], [-48.08826985, -25.06435927], [-48.08860725, -25.06436914], [-48.08870795, -25.06444157], [-48.08868903, -25.06455882], [-48.08855197, -25.06463518], [-48.0881189, -25.06472883], [-48.08746424, -25.06480389], [-48.08698778, -25.06491548], [-48.08669085, -25.06503654], [-48.08657041, -25.06514452], [-48.08644083, -25.06520284], [-48.08555252, -25.06535399], [-48.08535903, -25.06545727], [-48.08518763, -25.06561976], [-48.08485057, -25.06631769], [-48.084679, -25.06654283], [-48.08399659, -25.06718625], [-48.08400336, -25.0671998], [-48.0840026, -25.06724491], [-48.08397961, -25.06727192], [-48.08388842, -25.06733034], [-48.08373044, -25.06736152], [-48.08355834, -25.06735206], [-48.08319392, -25.06726542], [-48.08303729, -25.06726051], [-48.08294615, -25.06730088], [-48.08286166, -25.06739541], [-48.08261274, -25.06780532], [-48.08252824, -25.06790436], [-48.08244519, -25.06793122], [-48.08240618, -25.06793112], [-48.08240392, -25.06806195], [-48.08245375, -25.06816584], [-48.08255488, -25.06830144], [-48.08275271, -25.0684012], [-48.08293179, -25.06855504], [-48.0829637, -25.06864986], [-48.08297085, -25.06874011], [-48.08292849, -25.06882572], [-48.08257002, -25.06901881], [-48.08248371, -25.0690998], [-48.08242891, -25.06920342], [-48.08242673, -25.06930718], [-48.08245926, -25.069402], [-48.08288043, -25.06975948], [-48.08295322, -25.06984989], [-48.08301032, -25.07000794], [-48.08305807, -25.07018401], [-48.08307575, -25.07021994], [-48.08301508, -25.07029983], [-48.0825654, -25.07039288], [-48.08218543, -25.07069107], [-48.08191889, -25.07092357], [-48.08157861, -25.07112066], [-48.08116861, -25.07111259], [-48.08087768, -25.0708012], [-48.08095866, -25.07053108], [-48.08055672, -25.07018354], [-48.08030226, -25.06990683], [-48.08001295, -25.06952753], [-48.07987433, -25.06908328], [-48.07991885, -25.06877849], [-48.08007841, -25.06834011], [-48.07978829, -25.06799476], [-48.07964404, -25.06778814], [-48.07905253, -25.06757272], [-48.07865222, -25.06715728], [-48.07809315, -25.06714627], [-48.07756893, -25.06723783], [-48.07726835, -25.0673338], [-48.07685998, -25.06725783], [-48.07619232, -25.06710881], [-48.07538123, -25.06671923], [-48.07464227, -25.06643296], [-48.07401028, -25.06635257], [-48.07329406, -25.06667807], [-48.07283712, -25.06707661], [-48.07260703, -25.06734378], [-48.07223109, -25.06747221], [-48.07171395, -25.06784566], [-48.07154244, -25.06820581], [-48.0714979, -25.06851059], [-48.07127023, -25.06867592], [-48.07104337, -25.06880729], [-48.07059369, -25.0689003], [-48.0702542, -25.06906341], [-48.06987744, -25.06922578], [-48.06964896, -25.06942505], [-48.06934837, -25.069521], [-48.06889949, -25.06958006], [-48.06826587, -25.06956753], [-48.06785912, -25.06942364], [-48.06756257, -25.06934985], [-48.06726682, -25.06924212], [-48.06729681, -25.06954838], [-48.06721499, -25.06985243], [-48.06698407, -25.07015353], [-48.0668674, -25.070355], [-48.06653196, -25.07034837], [-48.06616005, -25.07030705], [-48.0659348, -25.07037052], [-48.06556127, -25.07039709], [-48.06518613, -25.07049156], [-48.06473805, -25.07051666], [-48.06489157, -25.07080899], [-48.06501275, -25.07150702], [-48.06473807, -25.07207896], [-48.06443585, -25.07224279], [-48.06435401, -25.07254684], [-48.06405016, -25.07277856], [-48.06393105, -25.07308187], [-48.06362963, -25.07321176], [-48.063406, -25.07320733], [-48.06311187, -25.07303169], [-48.06281612, -25.07292394], [-48.06239158, -25.07279031], [-48.06174576, -25.07246123], [-48.06133982, -25.07228337], [-48.06089985, -25.07196899], [-48.06034239, -25.07189001], [-48.05955481, -25.07207818], [-48.05914806, -25.07193426], [-48.05867002, -25.07165308], [-48.05807205, -25.07170915], [-48.0580226, -25.07221761], [-48.05850308, -25.07239695], [-48.05897869, -25.07277998], [-48.05901028, -25.07301834], [-48.05915531, -25.07319103], [-48.05929872, -25.07343162], [-48.05944538, -25.07353641], [-48.0597395, -25.07371206], [-48.05995665, -25.07398807], [-48.06017948, -25.07402645], [-48.06047928, -25.07396446], [-48.06085606, -25.07380212], [-48.06115424, -25.07380802], [-48.06161449, -25.07393247], [-48.06196272, -25.07406082], [-48.06261999, -25.07407384], [-48.06312063, -25.07429107], [-48.06325417, -25.07505385], [-48.06329429, -25.0754923], [-48.06330583, -25.0760684], [-48.06362292, -25.0765584], [-48.06369162, -25.07685921], [-48.06409445, -25.07693629], [-48.06428955, -25.0772396], [-48.06455664, -25.07770558], [-48.0644753, -25.07793432], [-48.06411698, -25.0781115], [-48.06381142, -25.07819759], [-48.06335968, -25.07805044], [-48.06303103, -25.07804393], [-48.06254631, -25.07821861], [-48.06203466, -25.07846185], [-48.06180603, -25.07850339], [-48.06146969, -25.07881921], [-48.06094868, -25.07945385], [-48.0605898, -25.07965405], [-48.06027818, -25.07999339], [-48.06009351, -25.08031222], [-48.05995059, -25.08100042], [-48.05986319, -25.08148241], [-48.05975546, -25.08175669], [-48.05959277, -25.08221415], [-48.05978731, -25.08254049], [-48.05970541, -25.08279225], [-48.05914758, -25.08285029], [-48.05851169, -25.08299892], [-48.05797308, -25.08331072], [-48.05752297, -25.08309448], [-48.05724378, -25.083135], [-48.0568937, -25.08296681], [-48.05641336, -25.08295728], [-48.05631664, -25.08277108], [-48.05663214, -25.08227059], [-48.05663875, -25.0819943], [-48.05646674, -25.08178358], [-48.05677618, -25.08153634], [-48.05703615, -25.08124205], [-48.05754672, -25.08104488], [-48.05813203, -25.08089525], [-48.05844091, -25.08067103], [-48.05860305, -25.08023659], [-48.05894271, -25.07978264], [-48.0591807, -25.0793497], [-48.05944231, -25.07898633], [-48.05972975, -25.07860045], [-48.05991551, -25.07823558], [-48.06012491, -25.07794028], [-48.06033485, -25.07762196], [-48.0604217, -25.07716299], [-48.06041017, -25.0765869], [-48.06036897, -25.07619449], [-48.06075201, -25.07604084], [-48.06108835, -25.07572502], [-48.06109768, -25.07550359], [-48.06052411, -25.07530689], [-48.06004509, -25.07516366], [-48.05986005, -25.07500716], [-48.0596121, -25.07484941], [-48.05913582, -25.07459162], [-48.058866, -25.07447164], [-48.05842983, -25.07429105], [-48.05751189, -25.0740818], [-48.05695947, -25.07437651], [-48.05658666, -25.07417807], [-48.056238, -25.07384638], [-48.0557631, -25.07353129], [-48.05530688, -25.07331209], [-48.05479959, -25.07347395], [-48.05414874, -25.07349923], [-48.05337347, -25.07346473], [-48.05281151, -25.07328163], [-48.05242978, -25.07328952], [-48.05183646, -25.07295828], [-48.05149354, -25.07263203], [-48.05110274, -25.07221355], [-48.05085671, -25.07202612], [-48.04963375, -25.07211207], [-48.04937255, -25.07241016], [-48.04933454, -25.07282012], [-48.04935594, -25.0731029], [-48.04920524, -25.07351061], [-48.04922603, -25.07381906], [-48.04935642, -25.07425803], [-48.04943232, -25.07461891], [-48.04959457, -25.0749045], [-48.04980825, -25.07539646], [-48.04974699, -25.0756006], [-48.04954979, -25.07559668], [-48.04938384, -25.07546503], [-48.04933242, -25.07525865], [-48.04908196, -25.07512532], [-48.04894849, -25.07481464], [-48.0490116, -25.07453353], [-48.04893386, -25.07424962], [-48.04834597, -25.07408391], [-48.04778809, -25.07384178], [-48.04725839, -25.07360021], [-48.0461034, -25.07357721], [-48.0451199, -25.07345495], [-48.04376772, -25.073428], [-48.04329314, -25.07323886], [-48.04290554, -25.07294877], [-48.04265509, -25.07281543], [-48.04244556, -25.07332463], [-48.04207441, -25.07352259], [-48.04097453, -25.07355199], [-48.04021517, -25.0734855], [-48.03956725, -25.07347256], [-48.0392255, -25.07361976], [-48.03879739, -25.07384223], [-48.03832096, -25.07373004], [-48.03807546, -25.07339144], [-48.03785875, -25.07302775], [-48.03781229, -25.07261611], [-48.03748537, -25.07214754], [-48.03718044, -25.0719361], [-48.03635692, -25.07168972], [-48.03616053, -25.07170734], [-48.035937, -25.0717131], [-48.03574886, -25.07175293], [-48.03555415, -25.0717822], [-48.03535776, -25.07179982], [-48.03516051, -25.07180569], [-48.03496328, -25.0717998], [-48.03476689, -25.07178217], [-48.03457715, -25.07175662], [-48.03443788, -25.07173445], [-48.03351836, -25.0718629], [-48.03292494, -25.07192804], [-48.03241108, -25.07220012], [-48.0321201, -25.07257933], [-48.03202445, -25.07303946], [-48.03175854, -25.07354752], [-48.0317217, -25.07390614], [-48.031097, -25.07409899], [-48.03056486, -25.07395999], [-48.03023301, -25.07369666], [-48.02992314, -25.07369045], [-48.02975722, -25.07355879], [-48.02982595, -25.07304678], [-48.03014387, -25.07271945], [-48.03010758, -25.07243915], [-48.03004605, -25.07210144], [-48.0298563, -25.07178961], [-48.02932665, -25.07154799], [-48.02901492, -25.07161875], [-48.02890225, -25.07161649], [-48.02836331, -25.07175971], [-48.02768723, -25.07174616], [-48.02711888, -25.07194012], [-48.02627007, -25.07207712], [-48.02524728, -25.07241598], [-48.02465075, -25.07260936], [-48.02379884, -25.07287463], [-48.02348835, -25.07289406], [-48.02315714, -25.07260506], [-48.02262999, -25.07226078], [-48.02206784, -25.07219816], [-48.02161464, -25.07229174], [-48.02121405, -25.07254038], [-48.02067262, -25.07278619], [-48.01993275, -25.07307935], [-48.01946463, -25.07378867], [-48.01936023, -25.07460798], [-48.01929146, -25.07511997], [-48.01941428, -25.07586683], [-48.01985444, -25.07631205], [-48.02036089, -25.07634789], [-48.02066641, -25.07653371], [-48.02113599, -25.07692818], [-48.0215192, -25.07739791], [-48.02195689, -25.07794575], [-48.02223114, -25.07825928], [-48.02262305, -25.07836983], [-48.02346321, -25.07859204], [-48.02368299, -25.07882747], [-48.02361051, -25.07949341], [-48.02361509, -25.08046892], [-48.02394694, -25.08073227], [-48.02456299, -25.08089864], [-48.02509639, -25.08098635], [-48.02572175, -25.08076788], [-48.02665063, -25.08007493], [-48.03021053, -25.08291599], [-48.03085969, -25.08455661], [-48.03274399, -25.08568893], [-48.03696465, -25.08885291], [-48.03898534, -25.08948465], [-48.03921396, -25.08928571], [-48.03950625, -25.0889442], [-48.03965258, -25.08870589], [-48.04174978, -25.08984351], [-48.03937135, -25.0909468], [-48.03908689, -25.0925554], [-48.0384521, -25.09340579], [-48.03654935, -25.0937034], [-48.03563233, -25.09379568], [-48.0353672, -25.09377675], [-48.03541922, -25.09402156], [-48.03543851, -25.094175], [-48.03541754, -25.09433285], [-48.03529947, -25.09463478], [-48.03527659, -25.09480614], [-48.03526377, -25.09493693], [-48.03537036, -25.09546056], [-48.03536462, -25.09569062], [-48.03531642, -25.09583937], [-48.0352828, -25.0958934], [-48.03521625, -25.09597442], [-48.0351101, -25.09605082], [-48.03466877, -25.09616686], [-48.03431073, -25.09619743], [-48.03420735, -25.0961836], [-48.03402238, -25.09612443], [-48.03376377, -25.09605151], [-48.03332059, -25.09604821], [-48.03257557, -25.09563222], [-48.03111661, -25.09611868], [-48.03124346, -25.09678211], [-48.03121958, -25.09679777], [-48.03127271, -25.09686499], [-48.03137969, -25.09709086], [-48.03145633, -25.09731665], [-48.03146754, -25.09747909], [-48.0311954, -25.09881819], [-48.03117643, -25.09929183], [-48.03120628, -25.09961673], [-48.03127618, -25.09981995], [-48.03139883, -25.09999173], [-48.03155323, -25.10011397], [-48.0320566, -25.10033195], [-48.03228456, -25.10049501], [-48.03244572, -25.10063532], [-48.0326135, -25.10082979], [-48.03273606, -25.10102864], [-48.0328343, -25.10127704], [-48.03284547, -25.10145301], [-48.03285313, -25.10174627], [-48.0328021, -25.10199877], [-48.03265839, -25.10236829], [-48.03241598, -25.1028052], [-48.03208615, -25.10344939], [-48.03196759, -25.10371071], [-48.03189421, -25.10397667], [-48.03180195, -25.10469371], [-48.0317073, -25.10520322], [-48.03164883, -25.10545569], [-48.03138221, -25.10626697], [-48.03130749, -25.10656451], [-48.0313106, -25.10674046], [-48.03142214, -25.10708364], [-48.03170294, -25.10755362], [-48.03187008, -25.1077571], [-48.03195101, -25.10781598], [-48.03227624, -25.1079748], [-48.03301933, -25.10818895], [-48.03313001, -25.1082434], [-48.03321092, -25.10830679], [-48.03330525, -25.10843337], [-48.03368124, -25.10896226], [-48.0339405, -25.10921563], [-48.0339516, -25.1092292], [-48.03412155, -25.10933795], [-48.03455747, -25.10954671], [-48.03465321, -25.10962367], [-48.03503207, -25.11003979], [-48.03512042, -25.11010319], [-48.03526889, -25.11015324], [-48.0353486, -25.1102076], [-48.03540855, -25.11024386], [-48.03553255, -25.11038857], [-48.03568345, -25.11063712], [-48.03581869, -25.11093525], [-48.03585889, -25.11113386], [-48.03595142, -25.11288], [-48.03599833, -25.11311021], [-48.03607642, -25.11327735], [-48.03622275, -25.1134131], [-48.03653909, -25.11363956], [-48.03713544, -25.11403372], [-48.03728983, -25.11416499], [-48.03866606, -25.11391142], [-48.03983721, -25.11389806], [-48.04157012, -25.11235206], [-48.04390708, -25.11254575], [-48.04590531, -25.11339429], [-48.04543459, -25.11617856], [-48.04838287, -25.11781796], [-48.04846391, -25.12116462], [-48.04893494, -25.1217254], [-48.05000245, -25.1226281], [-48.04977511, -25.12382288], [-48.04985963, -25.12380891], [-48.05034141, -25.12421225], [-48.05115067, -25.12506657], [-48.05169626, -25.12547859], [-48.05191021, -25.12559195], [-48.05225605, -25.12571921], [-48.05264112, -25.12578341], [-48.0530013, -25.12587913], [-48.05318334, -25.12589368], [-48.05345374, -25.12598013], [-48.05363948, -25.12600769], [-48.05383953, -25.12597678], [-48.05396745, -25.12737616], [-48.05352567, -25.12857115], [-48.05332061, -25.12909095], [-48.05292561, -25.13040641], [-48.05269456, -25.13069014], [-48.0525992, -25.13234559], [-48.05453309, -25.13302969], [-48.05540368, -25.13369261], [-48.05534434, -25.13392365], [-48.05529936, -25.13403317], [-48.05539826, -25.13485899], [-48.05536849, -25.13544086], [-48.05524145, -25.13602246], [-48.05490983, -25.13684712], [-48.05480333, -25.13701825], [-48.05450237, -25.13774826], [-48.05355798, -25.13954567], [-48.05338559, -25.13997376], [-48.05322766, -25.14015778], [-48.05245397, -25.14146392], [-48.05223244, -25.14176556], [-48.05144672, -25.14257995], [-48.05127719, -25.1427058], [-48.05071809, -25.14298848], [-48.05044811, -25.14295165], [-48.04977706, -25.14299042], [-48.04895009, -25.14297462], [-48.04837283, -25.14294145], [-48.04764702, -25.14286728], [-48.04705063, -25.1428115], [-48.04578197, -25.142605], [-48.04555714, -25.14259085], [-48.04505322, -25.1424857], [-48.04477732, -25.14236764], [-48.0445328, -25.14231283], [-48.04429359, -25.14215428], [-48.04397431, -25.14204061], [-48.04384731, -25.14204026], [-48.04331964, -25.14218315], [-48.04320504, -25.14218284], [-48.04310796, -25.14212843], [-48.04293163, -25.14187532], [-48.04284441, -25.14183898], [-48.04270513, -25.14180702], [-48.04255953, -25.14181112], [-48.04236554, -25.14183765], [-48.04226907, -25.14178776], [-48.04217641, -25.14171081], [-48.04182199, -25.14136246], [-48.04153609, -25.14108648], [-48.04148811, -25.1409871], [-48.04148051, -25.14085175], [-48.04153018, -25.14063535], [-48.04160617, -25.13995888], [-48.04156964, -25.13976931], [-48.04143632, -25.13962458], [-48.04118658, -25.13946599], [-48.04095123, -25.13926684], [-48.04089039, -25.13912231], [-48.04060509, -25.13940572], [-48.04050198, -25.13948664], [-48.04037665, -25.13954493], [-48.04019697, -25.13955345], [-48.03998458, -25.13952579], [-48.03965283, -25.13943915], [-48.0395095, -25.13932597], [-48.03945458, -25.13926266], [-48.03936961, -25.13910904], [-48.0393237, -25.13894651], [-48.03927493, -25.13834638], [-48.0391915, -25.13810254], [-48.03909995, -25.13788124], [-48.03886439, -25.13774524], [-48.03864785, -25.13766343], [-48.03835811, -25.13761299], [-48.03813569, -25.13762139], [-48.0376971, -25.13762016], [-48.0366289, -25.13768933], [-48.03625316, -25.13778752], [-48.03608084, -25.13781861], [-48.03600751, -25.13788607], [-48.03587962, -25.13815187], [-48.03563803, -25.13851209], [-48.03557679, -25.13866981], [-48.03555251, -25.13888628], [-48.03560713, -25.1390353], [-48.03583786, -25.1391352], [-48.03595039, -25.13919867], [-48.03603117, -25.13930717], [-48.03592561, -25.13937905], [-48.03585804, -25.13957735], [-48.03585514, -25.13969915], [-48.03593447, -25.1398708], [-48.03632041, -25.14041774], [-48.03649527, -25.14073402], [-48.03669331, -25.14115412], [-48.03680705, -25.14159202], [-48.0368799, -25.14202981], [-48.03709842, -25.14244095], [-48.03715742, -25.14258096], [-48.03708376, -25.14329352], [-48.03713027, -25.14346056], [-48.03718424, -25.14362312], [-48.03739907, -25.14384477], [-48.03759043, -25.14422876], [-48.0376937, -25.14446814], [-48.03771531, -25.1446712], [-48.03767373, -25.14487409], [-48.03763008, -25.14495968], [-48.03730352, -25.14534672], [-48.03715083, -25.14543201], [-48.03704674, -25.14543622], [-48.03693278, -25.14542688], [-48.03676824, -25.14535424], [-48.03656074, -25.14534463], [-48.03641514, -25.14534873], [-48.0363202, -25.14539358], [-48.0361831, -25.14563228], [-48.03573932, -25.14624004], [-48.03502159, -25.14706356], [-48.03491081, -25.14739256], [-48.03490269, -25.14759554], [-48.03497277, -25.14793407], [-48.03516843, -25.14833161], [-48.03519821, -25.1484986], [-48.03510765, -25.14907578], [-48.03499825, -25.14936418], [-48.03533912, -25.1502358], [-48.03538649, -25.15040136], [-48.03590629, -25.15028281], [-48.03878242, -25.14943157], [-48.04206272, -25.1498466], [-48.04456721, -25.15157483], [-48.04789905, -25.1537699], [-48.05171545, -25.15546004], [-48.0555406, -25.1559892], [-48.05554425, -25.15601176], [-48.05541523, -25.15605653], [-48.05484255, -25.15612264], [-48.05424598, -25.15629245], [-48.05407039, -25.15636866], [-48.0535642, -25.15675074], [-48.05343906, -25.15693535], [-48.05340276, -25.15704803], [-48.05339978, -25.1572014], [-48.05344496, -25.15740453], [-48.05363131, -25.1576351], [-48.05396795, -25.15794728], [-48.05449877, -25.15837276], [-48.05460109, -25.15853544], [-48.0546199, -25.15865729], [-48.05407008, -25.15892647], [-48.05337877, -25.15945239], [-48.05275147, -25.15973038], [-48.05250404, -25.15998684], [-48.05218744, -25.16054987], [-48.0519588, -25.16074322], [-48.0517441, -25.16084188], [-48.05142563, -25.16084552], [-48.05093031, -25.16074042], [-48.05049899, -25.16058135], [-48.0499115, -25.16026884], [-48.04963654, -25.16020457], [-48.04917431, -25.16021232], [-48.04887821, -25.16038293], [-48.04875079, -25.16050439], [-48.04867133, -25.16073874], [-48.04863172, -25.16109952], [-48.04864272, -25.16133413], [-48.04869548, -25.16149217], [-48.04882813, -25.16165944], [-48.04928263, -25.16192285], [-48.04942041, -25.16204051], [-48.04974622, -25.16263236], [-48.05013337, -25.16303491], [-48.05037944, -25.16319347], [-48.05044967, -25.16331546], [-48.05044438, -25.16341468], [-48.05047231, -25.16340123], [-48.05078316, -25.16346073], [-48.05157917, -25.16350801], [-48.04956974, -25.16695849], [-48.05034917, -25.16725769], [-48.05086547, -25.16738955], [-48.05058056, -25.16812678], [-48.05050086, -25.16835481], [-48.05039181, -25.16856876], [-48.04914612, -25.16915318], [-48.04814442, -25.16944242], [-48.04194702, -25.17345545], [-48.0417038, -25.17354951], [-48.04135467, -25.17362973], [-48.04120761, -25.17369248], [-48.04110011, -25.1737824], [-48.04089608, -25.17420136], [-48.04061441, -25.17430884], [-48.04048957, -25.1743942], [-48.040416, -25.17470977], [-48.04037557, -25.17475477], [-48.04011962, -25.17476759], [-48.03998688, -25.17480781], [-48.039885, -25.17488422], [-48.03962809, -25.17518122], [-48.03941766, -25.17528891], [-48.03942881, -25.17528894], [-48.0394846, -25.17530758], [-48.03941258, -25.17529186], [-48.03919353, -25.17541909], [-48.03907144, -25.17542327], [-48.03886928, -25.17528737], [-48.03863208, -25.17506566], [-48.03839695, -25.17478532], [-48.03819245, -25.17442386], [-48.03782601, -25.17394466], [-48.03750297, -25.17364151], [-48.03742575, -25.17357363], [-48.03735587, -25.17353283], [-48.03725375, -25.17349646], [-48.03716577, -25.17349621], [-48.03705416, -25.17351394], [-48.03697223, -25.17355882], [-48.03689003, -25.17367587], [-48.03682755, -25.17382908], [-48.03674461, -25.17416717], [-48.03678318, -25.17521384], [-48.03670205, -25.17593087], [-48.03656915, -25.17656655], [-48.03648725, -25.17677834], [-48.03642061, -25.1768774], [-48.03623802, -25.17699868], [-48.03579462, -25.17710118], [-48.03573705, -25.17708298], [-48.03502118, -25.17676969], [-48.03464053, -25.1766423], [-48.034304, -25.17647896], [-48.03404633, -25.17626621], [-48.03390868, -25.17611244], [-48.03380331, -25.17593621], [-48.03351982, -25.17512342], [-48.03337428, -25.17437868], [-48.0333796, -25.17318778], [-48.03350417, -25.17191602], [-48.03344535, -25.17135648], [-48.03318368, -25.17050766], [-48.0329852, -25.17020485], [-48.03269772, -25.17001908], [-48.03232699, -25.16989623], [-48.03204694, -25.16989092], [-48.03171755, -25.16999825], [-48.03134849, -25.17029042], [-48.03088078, -25.17079884], [-48.03060175, -25.17103713], [-48.03029945, -25.17119415], [-48.02986216, -25.17132373], [-48.02946224, -25.17139926], [-48.02908987, -25.17139369], [-48.02878949, -25.17135224], [-48.0286552, -25.17130222], [-48.02854837, -25.17119816], [-48.02845593, -25.17105354], [-48.02842884, -25.17082341], [-48.0285993, -25.17044496], [-48.0288377, -25.17013439], [-48.02910639, -25.16984193], [-48.0295331, -25.16954091], [-48.02970404, -25.16938351], [-48.03031582, -25.16860033], [-48.0304896, -25.16815874], [-48.03057689, -25.16782066], [-48.03058721, -25.16752296], [-48.03053847, -25.16728374], [-48.03044625, -25.16707144], [-48.03029358, -25.16678682], [-48.03005102, -25.16651095], [-48.02974084, -25.16626195], [-48.02932782, -25.16600814], [-48.02895335, -25.1658943], [-48.02859662, -25.16584816], [-48.02795363, -25.16580572], [-48.02733638, -25.16584004], [-48.02666702, -25.16589676], [-48.02594229, -25.16601647], [-48.02491026, -25.1663022], [-48.02375164, -25.16682214], [-48.02282726, -25.16733372], [-48.0215449, -25.16761871], [-48.02117411, -25.16769432], [-48.02059806, -25.16781895], [-48.02030273, -25.16793087], [-48.02004591, -25.16801583], [-48.01985284, -25.16811902], [-48.01971189, -25.16820432], [-48.02036466, -25.16934752], [-48.02068756, -25.16985371], [-48.02114366, -25.17036478], [-48.02196097, -25.17106638], [-48.02279474, -25.17166426], [-48.0229307, -25.17176841], [-48.02474019, -25.17331643], [-48.02554368, -25.17408111], [-48.02618166, -25.17486337], [-48.02724745, -25.17664829], [-48.02754452, -25.17764609], [-48.02753151, -25.17818287], [-48.02743563, -25.17866978], [-48.02727386, -25.17903922], [-48.02698807, -25.17943086], [-48.02658469, -25.17978156], [-48.02598731, -25.18014523], [-48.02520776, -25.18050387], [-48.02430503, -25.18064561], [-48.02348278, -25.1806297], [-48.02243509, -25.18040111], [-48.0213621, -25.18014537], [-48.01910531, -25.17925914], [-48.01801949, -25.17878231], [-48.01728342, -25.17903467], [-48.01672484, -25.18020723], [-48.01622615, -25.1808987], [-48.01576814, -25.1818979], [-48.01530906, -25.18294092], [-48.01495376, -25.18367912], [-48.01449359, -25.18476596], [-48.01408585, -25.18567848], [-48.01357323, -25.18693964], [-48.01324736, -25.18800682], [-48.01310929, -25.18814624], [-48.01301667, -25.18822717], [-48.01294832, -25.18827659], [-48.01284659, -25.18830335], [-48.01255464, -25.18832053], [-48.01248712, -25.18831582], [-48.01230664, -25.18835589], [-48.01223687, -25.18845492], [-48.01221033, -25.18859919], [-48.01211324, -25.18889212], [-48.01190476, -25.18913509], [-48.01178061, -25.18919337], [-48.01162255, -25.18920193], [-48.01147763, -25.18917894], [-48.01135444, -25.18914249], [-48.0112423, -25.18913313], [-48.01113977, -25.18920951], [-48.01111246, -25.18939438], [-48.01109506, -25.19009805], [-48.01110394, -25.19021536], [-48.01117003, -25.1902742], [-48.0112703, -25.19031058], [-48.01143955, -25.19029304], [-48.01160813, -25.19028452], [-48.0117433, -25.19026688], [-48.01192299, -25.19027192], [-48.01206716, -25.1903355], [-48.01210963, -25.19041682], [-48.01208432, -25.1905611], [-48.01202363, -25.19072331], [-48.01193163, -25.19080424], [-48.01182978, -25.19086258], [-48.0116932, -25.19092984], [-48.0115455, -25.19098805], [-48.01137482, -25.19105971], [-48.01121725, -25.19110435], [-48.01102434, -25.1911534], [-48.01095599, -25.19120282], [-48.01069098, -25.19148622], [-48.01051298, -25.19186913], [-48.01047655, -25.19200435], [-48.010493, -25.19225701], [-48.01048123, -25.19259982], [-48.01098608, -25.19248854], [-48.01135266, -25.19239941], [-48.0115516, -25.19239549], [-48.01174987, -25.19240961], [-48.01196402, -25.19248693], [-48.01214964, -25.19256868], [-48.01246083, -25.19271847], [-48.01392358, -25.19318291], [-48.0153656, -25.19372848], [-48.01580578, -25.1940275], [-48.01616359, -25.19431274], [-48.01648302, -25.19458886], [-48.01666331, -25.19477884], [-48.01674304, -25.19483772], [-48.01687126, -25.19485614], [-48.01705773, -25.19487473], [-48.01716753, -25.19484347], [-48.01725887, -25.19478059], [-48.017359, -25.19467713], [-48.01741221, -25.19452843], [-48.01743387, -25.19418566], [-48.01733718, -25.19314334], [-48.01733445, -25.19286365], [-48.01738104, -25.19248036], [-48.01747797, -25.19223705], [-48.01761058, -25.19206151], [-48.01779643, -25.19173275], [-48.01795037, -25.1914851], [-48.01820896, -25.19108889], [-48.01825897, -25.19096723], [-48.01830225, -25.1908185], [-48.01833791, -25.19054795], [-48.0183713, -25.19039468], [-48.01842611, -25.19031815], [-48.01848259, -25.19029124], [-48.01856195, -25.19028246], [-48.01872854, -25.19031452], [-48.01891596, -25.19040203], [-48.01908291, -25.19051855], [-48.01949002, -25.19105655], [-48.02019866, -25.19185254], [-48.02050076, -25.19211958], [-48.02084151, -25.19232357], [-48.02122134, -25.19251864], [-48.02165197, -25.19271387], [-48.02250418, -25.19304564], [-48.02306119, -25.19325476], [-48.02282136, -25.19389672], [-48.02263835, -25.19384847], [-48.02225736, -25.19380676], [-48.02193993, -25.19384193], [-48.02173576, -25.19392253], [-48.02140453, -25.1941832], [-48.02063348, -25.19509218], [-48.02039864, -25.1952584], [-48.02011374, -25.19538387], [-48.01909448, -25.19549818], [-48.01891149, -25.19554727], [-48.01862468, -25.19568627], [-48.01848519, -25.19587532], [-48.01829271, -25.19650178], [-48.01828781, -25.1970115], [-48.01814612, -25.19747121], [-48.01797788, -25.19772784], [-48.01758525, -25.19817327], [-48.01714202, -25.19890275], [-48.01705579, -25.19910097], [-48.01700667, -25.19932187], [-48.01699128, -25.1996421], [-48.01702813, -25.20008428], [-48.01710625, -25.20025141], [-48.01728634, -25.20050004], [-48.01769826, -25.20091175], [-48.01872907, -25.20157336], [-48.01894889, -25.20162814], [-48.01895211, -25.20196732], [-48.02012892, -25.2026065], [-48.02013078, -25.20260461], [-48.02099446, -25.20258591], [-48.02108628, -25.20255911], [-48.02172826, -25.20258804], [-48.022461, -25.20271648], [-48.02428735, -25.20328112], [-48.02483948, -25.20349593], [-48.02480461, -25.20353072], [-48.02430934, -25.20355184], [-48.02353299, -25.20366237], [-48.02315646, -25.20375601], [-48.02293939, -25.20397641], [-48.02289553, -25.20411161], [-48.02290583, -25.20435523], [-48.02306399, -25.20450004], [-48.02326437, -25.20462242], [-48.02361456, -25.20461892], [-48.02387631, -25.20456104], [-48.02404786, -25.20459762], [-48.02411327, -25.20467901], [-48.02421076, -25.20515745], [-48.0243387, -25.20543749], [-48.02452715, -25.20560494], [-48.0249022, -25.2057594], [-48.0250269, -25.20589959], [-48.02514938, -25.20614805], [-48.02533939, -25.20675757], [-48.02550647, -25.20701066], [-48.02570688, -25.20712401], [-48.02588718, -25.20714258], [-48.02606145, -25.2071115], [-48.02646546, -25.20695929], [-48.02682595, -25.20666712], [-48.02702005, -25.2066361], [-48.02710981, -25.20666794], [-48.02720101, -25.20682157], [-48.02724683, -25.20701116], [-48.02799339, -25.2076313], [-48.02836375, -25.20806992], [-48.02843333, -25.20820093], [-48.02850495, -25.20845826], [-48.02850933, -25.20898605], [-48.028566, -25.20926589], [-48.02900703, -25.21006107], [-48.02938875, -25.21062151], [-48.02963426, -25.21078009], [-48.0297934, -25.21082566], [-48.02991734, -25.21083052], [-48.03026159, -25.21075482], [-48.03057895, -25.21062501], [-48.03071911, -25.21065488], [-48.03078855, -25.2105398], [-48.03135956, -25.20977006], [-48.03187092, -25.20922119], [-48.03208165, -25.20904135], [-48.03255385, -25.20836939], [-48.03200954, -25.20810654], [-48.0315599, -25.20754974], [-48.03083456, -25.20690313], [-48.0304765, -25.20639031], [-48.02998058, -25.20583258], [-48.02957316, -25.20544517], [-48.02916472, -25.20509987], [-48.02894247, -25.20471618], [-48.02899593, -25.20442231], [-48.02937751, -25.20396649], [-48.03027647, -25.20318398], [-48.03051815, -25.20276748], [-48.03061993, -25.20239031], [-48.03081532, -25.20197287], [-48.03105801, -25.20151426], [-48.03162474, -25.20106215], [-48.03191372, -25.20060446], [-48.03222046, -25.20033013], [-48.03204986, -25.19991002], [-48.0320325, -25.19989758], [-48.03192108, -25.19913491], [-48.03156246, -25.19781218], [-48.03144578, -25.19750059], [-48.03092709, -25.19640747], [-48.03080983, -25.19626729], [-48.03065951, -25.19600523], [-48.03064554, -25.19598889], [-48.03069615, -25.19598278], [-48.03070031, -25.19585648], [-48.03040139, -25.19519703], [-48.03037948, -25.19489924], [-48.0305296, -25.19467863], [-48.03074844, -25.19450517], [-48.03076502, -25.19450019], [-48.03066138, -25.19330836], [-48.03066952, -25.19328063], [-48.03073763, -25.19329887], [-48.03081274, -25.193263], [-48.03085194, -25.193218], [-48.0309336, -25.19307839], [-48.03101971, -25.19290722], [-48.03111218, -25.19269096], [-48.0311708, -25.19258286], [-48.03125233, -25.19248385], [-48.03133311, -25.19242093], [-48.03141381, -25.19238056], [-48.03150863, -25.19238083], [-48.03160337, -25.19240365], [-48.03179872, -25.19254405], [-48.03193831, -25.19267978], [-48.0320873, -25.19278395], [-48.03216464, -25.19282026], [-48.03228787, -25.19284768], [-48.03312346, -25.1929137], [-48.03365439, -25.1931373], [-48.03427026, -25.19307674], [-48.03485119, -25.19335576], [-48.03539266, -25.19360967], [-48.03630047, -25.19362788], [-48.03667663, -25.1935382], [-48.03766819, -25.19395912], [-48.03820859, -25.19392434], [-48.03791016, -25.19372065], [-48.03774642, -25.19357584], [-48.03770201, -25.19351256], [-48.03767141, -25.1933997], [-48.03766312, -25.1932869], [-48.03760893, -25.193183], [-48.03752183, -25.19310155], [-48.03739811, -25.19303354], [-48.03725638, -25.19297901], [-48.03707488, -25.19295595], [-48.03690753, -25.1929645], [-48.03679406, -25.19298222], [-48.03670847, -25.19300002], [-48.03655864, -25.192959], [-48.03651479, -25.19291377], [-48.03645991, -25.19283242], [-48.03635055, -25.19273738], [-48.03619586, -25.19266477], [-48.03598294, -25.19258748], [-48.03579479, -25.19251477], [-48.03566112, -25.19246027], [-48.03552747, -25.19239673], [-48.03542788, -25.19234232], [-48.03520474, -25.19217479], [-48.03557932, -25.19209465], [-48.03592363, -25.19198735], [-48.03608194, -25.1919066], [-48.0361858, -25.19179863], [-48.03626674, -25.19168609], [-48.03631491, -25.1915554], [-48.03632581, -25.19144717], [-48.03628833, -25.19135233], [-48.03620316, -25.19124834], [-48.03607238, -25.19107205], [-48.03598855, -25.19094099], [-48.03591921, -25.1907378], [-48.03593554, -25.19049425], [-48.03596151, -25.19034428], [-48.03604645, -25.19012518], [-48.03615542, -25.18997662], [-48.03630956, -25.18984173], [-48.03642781, -25.1896932], [-48.03658707, -25.18951321], [-48.03667255, -25.18934204], [-48.03673816, -25.18918434], [-48.03675237, -25.18883252], [-48.03682078, -25.18839515], [-48.03688164, -25.18817879], [-48.03689122, -25.18809311], [-48.03686243, -25.18799379], [-48.03674708, -25.18783558], [-48.03634896, -25.18736982], [-48.03608508, -25.18697211], [-48.03599467, -25.18677337], [-48.03592397, -25.18642582], [-48.03593639, -25.18623639], [-48.03617578, -25.18617843], [-48.03626457, -25.18612906], [-48.03633183, -25.18603], [-48.03636438, -25.18593536], [-48.03637535, -25.18580458], [-48.03633123, -25.1856601], [-48.03627094, -25.18552911], [-48.03625764, -25.18543434], [-48.0362944, -25.18537581], [-48.03632299, -25.18534882], [-48.036403, -25.185331], [-48.03648166, -25.18534024], [-48.03657637, -25.18537209], [-48.03670858, -25.18548975], [-48.03681779, -25.18562989], [-48.03701811, -25.18613118], [-48.03708122, -25.18615842], [-48.03714371, -25.18619018], [-48.03719952, -25.1861768], [-48.03723246, -25.18614983], [-48.03732712, -25.18601025], [-48.03738807, -25.18594727], [-48.0374426, -25.18594742], [-48.03748285, -25.18595656], [-48.03752175, -25.18599727], [-48.03751939, -25.18614612], [-48.03754952, -25.18621388], [-48.03766283, -25.18624126], [-48.03779429, -25.18621907], [-48.03783331, -25.18622369], [-48.03788835, -25.18625542], [-48.03791922, -25.1862916], [-48.03791038, -25.18634119], [-48.03780992, -25.18654391], [-48.03779158, -25.18665212], [-48.03781367, -25.18671534], [-48.03786065, -25.18675156], [-48.03792379, -25.18676977], [-48.0380013, -25.18675646], [-48.038442, -25.18673064], [-48.03864576, -25.18676278], [-48.03877139, -25.18681276], [-48.03885662, -25.1868987], [-48.03910204, -25.18726027], [-48.03923494, -25.18735989], [-48.03940131, -25.18745508], [-48.0399636, -25.18757394], [-48.04067315, -25.18776088], [-48.0409574, -25.18771511], [-48.04162359, -25.18713502], [-48.04211726, -25.1869471], [-48.04272554, -25.1865142], [-48.04338694, -25.18613182], [-48.04371764, -25.18594062], [-48.04426682, -25.18570434], [-48.04504044, -25.18517584], [-48.04542903, -25.18483744], [-48.04642111, -25.18426385], [-48.04746631, -25.18374075], [-48.0486249, -25.18302211], [-48.04901705, -25.18253542], [-48.05017682, -25.18176733], [-48.05085523, -25.181442], [-48.05277335, -25.18137054], [-48.05354383, -25.18130046], [-48.05379063, -25.18124699], [-48.05415008, -25.18123895], [-48.05441115, -25.18118101], [-48.05500006, -25.18111042], [-48.05557938, -25.18094508], [-48.05619888, -25.18080691], [-48.05698746, -25.18069626], [-48.05765744, -25.18066198], [-48.0588177, -25.18077787], [-48.05944235, -25.18077051], [-48.05985776, -25.18069945], [-48.06033422, -25.18054971], [-48.0605154, -25.18045311], [-48.0608076, -25.1805396], [-48.06156598, -25.18095663], [-48.06145115, -25.18063153], [-48.06123926, -25.180234], [-48.06090935, -25.1797324], [-48.060713, -25.17951534], [-48.06037308, -25.17885131], [-48.06024247, -25.17842692], [-48.06018573, -25.17776816], [-48.06021025, -25.17708255], [-48.06034421, -25.17623158], [-48.06048782, -25.17633395], [-48.06061047, -25.17653727], [-48.06064724, -25.17666368], [-48.06064278, -25.17689373], [-48.0607559, -25.17717371], [-48.06111396, -25.17758969], [-48.0612178, -25.17863201], [-48.06128464, -25.17884872], [-48.06139674, -25.17906104], [-48.06157135, -25.17929607], [-48.06172397, -25.17943181], [-48.06196954, -25.1795678], [-48.06233065, -25.17961387], [-48.06257072, -25.17953331], [-48.06275338, -25.17938493], [-48.06284049, -25.17927239], [-48.06302965, -25.17883532], [-48.06333736, -25.17756402], [-48.06361852, -25.176843], [-48.06369952, -25.17670338], [-48.06384493, -25.17657294], [-48.06399045, -25.17660491], [-48.06414168, -25.17678575], [-48.06435022, -25.17726447], [-48.06452023, -25.17777467], [-48.06471076, -25.17806839], [-48.06484972, -25.17821311], [-48.06516209, -25.17838986], [-48.06546504, -25.17840871], [-48.06578072, -25.17832383], [-48.06604565, -25.17821627], [-48.06626267, -25.17797776], [-48.06635689, -25.17777501], [-48.06638709, -25.17763073], [-48.06637213, -25.17746379], [-48.06616894, -25.17705726], [-48.06612, -25.17685864], [-48.06624235, -25.17638079], [-48.06667526, -25.17586768], [-48.06681486, -25.17561543], [-48.06689441, -25.17554346], [-48.0669133, -25.17544878], [-48.06704691, -25.17532733], [-48.06720055, -25.17533676], [-48.06733452, -25.17549048], [-48.06747642, -25.17549086], [-48.06764215, -25.17540107], [-48.06777843, -25.17541496], [-48.06784449, -25.17549182], [-48.0678912, -25.17561375], [-48.06781406, -25.17688115], [-48.0675787, -25.17801731], [-48.06758544, -25.17843234], [-48.0676977, -25.17878901], [-48.06792355, -25.17908733], [-48.06834012, -25.17943126], [-48.06860982, -25.17958083], [-48.06932031, -25.17985786], [-48.06973667, -25.179877], [-48.07049368, -25.17955418], [-48.07087607, -25.17953714], [-48.07158173, -25.18017052], [-48.07173581, -25.18023858], [-48.07189938, -25.18024803], [-48.07213309, -25.18021706], [-48.07232672, -25.18012284], [-48.07250256, -25.17996992], [-48.07258804, -25.17977668], [-48.07261709, -25.17963116], [-48.07218448, -25.17865187], [-48.07195136, -25.17810092], [-48.07144672, -25.17738686], [-48.07143718, -25.17726955], [-48.07149017, -25.17716593], [-48.0716297, -25.17713472], [-48.07181229, -25.17719835], [-48.07208232, -25.17724416], [-48.07255938, -25.17726796], [-48.07312869, -25.17771152], [-48.07337197, -25.17778884], [-48.07369599, -25.17780772], [-48.07430447, -25.17761532], [-48.07477013, -25.17732331], [-48.07520063, -25.17728916], [-48.07533098, -25.17709521], [-48.07550633, -25.1767032], [-48.07560617, -25.17627942], [-48.07566017, -25.17585102], [-48.07566196, -25.1754766], [-48.07549038, -25.17486266], [-48.07524023, -25.17440188], [-48.07528417, -25.17422156], [-48.07550863, -25.17417251], [-48.07600744, -25.1741738], [-48.07619469, -25.17413368], [-48.07637967, -25.17403041], [-48.07657274, -25.17371513], [-48.07663793, -25.1734717], [-48.07666632, -25.17311089], [-48.07674612, -25.17295321], [-48.0770346, -25.17264268], [-48.07714199, -25.17238132], [-48.0771636, -25.17220545], [-48.07713772, -25.17195727], [-48.07702073, -25.1717224], [-48.07649421, -25.17126994], [-48.07617859, -25.17094433], [-48.07602413, -25.1704026], [-48.07599841, -25.1701048], [-48.07591028, -25.16975271], [-48.07584992, -25.16903981], [-48.0757819, -25.16879604], [-48.07583944, -25.16862476], [-48.07617981, -25.16856248], [-48.07635473, -25.16849978], [-48.07648887, -25.16840088], [-48.07666491, -25.16818029], [-48.07694452, -25.1677299], [-48.07697066, -25.1672924], [-48.07703004, -25.16712564], [-48.07709598, -25.1670401], [-48.07714925, -25.1670381], [-48.07700093, -25.16672408], [-48.07692393, -25.16637653], [-48.07706005, -25.16584006], [-48.07711382, -25.16548383], [-48.07706342, -25.1649559], [-48.07697979, -25.16474817], [-48.07677547, -25.16450404], [-48.07627675, -25.16408775], [-48.07585748, -25.16382501], [-48.0749958, -25.16337168], [-48.07478038, -25.16330797], [-48.07477492, -25.16307339], [-48.07489959, -25.16283462], [-48.07538596, -25.16223589], [-48.07582463, -25.16184005], [-48.0762175, -25.16142153], [-48.07689077, -25.16049397], [-48.07716311, -25.15998492], [-48.07842723, -25.15972201], [-48.07969655, -25.1597839], [-48.08041411, -25.15975416], [-48.08139121, -25.15954463], [-48.08201042, -25.15946049], [-48.08338635, -25.15909857], [-48.08440202, -25.15903348], [-48.08519065, -25.15906254], [-48.08559186, -25.15915378], [-48.08570369, -25.1592533], [-48.08576399, -25.15939329], [-48.08500686, -25.1604154], [-48.08465502, -25.16099646], [-48.08456863, -25.16108645], [-48.08434799, -25.16151445], [-48.08419413, -25.16198773], [-48.08417187, -25.16258314], [-48.08420513, -25.16284938], [-48.08422002, -25.1634539], [-48.0844847, -25.16341397], [-48.08483234, -25.16339681], [-48.08586595, -25.1635573], [-48.0863091, -25.16350879], [-48.08895373, -25.16261771], [-48.08979687, -25.1624529], [-48.09025549, -25.16240893], [-48.09179499, -25.1624669], [-48.09246671, -25.16243699], [-48.0932323, -25.16229904], [-48.09367826, -25.16214225], [-48.09470068, -25.16148164], [-48.09527148, -25.16121689], [-48.0961919, -25.16089435], [-48.0965634, -25.16076896], [-48.09702628, -25.16054002], [-48.09729151, -25.16031061], [-48.09931873, -25.15779385], [-48.10007376, -25.15681226], [-48.10049639, -25.15636217], [-48.10167463, -25.15556656], [-48.10369326, -25.15467373], [-48.10445168, -25.15421541], [-48.10524608, -25.15352712], [-48.10731964, -25.15161034], [-48.10868477, -25.1506482], [-48.10930772, -25.15010383], [-48.11009369, -25.14909521], [-48.11068841, -25.14845152], [-48.11108275, -25.1479066], [-48.1112605, -25.147492], [-48.11131766, -25.1469959], [-48.11131056, -25.14666206], [-48.11114146, -25.14621958], [-48.11107918, -25.14611567], [-48.11072434, -25.14563664], [-48.1102636, -25.14513932], [-48.10956327, -25.14459181], [-48.10901872, -25.14416195], [-48.10827433, -25.1436414], [-48.10824034, -25.14361425], [-48.10711266, -25.1428221], [-48.10657488, -25.14241881], [-48.1059484, -25.14183536], [-48.10548917, -25.14125683], [-48.10504898, -25.14052496], [-48.10465183, -25.13990597], [-48.10431039, -25.13951268], [-48.10226887, -25.13814086], [-48.10202979, -25.13791472], [-48.10182239, -25.1376616], [-48.10169259, -25.13735001], [-48.10151485, -25.13648794], [-48.10143171, -25.13547271], [-48.10152391, -25.13254065], [-48.10217557, -25.13275425], [-48.1026987, -25.13285927], [-48.10354835, -25.13293801], [-48.10407636, -25.13285808], [-48.10413032, -25.13283566], [-48.10432978, -25.13304817], [-48.10450041, -25.1333779], [-48.10454066, -25.13359904], [-48.10451932, -25.13390575], [-48.10436326, -25.13432041], [-48.10429324, -25.13454129], [-48.10429106, -25.13464956], [-48.10436178, -25.13483017], [-48.10453002, -25.13512832], [-48.10485676, -25.13545842], [-48.10505518, -25.13560777], [-48.10597112, -25.13611973], [-48.10631918, -25.13636417], [-48.10637666, -25.13640942], [-48.10624807, -25.13653092], [-48.10613764, -25.1365893], [-48.10604229, -25.13678756], [-48.10602273, -25.13690932], [-48.10615892, -25.13715776], [-48.10641566, -25.13727567], [-48.10660387, -25.13731221], [-48.10731674, -25.13736353], [-48.10777921, -25.13745937], [-48.10779008, -25.13755413], [-48.10776263, -25.13762173], [-48.10737796, -25.13804487], [-48.10728627, -25.13826119], [-48.10734177, -25.13856357], [-48.10756378, -25.13891146], [-48.1077078, -25.13902459], [-48.10782162, -25.13907899], [-48.10851916, -25.13968955], [-48.10871099, -25.13961191], [-48.10934946, -25.13955316], [-48.10935924, -25.13956035], [-48.10932253, -25.13956849], [-48.10934724, -25.14021493], [-48.10922737, -25.14110522], [-48.10928933, -25.1411847], [-48.10959182, -25.14198841], [-48.10974391, -25.14209253], [-48.10996129, -25.1421156], [-48.11025659, -25.14196743], [-48.11063366, -25.14160292], [-48.11087306, -25.14150875], [-48.11097592, -25.14149997], [-48.11131954, -25.14156845], [-48.11181827, -25.14198917], [-48.11200324, -25.14207983], [-48.1121067, -25.14208007], [-48.11241921, -25.14197705], [-48.11266926, -25.14183779], [-48.11278977, -25.1417253], [-48.11292777, -25.14133766], [-48.11295633, -25.14109864], [-48.11293055, -25.14057979], [-48.11300778, -25.1404311], [-48.11312488, -25.14042687], [-48.1132369, -25.14046322], [-48.11407898, -25.14148924], [-48.11425344, -25.14157085], [-48.11462028, -25.14153562], [-48.11522072, -25.14126184], [-48.11587689, -25.14121375], [-48.11603748, -25.1411645], [-48.11625351, -25.14100712], [-48.116737, -25.14046239], [-48.11692005, -25.14035455], [-48.11705016, -25.14035034], [-48.1171374, -25.14038663], [-48.11726612, -25.14065309], [-48.11738115, -25.14072554], [-48.1175992, -25.14072605], [-48.1178314, -25.14076719], [-48.1179297, -25.14083508], [-48.11786769, -25.14107854], [-48.11760235, -25.14137115], [-48.11748207, -25.14162801], [-48.11749468, -25.14176789], [-48.11756199, -25.14184473], [-48.11795155, -25.14210278], [-48.11800266, -25.14221116], [-48.11799146, -25.14226187], [-48.11801253, -25.14232681], [-48.11917024, -25.14554982], [-48.11779208, -25.1530134], [-48.11715647, -25.15321694], [-48.11688559, -25.15326593], [-48.1164886, -25.15343642], [-48.11548526, -25.15375889], [-48.11499632, -25.1540239], [-48.11400533, -25.15479298], [-48.11353323, -25.15523396], [-48.11287932, -25.15576924], [-48.1112191, -25.15700589], [-48.11035183, -25.15783388], [-48.10968567, -25.15831048], [-48.10900379, -25.15886373], [-48.10879183, -25.15910232], [-48.1086662, -25.15926892], [-48.10841413, -25.15945328], [-48.10767599, -25.16039434], [-48.10686058, -25.16126755], [-48.10638314, -25.16160925], [-48.10572102, -25.16218058], [-48.10470129, -25.16342319], [-48.10441946, -25.16360747], [-48.10334979, -25.16411915], [-48.10292529, -25.1641452], [-48.10188993, -25.16415172], [-48.10122952, -25.16412756], [-48.10067094, -25.16402697], [-48.10025676, -25.16391769], [-48.10015759, -25.16392648], [-48.09861565, -25.16364303], [-48.0974228, -25.16347772], [-48.09654433, -25.16343948], [-48.09544304, -25.16353602], [-48.09495639, -25.16362504], [-48.09465149, -25.16364684], [-48.09435393, -25.16370025], [-48.09390843, -25.16370366], [-48.09304141, -25.16377369], [-48.09219072, -25.16377158], [-48.09180792, -25.16373455], [-48.09147756, -25.16377433], [-48.09111513, -25.1637644], [-48.09095515, -25.16380461], [-48.09050588, -25.16382604], [-48.0902201, -25.16387495], [-48.08973493, -25.16388728], [-48.08940138, -25.16395411], [-48.08905499, -25.16396678], [-48.08829693, -25.16406413], [-48.08791933, -25.16415341], [-48.08724189, -25.1642284], [-48.08674758, -25.16438956], [-48.08587518, -25.16480238], [-48.08533436, -25.16497695], [-48.08507741, -25.16512066], [-48.08418543, -25.16585371], [-48.08417355, -25.16588977], [-48.08400003, -25.16610135], [-48.08379636, -25.1664482], [-48.08368512, -25.16675917], [-48.08364262, -25.16748987], [-48.08377826, -25.16790974], [-48.08383557, -25.16821663], [-48.08393269, -25.1684695], [-48.08397408, -25.16851471], [-48.08412239, -25.1690474], [-48.08418282, -25.16955279], [-48.08416409, -25.17000385], [-48.0838864, -25.17145571], [-48.08378368, -25.17181633], [-48.0837274, -25.17238909], [-48.08360621, -25.17311958], [-48.08363336, -25.17376021], [-48.08374153, -25.17404919], [-48.08380886, -25.17412154], [-48.08395679, -25.17458205], [-48.08394527, -25.17510529], [-48.08390798, -25.17534429], [-48.08385937, -25.17543439], [-48.08384721, -25.17556518], [-48.08364253, -25.1760338], [-48.08342338, -25.17637158], [-48.08331787, -25.17662844], [-48.08314941, -25.17680394], [-48.08341343, -25.17658358], [-48.0837507, -25.17652578], [-48.08401709, -25.17654901], [-48.08428452, -25.17663088], [-48.08450231, -25.1767397], [-48.08538514, -25.17740505], [-48.08571968, -25.17742845], [-48.08610973, -25.1773347], [-48.08656584, -25.1771148], [-48.08712517, -25.17677788], [-48.08764697, -25.17655364], [-48.08829139, -25.17635677], [-48.08902488, -25.17620973], [-48.08951167, -25.17629215], [-48.08983712, -25.17645536], [-48.0906189, -25.17693999], [-48.09122302, -25.17736553], [-48.09159814, -25.17770478], [-48.09194018, -25.17791314], [-48.09220165, -25.17792282], [-48.09234763, -25.17780138], [-48.09243675, -25.17763017], [-48.09251311, -25.17758526], [-48.09281422, -25.17759953], [-48.09359951, -25.17815633], [-48.09478829, -25.17889907], [-48.09524303, -25.17913928], [-48.09582362, -25.17935724], [-48.0961858, -25.17946639], [-48.09630842, -25.17948925], [-48.09653394, -25.17950334], [-48.09702917, -25.17946395], [-48.09747439, -25.1795733], [-48.09766708, -25.17957828], [-48.0978508, -25.17947949], [-48.09809428, -25.17928611], [-48.09824256, -25.17922332], [-48.09884198, -25.1791526], [-48.09962466, -25.17913646], [-48.10007744, -25.17920072], [-48.10047672, -25.17934153], [-48.1016523, -25.17994886], [-48.10181771, -25.17996279], [-48.1019647, -25.17991804], [-48.10221631, -25.17969761], [-48.10259064, -25.17946845], [-48.10272091, -25.17941914], [-48.10309097, -25.17937493], [-48.10368759, -25.17941696], [-48.10430634, -25.17951769], [-48.1054582, -25.17976405], [-48.1056305, -25.17975094], [-48.10574521, -25.17972866], [-48.10601019, -25.17959396], [-48.1061261, -25.17958071], [-48.10706142, -25.17949243], [-48.10717172, -25.179506], [-48.10729239, -25.17956493], [-48.10792911, -25.18031077], [-48.10809048, -25.18043746], [-48.10821679, -25.18047385], [-48.10834694, -25.18046514], [-48.10845061, -25.18040223], [-48.10853203, -25.18031672], [-48.10878577, -25.17999704], [-48.10883559, -25.17991145], [-48.1089076, -25.17986651], [-48.10901178, -25.17983969], [-48.10926584, -25.17984029], [-48.1103809, -25.17996023], [-48.11099651, -25.18007897], [-48.11110049, -25.18011981], [-48.11155572, -25.18041862], [-48.11169746, -25.18047308], [-48.11182133, -25.18049593], [-48.11193472, -25.18050071], [-48.11206802, -25.18047396], [-48.1121884, -25.1804156], [-48.11233613, -25.18033024], [-48.11275164, -25.17999289], [-48.11356515, -25.17959783], [-48.11369223, -25.17958009], [-48.11378763, -25.17958933], [-48.11388917, -25.17962115], [-48.11441273, -25.18029452], [-48.1146582, -25.18048455], [-48.11490953, -25.18057536], [-48.1151617, -25.18058949], [-48.11571913, -25.18046448], [-48.11581452, -25.18047824], [-48.11590862, -25.18051003], [-48.11597108, -25.18055529], [-48.11600066, -25.180614], [-48.11600975, -25.1806862], [-48.11601391, -25.18074936], [-48.11590329, -25.18108292], [-48.11590924, -25.18116864], [-48.11594681, -25.18124993], [-48.11599311, -25.18131319], [-48.1161026, -25.18138111], [-48.11644003, -25.18148565], [-48.11669464, -25.18151331], [-48.11682974, -25.18150912], [-48.11695129, -25.18147331], [-48.11703014, -25.18141936], [-48.11711772, -25.18134739], [-48.11731887, -25.18099149], [-48.11741199, -25.18071202], [-48.11755131, -25.18052739], [-48.11767671, -25.18044649], [-48.11777596, -25.18041063], [-48.11790433, -25.18037484], [-48.11803138, -25.18037062], [-48.11819796, -25.1804071], [-48.1184072, -25.18048427], [-48.11850925, -25.18055217], [-48.118548, -25.18065602], [-48.11857107, -25.18104853], [-48.11860729, -25.18117041], [-48.11869181, -25.18130142], [-48.11876167, -25.18136023], [-48.1187699, -25.18136181], [-48.11873355, -25.18146357], [-48.11303285, -25.18579521], [-48.11074136, -25.18634282], [-48.10740312, -25.18710687], [-48.10170197, -25.18950072], [-48.09745163, -25.18914876], [-48.09319221, -25.18918016], [-48.08110428, -25.17881699], [-48.0811086, -25.17872446], [-48.08090882, -25.17880515], [-48.08076383, -25.17900326], [-48.08066009, -25.17928719], [-48.0804268, -25.17958432], [-48.07951146, -25.18021804], [-48.07942813, -25.18031256], [-48.07927164, -25.18062342], [-48.07921653, -25.18080823], [-48.07894226, -25.18113232], [-48.07811319, -25.18171663], [-48.07779133, -25.18199549], [-48.07699046, -25.18247611], [-48.07674197, -25.18267396], [-48.07660075, -25.18285403], [-48.07645542, -25.1831559], [-48.07635728, -25.1836293], [-48.07626468, -25.18391325], [-48.07597165, -25.18428691], [-48.07542986, -25.18474564], [-48.07523452, -25.18498873], [-48.07517453, -25.18514646], [-48.07507989, -25.18568753], [-48.07478965, -25.18615593], [-48.0744714, -25.18646636], [-48.07411923, -25.18672258], [-48.07338605, -25.18714471], [-48.07267547, -25.18747217], [-48.07239983, -25.18762934], [-48.07219027, -25.18785886], [-48.07197589, -25.18824173], [-48.07177137, -25.1884442], [-48.07164413, -25.18850702], [-48.07146683, -25.18852911], [-48.07065094, -25.18844579], [-48.07031678, -25.18849002], [-48.0699955, -25.18857489], [-48.0697074, -25.18875007], [-48.06935844, -25.18916417], [-48.06905482, -25.18934832], [-48.0687024, -25.18948273], [-48.06847084, -25.18961294], [-48.06805149, -25.18994114], [-48.06766693, -25.19004839], [-48.06748609, -25.1902058], [-48.06743812, -25.19028687], [-48.0673933, -25.19054388], [-48.06743075, -25.19065676], [-48.06753441, -25.19079687], [-48.06783295, -25.19104576], [-48.06790079, -25.19114969], [-48.06790247, -25.19120382], [-48.0677594, -25.19137486], [-48.06709341, -25.1916979], [-48.06704048, -25.19177896], [-48.06702982, -25.1920135], [-48.06727673, -25.1923209], [-48.06731931, -25.19257363], [-48.06719879, -25.19324995], [-48.06722369, -25.19360639], [-48.06730688, -25.19375547], [-48.06749176, -25.19388677], [-48.06779161, -25.19391914], [-48.06820377, -25.19390668], [-48.06833258, -25.19393409], [-48.0684172, -25.19402453], [-48.0686448, -25.19456193], [-48.06864249, -25.19470176], [-48.06851425, -25.19488638], [-48.06831042, -25.19506177], [-48.06815036, -25.19530945], [-48.06811672, -25.19575595], [-48.06856208, -25.19574665], [-48.06940523, -25.19572375], [-48.07024823, -25.19575107], [-48.0707729, -25.19579355], [-48.07118038, -25.19583775], [-48.07201225, -25.19596494], [-48.0728332, -25.19614135], [-48.07363971, -25.19636623], [-48.07442833, -25.19663862], [-48.07519568, -25.19695735], [-48.0757055, -25.1972008], [-48.07603749, -25.19737094], [-48.07675257, -25.19777806], [-48.07743685, -25.19822687], [-48.07808741, -25.19871543], [-48.07830591, -25.19889446], [-48.07876699, -25.19929594], [-48.0793419, -25.19985758], [-48.07952449, -25.20005233], [-48.07962552, -25.20012256], [-48.0802761, -25.20061111], [-48.08077278, -25.20103104], [-48.08094147, -25.20118256], [-48.08134574, -25.20156968], [-48.08206914, -25.20159612], [-48.08290842, -25.20167348], [-48.08374033, -25.20180061], [-48.08456133, -25.20197696], [-48.08536789, -25.20220178], [-48.08615657, -25.20247411], [-48.08725252, -25.2030688], [-48.08962297, -25.20455002], [-48.08804389, -25.20596115], [-48.08683267, -25.20723921], [-48.08617871, -25.20787812], [-48.08524876, -25.20857497], [-48.08459744, -25.20915523], [-48.08400058, -25.20976269], [-48.08341089, -25.21045588], [-48.08299128, -25.21106379], [-48.08254835, -25.21179794], [-48.08210454, -25.21241029], [-48.0815244, -25.21301328], [-48.08118945, -25.21329661], [-48.08135009, -25.21326093], [-48.08224165, -25.21317749], [-48.08315907, -25.21314824], [-48.08413245, -25.21306049], [-48.08572682, -25.21299233], [-48.08713363, -25.21305], [-48.08806001, -25.213129], [-48.08886711, -25.21309945], [-48.0909509, -25.21310915], [-48.09272565, -25.21324437], [-48.0933142, -25.21333604], [-48.09438976, -25.21369505], [-48.0948945, -25.21383162], [-48.09555783, -25.21400016], [-48.09622936, -25.21411909], [-48.09635537, -25.21415924], [-48.09647242, -25.21048611], [-48.09685395, -25.21055368], [-48.09747589, -25.21062389], [-48.0986061, -25.21061329], [-48.09929531, -25.21056561], [-48.09967289, -25.2105559], [-48.09975573, -25.21055736], [-48.1002238, -25.21051959], [-48.10175694, -25.21030078], [-48.10301233, -25.20757625], [-48.10325803, -25.20755931], [-48.10343216, -25.20756875], [-48.10375963, -25.20749285], [-48.10394775, -25.20738053], [-48.10448478, -25.20685405], [-48.10478157, -25.2064578], [-48.10516073, -25.2060798], [-48.10548611, -25.20565655], [-48.10565938, -25.20553517], [-48.10583361, -25.20550853], [-48.10638576, -25.20553691], [-48.1068918, -25.20564638], [-48.10719083, -25.20575987], [-48.10780596, -25.2058696], [-48.10843112, -25.20593875], [-48.10880679, -25.20591258], [-48.10932106, -25.2057469], [-48.10984319, -25.20543688], [-48.11012889, -25.20522555], [-48.11110723, -25.20424448], [-48.11136417, -25.20411879], [-48.11150979, -25.20412815], [-48.11175957, -25.20321671], [-48.11195311, -25.20228792], [-48.1121237, -25.20114705], [-48.11214309, -25.19934273], [-48.11207612, -25.1978314], [-48.11303021, -25.19772539], [-48.11306353, -25.19770616], [-48.11303702, -25.19776482], [-48.11306415, -25.19803304], [-48.11322526, -25.19848], [-48.11339785, -25.1988097], [-48.11356818, -25.19906272], [-48.1138063, -25.19923469], [-48.11416105, -25.19958287], [-48.11437881, -25.19972321], [-48.11455399, -25.1997958], [-48.1152051, -25.19988754], [-48.11608315, -25.20037677], [-48.11640768, -25.20045873], [-48.11657355, -25.2005358], [-48.11763322, -25.20124197], [-48.11797439, -25.20135554], [-48.11823839, -25.20136066], [-48.11843684, -25.20131601], [-48.11854732, -25.20125763], [-48.11910721, -25.20072663], [-48.11934493, -25.20060088], [-48.12026353, -25.20033685], [-48.12053613, -25.20014802], [-48.12066052, -25.19999043], [-48.12069802, -25.19987774], [-48.12061894, -25.1995663], [-48.12083204, -25.19937734], [-48.12092238, -25.19920613], [-48.12092403, -25.19883624], [-48.12102201, -25.19859287], [-48.12145136, -25.19841793], [-48.1217397, -25.19813892], [-48.12178772, -25.19758418], [-48.12193134, -25.19742212], [-48.12212262, -25.19727821], [-48.12243038, -25.19714358], [-48.12260334, -25.19712594], [-48.12297321, -25.19716738], [-48.12317067, -25.19725354], [-48.1234101, -25.19740295], [-48.12382802, -25.19777381], [-48.1241073, -25.19808119], [-48.12442163, -25.19871344], [-48.12472509, -25.19901636], [-48.12490147, -25.19910698], [-48.12522965, -25.19921148], [-48.12577092, -25.19958261], [-48.12610706, -25.19972322], [-48.12645368, -25.19965634], [-48.12682538, -25.19948577], [-48.12698011, -25.19933726], [-48.12706703, -25.19905326], [-48.12708112, -25.1984353], [-48.12700495, -25.19796148], [-48.12703158, -25.19751495], [-48.1271432, -25.19742745], [-48.12718461, -25.1974272], [-48.12744121, -25.1984231], [-48.12754098, -25.19864887], [-48.1276693, -25.19932129], [-48.12766918, -25.20004304], [-48.12757131, -25.20047587], [-48.12732436, -25.20126021], [-48.127264, -25.2018144], [-48.12732502, -25.20216188], [-48.12751619, -25.20251416], [-48.1282078, -25.20344047], [-48.12835178, -25.20359416], [-48.12862824, -25.20403686], [-48.12887186, -25.20491755], [-48.12902215, -25.20617193], [-48.12910989, -25.20650142], [-48.12928437, -25.20683562], [-48.13017136, -25.20726615], [-48.13045358, -25.20741564], [-48.13055361, -25.20755571], [-48.13129179, -25.2082385], [-48.13131124, -25.20838689], [-48.13127754, -25.20847252], [-48.13113871, -25.20870227], [-48.13077762, -25.20906684], [-48.13052391, -25.20914296], [-48.13045511, -25.2091428], [-48.13028483, -25.20908378], [-48.13013151, -25.20893908], [-48.13006962, -25.20890737], [-48.13001322, -25.20890724], [-48.12994129, -25.20892061], [-48.12986929, -25.20895654], [-48.12942635, -25.20956], [-48.12940142, -25.20961408], [-48.12939131, -25.20968172], [-48.12941404, -25.20975845], [-48.12953991, -25.20996624], [-48.12975198, -25.21016068], [-48.12981562, -25.210233], [-48.12982781, -25.21030971], [-48.12982825, -25.21037287], [-48.12981073, -25.21043598], [-48.12955632, -25.21076921], [-48.12946746, -25.21085472], [-48.12931938, -25.21106189], [-48.12928633, -25.21113399], [-48.12928427, -25.21121067], [-48.12932428, -25.21131], [-48.12943671, -25.21145009], [-48.12962262, -25.21168958], [-48.12964529, -25.21178436], [-48.12964128, -25.21189261], [-48.12961566, -25.21196924], [-48.12958197, -25.21205036], [-48.12898206, -25.21248205], [-48.12873901, -25.21273863], [-48.12860264, -25.21296837], [-48.12846333, -25.21336953], [-48.12826843, -25.21369838], [-48.12789352, -25.21412155], [-48.12742006, -25.21454451], [-48.12719784, -25.21489134], [-48.12715474, -25.21501303], [-48.12717737, -25.21512135], [-48.12720632, -25.21518908], [-48.12778389, -25.21568207], [-48.12785187, -25.21575439], [-48.1278814, -25.21583566], [-48.12793606, -25.21647632], [-48.1279161, -25.21674693], [-48.12794924, -25.21732439], [-48.12800993, -25.21756812], [-48.12818003, -25.21792486], [-48.12825845, -25.21826335], [-48.12825745, -25.21862873], [-48.12824011, -25.21884122], [-48.12219275, -25.21870679], [-48.11447435, -25.21852256], [-48.10979325, -25.21888734], [-48.10928793, -25.2191829], [-48.10883661, -25.21942541], [-48.10844882, -25.21962071], [-48.10788647, -25.21988552], [-48.10677573, -25.22031455], [-48.10668826, -25.2203414], [-48.10592908, -25.22053675], [-48.10428672, -25.22088015], [-48.10373929, -25.22097632], [-48.10193663, -25.2212336], [-48.10140799, -25.22129258], [-48.10059394, -25.22135827], [-48.09992616, -25.22137926], [-48.09937866, -25.22141714], [-48.09885897, -25.22143753], [-48.09733285, -25.22145184], [-48.09627404, -25.22139729], [-48.09525286, -25.22128201], [-48.09471385, -25.22120395], [-48.09441048, -25.22115023], [-48.09432131, -25.22022713], [-48.09233443, -25.21850303], [-48.09094654, -25.2174486], [-48.09006897, -25.21741033], [-48.08938126, -25.21730937], [-48.08826679, -25.2171036], [-48.08752768, -25.21698898], [-48.0870338, -25.21694714], [-48.08654536, -25.21695042], [-48.08541902, -25.21698368], [-48.08390626, -25.21710165], [-48.08307391, -25.21707248], [-48.08282594, -25.21708539], [-48.08219899, -25.21718303], [-48.08161188, -25.21722214], [-48.08142963, -25.2172307], [-48.0812597, -25.21726184], [-48.08114799, -25.21730667], [-48.08106847, -25.21736511], [-48.08084835, -25.21759009], [-48.08069685, -25.21767541], [-48.08049331, -25.21775157], [-48.08023163, -25.21778699], [-48.07958768, -25.21776731], [-48.07887717, -25.21782413], [-48.07876687, -25.21781483], [-48.07816484, -25.21766894], [-48.07784294, -25.21753279], [-48.07744849, -25.21740998], [-48.07721491, -25.21737781], [-48.07621121, -25.21743838], [-48.07535756, -25.21748128], [-48.07489514, -25.21748911], [-48.07433678, -25.21745158], [-48.07364977, -25.21732801], [-48.07329224, -25.217291], [-48.07266122, -25.21729838], [-48.07247829, -25.21732497], [-48.07049994, -25.21786112], [-48.0702382, -25.21791457], [-48.07008821, -25.21790967], [-48.06999845, -25.21787335], [-48.06994713, -25.21783262], [-48.0697254, -25.21758394], [-48.06905229, -25.2165943], [-48.06900277, -25.21645515], [-48.068004, -25.21654358], [-48.06780125, -25.21705113], [-48.06765033, -25.21773187], [-48.06750586, -25.21813747], [-48.06722833, -25.21847956], [-48.06686161, -25.21879887], [-48.06649933, -25.2189647], [-48.06608151, -25.21909054], [-48.06543896, -25.21921063], [-48.06511351, -25.21922331], [-48.06474485, -25.21917722], [-48.0643993, -25.21907707], [-48.06395553, -25.21887291], [-48.06367967, -25.21868723], [-48.06357033, -25.21856966], [-48.06351679, -25.21844772], [-48.06350851, -25.21832591], [-48.06356919, -25.21815465], [-48.06369615, -25.21799261], [-48.06375543, -25.21787097], [-48.06377017, -25.21771763], [-48.06373964, -25.21757321], [-48.0636407, -25.21750077], [-48.0635181, -25.21745985], [-48.06330483, -25.21747281], [-48.06309013, -25.21754893], [-48.06290683, -25.21768828], [-48.06281545, -25.21776923], [-48.06280076, -25.21790452], [-48.06281943, -25.21807598], [-48.06289464, -25.21820248], [-48.06288134, -25.21829266], [-48.06283456, -25.21838276], [-48.06275294, -25.21851336], [-48.06257649, -25.21883767], [-48.06232594, -25.21945499], [-48.06210952, -25.22006338], [-48.06193228, -25.22043731], [-48.06168886, -25.22076596], [-48.0613074, -25.22122956], [-48.06068822, -25.22178725], [-48.06022938, -25.22221906], [-48.05959003, -25.22268648], [-48.05936229, -25.22293598], [-48.05927959, -25.22303339], [-48.05908012, -25.22337979], [-48.05890003, -25.22386647], [-48.05874009, -25.22444343], [-48.05864699, -25.22505215], [-48.05864273, -25.22521903], [-48.05859521, -25.22534972], [-48.05847873, -25.22552082], [-48.05781968, -25.22632198], [-48.05771354, -25.22655625], [-48.05769745, -25.22674115], [-48.0577719, -25.22691277], [-48.0578812, -25.22703936], [-48.05804767, -25.22712552], [-48.05824909, -25.22713958], [-48.05854044, -25.22713586], [-48.05878708, -25.22715908], [-48.05907765, -25.22720496], [-48.05938982, -25.22728248], [-48.05963437, -25.22737786], [-48.05984481, -25.22747766], [-48.06003219, -25.22761349], [-48.06018395, -25.22783944], [-48.06030154, -25.22808784], [-48.06038215, -25.22846697], [-48.06038692, -25.22871959], [-48.06030096, -25.22903512], [-48.05995616, -25.22984614], [-48.05988135, -25.23017072], [-48.05993139, -25.23041443], [-48.0599843, -25.23054088], [-48.06008315, -25.23064489], [-48.06143331, -25.23140631], [-48.06158867, -25.2314789], [-48.06165349, -25.23156478], [-48.06162971, -25.23163237], [-48.06157323, -25.23165477], [-48.06151679, -25.23166365], [-48.06141643, -25.23164082], [-48.0612938, -25.23160893], [-48.06088343, -25.23141386], [-48.06009475, -25.23108247], [-48.05981744, -25.23095542], [-48.0597171, -25.2309326], [-48.05966066, -25.23094147], [-48.05962575, -25.23100002], [-48.05962362, -25.23108572], [-48.05973906, -25.23142434], [-48.05995706, -25.23168204], [-48.06023227, -25.23188125], [-48.0605757, -25.23207162], [-48.06087601, -25.23218068], [-48.06117706, -25.23224914], [-48.06140074, -25.23228132], [-48.06159093, -25.23231791], [-48.06181542, -25.23229144], [-48.06198686, -25.23218364], [-48.06214582, -25.23210287], [-48.06226853, -25.23210771], [-48.06236883, -25.23214857], [-48.06238903, -25.23222982], [-48.06239732, -25.23235163], [-48.06236097, -25.23247333], [-48.0622808, -25.23253626], [-48.06219086, -25.23255407], [-48.06172947, -25.23260697], [-48.06102273, -25.23262313], [-48.06076491, -25.23260439], [-48.06031684, -25.23256712], [-48.05999419, -25.23246702], [-48.05967235, -25.23230827], [-48.0594299, -25.23214073], [-48.05911984, -25.23198202], [-48.05889623, -25.23192729], [-48.05858262, -25.23190841], [-48.05844733, -25.23195766], [-48.05818449, -25.23214641], [-48.0579335, -25.23231715], [-48.05776125, -25.23248358], [-48.0576566, -25.23263667], [-48.05759728, -25.23276733], [-48.05756094, -25.23288902], [-48.05754696, -25.23299273], [-48.0575678, -25.23306495], [-48.0579541, -25.23379674], [-48.05842536, -25.2347137], [-48.05862861, -25.23512473], [-48.058857, -25.23542756], [-48.05937168, -25.2359567], [-48.05965583, -25.23626871], [-48.05970942, -25.2363726], [-48.05971844, -25.23646284], [-48.05964939, -25.23653483], [-48.05949187, -25.23655245], [-48.05933432, -25.23657909], [-48.05922213, -25.23657428], [-48.05917825, -25.23653356], [-48.05915671, -25.23648389], [-48.05915884, -25.2364027], [-48.0591311, -25.23616355], [-48.05900092, -25.23596924], [-48.05882537, -25.2358109], [-48.05876961, -25.23580172], [-48.0587013, -25.23584214], [-48.05869982, -25.23591431], [-48.05883119, -25.23650557], [-48.05893261, -25.23682377], [-48.05896024, -25.23693755], [-48.05899239, -25.23726381], [-48.05895938, -25.23769225], [-48.05899892, -25.23792691], [-48.05911652, -25.23817533], [-48.05937911, -25.23844667], [-48.05969962, -25.23863698], [-48.06171882, -25.2395761], [-48.0627201, -25.23993962], [-48.06345526, -25.24015809], [-48.06404766, -25.24024085], [-48.06463033, -25.24026495], [-48.06484429, -25.24023845], [-48.06498024, -25.24018017], [-48.06503881, -25.24009011], [-48.06504102, -25.23997734], [-48.06493597, -25.23967936], [-48.06492008, -25.23941318], [-48.06499773, -25.23897584], [-48.06533775, -25.2379122], [-48.06536789, -25.23759653], [-48.06530422, -25.23734375], [-48.06526057, -25.23723087], [-48.06518767, -25.23715399], [-48.06506575, -25.23709052], [-48.06475113, -25.23699496], [-48.06431801, -25.23693067], [-48.06393821, -25.23686199], [-48.06362601, -25.23678449], [-48.06346019, -25.23668932], [-48.06332788, -25.2365762], [-48.06316489, -25.23636827], [-48.06301164, -25.2362145], [-48.06291201, -25.2361601], [-48.06282522, -25.23615987], [-48.06278794, -25.23618684], [-48.06277469, -25.23625898], [-48.0627851, -25.2362996], [-48.06282898, -25.23634032], [-48.06297037, -25.23651661], [-48.06368437, -25.2371455], [-48.06407852, -25.23757056], [-48.06429517, -25.23786885], [-48.06439943, -25.23822096], [-48.06447039, -25.23851886], [-48.06446106, -25.23891579], [-48.06441007, -25.23915923], [-48.06436468, -25.23919971], [-48.06428527, -25.23921753], [-48.06424136, -25.23918585], [-48.06421008, -25.23908202], [-48.06417409, -25.23870302], [-48.06409201, -25.23839606], [-48.06398619, -25.23813867], [-48.06378078, -25.23781787], [-48.06348552, -25.2374878], [-48.06301537, -25.23698585], [-48.06256752, -25.23648847], [-48.06247985, -25.23637547], [-48.06246031, -25.23628521], [-48.06245195, -25.23618595], [-48.06247269, -25.23609578], [-48.06253438, -25.23599671], [-48.06261024, -25.23592474], [-48.06268908, -25.23589338], [-48.06279508, -25.23589366], [-48.06292888, -25.23592559], [-48.06312822, -25.23601183], [-48.06344939, -25.2361886], [-48.0635148, -25.2362835], [-48.0635454, -25.23640537], [-48.06357743, -25.2364686], [-48.06363245, -25.23651837], [-48.06373212, -25.23656374], [-48.06413415, -25.23665502], [-48.06439137, -25.23666924], [-48.06486173, -25.2367201], [-48.06507362, -25.23676125], [-48.06529593, -25.23683852], [-48.06542825, -25.23694262], [-48.06552642, -25.23706919], [-48.0655995, -25.23728589], [-48.0655888, -25.23772341], [-48.06548812, -25.23819227], [-48.06530588, -25.23876916], [-48.06525274, -25.23910282], [-48.06527687, -25.23950434], [-48.0653387, -25.23974808], [-48.06540354, -25.23982944], [-48.06552547, -25.23989292], [-48.06565995, -25.23990681], [-48.0658405, -25.23986217], [-48.06605588, -25.23978155], [-48.06628105, -25.23973704], [-48.06698845, -25.23972085], [-48.06716828, -25.23970328], [-48.06729305, -25.23965399], [-48.06739556, -25.2395866], [-48.06751135, -25.23943354], [-48.06763215, -25.23926696], [-48.06767002, -25.23924902], [-48.06772024, -25.23924915], [-48.06775802, -25.23925827], [-48.06778954, -25.23928993], [-48.06780121, -25.23932604], [-48.06780173, -25.23935762], [-48.06776923, -25.23943873], [-48.06766388, -25.23961888], [-48.06762685, -25.23976313], [-48.06766933, -25.23985797], [-48.06774738, -25.23987622], [-48.06827283, -25.23995879], [-48.06849723, -25.23996389], [-48.06942981, -25.23990318], [-48.07063288, -25.23978002], [-48.07089355, -25.23968597], [-48.07092922, -25.23958232], [-48.07093486, -25.2393613], [-48.07100674, -25.23917656], [-48.07107512, -25.2391181], [-48.07116718, -25.2390191], [-48.07124667, -25.23897871], [-48.07129269, -25.23892921], [-48.07131785, -25.2388165], [-48.07129976, -25.23865407], [-48.07121558, -25.23841478], [-48.07118711, -25.23820269], [-48.07123455, -25.23809907], [-48.07133785, -25.23797755], [-48.07140615, -25.23794165], [-48.07144329, -25.23795978], [-48.07144646, -25.23793724], [-48.07140148, -25.23785141], [-48.07132416, -25.23779258], [-48.07094671, -25.23757056], [-48.07090044, -25.23749827], [-48.07089261, -25.23742608], [-48.07092085, -25.23731789], [-48.07100791, -25.23723241], [-48.07149479, -25.23695853], [-48.07194398, -25.23664394], [-48.07201784, -25.23661706], [-48.0720836, -25.23660371], [-48.07238369, -25.23658644], [-48.07253415, -25.23664547], [-48.07288494, -25.23687192], [-48.07297974, -25.2368857], [-48.07306716, -25.23688142], [-48.07313975, -25.23686356], [-48.0732118, -25.23681864], [-48.07327783, -25.23671958], [-48.07331966, -25.23662496], [-48.07335227, -25.23650325], [-48.07341781, -25.23616511], [-48.07346107, -25.23600735], [-48.07351022, -25.23595335], [-48.07366365, -25.23585451], [-48.07373496, -25.23585018], [-48.07380551, -25.23588645], [-48.07388339, -25.23595882], [-48.07394567, -25.23606724], [-48.07403779, -25.23614417], [-48.07412571, -25.23618048], [-48.07443379, -25.23618578], [-48.07452249, -25.23616797], [-48.07469956, -25.23604213], [-48.07483765, -25.23589363], [-48.07512816, -25.23537563], [-48.07548565, -25.23504277], [-48.07581256, -25.23497143], [-48.07628498, -25.23495911], [-48.07683347, -25.23500113], [-48.07803559, -25.2351666], [-48.07888772, -25.23545296], [-48.07994268, -25.23569924], [-48.08100156, -25.23588237], [-48.08196016, -25.23601562], [-48.08256539, -25.2361615], [-48.08371529, -25.23638093], [-48.08410015, -25.23641799], [-48.08487334, -25.23656879], [-48.08550603, -25.23665158], [-48.08676669, -25.23674046], [-48.08747847, -25.23670615], [-48.08791079, -25.23663056], [-48.08816006, -25.23660862], [-48.08864773, -25.23647453], [-48.08944328, -25.23620586], [-48.09013416, -25.23590536], [-48.09149439, -25.23524115], [-48.09225701, -25.23478745], [-48.092882, -25.23412591], [-48.09364317, -25.23311286], [-48.09416648, -25.23224808], [-48.09446341, -25.23183383], [-48.09521832, -25.23104178], [-48.09564385, -25.2305286], [-48.09586887, -25.23032165], [-48.09609414, -25.230029], [-48.09642919, -25.22950657], [-48.09715361, -25.22853852], [-48.09747994, -25.2282371], [-48.09768422, -25.22812483], [-48.09790102, -25.22817497], [-48.09813323, -25.22826124], [-48.09839873, -25.22840624], [-48.09879902, -25.22866885], [-48.09924957, -25.22891353], [-48.09952726, -25.22913523], [-48.09976053, -25.22928015], [-48.10059262, -25.23005802], [-48.10153942, -25.23104367], [-48.10214119, -25.23173077], [-48.10228563, -25.23193862], [-48.10303218, -25.23294181], [-48.10377797, -25.2337781], [-48.10429118, -25.23423042], [-48.10547378, -25.23515346], [-48.10624424, -25.23582741], [-48.10676814, -25.23623463], [-48.1071397, -25.23658736], [-48.10735207, -25.2368946], [-48.10802674, -25.23725707], [-48.10900008, -25.23766986], [-48.10969139, -25.23785194], [-48.11037197, -25.23810615], [-48.11105595, -25.23825663], [-48.11193306, -25.23850228], [-48.11218033, -25.23852992], [-48.11262752, -25.23867532], [-48.11305816, -25.2387485], [-48.113528, -25.23877216], [-48.11392548, -25.23873701], [-48.11453035, -25.23858506], [-48.11497934, -25.23852747], [-48.11552662, -25.23856934], [-48.11575953, -25.23863304], [-48.11593968, -25.23872368], [-48.11351357, -25.24233111], [-48.113931, -25.24290947], [-48.11428897, -25.24347867], [-48.11489736, -25.24471603], [-48.11517142, -25.24514068], [-48.11545692, -25.24568715], [-48.11559659, -25.24606637], [-48.11577842, -25.24644119], [-48.11702306, -25.24834287], [-48.11721781, -25.24874991]]]]}}]}