{"type": "FeatureCollection", "features": [{"type": "Feature", "properties": {"name": "Parque Estadual Caverna do Diabo"}, "geometry": {"type": "MultiPolygon", "coordinates": [[[[-48.38838444, -24.81466939], [-48.38847283, -24.81465592], [-48.38867589, -24.81459288], [-48.38878133, -24.81451624], [-48.38888709, -24.81442155], [-48.38911245, -24.81429535], [-48.38991773, -24.81388978], [-48.39060048, -24.81368265], [-48.39089906, -24.81358358], [-48.39133189, -24.81328153], [-48.39161125, -24.81288009], [-48.3918118, -24.81246058], [-48.39191308, -24.8121583], [-48.39195006, -24.8118966], [-48.39192916, -24.81176572], [-48.39183784, -24.81158967], [-48.39146526, -24.81110208], [-48.39139648, -24.81093959], [-48.39136528, -24.81092603], [-48.39139903, -24.81044772], [-48.39151863, -24.81013188], [-48.38854074, -24.80164813], [-48.38726942, -24.80130771], [-48.38670636, -24.80044914], [-48.38725026, -24.79997522], [-48.38785903, -24.79979957], [-48.3881153, -24.79970054], [-48.3890886, -24.79924995], [-48.38940137, -24.79914186], [-48.38962319, -24.79916457], [-48.39016671, -24.79909725], [-48.3905968, -24.79909753], [-48.3905801, -24.79860731], [-48.39117871, -24.79776902], [-48.39085243, -24.79670252], [-48.3893555, -24.79603993], [-48.38876351, -24.79656], [-48.38725337, -24.79653362], [-48.38668215, -24.79645899], [-48.3862898, -24.79534699], [-48.38597298, -24.79553398], [-48.38552232, -24.7957593], [-48.38378602, -24.79562428], [-48.38345982, -24.79455776], [-48.38348653, -24.79328523], [-48.38294579, -24.7913663], [-48.38380347, -24.78925957], [-48.3840977, -24.78930321], [-48.38589338, -24.78947807], [-48.38633468, -24.78969497], [-48.38651469, -24.78983048], [-48.38676408, -24.79011043], [-48.38739982, -24.7909502], [-48.38768077, -24.79118505], [-48.38791298, -24.79132961], [-48.38828051, -24.79148329], [-48.38871125, -24.79178593], [-48.38991376, -24.7928517], [-48.38987417, -24.79251775], [-48.38990306, -24.7923147], [-48.39007759, -24.79197186], [-48.3905652, -24.79148483], [-48.39094192, -24.79096162], [-48.39150729, -24.79059197], [-48.39146816, -24.79063789], [-48.39917816, -24.79313419], [-48.39930081, -24.79281843], [-48.40164854, -24.79169236], [-48.40317636, -24.79087015], [-48.40607615, -24.79113266], [-48.40759299, -24.79084062], [-48.40862738, -24.79138903], [-48.40954797, -24.79182937], [-48.4109596, -24.79100507], [-48.41364238, -24.79052106], [-48.41436802, -24.78915452], [-48.41577739, -24.78843619], [-48.41752865, -24.78804216], [-48.41954083, -24.78627344], [-48.42150905, -24.78662559], [-48.42206793, -24.78769606], [-48.42190574, -24.7899211], [-48.42221477, -24.79183601], [-48.4236942, -24.79334672], [-48.42588393, -24.7942331], [-48.42973512, -24.79345065], [-48.43089692, -24.79347061], [-48.43172543, -24.79274222], [-48.4335929, -24.79234992], [-48.43484392, -24.79233726], [-48.4359297, -24.79235588], [-48.43668997, -24.79283763], [-48.43831407, -24.79356854], [-48.43905462, -24.79404995], [-48.44004097, -24.79410289], [-48.44009711, -24.7932926], [-48.43967723, -24.79258233], [-48.43810828, -24.79205068], [-48.43690544, -24.79100249], [-48.43500835, -24.79010464], [-48.43313623, -24.78895481], [-48.43200809, -24.78708877], [-48.43099167, -24.78563854], [-48.43085133, -24.78229292], [-48.42962183, -24.78103008], [-48.4298192, -24.78073025], [-48.42982099, -24.78026996], [-48.42962955, -24.77948469], [-48.4296661, -24.77929517], [-48.42980965, -24.7788891], [-48.42982338, -24.77861383], [-48.42959663, -24.77801356], [-48.4294516, -24.77770664], [-48.42939336, -24.77741329], [-48.42943593, -24.77693497], [-48.42944806, -24.77557217], [-48.429534, -24.77485921], [-48.42951401, -24.7746832], [-48.42945325, -24.77450719], [-48.42928443, -24.77420928], [-48.4287877, -24.77360888], [-48.42868347, -24.77325234], [-48.42875249, -24.7730132], [-48.42886719, -24.77282823], [-48.42932814, -24.77246703], [-48.42755144, -24.77186646], [-48.42738987, -24.77188444], [-48.42622936, -24.77179367], [-48.42603814, -24.77180261], [-48.42547738, -24.77196932], [-48.42412712, -24.77259145], [-48.42345295, -24.77282128], [-48.42310105, -24.77291588], [-48.42286132, -24.77294736], [-48.42221662, -24.77296059], [-48.41871126, -24.77272424], [-48.41831557, -24.77373487], [-48.41815401, -24.7742402], [-48.41801403, -24.7748358], [-48.41797919, -24.77575185], [-48.41788929, -24.77627076], [-48.41775478, -24.77699722], [-48.41770286, -24.77754774], [-48.41378982, -24.77503219], [-48.4133019, -24.77478374], [-48.41161258, -24.77410594], [-48.41113854, -24.77389359], [-48.41087977, -24.77374454], [-48.41063647, -24.77355939], [-48.41037901, -24.773293], [-48.41003246, -24.77275129], [-48.41015833, -24.77207447], [-48.41022325, -24.77198876], [-48.41030247, -24.77178573], [-48.41041253, -24.77163688], [-48.41032354, -24.77168647], [-48.40983146, -24.77167718], [-48.40832639, -24.77132435], [-48.40788161, -24.77126544], [-48.40776978, -24.77126989], [-48.40756184, -24.77134198], [-48.40717527, -24.77153129], [-48.4069577, -24.77168008], [-48.40681022, -24.77187404], [-48.40666018, -24.77219887], [-48.40653264, -24.77258688], [-48.40630129, -24.77301996], [-48.40564932, -24.77370551], [-48.40526855, -24.77442731], [-48.40501348, -24.77518529], [-48.40366132, -24.77544261], [-48.40148978, -24.77507491], [-48.40142229, -24.77485375], [-48.40151286, -24.77434387], [-48.40151734, -24.77412727], [-48.40144984, -24.77391062], [-48.40113644, -24.7732922], [-48.4005039, -24.77229453], [-48.4003104, -24.77203719], [-48.39993052, -24.77165423], [-48.3997354, -24.77136445], [-48.39971514, -24.77118845], [-48.39979995, -24.77096738], [-48.40006993, -24.77096303], [-48.4002618, -24.770909], [-48.40079267, -24.77067015], [-48.40106423, -24.7706297], [-48.40147075, -24.77062543], [-48.40185167, -24.77056248], [-48.4022642, -24.77035966], [-48.40258365, -24.77030119], [-48.40272214, -24.77015235], [-48.40282237, -24.76994934], [-48.40295023, -24.76954328], [-48.40305726, -24.76934478], [-48.40322758, -24.76917792], [-48.40354989, -24.76899309], [-48.40377482, -24.76892102], [-48.4039985, -24.768867], [-48.4047643, -24.76882231], [-48.40506798, -24.76876834], [-48.40529199, -24.76868273], [-48.40559855, -24.76849337], [-48.4059665, -24.76842589], [-48.40646013, -24.76841264], [-48.40704329, -24.76846712], [-48.40625043, -24.76789808], [-48.40611872, -24.76762273], [-48.40595347, -24.76715332], [-48.40584862, -24.76645379], [-48.40585278, -24.76625073], [-48.40579684, -24.76584456], [-48.40565314, -24.76549248], [-48.40559205, -24.76537963], [-48.40544389, -24.76522612], [-48.40484031, -24.76478804], [-48.4043171, -24.7642778], [-48.4040841, -24.76397983], [-48.40942797, -24.76196119], [-48.41147848, -24.75983683], [-48.41151638, -24.75787302], [-48.41760507, -24.75308639], [-48.42800277, -24.75746805], [-48.42814464, -24.75732012], [-48.42898766, -24.75617652], [-48.42933444, -24.75632559], [-48.43022204, -24.75651549], [-48.43165014, -24.75677332], [-48.43190212, -24.75686369], [-48.43245331, -24.75716626], [-48.43346482, -24.75791578], [-48.43392672, -24.75829504], [-48.43414782, -24.75840794], [-48.43430625, -24.7584396], [-48.43502284, -24.75843989], [-48.43533941, -24.75852575], [-48.43560745, -24.75866123], [-48.43586557, -24.758896], [-48.43646478, -24.75955507], [-48.43670966, -24.75970409], [-48.43737855, -24.76001121], [-48.43770739, -24.76026405], [-48.4379099, -24.76050781], [-48.43804319, -24.76080118], [-48.43839988, -24.76028235], [-48.43943137, -24.75929898], [-48.43961864, -24.75908244], [-48.43971077, -24.75888391], [-48.43972638, -24.75850486], [-48.43959556, -24.75749847], [-48.43956992, -24.75678545], [-48.439606, -24.75622139], [-48.43976856, -24.75529182], [-48.43988237, -24.75359509], [-48.43995672, -24.75309873], [-48.44005783, -24.75279641], [-48.44013028, -24.75239029], [-48.44006431, -24.75209693], [-48.43999984, -24.75195703], [-48.44018074, -24.75147423], [-48.44042798, -24.75108622], [-48.44073809, -24.75032819], [-48.44089429, -24.74984539], [-48.44120296, -24.74952961], [-48.44131116, -24.74931303], [-48.441497, -24.74879414], [-48.44166222, -24.74810374], [-48.444269, -24.74566326], [-48.44406681, -24.74540598], [-48.44353582, -24.7448778], [-48.44323728, -24.7446927], [-48.44284135, -24.74457069], [-48.44228608, -24.74447121], [-48.44112297, -24.74451142], [-48.44024771, -24.74448853], [-48.43992994, -24.74442525], [-48.4393306, -24.74415877], [-48.43874984, -24.74375692], [-48.43835585, -24.74354016], [-48.43796377, -24.74323766], [-48.43777118, -24.74293974], [-48.43772741, -24.74272312], [-48.43774917, -24.7424298], [-48.43790131, -24.74199663], [-48.43832228, -24.74127925], [-48.43861487, -24.74097701], [-48.43895471, -24.7407515], [-48.43935408, -24.74065687], [-48.43970396, -24.74069762], [-48.43985372, -24.74076537], [-48.44021306, -24.74112201], [-48.44042453, -24.74126199], [-48.44074229, -24.74133429], [-48.44098073, -24.74132988], [-48.44114133, -24.74129833], [-48.44146228, -24.74116308], [-48.44172052, -24.7410007], [-48.44222984, -24.74059748], [-48.44252253, -24.74036018], [-48.44279938, -24.74006694], [-48.4430892, -24.73966095], [-48.44339654, -24.73928288], [-48.44061457, -24.73826194], [-48.43416495, -24.73629556], [-48.43381901, -24.7363947], [-48.43322945, -24.73642605], [-48.43275358, -24.73635364], [-48.43211965, -24.73619092], [-48.43142081, -24.73609587], [-48.43100605, -24.73612728], [-48.43052733, -24.73620831], [-48.43028672, -24.7362759], [-48.42929687, -24.73640183], [-48.42894631, -24.7364784], [-48.4305496, -24.73094782], [-48.43197326, -24.73080085], [-48.43565846, -24.73099362], [-48.43880147, -24.73356036], [-48.4448565, -24.73493816], [-48.44581306, -24.73527444], [-48.44893682, -24.7272009], [-48.449483, -24.7260182], [-48.44621765, -24.72488396], [-48.44641263, -24.7214213], [-48.44758925, -24.72109676], [-48.44874051, -24.72089404], [-48.45035908, -24.72036202], [-48.4507426, -24.72031701], [-48.45123327, -24.7203307], [-48.45143429, -24.72036235], [-48.45251927, -24.720656], [-48.4529154, -24.72080504], [-48.45312503, -24.72089535], [-48.45412655, -24.72149585], [-48.45469433, -24.72176225], [-48.455486, -24.72200165], [-48.4557688, -24.72217773], [-48.45614292, -24.72258399], [-48.45647256, -24.72309854], [-48.4566229, -24.72322494], [-48.45672352, -24.72338743], [-48.45706109, -24.72418628], [-48.45778094, -24.72304472], [-48.45823135, -24.7224672], [-48.45839727, -24.72212878], [-48.45842575, -24.72189863], [-48.45835058, -24.72131194], [-48.45837354, -24.72096447], [-48.45840359, -24.72064406], [-48.45838983, -24.7201657], [-48.45831594, -24.71946618], [-48.4583342, -24.71934886], [-48.45855204, -24.71884347], [-48.45858664, -24.71860194], [-48.45859847, -24.718496], [-48.45971017, -24.7184961], [-48.46066822, -24.71843167], [-48.46120609, -24.71876345], [-48.46183587, -24.71978637], [-48.46194396, -24.72076158], [-48.46155569, -24.72203987], [-48.46185237, -24.72317402], [-48.46174909, -24.72476212], [-48.46265027, -24.72516674], [-48.46357882, -24.72562372], [-48.46413752, -24.7261004], [-48.46486037, -24.72689133], [-48.46555167, -24.72783747], [-48.46607725, -24.72854719], [-48.46669227, -24.72905077], [-48.46784709, -24.72956347], [-48.46858049, -24.72983543], [-48.4692555, -24.73018427], [-48.46998471, -24.7306638], [-48.47068552, -24.73114286], [-48.47135267, -24.73188091], [-48.47213977, -24.7323095], [-48.47304044, -24.73230371], [-48.47332397, -24.73210519], [-48.47351981, -24.73185251], [-48.47374753, -24.73124783], [-48.47396994, -24.73085976], [-48.47417856, -24.73001591], [-48.4743043, -24.72966845], [-48.47439543, -24.72955564], [-48.47458226, -24.72949699], [-48.47533108, -24.72971825], [-48.47561518, -24.72984013], [-48.475961, -24.73003422], [-48.47647851, -24.73044045], [-48.47677834, -24.73056234], [-48.47693769, -24.73055785], [-48.47759613, -24.73029168], [-48.47774004, -24.73026011], [-48.47813315, -24.73027823], [-48.47848424, -24.73049941], [-48.4791657, -24.73106809], [-48.47950072, -24.73140209], [-48.47992063, -24.73190306], [-48.4800006, -24.73198429], [-48.4800818, -24.73208359], [-48.48031956, -24.73234987], [-48.4805218, -24.73254394], [-48.48080774, -24.73269742], [-48.48098809, -24.73272452], [-48.48120305, -24.73269746], [-48.48145414, -24.73250344], [-48.48171176, -24.73193485], [-48.48180967, -24.73182655], [-48.48185753, -24.7317995], [-48.48196964, -24.73179048], [-48.48226764, -24.73183112], [-48.48232785, -24.7318582], [-48.48245662, -24.73193944], [-48.48251312, -24.7320252], [-48.48250448, -24.73210644], [-48.48232904, -24.7322463], [-48.48220394, -24.73241326], [-48.48219653, -24.73250804], [-48.48222368, -24.73261182], [-48.48226259, -24.73269307], [-48.48240308, -24.73283297], [-48.48255933, -24.73292325], [-48.48263128, -24.73293228], [-48.4826875, -24.73288716], [-48.48273847, -24.73276532], [-48.48273109, -24.73244942], [-48.48276198, -24.73238173], [-48.48289046, -24.73233211], [-48.48304981, -24.73231858], [-48.48330397, -24.73235923], [-48.48348553, -24.73242242], [-48.48371712, -24.7325804], [-48.48387739, -24.73273836], [-48.48411328, -24.73318965], [-48.48419571, -24.73331152], [-48.48431615, -24.73337922], [-48.48454282, -24.73342888], [-48.48484392, -24.73338377], [-48.48550296, -24.73309501], [-48.48579668, -24.73287844], [-48.48623028, -24.73254001], [-48.48635198, -24.73248586], [-48.48651843, -24.73246331], [-48.48718579, -24.7325491], [-48.48760763, -24.73255817], [-48.48743007, -24.73234606], [-48.48735504, -24.73220615], [-48.48720589, -24.7320527], [-48.48705582, -24.73193987], [-48.48669452, -24.73169164], [-48.48660868, -24.73159236], [-48.48656673, -24.73124487], [-48.48663965, -24.73080713], [-48.48682591, -24.73025208], [-48.48702455, -24.72950748], [-48.48709162, -24.72892532], [-48.48720686, -24.72836123], [-48.48721986, -24.7280995], [-48.48714732, -24.72763016], [-48.48724713, -24.72714729], [-48.48766126, -24.72674569], [-48.48788702, -24.72658326], [-48.48800552, -24.72641049], [-48.48812419, -24.72627188], [-48.48813503, -24.7261365], [-48.48802235, -24.72578449], [-48.48786951, -24.72547761], [-48.48734649, -24.72455243], [-48.48719676, -24.72409664], [-48.48717023, -24.72383489], [-48.48719405, -24.72344227], [-48.48728333, -24.72293684], [-48.48734794, -24.72212454], [-48.48745915, -24.72170937], [-48.48743118, -24.71942792], [-48.48771129, -24.71745538], [-48.48768527, -24.71718301], [-48.48862949, -24.71775169], [-48.48959194, -24.71819853], [-48.49101385, -24.71878077], [-48.49124914, -24.7189252], [-48.49184908, -24.71920953], [-48.49221066, -24.71941714], [-48.49262968, -24.71970147], [-48.49344918, -24.72042806], [-48.49425292, -24.72124943], [-48.49454256, -24.72148863], [-48.49485876, -24.72158791], [-48.49533645, -24.72157439], [-48.49583145, -24.72152477], [-48.49618131, -24.7215654], [-48.49635361, -24.72169176], [-48.49652177, -24.72188686], [-48.49658675, -24.72199411], [-48.49668031, -24.72206632], [-48.49696533, -24.72213853], [-48.49725159, -24.7221566], [-48.49755573, -24.72212049], [-48.49803159, -24.72218367], [-48.49842995, -24.72217917], [-48.49959471, -24.72205281], [-48.50001004, -24.72215209], [-48.50026356, -24.72217917], [-48.50047694, -24.72217467], [-48.50063998, -24.7221521], [-48.50080272, -24.72216564], [-48.50163924, -24.72234163], [-48.50236305, -24.72266203], [-48.50276942, -24.72271167], [-48.50310664, -24.72269361], [-48.50355191, -24.7225898], [-48.50344722, -24.7224499], [-48.50329561, -24.72218817], [-48.50318659, -24.72180007], [-48.50314148, -24.72103739], [-48.50293118, -24.72008972], [-48.50296328, -24.71962941], [-48.50315349, -24.71876744], [-48.50311702, -24.71800929], [-48.50318958, -24.71774302], [-48.50332852, -24.71751738], [-48.50361569, -24.71724208], [-48.5037673, -24.71702096], [-48.50381917, -24.7167908], [-48.50782553, -24.71538265], [-48.50854658, -24.71543039], [-48.50909266, -24.7157108], [-48.50959091, -24.71626174], [-48.51008608, -24.71696769], [-48.5103275, -24.71763065], [-48.51082345, -24.71829784], [-48.51089673, -24.71888049], [-48.51097155, -24.71938564], [-48.51117518, -24.71981541], [-48.51124691, -24.72047555], [-48.51341426, -24.71990867], [-48.51346147, -24.71956118], [-48.51354822, -24.71937614], [-48.5136365, -24.71906024], [-48.51357287, -24.71883461], [-48.51345706, -24.71864958], [-48.51300372, -24.71823444], [-48.51278847, -24.71797722], [-48.51263588, -24.71745375], [-48.51245485, -24.71651509], [-48.51229427, -24.71634361], [-48.51175573, -24.71609545], [-48.5114738, -24.71586079], [-48.51094013, -24.71477323], [-48.5106026, -24.71421367], [-48.51027836, -24.71392035], [-48.50987012, -24.71334273], [-48.50951038, -24.71303587], [-48.50927785, -24.71276511], [-48.51234311, -24.71248348], [-48.51364372, -24.71360358], [-48.51662513, -24.71486128], [-48.51819236, -24.71466755], [-48.51850071, -24.71364884], [-48.51840493, -24.71329686], [-48.51826472, -24.71303965], [-48.51797072, -24.7127012], [-48.517602, -24.71238083], [-48.51750534, -24.71216874], [-48.51724713, -24.71164528], [-48.51714891, -24.71131586], [-48.51709949, -24.71127524], [-48.51704637, -24.71114889], [-48.51690631, -24.7092066], [-48.51687174, -24.70849409], [-48.51776299, -24.70770899], [-48.51444479, -24.70770853], [-48.51444549, -24.70376337], [-48.50881256, -24.70376243], [-48.50881344, -24.69981726], [-48.50318069, -24.69981611], [-48.50318212, -24.69447162], [-48.50594896, -24.69447221], [-48.50595032, -24.68892911], [-48.50871704, -24.68892965], [-48.50871828, -24.68335946], [-48.51140584, -24.68335994], [-48.51140692, -24.67797933], [-48.51637326, -24.67797999], [-48.51636402, -24.67796836], [-48.51637348, -24.6779801], [-48.51953278, -24.67798404], [-48.52139439, -24.67797959], [-48.52326914, -24.6779827], [-48.52919145, -24.67798126], [-48.5291912, -24.6822695], [-48.53218503, -24.68226962], [-48.5321849, -24.68579951], [-48.53465513, -24.68579957], [-48.53465508, -24.68932946], [-48.53712537, -24.68932947], [-48.53712542, -24.70176186], [-48.53730866, -24.70182641], [-48.53784319, -24.70214219], [-48.53807048, -24.70233619], [-48.53836635, -24.70265654], [-48.53890506, -24.70350935], [-48.53904342, -24.70365373], [-48.53941709, -24.70394247], [-48.53983084, -24.70400103], [-48.54044593, -24.70419042], [-48.54106778, -24.70426699], [-48.54168781, -24.70443833], [-48.5421386, -24.70447431], [-48.54235132, -24.70441558], [-48.54255876, -24.70431625], [-48.54329653, -24.70382415], [-48.54355369, -24.70370224], [-48.5437448, -24.70367961], [-48.54404245, -24.70372467], [-48.54437971, -24.70389395], [-48.54592512, -24.70479804], [-48.54742922, -24.70570488], [-48.54755071, -24.70611101], [-48.54789334, -24.70672466], [-48.54799503, -24.70703602], [-48.54807422, -24.70747826], [-48.54815828, -24.70768131], [-48.5484091, -24.7079836], [-48.54861459, -24.70843483], [-48.54884843, -24.70876419], [-48.54904178, -24.70892209], [-48.54928637, -24.70902582], [-48.55018306, -24.70997776], [-48.55086481, -24.71080341], [-48.5511817, -24.71106054], [-48.55153622, -24.71121839], [-48.5517925, -24.71120927], [-48.55198328, -24.71113249], [-48.55217998, -24.71113243], [-48.55252205, -24.71103756], [-48.55273087, -24.71047788], [-48.55297183, -24.70999042], [-48.55308941, -24.70980987], [-48.55328664, -24.70964284], [-48.55346662, -24.70957958], [-48.5536732, -24.70957952], [-48.55389274, -24.70960202], [-48.5543189, -24.70975982], [-48.55508141, -24.71016573], [-48.55544582, -24.71035062], [-48.55588556, -24.7104633], [-48.5563509, -24.71053535], [-48.55673255, -24.71058035], [-48.55706481, -24.7106705], [-48.55735541, -24.71077418], [-48.55776056, -24.71086881], [-48.55856465, -24.7109994], [-48.5592625, -24.71107587], [-48.55966902, -24.71109825], [-48.56008906, -24.71105752], [-48.56041325, -24.7109897], [-48.56061913, -24.71087681], [-48.56073706, -24.71079101], [-48.5608068, -24.71070976], [-48.56085151, -24.71057887], [-48.5608829, -24.7103171], [-48.56086928, -24.71025394], [-48.56087502, -24.70996511], [-48.5609058, -24.70976202], [-48.56094681, -24.70964015], [-48.56105387, -24.70945509], [-48.56174184, -24.70885913], [-48.56216497, -24.7084483], [-48.56232173, -24.70825869], [-48.56263398, -24.70776216], [-48.56299626, -24.70736976], [-48.56323919, -24.70717526], [-48.56335154, -24.707103], [-48.56352007, -24.70700818], [-48.56455828, -24.70668734], [-48.56496454, -24.70654729], [-48.56520932, -24.70640278], [-48.56534664, -24.70623123], [-48.56552378, -24.70605516], [-48.56619551, -24.70515682], [-48.56658866, -24.70474148], [-48.56728638, -24.70396046], [-48.56818499, -24.7030169], [-48.56891487, -24.70237577], [-48.5690571, -24.70218165], [-48.56923662, -24.70183859], [-48.5694032, -24.70155872], [-48.56951547, -24.70133303], [-48.56956077, -24.70116152], [-48.56956318, -24.70104869], [-48.56953843, -24.70094039], [-48.56947137, -24.7008276], [-48.56931351, -24.70064264], [-48.56914542, -24.70039451], [-48.56905483, -24.70011925], [-48.56896853, -24.69981241], [-48.5689029, -24.69947848], [-48.56888515, -24.69915807], [-48.56891532, -24.69898658], [-48.56898839, -24.69879248], [-48.56912691, -24.69859838], [-48.56924969, -24.69839072], [-48.56933168, -24.69813797], [-48.56935945, -24.69807928], [-48.569685, -24.69717204], [-48.56991932, -24.69654918], [-48.5700748, -24.6962693], [-48.57016906, -24.69598442], [-48.57040836, -24.69531693], [-48.57043642, -24.69524923], [-48.57049194, -24.69516345], [-48.5705876, -24.69508218], [-48.57068296, -24.69500993], [-48.57079934, -24.69496024], [-48.57093918, -24.6949331], [-48.57124233, -24.69489235], [-48.57142564, -24.69484716], [-48.57160811, -24.69476132], [-48.57168403, -24.69470262], [-48.57172595, -24.69463042], [-48.5717602, -24.69454463], [-48.57178916, -24.69443631], [-48.57179067, -24.69435507], [-48.57177674, -24.6942919], [-48.57178035, -24.69410686], [-48.57163742, -24.69354282], [-48.5717218, -24.69315016], [-48.57188126, -24.6928748], [-48.57209783, -24.69254525], [-48.57258708, -24.69183199], [-48.57294712, -24.69137602], [-48.57324944, -24.69095168], [-48.57356947, -24.69072588], [-48.57406605, -24.69044586], [-48.57439974, -24.69035996], [-48.57495412, -24.69021079], [-48.57535845, -24.69004361], [-48.5757804, -24.68984047], [-48.57641884, -24.68935264], [-48.57686232, -24.68909519], [-48.57693918, -24.68905906], [-48.57710646, -24.68898678], [-48.5774027, -24.68876551], [-48.57748377, -24.68853981], [-48.57757435, -24.68822388], [-48.5775923, -24.68720392], [-48.57770938, -24.68681126], [-48.57787533, -24.68656747], [-48.5780259, -24.68640944], [-48.57823482, -24.68625591], [-48.57852557, -24.6861655], [-48.57911446, -24.68594409], [-48.5788801, -24.68586296], [-48.57852807, -24.68568713], [-48.57830413, -24.68547964], [-48.57657244, -24.68606236], [-48.5752292, -24.68582125], [-48.57348793, -24.68613284], [-48.57220912, -24.68656513], [-48.57143995, -24.68738078], [-48.56906776, -24.68723031], [-48.56695929, -24.6873395], [-48.56057044, -24.68805503], [-48.55533443, -24.68693633], [-48.55504781, -24.68734394], [-48.55468708, -24.68771863], [-48.55431947, -24.68791732], [-48.55398795, -24.68800769], [-48.55321866, -24.68813431], [-48.55189126, -24.68508397], [-48.54909011, -24.68476513], [-48.55015904, -24.68242638], [-48.55066904, -24.68246232], [-48.55087369, -24.68249696], [-48.55104692, -24.68254795], [-48.55118093, -24.68261109], [-48.55147364, -24.68278249], [-48.55139475, -24.68234476], [-48.55153436, -24.68170388], [-48.55161583, -24.68082382], [-48.55146806, -24.68025071], [-48.55171913, -24.67969103], [-48.55212245, -24.67932084], [-48.5522431, -24.67916735], [-48.55258883, -24.67840911], [-48.55279003, -24.67817432], [-48.5532131, -24.67779058], [-48.55347843, -24.67741141], [-48.55365863, -24.67723534], [-48.55211877, -24.6761232], [-48.55026752, -24.67534265], [-48.548626, -24.67267932], [-48.54803818, -24.67066368], [-48.54731713, -24.66904706], [-48.54731146, -24.66903977], [-48.54711365, -24.66596137], [-48.54712671, -24.66597525], [-48.54729566, -24.66595477], [-48.54783853, -24.66572445], [-48.54795116, -24.66562062], [-48.54813039, -24.66534076], [-48.54817294, -24.6651873], [-48.54812969, -24.66507452], [-48.54802902, -24.66497071], [-48.5478444, -24.66486696], [-48.54777829, -24.66470903], [-48.54789268, -24.6643615], [-48.54810033, -24.66410419], [-48.54845302, -24.66379271], [-48.54870822, -24.66362563], [-48.54905167, -24.66337731], [-48.54923059, -24.66307488], [-48.54939034, -24.66268672], [-48.54952487, -24.66256934], [-48.54985634, -24.66249702], [-48.54999799, -24.66242026], [-48.55044509, -24.66202749], [-48.55066326, -24.66189203], [-48.5509654, -24.66179265], [-48.55159751, -24.66174281], [-48.55188578, -24.66169307], [-48.55205799, -24.6616208], [-48.55230947, -24.66144923], [-48.55272659, -24.66097975], [-48.55330344, -24.66010402], [-48.5538649, -24.65937724], [-48.55405497, -24.65921019], [-48.55487421, -24.65863225], [-48.55513119, -24.65833882], [-48.5553916, -24.65810856], [-48.55561867, -24.65787831], [-48.55587225, -24.65753525], [-48.55599653, -24.65729149], [-48.55602233, -24.65697557], [-48.55612992, -24.65668218], [-48.55644214, -24.65636616], [-48.5566297, -24.65612239], [-48.55671535, -24.65573424], [-48.55669383, -24.65521523], [-48.55673563, -24.654791], [-48.55681799, -24.65467363], [-48.55696918, -24.65456075], [-48.55712781, -24.65452459], [-48.55725836, -24.65452906], [-48.5575158, -24.65459217], [-48.557981, -24.65479057], [-48.55856959, -24.65191276], [-48.55747765, -24.64939238], [-48.55614155, -24.64770228], [-48.55435324, -24.64579624], [-48.55173987, -24.64490356], [-48.55072257, -24.64491665], [-48.54962494, -24.64461199], [-48.54900861, -24.64459205], [-48.54849798, -24.64475818], [-48.54775457, -24.6448546], [-48.5475103, -24.64322901], [-48.54745819, -24.64199014], [-48.54730051, -24.64029618], [-48.5447143, -24.63987034], [-48.54304623, -24.64029643], [-48.54164686, -24.64063972], [-48.54079546, -24.64043887], [-48.53959057, -24.63390621], [-48.54171012, -24.63251481], [-48.54468158, -24.63153646], [-48.5485275, -24.63126489], [-48.55056292, -24.63427644], [-48.55087306, -24.63428536], [-48.55130754, -24.63423557], [-48.55175099, -24.63422642], [-48.55223461, -24.63429849], [-48.55280742, -24.63449686], [-48.55316046, -24.63452834], [-48.55368939, -24.63449658], [-48.5544855, -24.63432933], [-48.5549795, -24.6341667], [-48.55569038, -24.63386859], [-48.55637968, -24.63365172], [-48.55662409, -24.6336381], [-48.55688266, -24.63358836], [-48.55725201, -24.63348443], [-48.55742632, -24.63336252], [-48.55743893, -24.63327675], [-48.55738581, -24.63315494], [-48.5573706, -24.63297893], [-48.55756247, -24.63280283], [-48.5578411, -24.63270345], [-48.55812374, -24.63264016], [-48.55841905, -24.63262651], [-48.55885108, -24.63268017], [-48.55961, -24.63282918], [-48.55981613, -24.63279753], [-48.55990003, -24.63269819], [-48.55997243, -24.63242737], [-48.56006771, -24.63225132], [-48.56019327, -24.63218358], [-48.56037686, -24.6321429], [-48.56053549, -24.63216541], [-48.56067531, -24.63222403], [-48.56098131, -24.63264364], [-48.56122192, -24.63311742], [-48.56139637, -24.63334301], [-48.56152539, -24.63340615], [-48.56225582, -24.63337428], [-48.56236465, -24.63323473], [-48.56252654, -24.63299097], [-48.56256228, -24.63294411], [-48.56258322, -24.63292162], [-48.56262968, -24.63288063], [-48.56272416, -24.63280784], [-48.56293158, -24.6326586], [-48.56310374, -24.63251621], [-48.56318686, -24.63239644], [-48.56321747, -24.63235713], [-48.56342172, -24.63212505], [-48.56346354, -24.63208321], [-48.56374495, -24.63187088], [-48.56431936, -24.6314003], [-48.56506411, -24.63080362], [-48.56632057, -24.62987765], [-48.56694872, -24.62950411], [-48.56750082, -24.62919591], [-48.56802656, -24.62895421], [-48.56837892, -24.628722], [-48.56865957, -24.62846305], [-48.56894404, -24.62813829], [-48.56921057, -24.6277812], [-48.5696583, -24.62716078], [-48.56970503, -24.62710578], [-48.57017382, -24.62664211], [-48.57021038, -24.62661288], [-48.57069531, -24.62625818], [-48.57108805, -24.62595302], [-48.57147621, -24.62549739], [-48.57174511, -24.62512725], [-48.57203278, -24.6246687], [-48.57206283, -24.62463308], [-48.57240177, -24.62427034], [-48.57245619, -24.6242233], [-48.57294269, -24.62386329], [-48.57342183, -24.62357505], [-48.57360134, -24.62346317], [-48.57381274, -24.62333831], [-48.57411811, -24.62306738], [-48.57463213, -24.62262264], [-48.57529146, -24.62188155], [-48.5759981, -24.62118829], [-48.57665101, -24.62057584], [-48.57711812, -24.6200754], [-48.57744453, -24.61971388], [-48.577587, -24.61942496], [-48.57773156, -24.61902548], [-48.57783869, -24.6187633], [-48.57786828, -24.61871083], [-48.57798756, -24.6185506], [-48.57802776, -24.6185044], [-48.57807421, -24.61846341], [-48.57818313, -24.61838638], [-48.57823743, -24.61835446], [-48.57826619, -24.618341], [-48.57829583, -24.61832928], [-48.57835733, -24.6183113], [-48.57848024, -24.618287], [-48.57854439, -24.61828032], [-48.57875843, -24.61827528], [-48.57916575, -24.61829543], [-48.57946931, -24.618247], [-48.57979978, -24.61814366], [-48.58029914, -24.61793516], [-48.58082023, -24.61766509], [-48.58140005, -24.61723673], [-48.58212927, -24.61674168], [-48.58303198, -24.61608677], [-48.58391869, -24.61549589], [-48.5849783, -24.61470417], [-48.58549007, -24.61433518], [-48.58592002, -24.61403232], [-48.58638262, -24.61360926], [-48.58643191, -24.61357114], [-48.58645847, -24.61355438], [-48.58674012, -24.61340831], [-48.58825527, -24.61277537], [-48.58902708, -24.61243581], [-48.58951567, -24.6121829], [-48.58992114, -24.61182079], [-48.59023996, -24.61146296], [-48.59035031, -24.61118831], [-48.58992462, -24.61062149], [-48.58920699, -24.61016], [-48.58602038, -24.60820389], [-48.58446231, -24.60783563], [-48.5844514, -24.60582125], [-48.58427727, -24.60486721], [-48.58162779, -24.60406464], [-48.57819421, -24.6046241], [-48.57680925, -24.6041771], [-48.57630487, -24.60419731], [-48.57564124, -24.60414864], [-48.57514442, -24.60406469], [-48.57472993, -24.60402003], [-48.57352768, -24.60376499], [-48.56854418, -24.6060088], [-48.56808448, -24.60615326], [-48.56758033, -24.60644891], [-48.56707911, -24.60659271], [-48.56657935, -24.60666057], [-48.56611965, -24.60680504], [-48.56566216, -24.60683561], [-48.56532997, -24.60683023], [-48.56475747, -24.60636527], [-48.56443631, -24.60579044], [-48.56423458, -24.60548338], [-48.56370434, -24.60498112], [-48.5635434, -24.60471269], [-48.56283454, -24.60405181], [-48.559409, -24.60133161], [-48.5597984, -24.60070863], [-48.5599855, -24.60032944], [-48.56007844, -24.59981489], [-48.56005697, -24.59938614], [-48.55983372, -24.59893039], [-48.55959984, -24.59816321], [-48.55943125, -24.59786088], [-48.558571, -24.59685925], [-48.55838914, -24.59651179], [-48.55825227, -24.59603795], [-48.55811422, -24.59571756], [-48.55790064, -24.59548294], [-48.55719978, -24.59492354], [-48.5572301, -24.59438645], [-48.55732929, -24.5940434], [-48.5574668, -24.59383574], [-48.55774617, -24.59352423], [-48.55791818, -24.59320372], [-48.55792767, -24.59303221], [-48.55771157, -24.5926622], [-48.55763678, -24.59235081], [-48.55766353, -24.59213416], [-48.5577554, -24.59198972], [-48.55556666, -24.58838886], [-48.55572305, -24.5883211], [-48.55588558, -24.58823529], [-48.55648635, -24.58779278], [-48.55673647, -24.58767083], [-48.55707178, -24.58760753], [-48.55827552, -24.58715483], [-48.558423, -24.58647007], [-48.55798736, -24.58540773], [-48.55752849, -24.58402278], [-48.55607992, -24.58234393], [-48.55503909, -24.5814724], [-48.55597591, -24.58106291], [-48.5579676, -24.57908364], [-48.55794877, -24.57827851], [-48.55837544, -24.57770427], [-48.55844281, -24.57738125], [-48.55826453, -24.5771213], [-48.55803478, -24.57699464], [-48.55779129, -24.57694598], [-48.55746683, -24.57666131], [-48.55725298, -24.57634491], [-48.55701687, -24.57591638], [-48.55679319, -24.57547688], [-48.55648269, -24.57510302], [-48.55380202, -24.5755084], [-48.55087719, -24.57535687], [-48.54883386, -24.57664931], [-48.5474277, -24.57693084], [-48.54708238, -24.577633], [-48.54579609, -24.57668756], [-48.54411168, -24.5740052], [-48.54241015, -24.57334652], [-48.53955154, -24.5720962], [-48.53792902, -24.57095889], [-48.53419486, -24.56950831], [-48.53206551, -24.56998878], [-48.52739039, -24.56607932], [-48.52739626, -24.56607345], [-48.52817004, -24.56396508], [-48.53001879, -24.56098126], [-48.53050048, -24.5599497], [-48.52931326, -24.55914912], [-48.52792138, -24.55790818], [-48.52702375, -24.55713445], [-48.52447768, -24.56137406], [-48.52399006, -24.56341267], [-48.52398886, -24.56346153], [-48.51886141, -24.56145184], [-48.5192624, -24.56026191], [-48.51971521, -24.55901591], [-48.51720231, -24.557426], [-48.51666626, -24.55812906], [-48.51603277, -24.55877645], [-48.51531515, -24.5596928], [-48.5150807, -24.55954466], [-48.51234761, -24.5579935], [-48.51110626, -24.55670418], [-48.51166579, -24.55565161], [-48.51061367, -24.55471372], [-48.50937754, -24.5544191], [-48.50824194, -24.55425942], [-48.50597498, -24.55475456], [-48.50274964, -24.55491815], [-48.50265371, -24.55422308], [-48.50241776, -24.55373564], [-48.50220958, -24.55348289], [-48.50129328, -24.55281492], [-48.50100645, -24.55253959], [-48.50084114, -24.55207471], [-48.50078007, -24.55161435], [-48.5007992, -24.55145186], [-48.50065059, -24.55153623], [-48.49845233, -24.55223235], [-48.49837846, -24.55344679], [-48.49767462, -24.55608262], [-48.4975724, -24.55621363], [-48.49684161, -24.5558915], [-48.49598757, -24.55554575], [-48.49481481, -24.55527759], [-48.49368735, -24.5550102], [-48.4926859, -24.55524218], [-48.49239848, -24.5560248], [-48.49215468, -24.55689104], [-48.4919183, -24.55738443], [-48.48990709, -24.55826265], [-48.48921031, -24.55912133], [-48.48821708, -24.558939], [-48.48773286, -24.5582264], [-48.48706746, -24.55751078], [-48.48644654, -24.55683735], [-48.48555302, -24.5562008], [-48.48480447, -24.55511079], [-48.48424072, -24.55405409], [-48.48370422, -24.55285473], [-48.48343317, -24.55250266], [-48.48267021, -24.55206027], [-48.48238557, -24.55197899], [-48.48156737, -24.55183899], [-48.48133237, -24.55174418], [-48.48107674, -24.55146431], [-48.4807206, -24.55096328], [-48.47965026, -24.55000631], [-48.47918129, -24.54917126], [-48.47836509, -24.54825041], [-48.47734681, -24.54764689], [-48.47591091, -24.54675871], [-48.47231011, -24.54739522], [-48.47055804, -24.55008977], [-48.47080942, -24.55035702], [-48.47192198, -24.55117867], [-48.46847904, -24.55195887], [-48.46643781, -24.55262194], [-48.46649301, -24.55269867], [-48.46668592, -24.5533396], [-48.46709035, -24.55419273], [-48.4675528, -24.55493753], [-48.4676203, -24.55511357], [-48.4677506, -24.55575901], [-48.46802933, -24.55612466], [-48.46823253, -24.55631877], [-48.46922703, -24.55707721], [-48.47025965, -24.55833666], [-48.46980113, -24.55880946], [-48.46928567, -24.55866648], [-48.46739014, -24.55798672], [-48.46704661, -24.55788613], [-48.4665329, -24.55765626], [-48.46587223, -24.55743182], [-48.46523619, -24.55727099], [-48.46477351, -24.55708148], [-48.46429499, -24.55682059], [-48.46381377, -24.55669397], [-48.46339989, -24.5566554], [-48.46294204, -24.55665559], [-48.46224863, -24.55677033], [-48.46195263, -24.55688386], [-48.45591386, -24.55732717], [-48.45564317, -24.55722304], [-48.45399824, -24.55839134], [-48.45340083, -24.55972305], [-48.45241412, -24.56015351], [-48.4516643, -24.56096085], [-48.45155569, -24.56230081], [-48.4516915, -24.5636448], [-48.45290015, -24.56433604], [-48.45344638, -24.56553806], [-48.45333016, -24.56725052], [-48.4533019, -24.56891439], [-48.45383347, -24.56975968], [-48.45495637, -24.57015824], [-48.45420502, -24.57205978], [-48.45340148, -24.57273545], [-48.45273658, -24.57361195], [-48.45165174, -24.5732986], [-48.45102613, -24.57235499], [-48.45129178, -24.57131577], [-48.45074706, -24.57003946], [-48.45056385, -24.568653], [-48.44894839, -24.56843449], [-48.44911892, -24.56993736], [-48.44808113, -24.5712632], [-48.44720415, -24.57191746], [-48.44624745, -24.57085769], [-48.44624895, -24.57085121], [-48.44641088, -24.57058443], [-48.44649518, -24.57032268], [-48.44654896, -24.57004739], [-48.44655335, -24.56984428], [-48.44649565, -24.56913115], [-48.44649989, -24.56853539], [-48.44657208, -24.56769141], [-48.44704009, -24.56583657], [-48.44708328, -24.56502868], [-48.44665833, -24.56411864], [-48.4452451, -24.56423804], [-48.44421005, -24.56503288], [-48.44300126, -24.56795133], [-48.44254021, -24.56878212], [-48.4412042, -24.56770312], [-48.43971106, -24.5676159], [-48.43873486, -24.56752484], [-48.43742215, -24.56794965], [-48.43699345, -24.56898597], [-48.43696971, -24.57015253], [-48.43706559, -24.57046517], [-48.43725464, -24.57073527], [-48.43807214, -24.57119398], [-48.43881536, -24.57171814], [-48.44013616, -24.57254123], [-48.44119544, -24.57307076], [-48.44153218, -24.5732544], [-48.44229929, -24.57385141], [-48.44248564, -24.57420467], [-48.44292008, -24.57436773], [-48.44359673, -24.57457938], [-48.44422656, -24.57470127], [-48.44471098, -24.57479846], [-48.4452179, -24.57498498], [-48.44562623, -24.57523655], [-48.44576353, -24.57566143], [-48.44624209, -24.57604763], [-48.44659954, -24.57640953], [-48.44702678, -24.5769283], [-48.44745267, -24.57751376], [-48.44792718, -24.57810004], [-48.44853048, -24.57833266], [-48.4491941, -24.57798807], [-48.44975892, -24.5774299], [-48.45031655, -24.57722245], [-48.45098088, -24.57706939], [-48.45244726, -24.57706134], [-48.45382065, -24.57738692], [-48.45454761, -24.5774057], [-48.4548771, -24.57739164], [-48.45605808, -24.57728015], [-48.45703201, -24.5767445], [-48.45722812, -24.57664265], [-48.45819342, -24.57653407], [-48.45923565, -24.57688687], [-48.45968803, -24.57690765], [-48.46019097, -24.57691613], [-48.46076789, -24.5768207], [-48.46188923, -24.5763339], [-48.46224057, -24.57615808], [-48.46314375, -24.57571894], [-48.4634445, -24.5755877], [-48.46399085, -24.57559691], [-48.46443695, -24.57564986], [-48.46547723, -24.57580368], [-48.46592425, -24.57581121], [-48.4664191, -24.57591041], [-48.46671437, -24.57605168], [-48.46735914, -24.57610797], [-48.46775649, -24.57611465], [-48.46820167, -24.57621301], [-48.46860359, -24.57599259], [-48.46910027, -24.57600094], [-48.46955094, -24.57582677], [-48.46999978, -24.57574344], [-48.47055252, -24.57543468], [-48.47110251, -24.57526217], [-48.47145384, -24.57508633], [-48.47185574, -24.5748659], [-48.47261079, -24.57437878], [-48.47336128, -24.57411876], [-48.47381376, -24.57385374], [-48.47431681, -24.57354412], [-48.47440407, -24.57315248], [-48.4747519, -24.57265222], [-48.47542962, -24.57111242], [-48.47604425, -24.57020912], [-48.47656515, -24.56967889], [-48.47719, -24.56934101], [-48.47802105, -24.56947324], [-48.47922322, -24.57045298], [-48.48066809, -24.57079923], [-48.4813707, -24.57124478], [-48.48227045, -24.57153588], [-48.48319943, -24.5716028], [-48.48429211, -24.57162106], [-48.48538325, -24.57185738], [-48.48707828, -24.57263497], [-48.48839445, -24.57403064], [-48.48913498, -24.5747397], [-48.48982483, -24.5757118], [-48.48991058, -24.57639478], [-48.49019773, -24.57694481], [-48.4902853, -24.57753694], [-48.49057336, -24.57804154], [-48.49110434, -24.57882281], [-48.49198664, -24.57942819], [-48.49286714, -24.5801244], [-48.4942653, -24.58131248], [-48.49439999, -24.58140674], [-48.49509514, -24.58187183], [-48.49616797, -24.58250095], [-48.49698947, -24.5827578], [-48.49795637, -24.58437763], [-48.49940395, -24.58532188], [-48.49973424, -24.58642502], [-48.5000526, -24.58682352], [-48.50022379, -24.58886618], [-48.50066361, -24.58899362], [-48.50076426, -24.5890738], [-48.5012954, -24.58957696], [-48.5020405, -24.59021145], [-48.50286971, -24.59061373], [-48.50379947, -24.59101727], [-48.50479167, -24.59125938], [-48.50569398, -24.59155414], [-48.50726103, -24.59167939], [-48.50885966, -24.59170586], [-48.51047838, -24.5917146], [-48.51191913, -24.59173843], [-48.51321078, -24.59181393], [-48.51416763, -24.5918478], [-48.51473279, -24.59172174], [-48.51509392, -24.59142985], [-48.51546795, -24.59098472], [-48.5158434, -24.59046741], [-48.51631824, -24.58991564], [-48.51675618, -24.58973332], [-48.51715232, -24.58966765], [-48.51757593, -24.58971074], [-48.51802666, -24.58988064], [-48.51843435, -24.59023035], [-48.51888854, -24.59072525], [-48.51927544, -24.59112877], [-48.51985614, -24.59171601], [-48.52028287, -24.59210213], [-48.52082713, -24.59253532], [-48.52133317, -24.5929047], [-48.52184259, -24.59310264], [-48.52260102, -24.59318733], [-48.52395227, -24.59324568], [-48.52461203, -24.59332874], [-48.52531002, -24.59347561], [-48.52566191, -24.5936529], [-48.52588409, -24.59390025], [-48.52603577, -24.59421866], [-48.52602654, -24.59468786], [-48.52590102, -24.59504684], [-48.52578519, -24.595415], [-48.52558001, -24.59580877], [-48.52529855, -24.5960659], [-48.52494764, -24.59633993], [-48.52465364, -24.59673224], [-48.52452758, -24.59711829], [-48.524429, -24.5976131], [-48.52444217, -24.59794728], [-48.52458576, -24.59817529], [-48.52492566, -24.59846069], [-48.52510766, -24.59874349], [-48.52523978, -24.59905255], [-48.52528043, -24.5994955], [-48.52522462, -24.60032497], [-48.52516561, -24.60131687], [-48.52505502, -24.60191979], [-48.52479515, -24.60258344], [-48.52453688, -24.60316588], [-48.52427435, -24.60396488], [-48.52407556, -24.60503571], [-48.52413682, -24.60543386], [-48.52417069, -24.60548413], [-48.52430879, -24.6061087], [-48.5281461, -24.60871433], [-48.52983957, -24.60859308], [-48.53110691, -24.60890376], [-48.52898261, -24.60989169], [-48.52793173, -24.60988983], [-48.52677231, -24.61019193], [-48.52606728, -24.61098323], [-48.52581033, -24.61169838], [-48.52524307, -24.61264403], [-48.52476787, -24.61353064], [-48.52432449, -24.61393429], [-48.52305756, -24.6146136], [-48.52239698, -24.61547771], [-48.52187012, -24.6163235], [-48.52152321, -24.61752957], [-48.52131231, -24.61855497], [-48.52079366, -24.61983596], [-48.51930707, -24.62038266], [-48.518338, -24.62036667], [-48.51701498, -24.62019463], [-48.51522192, -24.62016441], [-48.51453173, -24.62066568], [-48.51423709, -24.62194805], [-48.51359838, -24.62329452], [-48.51240044, -24.62529832], [-48.51042043, -24.62641438], [-48.50977122, -24.62686983], [-48.50896054, -24.62746836], [-48.5085525, -24.62840819], [-48.50824627, -24.62938324], [-48.50921572, -24.63051785], [-48.50982739, -24.63124996], [-48.51029686, -24.63174754], [-48.51165456, -24.63235066], [-48.5119672, -24.63342398], [-48.51172719, -24.63418144], [-48.51126226, -24.63488971], [-48.51083433, -24.6354257], [-48.51071592, -24.63623475], [-48.51047167, -24.63704924], [-48.5101123, -24.63800383], [-48.50937354, -24.63923126], [-48.50880122, -24.64010531], [-48.50817703, -24.64095983], [-48.50751221, -24.6415906], [-48.50694792, -24.64300523], [-48.50612069, -24.64408103], [-48.50577571, -24.6456328], [-48.50580477, -24.64645293], [-48.50568774, -24.64790473], [-48.50512684, -24.64954353], [-48.50509184, -24.65030666], [-48.5052816, -24.6513284], [-48.50556231, -24.65229443], [-48.50610015, -24.65318047], [-48.50628678, -24.65370897], [-48.50628453, -24.65431696], [-48.50621845, -24.65455506], [-48.50594403, -24.65521882], [-48.50570956, -24.65546612], [-48.50560625, -24.65562136], [-48.50542666, -24.65578634], [-48.50527581, -24.65583677], [-48.5051493, -24.65585865], [-48.50501921, -24.65590643], [-48.50494164, -24.65597602], [-48.50486369, -24.65606594], [-48.50436428, -24.65659496], [-48.50407361, -24.65753153], [-48.50405285, -24.65860896], [-48.5038007, -24.66120669], [-48.50393733, -24.66225497], [-48.50403831, -24.66340885], [-48.50427281, -24.66398685], [-48.5044895, -24.66410521], [-48.50532287, -24.66393586], [-48.50712233, -24.66363815], [-48.50616328, -24.66464136], [-48.50534495, -24.66779028], [-48.50533113, -24.66798862], [-48.50513203, -24.66806654], [-48.50503257, -24.668101], [-48.50490367, -24.66812593], [-48.50480421, -24.66816038], [-48.504636, -24.66817564], [-48.50427999, -24.6681968], [-48.5041913, -24.6681863], [-48.50400316, -24.66821025], [-48.50385523, -24.66819876], [-48.50374715, -24.66816989], [-48.50362902, -24.66814987], [-48.50350084, -24.66813872], [-48.50342221, -24.66811935], [-48.503324, -24.66809065], [-48.50322562, -24.66807096], [-48.50312688, -24.66806931], [-48.50300875, -24.6680493], [-48.50293964, -24.66804815], [-48.50284161, -24.66801042], [-48.50268435, -24.6679717], [-48.50208975, -24.66807012], [-48.50201022, -24.66809587], [-48.50187952, -24.66821103], [-48.50174828, -24.66835326], [-48.50165725, -24.66846006], [-48.50150483, -24.66867414], [-48.50138328, -24.66882556], [-48.50120195, -24.66900306], [-48.500991, -24.66918006], [-48.50066084, -24.66939119], [-48.50056643, -24.66943237], [-48.5003822, -24.66949486], [-48.50023373, -24.66951044], [-48.50012475, -24.66952668], [-48.49987808, -24.66951354], [-48.49945295, -24.66953354], [-48.49904991, -24.66943657], [-48.49871509, -24.66938586], [-48.49849858, -24.66934615], [-48.49819429, -24.66925082], [-48.49793954, -24.66914729], [-48.49767474, -24.66905262], [-48.49744011, -24.66893137], [-48.49716616, -24.66880044], [-48.49672669, -24.66854942], [-48.49650085, -24.66848247], [-48.49602782, -24.66835695], [-48.49572458, -24.66827998], [-48.49549784, -24.66825815], [-48.49511204, -24.66828782], [-48.49488421, -24.66832012], [-48.49450684, -24.66842213], [-48.49421923, -24.66848051], [-48.49399966, -24.66859418], [-48.49383969, -24.6686908], [-48.49371867, -24.66881514], [-48.49357791, -24.66893915], [-48.49347629, -24.66908187], [-48.49340356, -24.66926117], [-48.49336961, -24.66947722], [-48.49331735, -24.66962076], [-48.4933006, -24.66992066], [-48.49332735, -24.67010832], [-48.49331297, -24.67033373], [-48.49330738, -24.67061344], [-48.49328384, -24.67080259], [-48.493191, -24.67099961], [-48.49311918, -24.67113379], [-48.49299672, -24.67133032], [-48.49289527, -24.67146401], [-48.49276401, -24.67160623], [-48.49263294, -24.67173943], [-48.49246111, -24.67193513], [-48.49226881, -24.67216659], [-48.49212695, -24.67234473], [-48.49201418, -24.67255044], [-48.49187125, -24.67278272], [-48.49181863, -24.67294431], [-48.49174626, -24.67310557], [-48.4916728, -24.67332096], [-48.49162054, -24.6734645], [-48.49155804, -24.67362592], [-48.49146502, -24.67383196], [-48.49144202, -24.67399404], [-48.49140951, -24.67413791], [-48.49141631, -24.67429146], [-48.49148219, -24.67445502], [-48.49152903, -24.67458217], [-48.49159526, -24.67472769], [-48.4916807, -24.67490061], [-48.49174784, -24.67500101], [-48.4917954, -24.67509207], [-48.49182358, -24.67516474], [-48.49176126, -24.67531714], [-48.49167059, -24.67540588], [-48.49155155, -24.67543097], [-48.491423, -24.67543785], [-48.49128548, -24.67539945], [-48.49113863, -24.67533381], [-48.49102068, -24.67530476], [-48.49094168, -24.67530344], [-48.4908519, -24.67534707], [-48.4907316, -24.67543532], [-48.4905305, -24.67561247], [-48.49039942, -24.67574567], [-48.49027804, -24.67588805], [-48.49016707, -24.67600353], [-48.49004568, -24.67614591], [-48.48997475, -24.67623499], [-48.48989449, -24.67629682], [-48.48966484, -24.67641935], [-48.48938619, -24.676523], [-48.48926643, -24.67658417], [-48.48909549, -24.67673475], [-48.48892472, -24.67687631], [-48.48868339, -24.67708889], [-48.4884118, -24.6773345], [-48.48826832, -24.677382], [-48.48812291, -24.6774053], [-48.48801726, -24.67741865], [-48.48784041, -24.67737741], [-48.48770647, -24.67728831], [-48.48752724, -24.67720821], [-48.48742335, -24.6771512], [-48.48733048, -24.67710748], [-48.4871757, -24.6770814], [-48.4870604, -24.6771139], [-48.48692851, -24.67715506], [-48.48679279, -24.67727664], [-48.48671277, -24.67743356], [-48.48656075, -24.67775295], [-48.4864899, -24.67801639], [-48.48642287, -24.67819941], [-48.48638233, -24.6782861], [-48.48634623, -24.67839015], [-48.48632613, -24.67852808], [-48.48627826, -24.67869562], [-48.48627278, -24.67882355], [-48.48627437, -24.67893915], [-48.48621094, -24.67909887], [-48.48616691, -24.67917456], [-48.48605749, -24.67925691], [-48.48592704, -24.67931909], [-48.48584456, -24.67931974], [-48.48577682, -24.67927613], [-48.48573287, -24.67918872], [-48.48562852, -24.6791171], [-48.48551971, -24.6790281], [-48.48543244, -24.67896248], [-48.48528301, -24.67898301], [-48.48501288, -24.67900086], [-48.48487801, -24.67902282], [-48.48461217, -24.67913275], [-48.48428037, -24.67921983], [-48.48402923, -24.67932924], [-48.48382721, -24.67936669], [-48.48346912, -24.67938111], [-48.4832708, -24.67923485], [-48.48303996, -24.67903701], [-48.48289916, -24.67881004], [-48.4828362, -24.6786048], [-48.48281523, -24.67847462], [-48.48270298, -24.67835177], [-48.48261712, -24.67815543], [-48.48251898, -24.67801938], [-48.48242869, -24.67794596], [-48.48233279, -24.67789446], [-48.4821557, -24.6778989], [-48.48199839, -24.67785678], [-48.48188327, -24.67783219], [-48.48170384, -24.67778635], [-48.48158121, -24.677748], [-48.48150136, -24.67770751], [-48.48140882, -24.67770127], [-48.48126157, -24.67765462], [-48.48112955, -24.67756689], [-48.48107891, -24.67751781], [-48.48103178, -24.6774683], [-48.48097521, -24.6773808], [-48.48085192, -24.67724464], [-48.4812101, -24.67724995], [-48.48134922, -24.67717362], [-48.48143506, -24.67707792], [-48.48150175, -24.67699769], [-48.48152293, -24.67683185], [-48.48143902, -24.67664827], [-48.48131333, -24.67647324], [-48.48125497, -24.67632721], [-48.48121944, -24.67627132], [-48.48118622, -24.67612538], [-48.48124805, -24.67599028], [-48.48135183, -24.67580093], [-48.48154455, -24.67564112], [-48.48161124, -24.67556089], [-48.48186475, -24.67528242], [-48.48201351, -24.67503515], [-48.48229753, -24.67466306], [-48.48245622, -24.67430516], [-48.48259078, -24.67409394], [-48.48266936, -24.6739159], [-48.48273672, -24.67364134], [-48.48265769, -24.67336079], [-48.4824873, -24.6731636], [-48.48233909, -24.67294725], [-48.48218048, -24.67283834], [-48.4821019, -24.67271276], [-48.48206917, -24.67256997], [-48.4820805, -24.67235143], [-48.4821285, -24.67184583], [-48.48218087, -24.67139189], [-48.48215772, -24.67124133], [-48.48210727, -24.67098321], [-48.48186615, -24.67055975], [-48.48172015, -24.67028753], [-48.48162317, -24.67008914], [-48.48157533, -24.66995312], [-48.4814596, -24.66979625], [-48.48133668, -24.66968604], [-48.48126093, -24.66961395], [-48.4809527, -24.66938502], [-48.4807192, -24.66922178], [-48.48053895, -24.66908938], [-48.48035928, -24.66893731], [-48.48016446, -24.66882333], [-48.48001839, -24.66876324], [-48.47988225, -24.66873213], [-48.47977844, -24.66866315], [-48.47968418, -24.66864235], [-48.47952604, -24.66865891], [-48.47935643, -24.66872331], [-48.47924991, -24.66878876], [-48.4790608, -24.66877598], [-48.47888337, -24.66870576], [-48.47871646, -24.66863571], [-48.47831191, -24.66835033], [-48.47819797, -24.66826196], [-48.47799015, -24.66813359], [-48.47782459, -24.66799632], [-48.47762768, -24.66784891], [-48.47739689, -24.66781621], [-48.47698936, -24.66754688], [-48.47674102, -24.66734098], [-48.47660605, -24.66725225], [-48.47644888, -24.66722079], [-48.47628275, -24.66711233], [-48.47608525, -24.66699373], [-48.47575433, -24.66670959], [-48.47528006, -24.6662309], [-48.47508257, -24.6661123], [-48.4748325, -24.66599282], [-48.47431249, -24.66569589], [-48.47398192, -24.66547036], [-48.47354121, -24.66524932], [-48.47328021, -24.66507063], [-48.47303621, -24.66487275], [-48.47275747, -24.66470595], [-48.47258599, -24.66462382], [-48.47212411, -24.66443436], [-48.47181882, -24.66434167], [-48.47097295, -24.66415133], [-48.47065244, -24.66404404], [-48.47047495, -24.66397027], [-48.46994927, -24.66368875], [-48.469721, -24.66361054], [-48.46951398, -24.66356688], [-48.46914947, -24.66354017], [-48.46902764, -24.66350318], [-48.46890145, -24.66343833], [-48.46864521, -24.66327397], [-48.46836631, -24.66308677], [-48.46801018, -24.6628266], [-48.46774408, -24.66267067], [-48.46764672, -24.66262544], [-48.46750722, -24.66257904], [-48.46733728, -24.66254242], [-48.46708651, -24.66251309], [-48.46696487, -24.66251166], [-48.46679478, -24.66252667], [-48.46659477, -24.66257538], [-48.46646327, -24.66264653], [-48.46636944, -24.66275336], [-48.46634017, -24.66281984], [-48.46628749, -24.66305135], [-48.46621485, -24.66318056], [-48.46614757, -24.66321957], [-48.46611055, -24.66321904], [-48.46605979, -24.66319923], [-48.46584857, -24.66304548], [-48.46496381, -24.66229342], [-48.46480963, -24.66212782], [-48.46476003, -24.66203067], [-48.46465831, -24.66165952], [-48.46462096, -24.6613716], [-48.46459143, -24.66125983], [-48.4645506, -24.66116916], [-48.46450919, -24.66111151], [-48.46445415, -24.66105958], [-48.46439068, -24.66102322], [-48.46432085, -24.66101363], [-48.46420488, -24.66103405], [-48.46331003, -24.66135776], [-48.46316005, -24.66137943], [-48.46289926, -24.66136763], [-48.46278071, -24.66137474], [-48.46241812, -24.66148242], [-48.46175126, -24.6616477], [-48.46144035, -24.66174551], [-48.46124239, -24.6618401], [-48.46107518, -24.66193764], [-48.4610025, -24.66195185], [-48.46094628, -24.66192805], [-48.46081042, -24.6617651], [-48.46044608, -24.66102298], [-48.46036277, -24.66090378], [-48.4602291, -24.66076451], [-48.46014408, -24.66065594], [-48.45987148, -24.66019382], [-48.4597515, -24.66001677], [-48.45968552, -24.65994861], [-48.45961469, -24.65994047], [-48.45950212, -24.65996753], [-48.45924108, -24.66009993], [-48.45882035, -24.6602903], [-48.45870229, -24.66036971], [-48.45845636, -24.66057973], [-48.45833447, -24.66065277], [-48.45821903, -24.66070082], [-48.45811589, -24.66070772], [-48.45803438, -24.66069876], [-48.45795135, -24.66066867], [-48.45786461, -24.66061611], [-48.457808, -24.66055774], [-48.4577439, -24.66044538], [-48.4577344, -24.66030126], [-48.4575976, -24.66037351], [-48.45725623, -24.66039614], [-48.45692879, -24.66045649], [-48.45659883, -24.66050009], [-48.45646967, -24.66055621], [-48.45621302, -24.66073554], [-48.45613075, -24.66075463], [-48.45602662, -24.66075565], [-48.45573935, -24.66070999], [-48.45562503, -24.66067881], [-48.45539402, -24.66058131], [-48.45514929, -24.66044457], [-48.45486818, -24.6603436], [-48.45474688, -24.66031988], [-48.45441844, -24.66029843], [-48.45417469, -24.66024456], [-48.4538723, -24.66011181], [-48.45335233, -24.65982366], [-48.45312163, -24.65972579], [-48.45289487, -24.65966697], [-48.45252107, -24.65962244], [-48.45212858, -24.65962282], [-48.45198285, -24.65963471], [-48.45192085, -24.65965379], [-48.45183254, -24.65970264], [-48.4514479, -24.6600066], [-48.45138054, -24.66001657], [-48.45132051, -24.65997664], [-48.45125472, -24.65989438], [-48.45112406, -24.65968511], [-48.45100521, -24.6593857], [-48.45097148, -24.65933052], [-48.45087306, -24.6592405], [-48.45062891, -24.65909988], [-48.45058228, -24.65905657], [-48.45055551, -24.65895449], [-48.45055244, -24.65875643], [-48.45058855, -24.65843762], [-48.45077683, -24.65788167], [-48.45081291, -24.65770016], [-48.45083395, -24.65740826], [-48.45085987, -24.65731916], [-48.45090394, -24.65723092], [-48.45097905, -24.6571358], [-48.45104276, -24.65708597], [-48.45137544, -24.65694297], [-48.45162499, -24.65676389], [-48.4517819, -24.65668777], [-48.45183604, -24.65663804], [-48.4518657, -24.65657808], [-48.45186375, -24.65647975], [-48.45174034, -24.65615157], [-48.45166685, -24.65586032], [-48.45165151, -24.6554346], [-48.45161799, -24.65536823], [-48.45154095, -24.65530032], [-48.45122706, -24.65515627], [-48.45108048, -24.65506938], [-48.45065805, -24.65474054], [-48.45056279, -24.65468044], [-48.4503962, -24.6546166], [-48.45007823, -24.6545955], [-48.44992286, -24.654562], [-48.44968567, -24.6544539], [-48.44960527, -24.65439115], [-48.44957741, -24.65433265], [-48.44955128, -24.65420025], [-48.44958119, -24.65386049], [-48.44961227, -24.65378899], [-48.44971904, -24.65367167], [-48.44977504, -24.65358461], [-48.44980382, -24.65350514], [-48.4498212, -24.65338819], [-48.44979619, -24.65313722], [-48.449709, -24.65284448], [-48.44971618, -24.65258872], [-48.44969055, -24.65253838], [-48.44956373, -24.65240743], [-48.44925747, -24.65212082], [-48.4491646, -24.65205976], [-48.44912236, -24.65204928], [-48.4490733, -24.65205279], [-48.44835672, -24.65222763], [-48.44797303, -24.65228176], [-48.44775354, -24.65233714], [-48.44759232, -24.65239786], [-48.44740482, -24.65250297], [-48.44725618, -24.65261409], [-48.4471848, -24.65268119], [-48.44708642, -24.65281346], [-48.44693424, -24.65308498], [-48.44685835, -24.65316963], [-48.44680614, -24.65320149], [-48.44673202, -24.65322397], [-48.44655738, -24.65323067], [-48.4465052, -24.65321244], [-48.44644773, -24.65317338], [-48.44610478, -24.65285626], [-48.44591963, -24.65271457], [-48.44572277, -24.65260471], [-48.44534119, -24.6524873], [-48.44515004, -24.65239804], [-48.44497847, -24.65228266], [-48.4445757, -24.65193499], [-48.44437881, -24.65180772], [-48.44416325, -24.65173899], [-48.44389042, -24.65169753], [-48.44367618, -24.65171382], [-48.44341597, -24.65177609], [-48.44330197, -24.65179221], [-48.44318321, -24.65179018], [-48.44277499, -24.65201432], [-48.44055294, -24.65240829], [-48.43951552, -24.65268504], [-48.43821944, -24.65299661], [-48.43653909, -24.65350531], [-48.43563429, -24.65431104], [-48.43452815, -24.65472907], [-48.43426781, -24.6548105], [-48.43404229, -24.6548414], [-48.43374652, -24.6548635], [-48.4335484, -24.65485993], [-48.43329744, -24.65482001], [-48.4331365, -24.65473156], [-48.43301549, -24.65461088], [-48.43292456, -24.65448315], [-48.43267431, -24.65435629], [-48.4310453, -24.65381061], [-48.43078387, -24.65369061], [-48.43062545, -24.65360901], [-48.43042467, -24.65357569], [-48.4302341, -24.65357895], [-48.430074, -24.65365758], [-48.42974342, -24.65374392], [-48.4291501, -24.65394147], [-48.42886221, -24.65404364], [-48.42841956, -24.65428392], [-48.42832195, -24.65431874], [-48.42824703, -24.65438093], [-48.42818744, -24.65449568], [-48.42814837, -24.65469959], [-48.42810184, -24.65491499], [-48.42796005, -24.65513772], [-48.42779286, -24.65530338], [-48.42765559, -24.65543225], [-48.42751127, -24.65565271], [-48.4272519, -24.65593328], [-48.42719997, -24.65607317], [-48.42717058, -24.65621296], [-48.42722164, -24.65638437], [-48.42731525, -24.65654183], [-48.4273509, -24.65664466], [-48.42734633, -24.65672937], [-48.4272694, -24.6568877], [-48.42566652, -24.65715488], [-48.42308761, -24.6581815], [-48.42163586, -24.65871677], [-48.4207326, -24.65948519], [-48.41997702, -24.65978991], [-48.41928411, -24.65838954], [-48.41820804, -24.65619851], [-48.4178918, -24.6558435], [-48.41781922, -24.6557197], [-48.4177781, -24.6555299], [-48.41775213, -24.65535603], [-48.41775394, -24.65521638], [-48.41777818, -24.65505373], [-48.4178002, -24.65494372], [-48.41723581, -24.65476906], [-48.41695581, -24.65466404], [-48.41649616, -24.65455645], [-48.4163481, -24.65454803], [-48.41619269, -24.65457626], [-48.41597264, -24.65471929], [-48.41570467, -24.6548145], [-48.41531643, -24.65493776], [-48.41500098, -24.65506981], [-48.41481832, -24.65516687], [-48.41464563, -24.65525244], [-48.41445274, -24.65530834], [-48.41427198, -24.65528863], [-48.41399831, -24.65525107], [-48.41378986, -24.65521089], [-48.41353138, -24.65520302], [-48.41333604, -24.65527266], [-48.41316838, -24.6553605], [-48.41269621, -24.65576349], [-48.41251647, -24.65594525], [-48.41236941, -24.65613828], [-48.41215699, -24.65630647], [-48.41196175, -24.65640131], [-48.41179412, -24.65649829], [-48.41155879, -24.6566025], [-48.41137612, -24.65670184], [-48.41128107, -24.65676185], [-48.41109289, -24.65676507], [-48.41096219, -24.65671992], [-48.41085424, -24.65671131], [-48.41074416, -24.65677825], [-48.41058403, -24.65686833], [-48.41043904, -24.65697666], [-48.41022114, -24.65705559], [-48.40987769, -24.65712367], [-48.40947896, -24.65717602], [-48.40897962, -24.65718308], [-48.40876124, -24.65717042], [-48.40847745, -24.65712604], [-48.40822367, -24.65706089], [-48.40803227, -24.65692675], [-48.40778996, -24.65665091], [-48.40765394, -24.65655311], [-48.40753553, -24.65645983], [-48.40741482, -24.65641006], [-48.40723898, -24.65637658], [-48.40677973, -24.65637654], [-48.40658429, -24.65643705], [-48.40648447, -24.65654972], [-48.40643978, -24.6566461], [-48.40641063, -24.6568363], [-48.4063695, -24.65714102], [-48.40637453, -24.65745087], [-48.40634484, -24.65769761], [-48.4063131, -24.65789919], [-48.40628646, -24.65809394], [-48.40626983, -24.6582772], [-48.40614036, -24.65848161], [-48.40601284, -24.65857612], [-48.40586777, -24.65867529], [-48.40573059, -24.65884313], [-48.4055983, -24.65898803], [-48.40551134, -24.65916248], [-48.40549984, -24.6593686], [-48.40545536, -24.65950849], [-48.40534845, -24.65971052], [-48.40521117, -24.65986004], [-48.4050715, -24.66003245], [-48.40497195, -24.66020239], [-48.40487224, -24.66033796], [-48.4045279, -24.6607358], [-48.40435079, -24.66095421], [-48.40408832, -24.66116845], [-48.40391352, -24.66134334], [-48.40374601, -24.6614724], [-48.40360872, -24.6616242], [-48.40349664, -24.66179649], [-48.40345254, -24.66201425], [-48.40347345, -24.66217672], [-48.40351454, -24.66236197], [-48.40352112, -24.66253281], [-48.40349306, -24.6626423], [-48.40339076, -24.66272902], [-48.40322262, -24.66270917], [-48.4030092, -24.66269652], [-48.40273996, -24.66256275], [-48.40252619, -24.66247682], [-48.40229179, -24.66228563], [-48.40201494, -24.66213589], [-48.40174336, -24.66203879], [-48.40148134, -24.66184316], [-48.40120679, -24.66165446], [-48.40106798, -24.66150173], [-48.40094409, -24.66132145], [-48.4008205, -24.66120529], [-48.40068946, -24.6611006], [-48.40057088, -24.66098211], [-48.40045251, -24.66090256], [-48.40030134, -24.66079111], [-48.40009996, -24.66067531], [-48.39990334, -24.66050912], [-48.39960403, -24.66038924], [-48.39929734, -24.66030144], [-48.39889811, -24.66028281], [-48.39862674, -24.66022691], [-48.39839032, -24.66013876], [-48.39816675, -24.66010779], [-48.3980364, -24.66014278], [-48.39792871, -24.6601937], [-48.3978082, -24.66018971], [-48.39764966, -24.66011491], [-48.39751119, -24.66003316], [-48.39740789, -24.6599581], [-48.39727926, -24.65983508], [-48.39717545, -24.65965696], [-48.39712707, -24.6595198], [-48.39706153, -24.65946517], [-48.39691811, -24.65940174], [-48.39675477, -24.65936821], [-48.3963481, -24.6593702], [-48.39624242, -24.65932033], [-48.39610563, -24.6590714], [-48.39599221, -24.65898492], [-48.39589171, -24.6589671], [-48.39580659, -24.65901331], [-48.39570649, -24.65907793], [-48.3955811, -24.65910372], [-48.39544293, -24.65908608], [-48.39527198, -24.65903653], [-48.395136, -24.65895477], [-48.39498226, -24.65883413], [-48.39479823, -24.65868161], [-48.39472476, -24.65854684], [-48.39471908, -24.65841405], [-48.39472322, -24.6582354], [-48.39476011, -24.65808179], [-48.39483407, -24.65780663], [-48.39486081, -24.65763016], [-48.39481201, -24.65741056], [-48.39474097, -24.65725748], [-48.39464248, -24.65714115], [-48.39455176, -24.65707289], [-48.39442368, -24.65706207], [-48.394238, -24.65708358], [-48.39401985, -24.65713503], [-48.39377898, -24.65716595], [-48.39358058, -24.65715546], [-48.3933871, -24.65711976], [-48.39324655, -24.65712961], [-48.39300852, -24.65722464], [-48.3927931, -24.65732647], [-48.39258785, -24.65745342], [-48.39243746, -24.65750452], [-48.39214383, -24.65752656], [-48.3918727, -24.65753244], [-48.39175701, -24.65749178], [-48.39161341, -24.657394], [-48.39132652, -24.65726028], [-48.39103221, -24.65714489], [-48.39057704, -24.65700052], [-48.39036574, -24.65692366], [-48.3902672, -24.6567936], [-48.39018108, -24.65664287], [-48.39007735, -24.65648306], [-48.38990617, -24.65639227], [-48.38972789, -24.65639083], [-48.38940161, -24.65641989], [-48.38909774, -24.6564099], [-48.38871824, -24.65633842], [-48.38837629, -24.65624388], [-48.38807237, -24.65622473], [-48.38769072, -24.65622656], [-48.38733923, -24.65623969], [-48.38702548, -24.65626639], [-48.38668136, -24.65624514], [-48.38633455, -24.65618953], [-48.38616559, -24.65603918], [-48.38602653, -24.65584746], [-48.3858773, -24.65562829], [-48.38576368, -24.65550286], [-48.38559763, -24.65543953], [-48.38526088, -24.65538616], [-48.38511503, -24.65534564], [-48.38495111, -24.65520441], [-48.38478513, -24.65515252], [-48.38458425, -24.65515577], [-48.38430034, -24.65512962], [-48.38422715, -24.6550521], [-48.38415344, -24.6548738], [-48.38403424, -24.65463387], [-48.38388556, -24.65452465], [-48.38374955, -24.65444284], [-48.38362835, -24.65430827], [-48.38347415, -24.65410287], [-48.38333684, -24.65375307], [-48.38327554, -24.65354264], [-48.38324662, -24.6532748], [-48.38324816, -24.65307781], [-48.3832623, -24.65288763], [-48.38317978, -24.65244367], [-48.38316895, -24.6522834], [-48.3831056, -24.65216688], [-48.38302177, -24.6519703], [-48.3829074, -24.65168911], [-48.38273892, -24.65112874], [-48.38266758, -24.65092064], [-48.38253068, -24.65065329], [-48.3824367, -24.65043613], [-48.38243543, -24.65017502], [-48.38246122, -24.64980156], [-48.38242699, -24.64947417], [-48.38236531, -24.64918357], [-48.38231406, -24.64897767], [-48.38220469, -24.64869187], [-48.38209551, -24.648445], [-48.38188312, -24.6481528], [-48.38169827, -24.64783528], [-48.38156691, -24.64768013], [-48.38137284, -24.64753215], [-48.38121397, -24.64739774], [-48.38108496, -24.64720591], [-48.38101619, -24.64700925], [-48.38103315, -24.64688319], [-48.38108488, -24.64667681], [-48.38106897, -24.64650281], [-48.38098273, -24.64632683], [-48.38088619, -24.64610051], [-48.38079738, -24.6459108], [-48.38081405, -24.64572289], [-48.38113806, -24.64573515], [-48.38126106, -24.64572543], [-48.38146673, -24.64567179], [-48.38165467, -24.64558847], [-48.3817698, -24.64550778], [-48.38189208, -24.64535147], [-48.38199432, -24.64520211], [-48.38205891, -24.6450598], [-48.38210617, -24.64496567], [-48.38216566, -24.64480506], [-48.38226574, -24.64472901], [-48.3823987, -24.64470321], [-48.3826096, -24.64469537], [-48.38278027, -24.64467396], [-48.38298591, -24.64462034], [-48.38316135, -24.64455312], [-48.38333176, -24.64448132], [-48.38356238, -24.64440011], [-48.38375031, -24.64431449], [-48.38415886, -24.64416144], [-48.38434939, -24.64410101], [-48.3846153, -24.64404712], [-48.38484599, -24.64397964], [-48.38506397, -24.64388473], [-48.38523152, -24.64374424], [-48.38536126, -24.64357416], [-48.3854482, -24.64338364], [-48.38547749, -24.64321173], [-48.38555163, -24.64296861], [-48.38559348, -24.64279664], [-48.38569259, -24.64252592], [-48.38582696, -24.64227794], [-48.38600411, -24.64205038], [-48.38614367, -24.64183673], [-48.38628854, -24.64168262], [-48.38647628, -24.64156495], [-48.386579, -24.64152095], [-48.38673439, -24.64146299], [-48.38692992, -24.64139796], [-48.38712017, -24.64128029], [-48.38728523, -24.64114899], [-48.3874556, -24.64107949], [-48.38763848, -24.64099391], [-48.38781143, -24.64093587], [-48.38799677, -24.6408434], [-48.38815419, -24.64069152], [-48.38833178, -24.64055788], [-48.38853952, -24.64042637], [-48.38865669, -24.64025636], [-48.38876678, -24.64017798], [-48.38894478, -24.64012678], [-48.38907759, -24.64007578], [-48.38917013, -24.64000665], [-48.38924739, -24.6398895], [-48.38931937, -24.63972199], [-48.38941411, -24.63958643], [-48.38954392, -24.63943926], [-48.38969866, -24.63925304], [-48.38982332, -24.63907841], [-48.3898724, -24.63884915], [-48.38988629, -24.63861089], [-48.38986257, -24.63838428], [-48.38978126, -24.63818538], [-48.38957327, -24.63775575], [-48.38949198, -24.63755917], [-48.38943111, -24.63743576], [-48.38942549, -24.63731668], [-48.3894803, -24.6372317], [-48.3895678, -24.63715343], [-48.38966787, -24.63708657], [-48.39006906, -24.63698397], [-48.39015405, -24.63691031], [-48.39019875, -24.63681162], [-48.39028101, -24.63669673], [-48.39044877, -24.63660665], [-48.39059174, -24.63657852], [-48.39078496, -24.63656162], [-48.39098828, -24.6365584], [-48.39127425, -24.63651359], [-48.39145726, -24.63646695], [-48.39178878, -24.63649751], [-48.39217031, -24.63648892], [-48.39241111, -24.63645118], [-48.39286456, -24.6362682], [-48.39297743, -24.63624936], [-48.39310814, -24.63628771], [-48.39326415, -24.63636029], [-48.39340816, -24.63654971], [-48.39348939, -24.63673027], [-48.39367354, -24.63691492], [-48.39389512, -24.63705133], [-48.39409633, -24.63713057], [-48.39431755, -24.63719368], [-48.39453337, -24.63718354], [-48.39476898, -24.63711375], [-48.39497687, -24.63702578], [-48.39508688, -24.63693827], [-48.39537716, -24.6367606], [-48.39555727, -24.63663611], [-48.3958503, -24.63650653], [-48.39611237, -24.63640952], [-48.39630091, -24.63635591], [-48.39649471, -24.63632142], [-48.39672293, -24.63633537], [-48.39723398, -24.63652637], [-48.39712245, -24.63675629], [-48.39704116, -24.63697372], [-48.39694972, -24.63724603], [-48.39691517, -24.63738015], [-48.39687047, -24.63758539], [-48.39683999, -24.63775405], [-48.39679935, -24.63812187], [-48.39678919, -24.63833524], [-48.39681005, -24.63884716], [-48.39689462, -24.63934248], [-48.39700335, -24.63974114], [-48.39716443, -24.64015994], [-48.39745034, -24.64069552], [-48.3977282, -24.64109015], [-48.39801814, -24.64142439], [-48.39823962, -24.64163379], [-48.39864635, -24.64196802], [-48.39885977, -24.64212104], [-48.39912555, -24.64228614], [-48.39941147, -24.64244319], [-48.39993096, -24.64266462], [-48.40055109, -24.64285393], [-48.40096586, -24.64291836], [-48.40132426, -24.64296266], [-48.40177125, -24.64298682], [-48.40226656, -24.64296668], [-48.40250012, -24.64293849], [-48.40302625, -24.64284662], [-48.40327348, -24.64278243], [-48.40350262, -24.64271164], [-48.40380292, -24.64260223], [-48.40409042, -24.64247652], [-48.40432553, -24.64235779], [-48.40446404, -24.6422833], [-48.40467472, -24.64215061], [-48.40495407, -24.64196089], [-48.40517406, -24.64178513], [-48.40541965, -24.64156863], [-48.40562101, -24.64136261], [-48.40579677, -24.64116008], [-48.40597835, -24.64092147], [-48.40615061, -24.64067006], [-48.40627516, -24.64045356], [-48.40640663, -24.64018667], [-48.40644455, -24.6401061], [-48.4065583, -24.63983119], [-48.40669576, -24.63934615], [-48.40675105, -24.6390744], [-48.40679213, -24.63870785], [-48.40680319, -24.63831761], [-48.40677475, -24.63794], [-48.40675895, -24.63780887], [-48.40672419, -24.637594], [-48.40667521, -24.63738229], [-48.40658831, -24.63709], [-48.40650141, -24.63684669], [-48.4063687, -24.63654492], [-48.40620912, -24.63624316], [-48.40601163, -24.63593981], [-48.40584889, -24.63572178], [-48.40560986, -24.63544576], [-48.40531329, -24.635153], [-48.405021, -24.63490969], [-48.4046197, -24.63462847], [-48.40432109, -24.63445784], [-48.40409989, -24.63434566], [-48.40370807, -24.63417819], [-48.40336364, -24.63406285], [-48.40313297, -24.63399808], [-48.40290704, -24.63394752], [-48.40273008, -24.63391276], [-48.40246465, -24.63387326], [-48.4021297, -24.63384009], [-48.40183899, -24.63383219], [-48.40150405, -24.63383851], [-48.40122282, -24.63386379], [-48.40087681, -24.63390961], [-48.40047403, -24.63399271], [-48.40044891, -24.63381375], [-48.40038298, -24.63372585], [-48.40012554, -24.63355945], [-48.40013714, -24.6335278], [-48.40013903, -24.63343654], [-48.40006355, -24.63320231], [-48.39959514, -24.63249494], [-48.3990204, -24.63184062], [-48.39865425, -24.63134028], [-48.39840618, -24.63082048], [-48.39826969, -24.62994375], [-48.39824063, -24.62965305], [-48.39814835, -24.62926874], [-48.39811673, -24.62896888], [-48.39818564, -24.62869606], [-48.39830295, -24.62856501], [-48.3984731, -24.62846577], [-48.39867582, -24.62835265], [-48.3988134, -24.62826274], [-48.39885287, -24.62812516], [-48.39882702, -24.62797412], [-48.39871339, -24.62783495], [-48.39848687, -24.62770543], [-48.39826531, -24.62756442], [-48.39751708, -24.62749676], [-48.39706281, -24.62749878], [-48.39673676, -24.62753916], [-48.39656592, -24.62750557], [-48.39643745, -24.62741224], [-48.39563797, -24.62714096], [-48.39541404, -24.62703204], [-48.39535786, -24.62694958], [-48.39533284, -24.62685605], [-48.39537477, -24.62670473], [-48.3954564, -24.62646389], [-48.39615179, -24.62524668], [-48.39621143, -24.62514699], [-48.39631721, -24.62488131], [-48.39643057, -24.62458127], [-48.39657881, -24.62438439], [-48.39674228, -24.62410503], [-48.39684791, -24.62391268], [-48.39694855, -24.62371572], [-48.39711196, -24.62346157], [-48.39719777, -24.62314542], [-48.3973611, -24.62271591], [-48.39533546, -24.62298574], [-48.39196475, -24.62288104], [-48.38987869, -24.62311059], [-48.38967715, -24.62393454], [-48.38957958, -24.62439934], [-48.38954041, -24.62476036], [-48.38947266, -24.62497695], [-48.38911825, -24.6255544], [-48.38871086, -24.62601446], [-48.38825596, -24.62646999], [-48.38810026, -24.62668651], [-48.38800652, -24.62697528], [-48.38789765, -24.62803581], [-48.38736526, -24.62836988], [-48.38671816, -24.62853824], [-48.38562801, -24.62851928], [-48.38471812, -24.62833477], [-48.38301968, -24.6287852], [-48.38150192, -24.62948558], [-48.37964609, -24.63075001], [-48.37873975, -24.63091437], [-48.37723451, -24.63066713], [-48.37594965, -24.63054113], [-48.37371538, -24.6300919], [-48.37258099, -24.6309108], [-48.37152658, -24.63089236], [-48.37048619, -24.63020472], [-48.36916372, -24.63018157], [-48.36790247, -24.63064933], [-48.36784225, -24.63071602], [-48.36672139, -24.6318198], [-48.36633473, -24.63209137], [-48.36520096, -24.63244703], [-48.36452567, -24.63310463], [-48.3639837, -24.6333727], [-48.36342591, -24.63354252], [-48.36283549, -24.63396737], [-48.3617856, -24.63543477], [-48.36081606, -24.63563001], [-48.3603081, -24.63598029], [-48.35942002, -24.63655249], [-48.35868727, -24.63653961], [-48.35815798, -24.63620375], [-48.3576846, -24.63478211], [-48.35659648, -24.63306574], [-48.35578823, -24.63281021], [-48.35555437, -24.63269813], [-48.35523853, -24.63255222], [-48.35463162, -24.63220685], [-48.35434249, -24.63207098], [-48.35396546, -24.63188194], [-48.35397248, -24.63154884], [-48.35419027, -24.63116948], [-48.35419746, -24.63082806], [-48.35433616, -24.63030568], [-48.35414364, -24.62991909], [-48.35113611, -24.62826741], [-48.35058118, -24.62776614], [-48.35018564, -24.62705941], [-48.34981729, -24.62636149], [-48.3494519, -24.62595518], [-48.34899314, -24.62565194], [-48.34808884, -24.62563599], [-48.34774818, -24.62535507], [-48.34742646, -24.62504117], [-48.34648904, -24.62497014], [-48.34560467, -24.62508889], [-48.34504711, -24.62519269], [-48.34420408, -24.62537772], [-48.34375993, -24.6256781], [-48.34287744, -24.62600405], [-48.34242197, -24.62566603], [-48.34223032, -24.6255511], [-48.34202643, -24.62550549], [-48.34169101, -24.62548037], [-48.3410298, -24.6259677], [-48.34072465, -24.62600069], [-48.34043284, -24.62589956], [-48.34014184, -24.62576006], [-48.33953263, -24.62567162], [-48.33899834, -24.62570687], [-48.33871053, -24.62592665], [-48.33860189, -24.62612164], [-48.33828099, -24.62637969], [-48.33804692, -24.62629962], [-48.33770347, -24.62588963], [-48.33743672, -24.625597], [-48.33721032, -24.62538187], [-48.33696252, -24.62518554], [-48.33629464, -24.62469294], [-48.33597097, -24.62462037], [-48.33563545, -24.62451305], [-48.33558008, -24.62441328], [-48.33566724, -24.62381566], [-48.33563542, -24.62380827], [-48.33513144, -24.62359516], [-48.33427124, -24.6232107], [-48.3332956, -24.62292062], [-48.33343252, -24.62184502], [-48.33127646, -24.62234709], [-48.33065817, -24.62224557], [-48.33003118, -24.62198328], [-48.32870845, -24.61957272], [-48.32784888, -24.61930514], [-48.326946, -24.61938324], [-48.32643321, -24.61927997], [-48.32594466, -24.61924774], [-48.32530319, -24.61914218], [-48.32479391, -24.61887419], [-48.32456576, -24.61870536], [-48.32428864, -24.61841796], [-48.32407056, -24.61812805], [-48.32373592, -24.61777257], [-48.32366872, -24.61730061], [-48.32365, -24.61697073], [-48.32373523, -24.61659563], [-48.3238422, -24.61640922], [-48.32400214, -24.61615314], [-48.32387997, -24.61584496], [-48.32375879, -24.61548972], [-48.32368709, -24.61522952], [-48.32273492, -24.61278808], [-48.32271469, -24.61252879], [-48.32272672, -24.61196407], [-48.32266154, -24.61139798], [-48.32253686, -24.61120745], [-48.32246616, -24.61090019], [-48.32216884, -24.6103535], [-48.32202043, -24.6100684], [-48.32166563, -24.60980315], [-48.32108996, -24.60932423], [-48.32091444, -24.60909384], [-48.32054918, -24.60857601], [-48.31892934, -24.60768458], [-48.31632248, -24.60650289], [-48.31443608, -24.60646922], [-48.31408502, -24.60670208], [-48.31358999, -24.6069757], [-48.31327562, -24.60722901], [-48.31311567, -24.60748508], [-48.31281937, -24.60775709], [-48.31158563, -24.60799912], [-48.3108095, -24.60817356], [-48.31025946, -24.60861095], [-48.31006973, -24.6090548], [-48.31003594, -24.60943081], [-48.30975178, -24.61022527], [-48.30977268, -24.6105563], [-48.30974694, -24.61065556], [-48.30963667, -24.61096233], [-48.30942167, -24.61136376], [-48.30922813, -24.61186901], [-48.30918177, -24.61214427], [-48.30920886, -24.61240607], [-48.30953052, -24.61296608], [-48.30993274, -24.61349911], [-48.31001639, -24.6137023], [-48.31007504, -24.61390546], [-48.31017871, -24.61501583], [-48.31071214, -24.61683979], [-48.31088622, -24.6172507], [-48.31097506, -24.61749338], [-48.30787947, -24.61996031], [-48.30245418, -24.61833312], [-48.30071064, -24.61778605], [-48.29844606, -24.61814653], [-48.29667666, -24.61880243], [-48.29502638, -24.61974699], [-48.29609889, -24.62234517], [-48.29856862, -24.62410884], [-48.29554698, -24.62468489], [-48.29648186, -24.62785368], [-48.30036492, -24.62803809], [-48.30222165, -24.62916029], [-48.30458797, -24.63130588], [-48.3037475, -24.63230967], [-48.30225208, -24.63203331], [-48.29935712, -24.63125356], [-48.29832449, -24.63167165], [-48.29797707, -24.63301696], [-48.29692382, -24.63439114], [-48.29821856, -24.63553724], [-48.30040235, -24.63765578], [-48.29893739, -24.63820365], [-48.29846822, -24.63888877], [-48.29855151, -24.63892627], [-48.29867112, -24.63901217], [-48.29874623, -24.63914314], [-48.29879168, -24.63929214], [-48.29874896, -24.63938685], [-48.2986838, -24.63942289], [-48.29852451, -24.63944525], [-48.29822166, -24.63931399], [-48.29815409, -24.63930489], [-48.29811331, -24.63932741], [-48.29805575, -24.63943566], [-48.29809998, -24.63958013], [-48.29818495, -24.63972015], [-48.29844261, -24.63995062], [-48.2985872, -24.64025319], [-48.29866707, -24.6402939], [-48.29879329, -24.64030759], [-48.29888064, -24.64028513], [-48.29914324, -24.64010042], [-48.29932007, -24.64009613], [-48.29965354, -24.64020033], [-48.29982746, -24.64028629], [-48.29996634, -24.64049406], [-48.29996743, -24.64080096], [-48.29993406, -24.64084154], [-48.29984702, -24.64084143], [-48.29947025, -24.64059276], [-48.29929527, -24.64060608], [-48.29916646, -24.64067812], [-48.29902295, -24.64068698], [-48.29879245, -24.64066413], [-48.29875196, -24.6407047], [-48.29875061, -24.6407769], [-48.29878143, -24.64080855], [-48.2988992, -24.64088992], [-48.29919935, -24.64098054], [-48.29930942, -24.64105741], [-48.29930038, -24.64110704], [-48.29926761, -24.64115664], [-48.29915519, -24.64120164], [-48.29861554, -24.64113329], [-48.29856736, -24.6411648], [-48.29857274, -24.64128216], [-48.29866474, -24.64145829], [-48.29893753, -24.64168427], [-48.29901681, -24.64171597], [-48.29910245, -24.64181536], [-48.29909243, -24.64191915], [-48.29902692, -24.64196871], [-48.29857894, -24.64209903], [-48.29851401, -24.64217568], [-48.29860968, -24.64260454], [-48.29858921, -24.64267221], [-48.29853157, -24.6428256], [-48.29854748, -24.64291588], [-48.29863922, -24.64306944], [-48.2986283, -24.64315518], [-48.29860446, -24.64320478], [-48.29852295, -24.64323176], [-48.29837974, -24.6432361], [-48.29830786, -24.64322248], [-48.29809576, -24.64307327], [-48.2979532, -24.64305506], [-48.29784977, -24.64308652], [-48.29757479, -24.64329378], [-48.29698974, -24.64386623], [-48.29663783, -24.64392446], [-48.29656585, -24.6439695], [-48.29650273, -24.64428082], [-48.29647573, -24.6447998], [-48.29654297, -24.64503005], [-48.29667549, -24.64515658], [-48.29704431, -24.64535561], [-48.29813963, -24.64575864], [-48.29844999, -24.64584026], [-48.29856066, -24.64592163], [-48.29857572, -24.64596678], [-48.2985667, -24.6460119], [-48.29845296, -24.64612007], [-48.29809708, -24.64636334], [-48.29800573, -24.64656632], [-48.29798607, -24.6467062], [-48.29809416, -24.6468688], [-48.2981996, -24.64695468], [-48.29831432, -24.64700447], [-48.2984171, -24.6470046], [-48.29846871, -24.64694599], [-48.2985261, -24.64675199], [-48.29860089, -24.64667536], [-48.29873583, -24.64663943], [-48.29891853, -24.64664868], [-48.29901195, -24.64669393], [-48.29906611, -24.64681133], [-48.29918596, -24.6471635], [-48.29927159, -24.6472674], [-48.2993503, -24.6472675], [-48.29957673, -24.64712786], [-48.29966344, -24.64712798], [-48.29971124, -24.64715963], [-48.29979149, -24.64715071], [-48.29983969, -24.64711466], [-48.29986381, -24.64708761], [-48.29987846, -24.64677621], [-48.30016819, -24.64661409], [-48.30039264, -24.64656473], [-48.30064631, -24.64656955], [-48.30075832, -24.64658773], [-48.30087151, -24.64663302], [-48.30093099, -24.64669175], [-48.30097062, -24.64681817], [-48.30094209, -24.6469129], [-48.30083542, -24.64704816], [-48.30047143, -24.64734559], [-48.30032325, -24.6475846], [-48.30029426, -24.64777863], [-48.3004121, -24.6482346], [-48.30041598, -24.64832487], [-48.30037635, -24.6484196], [-48.30032596, -24.64847368], [-48.29992601, -24.64865373], [-48.29976226, -24.64877989], [-48.29973187, -24.64888366], [-48.29976768, -24.64908228], [-48.29987643, -24.6492133], [-48.3000627, -24.64931732], [-48.300299, -24.64939885], [-48.3005844, -24.64944433], [-48.30074459, -24.64944], [-48.30083635, -24.64938145], [-48.30090654, -24.64928676], [-48.30094254, -24.64872717], [-48.30099908, -24.64868211], [-48.30108121, -24.64865514], [-48.30120617, -24.64868237], [-48.30150368, -24.64889935], [-48.30160517, -24.64893108], [-48.30177206, -24.64892321], [-48.30214202, -24.64883243], [-48.3022946, -24.6487604], [-48.30254546, -24.64857566], [-48.30267303, -24.64851263], [-48.30280082, -24.64849474], [-48.30292794, -24.64851747], [-48.30320905, -24.64875699], [-48.30333521, -24.64880679], [-48.30358113, -24.64885673], [-48.30370154, -24.64882076], [-48.30387888, -24.6486946], [-48.30408286, -24.64848726], [-48.30446093, -24.64827108], [-48.30484467, -24.6481903], [-48.30509962, -24.64818608], [-48.30526655, -24.64820434], [-48.30538602, -24.64817739], [-48.30549875, -24.64811886], [-48.30555441, -24.64805574], [-48.30561346, -24.64797459], [-48.30563985, -24.64786178], [-48.30562843, -24.64764965], [-48.30568663, -24.64751885], [-48.30579723, -24.64743774], [-48.30594456, -24.64737022], [-48.30613369, -24.64740203], [-48.30623209, -24.64743825], [-48.30641694, -24.64766865], [-48.30648568, -24.64773642], [-48.30691258, -24.6479039], [-48.30698042, -24.64794461], [-48.3070368, -24.64800786], [-48.3070271, -24.64809811], [-48.30696038, -24.64813864], [-48.30686653, -24.64816561], [-48.3064221, -24.64817411], [-48.30630911, -24.64819203], [-48.30627631, -24.64825066], [-48.30629075, -24.64830032], [-48.30635972, -24.64841324], [-48.30664211, -24.64863472], [-48.30669542, -24.64869796], [-48.30674192, -24.6487657], [-48.30687479, -24.64887869], [-48.30697815, -24.64890137], [-48.3070704, -24.64891502], [-48.30718988, -24.64887907], [-48.30725481, -24.64880242], [-48.30725103, -24.64841881], [-48.30735308, -24.64827449], [-48.30744638, -24.64820691], [-48.30751863, -24.64819345], [-48.30764576, -24.64820263], [-48.30774909, -24.64823886], [-48.30781071, -24.64832018], [-48.30781953, -24.64862706], [-48.30787214, -24.64874447], [-48.30793536, -24.64878969], [-48.30808657, -24.64879437], [-48.30859443, -24.64845196], [-48.3088517, -24.64833493], [-48.30912335, -24.64828561], [-48.30927983, -24.64829362], [-48.30944079, -24.6483221], [-48.30946894, -24.64833564], [-48.30953336, -24.64838988], [-48.30953911, -24.64848014], [-48.30949981, -24.64855683], [-48.30937543, -24.64877331], [-48.30937773, -24.64889517], [-48.30945448, -24.64919311], [-48.30945098, -24.64927435], [-48.30939594, -24.64934649], [-48.3093224, -24.64940508], [-48.30922638, -24.64942302], [-48.30906033, -24.64942735], [-48.30898036, -24.64946334], [-48.30889719, -24.64957157], [-48.30889705, -24.64966184], [-48.30891851, -24.64976565], [-48.30895669, -24.64982889], [-48.30905782, -24.64991023], [-48.30930332, -24.65002786], [-48.30938627, -24.65008211], [-48.3094161, -24.65016338], [-48.30941632, -24.65022658], [-48.30937987, -24.65045669], [-48.30940782, -24.65056053], [-48.30948641, -24.65064186], [-48.30966037, -24.65072781], [-48.3100093, -24.65080946], [-48.31015212, -24.65087731], [-48.31022824, -24.65095413], [-48.31025004, -24.65103989], [-48.31021625, -24.65114817], [-48.31014517, -24.65121127], [-48.30990216, -24.65129673], [-48.30982618, -24.65133276], [-48.30978903, -24.65140492], [-48.30984164, -24.65153585], [-48.31035394, -24.65178015], [-48.31046342, -24.6518525], [-48.31051698, -24.65194733], [-48.31053711, -24.65212338], [-48.31070842, -24.65233116], [-48.31087418, -24.65275558], [-48.31111292, -24.65308531], [-48.31130934, -24.65322094], [-48.31162493, -24.65333413], [-48.31181759, -24.65336944], [-48.31189285, -24.65351402], [-48.31285615, -24.65367452], [-48.3144562, -24.65498304], [-48.31440459, -24.65510191], [-48.31439295, -24.65527339], [-48.31439933, -24.6553411], [-48.31468258, -24.65586042], [-48.31474093, -24.65608164], [-48.31472993, -24.65622604], [-48.31468008, -24.65634783], [-48.31445166, -24.65658677], [-48.31435467, -24.65664082], [-48.31404316, -24.65670816], [-48.31427762, -24.65678514], [-48.31456154, -24.65703821], [-48.31518504, -24.65746765], [-48.31556496, -24.65772531], [-48.31636827, -24.65849344], [-48.31641982, -24.65871464], [-48.31638122, -24.6594096], [-48.31650853, -24.65977982], [-48.31668414, -24.66047954], [-48.316972, -24.66125159], [-48.31691432, -24.66145461], [-48.31689968, -24.66154486], [-48.31680264, -24.66164405], [-48.31671428, -24.66170712], [-48.31632855, -24.66186916], [-48.31621119, -24.66192318], [-48.31611848, -24.66200431], [-48.31607133, -24.66218028], [-48.31609651, -24.6622796], [-48.31656809, -24.66276753], [-48.31732225, -24.66338665], [-48.31777773, -24.66369856], [-48.31800569, -24.66380261], [-48.31838715, -24.66383914], [-48.31889775, -24.66379006], [-48.31953325, -24.66381785], [-48.32005563, -24.6639493], [-48.320208, -24.66403972], [-48.32070471, -24.66422079], [-48.3212053, -24.66451017], [-48.32129933, -24.66459151], [-48.32175088, -24.66508392], [-48.32186038, -24.6651382], [-48.32209963, -24.6651204], [-48.32229202, -24.66504389], [-48.32243946, -24.6648861], [-48.32255968, -24.66460917], [-48.32275128, -24.66473611], [-48.32330068, -24.6652147], [-48.32467715, -24.66643053], [-48.32567047, -24.66708901], [-48.32660304, -24.66781859], [-48.32875119, -24.66897594], [-48.32979412, -24.66962626], [-48.33115222, -24.67031825], [-48.33243761, -24.67118044], [-48.33380914, -24.67217049], [-48.33534263, -24.67344317], [-48.3365758, -24.67443978], [-48.33753784, -24.67564815], [-48.33808548, -24.67637085], [-48.33887498, -24.67733249], [-48.33998041, -24.67848834], [-48.34021125, -24.67880411], [-48.34313344, -24.68009848], [-48.34580095, -24.67991203], [-48.34680753, -24.68018211], [-48.34837491, -24.68026378], [-48.34982517, -24.68057985], [-48.35141883, -24.68288316], [-48.35211779, -24.68326093], [-48.35228456, -24.68321144], [-48.35266373, -24.68312604], [-48.35289013, -24.68302696], [-48.35309047, -24.68302261], [-48.35342798, -24.6829462], [-48.35398551, -24.68292865], [-48.35454175, -24.68297427], [-48.35476497, -24.68296544], [-48.35573421, -24.68305656], [-48.35607561, -24.68306589], [-48.35656021, -24.683134], [-48.35710137, -24.68314351], [-48.35777007, -24.68309895], [-48.35864909, -24.68296885], [-48.359206, -24.68296931], [-48.35977798, -24.68301494], [-48.3609518, -24.68319195], [-48.36139821, -24.68318331], [-48.36234051, -24.68304869], [-48.36272208, -24.68304001], [-48.36323273, -24.6829953], [-48.36362847, -24.68300466], [-48.36406954, -24.68307272], [-48.36439083, -24.68316324], [-48.36452971, -24.68317124], [-48.36565596, -24.68284113], [-48.36624872, -24.68145381], [-48.3663493, -24.68049923], [-48.36720362, -24.67943528], [-48.36919238, -24.67802338], [-48.37459581, -24.6763034], [-48.37984209, -24.67695907], [-48.38146266, -24.67774753], [-48.38274647, -24.67924123], [-48.38184564, -24.68128477], [-48.38148443, -24.6826142], [-48.38661829, -24.68157803], [-48.39200546, -24.68119457], [-48.39465509, -24.68186093], [-48.39542033, -24.68273314], [-48.39574215, -24.68483834], [-48.39305532, -24.68846597], [-48.39118527, -24.69048534], [-48.38978406, -24.69256055], [-48.38505093, -24.69372817], [-48.38364681, -24.6952788], [-48.38376877, -24.69711087], [-48.3843353, -24.69697362], [-48.3848783, -24.69688021], [-48.38521825, -24.69683983], [-48.38554798, -24.69684458], [-48.38573011, -24.69687178], [-48.38610878, -24.69704805], [-48.38626521, -24.69717903], [-48.38638148, -24.69732804], [-48.38676294, -24.69749475], [-48.38727448, -24.69761336], [-48.38857696, -24.69822457], [-48.38939648, -24.69882735], [-48.39029548, -24.69948057], [-48.39056074, -24.69963231], [-48.39163147, -24.69977355], [-48.39316578, -24.70085466], [-48.39110994, -24.70547805], [-48.38957992, -24.70547595], [-48.38748714, -24.70671463], [-48.38589475, -24.70712827], [-48.38499823, -24.70779891], [-48.38539667, -24.7082937], [-48.38547989, -24.7084833], [-48.38549788, -24.70874506], [-48.3856225, -24.70888504], [-48.38577155, -24.70898894], [-48.38603945, -24.70912], [-48.3863253, -24.70919692], [-48.3864663, -24.70931436], [-48.38654151, -24.70949041], [-48.38659094, -24.7098244], [-48.38645216, -24.71036133], [-48.3864028, -24.71068622], [-48.38633508, -24.71080802], [-48.3863905, -24.71100212], [-48.3864303, -24.7114083], [-48.38654143, -24.71181002], [-48.3861212, -24.71299291], [-48.38343019, -24.71458891], [-48.38143259, -24.71511803], [-48.38010791, -24.7155608], [-48.37837132, -24.71516262], [-48.37580851, -24.71448022], [-48.37179569, -24.71251072], [-48.37074385, -24.71321835], [-48.36876498, -24.71462021], [-48.36197705, -24.71624558], [-48.36099244, -24.71909626], [-48.35365505, -24.719922], [-48.34948075, -24.72014584], [-48.34441515, -24.71936847], [-48.34240817, -24.7193329], [-48.34182423, -24.72023949], [-48.34263567, -24.72128684], [-48.34261537, -24.72148088], [-48.34259768, -24.72156209], [-48.34253209, -24.72167485], [-48.34227866, -24.72186865], [-48.34224522, -24.72194534], [-48.34225032, -24.72207622], [-48.34234949, -24.72229293], [-48.34238244, -24.72238322], [-48.34240051, -24.72250057], [-48.34228795, -24.72290662], [-48.34179702, -24.72393056], [-48.34073725, -24.72709733], [-48.339406, -24.73068417], [-48.33723355, -24.73322956], [-48.3341599, -24.73472871], [-48.33140863, -24.73438796], [-48.329974, -24.73343643], [-48.32763072, -24.7321131], [-48.32553905, -24.73057762], [-48.32268281, -24.72875773], [-48.32075519, -24.72725712], [-48.32001972, -24.72668853], [-48.31920661, -24.72554003], [-48.31829622, -24.72441661], [-48.31911257, -24.72240657], [-48.31728983, -24.72086725], [-48.32147764, -24.71788165], [-48.31760497, -24.71578776], [-48.31474674, -24.71766548], [-48.3126647, -24.71638195], [-48.30999045, -24.71502097], [-48.30811558, -24.71393689], [-48.30682655, -24.71210242], [-48.30704794, -24.71100123], [-48.30653437, -24.70838895], [-48.30835191, -24.70742925], [-48.31177059, -24.70664305], [-48.31373653, -24.7063016], [-48.31524076, -24.7058577], [-48.3152742, -24.70583248], [-48.3156654, -24.7061948], [-48.31637285, -24.70660627], [-48.31704258, -24.70656189], [-48.31816051, -24.70640068], [-48.31883848, -24.70622091], [-48.31927845, -24.70623042], [-48.31937666, -24.70620796], [-48.31953736, -24.70609982], [-48.31958533, -24.70601865], [-48.31972042, -24.70565776], [-48.31989041, -24.70551355], [-48.31998785, -24.70538729], [-48.32004824, -24.70524746], [-48.32006445, -24.70513014], [-48.32002912, -24.70498569], [-48.31961428, -24.70466482], [-48.31954557, -24.70455642], [-48.3195338, -24.70435785], [-48.3197132, -24.70410082], [-48.32050229, -24.70370905], [-48.32062375, -24.70361442], [-48.32073783, -24.70349269], [-48.320914, -24.7031183], [-48.32111852, -24.70301474], [-48.32173346, -24.70309664], [-48.32195669, -24.70308786], [-48.32218031, -24.70302492], [-48.32257482, -24.7028358], [-48.32277428, -24.70283151], [-48.32299562, -24.70287237], [-48.32321947, -24.70285456], [-48.32314163, -24.7027501], [-48.3222839, -24.70188726], [-48.32164031, -24.70065157], [-48.32079066, -24.6994122], [-48.31697317, -24.69957938], [-48.31479724, -24.70010545], [-48.31179088, -24.70089912], [-48.30860272, -24.70055942], [-48.30600345, -24.7015957], [-48.30336055, -24.70139031], [-48.30339268, -24.70045713], [-48.30323033, -24.69991357], [-48.30272, -24.69936376], [-48.30189995, -24.69864936], [-48.30127497, -24.69857451], [-48.3010151, -24.69771119], [-48.30035001, -24.69626812], [-48.30006014, -24.69518165], [-48.30019951, -24.69353706], [-48.29927009, -24.69300457], [-48.29958988, -24.69241815], [-48.29954403, -24.69216527], [-48.29975252, -24.69210069], [-48.30018745, -24.69118721], [-48.30039902, -24.69010216], [-48.29970298, -24.68921015], [-48.29996052, -24.68923488], [-48.29965736, -24.6888103], [-48.2995291, -24.68848972], [-48.2993587, -24.68827289], [-48.29922545, -24.6881915], [-48.29864202, -24.68794256], [-48.298391, -24.68775723], [-48.29829124, -24.6875811], [-48.29826275, -24.68743213], [-48.29818579, -24.68728762], [-48.29803748, -24.68716107], [-48.29750194, -24.68689416], [-48.29721975, -24.68670426], [-48.29679689, -24.6862389], [-48.29670454, -24.68585067], [-48.29665451, -24.68523685], [-48.29667514, -24.6846547], [-48.29674631, -24.68391466], [-48.2966648, -24.68330531], [-48.29661864, -24.68320146], [-48.29656936, -24.68292158], [-48.29654924, -24.68275007], [-48.29657599, -24.6826102], [-48.29673697, -24.68252014], [-48.29710571, -24.6824168], [-48.29728342, -24.68227712], [-48.29744264, -24.68190725], [-48.29777155, -24.68140221], [-48.29802481, -24.68110466], [-48.29839081, -24.68076664], [-48.29859531, -24.68013279], [-48.29699547, -24.67880674], [-48.29584603, -24.67681794], [-48.29433589, -24.67511133], [-48.29355992, -24.67403547], [-48.29115115, -24.67305705], [-48.28990936, -24.67214526], [-48.28986714, -24.67119967], [-48.28985129, -24.67048361], [-48.2897145, -24.66956494], [-48.28935041, -24.66901438], [-48.28905083, -24.66837908], [-48.28837046, -24.66796596], [-48.28757101, -24.66726437], [-48.28732417, -24.66708812], [-48.28576698, -24.66684604], [-48.28530737, -24.67104264], [-48.28526858, -24.67111471], [-48.28498012, -24.6712091], [-48.28467427, -24.67137117], [-48.28405054, -24.67149671], [-48.2836058, -24.67146003], [-48.28248203, -24.67117873], [-48.2819714, -24.67122318], [-48.28130047, -24.6713306], [-48.28107855, -24.67132128], [-48.28084071, -24.67122167], [-48.28092529, -24.67141133], [-48.28097958, -24.67182209], [-48.281083, -24.67220132], [-48.28118071, -24.67248577], [-48.28139463, -24.67286966], [-48.28160511, -24.67308205], [-48.28178552, -24.67319512], [-48.28205424, -24.67328574], [-48.28275198, -24.673404], [-48.28373255, -24.67367608], [-48.28454139, -24.67382156], [-48.285113, -24.67386744], [-48.28524162, -24.67407822], [-48.28464947, -24.67510886], [-48.284184, -24.67551219], [-48.28189183, -24.67552056], [-48.28096556, -24.67545392], [-48.28041725, -24.67495121], [-48.27951577, -24.67461993], [-48.27827088, -24.67586097], [-48.27691752, -24.67696444], [-48.27471166, -24.67796558], [-48.27412442, -24.67891173], [-48.27427331, -24.67978746], [-48.2743236, -24.68036971], [-48.2744709, -24.6812725], [-48.27462487, -24.68195533], [-48.27323932, -24.68453326], [-48.27166851, -24.68598821], [-48.271131, -24.68591624], [-48.27062399, -24.68579819], [-48.26994193, -24.68568441], [-48.26918358, -24.68540806], [-48.26898072, -24.6852453], [-48.26880231, -24.68504648], [-48.26851752, -24.68459478], [-48.26836221, -24.68442757], [-48.26782146, -24.68400259], [-48.26720195, -24.68360006], [-48.26663804, -24.68336007], [-48.26608245, -24.68312912], [-48.26584111, -24.68291215], [-48.26568323, -24.68264705], [-48.2655041, -24.68248888], [-48.26511302, -24.68248175], [-48.26476732, -24.68278526], [-48.26449203, -24.68344752], [-48.26385433, -24.68398401], [-48.26323252, -24.68438972], [-48.26266181, -24.68484402], [-48.26202774, -24.68521375], [-48.26131544, -24.68558205], [-48.26087925, -24.68584815], [-48.26040055, -24.68567259], [-48.26013409, -24.68533409], [-48.26014069, -24.68441575], [-48.26017619, -24.6842398], [-48.26032883, -24.68380678], [-48.26041047, -24.68337365], [-48.26050424, -24.6830669], [-48.26092901, -24.6821875], [-48.26114868, -24.68190801], [-48.26133932, -24.68181351], [-48.26235032, -24.6807501], [-48.26280742, -24.67981104], [-48.2631467, -24.67926872], [-48.263762, -24.67858186], [-48.26409646, -24.67745345], [-48.26426985, -24.67643376], [-48.26458804, -24.67539172], [-48.26472192, -24.67508954], [-48.26531664, -24.67407948], [-48.26545182, -24.67373668], [-48.26552584, -24.67287028], [-48.26577882, -24.67241483], [-48.26580463, -24.67241902], [-48.26539338, -24.67142633], [-48.26443778, -24.67065924], [-48.26394452, -24.67071865], [-48.26344647, -24.67087904], [-48.26294101, -24.67137823], [-48.26246953, -24.67173681], [-48.26090923, -24.67241446], [-48.25982225, -24.67264882], [-48.2584263, -24.67287753], [-48.2574005, -24.67314123], [-48.25661136, -24.67388941], [-48.25659344, -24.67470817], [-48.25637159, -24.67495832], [-48.25572829, -24.67469236], [-48.2545245, -24.67461385], [-48.25360235, -24.6740285], [-48.25297036, -24.67359686], [-48.25214193, -24.67323008], [-48.25142486, -24.67359681], [-48.25089835, -24.67364366], [-48.25021489, -24.6738006], [-48.24971433, -24.67407388], [-48.24937197, -24.67418058], [-48.24890479, -24.67434148], [-48.24858966, -24.67429498], [-48.24660215, -24.67163263], [-48.24573817, -24.67212321], [-48.24540371, -24.67237542], [-48.24515565, -24.6726413], [-48.24397747, -24.67539807], [-48.24411813, -24.67577927], [-48.24424233, -24.67641261], [-48.24468274, -24.67679933], [-48.24526656, -24.67786347], [-48.24558068, -24.67860713], [-48.24594093, -24.67927885], [-48.2459326, -24.67965788], [-48.24602456, -24.6811384], [-48.24575649, -24.68200562], [-48.24574732, -24.68242255], [-48.2457, -24.68268712], [-48.24590076, -24.68299415], [-48.24597622, -24.68333681], [-48.24617448, -24.68375755], [-48.24621096, -24.68398573], [-48.24620513, -24.68425106], [-48.24611299, -24.68466647], [-48.24598021, -24.68504323], [-48.24592872, -24.6854973], [-48.24583325, -24.68606434], [-48.24574111, -24.68647975], [-48.24568629, -24.68708544], [-48.24567045, -24.68780561], [-48.24599277, -24.68822431], [-48.24721441, -24.68733937], [-48.24894591, -24.68703684], [-48.25030278, -24.68713335], [-48.25069037, -24.68852537], [-48.25212772, -24.68852782], [-48.25268971, -24.68939606], [-48.25333497, -24.68950529], [-48.25442102, -24.68954743], [-48.25475565, -24.68953902], [-48.25525858, -24.68949807], [-48.25604001, -24.68940401], [-48.25695564, -24.68916321], [-48.25789613, -24.68908788], [-48.25825036, -24.68905267], [-48.26006849, -24.68876291], [-48.2606214, -24.68858323], [-48.26091964, -24.68840764], [-48.26108064, -24.68827327], [-48.26164071, -24.6877554], [-48.26169995, -24.68766576], [-48.26190578, -24.68750902], [-48.26243326, -24.68731278], [-48.26285078, -24.68710161], [-48.26275999, -24.68757666], [-48.26276449, -24.68810256], [-48.26278359, -24.68834426], [-48.26261363, -24.68873212], [-48.26238541, -24.68920005], [-48.26231779, -24.68970781], [-48.26243502, -24.69029449], [-48.26252088, -24.69053949], [-48.26266212, -24.69077672], [-48.26287068, -24.6910086], [-48.26305942, -24.69115898], [-48.26326088, -24.69127669], [-48.26381477, -24.69152365], [-48.26403274, -24.69176447], [-48.26420845, -24.69218216], [-48.26428788, -24.6925016], [-48.26432874, -24.69282911], [-48.26430749, -24.69303267], [-48.26412102, -24.69343718], [-48.26363121, -24.69410151], [-48.26351836, -24.6944328], [-48.26348275, -24.69463391], [-48.26350019, -24.69504432], [-48.26362114, -24.69555093], [-48.26390743, -24.69629082], [-48.26384452, -24.69642345], [-48.26377878, -24.69668542], [-48.26357939, -24.6970217], [-48.26355948, -24.69727354], [-48.26361122, -24.69743238], [-48.2638581, -24.69788865], [-48.26387813, -24.69829034], [-48.26360887, -24.69896747], [-48.26315691, -24.69976626], [-48.25730349, -24.69700644], [-48.25087698, -24.69379105], [-48.25086774, -24.69387461], [-48.25088916, -24.69398295], [-48.2510812, -24.69431268], [-48.25116021, -24.69466481], [-48.2511529, -24.69483758], [-48.24998931, -24.69426706], [-48.24876877, -24.69391039], [-48.24724144, -24.69443156], [-48.24609823, -24.69412404], [-48.24512123, -24.69338977], [-48.24445335, -24.69317071], [-48.24411779, -24.69406758], [-48.24442768, -24.69473877], [-48.24388195, -24.69553985], [-48.24398113, -24.69662436], [-48.24397107, -24.6970813], [-48.24365313, -24.6973475], [-48.24372836, -24.69772797], [-48.24392797, -24.69801379], [-48.2445864, -24.69849608], [-48.24591061, -24.69913163], [-48.24718239, -24.69981336], [-48.24799836, -24.70015749], [-48.2491682, -24.70079018], [-48.24947478, -24.70088977], [-48.24981072, -24.70132922], [-48.25030074, -24.70174708], [-48.25082346, -24.70224416], [-48.25130008, -24.70248878], [-48.25206366, -24.70253599], [-48.25254275, -24.70312486], [-48.25321413, -24.70390773], [-48.25355, -24.7042913], [-48.25390446, -24.70461231], [-48.25408891, -24.70483585], [-48.25435458, -24.70528104], [-48.25453765, -24.70556746], [-48.25511719, -24.70582968], [-48.25554849, -24.70640857], [-48.25552404, -24.70669028], [-48.25545818, -24.70734731], [-48.25518061, -24.70784432], [-48.25449525, -24.70829469], [-48.25402311, -24.70835724], [-48.25356423, -24.70834883], [-48.25297229, -24.70812831], [-48.25242854, -24.70780383], [-48.25201647, -24.70775434], [-48.25148415, -24.70795426], [-48.25120146, -24.70828456], [-48.25085178, -24.70852977], [-48.25025247, -24.70864458], [-48.24983257, -24.7089514], [-48.24918599, -24.70912825], [-48.24889002, -24.70901798], [-48.24811038, -24.7089827], [-48.2476515, -24.70897428], [-48.24657082, -24.70905927], [-48.24552358, -24.70921008], [-48.24484139, -24.70950613], [-48.24361414, -24.70990656], [-48.24310198, -24.71023262], [-48.24257781, -24.71110363], [-48.24240426, -24.71168753], [-48.24239995, -24.71292454], [-48.24250589, -24.71332488], [-48.2425604, -24.71397587], [-48.24253176, -24.71527534], [-48.24229059, -24.71684348], [-48.24210841, -24.71855884], [-48.24138727, -24.72478692], [-48.24195459, -24.72505919], [-48.24291615, -24.72565291], [-48.24415503, -24.72667065], [-48.24411408, -24.72813497], [-48.24443428, -24.72960829], [-48.24387157, -24.7303428], [-48.24347865, -24.73076111], [-48.24338597, -24.73123501], [-48.24336004, -24.73241103], [-48.24331774, -24.73308611], [-48.24303494, -24.73348142], [-48.24283268, -24.7339533], [-48.24280397, -24.73525443], [-48.24276608, -24.73572934], [-48.2427324, -24.73725566], [-48.24294165, -24.73771009], [-48.24325882, -24.73824159], [-48.24391094, -24.73832455], [-48.24478081, -24.73855021], [-48.24522092, -24.73887248], [-48.24562249, -24.73938255], [-48.24595875, -24.73973433], [-48.24618769, -24.74027264], [-48.2463899, -24.74093932], [-48.24662551, -24.74136309], [-48.24688865, -24.74192719], [-48.24721917, -24.74221289], [-48.24737684, -24.74269111], [-48.24787096, -24.74320357], [-48.24838266, -24.74360445], [-48.24870887, -24.74408581], [-48.2490357, -24.74453922], [-48.24985533, -24.74486186], [-48.25088311, -24.74549091], [-48.2516684, -24.74595773], [-48.25227379, -24.74627643], [-48.25311913, -24.74682323], [-48.25369085, -24.74728113], [-48.25438255, -24.74785307], [-48.25513547, -24.74842613], [-48.25656117, -24.74903948], [-48.25702285, -24.74931194], [-48.25713356, -24.7496624], [-48.25716458, -24.75004744], [-48.25706223, -24.75051415], [-48.25686808, -24.75096716], [-48.25656958, -24.75144444], [-48.2564367, -24.75191738], [-48.25679173, -24.75248314], [-48.2574327, -24.75280943], [-48.25773016, -24.75299849], [-48.25802673, -24.75322835], [-48.25816898, -24.75336356], [-48.25833021, -24.75365214], [-48.25850172, -24.75398172], [-48.25873954, -24.75434311], [-48.25900016, -24.75468451], [-48.25921833, -24.7549324], [-48.2599897, -24.75513293], [-48.26038639, -24.75566217], [-48.26040921, -24.75648283], [-48.26035613, -24.75704112], [-48.26022305, -24.75752338], [-48.25971856, -24.75818526], [-48.25932174, -24.75853338], [-48.25958334, -24.75920001], [-48.26031864, -24.7609749], [-48.26083997, -24.76111566], [-48.26246772, -24.76099625], [-48.26362929, -24.76149814], [-48.26311065, -24.76248751], [-48.26302822, -24.76347465], [-48.26286789, -24.76444891], [-48.2626434, -24.76553155], [-48.2622918, -24.76732617], [-48.26220179, -24.76928431], [-48.26236855, -24.77034207], [-48.26244761, -24.77134255], [-48.26275062, -24.77254259], [-48.26274452, -24.77355495], [-48.26316613, -24.77416578], [-48.26329278, -24.77447981], [-48.26456572, -24.77483095], [-48.26489364, -24.77566234], [-48.26488121, -24.7756875], [-48.26491554, -24.77571108], [-48.26574346, -24.77622439], [-48.26670919, -24.77635937], [-48.2680008, -24.77650929], [-48.26959892, -24.77665579], [-48.27045123, -24.77655401], [-48.27135391, -24.7759568], [-48.27207877, -24.77580757], [-48.27587651, -24.77571431], [-48.2764749, -24.77592374], [-48.27694823, -24.77642871], [-48.27796087, -24.77713302], [-48.27898474, -24.77732311], [-48.27974833, -24.77721064], [-48.28037789, -24.7768972], [-48.28118631, -24.77654189], [-48.28204038, -24.77635884], [-48.2829773, -24.77645709], [-48.28373381, -24.77666937], [-48.28469965, -24.77725546], [-48.28553606, -24.77788431], [-48.28623139, -24.77863696], [-48.28702927, -24.77921999], [-48.28778199, -24.7791524], [-48.28860109, -24.77876115], [-48.28937623, -24.77811638], [-48.28987283, -24.77730139], [-48.2898575, -24.77734898], [-48.29031017, -24.77833406], [-48.29128489, -24.7800454], [-48.29218035, -24.78152434], [-48.2920526, -24.78352367], [-48.29113909, -24.78481589], [-48.29183554, -24.78575233], [-48.29288673, -24.78588683], [-48.29493571, -24.78473061], [-48.29684904, -24.78399534], [-48.2976791, -24.78655088], [-48.29691479, -24.78779042], [-48.29928288, -24.78842751], [-48.30047047, -24.78846981], [-48.30174942, -24.78871416], [-48.30371406, -24.79020115], [-48.30400965, -24.79213114], [-48.30292342, -24.79361279], [-48.30238346, -24.79518127], [-48.30337594, -24.79608451], [-48.30246993, -24.7970305], [-48.29906942, -24.79827789], [-48.29608118, -24.79995607], [-48.29601565, -24.80103269], [-48.29603108, -24.80226475], [-48.29909662, -24.80285905], [-48.29987419, -24.80395091], [-48.30167433, -24.8045608], [-48.30353829, -24.804171], [-48.3054102, -24.8031313], [-48.30805856, -24.80575369], [-48.31081056, -24.80655058], [-48.31255506, -24.80648897], [-48.31393994, -24.80517217], [-48.31571377, -24.80209178], [-48.31711278, -24.80180119], [-48.31924109, -24.80101783], [-48.31858157, -24.79933154], [-48.31844337, -24.79840522], [-48.31922262, -24.79746648], [-48.32098375, -24.79645871], [-48.32325007, -24.79696121], [-48.32517794, -24.79702458], [-48.32600051, -24.79553804], [-48.32645381, -24.79410851], [-48.32775471, -24.79337525], [-48.32892813, -24.79322299], [-48.32926915, -24.79501904], [-48.33069621, -24.79631481], [-48.33241082, -24.79604733], [-48.33354894, -24.79601926], [-48.33416196, -24.79545278], [-48.33513454, -24.79517757], [-48.33503544, -24.79601688], [-48.33573975, -24.79709763], [-48.33651347, -24.79789092], [-48.33680803, -24.79890663], [-48.33596073, -24.80007522], [-48.33772505, -24.80039535], [-48.33922843, -24.80108612], [-48.34125186, -24.80112211], [-48.34223689, -24.80090866], [-48.34285555, -24.80039038], [-48.34422607, -24.7990442], [-48.34589891, -24.79825988], [-48.3458535, -24.79742182], [-48.3454082, -24.79583742], [-48.3461207, -24.79612935], [-48.34727232, -24.79628386], [-48.3484186, -24.79626686], [-48.34891196, -24.79631245], [-48.34927452, -24.79645718], [-48.34968352, -24.796796], [-48.34985415, -24.79700373], [-48.35011968, -24.79716642], [-48.35048164, -24.79729311], [-48.35064293, -24.79729326], [-48.35093029, -24.79726193], [-48.35126689, -24.79714491], [-48.35191311, -24.79668973], [-48.35234741, -24.79650059], [-48.352539, -24.79646015], [-48.35285815, -24.79646946], [-48.35333028, -24.79673161], [-48.35357583, -24.79679952], [-48.35419206, -24.79665115], [-48.35473275, -24.79664712], [-48.35509688, -24.7967738], [-48.35530901, -24.79689582], [-48.35564551, -24.79715785], [-48.35652036, -24.79757376], [-48.35682027, -24.79766428], [-48.3574926, -24.79793111], [-48.35788889, -24.79803975], [-48.35814188, -24.79809412], [-48.35898467, -24.79816705], [-48.35993574, -24.79839349], [-48.36040115, -24.79859244], [-48.3606994, -24.79880027], [-48.3607602, -24.79887252], [-48.36096802, -24.79928785], [-48.3612304, -24.80043427], [-48.36154695, -24.80088579], [-48.3621412, -24.80140523], [-48.36287337, -24.80180745], [-48.36323596, -24.80195216], [-48.36345838, -24.80199747], [-48.36394029, -24.80208361], [-48.36403852, -24.80210626], [-48.36459654, -24.80240905], [-48.36492892, -24.80249508], [-48.3652629, -24.8025179], [-48.36657056, -24.80243774], [-48.36740431, -24.80261892], [-48.36846128, -24.80266039], [-48.3691253, -24.80262482], [-48.36955969, -24.80265676], [-48.36984415, -24.80276527], [-48.37011896, -24.80295953], [-48.37026711, -24.80311308], [-48.3704243, -24.80320345], [-48.37090361, -24.80312261], [-48.37111978, -24.80323107], [-48.37151393, -24.80367361], [-48.37180067, -24.80366481], [-48.37220093, -24.80353426], [-48.37245646, -24.80352092], [-48.37253584, -24.80355257], [-48.37264516, -24.80361132], [-48.37279333, -24.80376034], [-48.37289003, -24.80410338], [-48.37301377, -24.80427946], [-48.37316484, -24.80429763], [-48.37339633, -24.80423463], [-48.37368435, -24.80417619], [-48.37397076, -24.80419445], [-48.37406621, -24.80421258], [-48.37446989, -24.80438888], [-48.37455362, -24.80439797], [-48.37493765, -24.80442985], [-48.37525428, -24.80451132], [-48.3755545, -24.80462887], [-48.37600195, -24.80492704], [-48.37626069, -24.80513029], [-48.3765339, -24.80539674], [-48.37724808, -24.80628173], [-48.37780062, -24.80690036], [-48.37824872, -24.80716242], [-48.37905114, -24.80751949], [-48.37958819, -24.80784028], [-48.38036834, -24.80859895], [-48.3806801, -24.80896018], [-48.38084438, -24.80908665], [-48.38098581, -24.80919054], [-48.38144324, -24.80939393], [-48.38175667, -24.80962429], [-48.38191134, -24.80978685], [-48.3828602, -24.81093824], [-48.38299873, -24.81117298], [-48.38325527, -24.81180942], [-48.38332629, -24.81186813], [-48.38353847, -24.8119811], [-48.38379179, -24.81205799], [-48.38459418, -24.81251431], [-48.38489696, -24.81255514], [-48.38536945, -24.81251486], [-48.38569359, -24.8125196], [-48.38586751, -24.81256484], [-48.38607198, -24.81267328], [-48.38622174, -24.81279974], [-48.38663932, -24.81340019], [-48.38681903, -24.81392827], [-48.38693443, -24.81413593], [-48.38726105, -24.81449715], [-48.38741826, -24.81459203], [-48.38763913, -24.81466437], [-48.38808438, -24.81470077], [-48.38838444, -24.81466939]]], [[[-48.62394497, -24.65911428], [-48.6245814, -24.65852126], [-48.62532139, -24.65796162], [-48.62615038, -24.65723465], [-48.6290141, -24.6537031], [-48.6295074, -24.65332999], [-48.62985641, -24.65324027], [-48.63030779, -24.65324739], [-48.6311441, -24.65310187], [-48.63156735, -24.65275939], [-48.63283609, -24.65237612], [-48.6341864, -24.65200712], [-48.63453421, -24.65198085], [-48.63540523, -24.65183586], [-48.63582607, -24.65162029], [-48.63593561, -24.65133634], [-48.63597632, -24.65101956], [-48.63598349, -24.65063878], [-48.63585357, -24.6501606], [-48.63571947, -24.64990456], [-48.63538303, -24.64932791], [-48.63532896, -24.64879044], [-48.63572169, -24.64805778], [-48.63633712, -24.64678537], [-48.63578237, -24.64651265], [-48.63530087, -24.64615652], [-48.63493935, -24.64572356], [-48.63463427, -24.64524542], [-48.63450818, -24.6447581], [-48.63442253, -24.64426625], [-48.63421469, -24.64381962], [-48.63397909, -24.6433685], [-48.63318164, -24.64179859], [-48.63129014, -24.64082077], [-48.63067547, -24.64058657], [-48.63007089, -24.64024857], [-48.62958792, -24.6399195], [-48.62916564, -24.63949559], [-48.62877928, -24.63885052], [-48.6286563, -24.63868364], [-48.62813393, -24.63781301], [-48.62790982, -24.63741603], [-48.62783476, -24.63694832], [-48.62788049, -24.63672554], [-48.62798369, -24.63654493], [-48.62815815, -24.63633268], [-48.62831732, -24.6362423], [-48.62854375, -24.63616089], [-48.62918376, -24.63612878], [-48.63015051, -24.63603325], [-48.63044512, -24.6359247], [-48.63076344, -24.63575745], [-48.63096882, -24.63560384], [-48.63130213, -24.63531925], [-48.63167276, -24.63498949], [-48.63181242, -24.63484947], [-48.63194212, -24.63462371], [-48.63203633, -24.63440249], [-48.63211818, -24.6341542], [-48.63226872, -24.63377949], [-48.63247688, -24.63330995], [-48.63252991, -24.63294886], [-48.63248919, -24.63265102], [-48.63233882, -24.63223593], [-48.6321336, -24.63191115], [-48.63176891, -24.63164968], [-48.631513, -24.63156414], [-48.6313164, -24.63152819], [-48.63063992, -24.63083822], [-48.63053248, -24.63143404], [-48.63045546, -24.63156047], [-48.63025693, -24.63176373], [-48.63003116, -24.6318993], [-48.62982756, -24.63196715], [-48.62959334, -24.63197637], [-48.62867419, -24.63180108], [-48.62836034, -24.63178779], [-48.6279692, -24.63195507], [-48.62751837, -24.63230294], [-48.62718404, -24.63248824], [-48.62670449, -24.6328271], [-48.62575116, -24.63373949], [-48.62553654, -24.63391567], [-48.62497891, -24.6342591], [-48.62442492, -24.63451677], [-48.623868, -24.63462099], [-48.62313171, -24.63464863], [-48.62284537, -24.634703], [-48.62238024, -24.63496512], [-48.62162624, -24.63524104], [-48.62074832, -24.63525516], [-48.62041038, -24.63520577], [-48.62025267, -24.63519685], [-48.61999765, -24.63505262], [-48.6193521, -24.63470807], [-48.61860241, -24.63428059], [-48.61770691, -24.63355065], [-48.61721108, -24.63305794], [-48.61653629, -24.63267781], [-48.61563386, -24.63223956], [-48.61486065, -24.63179695], [-48.61426337, -24.63132571], [-48.6133374, -24.63087232], [-48.6127575, -24.63081693], [-48.61197778, -24.63064294], [-48.61142358, -24.63056487], [-48.61012216, -24.63039297], [-48.60923243, -24.63022988], [-48.60855241, -24.6301267], [-48.6079038, -24.6297008], [-48.60740668, -24.62927729], [-48.60652906, -24.62894009], [-48.60547602, -24.6285308], [-48.60504382, -24.62823015], [-48.60446564, -24.62780161], [-48.60430508, -24.62808152], [-48.60415833, -24.62826214], [-48.60407381, -24.62830732], [-48.60400222, -24.62830737], [-48.60378892, -24.62821273], [-48.6032576, -24.62787909], [-48.60289295, -24.62759048], [-48.60246545, -24.62744182], [-48.60188216, -24.62733386], [-48.60151216, -24.62731604], [-48.60112805, -24.62742008], [-48.60095782, -24.62756912], [-48.60087064, -24.62775421], [-48.60082741, -24.62814689], [-48.60079592, -24.62853955], [-48.60078968, -24.6288645], [-48.60071541, -24.62900445], [-48.60053375, -24.62913545], [-48.60041374, -24.62916711], [-48.59998682, -24.62898233], [-48.59967818, -24.62889226], [-48.59947395, -24.62895557], [-48.59918369, -24.62913627], [-48.59895301, -24.62931694], [-48.59884473, -24.62935762], [-48.59864019, -24.62944349], [-48.59800429, -24.62957476], [-48.59751337, -24.62963372], [-48.59719149, -24.6295933], [-48.59676342, -24.62949878], [-48.59602251, -24.62950823], [-48.59558478, -24.62928283], [-48.59537506, -24.62900765], [-48.59522193, -24.62889491], [-48.594925, -24.62880482], [-48.5946419, -24.62861543], [-48.5945155, -24.62834021], [-48.59450098, -24.6278573], [-48.5946326, -24.62721636], [-48.59463737, -24.62697716], [-48.59449747, -24.62680123], [-48.59427244, -24.62669755], [-48.59383323, -24.62654887], [-48.59357241, -24.62643619], [-48.59352607, -24.62636852], [-48.59352696, -24.62631436], [-48.59366079, -24.62618341], [-48.59423104, -24.62573627], [-48.59447436, -24.62551047], [-48.59452485, -24.62535699], [-48.59452863, -24.62512365], [-48.59454315, -24.62503204], [-48.59442242, -24.62447247], [-48.59438024, -24.62417462], [-48.59422462, -24.62357446], [-48.59407268, -24.62339854], [-48.59384885, -24.62322716], [-48.59357541, -24.62315962], [-48.59327672, -24.62316431], [-48.59282013, -24.62330899], [-48.59251844, -24.62345809], [-48.59225018, -24.62373806], [-48.59193588, -24.62394133], [-48.59179241, -24.62395043], [-48.59154332, -24.62386031], [-48.59116488, -24.62365744], [-48.59085832, -24.62344097], [-48.59079874, -24.62337848], [-48.59005408, -24.62269698], [-48.58963371, -24.62222849], [-48.58920696, -24.6212575], [-48.58925709, -24.62011294], [-48.58939716, -24.61904875], [-48.58902573, -24.61814044], [-48.5889229, -24.61726379], [-48.58821732, -24.61662355], [-48.58745037, -24.61606436], [-48.58698086, -24.61559198], [-48.58657012, -24.61499005], [-48.58659402, -24.61490431], [-48.5860946, -24.61504865], [-48.58559315, -24.61541023], [-48.58453277, -24.61620262], [-48.58362431, -24.61680885], [-48.58273651, -24.61745327], [-48.58201256, -24.61794456], [-48.58140929, -24.61839025], [-48.58134245, -24.61843184], [-48.58073423, -24.61874559], [-48.58016349, -24.61898325], [-48.57974281, -24.6191152], [-48.57967723, -24.61912995], [-48.57927987, -24.61919333], [-48.57921862, -24.61919954], [-48.57916793, -24.61919937], [-48.57872236, -24.61917855], [-48.57866204, -24.61932726], [-48.57851221, -24.61974137], [-48.57831734, -24.62013989], [-48.57829041, -24.62018693], [-48.57824804, -24.62024168], [-48.57787708, -24.62065256], [-48.5773914, -24.62117297], [-48.57730482, -24.6212623], [-48.57766368, -24.62102869], [-48.57820991, -24.62060419], [-48.57838902, -24.6203288], [-48.57851626, -24.61998574], [-48.5787521, -24.62013907], [-48.57934241, -24.62020649], [-48.57961278, -24.62031016], [-48.57970818, -24.62039135], [-48.58007533, -24.62085603], [-48.58107933, -24.62178977], [-48.58181603, -24.62254761], [-48.58287764, -24.62377918], [-48.58369419, -24.62489803], [-48.58388162, -24.62511457], [-48.58439289, -24.62554757], [-48.58520069, -24.62594432], [-48.58557538, -24.62608854], [-48.58640913, -24.6265304], [-48.58718501, -24.62702405], [-48.58822277, -24.62767126], [-48.58883101, -24.62818543], [-48.58952067, -24.62863186], [-48.59054293, -24.62944366], [-48.59083009, -24.62970978], [-48.59107838, -24.630003], [-48.59145001, -24.63059402], [-48.59180919, -24.63101354], [-48.59216121, -24.63136536], [-48.59269567, -24.63180284], [-48.59326591, -24.63219516], [-48.59346237, -24.6323007], [-48.59387312, -24.63250622], [-48.59439043, -24.63267742], [-48.59468516, -24.63270885], [-48.59518659, -24.63265892], [-48.59560784, -24.63268122], [-48.59660019, -24.63300107], [-48.59797644, -24.63378104], [-48.59872562, -24.63406492], [-48.59854475, -24.63441614], [-48.59845105, -24.63470667], [-48.5983135, -24.63498643], [-48.59828743, -24.6351975], [-48.59817983, -24.63563887], [-48.59806681, -24.63578811], [-48.59786066, -24.63619768], [-48.59777702, -24.63653874], [-48.5977722, -24.6367904], [-48.59761245, -24.63765387], [-48.59752996, -24.63793452], [-48.59746911, -24.63823564], [-48.59749561, -24.63857846], [-48.59755379, -24.63899226], [-48.59758879, -24.63946611], [-48.59763809, -24.639769], [-48.59775269, -24.64011322], [-48.59786961, -24.64033663], [-48.59745146, -24.64030981], [-48.59714774, -24.64055575], [-48.59702672, -24.64047909], [-48.59678626, -24.64040251], [-48.59623387, -24.64000569], [-48.5959066, -24.63981632], [-48.59559763, -24.63970819], [-48.59527601, -24.63964519], [-48.59500035, -24.63954156], [-48.5948179, -24.63943785], [-48.59459184, -24.63922587], [-48.59423257, -24.63869804], [-48.59407632, -24.6385492], [-48.59380832, -24.63837334], [-48.59338974, -24.63820659], [-48.59239584, -24.63792283], [-48.59167475, -24.63761635], [-48.5909832, -24.6372286], [-48.59024583, -24.63657912], [-48.58948204, -24.63609212], [-48.58839271, -24.63517654], [-48.58723529, -24.6344009], [-48.58651774, -24.6338236], [-48.58547192, -24.63284479], [-48.58520155, -24.63228079], [-48.58512678, -24.63208645], [-48.58490264, -24.63148212], [-48.58458485, -24.63107159], [-48.58431748, -24.63085059], [-48.58387236, -24.63063418], [-48.58298066, -24.63031872], [-48.58256702, -24.63011583], [-48.58234013, -24.62995798], [-48.5817974, -24.62957012], [-48.5815199, -24.62942584], [-48.58107424, -24.62933128], [-48.5808128, -24.62921408], [-48.58060565, -24.62904718], [-48.58054577, -24.62903819], [-48.58003427, -24.62872704], [-48.57966503, -24.6284158], [-48.57911898, -24.62814979], [-48.5784941, -24.62761754], [-48.57825701, -24.62744164], [-48.57784986, -24.62719812], [-48.57762765, -24.62714858], [-48.5770944, -24.62709919], [-48.57677655, -24.62706324], [-48.57594031, -24.62652656], [-48.57553744, -24.62621984], [-48.5751941, -24.62584993], [-48.57470835, -24.62517768], [-48.57462122, -24.62498817], [-48.57459692, -24.6245504], [-48.57503593, -24.62385968], [-48.57521786, -24.62359332], [-48.57540688, -24.62335855], [-48.57580874, -24.62300182], [-48.57592301, -24.62260461], [-48.57592845, -24.62259442], [-48.57536033, -24.62323344], [-48.57479857, -24.62372126], [-48.57444043, -24.62403758], [-48.57438945, -24.62407214], [-48.57414218, -24.6242182], [-48.57396637, -24.62432784], [-48.57352777, -24.62459092], [-48.57311313, -24.62489824], [-48.57284427, -24.62518627], [-48.57258886, -24.62559635], [-48.57228271, -24.62601845], [-48.57183261, -24.6265478], [-48.57181167, -24.62657029], [-48.57176608, -24.62661063], [-48.57133022, -24.62694931], [-48.57085335, -24.62729864], [-48.57046043, -24.62768821], [-48.57003284, -24.62828074], [-48.56972734, -24.62868795], [-48.56939401, -24.62906712], [-48.56904362, -24.62939082], [-48.56899433, -24.62942895], [-48.56854975, -24.62972121], [-48.56850325, -24.62974537], [-48.56799723, -24.62997624], [-48.56747856, -24.63026564], [-48.56690458, -24.63060606], [-48.56569979, -24.63149429], [-48.56497215, -24.63207737], [-48.5643956, -24.63254973], [-48.56415873, -24.6327274], [-48.56400575, -24.63290121], [-48.56389021, -24.63306699], [-48.56385, -24.63311316], [-48.5638159, -24.63314427], [-48.56356879, -24.63334832], [-48.56332855, -24.63352246], [-48.56330641, -24.6335558], [-48.56323904, -24.63372092], [-48.56322788, -24.6340193], [-48.56316436, -24.63413666], [-48.56288953, -24.63440304], [-48.56272849, -24.63451593], [-48.56209926, -24.63518862], [-48.56203544, -24.63531051], [-48.56178259, -24.63576192], [-48.5618429, -24.6360733], [-48.56203054, -24.63678631], [-48.56206986, -24.63705257], [-48.56217615, -24.63734588], [-48.56243739, -24.6376978], [-48.56281469, -24.63810835], [-48.56314469, -24.6383023], [-48.56361817, -24.63848715], [-48.56457063, -24.63871694], [-48.56527132, -24.63903709], [-48.56615729, -24.63960089], [-48.56698489, -24.64005637], [-48.56774981, -24.64043064], [-48.5682984, -24.64081854], [-48.56849757, -24.64103509], [-48.56909181, -24.64196906], [-48.56924042, -24.64230297], [-48.570214, -24.64274794], [-48.57176867, -24.64280041], [-48.57317646, -24.64271377], [-48.57426476, -24.64212978], [-48.57530328, -24.64102544], [-48.57558107, -24.63903382], [-48.57610322, -24.6383313], [-48.5767974, -24.63801436], [-48.57741256, -24.63777818], [-48.57794507, -24.63767132], [-48.57893302, -24.63752562], [-48.57953817, -24.63758154], [-48.58038829, -24.63803392], [-48.58096466, -24.63827406], [-48.58141341, -24.63858144], [-48.58197073, -24.63849805], [-48.58257858, -24.63841548], [-48.58293121, -24.63846733], [-48.58365952, -24.63868684], [-48.58418673, -24.63885694], [-48.58473295, -24.63935056], [-48.58535893, -24.63963769], [-48.58603535, -24.63977681], [-48.58664952, -24.63971028], [-48.58710708, -24.63981948], [-48.58735529, -24.63995079], [-48.5876306, -24.64012071], [-48.58880346, -24.640478], [-48.58955619, -24.64074403], [-48.59045643, -24.64122024], [-48.59103104, -24.64155268], [-48.59163002, -24.6419317], [-48.59208238, -24.6420544], [-48.59288959, -24.64211351], [-48.59376815, -24.64240463], [-48.59459973, -24.6425103], [-48.59502549, -24.64270182], [-48.59776698, -24.64501648], [-48.59835445, -24.64557253], [-48.59901957, -24.64623915], [-48.59973222, -24.64650565], [-48.60040501, -24.6467715], [-48.60247047, -24.64836201], [-48.60307305, -24.64855634], [-48.60347447, -24.64870128], [-48.60392421, -24.64896241], [-48.60439391, -24.64950095], [-48.605067, -24.64997344], [-48.60533951, -24.65025485], [-48.60571129, -24.65063018], [-48.60627674, -24.65144729], [-48.6066865, -24.65193743], [-48.60741798, -24.65386666], [-48.60776715, -24.65410311], [-48.6079648, -24.65433715], [-48.60836494, -24.6545513], [-48.60884744, -24.65442047], [-48.60915315, -24.6542868], [-48.60953638, -24.65406201], [-48.6102249, -24.65372663], [-48.61053675, -24.65326983], [-48.61128147, -24.65263521], [-48.61179538, -24.6521816], [-48.61243467, -24.65177617], [-48.61279528, -24.65141248], [-48.61335529, -24.65119051], [-48.61375894, -24.65122001], [-48.61426273, -24.65129728], [-48.6146376, -24.65151101], [-48.61501385, -24.6520531], [-48.61507605, -24.65243498], [-48.61510535, -24.65272112], [-48.61533935, -24.65320096], [-48.61533332, -24.65351828], [-48.61549365, -24.65421913], [-48.61565779, -24.65499049], [-48.61603621, -24.65501959], [-48.61653781, -24.65521226], [-48.61671023, -24.65544587], [-48.61693272, -24.65570338], [-48.61788326, -24.65620331], [-48.61858868, -24.65630685], [-48.6191452, -24.6562695], [-48.62080103, -24.65624341], [-48.62159283, -24.65654751], [-48.62218462, -24.65688488], [-48.62268286, -24.65794965], [-48.62310483, -24.65883099], [-48.62331394, -24.65942171], [-48.62394497, -24.65911428]]]]}}]}