{"type": "FeatureCollection", "features": [{"type": "Feature", "properties": {"name": "Parque Estadual Serra do Mar - Núcleo Itutinga Pilões"}, "geometry": {"type": "MultiPolygon", "coordinates": [[[[-46.61094584, -24.0839592], [-46.61106589, -24.08374115], [-46.61114866, -24.0834441], [-46.61125477, -24.08295227], [-46.61138495, -24.082784], [-46.6119987, -24.0822854], [-46.61232231, -24.08199837], [-46.61237715, -24.08187348], [-46.61235326, -24.08167905], [-46.61223514, -24.0813273], [-46.61181642, -24.08037515], [-46.61091505, -24.07868594], [-46.61073998, -24.07832721], [-46.61053066, -24.07767007], [-46.61041489, -24.07736259], [-46.61017211, -24.07677821], [-46.60992354, -24.07632922], [-46.60956783, -24.07587538], [-46.60829863, -24.07461716], [-46.60803242, -24.07430703], [-46.60791809, -24.0740384], [-46.60757534, -24.07271596], [-46.60741251, -24.072398], [-46.60701045, -24.07188311], [-46.6064478, -24.07131668], [-46.60625335, -24.07108144], [-46.60612776, -24.07084518], [-46.6060349, -24.07058944], [-46.60580075, -24.06973785], [-46.60560383, -24.06925423], [-46.60545961, -24.06901415], [-46.60519178, -24.06839425], [-46.60427869, -24.06649715], [-46.60420694, -24.0661369], [-46.60415858, -24.0651511], [-46.6040905, -24.0648821], [-46.60388217, -24.06444169], [-46.60349989, -24.0639216], [-46.60329353, -24.06369524], [-46.60311961, -24.06339882], [-46.60301379, -24.06308513], [-46.60296537, -24.06281636], [-46.60293725, -24.06235999], [-46.60299969, -24.0618261], [-46.60310881, -24.06154471], [-46.60326428, -24.06132437], [-46.60344362, -24.06115668], [-46.60373801, -24.06099033], [-46.60392787, -24.06084353], [-46.6040042, -24.06065749], [-46.60397749, -24.06045489], [-46.60385847, -24.05995773], [-46.60364991, -24.05953447], [-46.60293623, -24.05858608], [-46.60267126, -24.05811792], [-46.60244125, -24.05753909], [-46.60224621, -24.05727764], [-46.60172093, -24.05671705], [-46.60128491, -24.05638687], [-46.60086012, -24.05595567], [-46.6006534, -24.05561461], [-46.60045898, -24.0554507], [-46.60027069, -24.05534104], [-46.60007262, -24.055299], [-46.59964303, -24.05528677], [-46.59914513, -24.05530805], [-46.59875478, -24.05537394], [-46.59847168, -24.05529388], [-46.59823173, -24.0551511], [-46.59802498, -24.05488319], [-46.59790984, -24.05467595], [-46.59788404, -24.05447968], [-46.59794917, -24.05425016], [-46.59812658, -24.05393706], [-46.59836052, -24.05302137], [-46.5983495, -24.05275123], [-46.5981758, -24.05229857], [-46.59814015, -24.05203265], [-46.59828419, -24.05171465], [-46.59852565, -24.05132102], [-46.59868667, -24.05098425], [-46.59877149, -24.05075315], [-46.59884408, -24.05048127], [-46.59900544, -24.05012012], [-46.5992202, -24.04916808], [-46.59958144, -24.04821866], [-46.59963516, -24.04803144], [-46.59989977, -24.04745656], [-46.60008756, -24.04717429], [-46.6001756, -24.04692336], [-46.60016106, -24.04662337], [-46.60005398, -24.04625999], [-46.59989577, -24.04596736], [-46.59974827, -24.04575342], [-46.5995776, -24.04557984], [-46.59947422, -24.04544679], [-46.59940583, -24.0452726], [-46.59942386, -24.04503531], [-46.59961123, -24.04471239], [-46.60049487, -24.04367332], [-46.60098345, -24.04325638], [-46.60144116, -24.04293841], [-46.60192186, -24.0427354], [-46.60266301, -24.04282711], [-46.60337255, -24.04285885], [-46.60416077, -24.04253208], [-46.6051745, -24.04218173], [-46.60599109, -24.04172253], [-46.60619029, -24.04153881], [-46.60614325, -24.0408131], [-46.60644082, -24.04041198], [-46.60699477, -24.03988741], [-46.60732539, -24.03951376], [-46.60771037, -24.03897729], [-46.60798771, -24.03875926], [-46.60829113, -24.03857585], [-46.60890623, -24.03839424], [-46.60911811, -24.03828833], [-46.60918371, -24.03816537], [-46.60919623, -24.0380418], [-46.60913372, -24.03786859], [-46.60887691, -24.03766603], [-46.60861681, -24.03748872], [-46.60722636, -24.03527991], [-46.60648756, -24.03402057], [-46.60584227, -24.03304046], [-46.60574946, -24.03285425], [-46.60533517, -24.03223625], [-46.60502431, -24.03189037], [-46.60457851, -24.03120517], [-46.60448614, -24.03091601], [-46.60443742, -24.03066981], [-46.60445391, -24.0302582], [-46.60448542, -24.03004092], [-46.60447253, -24.02983487], [-46.60437486, -24.02921693], [-46.60404339, -24.02772842], [-46.60397405, -24.02719479], [-46.6039804, -24.02680564], [-46.60400006, -24.02659274], [-46.60409917, -24.02632117], [-46.60421118, -24.0261843], [-46.60455366, -24.02594716], [-46.60480782, -24.02569725], [-46.60494313, -24.02543964], [-46.60502311, -24.02520035], [-46.60507573, -24.02494991], [-46.60506245, -24.02470051], [-46.60483876, -24.02416599], [-46.60453117, -24.02379847], [-46.60422623, -24.023524], [-46.60331125, -24.02285501], [-46.60299188, -24.02255779], [-46.6022878, -24.02185422], [-46.60145872, -24.0209469], [-46.60110164, -24.02060408], [-46.60029214, -24.01970421], [-46.59976361, -24.01903428], [-46.59945396, -24.01867485], [-46.59908411, -24.01833279], [-46.59806128, -24.01750447], [-46.59762133, -24.01711281], [-46.59551097, -24.01487831], [-46.59470456, -24.01411481], [-46.59404828, -24.01358605], [-46.59338202, -24.01313936], [-46.59174496, -24.01215841], [-46.59147281, -24.01193396], [-46.59098365, -24.01140715], [-46.59016616, -24.01045384], [-46.58970259, -24.01006731], [-46.58937258, -24.00976181], [-46.58921252, -24.00946552], [-46.58917454, -24.00915622], [-46.58924962, -24.00891778], [-46.58950296, -24.00858571], [-46.58971289, -24.00826396], [-46.58974259, -24.00803673], [-46.58972461, -24.00749105], [-46.5897997, -24.00718127], [-46.58996452, -24.00692221], [-46.59042915, -24.00645353], [-46.59087289, -24.00607221], [-46.59110616, -24.00576879], [-46.59130491, -24.00540266], [-46.59196749, -24.00398624], [-46.59215189, -24.00344926], [-46.59224627, -24.00295276], [-46.59226419, -24.0025818], [-46.59222428, -24.00205754], [-46.59205733, -24.00126628], [-46.59197551, -24.00099891], [-46.59189301, -24.00063941], [-46.59194002, -24.00043948], [-46.59226603, -24.00025274], [-46.59233478, -24.00004493], [-46.59216571, -23.9991227], [-46.59215632, -23.99894919], [-46.59217242, -23.9987805], [-46.59225677, -23.99858191], [-46.59236524, -23.9984161], [-46.592816, -23.99788133], [-46.59307451, -23.99759898], [-46.59334232, -23.99714244], [-46.5934216, -23.99681283], [-46.59342428, -23.9966196], [-46.59370362, -23.99660752], [-46.59401314, -23.99661656], [-46.59437246, -23.99664966], [-46.5944921, -23.99667093], [-46.59490009, -23.99680935], [-46.59525236, -23.99678367], [-46.59581675, -23.99670267], [-46.59595421, -23.99671421], [-46.59610315, -23.99674846], [-46.59649998, -23.99691294], [-46.59666366, -23.99694737], [-46.59710755, -23.99697874], [-46.5972788, -23.99696358], [-46.59768646, -23.99684281], [-46.59791539, -23.99670822], [-46.5982072, -23.99643437], [-46.59847274, -23.99606991], [-46.59875825, -23.99575355], [-46.59895908, -23.99558972], [-46.59948902, -23.99529788], [-46.59981449, -23.9952195], [-46.60037296, -23.99520975], [-46.60105174, -23.9953152], [-46.60158857, -23.99544969], [-46.60237858, -23.99575782], [-46.60268521, -23.99590498], [-46.60319548, -23.99618276], [-46.60349326, -23.99640206], [-46.60386829, -23.99672161], [-46.60426051, -23.99700704], [-46.60463905, -23.99721464], [-46.60502998, -23.99737993], [-46.60636582, -23.99774225], [-46.60716967, -23.998046], [-46.60756056, -23.99828625], [-46.60801322, -23.99868074], [-46.60844546, -23.99913008], [-46.60934747, -24.00023239], [-46.60942483, -24.00039675], [-46.60936147, -24.00057211], [-46.60933707, -24.00077412], [-46.60934813, -24.00089888], [-46.60938095, -24.00101485], [-46.60950499, -24.00121588], [-46.60970037, -24.00137709], [-46.60987079, -24.00142241], [-46.61006162, -24.00141379], [-46.610198, -24.00136119], [-46.61034883, -24.00125908], [-46.6105677, -24.00114151], [-46.61073276, -24.00107659], [-46.61109, -24.00104732], [-46.61132543, -24.00108346], [-46.61153329, -24.00119515], [-46.61181163, -24.00147111], [-46.61211837, -24.00168327], [-46.612312, -24.00175686], [-46.6126158, -24.00175406], [-46.61320566, -24.00160827], [-46.61350099, -24.00157827], [-46.61367873, -24.00159207], [-46.61389112, -24.00165955], [-46.61421431, -24.00181953], [-46.61457229, -24.0020955], [-46.61488366, -24.00240074], [-46.61553529, -24.00319938], [-46.61587136, -24.00363946], [-46.61618543, -24.00396369], [-46.61702036, -24.0051609], [-46.6175586, -24.00612981], [-46.61776727, -24.00646998], [-46.61799023, -24.00677148], [-46.61824303, -24.00704803], [-46.61847918, -24.00724854], [-46.61888519, -24.00746364], [-46.6195563, -24.00770439], [-46.62065811, -24.00779296], [-46.6209885, -24.00785908], [-46.62227865, -24.00819365], [-46.6227113, -24.00833138], [-46.62417, -24.00863446], [-46.62440643, -24.0086706], [-46.62531279, -24.00874605], [-46.62565727, -24.00878885], [-46.62670498, -24.00909711], [-46.62811784, -24.00973557], [-46.6282269, -24.00981268], [-46.62870116, -24.01007189], [-46.62936704, -24.01033692], [-46.62960628, -24.01052841], [-46.62976949, -24.01074432], [-46.62992846, -24.01127174], [-46.6300394, -24.01135519], [-46.63014143, -24.01137081], [-46.6303784, -24.01136811], [-46.63108589, -24.0111044], [-46.63140686, -24.01106925], [-46.63167627, -24.01106601], [-46.63277754, -24.01112469], [-46.63304803, -24.01111425], [-46.63321604, -24.01104934], [-46.63340036, -24.01086903], [-46.63354097, -24.01065029], [-46.63368828, -24.01037202], [-46.63386395, -24.01010491], [-46.63406711, -24.00991217], [-46.63424851, -24.00980227], [-46.63445144, -24.00969983], [-46.6349479, -24.0095547], [-46.63623956, -24.00934642], [-46.63675577, -24.00934058], [-46.63721369, -24.00935485], [-46.63791615, -24.00946131], [-46.6382987, -24.00959663], [-46.63911266, -24.0100358], [-46.63949961, -24.01028314], [-46.63996721, -24.0105269], [-46.64035029, -24.01062429], [-46.64117699, -24.01063101], [-46.64181957, -24.01058506], [-46.64233701, -24.01070655], [-46.64328344, -24.01080132], [-46.64373883, -24.0104218], [-46.64411409, -24.01007838], [-46.64438517, -24.00980603], [-46.6451762, -24.00888576], [-46.64547717, -24.00843765], [-46.64572905, -24.00798445], [-46.64594969, -24.00751465], [-46.64669832, -24.00623717], [-46.64686578, -24.00599344], [-46.64749111, -24.00532955], [-46.64793871, -24.0047955], [-46.64847066, -24.0040574], [-46.64869686, -24.00361204], [-46.64883993, -24.00320727], [-46.64946102, -24.00176126], [-46.64957158, -24.00143469], [-46.64973609, -24.00104372], [-46.64920059, -24.0007333], [-46.64878545, -24.00038992], [-46.64853502, -24.00015318], [-46.64748199, -23.99965805], [-46.64441761, -23.9985267], [-46.64384731, -23.99850934], [-46.64363193, -23.99846009], [-46.64325315, -23.99819207], [-46.64299787, -23.99787849], [-46.64267049, -23.99759029], [-46.6424693, -23.99749317], [-46.64218975, -23.99744844], [-46.64177146, -23.99748612], [-46.64160866, -23.99753122], [-46.64111714, -23.99775048], [-46.64079771, -23.99768237], [-46.64027102, -23.99730515], [-46.63979892, -23.99681536], [-46.63930363, -23.99589059], [-46.63890115, -23.99484382], [-46.63878207, -23.99467624], [-46.63842403, -23.99434415], [-46.63821224, -23.99422903], [-46.63755141, -23.99400166], [-46.63735698, -23.99398262], [-46.63706144, -23.9940349], [-46.63682393, -23.99415229], [-46.63598374, -23.99443432], [-46.63561932, -23.99445266], [-46.63537393, -23.99440019], [-46.6349236, -23.99415306], [-46.63471812, -23.99399272], [-46.63459584, -23.9938044], [-46.6343006, -23.99307432], [-46.63413855, -23.99277265], [-46.63372335, -23.99228714], [-46.6331977, -23.99212891], [-46.63205171, -23.99197406], [-46.63107957, -23.99167795], [-46.63030831, -23.99121665], [-46.62990715, -23.9910388], [-46.6297106, -23.99088377], [-46.62947317, -23.99052691], [-46.62940228, -23.99004818], [-46.62924092, -23.98979977], [-46.62909966, -23.98966492], [-46.62894725, -23.98958165], [-46.62870489, -23.98953547], [-46.62830218, -23.98955509], [-46.6270996, -23.9898216], [-46.62676969, -23.98984767], [-46.6263885, -23.98978128], [-46.62554763, -23.98942449], [-46.62552556, -23.9893886], [-46.62494116, -23.98910675], [-46.62420554, -23.98867749], [-46.62384226, -23.98855041], [-46.62316574, -23.98813136], [-46.62253742, -23.98755919], [-46.62211933, -23.98705704], [-46.62185319, -23.9866806], [-46.6215723, -23.98638288], [-46.62107303, -23.98598994], [-46.62063593, -23.98577423], [-46.62030005, -23.98555745], [-46.61973641, -23.98504689], [-46.61931314, -23.98491501], [-46.61886733, -23.98486734], [-46.61850662, -23.98478627], [-46.61811855, -23.98464047], [-46.61729061, -23.98421306], [-46.61694319, -23.98393679], [-46.61649157, -23.98342324], [-46.6161475, -23.98317944], [-46.61590536, -23.98307093], [-46.61527881, -23.98287165], [-46.61488063, -23.98278102], [-46.6146315, -23.98266355], [-46.61439964, -23.98251158], [-46.61420456, -23.98231497], [-46.61401004, -23.98200549], [-46.61367226, -23.98131916], [-46.61352089, -23.98115912], [-46.6132688, -23.9809613], [-46.61250787, -23.9805458], [-46.61181624, -23.98040679], [-46.61142218, -23.9802511], [-46.61102721, -23.97994371], [-46.61090661, -23.97972917], [-46.61070559, -23.97905403], [-46.61064465, -23.97865826], [-46.61058266, -23.97857313], [-46.6103303, -23.9784313], [-46.60985393, -23.97845255], [-46.60969513, -23.97840636], [-46.6095348, -23.97831593], [-46.60938671, -23.97818204], [-46.60912583, -23.9778299], [-46.60875035, -23.97750786], [-46.60820793, -23.97719569], [-46.60710198, -23.97677023], [-46.60635779, -23.97635362], [-46.6058852, -23.97596577], [-46.60533603, -23.97526628], [-46.6052148, -23.97515828], [-46.60497225, -23.97501453], [-46.60480142, -23.9749486], [-46.60453154, -23.97489905], [-46.60434099, -23.97490736], [-46.60404428, -23.97499264], [-46.6037199, -23.97514502], [-46.60353017, -23.97513978], [-46.60341266, -23.97509405], [-46.60313471, -23.97478994], [-46.60263729, -23.97390298], [-46.60220591, -23.97350836], [-46.60010014, -23.97233116], [-46.5996172, -23.97213753], [-46.59937615, -23.97211386], [-46.59927974, -23.97214846], [-46.5964399, -23.97011477], [-46.59652598, -23.96993475], [-46.59675691, -23.96965719], [-46.59734939, -23.96913658], [-46.59749886, -23.96904675], [-46.59787736, -23.96892642], [-46.59873802, -23.96877517], [-46.59901184, -23.96880821], [-46.59918195, -23.96887822], [-46.5993645, -23.96890024], [-46.5995216, -23.96897039], [-46.59977626, -23.96903353], [-46.59989519, -23.96917586], [-46.6001835, -23.96932838], [-46.60051072, -23.96946853], [-46.60095688, -23.96975101], [-46.60136309, -23.96996211], [-46.6019381, -23.97013557], [-46.60212006, -23.970177], [-46.60240447, -23.97013038], [-46.6029096, -23.97000872], [-46.60352771, -23.97006045], [-46.60397022, -23.97022201], [-46.60568867, -23.97073642], [-46.60652117, -23.97120027], [-46.6068487, -23.97136433], [-46.60737476, -23.97178951], [-46.60751914, -23.9719381], [-46.60918001, -23.97247645], [-46.60991081, -23.97261234], [-46.61037585, -23.97284076], [-46.61125446, -23.97334597], [-46.6122489, -23.97374228], [-46.61264005, -23.97378603], [-46.61308296, -23.9738053], [-46.61358993, -23.97374015], [-46.6145012, -23.97373056], [-46.61485793, -23.97362512], [-46.61546859, -23.97352298], [-46.61617202, -23.97355146], [-46.61681185, -23.97370025], [-46.61737447, -23.97392163], [-46.61782038, -23.97418013], [-46.61809091, -23.97447038], [-46.61838314, -23.97493388], [-46.61916497, -23.97602628], [-46.61961463, -23.97658383], [-46.62006279, -23.97702175], [-46.62045649, -23.97726882], [-46.62097932, -23.97743079], [-46.62155379, -23.97755632], [-46.62206076, -23.97749114], [-46.62283917, -23.97726756], [-46.62344654, -23.97690223], [-46.62395021, -23.97657388], [-46.6246113, -23.97633958], [-46.62515702, -23.97625005], [-46.62556164, -23.97632951], [-46.62708955, -23.97672547], [-46.62816553, -23.97671728], [-46.62881986, -23.97673618], [-46.62946191, -23.97689739], [-46.63044094, -23.97700978], [-46.63110681, -23.97682821], [-46.63164504, -23.97656399], [-46.63174348, -23.97647418], [-46.63194207, -23.97624059], [-46.63236252, -23.97601351], [-46.63292053, -23.97564567], [-46.63364249, -23.97545057], [-46.63512473, -23.975312], [-46.63547762, -23.9749298], [-46.63592648, -23.97456623], [-46.63722053, -23.97342598], [-46.63787408, -23.9730402], [-46.63848967, -23.97277836], [-46.63890374, -23.97270931], [-46.64104413, -23.97289646], [-46.64184734, -23.97301066], [-46.64204796, -23.9731032], [-46.64220074, -23.97314905], [-46.64340692, -23.97398271], [-46.64408577, -23.97427271], [-46.64457156, -23.97431274], [-46.6447525, -23.9742751], [-46.64596594, -23.97390358], [-46.64653164, -23.9735968], [-46.64704795, -23.97334529], [-46.64720927, -23.97328885], [-46.64762941, -23.97308761], [-46.64793072, -23.97300037], [-46.64824021, -23.9730035], [-46.649085, -23.97306874], [-46.64993784, -23.97321467], [-46.65075372, -23.97321882], [-46.65137685, -23.97299886], [-46.65190728, -23.97262818], [-46.65219727, -23.97227671], [-46.65238631, -23.97190225], [-46.65251486, -23.9715244], [-46.65255954, -23.97143514], [-46.65261334, -23.97069138], [-46.65259362, -23.96969638], [-46.65254162, -23.96892791], [-46.65242123, -23.9680208], [-46.65229878, -23.96764681], [-46.65206676, -23.96741168], [-46.65205759, -23.96736922], [-46.65199958, -23.96733525], [-46.6516738, -23.96705346], [-46.65133307, -23.96680509], [-46.65080265, -23.96657169], [-46.65039888, -23.96634338], [-46.64999463, -23.96607631], [-46.64970329, -23.96584033], [-46.64938189, -23.96545281], [-46.64923649, -23.96507955], [-46.64918151, -23.96462777], [-46.64913879, -23.96403368], [-46.64928772, -23.96357971], [-46.64963783, -23.9629905], [-46.65003335, -23.96248924], [-46.65030187, -23.96200763], [-46.65056101, -23.96146419], [-46.65071632, -23.96105955], [-46.65073875, -23.96080694], [-46.65077023, -23.96071384], [-46.65081591, -23.96043546], [-46.65079224, -23.96019963], [-46.6505964, -23.9601532], [-46.65038608, -23.96007329], [-46.65008386, -23.95987427], [-46.64968905, -23.95950377], [-46.64947849, -23.95924959], [-46.6492978, -23.95871787], [-46.64913226, -23.9576767], [-46.6490646, -23.95753295], [-46.64893839, -23.95742144], [-46.64868039, -23.95737725], [-46.6485734, -23.95738562], [-46.64812359, -23.95755751], [-46.6479851, -23.95763846], [-46.64770492, -23.95762702], [-46.64760329, -23.95751704], [-46.6475282, -23.95725237], [-46.64748324, -23.95719325], [-46.64739926, -23.95715713], [-46.64707435, -23.95718319], [-46.6466163, -23.95709239], [-46.64628712, -23.95716816], [-46.64597587, -23.95718595], [-46.64529256, -23.95707589], [-46.64461345, -23.95690979], [-46.64399695, -23.95695342], [-46.64384782, -23.95689361], [-46.6436042, -23.9565883], [-46.64346452, -23.9564986], [-46.64319678, -23.95653848], [-46.64283155, -23.95694874], [-46.64270165, -23.95716594], [-46.64258837, -23.9574534], [-46.64245794, -23.95793879], [-46.6422697, -23.95804917], [-46.64201492, -23.95810426], [-46.64181343, -23.9580992], [-46.6416429, -23.95805677], [-46.64148456, -23.95796727], [-46.64105149, -23.95759896], [-46.64052441, -23.95702307], [-46.6402931, -23.95668061], [-46.6400754, -23.95609328], [-46.63989925, -23.95583872], [-46.63930449, -23.95550374], [-46.63858304, -23.95478454], [-46.63827341, -23.9542307], [-46.63810799, -23.95404735], [-46.63779384, -23.9538358], [-46.63742962, -23.95370423], [-46.6369951, -23.95345242], [-46.63686493, -23.95341498], [-46.63627236, -23.95340775], [-46.63609003, -23.95336364], [-46.63591419, -23.9532111], [-46.6357978, -23.95302001], [-46.63546776, -23.95279417], [-46.63536125, -23.95268423], [-46.63529211, -23.95249986], [-46.635274, -23.95231042], [-46.63533917, -23.95194673], [-46.63530262, -23.95185321], [-46.6349806, -23.95179523], [-46.63432032, -23.95218423], [-46.63395405, -23.95227933], [-46.63349198, -23.95225806], [-46.63285972, -23.9519072], [-46.6327493, -23.95187767], [-46.63251272, -23.95189464], [-46.6323964, -23.95194283], [-46.63157111, -23.95249339], [-46.63055497, -23.95294756], [-46.63029982, -23.95312816], [-46.63014109, -23.95332037], [-46.62977612, -23.95351929], [-46.62954777, -23.95356596], [-46.62916945, -23.9534851], [-46.62889918, -23.95332362], [-46.62854438, -23.95300231], [-46.62771238, -23.95192484], [-46.62754297, -23.95165664], [-46.62731385, -23.95156335], [-46.62717832, -23.9515684], [-46.62673083, -23.95176909], [-46.6264809, -23.95181869], [-46.62597021, -23.95175818], [-46.62569692, -23.95166897], [-46.62555423, -23.95157296], [-46.62533973, -23.95154814], [-46.62508774, -23.95159054], [-46.62455884, -23.95227248], [-46.62423525, -23.95256034], [-46.62383419, -23.9527813], [-46.623637, -23.9527274], [-46.62324569, -23.95239292], [-46.6230705, -23.95205525], [-46.62283796, -23.9514527], [-46.62258835, -23.95105712], [-46.62256692, -23.95083612], [-46.62259723, -23.95066694], [-46.6228358, -23.95018131], [-46.62283808, -23.94997089], [-46.6228074, -23.9498746], [-46.6223159, -23.94914927], [-46.6218617, -23.94834138], [-46.62166474, -23.94814751], [-46.6213451, -23.94796487], [-46.62111689, -23.94786524], [-46.62078631, -23.94688537], [-46.62072918, -23.94648053], [-46.62110391, -23.94588331], [-46.62119061, -23.94558802], [-46.62121105, -23.94533677], [-46.6211245, -23.94477963], [-46.62097079, -23.94435053], [-46.62081847, -23.94364058], [-46.62071987, -23.94337614], [-46.62066679, -23.94298119], [-46.62068295, -23.9408933], [-46.62057488, -23.94057839], [-46.62050468, -23.94046445], [-46.62006609, -23.94003745], [-46.61994526, -23.9398816], [-46.61994658, -23.93975066], [-46.62029904, -23.93925932], [-46.62025936, -23.93907192], [-46.61941031, -23.93850386], [-46.61903616, -23.93812313], [-46.61887049, -23.93775826], [-46.61851007, -23.93776928], [-46.61833093, -23.93774227], [-46.61796255, -23.93774525], [-46.61781184, -23.93771343], [-46.61734078, -23.93751792], [-46.61698264, -23.93723906], [-46.6167908, -23.93698101], [-46.61654693, -23.93648964], [-46.6162427, -23.9353325], [-46.61605848, -23.93483384], [-46.61610379, -23.93472053], [-46.61616367, -23.93443764], [-46.61633255, -23.93344164], [-46.61645446, -23.93228795], [-46.61644364, -23.9313558], [-46.61637074, -23.93093861], [-46.61621876, -23.93070114], [-46.61592479, -23.9304277], [-46.61565387, -23.93033696], [-46.61541695, -23.93034687], [-46.61521206, -23.93038513], [-46.61406916, -23.93075935], [-46.61382897, -23.93079179], [-46.61355295, -23.93078678], [-46.6133067, -23.9306882], [-46.61306058, -23.93050924], [-46.61275571, -23.93017155], [-46.61253621, -23.92984207], [-46.61234653, -23.92963125], [-46.61185287, -23.92930491], [-46.61167684, -23.92910147], [-46.61161268, -23.92897971], [-46.61159295, -23.92884221], [-46.61158846, -23.92845381], [-46.61166669, -23.92790832], [-46.61167552, -23.92769438], [-46.61165468, -23.92749455], [-46.61157401, -23.9272877], [-46.61142136, -23.92717033], [-46.61130364, -23.92715722], [-46.61118454, -23.927173], [-46.61089695, -23.9272952], [-46.61015235, -23.92742835], [-46.61003578, -23.92740262], [-46.60991669, -23.92734614], [-46.60972921, -23.92719043], [-46.60961322, -23.92705091], [-46.60954917, -23.92692192], [-46.60940691, -23.92633504], [-46.60944973, -23.92593545], [-46.60956572, -23.92571734], [-46.60970481, -23.92553381], [-46.61013303, -23.92504386], [-46.61022589, -23.92486341], [-46.61028823, -23.92433038], [-46.61026926, -23.9241378], [-46.61021216, -23.92393212], [-46.61001854, -23.92357946], [-46.60967893, -23.92312666], [-46.60953553, -23.9228369], [-46.60938134, -23.92247566], [-46.60915951, -23.92174516], [-46.60905247, -23.92145582], [-46.60899474, -23.92122394], [-46.60893915, -23.92055046], [-46.60892374, -23.91995602], [-46.60899256, -23.91973826], [-46.60908633, -23.91963549], [-46.60926529, -23.91948133], [-46.60958019, -23.9190858], [-46.60966602, -23.91898835], [-46.60972855, -23.91894212], [-46.60982426, -23.91891252], [-46.60987414, -23.91892845], [-46.61022884, -23.91935524], [-46.61032144, -23.91940869], [-46.61037543, -23.91941203], [-46.61040201, -23.91933647], [-46.61026579, -23.91902512], [-46.6102249, -23.91864081], [-46.61024144, -23.9181515], [-46.61019318, -23.91794593], [-46.61001262, -23.9175013], [-46.60975941, -23.91698177], [-46.60956349, -23.91663632], [-46.60928599, -23.91650466], [-46.60919053, -23.9165283], [-46.60912739, -23.91631278], [-46.60846823, -23.9151025], [-46.60844907, -23.91490404], [-46.60846859, -23.91481444], [-46.60853902, -23.91471166], [-46.60583356, -23.91534365], [-46.6019853, -23.91788031], [-46.58561707, -23.89593796], [-46.57791271, -23.90035641], [-46.57870775, -23.89949128], [-46.5793174, -23.89899546], [-46.57959522, -23.89857954], [-46.57962255, -23.8980897], [-46.57973362, -23.8976449], [-46.58002584, -23.89704524], [-46.58018608, -23.89653874], [-46.58006218, -23.89592806], [-46.57994126, -23.89556214], [-46.57995474, -23.89530192], [-46.58013236, -23.89485643], [-46.58009462, -23.89448965], [-46.57979014, -23.89407971], [-46.57955053, -23.89353142], [-46.57934717, -23.89322753], [-46.57892939, -23.89307883], [-46.57866041, -23.89285211], [-46.57837313, -23.89248789], [-46.57815555, -23.89238303], [-46.57783983, -23.89241687], [-46.57756016, -23.89267981], [-46.57719637, -23.89286713], [-46.57673091, -23.8929025], [-46.57633255, -23.89298308], [-46.57587061, -23.89330908], [-46.57563899, -23.89341855], [-46.57528906, -23.89337624], [-46.57487295, -23.8933652], [-46.57460806, -23.893475], [-46.57429084, -23.89338646], [-46.57400672, -23.89328227], [-46.5744231, -23.89191304], [-46.57431227, -23.89169234], [-46.57405217, -23.89082297], [-46.57390778, -23.88989122], [-46.57374917, -23.8891585], [-46.57351052, -23.88868668], [-46.57324175, -23.88847525], [-46.57285912, -23.88847916], [-46.57254173, -23.88837531], [-46.5723737, -23.88823934], [-46.57237056, -23.88797929], [-46.57279441, -23.88725592], [-46.57305393, -23.88670251], [-46.57301622, -23.88633572], [-46.57281215, -23.88597064], [-46.57265317, -23.88520732], [-46.57222212, -23.88395723], [-46.57208127, -23.88331612], [-46.5721772, -23.88299386], [-46.57250621, -23.88268453], [-46.57301803, -23.88235802], [-46.573016, -23.88218975], [-46.57278014, -23.88194738], [-46.57228791, -23.88114158], [-46.57208663, -23.88100594], [-46.5720674, -23.88079196], [-46.57214781, -23.88056165], [-46.57204393, -23.88022614], [-46.57182268, -23.87981533], [-46.57160051, -23.87932804], [-46.57161364, -23.87903723], [-46.57182601, -23.87871379], [-46.5722064, -23.87852631], [-46.57231989, -23.87828037], [-46.57223099, -23.87780702], [-46.57210974, -23.87741049], [-46.57192546, -23.87730528], [-46.57164322, -23.87735406], [-46.57124657, -23.87757229], [-46.57084825, -23.87765285], [-46.57036399, -23.87750481], [-46.56991208, -23.87727994], [-46.56939621, -23.8772699], [-46.56886518, -23.8773824], [-46.56772917, -23.87837311], [-46.56793616, -23.87898295], [-46.56794298, -23.87954894], [-46.56774833, -23.87996399], [-46.56743484, -23.88018137], [-46.5670855, -23.88018493], [-46.56660216, -23.88011335], [-46.56628609, -23.88011657], [-46.56579071, -23.88042759], [-46.56556131, -23.8807206], [-46.56556591, -23.88110302], [-46.5657047, -23.88157588], [-46.56557548, -23.88189847], [-46.56504406, -23.88198037], [-46.56407571, -23.88169953], [-46.56347407, -23.88147617], [-46.56299219, -23.88152696], [-46.56261343, -23.88185208], [-46.56219938, -23.88200927], [-46.56136577, -23.88186475], [-46.55811706, -23.88149991], [-46.55688328, -23.88128291], [-46.55616978, -23.88144312], [-46.55565408, -23.88144833], [-46.5552519, -23.88120762], [-46.55476691, -23.88099833], [-46.5544044, -23.88129267], [-46.55414481, -23.88184606], [-46.5539673, -23.88230682], [-46.55358559, -23.88238717], [-46.55293607, -23.88233253], [-46.55245363, -23.88233739], [-46.55174104, -23.88257407], [-46.55119734, -23.88302322], [-46.55042567, -23.88388773], [-46.5498538, -23.88476553], [-46.54966018, -23.88527235], [-46.54943429, -23.8856221], [-46.54793967, -23.88350169], [-46.54782966, -23.8836592], [-46.54772161, -23.88372702], [-46.54759482, -23.88374498], [-46.54739399, -23.88363856], [-46.54715796, -23.88362425], [-46.54690429, -23.88365183], [-46.54676962, -23.88376996], [-46.54677121, -23.8839034], [-46.54691004, -23.88413557], [-46.54717467, -23.88426637], [-46.54744946, -23.88448882], [-46.54765238, -23.88477039], [-46.54764748, -23.88512077], [-46.54744253, -23.88543146], [-46.54712893, -23.88575993], [-46.54675065, -23.88598895], [-46.54657182, -23.88620762], [-46.54629668, -23.88671921], [-46.54613787, -23.88709617], [-46.54617971, -23.88756287], [-46.54633049, -23.88803681], [-46.54655453, -23.8885684], [-46.5465865, -23.88896847], [-46.54653684, -23.88936935], [-46.54653961, -23.88960288], [-46.54690711, -23.88999123], [-46.54708491, -23.89044822], [-46.54703237, -23.89060723], [-46.54688674, -23.89056699], [-46.54660118, -23.89020284], [-46.54612786, -23.88930673], [-46.5458146, -23.88890115], [-46.54558635, -23.88877833], [-46.54527026, -23.88889828], [-46.54496522, -23.88918495], [-46.54477012, -23.88956227], [-46.54447455, -23.88988221], [-46.54444015, -23.89004104], [-46.54444223, -23.89021619], [-46.54415514, -23.890486], [-46.54403161, -23.89077918], [-46.54379016, -23.89107355], [-46.54370872, -23.89109105], [-46.54367026, -23.89090793], [-46.54377238, -23.89033969], [-46.54393239, -23.89006282], [-46.54421061, -23.88980979], [-46.54422618, -23.88959276], [-46.54411317, -23.88924355], [-46.54409925, -23.88883497], [-46.54430744, -23.88803211], [-46.54440529, -23.88710523], [-46.54442617, -23.88657117], [-46.54433463, -23.88573796], [-46.54418029, -23.88496376], [-46.54422307, -23.88474645], [-46.54449201, -23.88447683], [-46.54459868, -23.88429225], [-46.54456082, -23.88415917], [-46.54443264, -23.88406036], [-46.54401491, -23.88402284], [-46.54399568, -23.88393128], [-46.5440845, -23.8837719], [-46.54398008, -23.88338091], [-46.54384943, -23.88307359], [-46.54382921, -23.88289862], [-46.54400903, -23.88276335], [-46.5448438, -23.88278], [-46.54506897, -23.88264428], [-46.5451571, -23.88242652], [-46.54505495, -23.88222735], [-46.54472218, -23.88170518], [-46.54440973, -23.88136632], [-46.54435234, -23.88111666], [-46.54449192, -23.88064814], [-46.54446213, -23.88043156], [-46.54433406, -23.8803411], [-46.5441707, -23.88033439], [-46.54416045, -23.8802344], [-46.54432941, -23.8799491], [-46.54433512, -23.87966543], [-46.54411328, -23.87931732], [-46.54396459, -23.87901852], [-46.5437542, -23.87887049], [-46.54338273, -23.87890758], [-46.54296798, -23.87912028], [-46.54237351, -23.87947657], [-46.54201288, -23.8796637], [-46.54169602, -23.87971692], [-46.54147283, -23.88001945], [-46.54120596, -23.88046421], [-46.54112729, -23.88071524], [-46.5411762, -23.88101504], [-46.54142396, -23.88125446], [-46.54164372, -23.88142743], [-46.54167212, -23.88152724], [-46.54159068, -23.88154474], [-46.5413162, -23.88134729], [-46.5408966, -23.8811513], [-46.54063357, -23.88115394], [-46.54046341, -23.88133915], [-46.54046726, -23.88166443], [-46.54067016, -23.881946], [-46.54103623, -23.8822176], [-46.54154753, -23.88249609], [-46.54200262, -23.88262499], [-46.5420951, -23.88277421], [-46.54196083, -23.8829257], [-46.54144768, -23.88325615], [-46.54101763, -23.8837109], [-46.54098471, -23.88399483], [-46.54099694, -23.88426163], [-46.54093523, -23.8844124], [-46.54080844, -23.88443035], [-46.54057024, -23.88423254], [-46.54039524, -23.88400908], [-46.54015793, -23.88388633], [-46.53981404, -23.8839565], [-46.53948978, -23.8841516], [-46.53940302, -23.88448612], [-46.53925928, -23.88537175], [-46.53910992, -23.88578197], [-46.53875824, -23.88596066], [-46.53846168, -23.88619718], [-46.53826538, -23.88647441], [-46.53819745, -23.88686713], [-46.53818404, -23.88726765], [-46.5383345, -23.88771659], [-46.53859174, -23.88798928], [-46.53882856, -23.88807032], [-46.53906223, -23.88788448], [-46.53946754, -23.88763852], [-46.53965733, -23.88757823], [-46.53971225, -23.88761939], [-46.53956022, -23.88780442], [-46.53902102, -23.88823523], [-46.53878863, -23.8885295], [-46.538602, -23.88885668], [-46.5384965, -23.88914134], [-46.53849907, -23.88935819], [-46.53858218, -23.88948248], [-46.53881852, -23.88952182], [-46.53902784, -23.88957812], [-46.53915601, -23.88967693], [-46.53911135, -23.88973577], [-46.53874802, -23.8896977], [-46.53851218, -23.88970006], [-46.53835068, -23.88985182], [-46.53828009, -23.89001935], [-46.53819845, -23.89002017], [-46.53814265, -23.88990395], [-46.53831164, -23.88961865], [-46.53831558, -23.88918486], [-46.53818839, -23.88840204], [-46.53803764, -23.88792809], [-46.53778099, -23.88770544], [-46.53748048, -23.88760834], [-46.53715443, -23.88765331], [-46.53659668, -23.88805093], [-46.53562709, -23.88891143], [-46.53513223, -23.88925836], [-46.53509782, -23.88941719], [-46.53504379, -23.8894511], [-46.53472533, -23.88937086], [-46.53459922, -23.88944719], [-46.53453927, -23.88974808], [-46.53453276, -23.88996502], [-46.53444284, -23.89003265], [-46.53426941, -23.88994262], [-46.53428509, -23.88973393], [-46.53422071, -23.8896595], [-46.53407607, -23.88970265], [-46.53395114, -23.88987907], [-46.53360161, -23.89024123], [-46.53352224, -23.89043388], [-46.53355063, -23.89053369], [-46.53362408, -23.89060803], [-46.53357961, -23.89068355], [-46.53338952, -23.89071881], [-46.53333637, -23.89082777], [-46.53330245, -23.8910283], [-46.53320512, -23.89123781], [-46.5330165, -23.89139818], [-46.53308642, -23.89117226], [-46.53318403, -23.89098778], [-46.53309165, -23.8908469], [-46.53313563, -23.89072968], [-46.53322486, -23.89060367], [-46.53325879, -23.89040314], [-46.5332095, -23.89006997], [-46.53323258, -23.8897194], [-46.53334153, -23.88972666], [-46.53349849, -23.88995865], [-46.53366196, -23.88997371], [-46.53374173, -23.88981442], [-46.53371245, -23.88963955], [-46.53377437, -23.88950547], [-46.53392799, -23.88945389], [-46.53419114, -23.8894596], [-46.53428116, -23.88940032], [-46.53423492, -23.88932571], [-46.53414372, -23.88928491], [-46.53442127, -23.88897351], [-46.53508315, -23.88817447], [-46.53557318, -23.88741886], [-46.53575046, -23.88706675], [-46.53564842, -23.88687592], [-46.53532907, -23.88672062], [-46.53506524, -23.88665652], [-46.5348648, -23.88658345], [-46.53480949, -23.88650892], [-46.534872, -23.88642489], [-46.53529073, -23.88654583], [-46.53575411, -23.88660794], [-46.53633266, -23.88643533], [-46.53689573, -23.88572069], [-46.53749764, -23.88522254], [-46.53754881, -23.88494676], [-46.53746353, -23.88463898], [-46.53716125, -23.88439176], [-46.53667785, -23.88417137], [-46.53661111, -23.88389677], [-46.53669915, -23.88367067], [-46.53683275, -23.8834608], [-46.53692079, -23.88323471], [-46.53711028, -23.8831494], [-46.53727404, -23.88318947], [-46.53776877, -23.8836016], [-46.5380042, -23.88356588], [-46.53818166, -23.88323045], [-46.53821164, -23.8826963], [-46.53815228, -23.88227982], [-46.5379416, -23.88210676], [-46.53738693, -23.88199552], [-46.53668034, -23.88207765], [-46.53571326, -23.88237926], [-46.53532491, -23.88252494], [-46.53513137, -23.88303569], [-46.53487109, -23.88327185], [-46.53473739, -23.88347338], [-46.53480285, -23.88363955], [-46.53511774, -23.88418694], [-46.53510137, -23.88433725], [-46.53499282, -23.88436336], [-46.53457619, -23.88365015], [-46.53443915, -23.88356811], [-46.53412523, -23.88387153], [-46.53323424, -23.88447265], [-46.53276215, -23.88521139], [-46.53240375, -23.88559033], [-46.53219543, -23.88561743], [-46.5321134, -23.88558488], [-46.53261526, -23.88506271], [-46.53286324, -23.88455142], [-46.5328597, -23.88425116], [-46.53293917, -23.88406686], [-46.5333159, -23.88370443], [-46.5335479, -23.8833768], [-46.53370566, -23.88290811], [-46.53401938, -23.88258801], [-46.53439699, -23.88230063], [-46.53442164, -23.88208351], [-46.53430176, -23.88191788], [-46.53413791, -23.88186947], [-46.53374009, -23.88198187], [-46.53345024, -23.88201812], [-46.532859, -23.88188221], [-46.53234131, -23.88182898], [-46.53164103, -23.88167746], [-46.53127773, -23.88163937], [-46.53084304, -23.88170209], [-46.53086937, -23.88162675], [-46.53110029, -23.88120738], [-46.53110701, -23.88100712], [-46.53090462, -23.88076724], [-46.53059407, -23.88058681], [-46.53042017, -23.88045508], [-46.53045527, -23.88035464], [-46.53059073, -23.88030324], [-46.53119368, -23.88066426], [-46.53150109, -23.88057779], [-46.53190699, -23.8803819], [-46.53237824, -23.88034384], [-46.53285117, -23.88044757], [-46.53330556, -23.88051811], [-46.53363327, -23.88061494], [-46.53392273, -23.88054533], [-46.53423694, -23.88026693], [-46.53441391, -23.8798898], [-46.53466898, -23.8792116], [-46.53482978, -23.87900147], [-46.53502006, -23.87898289], [-46.53515778, -23.87912331], [-46.53519957, -23.87959002], [-46.53521809, -23.88039061], [-46.53515952, -23.88080826], [-46.53539898, -23.8811145], [-46.53565295, -23.88111197], [-46.53593186, -23.88091733], [-46.53629418, -23.88087201], [-46.53650052, -23.8806781], [-46.53644118, -23.88026162], [-46.53593454, -23.87960771], [-46.53580461, -23.87935876], [-46.53584838, -23.87922486], [-46.53611171, -23.87924726], [-46.53638608, -23.87943637], [-46.53666212, -23.87976727], [-46.5369008, -23.88000679], [-46.53712055, -23.88017976], [-46.5373196, -23.88013607], [-46.53738024, -23.87989356], [-46.53732049, -23.87944372], [-46.53717104, -23.87907819], [-46.53683387, -23.8789481], [-46.5366505, -23.8787831], [-46.53653003, -23.87856743], [-46.53623683, -23.87832011], [-46.53613293, -23.87797081], [-46.53628308, -23.87762732], [-46.53672919, -23.87699726], [-46.53704842, -23.87637681], [-46.52706506, -23.86391319], [-46.52764121, -23.86331603], [-46.52806578, -23.86325164], [-46.52863791, -23.86321587], [-46.5290943, -23.86307594], [-46.52943425, -23.86277168], [-46.52952762, -23.86236455], [-46.52950544, -23.86186831], [-46.5292868, -23.86135897], [-46.52835513, -23.86002927], [-46.52799212, -23.85976207], [-46.52721897, -23.85939363], [-46.52693633, -23.85900528], [-46.52686544, -23.85853961], [-46.5268758, -23.858028], [-46.52637243, -23.85694979], [-46.5260592, -23.85674227], [-46.52550029, -23.8565071], [-46.52505305, -23.85603011], [-46.52475055, -23.85534106], [-46.52457608, -23.85441004], [-46.52471271, -23.85350602], [-46.52478991, -23.8531141], [-46.52501554, -23.85282602], [-46.52507762, -23.85253956], [-46.52499021, -23.85205901], [-46.52496804, -23.85156276], [-46.52517696, -23.85124476], [-46.5255649, -23.85084977], [-46.52551249, -23.85056444], [-46.52547608, -23.85024887], [-46.52557245, -23.85009747], [-46.52588319, -23.85009439], [-46.52615911, -23.84991113], [-46.5261373, -23.84944496], [-46.5263135, -23.84912729], [-46.52665255, -23.84874782], [-46.52686093, -23.84838468], [-46.52671652, -23.8472277], [-46.52674359, -23.84674601], [-46.52660976, -23.84649158], [-46.52634615, -23.8463287], [-46.52635986, -23.8461029], [-46.52653536, -23.84572505], [-46.52684344, -23.84549633], [-46.5275138, -23.84547464], [-46.52764216, -23.84526275], [-46.52783595, -23.8450502], [-46.52811256, -23.8449271], [-46.52843753, -23.84474335], [-46.52863113, -23.84451576], [-46.5287862, -23.84379209], [-46.52917147, -23.84317145], [-46.52979551, -23.84199179], [-46.5298558, -23.8415549], [-46.52966726, -23.8408196], [-46.52929759, -23.83998078], [-46.52894535, -23.83923205], [-46.52848269, -23.83883044], [-46.52782537, -23.83856616], [-46.52723259, -23.83822602], [-46.52683571, -23.83785384], [-46.52668307, -23.83738898], [-46.52670785, -23.83671173], [-46.52686151, -23.83586772], [-46.526855, -23.83531114], [-46.5265462, -23.83408056], [-46.52630863, -23.83334573], [-46.52636929, -23.83293893], [-46.52662512, -23.83243993], [-46.52699701, -23.83207518], [-46.52725372, -23.83165139], [-46.52724843, -23.83120011], [-46.52737679, -23.83098822], [-46.52747226, -23.83076161], [-46.52738697, -23.83046156], [-46.52700682, -23.83011931], [-46.52613275, -23.8294961], [-46.5254535, -23.8287506], [-46.52501604, -23.82910095], [-46.52495133, -23.82776263], [-46.52468143, -23.82705821], [-46.52446059, -23.82635331], [-46.52438868, -23.82579738], [-46.52446604, -23.8254205], [-46.52274927, -23.82545251], [-46.5224901, -23.82566569], [-46.52177992, -23.82647006], [-46.52098638, -23.82713985], [-46.52030573, -23.82767313], [-46.51989956, -23.8279028], [-46.51967431, -23.82822095], [-46.51964721, -23.82870264], [-46.51999727, -23.82927088], [-46.5206953, -23.83022684], [-46.52089872, -23.83084166], [-46.5208419, -23.8315794], [-46.52063493, -23.83206286], [-46.52065602, -23.83246886], [-46.52072441, -23.83272394], [-46.5206124, -23.83293566], [-46.52035233, -23.83307363], [-46.51983553, -23.83363537], [-46.51950917, -23.83369877], [-46.51929658, -23.83370087], [-46.51900433, -23.83388428], [-46.5186785, -23.8339928], [-46.51826845, -23.83389153], [-46.5178591, -23.83385043], [-46.51737026, -23.83400569], [-46.51688422, -23.83440163], [-46.51646656, -23.83505265], [-46.51601515, -23.83561374], [-46.5153179, -23.83613211], [-46.51466727, -23.8364394], [-46.51449122, -23.83677211], [-46.5143966, -23.83707393], [-46.51418575, -23.83722645], [-46.5133519, -23.83724968], [-46.51286322, -23.83741997], [-46.51213342, -23.83795369], [-46.51130514, -23.83845828], [-46.51062248, -23.83882605], [-46.51031437, -23.83905473], [-46.51016945, -23.83925173], [-46.50984377, -23.83937528], [-46.50950034, -23.83937865], [-46.50884867, -23.83949191], [-46.50327611, -23.8318002], [-46.51527094, -23.82421843], [-46.50820681, -23.81484238], [-46.51427055, -23.81118868], [-46.51441244, -23.81094766], [-46.51441461, -23.81023112], [-46.51424978, -23.81027927], [-46.51415017, -23.81023777], [-46.51414321, -23.80963823], [-46.51403079, -23.80933952], [-46.51402961, -23.80923931], [-46.51407382, -23.80915579], [-46.51423497, -23.8090043], [-46.51437722, -23.80874465], [-46.51440061, -23.80847711], [-46.51437153, -23.80825252], [-46.51431483, -23.80810321], [-46.51425978, -23.80801163], [-46.51407639, -23.80785541], [-46.51381351, -23.80778303], [-46.51349631, -23.8077699], [-46.51324302, -23.80784733], [-46.5128826, -23.80800077], [-46.51255001, -23.80817922], [-46.51231679, -23.80838106], [-46.51220083, -23.80854025], [-46.51212978, -23.80867459], [-46.51212239, -23.8087993], [-46.51218742, -23.80899097], [-46.51230723, -23.80916502], [-46.51233615, -23.80928932], [-46.51242931, -23.80953856], [-46.51247611, -23.80959592], [-46.51255815, -23.80964566], [-46.5127395, -23.80971069], [-46.51287747, -23.80984209], [-46.51291456, -23.80990858], [-46.51299939, -23.8101994], [-46.51299044, -23.81027445], [-46.51294576, -23.81031642], [-46.5128555, -23.81031733], [-46.51261897, -23.81023656], [-46.51240065, -23.81019718], [-46.51231907, -23.81018983], [-46.51222043, -23.81023236], [-46.51215779, -23.81033318], [-46.51211402, -23.8104501], [-46.51210214, -23.81094962], [-46.51188668, -23.81116031], [-46.51173253, -23.81115373], [-46.51164089, -23.8110381], [-46.51142662, -23.81050654], [-46.51135235, -23.81036546], [-46.51128791, -23.81030829], [-46.5111971, -23.81026676], [-46.51094423, -23.81029452], [-46.51086324, -23.81033685], [-46.51080021, -23.81040431], [-46.51068479, -23.81060589], [-46.51057999, -23.81096455], [-46.51050036, -23.81112422], [-46.51036675, -23.8112836], [-46.51024898, -23.81128471], [-46.51008413, -23.81112021], [-46.50997455, -23.81106257], [-46.50968375, -23.81095703], [-46.50947455, -23.81094284], [-46.50937435, -23.8108517], [-46.50934618, -23.81079327], [-46.50938972, -23.81065198], [-46.50941437, -23.81040972], [-46.50934003, -23.81026054], [-46.50919327, -23.81004525], [-46.50914529, -23.80988772], [-46.50916252, -23.80976202], [-46.50919784, -23.80967857], [-46.50925998, -23.80961928], [-46.50935058, -23.80956061], [-46.50946785, -23.80951702], [-46.50963816, -23.80939074], [-46.50979032, -23.80922215], [-46.50989732, -23.80905494], [-46.50993245, -23.80895437], [-46.50992162, -23.80886329], [-46.5098661, -23.80873017], [-46.50981117, -23.80864763], [-46.50974669, -23.80858957], [-46.50970133, -23.80857377], [-46.50938368, -23.80851815], [-46.50934691, -23.80847697], [-46.50930922, -23.80836088], [-46.50931634, -23.80821091], [-46.50938759, -23.8080928], [-46.50950411, -23.8079833], [-46.50972034, -23.80784032], [-46.50969958, -23.80765629], [-46.50967125, -23.80758159], [-46.50950027, -23.80733414], [-46.50923722, -23.80717408], [-46.50908344, -23.80716654], [-46.50881585, -23.80719895], [-46.50865371, -23.80726737], [-46.50849224, -23.80739358], [-46.50828563, -23.8076042], [-46.50813648, -23.80794701], [-46.50805905, -23.80838122], [-46.50806414, -23.80882276], [-46.50810363, -23.8090978], [-46.50808769, -23.80924786], [-46.5080436, -23.80933948], [-46.50797165, -23.8093989], [-46.50777262, -23.80941709], [-46.50770845, -23.80938432], [-46.50768148, -23.80934304], [-46.50767089, -23.8092763], [-46.50772469, -23.80917645], [-46.50774064, -23.8090264], [-46.50773005, -23.80887573], [-46.50767445, -23.80873536], [-46.50739721, -23.8082712], [-46.50722217, -23.80807243], [-46.50707714, -23.80800702], [-46.50694062, -23.80800025], [-46.50684171, -23.80801835], [-46.50670646, -23.808119], [-46.5066176, -23.80824539], [-46.50653903, -23.80849632], [-46.50657843, -23.80876232], [-46.50670053, -23.8091359], [-46.50674837, -23.80936931], [-46.50668841, -23.80970311], [-46.5066186, -23.80986183], [-46.50646624, -23.81001323], [-46.50628603, -23.81013148], [-46.50619595, -23.81014952], [-46.50614149, -23.81010851], [-46.50611266, -23.80999229], [-46.50588797, -23.80940209], [-46.50558519, -23.80902217], [-46.50544747, -23.808907], [-46.5052655, -23.80879139], [-46.50520086, -23.80871708], [-46.5051737, -23.80865955], [-46.50516264, -23.8085513], [-46.50518819, -23.80838399], [-46.50520518, -23.80832603], [-46.50525928, -23.80825054], [-46.50529434, -23.80814184], [-46.5052929, -23.80801632], [-46.50529153, -23.80789982], [-46.50516324, -23.80775119], [-46.50508993, -23.8076932], [-46.50492634, -23.807637], [-46.50485362, -23.80762869], [-46.50467253, -23.80767287], [-46.50460032, -23.80770611], [-46.50422551, -23.80814322], [-46.50408314, -23.80839476], [-46.50393078, -23.80854614], [-46.50379622, -23.80862241], [-46.50370603, -23.80863231], [-46.5035238, -23.80857539], [-46.50344167, -23.8085175], [-46.503377, -23.8084432], [-46.50334887, -23.8083017], [-46.50345511, -23.80815075], [-46.50365203, -23.80794924], [-46.5037308, -23.80771458], [-46.50375685, -23.80758971], [-46.50378701, -23.80705572], [-46.50378365, -23.80676407], [-46.50375505, -23.80666503], [-46.50370912, -23.80659864], [-46.50364573, -23.80654869], [-46.50355397, -23.80650804], [-46.50344585, -23.80649285], [-46.50295738, -23.80660597], [-46.50288437, -23.80657327], [-46.5028472, -23.80649868], [-46.5028375, -23.80642382], [-46.5028553, -23.80634869], [-46.50293482, -23.80618087], [-46.50294241, -23.80607241], [-46.5028961, -23.80597263], [-46.50253294, -23.80588496], [-46.50229702, -23.80585385], [-46.50189896, -23.80589113], [-46.50162866, -23.80602742], [-46.50150332, -23.806137], [-46.50145813, -23.80622052], [-46.50145104, -23.80637049], [-46.50147064, -23.80645339], [-46.50154411, -23.80652762], [-46.50173468, -23.80662601], [-46.50200746, -23.80670643], [-46.50239008, -23.80686164], [-46.50243559, -23.80689461], [-46.5025918, -23.8070764], [-46.50259236, -23.80712605], [-46.50252983, -23.80723504], [-46.50246758, -23.80728531], [-46.502316, -23.80750352], [-46.50221888, -23.80776273], [-46.50220341, -23.80795524], [-46.50222367, -23.8081799], [-46.50228169, -23.80844572], [-46.50246514, -23.80869407], [-46.5029874, -23.80921365], [-46.50309738, -23.80930469], [-46.50329672, -23.80931089], [-46.50345944, -23.80929304], [-46.50362186, -23.80924991], [-46.50385731, -23.80923859], [-46.50415768, -23.80932777], [-46.50429437, -23.80943481], [-46.50430473, -23.80956745], [-46.5042714, -23.80982694], [-46.50432088, -23.81011816], [-46.50410187, -23.81078674], [-46.50398419, -23.81156268], [-46.50389464, -23.81171346], [-46.50380558, -23.81182271], [-46.50369713, -23.81186529], [-46.50354305, -23.8118668], [-46.50346124, -23.81183419], [-46.50336056, -23.81170244], [-46.50324042, -23.81149497], [-46.50306634, -23.81129713], [-46.50293751, -23.81118998], [-46.50279103, -23.8109991], [-46.50267961, -23.81078342], [-46.50260594, -23.81069296], [-46.50250593, -23.81061898], [-46.50237839, -23.81062019], [-46.50202691, -23.81069859], [-46.50191923, -23.81080802], [-46.50180383, -23.81101774], [-46.5016708, -23.81131071], [-46.50154812, -23.81165327], [-46.50139778, -23.81197983], [-46.50121051, -23.81225618], [-46.50113918, -23.81228213], [-46.5010752, -23.8122665], [-46.50098365, -23.81215905], [-46.50095494, -23.81205094], [-46.50098123, -23.81195043], [-46.50099623, -23.81171731], [-46.50098432, -23.81145014], [-46.50095568, -23.81135017], [-46.50073557, -23.81106967], [-46.50069817, -23.81097791], [-46.50070616, -23.81090289], [-46.50104536, -23.81044174], [-46.50108927, -23.81033295], [-46.50106738, -23.80996654], [-46.50103778, -23.80978258], [-46.50096356, -23.80964244], [-46.5008454, -23.80961018], [-46.50068326, -23.80967861], [-46.50045723, -23.8098262], [-46.50027324, -23.81004017], [-46.50002569, -23.81028098], [-46.49990575, -23.81035078], [-46.49949013, -23.81048218], [-46.4994079, -23.81058593], [-46.49940928, -23.8107051], [-46.49949495, -23.81090021], [-46.49965472, -23.81105218], [-46.49973988, -23.81120489], [-46.49976013, -23.81142682], [-46.49972515, -23.81154636], [-46.49964339, -23.81169165], [-46.49944977, -23.81183892], [-46.49921874, -23.81189175], [-46.49887572, -23.81185265], [-46.49869939, -23.81188053], [-46.49859925, -23.8119664], [-46.49857207, -23.81207771], [-46.49857294, -23.81215449], [-46.49869856, -23.81257951], [-46.49869976, -23.81268151], [-46.49867373, -23.81281001], [-46.49861161, -23.81287112], [-46.49844125, -23.81273552], [-46.49828205, -23.81263501], [-46.49809577, -23.8125682], [-46.49794768, -23.81257868], [-46.49782813, -23.81268188], [-46.49757353, -23.81307628], [-46.49747233, -23.81315399], [-46.497276, -23.8132372], [-46.49698166, -23.81315878], [-46.49685023, -23.81308329], [-46.49677446, -23.81289618], [-46.49671539, -23.81262405], [-46.49661186, -23.81249771], [-46.49652602, -23.81228543], [-46.49651562, -23.81214826], [-46.49659815, -23.81207072], [-46.49677267, -23.81196699], [-46.49687294, -23.81181249], [-46.4968982, -23.81161629], [-46.49683096, -23.8114038], [-46.4968017, -23.81125057], [-46.49693797, -23.81097655], [-46.49696357, -23.81081375], [-46.49687703, -23.81054187], [-46.49668096, -23.81039025], [-46.49654161, -23.81039162], [-46.49636641, -23.81043573], [-46.49619053, -23.81050609], [-46.49602379, -23.81051584], [-46.49587502, -23.8104667], [-46.49556881, -23.81046968], [-46.49538499, -23.81053104], [-46.49519096, -23.81064312], [-46.49504296, -23.81066168], [-46.49440927, -23.81035269], [-46.49413109, -23.81031291], [-46.49400136, -23.81039094], [-46.493892, -23.81051935], [-46.49389918, -23.81115051], [-46.49381707, -23.81126235], [-46.49364292, -23.81140042], [-46.49359689, -23.81149477], [-46.49361799, -23.81170769], [-46.49371259, -23.81182595], [-46.49381572, -23.81191889], [-46.49384417, -23.81200441], [-46.49382669, -23.81210663], [-46.49377125, -23.81214959], [-46.49366075, -23.81218498], [-46.49339126, -23.8121361], [-46.49270143, -23.81181049], [-46.49242339, -23.81178787], [-46.49220187, -23.81181532], [-46.49207261, -23.81192765], [-46.49203749, -23.81203001], [-46.49204933, -23.8122945], [-46.49202282, -23.81237962], [-46.49194863, -23.81241465], [-46.49184648, -23.81240753], [-46.49175351, -23.81234795], [-46.49151897, -23.81209462], [-46.49140671, -23.8120614], [-46.49127729, -23.81207169], [-46.49121307, -23.8121229], [-46.49116092, -23.81245661], [-46.49108839, -23.81255122], [-46.49091282, -23.81264684], [-46.49080346, -23.81278423], [-46.49071345, -23.81298106], [-46.4906786, -23.81319453], [-46.49056072, -23.81344311], [-46.49043251, -23.81356355], [-46.4903222, -23.81361611], [-46.49015538, -23.81361771], [-46.49002514, -23.81364427], [-46.48980486, -23.81378275], [-46.48966582, -23.81380938], [-46.48948467, -23.81378503], [-46.49071598, -23.81525076], [-46.49050318, -23.81520275], [-46.48963677, -23.81535755], [-46.48893866, -23.8150448], [-46.48818435, -23.81487902], [-46.4875773, -23.81493813], [-46.48703252, -23.81538269], [-46.48668786, -23.81561232], [-46.4859206, -23.81557978], [-46.48474566, -23.81532485], [-46.48367002, -23.8148959], [-46.48268363, -23.81467908], [-46.48192857, -23.81444672], [-46.48144539, -23.81394549], [-46.4814095, -23.81333347], [-46.48153125, -23.81258682], [-46.48135311, -23.81218916], [-46.48053944, -23.81189079], [-46.47919138, -23.81167742], [-46.47853762, -23.81144407], [-46.47794821, -23.81178252], [-46.47708647, -23.8123499], [-46.47678641, -23.81268558], [-46.47670457, -23.81312567], [-46.47623014, -23.81339645], [-46.47494235, -23.81339546], [-46.47438005, -23.8135739], [-46.4742925, -23.81350818], [-46.4745879, -23.81275986], [-46.4745115, -23.81240116], [-46.47398781, -23.81215323], [-46.47318862, -23.81185469], [-46.47293936, -23.8115642], [-46.47280255, -23.81097976], [-46.47248171, -23.81075652], [-46.47155638, -23.8108186], [-46.47116665, -23.81090219], [-46.47069881, -23.81175864], [-46.4702851, -23.81228177], [-46.47000308, -23.81293676], [-46.46934206, -23.81334243], [-46.46748571, -23.81425203], [-46.46783714, -23.81462143], [-46.46844854, -23.81494842], [-46.46900268, -23.8153292], [-46.46912831, -23.81620661], [-46.46936445, -23.81661705], [-46.46928244, -23.81704382], [-46.46910109, -23.8176446], [-46.46981829, -23.81836995], [-46.46945519, -23.81889968], [-46.46930299, -23.81879291], [-46.4689426, -23.81868334], [-46.46884368, -23.81862103], [-46.46862183, -23.81840024], [-46.46845168, -23.81811872], [-46.46839528, -23.81805299], [-46.46832943, -23.81802049], [-46.46823358, -23.81794007], [-46.46816341, -23.81781423], [-46.46812952, -23.81771214], [-46.46809704, -23.81744437], [-46.46808954, -23.8173601], [-46.46813614, -23.81713675], [-46.46814049, -23.81693893], [-46.46807321, -23.81677993], [-46.46786659, -23.81645658], [-46.46781592, -23.8163185], [-46.46781494, -23.81623116], [-46.46774011, -23.81598186], [-46.4676209, -23.81586251], [-46.46751556, -23.81581231], [-46.46742673, -23.815774], [-46.46722054, -23.81573482], [-46.46704283, -23.81565349], [-46.46697737, -23.81556431], [-46.46696514, -23.81545938], [-46.46691585, -23.81533447], [-46.46682503, -23.8152113], [-46.46667359, -23.81506364], [-46.46648104, -23.81497285], [-46.46637695, -23.81488799], [-46.4660796, -23.81442996], [-46.46601265, -23.81437186], [-46.4657165, -23.81423913], [-46.46517936, -23.81387447], [-46.46497835, -23.81375891], [-46.46489229, -23.81367539], [-46.46476057, -23.81360736], [-46.46424829, -23.81347065], [-46.46408981, -23.81335167], [-46.46399011, -23.81322008], [-46.46368657, -23.81301211], [-46.4633181, -23.81285295], [-46.46291966, -23.81264889], [-46.46273826, -23.81253013], [-46.46248184, -23.81214399], [-46.46231246, -23.81192872], [-46.46224975, -23.81188413], [-46.46124816, -23.81190568], [-46.46082519, -23.81184944], [-46.46015005, -23.81178655], [-46.45998928, -23.81175494], [-46.45970998, -23.81166421], [-46.45935309, -23.81166156], [-46.4589966, -23.81169506], [-46.45895391, -23.81168341], [-46.45886815, -23.81162699], [-46.45867563, -23.81139085], [-46.45808868, -23.81013732], [-46.45798552, -23.80998769], [-46.4578995, -23.80990717], [-46.4571223, -23.80949884], [-46.45669391, -23.80924986], [-46.45649916, -23.80910712], [-46.45610241, -23.80875844], [-46.45593107, -23.80866066], [-46.45570082, -23.80856343], [-46.4554271, -23.80838528], [-46.45523155, -23.80817025], [-46.45490431, -23.80789019], [-46.45444567, -23.8075692], [-46.45375377, -23.80717511], [-46.45364848, -23.80712791], [-46.45355676, -23.80712275], [-46.4533998, -23.80713929], [-46.45322684, -23.80718911], [-46.45313197, -23.80719603], [-46.45241842, -23.80704578], [-46.45191079, -23.80702948], [-46.45156748, -23.80706885], [-46.45138086, -23.8070676], [-46.45122009, -23.80703598], [-46.45085806, -23.80686468], [-46.45078531, -23.80679909], [-46.45034334, -23.80650504], [-46.4502277, -23.80640974], [-46.45002034, -23.80630928], [-46.44947824, -23.80613665], [-46.44916989, -23.80608232], [-46.44874972, -23.80598084], [-46.44789894, -23.80568648], [-46.44757164, -23.80561952], [-46.44677456, -23.80575539], [-46.44630782, -23.80588327], [-46.44591908, -23.80595921], [-46.44534959, -23.80597358], [-46.44516287, -23.80596328], [-46.44498306, -23.80598605], [-46.444731, -23.80598841], [-46.4442341, -23.80605331], [-46.44400846, -23.806067], [-46.44374107, -23.80603392], [-46.44351017, -23.80597], [-46.44336588, -23.80591036], [-46.44325621, -23.80581819], [-46.44322419, -23.80575411], [-46.44306254, -23.80554053], [-46.44292678, -23.80547629], [-46.44275115, -23.8053582], [-46.44269907, -23.80531124], [-46.44266618, -23.80522344], [-46.4426166, -23.80518098], [-46.44260395, -23.80514721], [-46.44250723, -23.80506001], [-46.44219892, -23.80493412], [-46.44210002, -23.80487179], [-46.44202271, -23.80476408], [-46.44195227, -23.80461111], [-46.44047031, -23.80537499], [-46.44040296, -23.80550213], [-46.44036267, -23.80563354], [-46.44033517, -23.80581227], [-46.44036953, -23.80603334], [-46.44032413, -23.80614672], [-46.44030125, -23.8062983], [-46.44023894, -23.80643669], [-46.44023249, -23.80652034], [-46.44018769, -23.80668793], [-46.44012966, -23.8067698], [-46.44006127, -23.80680207], [-46.43996532, -23.80678489], [-46.43986163, -23.8067339], [-46.43980446, -23.80667118], [-46.43979354, -23.80634822], [-46.43966799, -23.80609637], [-46.43953645, -23.80596883], [-46.43948717, -23.80595347], [-46.43939546, -23.80587526], [-46.4393379, -23.8057764], [-46.43936398, -23.80569256], [-46.43937705, -23.80554108], [-46.43930089, -23.80553727], [-46.43927875, -23.80556293], [-46.43919899, -23.80560055], [-46.43915076, -23.80558871], [-46.43910752, -23.80554486], [-46.43904638, -23.80533152], [-46.43893788, -23.80518502], [-46.43877999, -23.80516436], [-46.43866445, -23.80510643], [-46.43860723, -23.80500616], [-46.43860642, -23.80493241], [-46.43846018, -23.80475675], [-46.43831495, -23.80467205], [-46.43826888, -23.80461347], [-46.43810732, -23.80450188], [-46.43796505, -23.8044442], [-46.43745353, -23.80434078], [-46.4373473, -23.8042799], [-46.43729329, -23.80422795], [-46.43716795, -23.80417011], [-46.43702879, -23.80415174], [-46.43702912, -23.80418124], [-46.43706885, -23.80423004], [-46.43722625, -23.80428758], [-46.43746664, -23.80443942], [-46.43770954, -23.80449616], [-46.43774258, -23.80458437], [-46.43778576, -23.8046233], [-46.43789242, -23.80460264], [-46.43797818, -23.80462479], [-46.43808603, -23.80471229], [-46.43826625, -23.80490075], [-46.43834629, -23.8050508], [-46.43835126, -23.8051786], [-46.43828145, -23.80531038], [-46.43827483, -23.80535634], [-46.43841086, -23.80541408], [-46.43852926, -23.80548838], [-46.43866237, -23.80560515], [-46.43883806, -23.80570514], [-46.43908475, -23.8060379], [-46.43931641, -23.80620538], [-46.43935439, -23.80625666], [-46.43936913, -23.80638191], [-46.4393328, -23.8064806], [-46.43928544, -23.80654742], [-46.43908103, -23.80666981], [-46.43897242, -23.80675687], [-46.43893011, -23.80679661], [-46.43883829, -23.80695236], [-46.43875063, -23.80699989], [-46.43836182, -23.80712153], [-46.43814269, -23.80712112], [-46.43803541, -23.80708524], [-46.43784364, -23.80690017], [-46.43781722, -23.80692746], [-46.43779137, -23.80700638], [-46.43773852, -23.80706096], [-46.4377284, -23.80711269], [-46.43788117, -23.80715306], [-46.43807714, -23.80723483], [-46.43814969, -23.80727103], [-46.43830621, -23.80740971], [-46.4383732, -23.8074263], [-46.43858976, -23.80743657], [-46.43891815, -23.80740892], [-46.43936741, -23.80719575], [-46.43944484, -23.80719011], [-46.43950662, -23.80721903], [-46.43961734, -23.80732372], [-46.43964482, -23.80739231], [-46.43960784, -23.80743199], [-46.43952817, -23.80747699], [-46.4393684, -23.80752766], [-46.43929892, -23.8075283], [-46.43923237, -23.80755105], [-46.43908911, -23.80764582], [-46.43898629, -23.80777217], [-46.43893671, -23.80788081], [-46.43892154, -23.80795963], [-46.4389416, -23.80808238], [-46.43887387, -23.80824036], [-46.43891932, -23.8082424], [-46.43895902, -23.80820761], [-46.43916462, -23.80794999], [-46.43945415, -23.80779239], [-46.43959831, -23.80777875], [-46.43978278, -23.80778687], [-46.43988189, -23.80780807], [-46.44001617, -23.80786828], [-46.44011323, -23.80794605], [-46.44014322, -23.80799986], [-46.44026756, -23.80812901], [-46.44030584, -23.80820733], [-46.44028847, -23.80832797], [-46.44025686, -23.80837006], [-46.44011644, -23.80847955], [-46.4400531, -23.80855144], [-46.44005871, -23.80857598], [-46.44009906, -23.80860019], [-46.44022219, -23.80861871], [-46.4405548, -23.80873116], [-46.44084525, -23.80889809], [-46.44098811, -23.80900986], [-46.44110431, -23.80912679], [-46.44121609, -23.80932735], [-46.44124643, -23.80941312], [-46.44123481, -23.80957058], [-46.44116394, -23.8096868], [-46.44112124, -23.80969212], [-46.44105103, -23.80962639], [-46.44096299, -23.80963951], [-46.44093188, -23.80972585], [-46.44093018, -23.80981438], [-46.44086722, -23.80992069], [-46.44074218, -23.80997103], [-46.44057389, -23.80997752], [-46.44053087, -23.80995334], [-46.44049022, -23.80990208], [-46.44048949, -23.80983571], [-46.44041539, -23.80965938], [-46.4402972, -23.80960393], [-46.44021712, -23.80961205], [-46.4401294, -23.80965467], [-46.44008117, -23.80964283], [-46.44000456, -23.80948127], [-46.44002542, -23.80943436], [-46.44005224, -23.80920054], [-46.44001674, -23.80913203], [-46.4399141, -23.80903218], [-46.43982243, -23.80895928], [-46.43977418, -23.80894498], [-46.43964581, -23.80893634], [-46.43946719, -23.80897489], [-46.43945165, -23.80901929], [-46.43960255, -23.80913344], [-46.43969225, -23.80927028], [-46.43969873, -23.80937349], [-46.43972368, -23.80945439], [-46.43977237, -23.80950803], [-46.43979499, -23.80962091], [-46.43981953, -23.80966494], [-46.43983536, -23.80988853], [-46.43991461, -23.8100476], [-46.43992603, -23.81011388], [-46.43990784, -23.81016076], [-46.4398734, -23.81018813], [-46.43983086, -23.8102082], [-46.43977475, -23.81020872], [-46.43970236, -23.81018727], [-46.43943812, -23.80997337], [-46.43931736, -23.80992779], [-46.43904503, -23.80995], [-46.43891108, -23.80991928], [-46.43865253, -23.8097373], [-46.43854268, -23.80971128], [-46.43848343, -23.80967003], [-46.43844832, -23.80963594], [-46.43835808, -23.80944992], [-46.43833448, -23.80924853], [-46.43834943, -23.80915004], [-46.43832122, -23.80901508], [-46.43826692, -23.80893691], [-46.4382105, -23.80891039], [-46.43813382, -23.80874146], [-46.4380447, -23.80865624], [-46.43791358, -23.80864025], [-46.43788181, -23.80866759], [-46.43790913, -23.80872143], [-46.43809558, -23.808909], [-46.43812117, -23.80904891], [-46.43811672, -23.80913009], [-46.43806572, -23.80935184], [-46.43802111, -23.80942602], [-46.43798402, -23.80945587], [-46.43779426, -23.80945272], [-46.43774629, -23.80946546], [-46.43761658, -23.80957731], [-46.43748207, -23.80973837], [-46.43730172, -23.80986299], [-46.43724885, -23.80991511], [-46.43723862, -23.80995701], [-46.43728926, -23.80994424], [-46.43741133, -23.80986688], [-46.43747546, -23.80986629], [-46.43752858, -23.80983629], [-46.4376317, -23.80973698], [-46.43770614, -23.80970187], [-46.43778625, -23.8096962], [-46.43787467, -23.8097175], [-46.43810887, -23.80987268], [-46.43814404, -23.80991169], [-46.43840455, -23.81002973], [-46.43870092, -23.81024825], [-46.43884019, -23.81027645], [-46.4390889, -23.8102938], [-46.43920183, -23.81035667], [-46.43935579, -23.81050521], [-46.43939701, -23.81060809], [-46.43939783, -23.81068184], [-46.43936649, -23.81074852], [-46.43932717, -23.81081773], [-46.43921371, -23.8109491], [-46.43903612, -23.81108106], [-46.43880228, -23.81120126], [-46.43866719, -23.8113107], [-46.43853568, -23.81150125], [-46.43836143, -23.81169465], [-46.43826867, -23.81176435], [-46.43814076, -23.81179751], [-46.43809032, -23.81182748], [-46.43818741, -23.81190771], [-46.43827151, -23.81202249], [-46.43837376, -23.81208546], [-46.43849673, -23.81208923], [-46.43859265, -23.81206375], [-46.4387397, -23.81206975], [-46.4388634, -23.8121399], [-46.43898251, -23.81227893], [-46.4389992, -23.81233778], [-46.43902199, -23.81270883], [-46.43900173, -23.81280982], [-46.43890514, -23.81301725], [-46.43894004, -23.81303168], [-46.43900136, -23.81301881], [-46.43931147, -23.81278726], [-46.43955358, -23.81268911], [-46.4396837, -23.81261414], [-46.43970189, -23.81256726], [-46.43966426, -23.81254794], [-46.43948752, -23.81251517], [-46.43933996, -23.81246245], [-46.43930223, -23.8124333], [-46.43923318, -23.81222988], [-46.43926923, -23.81210661], [-46.43928126, -23.81198602], [-46.43934136, -23.81186253], [-46.43932929, -23.81173725], [-46.43934956, -23.81163625], [-46.43944461, -23.8115321], [-46.43954425, -23.81135907], [-46.43965853, -23.81130145], [-46.43971208, -23.81131079], [-46.43978758, -23.81137155], [-46.43987533, -23.8115748], [-46.44002376, -23.81170618], [-46.44007526, -23.81177208], [-46.44012363, -23.81179622], [-46.44018849, -23.81186199], [-46.44024027, -23.81195248], [-46.44024351, -23.81200408], [-46.44021485, -23.81207073], [-46.44002724, -23.81226426], [-46.44000903, -23.81230869], [-46.44004949, -23.81234273], [-46.44007057, -23.81231549], [-46.44019853, -23.81228725], [-46.44045137, -23.81219392], [-46.44053631, -23.81214149], [-46.44069879, -23.81209326], [-46.44083523, -23.81210674], [-46.4408996, -23.81212826], [-46.44123843, -23.81231933], [-46.44128742, -23.81240001], [-46.44129113, -23.8124934], [-46.44124428, -23.81260694], [-46.44118102, -23.81268621], [-46.44104866, -23.81280054], [-46.44103571, -23.81283754], [-46.44107606, -23.81286175], [-46.44133855, -23.81291585], [-46.44140802, -23.8129152], [-46.44154111, -23.81286724], [-46.44159191, -23.81286923], [-46.4419459, -23.81298147], [-46.44201071, -23.81304233], [-46.44196514, -23.81327141], [-46.44197381, -23.81333034], [-46.44205249, -23.81343779], [-46.44206912, -23.81349172], [-46.44204166, -23.81366654], [-46.44204234, -23.813728], [-46.44207492, -23.81377441], [-46.44207145, -23.81394409], [-46.4420114, -23.8140725], [-46.44192935, -23.81414457], [-46.44182574, -23.81419963], [-46.44166671, -23.81431913], [-46.4414939, -23.81439943], [-46.44134791, -23.8144893], [-46.44123684, -23.81459606], [-46.44114508, -23.81475673], [-46.44100687, -23.81482441], [-46.44099402, -23.81487124], [-46.44105444, -23.8150182], [-46.4410734, -23.81528356], [-46.44117753, -23.81527521], [-46.44127973, -23.81533326], [-46.44146154, -23.8153414], [-46.44157715, -23.81540424], [-46.44162527, -23.81540625], [-46.44173666, -23.81532899], [-46.44182888, -23.81521011], [-46.441882, -23.81518011], [-46.44201687, -23.815051], [-46.44214999, -23.8150055], [-46.44218472, -23.81500517], [-46.44222243, -23.81503187], [-46.44222436, -23.81520641], [-46.44225416, -23.81524301], [-46.44228893, -23.81524515], [-46.44242895, -23.81509878], [-46.44253649, -23.81491583], [-46.44260559, -23.81488076], [-46.44266242, -23.81470321], [-46.44271769, -23.81462647], [-46.44278641, -23.81455699], [-46.44286357, -23.81452676], [-46.44294101, -23.81452112], [-46.44302949, -23.81454734], [-46.44322321, -23.814666], [-46.44342168, -23.81473052], [-46.44354583, -23.81484], [-46.44369527, -23.81506234], [-46.44374909, -23.81509626], [-46.44400605, -23.81513319], [-46.4440545, -23.8151647], [-46.44414137, -23.81528682], [-46.4442858, -23.81529776], [-46.44433867, -23.81524563], [-46.44438798, -23.8151124], [-46.44438051, -23.8149207], [-46.44441659, -23.81479988], [-46.44441833, -23.81471627], [-46.44438575, -23.81466986], [-46.44431851, -23.81463116], [-46.4442642, -23.81455299], [-46.44430003, -23.81441005], [-46.44434699, -23.81430635], [-46.44446931, -23.81425111], [-46.4445682, -23.81425264], [-46.44484029, -23.81444924], [-46.44494486, -23.81448023], [-46.44502047, -23.81455082], [-46.44498654, -23.8146249], [-46.4449018, -23.81469453], [-46.44484121, -23.81477378], [-46.44482575, -23.81482556], [-46.44484006, -23.81491147], [-46.44493733, -23.81502079], [-46.44495381, -23.8152217], [-46.44493078, -23.81528748], [-46.44478458, -23.81538501], [-46.44433479, -23.81552472], [-46.44421243, -23.81563077], [-46.4441657, -23.81570115], [-46.4441578, -23.81584546], [-46.44411746, -23.81606439], [-46.44411862, -23.81616928], [-46.4441589, -23.81637434], [-46.44414663, -23.81655366], [-46.44409985, -23.81661966], [-46.44402893, -23.81665092], [-46.44394352, -23.81666046], [-46.44382577, -23.81675336], [-46.44382645, -23.81681454], [-46.44384603, -23.81686681], [-46.44391278, -23.81688804], [-46.44397516, -23.81694428], [-46.4441613, -23.81702121], [-46.44434658, -23.81701948], [-46.44461193, -23.8169558], [-46.44473544, -23.81695464], [-46.4449512, -23.81713183], [-46.44499017, -23.81721888], [-46.44504805, -23.81729702], [-46.44507752, -23.81738416], [-46.44507825, -23.81744972], [-46.4450273, -23.81756821], [-46.44484406, -23.81775351], [-46.44479335, -23.81789385], [-46.44479403, -23.81795504], [-46.4446771, -23.81812223], [-46.44463919, -23.81813133], [-46.44461117, -23.8181753], [-46.44455926, -23.81820638], [-46.44430844, -23.81829615], [-46.44421915, -23.8183844], [-46.44389281, -23.81851859], [-46.44378335, -23.81850213], [-46.44374947, -23.81844563], [-46.44372432, -23.8183191], [-46.44368583, -23.81827575], [-46.443666, -23.81820163], [-46.44365763, -23.81787389], [-46.44362379, -23.81782176], [-46.44349902, -23.81770928], [-46.44316192, -23.81772992], [-46.44308078, -23.81769571], [-46.4429562, -23.81760072], [-46.44283046, -23.81740083], [-46.44278286, -23.81739253], [-46.44279779, -23.81745359], [-46.44277932, -23.81750184], [-46.44265154, -23.81754675], [-46.44245667, -23.81753983], [-46.44239448, -23.81750107], [-46.44224528, -23.81732763], [-46.44220737, -23.81733672], [-46.44220795, -23.81738917], [-46.44216568, -23.81743328], [-46.44206625, -23.8174648], [-46.44191506, -23.81754052], [-46.44183027, -23.81760688], [-46.44174049, -23.81765143], [-46.44171252, -23.81769977], [-46.44208627, -23.8175564], [-46.4422142, -23.81752461], [-46.44244338, -23.81762737], [-46.44251997, -23.81767911], [-46.44259608, -23.81768713], [-46.4428543, -23.8178377], [-46.44294562, -23.81793301], [-46.4430764, -23.81815907], [-46.44308391, -23.81840815], [-46.44312297, -23.81850394], [-46.44312505, -23.81869187], [-46.44318079, -23.81900606], [-46.44318185, -23.81910221], [-46.44315911, -23.81919421], [-46.44306628, -23.81939177], [-46.44298159, -23.81946687], [-46.4428696, -23.8196515], [-46.44286818, -23.81995311], [-46.44282092, -23.81997541], [-46.44273056, -23.81996751], [-46.44267322, -23.81993745], [-46.44255329, -23.81983367], [-46.44244834, -23.81979531], [-46.44231441, -23.81971352], [-46.4422812, -23.8197182], [-46.44229186, -23.819823], [-46.44236375, -23.81987915], [-46.44241232, -23.81997486], [-46.44242559, -23.82031567], [-46.44238438, -23.82045592], [-46.44221921, -23.820558], [-46.44194018, -23.82067425], [-46.44184997, -23.82067947], [-46.44178782, -23.82064508], [-46.4417108, -23.82055401], [-46.44158171, -23.82048091], [-46.44149591, -23.82045549], [-46.44143827, -23.82039921], [-46.44121819, -23.82026139], [-46.44116502, -23.82017884], [-46.44111233, -23.82014], [-46.4410831, -23.82007471], [-46.44107763, -23.82000919], [-46.44116581, -23.81982042], [-46.4411743, -23.81972855], [-46.44115419, -23.8196282], [-46.44107977, -23.81977314], [-46.44102804, -23.81982171], [-46.44089978, -23.8198229], [-46.44078533, -23.81978464], [-46.44070821, -23.81968482], [-46.44064423, -23.81948436], [-46.44059154, -23.81944551], [-46.44054893, -23.81945902], [-46.44049793, -23.81957314], [-46.44048939, -23.81966064], [-46.44070059, -23.81985536], [-46.44089633, -23.81994095], [-46.44097331, -23.82002765], [-46.44099525, -23.82029407], [-46.44109642, -23.82041989], [-46.44121154, -23.82051934], [-46.44123602, -23.82058468], [-46.44121362, -23.82070727], [-46.44115249, -23.82076467], [-46.44093991, -23.82087593], [-46.44066912, -23.82087846], [-46.44056499, -23.8209144], [-46.44046788, -23.82115571], [-46.44043977, -23.82119094], [-46.44039265, -23.82122635], [-46.44021754, -23.82128917], [-46.44015099, -23.82128543], [-46.44003125, -23.82119913], [-46.43997304, -23.8210904], [-46.4399299, -23.82105583], [-46.43987962, -23.82123551], [-46.43976555, -23.8212322], [-46.43968392, -23.82115429], [-46.43962998, -23.82100181], [-46.43959677, -23.82100649], [-46.43955594, -23.82118171], [-46.43950935, -23.82126519], [-46.43951065, -23.8213832], [-46.4396408, -23.82155245], [-46.43964638, -23.8216267], [-46.43963289, -23.82169676], [-46.43959081, -23.82175835], [-46.43952008, -23.82180709], [-46.43944407, -23.8218078], [-46.43930567, -23.82175227], [-46.43924285, -23.82165669], [-46.43922318, -23.82159568], [-46.43918968, -23.82157414], [-46.43912206, -23.82147424], [-46.43905492, -23.82141805], [-46.43892656, -23.8214105], [-46.4387598, -23.82136835], [-46.43866882, -23.82130363], [-46.4386299, -23.82122095], [-46.43857988, -23.82099413], [-46.4385161, -23.82081114], [-46.43841552, -23.82073777], [-46.43839138, -23.82070303], [-46.43826752, -23.82067359], [-46.43820101, -23.82067421], [-46.43793172, -23.82081222], [-46.43775124, -23.82081828], [-46.43765584, -23.8207842], [-46.43766611, -23.82085404], [-46.43771434, -23.82091915], [-46.43779069, -23.82094904], [-46.437943, -23.82097384], [-46.43802823, -23.82094682], [-46.43808523, -23.82094629], [-46.43813298, -23.8209677], [-46.43819066, -23.82102836], [-46.43818425, -23.82130816], [-46.43822111, -23.82163563], [-46.43827889, -23.82170503], [-46.43837176, -23.82194019], [-46.43839643, -23.82202301], [-46.43839811, -23.82217598], [-46.43848958, -23.8222844], [-46.43848575, -23.82236748], [-46.43844832, -23.82242028], [-46.43824078, -23.82255772], [-46.43798069, -23.82266942], [-46.43787229, -23.82274911], [-46.43789173, -23.82278826], [-46.43803391, -23.82275634], [-46.43841248, -23.82261731], [-46.43851215, -23.82260764], [-46.43862089, -23.82255854], [-46.43873946, -23.82253995], [-46.43882037, -23.82255231], [-46.43883617, -23.82269203], [-46.43875186, -23.82280209], [-46.43877163, -23.82287184], [-46.43909118, -23.82298251], [-46.4391779, -23.82309097], [-46.43919312, -23.82317825], [-46.43907618, -23.82334544], [-46.43893482, -23.82345166], [-46.43873601, -23.82351908], [-46.43851392, -23.82363042], [-46.43833843, -23.82365829], [-46.43832937, -23.82369771], [-46.43838235, -23.82376278], [-46.43847785, -23.8238056], [-46.43865886, -23.82384762], [-46.43872595, -23.82389944], [-46.43871435, -23.82413995], [-46.43873455, -23.82424904], [-46.4387359, -23.82437141], [-46.43872276, -23.82447207], [-46.43859598, -23.82460875], [-46.43855055, -23.82479712], [-46.43825845, -23.82502277], [-46.43827362, -23.82512923], [-46.44031514, -23.82642339], [-46.44052603, -23.82639811], [-46.44120056, -23.8270523], [-46.44166664, -23.82718782], [-46.44185623, -23.82752795], [-46.44251709, -23.82770826], [-46.44280122, -23.82819514], [-46.44451026, -23.82844333], [-46.44500985, -23.8286506], [-46.4449565, -23.82866015], [-46.44492605, -23.8286916], [-46.44489588, -23.82874856], [-46.44489415, -23.82887041], [-46.44485478, -23.82894183], [-46.44409142, -23.82876184], [-46.44382176, -23.82857653], [-46.44349419, -23.82858664], [-46.44305377, -23.82875982], [-46.44284246, -23.82872883], [-46.44284391, -23.8284961], [-46.4421752, -23.82822991], [-46.44183213, -23.82800112], [-46.44132977, -23.8277927], [-46.4408524, -23.82733254], [-46.44061865, -23.82733066], [-46.44015654, -23.82686485], [-46.43978769, -23.82662031], [-46.43942362, -23.82674788], [-46.43925019, -23.82664394], [-46.43895603, -23.82638913], [-46.43875097, -23.82604301], [-46.43819474, -23.82570187], [-46.43785077, -23.82539091], [-46.43758932, -23.82528877], [-46.43744431, -23.82518031], [-46.43702218, -23.82467944], [-46.43624785, -23.82452727], [-46.43571803, -23.82406008], [-46.43559014, -23.82406245], [-46.43529114, -23.82359013], [-46.43458914, -23.82366729], [-46.43434084, -23.82352077], [-46.43429434, -23.82279939], [-46.43394649, -23.8229463], [-46.43313672, -23.82281955], [-46.43312286, -23.82315742], [-46.43286914, -23.8237409], [-46.43221677, -23.82436014], [-46.4320881, -23.82463921], [-46.43172802, -23.8251302], [-46.43146867, -23.82513053], [-46.4313577, -23.82532337], [-46.43144974, -23.82560617], [-46.43112972, -23.82579355], [-46.43072033, -23.82586219], [-46.43008854, -23.82585112], [-46.42864482, -23.82566241], [-46.4260378, -23.82494238], [-46.4256153, -23.82472685], [-46.42499073, -23.82452492], [-46.42469658, -23.82437682], [-46.42356978, -23.82409216], [-46.42186311, -23.82299734], [-46.42071218, -23.82176923], [-46.41947423, -23.82107584], [-46.41879409, -23.82044138], [-46.41799929, -23.81993612], [-46.41746818, -23.82019729], [-46.41707844, -23.82064938], [-46.4168788, -23.8215055], [-46.41772328, -23.82230932], [-46.41885283, -23.8237085], [-46.41908891, -23.8240694], [-46.41897447, -23.82421996], [-46.41846401, -23.82424601], [-46.41755381, -23.82380588], [-46.41671698, -23.82370679], [-46.41560506, -23.82393057], [-46.41426447, -23.82447681], [-46.41301765, -23.8251076], [-46.4127832, -23.82489618], [-46.41284822, -23.82446844], [-46.41302722, -23.82384744], [-46.41301773, -23.82297188], [-46.41328079, -23.82153853], [-46.41363809, -23.82023246], [-46.4134239, -23.81938328], [-46.4126743, -23.81824355], [-46.41148243, -23.81678488], [-46.41076261, -23.81561699], [-46.41053289, -23.81561458], [-46.41022027, -23.81557048], [-46.40975995, -23.81557468], [-46.40939671, -23.81547867], [-46.40922698, -23.81539533], [-46.40886954, -23.81501841], [-46.40870863, -23.81475166], [-46.4085797, -23.81417398], [-46.4084847, -23.81392108], [-46.40814235, -23.81348622], [-46.40794599, -23.81330018], [-46.40772022, -23.81320832], [-46.40696715, -23.81309779], [-46.40649545, -23.8129558], [-46.40599091, -23.81258924], [-46.40582144, -23.81252938], [-46.40559162, -23.81251702], [-46.40536679, -23.81260396], [-46.40514239, -23.81263851], [-46.40491738, -23.81261708], [-46.40478403, -23.81253883], [-46.40450983, -23.81232459], [-46.40427405, -23.81221385], [-46.40418179, -23.81221469], [-46.40382112, -23.81244826], [-46.4036427, -23.81246885], [-46.4034222, -23.81241035], [-46.40277938, -23.81205407], [-46.40260044, -23.8120268], [-46.40245781, -23.8120895], [-46.4021778, -23.81224738], [-46.4020454, -23.81225761], [-46.40018328, -23.81215713], [-46.39920186, -23.81217055], [-46.39815932, -23.81225045], [-46.39783796, -23.81230574], [-46.39764363, -23.8123075], [-46.39735168, -23.8122677], [-46.39679255, -23.81211744], [-46.39658324, -23.81209585], [-46.39629706, -23.81213637], [-46.39606329, -23.81221345], [-46.39585997, -23.81238416], [-46.39569884, -23.8126448], [-46.39533292, -23.81330645], [-46.3951488, -23.81371269], [-46.39512426, -23.81389624], [-46.39485044, -23.8145435], [-46.39465741, -23.81466716], [-46.394494, -23.8147156], [-46.39437087, -23.81467427], [-46.39410836, -23.81445088], [-46.3938739, -23.81409628], [-46.39364973, -23.81369373], [-46.3933661, -23.8129621], [-46.39305466, -23.81247545], [-46.39263013, -23.81206116], [-46.39235754, -23.81190378], [-46.39146452, -23.81155422], [-46.39071835, -23.81107601], [-46.3901863, -23.8106103], [-46.38954306, -23.81021152], [-46.38906124, -23.81003796], [-46.38763746, -23.80989545], [-46.38700302, -23.8097693], [-46.38663874, -23.80966421], [-46.38644441, -23.80966596], [-46.38615347, -23.80972005], [-46.38578732, -23.80990215], [-46.38519227, -23.81025066], [-46.38488711, -23.81035274], [-46.38462119, -23.81035964], [-46.38426794, -23.81027792], [-46.38383657, -23.81014092], [-46.38352293, -23.80999833], [-46.38326545, -23.80978391], [-46.3830939, -23.80952626], [-46.38297294, -23.80922662], [-46.38291942, -23.8089923], [-46.38287092, -23.8083055], [-46.38280297, -23.80809931], [-46.38265193, -23.80783245], [-46.38249184, -23.80773003], [-46.38234881, -23.80775569], [-46.38199395, -23.80798464], [-46.38187628, -23.80799473], [-46.3817532, -23.8079579], [-46.38157338, -23.80784663], [-46.38138683, -23.80765594], [-46.38126568, -23.80733734], [-46.38117459, -23.80689113], [-46.38107022, -23.80667533], [-46.38092484, -23.80647886], [-46.38070827, -23.80632547], [-46.38038478, -23.80617845], [-46.37958046, -23.80557878], [-46.37908116, -23.80523466], [-46.3786182, -23.80498503], [-46.37813491, -23.80466966], [-46.37797914, -23.80451121], [-46.37778709, -23.80416976], [-46.37772158, -23.80382176], [-46.37771851, -23.80353009], [-46.37769166, -23.8034039], [-46.37758309, -23.80325406], [-46.37736132, -23.80307271], [-46.37724703, -23.80293737], [-46.37718965, -23.80280151], [-46.3770414, -23.80233234], [-46.37683801, -23.8019386], [-46.37625868, -23.80135587], [-46.37604181, -23.80108056], [-46.37567146, -23.80039662], [-46.37563951, -23.80025151], [-46.37553908, -23.79947576], [-46.37542692, -23.7990776], [-46.375201, -23.79850074], [-46.37382063, -23.79650008], [-46.37361623, -23.79600792], [-46.37356664, -23.79567874], [-46.37360557, -23.79546165], [-46.37380247, -23.79523955], [-46.37427992, -23.79500411], [-46.37460151, -23.79497325], [-46.37580385, -23.7949815], [-46.37619124, -23.79495456], [-46.37643722, -23.79501378], [-46.37682777, -23.79519362], [-46.37715098, -23.79531716], [-46.3772893, -23.79531141], [-46.37740171, -23.79526797], [-46.37752329, -23.79516393], [-46.37754296, -23.79507435], [-46.37726691, -23.79467675], [-46.377251, -23.79456401], [-46.37737456, -23.79418181], [-46.37739338, -23.79401276], [-46.37733293, -23.79358524], [-46.37723964, -23.79348674], [-46.37705481, -23.79345588], [-46.37667744, -23.79350169], [-46.37647322, -23.79349358], [-46.37585619, -23.7932408], [-46.37545544, -23.79302312], [-46.37497626, -23.79262733], [-46.37462447, -23.79221234], [-46.37428834, -23.79188571], [-46.37385075, -23.79161687], [-46.37330093, -23.79131562], [-46.37290937, -23.79103735], [-46.37280067, -23.79087305], [-46.37277343, -23.79070893], [-46.3726661, -23.79030079], [-46.37262031, -23.79023979], [-46.37251673, -23.79018924], [-46.37239416, -23.79019936], [-46.37213075, -23.790348], [-46.37137414, -23.79091463], [-46.3707815, -23.79139492], [-46.37058848, -23.79151855], [-46.37037892, -23.79156285], [-46.3700569, -23.79155126], [-46.36979651, -23.79152106], [-46.36958695, -23.79156537], [-46.36923162, -23.79174733], [-46.36906961, -23.79192758], [-46.36891085, -23.79241755], [-46.36878967, -23.79256041], [-46.36861249, -23.79269835], [-46.36842864, -23.79276048], [-46.36812286, -23.79280112], [-46.36719211, -23.79276693], [-46.36685404, -23.79272296], [-46.36544729, -23.79212403], [-46.36500035, -23.7918977], [-46.36484593, -23.79186565], [-46.36392771, -23.79199659], [-46.3638097, -23.79197415], [-46.3633841, -23.79181807], [-46.36298284, -23.7916428], [-46.36273687, -23.79158356], [-46.36255311, -23.79156171], [-46.36240518, -23.79158649], [-46.3622834, -23.79167246], [-46.36183066, -23.79239621], [-46.36134734, -23.79263527], [-46.36110712, -23.79265636], [-46.36084677, -23.79263066], [-46.36061022, -23.79253341], [-46.3603586, -23.79240377], [-46.36005562, -23.792336], [-46.35962163, -23.79231635], [-46.35915192, -23.7923539], [-46.35868632, -23.79231556], [-46.35836283, -23.79225699], [-46.35770554, -23.79190516], [-46.35735434, -23.79163552], [-46.35702914, -23.79131869], [-46.35684246, -23.79101418], [-46.35672387, -23.79093575], [-46.3565755, -23.79091809], [-46.35642796, -23.7909808], [-46.35612314, -23.79120925], [-46.35595155, -23.79141305], [-46.35582137, -23.79163545], [-46.35562896, -23.79182046], [-46.35548141, -23.79188226], [-46.35528745, -23.79191738], [-46.3550771, -23.79188582], [-46.35472825, -23.791748], [-46.35412059, -23.79135326], [-46.3539916, -23.79121803], [-46.35382966, -23.79083835], [-46.35378597, -23.79059942], [-46.35380802, -23.79026508], [-46.35390549, -23.78982172], [-46.35401921, -23.78943059], [-46.35404384, -23.78915583], [-46.35387613, -23.78888186], [-46.35371544, -23.78871801], [-46.35341768, -23.78858426], [-46.35280796, -23.78846317], [-46.35195533, -23.78810309], [-46.35083795, -23.78776518], [-46.34984362, -23.78755714], [-46.34941956, -23.7875473], [-46.34913331, -23.7875778], [-46.34900637, -23.78764032], [-46.34890135, -23.78782908], [-46.34882091, -23.78802214], [-46.34873577, -23.78814119], [-46.34857767, -23.78822656], [-46.34836943, -23.78830424], [-46.34815448, -23.7883016], [-46.34768307, -23.78817386], [-46.34731872, -23.78805423], [-46.34710377, -23.78805159], [-46.3466037, -23.78809388], [-46.34607149, -23.78806511], [-46.34592764, -23.78801037], [-46.34561429, -23.78779185], [-46.34519967, -23.78726896], [-46.3442954, -23.78589331], [-46.34389668, -23.78538925], [-46.34338123, -23.78488982], [-46.34241623, -23.78409446], [-46.34167442, -23.78353107], [-46.34072256, -23.78286654], [-46.34010132, -23.78257572], [-46.3391573, -23.78229221], [-46.33858811, -23.78210028], [-46.33688282, -23.78184142], [-46.33599198, -23.78167122], [-46.33449862, -23.78159925], [-46.33352582, -23.78147581], [-46.33217798, -23.78162381], [-46.33189329, -23.78171116], [-46.33183205, -23.78176768], [-46.33176176, -23.78190013], [-46.33159801, -23.78239554], [-46.33149702, -23.78250026], [-46.33125765, -23.78260528], [-46.33057939, -23.78268699], [-46.32978132, -23.78266496], [-46.32958274, -23.78272809], [-46.3293491, -23.78291342], [-46.32923901, -23.78308867], [-46.32912513, -23.78347075], [-46.3290596, -23.78358872], [-46.32889211, -23.7837175], [-46.32865203, -23.78375208], [-46.32840671, -23.78375419], [-46.32790535, -23.78366909], [-46.32770172, -23.78371781], [-46.32748816, -23.78385149], [-46.32734699, -23.78405952], [-46.32701797, -23.78441997], [-46.32681005, -23.78453013], [-46.32656549, -23.78460719], [-46.32601413, -23.78472029], [-46.32555048, -23.78487058], [-46.32492095, -23.78530856], [-46.3246166, -23.78548999], [-46.32421354, -23.78561536], [-46.32350433, -23.78574427], [-46.3229585, -23.7858239], [-46.32116212, -23.78558552], [-46.32072694, -23.78554228], [-46.32057404, -23.78556165], [-46.32045686, -23.78562405], [-46.30567112, -23.79082149], [-46.30510977, -23.7902231], [-46.30460342, -23.7897379], [-46.3042042, -23.78926805], [-46.30355098, -23.78861883], [-46.30326207, -23.78838466], [-46.30257604, -23.78798857], [-46.30195801, -23.78771834], [-46.3012496, -23.78743894], [-46.30088351, -23.78733726], [-46.30042866, -23.78729142], [-46.30000381, -23.78730042], [-46.29963451, -23.78736946], [-46.29886707, -23.78776696], [-46.2983858, -23.78812322], [-46.29812962, -23.78821839], [-46.29789606, -23.78822036], [-46.29751297, -23.78818565], [-46.29679916, -23.78795503], [-46.2963364, -23.78770515], [-46.29617377, -23.78753583], [-46.2959907, -23.78718516], [-46.29591105, -23.78697179], [-46.29588292, -23.78660899], [-46.29604914, -23.7858535], [-46.29598688, -23.785612], [-46.29580364, -23.78524507], [-46.29545244, -23.78476305], [-46.29508385, -23.78440852], [-46.29466238, -23.78406527], [-46.29440191, -23.78382542], [-46.29411908, -23.78360834], [-46.29377127, -23.78346766], [-46.29319667, -23.78341739], [-46.29280034, -23.78323377], [-46.29260758, -23.78309269], [-46.29231134, -23.78280889], [-46.29219572, -23.78262833], [-46.29206625, -23.78223837], [-46.29199168, -23.78194188], [-46.29185855, -23.78177773], [-46.29161711, -23.78157655], [-46.29108151, -23.78120082], [-46.29035549, -23.78092151], [-46.2899583, -23.78064939], [-46.28956554, -23.78022912], [-46.28930519, -23.77990076], [-46.28887569, -23.77943654], [-46.28846991, -23.77888993], [-46.28788479, -23.7783665], [-46.28773373, -23.77827384], [-46.28742333, -23.77824392], [-46.28684984, -23.77830379], [-46.28664562, -23.77829375], [-46.2864357, -23.77820248], [-46.28598996, -23.77788108], [-46.28548313, -23.77743465], [-46.28474384, -23.77700009], [-46.28453289, -23.77680407], [-46.28432614, -23.77653576], [-46.28411871, -23.77609767], [-46.28386994, -23.77574753], [-46.28367093, -23.77556766], [-46.28321413, -23.77531859], [-46.2823543, -23.77479742], [-46.2821246, -23.77458981], [-46.28175091, -23.77420819], [-46.28124204, -23.77355134], [-46.28051005, -23.77265521], [-46.27933063, -23.77136091], [-46.27897477, -23.77099539], [-46.27874557, -23.77083744], [-46.25050396, -23.74059615], [-46.24672537, -23.77648072], [-46.2365441, -23.78888363], [-46.23616098, -23.78932038], [-46.23641533, -23.78948925], [-46.23649475, -23.7896141], [-46.2365226, -23.78977075], [-46.23647251, -23.79019096], [-46.23642951, -23.79029874], [-46.2356466, -23.79123082], [-46.23562402, -23.79135063], [-46.23564918, -23.79149189], [-46.23572516, -23.79164649], [-46.23590261, -23.79177903], [-46.23625133, -23.79194285], [-46.23639281, -23.79205411], [-46.23650943, -23.79218489], [-46.23669472, -23.79243767], [-46.2367464, -23.79257839], [-46.23676017, -23.79275561], [-46.23673293, -23.79321859], [-46.23675478, -23.79344199], [-46.23683737, -23.79367256], [-46.23691956, -23.79386789], [-46.23738267, -23.79447769], [-46.23772445, -23.79500451], [-46.23794485, -23.79527132], [-46.23807364, -23.79531917], [-46.23864775, -23.79538677], [-46.23872572, -23.79542037], [-46.23882509, -23.79552652], [-46.23887157, -23.79562472], [-46.23890321, -23.79579045], [-46.23903983, -23.79697557], [-46.23910525, -23.79723571], [-46.23945765, -23.79801377], [-46.23958851, -23.79853313], [-46.23992593, -23.79926672], [-46.23994652, -23.79944765], [-46.23988375, -23.7995642], [-46.23981391, -23.79957316], [-46.23972287, -23.79955745], [-46.23925123, -23.79934586], [-46.23893501, -23.79917527], [-46.23860519, -23.79905508], [-46.23824226, -23.79897868], [-46.23800317, -23.79895277], [-46.23776953, -23.79895314], [-46.23729929, -23.79901524], [-46.23702934, -23.79907562], [-46.23682961, -23.79916316], [-46.23663704, -23.79929325], [-46.23648595, -23.79946728], [-46.23640694, -23.79961612], [-46.23627093, -23.80000713], [-46.23619823, -23.8003096], [-46.23612009, -23.80052438], [-46.23599726, -23.80083067], [-46.2358217, -23.80111997], [-46.23555539, -23.801436], [-46.23477313, -23.80208537], [-46.2345605, -23.80230099], [-46.23425212, -23.80266702], [-46.23402566, -23.80288786], [-46.23368909, -23.80311801], [-46.23274132, -23.80350403], [-46.23209566, -23.80378587], [-46.23166723, -23.80393073], [-46.23110555, -23.80406019], [-46.23096128, -23.80411779], [-46.23085986, -23.80419586], [-46.23063048, -23.80453318], [-46.23042006, -23.80473256], [-46.23016222, -23.80489064], [-46.22962782, -23.80515144], [-46.22879157, -23.80561938], [-46.22722104, -23.80668131], [-46.22627445, -23.80746924], [-46.22610637, -23.80766018], [-46.22514063, -23.80901235], [-46.22474262, -23.80939427], [-46.22451872, -23.8095772], [-46.22438493, -23.80965301], [-46.22400453, -23.80980123], [-46.22353971, -23.80994828], [-46.22304044, -23.81004155], [-46.22272459, -23.81014461], [-46.22241463, -23.81030737], [-46.22218025, -23.81047028], [-46.22174577, -23.81091942], [-46.2215102, -23.81109496], [-46.2212826, -23.81114506], [-46.22105803, -23.81113017], [-46.22082403, -23.81103296], [-46.22034684, -23.81074086], [-46.21918332, -23.81010042], [-46.21886897, -23.80999395], [-46.21856861, -23.80993193], [-46.21826794, -23.80994849], [-46.21794692, -23.81006683], [-46.21782768, -23.81009406], [-46.21670647, -23.81075123], [-46.21645163, -23.8108452], [-46.2161777, -23.81090638], [-46.21477872, -23.81096803], [-46.21432161, -23.81100496], [-46.21387268, -23.81108085], [-46.21353712, -23.81118813], [-46.21293686, -23.81150937], [-46.21239033, -23.81184672], [-46.2116865, -23.81231553], [-46.21104796, -23.81263622], [-46.21057545, -23.81277228], [-46.21005907, -23.81300798], [-46.20980751, -23.81313992], [-46.20963812, -23.81329018], [-46.20957701, -23.813423], [-46.20957762, -23.81356301], [-46.20962539, -23.81376058], [-46.2097517, -23.81389874], [-46.21029164, -23.81431279], [-46.21067288, -23.81470654], [-46.21105362, -23.8151897], [-46.21122684, -23.8155182], [-46.21134721, -23.81589563], [-46.21157344, -23.81705132], [-46.21168021, -23.81783411], [-46.21176082, -23.81865536], [-46.21165576, -23.81912808], [-46.21154896, -23.8194698], [-46.2115151, -23.81967616], [-46.21155248, -23.8198492], [-46.2116524, -23.81998067], [-46.21185444, -23.82011086], [-46.21218539, -23.8202239], [-46.21344431, -23.82050263], [-46.21406006, -23.82072895], [-46.2142672, -23.82084838], [-46.21453469, -23.82105807], [-46.21470083, -23.82128169], [-46.21474789, -23.82140429], [-46.21475826, -23.82154804], [-46.2147414, -23.82167697], [-46.21467105, -23.82183404], [-46.21459071, -23.8219422], [-46.21428112, -23.82213927], [-46.21338313, -23.82235426], [-46.2130321, -23.82250468], [-46.21288623, -23.82259747], [-46.21278663, -23.82268278], [-46.21264217, -23.82286862], [-46.21254212, -23.82309934], [-46.21228183, -23.8235789], [-46.21215349, -23.8239167], [-46.21212786, -23.82404099], [-46.21214378, -23.82432392], [-46.21218093, -23.82445179], [-46.21223986, -23.82456823], [-46.21231289, -23.8246641], [-46.21272722, -23.82501856], [-46.21309489, -23.82528566], [-46.2132951, -23.8254086], [-46.2141854, -23.82583569], [-46.2145192, -23.82595508], [-46.21510906, -23.82620453], [-46.21668899, -23.82702334], [-46.21728759, -23.82727922], [-46.21756409, -23.82742039], [-46.21792085, -23.82763584], [-46.21841767, -23.82799054], [-46.2185453, -23.82810975], [-46.21896923, -23.82859711], [-46.21912571, -23.82881246], [-46.21949142, -23.82925835], [-46.22044286, -23.8302056], [-46.22156109, -23.83157608], [-46.22184539, -23.83184019], [-46.22197428, -23.83206147], [-46.2221421, -23.83230407], [-46.22237205, -23.83258909], [-46.22268237, -23.83294208], [-46.22285345, -23.83310615], [-46.22295319, -23.83313103], [-46.22311816, -23.83312972], [-46.224028, -23.83267639], [-46.22420097, -23.83260746], [-46.22467453, -23.83235125], [-46.22510262, -23.83205466], [-46.22543861, -23.83192387], [-46.22567708, -23.83187211], [-46.2260052, -23.83186134], [-46.22640899, -23.83202505], [-46.22789009, -23.83283062], [-46.2282383, -23.83297097], [-46.22893571, -23.83319205], [-46.22931226, -23.83334092], [-46.22955961, -23.8334654], [-46.23014004, -23.83387362], [-46.23155233, -23.83498439], [-46.23225879, -23.83543229], [-46.23241895, -23.8354851], [-46.23263335, -23.83552331], [-46.2339109, -23.83563595], [-46.23455536, -23.83567473], [-46.23492071, -23.83566988], [-46.23504221, -23.83568512], [-46.2352825, -23.83576162], [-46.23543806, -23.83585501], [-46.23553282, -23.83594394], [-46.235725, -23.83619951], [-46.23580388, -23.83635867], [-46.2359197, -23.83677937], [-46.23610998, -23.83721014], [-46.23625981, -23.83741364], [-46.23667942, -23.83787108], [-46.23693685, -23.83809955], [-46.23823444, -23.83914544], [-46.23850513, -23.83940391], [-46.23854918, -23.83947226], [-46.23859974, -23.83962199], [-46.23860251, -23.83969248], [-46.23853045, -23.84001483], [-46.23842175, -23.84017589], [-46.23830464, -23.84031155], [-46.23814964, -23.8404223], [-46.23754684, -23.84053585], [-46.23676468, -23.84062885], [-46.23639444, -23.84063182], [-46.23614653, -23.84060038], [-46.23585662, -23.84061531], [-46.23555579, -23.84069693], [-46.23540546, -23.84076258], [-46.23528635, -23.8408404], [-46.2352006, -23.84091959], [-46.2351443, -23.8409992], [-46.23502072, -23.8412296], [-46.2349324, -23.84158423], [-46.23491678, -23.84193717], [-46.23494893, -23.84242986], [-46.23504708, -23.8427907], [-46.23532171, -23.84352612], [-46.23553716, -23.8439193], [-46.23567894, -23.84425456], [-46.23572336, -23.84441956], [-46.23582317, -23.84551563], [-46.2358598, -23.84567691], [-46.23590896, -23.8457923], [-46.23616357, -23.84619325], [-46.23622791, -23.84634137], [-46.23625649, -23.84651428], [-46.23626735, -23.84710783], [-46.23624556, -23.8472981], [-46.2361922, -23.84749787], [-46.23605268, -23.84786082], [-46.23594385, -23.84803001], [-46.23587163, -23.84818165], [-46.2357186, -23.84841074], [-46.23567941, -23.8485249], [-46.23569965, -23.8487275], [-46.23574136, -23.8488184], [-46.2359452, -23.84908226], [-46.23625814, -23.84934042], [-46.23644382, -23.84957422], [-46.2367113, -23.8498498], [-46.23686876, -23.85006786], [-46.236897, -23.85020192], [-46.23682631, -23.85037977], [-46.23663613, -23.85065893], [-46.23643709, -23.85087925], [-46.23629249, -23.85107323], [-46.23623079, -23.85124217], [-46.23625336, -23.8517808], [-46.23631333, -23.85201556], [-46.23653728, -23.85243053], [-46.23658428, -23.85255854], [-46.23659465, -23.8527041], [-46.23658281, -23.85288638], [-46.236484, -23.85346124], [-46.2364766, -23.85432911], [-46.23649828, -23.85492191], [-46.23646919, -23.85519789], [-46.23641355, -23.8554762], [-46.23633409, -23.85570993], [-46.23627065, -23.85580569], [-46.23606611, -23.85600155], [-46.23583734, -23.8561781], [-46.23542085, -23.85654262], [-46.23472042, -23.85721388], [-46.23428436, -23.85775244], [-46.23394316, -23.85813696], [-46.23384951, -23.85827746], [-46.23377469, -23.8584679], [-46.23374833, -23.85863733], [-46.23374222, -23.85882963], [-46.23387842, -23.85980246], [-46.23392646, -23.86004609], [-46.23387248, -23.86022327], [-46.23377328, -23.8602833], [-46.23362694, -23.86028397], [-46.23354387, -23.86025933], [-46.23301069, -23.86001617], [-46.23257628, -23.85967865], [-46.23223099, -23.85953565], [-46.23139898, -23.85913117], [-46.23033331, -23.85878212], [-46.22974899, -23.85848405], [-46.22912246, -23.85812577], [-46.22892739, -23.85804447], [-46.22875633, -23.85799602], [-46.22835945, -23.85794442], [-46.22803464, -23.85798866], [-46.22772076, -23.85820375], [-46.22722067, -23.85881275], [-46.22704643, -23.85895663], [-46.22669971, -23.85907914], [-46.22615239, -23.85921691], [-46.225805, -23.85926083], [-46.22491133, -23.85931969], [-46.22324471, -23.85938309], [-46.22242332, -23.85934722], [-46.22182816, -23.85934882], [-46.22157187, -23.85940665], [-46.22124815, -23.85956289], [-46.22114156, -23.85959481], [-46.22095019, -23.85958672], [-46.22017115, -23.85936536], [-46.21943744, -23.85925392], [-46.218603, -23.859235], [-46.21708683, -23.85916768], [-46.21674441, -23.85920804], [-46.21659632, -23.85925473], [-46.21593888, -23.85957788], [-46.21553306, -23.85982779], [-46.21456012, -23.86052043], [-46.21376049, -23.86094816], [-46.21333687, -23.86126465], [-46.21286594, -23.86170963], [-46.2124585, -23.86193873], [-46.21233892, -23.86204273], [-46.21217523, -23.8622599], [-46.21175099, -23.86332242], [-46.21150698, -23.86376336], [-46.21109028, -23.86431206], [-46.21051593, -23.86489196], [-46.2100585, -23.86523236], [-46.20987132, -23.86544468], [-46.20941266, -23.86621317], [-46.2092181, -23.86663222], [-46.20908414, -23.86683265], [-46.20871472, -23.86713635], [-46.20833063, -23.86737751], [-46.20826825, -23.86748227], [-46.20874606, -23.86732696], [-46.20907468, -23.86727152], [-46.20909044, -23.86738247], [-46.20871382, -23.86785685], [-46.20862322, -23.8680409], [-46.20857591, -23.86823453], [-46.20857781, -23.86833296], [-46.20874237, -23.86871097], [-46.20879569, -23.86874216], [-46.20909132, -23.86906315], [-46.2094769, -23.86923623], [-46.20966658, -23.86935756], [-46.20971396, -23.86948905], [-46.20957795, -23.86964816], [-46.2089122, -23.86986742], [-46.20881963, -23.86994492], [-46.20876736, -23.87002751], [-46.20875871, -23.87015311], [-46.20881443, -23.87033691], [-46.20889171, -23.87041035], [-46.20889698, -23.87044915], [-46.20903459, -23.87056818], [-46.20905316, -23.87066467], [-46.20889576, -23.87084652], [-46.20869741, -23.87095465], [-46.20863639, -23.87115291], [-46.20877333, -23.87130536], [-46.20875901, -23.87134973], [-46.20886111, -23.87145098], [-46.20859402, -23.87156054], [-46.20839005, -23.87159195], [-46.20808758, -23.87169818], [-46.20796513, -23.87183731], [-46.20796683, -23.8721263], [-46.20788376, -23.87238162], [-46.20783874, -23.87239914], [-46.20777857, -23.87247637], [-46.2071759, -23.87282789], [-46.20697137, -23.87301193], [-46.20691082, -23.87315419], [-46.20693009, -23.8734322], [-46.20698674, -23.873504], [-46.20718642, -23.87364422], [-46.20778546, -23.87385356], [-46.20797589, -23.8739496], [-46.20811264, -23.87408129], [-46.20821518, -23.87433696], [-46.20816417, -23.87466068], [-46.20818525, -23.87492061], [-46.20839526, -23.8752215], [-46.20855295, -23.87538734], [-46.20870717, -23.87560197], [-46.20873771, -23.87561257], [-46.20887817, -23.87603773], [-46.20901385, -23.87615949], [-46.20922806, -23.87627792], [-46.20937949, -23.87640316], [-46.2093739, -23.87654138], [-46.20928733, -23.87663147], [-46.2091602, -23.87669027], [-46.20869401, -23.8768294], [-46.20848378, -23.87692768], [-46.20821022, -23.87718812], [-46.20799229, -23.87719795], [-46.20760006, -23.87715768], [-46.20735259, -23.87715962], [-46.20712321, -23.87731224], [-46.20702705, -23.87732203], [-46.2068305, -23.87741388], [-46.20675347, -23.87757975], [-46.20671287, -23.87775527], [-46.20660932, -23.87792136], [-46.20646422, -23.87805435], [-46.20626325, -23.87851651], [-46.20613098, -23.87876319], [-46.20601447, -23.8789077], [-46.20576573, -23.87909117], [-46.20553415, -23.87921852], [-46.20513875, -23.87936701], [-46.20491408, -23.87939225], [-46.20473007, -23.87935396], [-46.20450914, -23.87925364], [-46.20371742, -23.87881369], [-46.20338136, -23.87868898], [-46.20279752, -23.87853189], [-46.20265323, -23.87854115], [-46.20283272, -23.87883416], [-46.20292867, -23.87890837], [-46.20323888, -23.87931776], [-46.20337606, -23.87960207], [-46.20342821, -23.87982563], [-46.20334947, -23.88012518], [-46.20320908, -23.88023826], [-46.20296944, -23.88034399], [-46.20250917, -23.88048757], [-46.20226749, -23.88058609], [-46.201968, -23.88080427], [-46.20187928, -23.88098198], [-46.20184908, -23.88122063], [-46.20194814, -23.88163168], [-46.20196471, -23.88183023], [-46.2019541, -23.88227735], [-46.20201126, -23.88240425], [-46.20228902, -23.88270281], [-46.20281354, -23.88302835], [-46.20295001, -23.883235], [-46.2031473, -23.88343394], [-46.20325288, -23.8834873], [-46.20363217, -23.88350692], [-46.20387215, -23.88354297], [-46.20410071, -23.88361885], [-46.2045672, -23.88393399], [-46.20484829, -23.88395527], [-46.20495796, -23.88391919], [-46.2051971, -23.88375837], [-46.20525682, -23.88363237], [-46.20535066, -23.88294708], [-46.20534897, -23.88276557], [-46.20528237, -23.88225493], [-46.20532821, -23.88190236], [-46.2054803, -23.88167539], [-46.2055967, -23.88162391], [-46.20584512, -23.88140522], [-46.20596799, -23.88120467], [-46.20608066, -23.88106922], [-46.20677289, -23.88073235], [-46.20701349, -23.88073047], [-46.20712396, -23.88078108], [-46.20735187, -23.88099965], [-46.20786594, -23.88167836], [-46.20807669, -23.88184649], [-46.20821112, -23.88183279], [-46.20838399, -23.88162282], [-46.20844713, -23.8814417], [-46.20843362, -23.88093968], [-46.20849959, -23.8804289], [-46.20844691, -23.8797267], [-46.20848471, -23.87935523], [-46.20857889, -23.87902666], [-46.20870056, -23.87880264], [-46.20890598, -23.87860866], [-46.20945433, -23.87864499], [-46.20984216, -23.87873858], [-46.21008656, -23.87882877], [-46.21017577, -23.87891748], [-46.21026087, -23.87909111], [-46.21030274, -23.87926418], [-46.210459, -23.87948601], [-46.2107312, -23.8796076], [-46.2113794, -23.87981924], [-46.21161921, -23.88004855], [-46.21172757, -23.88018949], [-46.2119285, -23.88035678], [-46.21225038, -23.88043463], [-46.21295046, -23.88041647], [-46.21301779, -23.8805803], [-46.2130766, -23.88109371], [-46.21313806, -23.8812603], [-46.21325246, -23.88141653], [-46.21343415, -23.88152077], [-46.21381189, -23.88158552], [-46.21419869, -23.88156892], [-46.21446522, -23.88160836], [-46.21513172, -23.88198963], [-46.21530813, -23.88205507], [-46.21572841, -23.88215199], [-46.21577181, -23.88227718], [-46.21569392, -23.88235004], [-46.2153121, -23.88237473], [-46.21499963, -23.88235824], [-46.21478957, -23.88237163], [-46.2146201, -23.88241813], [-46.21444757, -23.88255857], [-46.21438839, -23.88274146], [-46.21442084, -23.88295615], [-46.21446294, -23.88304793], [-46.21468192, -23.88335958], [-46.21480453, -23.8837632], [-46.21480549, -23.88386615], [-46.21467778, -23.88417783], [-46.2146779, -23.88440089], [-46.21479659, -23.88480635], [-46.21479967, -23.88492554], [-46.21473744, -23.88499286], [-46.21464363, -23.88504417], [-46.21392973, -23.88505794], [-46.2137116, -23.88515358], [-46.21354765, -23.88537162], [-46.2134793, -23.88552027], [-46.2135009, -23.88594004], [-46.21359567, -23.88609734], [-46.21376238, -23.88628026], [-46.2139125, -23.88636848], [-46.21400778, -23.88637044], [-46.2142372, -23.88632618], [-46.21447493, -23.88633153], [-46.21455964, -23.88635705], [-46.21544265, -23.88709785], [-46.21561315, -23.88726538], [-46.2160293, -23.8877588], [-46.21615544, -23.88801429], [-46.21615662, -23.88814071], [-46.2159818, -23.88845638], [-46.21594251, -23.88866621], [-46.2159439, -23.88881521], [-46.21602088, -23.88896], [-46.21657144, -23.88964652], [-46.21665541, -23.8898039], [-46.21667471, -23.88997714], [-46.21666184, -23.89017593], [-46.21660259, -23.8903525], [-46.21649063, -23.89056381], [-46.21627479, -23.89079942], [-46.21608432, -23.89091291], [-46.215947, -23.89103772], [-46.21582807, -23.89123915], [-46.21573739, -23.89152074], [-46.21548136, -23.89166003], [-46.21512582, -23.8917676], [-46.21494441, -23.89201016], [-46.21479269, -23.89248639], [-46.21467769, -23.89268779], [-46.21450743, -23.89286253], [-46.21416439, -23.89304676], [-46.2138716, -23.89314209], [-46.213257, -23.89317133], [-46.21306406, -23.89323065], [-46.21302424, -23.89327883], [-46.21299778, -23.89339102], [-46.21301175, -23.89352005], [-46.21307038, -23.8936975], [-46.21335852, -23.89415672], [-46.21376109, -23.89456174], [-46.21399174, -23.89475319], [-46.21411861, -23.89477115], [-46.21432705, -23.89458256], [-46.21457507, -23.89442527], [-46.21488003, -23.89447615], [-46.21504111, -23.89458054], [-46.21539007, -23.89492457], [-46.21552149, -23.89500843], [-46.21581633, -23.89502687], [-46.21667428, -23.89476089], [-46.21691205, -23.89476804], [-46.21707909, -23.89487961], [-46.21745251, -23.89521261], [-46.21783219, -23.89558439], [-46.21838641, -23.89623927], [-46.21899926, -23.89675551], [-46.21917229, -23.89687696], [-46.21938344, -23.89697824], [-46.21958197, -23.89699021], [-46.21976976, -23.89690473], [-46.22008346, -23.89652475], [-46.22023629, -23.89627337], [-46.22032773, -23.89607397], [-46.22049007, -23.89547482], [-46.22053741, -23.89507618], [-46.22049098, -23.89483903], [-46.22040056, -23.89472867], [-46.2202342, -23.89458459], [-46.2195287, -23.89424339], [-46.21931623, -23.89410509], [-46.21876791, -23.89324155], [-46.21869244, -23.89304889], [-46.21865914, -23.89284957], [-46.21867202, -23.89265168], [-46.21878582, -23.89242772], [-46.21887185, -23.89217507], [-46.21871745, -23.89162991], [-46.21866635, -23.89110381], [-46.21868679, -23.89097812], [-46.21852152, -23.89053148], [-46.2183742, -23.89021837], [-46.21827768, -23.88987505], [-46.21827526, -23.88961678], [-46.21841354, -23.88917497], [-46.21847127, -23.88883676], [-46.21846959, -23.88865795], [-46.21824106, -23.88795805], [-46.21815325, -23.88749636], [-46.21818319, -23.88733717], [-46.21831607, -23.88726207], [-46.21853625, -23.88728109], [-46.21872233, -23.88732929], [-46.21891679, -23.88732775], [-46.21916556, -23.88725263], [-46.21948188, -23.88704963], [-46.21980568, -23.88680594], [-46.21997984, -23.88663026], [-46.22008868, -23.88629705], [-46.22010067, -23.88610911], [-46.22017185, -23.8859496], [-46.22031061, -23.88587444], [-46.22053922, -23.88584915], [-46.2208713, -23.88586097], [-46.2212533, -23.88595908], [-46.22131021, -23.88595321], [-46.22143036, -23.88588362], [-46.22159179, -23.88571165], [-46.22177175, -23.88563165], [-46.22183468, -23.88563928], [-46.22207417, -23.88583155], [-46.22223184, -23.88588719], [-46.22241681, -23.88592185], [-46.22258667, -23.88601984], [-46.22259206, -23.88617603], [-46.22254852, -23.88634977], [-46.22260511, -23.88651911], [-46.22306446, -23.88679994], [-46.22332298, -23.88703088], [-46.22339699, -23.88706822], [-46.22426759, -23.88711007], [-46.22431615, -23.88705188], [-46.22437383, -23.88702342], [-46.22438173, -23.88692402], [-46.22408855, -23.88655789], [-46.22398344, -23.8863474], [-46.22394252, -23.88617342], [-46.22381635, -23.88518643], [-46.22380574, -23.88426716], [-46.22386327, -23.88359569], [-46.22391728, -23.88328189], [-46.22404118, -23.8831942], [-46.22422927, -23.88314213], [-46.22452022, -23.88316781], [-46.22560296, -23.88269048], [-46.22617769, -23.88239691], [-46.22652196, -23.8821404], [-46.22662668, -23.88210073], [-46.22676424, -23.88210776], [-46.22705942, -23.88226887], [-46.22726767, -23.88227262], [-46.22763691, -23.88216402], [-46.22807657, -23.88171257], [-46.22813874, -23.88153597], [-46.22813739, -23.88128853], [-46.22816562, -23.8810535], [-46.22813123, -23.88063654], [-46.22793022, -23.87962937], [-46.22792697, -23.87897284], [-46.22797893, -23.87865092], [-46.22800561, -23.87825244], [-46.22786351, -23.877243], [-46.22786656, -23.87683839], [-46.22792958, -23.87602329], [-46.22774451, -23.87555966], [-46.22770433, -23.8753604], [-46.22773296, -23.87506395], [-46.22787142, -23.87475037], [-46.22791571, -23.87455314], [-46.22791476, -23.874452], [-46.22786868, -23.87435664], [-46.22774547, -23.87430886], [-46.22763149, -23.87419778], [-46.22737834, -23.87338881], [-46.22743873, -23.87333595], [-46.22753977, -23.8733234], [-46.22772301, -23.87338516], [-46.22792429, -23.8734838], [-46.22853403, -23.8739919], [-46.22865952, -23.87407217], [-46.22878619, -23.87407116], [-46.22886044, -23.87402993], [-46.22891809, -23.87389491], [-46.22893728, -23.87291037], [-46.2289, -23.87249885], [-46.22869918, -23.87192789], [-46.22848652, -23.87155841], [-46.22829632, -23.87127997], [-46.22836013, -23.87117379], [-46.22859996, -23.8710915], [-46.2287036, -23.87093986], [-46.22878395, -23.87092025], [-46.22903972, -23.87096698], [-46.22939138, -23.87118362], [-46.22958845, -23.87125339], [-46.2300225, -23.87135649], [-46.23032121, -23.87147783], [-46.23041445, -23.87157552], [-46.23049801, -23.8717925], [-46.23053886, -23.87216606], [-46.23051843, -23.87239471], [-46.23053485, -23.87257339], [-46.23056713, -23.87266345], [-46.23083511, -23.87285818], [-46.23103926, -23.87294957], [-46.23154559, -23.8731135], [-46.23182968, -23.87334964], [-46.23195257, -23.87357172], [-46.23201327, -23.87375908], [-46.23204955, -23.8741679], [-46.23210613, -23.87443928], [-46.23225255, -23.8745528], [-46.2323897, -23.87462034], [-46.23258726, -23.87453387], [-46.23270217, -23.87432704], [-46.23285474, -23.87415603], [-46.23337306, -23.87402996], [-46.23362309, -23.87388437], [-46.23394317, -23.87346186], [-46.23395135, -23.87339316], [-46.2339836, -23.87337664], [-46.23402581, -23.87306383], [-46.23402096, -23.87244795], [-46.23413212, -23.8718465], [-46.2342358, -23.87159551], [-46.2344184, -23.87148567], [-46.23465172, -23.87144226], [-46.2351013, -23.87142149], [-46.23537134, -23.87131547], [-46.23541004, -23.87125375], [-46.2356728, -23.87110533], [-46.23575246, -23.87111734], [-46.23579027, -23.87116941], [-46.23586451, -23.8715409], [-46.23598189, -23.87180276], [-46.23614758, -23.87187638], [-46.23632224, -23.87186143], [-46.23655051, -23.87170066], [-46.23661297, -23.87155566], [-46.23666827, -23.87127796], [-46.2366835, -23.8709166], [-46.23673837, -23.87079966], [-46.23725623, -23.87093728], [-46.23776588, -23.87093409], [-46.23791886, -23.87101414], [-46.23809207, -23.87115634], [-46.23849892, -23.8715992], [-46.23871515, -23.87161823], [-46.23886682, -23.87156011], [-46.23908386, -23.87156107], [-46.23917702, -23.87175359], [-46.23920552, -23.87196198], [-46.23932531, -23.87226897], [-46.23951615, -23.87240561], [-46.23985816, -23.87243265], [-46.2399401, -23.87247805], [-46.23996522, -23.87264041], [-46.23981301, -23.8729505], [-46.23974369, -23.87319941], [-46.23973034, -23.87344787], [-46.23977877, -23.8736859], [-46.23989596, -23.87392698], [-46.2400643, -23.87417579], [-46.24060193, -23.87483975], [-46.24058495, -23.87491304], [-46.24046069, -23.874961], [-46.24025473, -23.87498975], [-46.24000743, -23.87490685], [-46.23955064, -23.87468656], [-46.23928552, -23.87458755], [-46.2390101, -23.8745419], [-46.23889262, -23.87458078], [-46.23887147, -23.87473177], [-46.23891263, -23.87482536], [-46.23912004, -23.87505217], [-46.23980426, -23.87522819], [-46.24017258, -23.87554221], [-46.24024106, -23.87571957], [-46.24055643, -23.8761451], [-46.2406669, -23.87619478], [-46.2407926, -23.87619377], [-46.24115189, -23.87607527], [-46.24125189, -23.87595435], [-46.24140279, -23.87560996], [-46.24153223, -23.87466246], [-46.24159591, -23.87454274], [-46.241768, -23.87456664], [-46.24196296, -23.87472311], [-46.24222445, -23.87485376], [-46.24249457, -23.8748588], [-46.24275839, -23.87482145], [-46.24302684, -23.87485721], [-46.24365444, -23.87527389], [-46.24383256, -23.87531219], [-46.24406721, -23.87551078], [-46.24424054, -23.87576676], [-46.24459613, -23.87608268], [-46.244949, -23.87632005], [-46.24552104, -23.87657371], [-46.24666548, -23.87701599], [-46.24773185, -23.87750948], [-46.24825349, -23.87773012], [-46.24884553, -23.87791768], [-46.24893181, -23.87790253], [-46.24898631, -23.87785061], [-46.24903303, -23.87760278], [-46.24902953, -23.877135], [-46.24908677, -23.87644818], [-46.24918305, -23.87624691], [-46.24927871, -23.87618653], [-46.24937026, -23.87620837], [-46.24956463, -23.87620047], [-46.24991835, -23.87601336], [-46.25022963, -23.87563976], [-46.25038979, -23.87547319], [-46.25050612, -23.87542266], [-46.25064075, -23.87540504], [-46.25079391, -23.87544511], [-46.25092145, -23.87562588], [-46.25104105, -23.87591414], [-46.25121223, -23.87657361], [-46.2512609, -23.87663101], [-46.25126641, -23.87669328], [-46.25138293, -23.87686121], [-46.25160913, -23.87709869], [-46.25183986, -23.8772973], [-46.25215267, -23.877451], [-46.25259191, -23.87747722], [-46.25297856, -23.87744608], [-46.25311023, -23.87755609], [-46.25312381, -23.87774202], [-46.2530633, -23.87808749], [-46.25305141, -23.8783829], [-46.25313013, -23.87860262], [-46.25338098, -23.87895098], [-46.2536239, -23.87919013], [-46.25422847, -23.87955637], [-46.2545266, -23.87981674], [-46.25476089, -23.88017969], [-46.25487717, -23.88032143], [-46.25504717, -23.88043293], [-46.2553294, -23.88057331], [-46.25551722, -23.88069912], [-46.25557297, -23.88077723], [-46.25556819, -23.88089197], [-46.25552747, -23.88094739], [-46.25538654, -23.88099821], [-46.25507183, -23.88105496], [-46.25499451, -23.88108359], [-46.25494847, -23.88119775], [-46.25500339, -23.88139328], [-46.25631301, -23.88225318], [-46.25646856, -23.88239369], [-46.25668511, -23.8826475], [-46.25669314, -23.88276664], [-46.25655866, -23.88287611], [-46.2563755, -23.88292728], [-46.25542046, -23.88298745], [-46.25523611, -23.88301695], [-46.25485431, -23.88314469], [-46.25457489, -23.88329779], [-46.25450974, -23.88336515], [-46.25450848, -23.88343831], [-46.25458304, -23.88363368], [-46.2547551, -23.88375509], [-46.2552757, -23.88396488], [-46.25588524, -23.88433379], [-46.25622446, -23.88457666], [-46.25654787, -23.88491088], [-46.25667523, -23.88508143], [-46.25687014, -23.88543294], [-46.25700553, -23.88562059], [-46.25714527, -23.88595449], [-46.25719511, -23.88613109], [-46.257237, -23.88650192], [-46.25718397, -23.88680851], [-46.25699998, -23.88718118], [-46.25663941, -23.88767722], [-46.25665394, -23.88796157], [-46.25669948, -23.88810028], [-46.25682985, -23.88827712], [-46.25699215, -23.88840313], [-46.2576405, -23.88882139], [-46.25838865, -23.88950433], [-46.25887212, -23.89003681], [-46.25914869, -23.89029916], [-46.25930898, -23.89042067], [-46.25960101, -23.89055464], [-46.25985388, -23.89060134], [-46.26023395, -23.89059732], [-46.26042202, -23.89054431], [-46.26053228, -23.89046935], [-46.26068389, -23.89030374], [-46.26085158, -23.88997184], [-46.26098964, -23.88962392], [-46.26108056, -23.88927638], [-46.26121097, -23.88803807], [-46.26118776, -23.88716407], [-46.26111165, -23.88680978], [-46.26108581, -23.88647494], [-46.26110003, -23.88561146], [-46.26107806, -23.88486478], [-46.26089301, -23.88401197], [-46.26067438, -23.88324162], [-46.26067303, -23.88310165], [-46.26070405, -23.88295871], [-46.26080863, -23.88290637], [-46.26099529, -23.88291207], [-46.26118856, -23.88299176], [-46.2614859, -23.88316904], [-46.26197737, -23.88331131], [-46.26262848, -23.88340802], [-46.26400267, -23.8833263], [-46.26437954, -23.88339996], [-46.26463791, -23.88350802], [-46.26524112, -23.88352564], [-46.26581984, -23.88334929], [-46.26612578, -23.88319867], [-46.26625997, -23.88306029], [-46.26648746, -23.88272066], [-46.26657129, -23.88245356], [-46.26654623, -23.88219909], [-46.26642985, -23.88184604], [-46.26597427, -23.8811526], [-46.26586983, -23.88091594], [-46.26586704, -23.88073083], [-46.26588824, -23.88068821], [-46.26593501, -23.8806508], [-46.2660871, -23.880636], [-46.26622414, -23.88068996], [-46.26648514, -23.88086753], [-46.26662879, -23.88099549], [-46.26719204, -23.88134848], [-46.2675452, -23.88150903], [-46.2679354, -23.88164038], [-46.26845637, -23.88198919], [-46.26859757, -23.88216684], [-46.26879538, -23.88251019], [-46.26900904, -23.88306925], [-46.26903975, -23.88309609], [-46.26904526, -23.88315836], [-46.26927902, -23.88346078], [-46.2694352, -23.88356425], [-46.26960286, -23.88363511], [-46.27049161, -23.88382826], [-46.27067894, -23.88390257], [-46.27111732, -23.88413918], [-46.27143632, -23.88442101], [-46.2716004, -23.88452713], [-46.27177781, -23.88459159], [-46.27215006, -23.88459302], [-46.27248236, -23.88452706], [-46.27287593, -23.88440008], [-46.27304261, -23.88437071], [-46.27320482, -23.88438652], [-46.27331201, -23.88450123], [-46.27331416, -23.88472067], [-46.27328331, -23.88487987], [-46.27301253, -23.88531198], [-46.27301504, -23.88536705], [-46.27311248, -23.8855893], [-46.27334292, -23.88575266], [-46.27386266, -23.88597142], [-46.27414865, -23.88619122], [-46.27428271, -23.88644207], [-46.27448236, -23.88697053], [-46.27456017, -23.88739434], [-46.27452407, -23.88771885], [-46.2744639, -23.88789364], [-46.27428564, -23.88824462], [-46.27422222, -23.88848807], [-46.27419208, -23.88851993], [-46.27419415, -23.88873124], [-46.27425126, -23.88904594], [-46.27440666, -23.88936887], [-46.27462876, -23.88968311], [-46.27473401, -23.88999922], [-46.27475682, -23.89052283], [-46.27481642, -23.89069121], [-46.27491594, -23.89082404], [-46.27504961, -23.89093402], [-46.27535648, -23.89107777], [-46.2757031, -23.89116882], [-46.27590291, -23.89131166], [-46.27615447, -23.89162385], [-46.27633731, -23.89194022], [-46.27635964, -23.89201409], [-46.27646303, -23.89214056], [-46.27659775, -23.89225685], [-46.27674399, -23.89234594], [-46.2771197, -23.89249725], [-46.27723889, -23.89263263], [-46.27734707, -23.89284667], [-46.27745551, -23.89298665], [-46.27767623, -23.89315911], [-46.27791316, -23.89318153], [-46.2780877, -23.89315118], [-46.27833736, -23.89306963], [-46.27864, -23.89308247], [-46.27869827, -23.8931145], [-46.27878767, -23.89321671], [-46.2787569, -23.89338403], [-46.27859312, -23.8937087], [-46.27850306, -23.89383949], [-46.27846602, -23.89406828], [-46.27855978, -23.89481346], [-46.27848135, -23.89502814], [-46.278294, -23.89535391], [-46.27823477, -23.89552328], [-46.27822166, -23.89568865], [-46.27831848, -23.89584499], [-46.27846619, -23.89598374], [-46.27867284, -23.896122], [-46.27907375, -23.89633902], [-46.27925384, -23.89647298], [-46.27953091, -23.89678044], [-46.27971809, -23.89723675], [-46.27987804, -23.89791996], [-46.27997164, -23.89854773], [-46.27997024, -23.89890356], [-46.28002685, -23.89916679], [-46.28007904, -23.89928014], [-46.28020598, -23.89940281], [-46.28070935, -23.89974812], [-46.28085919, -23.8999022], [-46.28085345, -23.90001784], [-46.28077547, -23.900079], [-46.28060434, -23.90015628], [-46.28026059, -23.90026029], [-46.28004678, -23.90049236], [-46.27995655, -23.90070624], [-46.27995756, -23.90080828], [-46.27999741, -23.90096509], [-46.28007924, -23.90109535], [-46.2802753, -23.90125537], [-46.28028943, -23.90129319], [-46.28055355, -23.9013822], [-46.28104561, -23.90147654], [-46.28110482, -23.90150404], [-46.28113781, -23.90156247], [-46.28115334, -23.90164361], [-46.28111413, -23.90175141], [-46.28103242, -23.90183246], [-46.28091231, -23.90190481], [-46.28051815, -23.90207607], [-46.28034835, -23.90218946], [-46.28013409, -23.90237638], [-46.27936456, -23.90323259], [-46.2792318, -23.90341702], [-46.27909958, -23.90375588], [-46.27907756, -23.9039141], [-46.27909383, -23.9040702], [-46.27916914, -23.90423664], [-46.27927073, -23.90437849], [-46.27974993, -23.90466168], [-46.28058928, -23.9050087], [-46.28118751, -23.90540921], [-46.28148189, -23.90557654], [-46.28200601, -23.90573292], [-46.28221857, -23.90577178], [-46.28273519, -23.90576477], [-46.28300825, -23.90566315], [-46.28316023, -23.90553635], [-46.28322696, -23.90543013], [-46.28322275, -23.90490367], [-46.28327207, -23.90472625], [-46.28331372, -23.9046663], [-46.28336539, -23.90462703], [-46.283488, -23.90460885], [-46.2835658, -23.90462897], [-46.28372008, -23.90473425], [-46.28382458, -23.90487245], [-46.28424262, -23.90572509], [-46.2843934, -23.90587374], [-46.2848677, -23.90615696], [-46.28561804, -23.90653992], [-46.28586921, -23.90660917], [-46.28614131, -23.9066087], [-46.28648548, -23.90654712], [-46.28666853, -23.90648237], [-46.28686006, -23.90638052], [-46.2870864, -23.9062242], [-46.28730832, -23.90601734], [-46.28744751, -23.90559082], [-46.28744108, -23.90494156], [-46.28737102, -23.90461252], [-46.28715714, -23.90414199], [-46.28691299, -23.90379003], [-46.28662709, -23.9032885], [-46.28649236, -23.90297445], [-46.28634242, -23.90251332], [-46.28624023, -23.90201386], [-46.28625836, -23.90146283], [-46.28623737, -23.90102952], [-46.28615264, -23.90070602], [-46.28600322, -23.90039661], [-46.28592986, -23.90032769], [-46.28588088, -23.9002423], [-46.28569031, -23.90014185], [-46.28533771, -23.90004545], [-46.28479843, -23.8999434], [-46.2844124, -23.89974433], [-46.28427463, -23.89961905], [-46.28416506, -23.89946463], [-46.28397684, -23.89910497], [-46.28384378, -23.89895887], [-46.28348754, -23.89869273], [-46.28325, -23.89841024], [-46.28318433, -23.89802697], [-46.28321156, -23.89770073], [-46.28319364, -23.89737757], [-46.28315191, -23.89722981], [-46.28303769, -23.89700229], [-46.28292835, -23.89687135], [-46.28274372, -23.89677445], [-46.28238701, -23.89665822], [-46.28208715, -23.89653067], [-46.28191686, -23.89639392], [-46.28180357, -23.89616096], [-46.28186994, -23.8957197], [-46.28185063, -23.89555369], [-46.28174499, -23.89520056], [-46.28134904, -23.89469], [-46.28070779, -23.89400538], [-46.28051749, -23.89383177], [-46.27987133, -23.89304604], [-46.27970318, -23.89272775], [-46.27959763, -23.89238184], [-46.27939224, -23.89187149], [-46.27901856, -23.89122708], [-46.27890514, -23.89107902], [-46.27858604, -23.89079087], [-46.27833186, -23.89051213], [-46.27796229, -23.89018467], [-46.27780543, -23.89001438], [-46.27753369, -23.88964727], [-46.27675652, -23.88871903], [-46.27651871, -23.88820624], [-46.27627902, -23.88740086], [-46.27592911, -23.88657292], [-46.27580742, -23.88638338], [-46.27551744, -23.88605796], [-46.27540193, -23.88589636], [-46.27531978, -23.88573177], [-46.27527896, -23.88557498], [-46.27528535, -23.88542591], [-46.27539748, -23.8853419], [-46.27557722, -23.88534312], [-46.27597978, -23.88553124], [-46.27617089, -23.88558925], [-46.27686402, -23.88566298], [-46.27756711, -23.88564991], [-46.27808073, -23.88544516], [-46.27843866, -23.88538891], [-46.2787819, -23.88543663], [-46.27930241, -23.88563369], [-46.27965472, -23.88570572], [-46.27983542, -23.88570421], [-46.28013707, -23.88561772], [-46.28026275, -23.88551372], [-46.28038106, -23.88536011], [-46.28057214, -23.88501625], [-46.28069294, -23.88471723], [-46.28075882, -23.8842254], [-46.28075715, -23.88405653], [-46.28072415, -23.88389696], [-46.28065874, -23.88373675], [-46.28055904, -23.88358586], [-46.28030223, -23.88333785], [-46.2800116, -23.883147], [-46.27970343, -23.8828687], [-46.27959895, -23.8827314], [-46.27946226, -23.88261333], [-46.27936689, -23.8824028], [-46.27928513, -23.88207836], [-46.27929667, -23.8818543], [-46.27936208, -23.88171468], [-46.27943343, -23.88167887], [-46.27950601, -23.88166923], [-46.2795838, -23.88169026], [-46.27969447, -23.88175888], [-46.27982321, -23.88186708], [-46.28016935, -23.88221009], [-46.28027005, -23.88226343], [-46.28050888, -23.88228132], [-46.28067765, -23.8823657], [-46.28108582, -23.88262511], [-46.28135453, -23.88268518], [-46.28156356, -23.88266809], [-46.28184574, -23.88259981], [-46.28191893, -23.88255224], [-46.28205484, -23.88239126], [-46.28212588, -23.88222541], [-46.28216344, -23.88204989], [-46.28214285, -23.88155517], [-46.28215701, -23.88139792], [-46.28220353, -23.88123497], [-46.28235656, -23.88091761], [-46.28259049, -23.88053817], [-46.28288696, -23.88012751], [-46.28306947, -23.87981171], [-46.28317537, -23.87949655], [-46.28332121, -23.87884872], [-46.28346707, -23.87850162], [-46.28359184, -23.87830732], [-46.28370666, -23.87800021], [-46.2837337, -23.87765501], [-46.28348408, -23.87694094], [-46.28348678, -23.87651737], [-46.28359771, -23.87631325], [-46.28364811, -23.87614666], [-46.28364497, -23.87582789], [-46.28357834, -23.87564422], [-46.28316545, -23.87500376], [-46.28307831, -23.87483109], [-46.2830575, -23.87461271], [-46.28309955, -23.87449496], [-46.2831374, -23.87444949], [-46.2832178, -23.87443708], [-46.28332886, -23.87444519], [-46.28354364, -23.87451564], [-46.28390012, -23.87471406], [-46.28422141, -23.87482878], [-46.28433532, -23.87482783], [-46.28452342, -23.87478201], [-46.28462887, -23.87471972], [-46.28477284, -23.87458034], [-46.28486549, -23.87441521], [-46.28484605, -23.87393854], [-46.28463959, -23.87311935], [-46.28457014, -23.87245074], [-46.28459029, -23.87210379], [-46.28466998, -23.87191979], [-46.28483063, -23.87177938], [-46.2850165, -23.87170648], [-46.28536173, -23.87166115], [-46.28609072, -23.87179324], [-46.2864464, -23.87181104], [-46.28688589, -23.87176401], [-46.28716412, -23.87169666], [-46.28728439, -23.87164418], [-46.2874171, -23.87145884], [-46.28738419, -23.87120986], [-46.28687327, -23.87048715], [-46.28682292, -23.87036114], [-46.28683765, -23.87026167], [-46.28694308, -23.87019848], [-46.28713744, -23.87018963], [-46.28746612, -23.87025913], [-46.28791522, -23.87048927], [-46.2881739, -23.87072914], [-46.28863455, -23.87123282], [-46.28874048, -23.87131863], [-46.28899031, -23.87145742], [-46.28914103, -23.87150492], [-46.28949421, -23.87156789], [-46.29008473, -23.87159997], [-46.2903925, -23.87163983], [-46.29058381, -23.87171951], [-46.29081104, -23.87185668], [-46.29119234, -23.8721813], [-46.29136271, -23.87242732], [-46.29166111, -23.87300731], [-46.29184355, -23.87328122], [-46.29219806, -23.87357717], [-46.29259071, -23.8737581], [-46.29289748, -23.87379526], [-46.29323994, -23.8737671], [-46.29348995, -23.87362682], [-46.29372027, -23.87338286], [-46.29394346, -23.8732112], [-46.29445049, -23.87314282], [-46.29518986, -23.87322962], [-46.29534156, -23.87327621], [-46.29560422, -23.8734203], [-46.29587242, -23.87362846], [-46.29597485, -23.87375674], [-46.29617713, -23.87414878], [-46.29650364, -23.87488566], [-46.29665405, -23.87509842], [-46.29687482, -23.87527628], [-46.29700708, -23.8753429], [-46.29773938, -23.87560584], [-46.29806309, -23.87576567], [-46.29825753, -23.8759618], [-46.2983277, -23.8761048], [-46.29839796, -23.87635527], [-46.29847531, -23.87692176], [-46.29861004, -23.8772358], [-46.29882295, -23.87751125], [-46.29903701, -23.87770451], [-46.29928608, -23.87786315], [-46.29955917, -23.87796832], [-46.30000217, -23.87807475], [-46.30066008, -23.87836089], [-46.30113212, -23.87852307], [-46.30170284, -23.87863474], [-46.30197273, -23.87871373], [-46.30291342, -23.87909139], [-46.30356224, -23.87925297], [-46.30382373, -23.87927875], [-46.30428983, -23.87923958], [-46.30557, -23.87899573], [-46.3058578, -23.87900051], [-46.30601341, -23.87904525], [-46.30638408, -23.87928232], [-46.30674535, -23.87946439], [-46.30721206, -23.87958324], [-46.30748817, -23.87959715], [-46.30771413, -23.87950763], [-46.30792781, -23.87927102], [-46.30819385, -23.87877206], [-46.30822877, -23.87863088], [-46.30826363, -23.87819078], [-46.30821298, -23.87793925], [-46.30810121, -23.87776229], [-46.3078736, -23.8774924], [-46.30772485, -23.87725164], [-46.30749825, -23.87639744], [-46.30730055, -23.87597647], [-46.30721788, -23.87586068], [-46.30702446, -23.87566996], [-46.30667677, -23.87547062], [-46.30616795, -23.87526362], [-46.30525099, -23.87499776], [-46.30486042, -23.8748313], [-46.30463203, -23.8746779], [-46.30416157, -23.87428092], [-46.30407018, -23.87417693], [-46.30381369, -23.8737673], [-46.30373041, -23.8735901], [-46.30352118, -23.87329114], [-46.30327703, -23.87303493], [-46.30307319, -23.87288042], [-46.30279972, -23.87273643], [-46.3020313, -23.87259212], [-46.30155443, -23.8724363], [-46.30070137, -23.87207596], [-46.30035379, -23.87188563], [-46.29919462, -23.87116031], [-46.29733338, -23.87024402], [-46.29665117, -23.86978106], [-46.29557615, -23.8693178], [-46.29442347, -23.86894368], [-46.29383026, -23.86863981], [-46.29334374, -23.86830073], [-46.29299593, -23.86798576], [-46.29259199, -23.86755657], [-46.2921531, -23.86716741], [-46.29190287, -23.86698799], [-46.29113674, -23.86657448], [-46.29043753, -23.8662751], [-46.28937529, -23.86590651], [-46.2890656, -23.86577093], [-46.2886478, -23.86552698], [-46.28842816, -23.86536175], [-46.2882646, -23.86520598], [-46.28794059, -23.8647147], [-46.2877191, -23.86446097], [-46.28753374, -23.86418708], [-46.28732269, -23.86399559], [-46.28694301, -23.86373325], [-46.28664915, -23.86360837], [-46.28547163, -23.8632967], [-46.28505822, -23.86309877], [-46.28481065, -23.8628877], [-46.28471984, -23.86274126], [-46.28466216, -23.8624681], [-46.2846828, -23.86217171], [-46.28466326, -23.86178355], [-46.2846117, -23.86163316], [-46.28443703, -23.86134653], [-46.28434679, -23.86105829], [-46.28435082, -23.86077017], [-46.28440482, -23.86057014], [-46.28438698, -23.86035355], [-46.28431975, -23.86010847], [-46.28421005, -23.85993779], [-46.28401487, -23.85976151], [-46.28386283, -23.85967789], [-46.28329888, -23.85954713], [-46.28313414, -23.85946993], [-46.2829045, -23.8592849], [-46.28285653, -23.85919951], [-46.28281107, -23.85917009], [-46.28279083, -23.85910975], [-46.28241409, -23.85884286], [-46.28196943, -23.85866053], [-46.28170255, -23.85858147], [-46.28140159, -23.8585325], [-46.28108529, -23.85842044], [-46.28065608, -23.85821087], [-46.28038906, -23.85801712], [-46.2801461, -23.85787465], [-46.27923497, -23.85748576], [-46.27895516, -23.85719006], [-46.27885232, -23.85691638], [-46.27872529, -23.85677926], [-46.27850362, -23.856605], [-46.27819269, -23.8564387], [-46.27776712, -23.85629864], [-46.27720241, -23.85618773], [-46.27598241, -23.8560416], [-46.27526808, -23.85579285], [-46.27444921, -23.85569848], [-46.27428754, -23.85563299], [-46.27411558, -23.85552062], [-46.27327894, -23.85441041], [-46.27289352, -23.85395663], [-46.27267141, -23.8537354], [-46.27241024, -23.85353526], [-46.27193021, -23.85324663], [-46.27159405, -23.85311032], [-46.2712833, -23.85306232], [-46.27111964, -23.85309437], [-46.27073731, -23.85325828], [-46.27057282, -23.8533066], [-46.27040917, -23.85323931], [-46.27034975, -23.85318742], [-46.27028999, -23.85289892], [-46.26994827, -23.85259469], [-46.26993085, -23.85252078], [-46.27001316, -23.85240179], [-46.27025988, -23.85232841], [-46.27078383, -23.85228887], [-46.27177028, -23.85235298], [-46.27260452, -23.85231538], [-46.27306705, -23.85232059], [-46.27320478, -23.85234835], [-46.27354183, -23.85247471], [-46.2739694, -23.85272133], [-46.27446062, -23.85294936], [-46.2749163, -23.85305848], [-46.27516479, -23.85306545], [-46.27544926, -23.85303691], [-46.27564977, -23.85295668], [-46.27594677, -23.85270316], [-46.27603976, -23.8524739], [-46.27607516, -23.85207805], [-46.27613019, -23.85198187], [-46.27627338, -23.85186418], [-46.27640006, -23.85186675], [-46.27675216, -23.85202548], [-46.27738109, -23.85247904], [-46.27801729, -23.85277269], [-46.27819263, -23.85282993], [-46.27850717, -23.85286345], [-46.27886314, -23.85281714], [-46.27903551, -23.85277146], [-46.27920948, -23.85268964], [-46.27955469, -23.85244655], [-46.27972272, -23.85236026], [-46.27989993, -23.85230731], [-46.28056776, -23.85232253], [-46.28084035, -23.85228414], [-46.28125954, -23.85207565], [-46.2815444, -23.85188815], [-46.28175428, -23.85186292], [-46.28192203, -23.85204666], [-46.28201786, -23.85220661], [-46.28226877, -23.85285837], [-46.28265994, -23.8534945], [-46.28314497, -23.85399077], [-46.28351401, -23.85427398], [-46.28366807, -23.854363], [-46.28402397, -23.85450815], [-46.28469638, -23.85468677], [-46.28525987, -23.85477418], [-46.28559775, -23.85478401], [-46.28637773, -23.8547197], [-46.28658504, -23.85473241], [-46.2869097, -23.85479563], [-46.28720689, -23.85496112], [-46.28771151, -23.85535065], [-46.28816683, -23.85561867], [-46.28855551, -23.85580146], [-46.28879136, -23.85582116], [-46.28895721, -23.85581164], [-46.28926818, -23.8556817], [-46.28937119, -23.85557337], [-46.28954528, -23.8553055], [-46.28966903, -23.85501006], [-46.28984629, -23.85436828], [-46.28992919, -23.85421226], [-46.29021795, -23.85382422], [-46.29028006, -23.85365121], [-46.29031218, -23.85362204], [-46.2903012, -23.85340629], [-46.29023563, -23.85322984], [-46.29012433, -23.8530953], [-46.28986424, -23.85290874], [-46.28936099, -23.85265737], [-46.28839508, -23.85208928], [-46.28676374, -23.8512513], [-46.2861553, -23.85088702], [-46.28583582, -23.85075061], [-46.28568913, -23.8507112], [-46.28517301, -23.85064687], [-46.28499874, -23.85059865], [-46.2846635, -23.85045605], [-46.28420758, -23.8501239], [-46.28387116, -23.84976276], [-46.28344468, -23.84942765], [-46.28335381, -23.84927398], [-46.28336716, -23.84913389], [-46.28348234, -23.8490652], [-46.28389329, -23.84901843], [-46.28387177, -23.84882805], [-46.28390785, -23.84870222], [-46.28400629, -23.84862915], [-46.2844094, -23.84868449], [-46.28459464, -23.84874978], [-46.28475228, -23.8489047], [-46.28501301, -23.84935678], [-46.28515294, -23.84970692], [-46.28525541, -23.84984243], [-46.28550933, -23.85000196], [-46.28568369, -23.85006011], [-46.28636126, -23.85016734], [-46.28690929, -23.85018173], [-46.28737937, -23.85025637], [-46.28768094, -23.85036945], [-46.28816351, -23.85061557], [-46.28832907, -23.8506765], [-46.28883052, -23.85074636], [-46.28914495, -23.85067057], [-46.28965638, -23.85045858], [-46.29001443, -23.85042488], [-46.29019244, -23.85045409], [-46.29049783, -23.85055629], [-46.29108925, -23.85088638], [-46.29126073, -23.85094997], [-46.29159317, -23.85100769], [-46.2917865, -23.85099704], [-46.29193931, -23.85096053], [-46.29215036, -23.85075737], [-46.29236865, -23.85029316], [-46.29239141, -23.85011325], [-46.29245988, -23.84988871], [-46.2925731, -23.84982093], [-46.29267325, -23.849821], [-46.292845, -23.84991167], [-46.29319755, -23.85021396], [-46.29333589, -23.8503031], [-46.29347293, -23.85035885], [-46.29381959, -23.85036497], [-46.29409018, -23.8504223], [-46.29415241, -23.85055905], [-46.29413906, -23.85069733], [-46.29403525, -23.85092307], [-46.29401985, -23.85105234], [-46.29405679, -23.85121278], [-46.29419921, -23.85141569], [-46.29420774, -23.85148335], [-46.2941795, -23.8516064], [-46.2938884, -23.85175696], [-46.29370892, -23.85187677], [-46.29360387, -23.85197699], [-46.29350617, -23.85222345], [-46.29340746, -23.85256746], [-46.29337242, -23.85329022], [-46.29341577, -23.85380011], [-46.29364844, -23.85468589], [-46.29365867, -23.85502356], [-46.2936079, -23.85554778], [-46.29364104, -23.85571999], [-46.29370661, -23.85589645], [-46.2938493, -23.85612554], [-46.29454709, -23.85697851], [-46.29470671, -23.85723184], [-46.29479879, -23.85750561], [-46.29480398, -23.85802755], [-46.29490232, -23.85833919], [-46.29509392, -23.8585489], [-46.2952685, -23.85862691], [-46.295462, -23.8586325], [-46.29568637, -23.85858275], [-46.29602876, -23.85845344], [-46.29621333, -23.85835164], [-46.29639161, -23.8583086], [-46.29661587, -23.85834645], [-46.29670941, -23.85847029], [-46.29670282, -23.85869611], [-46.29663366, -23.859048], [-46.29650762, -23.85940759], [-46.29643541, -23.85974866], [-46.29642251, -23.859933], [-46.29645909, -23.86025329], [-46.29662348, -23.86049212], [-46.29676631, -23.86063542], [-46.29691067, -23.86073535], [-46.29736666, -23.86096902], [-46.29815796, -23.86164237], [-46.2984037, -23.86176673], [-46.29906706, -23.86201671], [-46.29925783, -23.862044], [-46.2996611, -23.8620126], [-46.29973242, -23.86197588], [-46.29986908, -23.86179591], [-46.29994205, -23.86162913], [-46.29998343, -23.86144636], [-46.2999386, -23.86039825], [-46.29984128, -23.86019136], [-46.29946364, -23.85954342], [-46.29935971, -23.85926344], [-46.2993589, -23.85918216], [-46.2994109, -23.85898124], [-46.29956056, -23.85882465], [-46.29974716, -23.85872915], [-46.30053974, -23.85845063], [-46.30070949, -23.85824148], [-46.30082325, -23.8580301], [-46.30096106, -23.85786729], [-46.30115244, -23.85785754], [-46.30134019, -23.85787763], [-46.3019086, -23.85806157], [-46.30229226, -23.85813238], [-46.30254087, -23.85815015], [-46.30286843, -23.85810945], [-46.30306389, -23.85801748], [-46.30330045, -23.85781229], [-46.30373503, -23.8572803], [-46.30399758, -23.85712184], [-46.30412487, -23.85718398], [-46.30426193, -23.85733906], [-46.30445331, -23.85772125], [-46.30459525, -23.85787357], [-46.3047702, -23.85798859], [-46.30494369, -23.85805575], [-46.30564592, -23.8581681], [-46.30586409, -23.85828365], [-46.30602448, -23.85841505], [-46.30615288, -23.85858826], [-46.30628735, -23.8588761], [-46.30629091, -23.85893748], [-46.30643016, -23.85921265], [-46.30663988, -23.8593671], [-46.30702071, -23.85954629], [-46.30748774, -23.85980332], [-46.30789694, -23.86006896], [-46.30805259, -23.86021755], [-46.30810759, -23.86031552], [-46.30811095, -23.86045457], [-46.30799763, -23.86061086], [-46.30783413, -23.86075765], [-46.30767434, -23.86097936], [-46.30770681, -23.86137735], [-46.30773252, -23.86139519], [-46.30775965, -23.86155481], [-46.30790746, -23.861801], [-46.30819571, -23.86214804], [-46.30842898, -23.86249555], [-46.30849556, -23.86267199], [-46.30850521, -23.86284982], [-46.30845691, -23.86302723], [-46.30836063, -23.8632186], [-46.30824926, -23.86337307], [-46.3078917, -23.8637518], [-46.30775894, -23.86392812], [-46.30775087, -23.86410249], [-46.30783013, -23.86427069], [-46.3080012, -23.86438845], [-46.30836853, -23.86449279], [-46.30875485, -23.86453376], [-46.30991099, -23.86456818], [-46.31027964, -23.86460839], [-46.31048588, -23.86470868], [-46.31051908, -23.86478787], [-46.31051343, -23.86490893], [-46.31038307, -23.86532366], [-46.31042423, -23.86560868], [-46.31066028, -23.86613317], [-46.31075904, -23.86628676], [-46.31105928, -23.86665176], [-46.3114347, -23.86716874], [-46.31163472, -23.86752827], [-46.31203002, -23.86845869], [-46.31217634, -23.86894511], [-46.31226648, -23.86912044], [-46.31236099, -23.86924065], [-46.31258062, -23.8693047], [-46.31276642, -23.86932479], [-46.31311472, -23.86929292], [-46.31388719, -23.86906146], [-46.31410616, -23.86896206], [-46.3144752, -23.86884512], [-46.31502595, -23.86873295], [-46.31521303, -23.86878192], [-46.31528602, -23.86891135], [-46.31527927, -23.86902068], [-46.31520839, -23.86919738], [-46.31504229, -23.86947515], [-46.31507523, -23.86972231], [-46.31535954, -23.87006486], [-46.31542611, -23.87023858], [-46.31538828, -23.87028497], [-46.31519517, -23.87041666], [-46.31483112, -23.87063832], [-46.31467449, -23.87078505], [-46.31465858, -23.87095948], [-46.31467503, -23.87113002], [-46.31475341, -23.87130636], [-46.31487165, -23.87144262], [-46.31509277, -23.87155632], [-46.31525328, -23.87169674], [-46.31532169, -23.8718578], [-46.3153174, -23.87201678], [-46.31528836, -23.87215611], [-46.31528844, -23.87226086], [-46.31532159, -23.87243126], [-46.31546527, -23.87265581], [-46.31571695, -23.87287762], [-46.31590558, -23.87298257], [-46.3165842, -23.87317996], [-46.31683701, -23.87322205], [-46.31741287, -23.87325957], [-46.31818273, -23.87325298], [-46.31874633, -23.873147], [-46.31894075, -23.87314534], [-46.31914739, -23.87318601], [-46.31922483, -23.87326843], [-46.31922558, -23.87334248], [-46.31902563, -23.87386527], [-46.31899778, -23.87421771], [-46.31912872, -23.87473496], [-46.31922197, -23.87492381], [-46.31937445, -23.87543455], [-46.31940906, -23.87574852], [-46.31937881, -23.87596101], [-46.31931095, -23.87614582], [-46.31902554, -23.87666663], [-46.3188608, -23.87688478], [-46.31835589, -23.87745444], [-46.31816014, -23.87781012], [-46.31806248, -23.87815594], [-46.3180154, -23.87883997], [-46.31804087, -23.8790276], [-46.31816322, -23.87937514], [-46.31828579, -23.87955019], [-46.31844906, -23.87967071], [-46.31861868, -23.8797406], [-46.31881351, -23.87977686], [-46.31919198, -23.87971672], [-46.31960419, -23.87949645], [-46.3198381, -23.87931924], [-46.32005797, -23.87911416], [-46.3202247, -23.8788987], [-46.32050918, -23.87838241], [-46.32064324, -23.87804441], [-46.32078435, -23.87753025], [-46.32085807, -23.87734358], [-46.32149428, -23.87645581], [-46.32158389, -23.87628616], [-46.32171255, -23.87599697], [-46.32185586, -23.87550627], [-46.322099, -23.87507883], [-46.32226989, -23.87488682], [-46.32263838, -23.87452242], [-46.32282775, -23.87440881], [-46.3231172, -23.87428802], [-46.32339565, -23.87424318], [-46.32382266, -23.87422506], [-46.32412276, -23.87418545], [-46.32441552, -23.87419647], [-46.32452189, -23.87422626], [-46.32463509, -23.87434901], [-46.32474518, -23.87455216], [-46.32484561, -23.8749631], [-46.32508858, -23.8754848], [-46.3253548, -23.87587896], [-46.32552047, -23.87604279], [-46.32575085, -23.87619614], [-46.32592254, -23.87627504], [-46.326225, -23.87636996], [-46.32670082, -23.87641914], [-46.32938624, -23.87627225], [-46.32994122, -23.87628281], [-46.33023482, -23.87637509], [-46.33072863, -23.8767438], [-46.33113926, -23.87685223], [-46.33144512, -23.87689473], [-46.33153343, -23.87688675], [-46.33216352, -23.8765607], [-46.33249298, -23.87641426], [-46.33259987, -23.87639979], [-46.33272393, -23.87643032], [-46.3327727, -23.87649402], [-46.33277847, -23.87657795], [-46.33275196, -23.87667481], [-46.33258923, -23.87689477], [-46.33230371, -23.87711217], [-46.33179349, -23.87734868], [-46.33162384, -23.87746845], [-46.33155142, -23.87749346], [-46.33139053, -23.87770256], [-46.33132917, -23.87784758], [-46.33130666, -23.87814399], [-46.33144729, -23.87893026], [-46.33145125, -23.87922101], [-46.33141449, -23.87946787], [-46.33135456, -23.87965804], [-46.33132142, -23.87968271], [-46.33131683, -23.87990581], [-46.33134163, -23.8800257], [-46.33144154, -23.88019191], [-46.33159835, -23.8803522], [-46.33183953, -23.88050364], [-46.33242817, -23.88073154], [-46.33288334, -23.88087209], [-46.33373925, -23.88101729], [-46.33401006, -23.881089], [-46.33414689, -23.88121514], [-46.33418852, -23.88134844], [-46.33415776, -23.88141373], [-46.3340799, -23.88148213], [-46.33389232, -23.88157858], [-46.33355558, -23.88168626], [-46.33327811, -23.88182774], [-46.33318166, -23.88190353], [-46.33311262, -23.88206668], [-46.3331071, -23.8822943], [-46.33317904, -23.88241469], [-46.33318954, -23.88248053], [-46.33337596, -23.88265501], [-46.33383269, -23.88294636], [-46.33391394, -23.88311272], [-46.33390034, -23.88322302], [-46.3337429, -23.8832894], [-46.33286022, -23.88331241], [-46.33251902, -23.88346527], [-46.33236982, -23.88356861], [-46.3319395, -23.88393718], [-46.33153949, -23.88419712], [-46.3311127, -23.88433537], [-46.33038223, -23.88445457], [-46.33010212, -23.88453014], [-46.32993197, -23.88460296], [-46.32977333, -23.8847443], [-46.32969108, -23.88486422], [-46.32963647, -23.88499835], [-46.32970906, -23.88527858], [-46.32984651, -23.8853695], [-46.33012478, -23.88549805], [-46.33065121, -23.88578699], [-46.33138664, -23.88624843], [-46.33159159, -23.88640921], [-46.33197272, -23.88660639], [-46.33224693, -23.88672142], [-46.33292933, -23.88689432], [-46.33331002, -23.88695333], [-46.33434201, -23.88702566], [-46.33476717, -23.88701475], [-46.33523107, -23.88695112], [-46.33538578, -23.88690643], [-46.33612314, -23.88650177], [-46.33653996, -23.88634824], [-46.33697988, -23.88615026], [-46.33744812, -23.88603059], [-46.33778275, -23.8860042], [-46.33818556, -23.88601696], [-46.33865163, -23.8860698], [-46.33897254, -23.88614106], [-46.33914209, -23.88620189], [-46.33932184, -23.88629876], [-46.33952278, -23.88645054], [-46.3397304, -23.88667901], [-46.34000928, -23.88686533], [-46.34025802, -23.88698598], [-46.34067685, -23.88712321], [-46.34095276, -23.88730684], [-46.34126984, -23.88767343], [-46.3414662, -23.88785685], [-46.34200994, -23.8882025], [-46.34220069, -23.88822251], [-46.34249033, -23.88821366], [-46.34307443, -23.88809207], [-46.34336713, -23.88809403], [-46.34343443, -23.88823884], [-46.34342105, -23.8883699], [-46.34334702, -23.88852407], [-46.34317001, -23.88878751], [-46.34311175, -23.88904268], [-46.34314009, -23.88931426], [-46.34331405, -23.88951593], [-46.34345852, -23.88962033], [-46.34371414, -23.88974001], [-46.34423735, -23.88990251], [-46.34442512, -23.89001466], [-46.34449585, -23.89011157], [-46.34451386, -23.89023875], [-46.34434196, -23.89042628], [-46.34404276, -23.89055623], [-46.34361051, -23.89064219], [-46.34336403, -23.89074097], [-46.34320586, -23.89092748], [-46.34303987, -23.8912125], [-46.34284584, -23.89163592], [-46.34274723, -23.8917876], [-46.34250129, -23.89203538], [-46.3422004, -23.89228726], [-46.34180126, -23.89272692], [-46.34170833, -23.89285868], [-46.34156398, -23.89314712], [-46.34150123, -23.89344387], [-46.34146833, -23.89396794], [-46.34155259, -23.89461381], [-46.34163024, -23.89585667], [-46.34152841, -23.89674437], [-46.34140717, -23.89736946], [-46.34141095, -23.89764034], [-46.34149489, -23.89816069], [-46.34146476, -23.89828648], [-46.34119896, -23.89870421], [-46.34064217, -23.89928884], [-46.33990783, -23.90018296], [-46.33983306, -23.90036152], [-46.33986443, -23.90054637], [-46.33994263, -23.90070012], [-46.34007, -23.90085975], [-46.34017089, -23.90092751], [-46.34040555, -23.90101306], [-46.34089081, -23.90111178], [-46.34116659, -23.90108951], [-46.34162035, -23.90108555], [-46.34196374, -23.90114216], [-46.3422132, -23.9012339], [-46.34254188, -23.90129334], [-46.34282967, -23.90129264], [-46.34313293, -23.90117259], [-46.34378032, -23.90080119], [-46.34424492, -23.9006111], [-46.34440945, -23.9005645], [-46.34456056, -23.90054873], [-46.34489168, -23.90055939], [-46.34506735, -23.9005443], [-46.34519821, -23.90047091], [-46.3453398, -23.90029538], [-46.34539808, -23.89966272], [-46.34556133, -23.89939759], [-46.34580942, -23.89926267], [-46.34636735, -23.89907537], [-46.34656439, -23.8989427], [-46.34689589, -23.89861017], [-46.34729311, -23.89798538], [-46.34739699, -23.89786797], [-46.34759522, -23.89775606], [-46.34770525, -23.89775871], [-46.34782748, -23.89789491], [-46.34785189, -23.89816471], [-46.34780465, -23.89881985], [-46.34784043, -23.89923856], [-46.34790908, -23.89941767], [-46.34802171, -23.89957563], [-46.34825219, -23.89982647], [-46.34847033, -23.90002413], [-46.34875244, -23.90023388], [-46.34890658, -23.90032193], [-46.34918667, -23.90043056], [-46.34949465, -23.90048294], [-46.3497893, -23.90048036], [-46.35003928, -23.90043301], [-46.35027066, -23.90029732], [-46.3507408, -23.89988591], [-46.35123621, -23.89916452], [-46.35138825, -23.89886155], [-46.35154705, -23.89845287], [-46.35162357, -23.89816051], [-46.35167261, -23.89777537], [-46.35167714, -23.89679369], [-46.35176906, -23.89571552], [-46.35175655, -23.89517288], [-46.35170742, -23.89498277], [-46.35153054, -23.894596], [-46.35144725, -23.89433213], [-46.35138296, -23.89391096], [-46.35076334, -23.89260063], [-46.35076223, -23.89239925], [-46.35080801, -23.8922679], [-46.35092588, -23.89217385], [-46.35119084, -23.89215166], [-46.35158158, -23.89232523], [-46.35178261, -23.89229456], [-46.35194316, -23.89214956], [-46.35223288, -23.89167471], [-46.35245883, -23.89139638], [-46.35265493, -23.89127003], [-46.35280554, -23.8912082], [-46.35309655, -23.89114153], [-46.35326056, -23.89114008], [-46.35374006, -23.89125417], [-46.35416834, -23.89144817], [-46.35454939, -23.89172748], [-46.35506336, -23.89222686], [-46.35538904, -23.89247144], [-46.35578886, -23.89266659], [-46.35617793, -23.89277333], [-46.35627196, -23.89284204], [-46.3564175, -23.89314148], [-46.35660988, -23.89341251], [-46.35686783, -23.89365949], [-46.35708567, -23.89382824], [-46.35782793, -23.89417841], [-46.35830409, -23.89434669], [-46.35882487, -23.8944622], [-46.35918493, -23.89451681], [-46.36067281, -23.89459758], [-46.36099752, -23.89455949], [-46.36113136, -23.89449057], [-46.36119094, -23.89436542], [-46.36118441, -23.89430407], [-46.361109, -23.89413767], [-46.3609495, -23.89391331], [-46.35969594, -23.89256979], [-46.35939564, -23.89221844], [-46.3591188, -23.89194906], [-46.35848364, -23.89150766], [-46.35813446, -23.89136534], [-46.35765792, -23.89125305], [-46.35682808, -23.89116736], [-46.35629178, -23.89116396], [-46.35568236, -23.89111876], [-46.35547546, -23.89105647], [-46.35530549, -23.89095682], [-46.35507177, -23.89077194], [-46.35429331, -23.89005544], [-46.35384501, -23.88973066], [-46.35303427, -23.88921401], [-46.3526008, -23.88880332], [-46.3524733, -23.88863195], [-46.3516507, -23.88725658], [-46.35122528, -23.88676904], [-46.35099921, -23.88656332], [-46.35051579, -23.88625871], [-46.349991, -23.88603755], [-46.34963836, -23.88593769], [-46.34822747, -23.88569539], [-46.34784575, -23.88553709], [-46.34767559, -23.88541757], [-46.34751689, -23.88526724], [-46.34725982, -23.88491187], [-46.34669463, -23.88429731], [-46.34614919, -23.88388216], [-46.34542259, -23.88342343], [-46.34490768, -23.8829213], [-46.34410638, -23.88226545], [-46.34342307, -23.88190748], [-46.34275512, -23.88142023], [-46.34242467, -23.88127952], [-46.34190635, -23.88111155], [-46.34156906, -23.88097452], [-46.34122616, -23.8807689], [-46.34103504, -23.88061614], [-46.33988723, -23.87940156], [-46.33973772, -23.87928275], [-46.33900821, -23.87891884], [-46.33885963, -23.87879551], [-46.33881064, -23.87871105], [-46.33881683, -23.87864416], [-46.33886687, -23.87854439], [-46.33908394, -23.87835647], [-46.33949128, -23.87814431], [-46.33959222, -23.87802784], [-46.3396467, -23.87788287], [-46.33970309, -23.8774462], [-46.33971139, -23.87710747], [-46.33962553, -23.87649413], [-46.33964683, -23.87627359], [-46.3397809, -23.87613245], [-46.34002194, -23.87607887], [-46.34137508, -23.87606618], [-46.34237421, -23.8760069], [-46.34273615, -23.87596491], [-46.34322609, -23.87585949], [-46.34345982, -23.87576443], [-46.3435581, -23.87567598], [-46.34363622, -23.87534748], [-46.34365581, -23.8749626], [-46.34381426, -23.87480498], [-46.34392125, -23.87480043], [-46.3440829, -23.87485772], [-46.34419654, -23.87492536], [-46.34449504, -23.87530205], [-46.34488637, -23.87620351], [-46.34500516, -23.87638941], [-46.34512915, -23.87650844], [-46.34529114, -23.87659913], [-46.34549607, -23.87666327], [-46.34579112, -23.87670494], [-46.34612282, -23.87668127], [-46.34655402, -23.87649959], [-46.34675137, -23.87630551], [-46.3470238, -23.87586965], [-46.34705766, -23.87572486], [-46.34701749, -23.87535404], [-46.3468607, -23.87510256], [-46.34674075, -23.87499433], [-46.34658478, -23.87491623], [-46.34640447, -23.8748582], [-46.3452137, -23.87461756], [-46.34472277, -23.87443581], [-46.34404576, -23.87430446], [-46.34352079, -23.87434517], [-46.34331338, -23.87442103], [-46.34265265, -23.87481963], [-46.3423663, -23.87495488], [-46.34159621, -23.87522439], [-46.34105435, -23.87524718], [-46.34073678, -23.87521201], [-46.34022944, -23.87505749], [-46.33920894, -23.87466179], [-46.33770674, -23.87392982], [-46.33651735, -23.87353377], [-46.33604322, -23.87326605], [-46.33501318, -23.87260671], [-46.33442914, -23.87215392], [-46.33403155, -23.87187922], [-46.33367906, -23.87169353], [-46.33343978, -23.87163058], [-46.33315622, -23.87165471], [-46.33290707, -23.87177788], [-46.33270175, -23.87205871], [-46.33235911, -23.87283471], [-46.33193432, -23.87354821], [-46.3317758, -23.87370616], [-46.33136573, -23.87364614], [-46.3312645, -23.8733499], [-46.33116234, -23.87257865], [-46.33093426, -23.87178592], [-46.33077804, -23.87149015], [-46.3304546, -23.87107121], [-46.33013914, -23.8708572], [-46.33000992, -23.87080052], [-46.32934408, -23.87060488], [-46.32918101, -23.87050334], [-46.32906743, -23.87034447], [-46.32882478, -23.86985349], [-46.32861237, -23.86953653], [-46.32840775, -23.86930892], [-46.32627216, -23.8677939], [-46.32565699, -23.86746144], [-46.32433307, -23.86695989], [-46.32384089, -23.86645749], [-46.32313097, -23.86578719], [-46.32274182, -23.86546903], [-46.32255017, -23.86535599], [-46.32205158, -23.86518778], [-46.32161396, -23.86512471], [-46.32140624, -23.86507321], [-46.3212113, -23.86492678], [-46.32116653, -23.86486936], [-46.3211664, -23.86476009], [-46.32125877, -23.86457236], [-46.3214041, -23.86437876], [-46.32138024, -23.8641568], [-46.32121628, -23.86396585], [-46.3209509, -23.86374778], [-46.32045097, -23.86354346], [-46.32024659, -23.86343413], [-46.31997703, -23.8631908], [-46.31988836, -23.8629676], [-46.31984533, -23.86230691], [-46.31975794, -23.86201686], [-46.31957272, -23.86156872], [-46.31940243, -23.86123694], [-46.31890457, -23.86055757], [-46.31863215, -23.86022486], [-46.31840882, -23.85979419], [-46.31827168, -23.85963371], [-46.31802585, -23.85940463], [-46.31770594, -23.85923126], [-46.31707227, -23.85900459], [-46.31660799, -23.85873132], [-46.31642082, -23.85867151], [-46.31561363, -23.85857003], [-46.31546371, -23.85850358], [-46.31537461, -23.8584321], [-46.31536333, -23.8582877], [-46.31563828, -23.85789973], [-46.31568048, -23.85780003], [-46.31566202, -23.85743083], [-46.31572818, -23.85727313], [-46.31608055, -23.85677342], [-46.31615375, -23.85663191], [-46.31633057, -23.85615357], [-46.31652424, -23.85578797], [-46.31677425, -23.85545892], [-46.31689964, -23.85533322], [-46.31706061, -23.85503563], [-46.31705164, -23.854828], [-46.31694026, -23.85449481], [-46.31670325, -23.85406878], [-46.31661377, -23.8537652], [-46.3166682, -23.85361302], [-46.31691743, -23.85340137], [-46.31706076, -23.85320418], [-46.31710907, -23.8528353], [-46.31710846, -23.85248401], [-46.31715838, -23.85217744], [-46.31722154, -23.85201434], [-46.31745663, -23.85166735], [-46.31795952, -23.85119886], [-46.31800324, -23.8510558], [-46.31803341, -23.85102935], [-46.31803886, -23.8507918], [-46.31801476, -23.85064119], [-46.31789198, -23.85034603], [-46.31780512, -23.85020318], [-46.31779504, -23.85008044], [-46.31789894, -23.84986914], [-46.31806995, -23.84969067], [-46.31824075, -23.84958987], [-46.31840887, -23.84941684], [-46.31860716, -23.84892748], [-46.31867476, -23.84881582], [-46.31883945, -23.84869249], [-46.31937403, -23.84844679], [-46.31955569, -23.84825378], [-46.32000823, -23.84756627], [-46.32085658, -23.84700658], [-46.32083087, -23.84700603], [-46.32112815, -23.84685226], [-46.32132297, -23.84669887], [-46.3215618, -23.84643222], [-46.32159424, -23.8462432], [-46.32157826, -23.84611961], [-46.32126335, -23.8458541], [-46.32107012, -23.84577628], [-46.32091179, -23.84575145], [-46.32056726, -23.84576073], [-46.31987216, -23.84586151], [-46.3195522, -23.84587328], [-46.3188034, -23.84580925], [-46.3176773, -23.84552448], [-46.31696782, -23.84546553], [-46.31661644, -23.84538003], [-46.31650172, -23.84529792], [-46.31645396, -23.84523602], [-46.31645603, -23.8451493], [-46.31657988, -23.844871], [-46.31680843, -23.84455838], [-46.31695503, -23.84429704], [-46.31704709, -23.84407951], [-46.31709944, -23.84401404], [-46.3170772, -23.84375595], [-46.31692355, -23.84361096], [-46.31653117, -23.84354749], [-46.31577075, -23.84359643], [-46.31548375, -23.84356637], [-46.315086, -23.84345778], [-46.31508564, -23.84332413], [-46.31512216, -23.84324615], [-46.31522259, -23.84317666], [-46.31613954, -23.84278141], [-46.31633675, -23.84267135], [-46.31668279, -23.84242275], [-46.31695899, -23.84225964], [-46.31737752, -23.84180181], [-46.31753828, -23.84167852], [-46.31771904, -23.84159299], [-46.31791386, -23.84153714], [-46.31821858, -23.8413792], [-46.31847579, -23.84098777], [-46.3186412, -23.84064589], [-46.31886444, -23.84000369], [-46.31894576, -23.83950178], [-46.31889382, -23.8390254], [-46.31878852, -23.83871022], [-46.31865819, -23.83854065], [-46.31848776, -23.83838587], [-46.31825177, -23.83805827], [-46.31799233, -23.83754844], [-46.3179273, -23.83723381], [-46.31792461, -23.83706496], [-46.31787233, -23.83674842], [-46.31735574, -23.83595361], [-46.31728035, -23.83577996], [-46.31732572, -23.83560618], [-46.31748147, -23.8354739], [-46.31768365, -23.83537102], [-46.31782975, -23.83525599], [-46.31796695, -23.83503717], [-46.31795741, -23.83477264], [-46.31791879, -23.83464293], [-46.31771381, -23.83427442], [-46.31754912, -23.83371591], [-46.31746115, -23.83355953], [-46.31732052, -23.83343881], [-46.31702556, -23.83339527], [-46.31672221, -23.83349359], [-46.31642607, -23.83362527], [-46.31620011, -23.83361004], [-46.31603435, -23.83342993], [-46.31571419, -23.83293235], [-46.31546155, -23.83270513], [-46.3151474, -23.83251093], [-46.31497497, -23.83235166], [-46.31469851, -23.832], [-46.31461149, -23.8318409], [-46.31453175, -23.83162394], [-46.31454371, -23.83134929], [-46.31462689, -23.8310307], [-46.31461587, -23.83071652], [-46.31452442, -23.83050778], [-46.31442388, -23.83036956], [-46.31425668, -23.83024185], [-46.31394985, -23.83009184], [-46.3138015, -23.82988539], [-46.31375215, -23.82976209], [-46.31374133, -23.82937024], [-46.31368983, -23.82922799], [-46.3134211, -23.8287661], [-46.31316633, -23.82852082], [-46.31273199, -23.82828249], [-46.31260408, -23.82805962], [-46.31257833, -23.82793882], [-46.31245376, -23.82775475], [-46.31237351, -23.82768138], [-46.3122593, -23.82764894], [-46.31206592, -23.82765058], [-46.31188265, -23.82768104], [-46.31174407, -23.82766506], [-46.31168561, -23.82761137], [-46.31160062, -23.82745767], [-46.31152869, -23.82713768], [-46.31144897, -23.82702006], [-46.31130954, -23.8269201], [-46.31117076, -23.82688425], [-46.31103246, -23.82689536], [-46.31086201, -23.82693203], [-46.31068826, -23.82693351], [-46.31056666, -23.82684875], [-46.3105258, -23.82678769], [-46.31050576, -23.82664968], [-46.31059743, -23.82619736], [-46.31057042, -23.82605039], [-46.3104173, -23.82585662], [-46.31010863, -23.82561902], [-46.30994359, -23.82541271], [-46.30991998, -23.82530906], [-46.30977146, -23.82508545], [-46.30966752, -23.82499964], [-46.3091659, -23.82480612], [-46.30894696, -23.82460749], [-46.3088733, -23.82450607], [-46.30866958, -23.82435698], [-46.3084922, -23.82428986], [-46.3080943, -23.82406204], [-46.30795072, -23.82393863], [-46.3078382, -23.82377974], [-46.30764992, -23.82340836], [-46.30751717, -23.82328757], [-46.30741348, -23.82322614], [-46.30716599, -23.82321559], [-46.30674408, -23.82333386], [-46.30660226, -23.8232881], [-46.30655637, -23.82321444], [-46.30652246, -23.82286703], [-46.30643163, -23.82271789], [-46.30630759, -23.82258528], [-46.30615335, -23.82247461], [-46.30568376, -23.82224288], [-46.305443, -23.82182498], [-46.30533453, -23.82167869], [-46.3051595, -23.82155103], [-46.30482115, -23.82138683], [-46.30464433, -23.82137478], [-46.30444291, -23.82145505], [-46.30425894, -23.82161103], [-46.30412316, -23.82167811], [-46.30396817, -23.82168935], [-46.30382552, -23.82155961], [-46.30364505, -23.82098587], [-46.30354025, -23.82081336], [-46.30343398, -23.82068963], [-46.30327578, -23.82057628], [-46.30297257, -23.82048943], [-46.30265941, -23.82029159], [-46.30255976, -23.81994655], [-46.30253505, -23.81953585], [-46.30242876, -23.81931188], [-46.30221929, -23.8189786], [-46.30202507, -23.81840226], [-46.30189903, -23.81826515], [-46.30152978, -23.81805243], [-46.30097553, -23.81779431], [-46.30066625, -23.81759101], [-46.30028009, -23.81725651], [-46.30013284, -23.81715751], [-46.29995147, -23.81708228], [-46.2997616, -23.81704053], [-46.2993681, -23.81705378], [-46.29882375, -23.81719744], [-46.29869007, -23.8171796], [-46.29863836, -23.81711231], [-46.29850883, -23.81672236], [-46.29840618, -23.81656699], [-46.29824906, -23.81646265], [-46.29790094, -23.81639965], [-46.29770198, -23.81633179], [-46.29763548, -23.81625829], [-46.29763273, -23.81617884], [-46.297763, -23.81595288], [-46.29795109, -23.81571739], [-46.29805123, -23.81542304], [-46.29803867, -23.81524614], [-46.29794261, -23.81496338], [-46.29784064, -23.8147773], [-46.29760871, -23.81445414], [-46.29681128, -23.81372572], [-46.2964851, -23.81339974], [-46.29618505, -23.81303651], [-46.2959685, -23.81258136], [-46.29597666, -23.81251266], [-46.29602139, -23.81247074], [-46.29610748, -23.81244112], [-46.29630084, -23.81243949], [-46.2966598, -23.81250872], [-46.29682333, -23.81256695], [-46.29726655, -23.81281699], [-46.29777535, -23.8132462], [-46.29793431, -23.81333878], [-46.29824566, -23.81345627], [-46.29848936, -23.81348312], [-46.299207, -23.81349243], [-46.29953045, -23.81354299], [-46.29972436, -23.81359644], [-46.29988029, -23.81368002], [-46.30015732, -23.81389984], [-46.30032716, -23.81400046], [-46.3005006, -23.81406854], [-46.30104351, -23.81417504], [-46.30174552, -23.81419169], [-46.30191462, -23.81421826], [-46.30208403, -23.81427643], [-46.30229351, -23.81441464], [-46.30304033, -23.81518319], [-46.30331909, -23.81537771], [-46.30348276, -23.81545038], [-46.30365144, -23.8154345], [-46.30391861, -23.81535368], [-46.30403904, -23.81542129], [-46.30418177, -23.81555916], [-46.30448284, -23.81602171], [-46.3047662, -23.81628392], [-46.30493991, -23.81637817], [-46.30512613, -23.81644704], [-46.30546241, -23.8165038], [-46.30564566, -23.81647244], [-46.30582173, -23.81641045], [-46.30618957, -23.81618788], [-46.30625333, -23.81618373], [-46.30690171, -23.8164311], [-46.30707975, -23.81646752], [-46.30727508, -23.81646586], [-46.30746798, -23.81641817], [-46.30765338, -23.81630823], [-46.30777772, -23.81617713], [-46.30798059, -23.81604717], [-46.30803357, -23.81604491], [-46.30826047, -23.81615678], [-46.30868121, -23.8164133], [-46.30896997, -23.81642981], [-46.30935102, -23.81615475], [-46.30942635, -23.81612972], [-46.30969052, -23.81614102], [-46.3102143, -23.81629642], [-46.31055426, -23.81642629], [-46.31130237, -23.81663396], [-46.31163448, -23.81676299], [-46.31195298, -23.81710165], [-46.31209634, -23.81720338], [-46.3122678, -23.81726875], [-46.31260499, -23.81731826], [-46.31271294, -23.81741307], [-46.31272363, -23.81759721], [-46.31263718, -23.81798085], [-46.31261279, -23.81799641], [-46.31263964, -23.81822557], [-46.31289271, -23.81849976], [-46.31307294, -23.81865536], [-46.31324289, -23.8187659], [-46.31342311, -23.81882397], [-46.31391035, -23.81885865], [-46.31411153, -23.81875579], [-46.31428112, -23.8185376], [-46.31437339, -23.81834265], [-46.31452675, -23.81816976], [-46.3146769, -23.81816577], [-46.31487596, -23.81824264], [-46.31496456, -23.8183647], [-46.31502622, -23.81873625], [-46.31510651, -23.81891076], [-46.3153122, -23.81906073], [-46.31578439, -23.81916056], [-46.3159788, -23.81916522], [-46.31616606, -23.81914195], [-46.31634202, -23.81897247], [-46.31647549, -23.81877446], [-46.31655254, -23.81872503], [-46.31662897, -23.81871083], [-46.31669685, -23.81872561], [-46.31684034, -23.81883998], [-46.31705947, -23.81915418], [-46.31717261, -23.81927604], [-46.31730604, -23.81936611], [-46.31766005, -23.81942811], [-46.31781893, -23.8194132], [-46.3179513, -23.8193019], [-46.31797624, -23.81924388], [-46.31814902, -23.81914758], [-46.31829767, -23.81918966], [-46.31840056, -23.81926916], [-46.31847435, -23.81947985], [-46.3184753, -23.81957376], [-46.31844658, -23.81964625], [-46.31847745, -23.81978687], [-46.31862674, -23.81989216], [-46.31874112, -23.81994266], [-46.31934289, -23.81994473], [-46.31989133, -23.82001229], [-46.32009635, -23.82009542], [-46.32024217, -23.82024499], [-46.3203441, -23.82042383], [-46.32047488, -23.82054282], [-46.32084782, -23.82072747], [-46.3214378, -23.82131032], [-46.32156429, -23.82139323], [-46.32164505, -23.82141963], [-46.32173138, -23.82141437], [-46.32180166, -23.82137494], [-46.32187608, -23.82125961], [-46.32195807, -23.82121285], [-46.32204902, -23.82117955], [-46.32212558, -23.8211789], [-46.32221326, -23.82120975], [-46.32232115, -23.8212007], [-46.32251195, -23.82113946], [-46.32272466, -23.82101211], [-46.32281315, -23.82092917], [-46.32287872, -23.82081211], [-46.32301099, -23.8204967], [-46.32307683, -23.82040763], [-46.32317079, -23.82037973], [-46.32330456, -23.82040658], [-46.32345129, -23.82054891], [-46.32363823, -23.82088145], [-46.3237745, -23.82134717], [-46.32388241, -23.82153409], [-46.32399079, -23.82166952], [-46.32427757, -23.82187658], [-46.32454845, -23.82196817], [-46.32479935, -23.82202472], [-46.32543107, -23.82226944], [-46.32552429, -23.82236256], [-46.3255866, -23.82250471], [-46.32556822, -23.82291758], [-46.3257171, -23.82317458], [-46.32601854, -23.82347182], [-46.32657636, -23.82388063], [-46.32692417, -23.82400678], [-46.32710093, -23.82401248], [-46.32724494, -23.82398325], [-46.3275256, -23.82378125], [-46.32766548, -23.82363555], [-46.32778452, -23.82356408], [-46.32796934, -23.82359049], [-46.32806322, -23.82365199], [-46.32813307, -23.8238591], [-46.32822412, -23.82393237], [-46.32844284, -23.82400996], [-46.32851355, -23.82410869], [-46.3284903, -23.82423532], [-46.32811837, -23.82444081], [-46.32803034, -23.82456891], [-46.32804999, -23.82505279], [-46.32802152, -23.82534112], [-46.32824701, -23.82579433], [-46.32825504, -23.82590805], [-46.32822743, -23.82599228], [-46.32813079, -23.82604639], [-46.32800245, -23.82607188], [-46.32782841, -23.82604448], [-46.32756742, -23.82596184], [-46.32746812, -23.82594644], [-46.32738769, -23.82595345], [-46.32731543, -23.8259911], [-46.32721365, -23.82611841], [-46.32717753, -23.82633185], [-46.32720345, -23.82656372], [-46.32718242, -23.82681225], [-46.32701485, -23.82713068], [-46.32697335, -23.8272972], [-46.32700953, -23.8274766], [-46.32708157, -23.82761054], [-46.32719743, -23.82770889], [-46.32751163, -23.82790667], [-46.32761858, -23.82799786], [-46.32766092, -23.82810677], [-46.32765174, -23.82817006], [-46.3275935, -23.82823468], [-46.32746161, -23.82829723], [-46.32722612, -23.82830919], [-46.3270695, -23.82835389], [-46.3269808, -23.82841606], [-46.32690949, -23.82854762], [-46.32686995, -23.82871323], [-46.3269098, -23.82886731], [-46.32706968, -23.82914318], [-46.32719881, -23.82929108], [-46.32728678, -23.82944656], [-46.32733944, -23.82979831], [-46.32749105, -23.83012934], [-46.32794227, -23.83076845], [-46.32822298, -23.83124376], [-46.32827445, -23.83157475], [-46.32825316, -23.83179709], [-46.32822221, -23.83184341], [-46.32826588, -23.83208236], [-46.32835377, -23.83213307], [-46.3287718, -23.83211502], [-46.32895265, -23.83213604], [-46.32906401, -23.83217752], [-46.32923121, -23.83240005], [-46.32930811, -23.83272088], [-46.32944957, -23.83292195], [-46.32957597, -23.83299491], [-46.32968248, -23.83313849], [-46.32972386, -23.83324921], [-46.32964332, -23.83382246], [-46.32965446, -23.83414477], [-46.32980107, -23.83446681], [-46.33006531, -23.8348664], [-46.33011277, -23.83509176], [-46.32996298, -23.83522852], [-46.32978966, -23.83527336], [-46.32925524, -23.83533577], [-46.32908987, -23.83538867], [-46.32898155, -23.83545282], [-46.32883881, -23.83560848], [-46.32865952, -23.83593333], [-46.32862968, -23.83608801], [-46.3286321, -23.83622887], [-46.32887371, -23.83672078], [-46.32888222, -23.83688145], [-46.32886118, -23.83703245], [-46.32878251, -23.83721284], [-46.32876167, -23.8373828], [-46.32887234, -23.83754982], [-46.3290536, -23.8377063], [-46.32920079, -23.83789106], [-46.32916988, -23.83813335], [-46.32909458, -23.83835526], [-46.32908148, -23.83851522], [-46.32911648, -23.83876959], [-46.32943535, -23.83913439], [-46.32957371, -23.83960912], [-46.32978806, -23.83983304], [-46.32987701, -23.83989098], [-46.33048696, -23.84001214], [-46.33075716, -23.84022474], [-46.3307782, -23.84045936], [-46.33075733, -23.84062661], [-46.33079967, -23.84092697], [-46.33087918, -23.84102201], [-46.33089766, -23.84110042], [-46.33116463, -23.84128596], [-46.33142194, -23.84158175], [-46.33163565, -23.84212627], [-46.33167419, -23.84215122], [-46.33169962, -23.8422377], [-46.33191021, -23.842477], [-46.33205737, -23.84256243], [-46.33239214, -23.84255953], [-46.33295369, -23.84236412], [-46.33329837, -23.84227445], [-46.33347199, -23.84225849], [-46.33363243, -23.84229865], [-46.33372783, -23.84250643], [-46.33372261, -23.84266813], [-46.33365438, -23.84300377], [-46.33366906, -23.84319148], [-46.33374613, -23.84333531], [-46.33386716, -23.84345708], [-46.33421192, -23.8436627], [-46.33434583, -23.8437961], [-46.33444566, -23.84395779], [-46.33454917, -23.84428652], [-46.33475256, -23.8445891], [-46.33510165, -23.84473779], [-46.33542617, -23.84478826], [-46.33578059, -23.84478609], [-46.33630718, -23.84481855], [-46.33640991, -23.84487907], [-46.33649145, -23.84497951], [-46.33649323, -23.84515379], [-46.33641025, -23.84548684], [-46.33624045, -23.84597146], [-46.33619655, -23.84628611], [-46.33620503, -23.84644318], [-46.33629752, -23.84694088], [-46.33638748, -23.84719206], [-46.3365778, -23.84746404], [-46.33673452, -23.84761891], [-46.33699258, -23.84779458], [-46.33748279, -23.84801158], [-46.3377831, -23.84819049], [-46.33796133, -23.84833614], [-46.33838289, -23.84875241], [-46.3387306, -23.8489562], [-46.33907938, -23.84907328], [-46.33929565, -23.84909939], [-46.33974653, -23.84902413], [-46.34030136, -23.84864994], [-46.34037717, -23.84857433], [-46.34056108, -23.84850861], [-46.34069587, -23.84853543], [-46.34075629, -23.84858728], [-46.34078044, -23.84883452], [-46.34069917, -23.84933372], [-46.3407519, -23.84959155], [-46.34112863, -23.84984835], [-46.341494, -23.84995535], [-46.34216887, -23.8499874], [-46.34230172, -23.85011177], [-46.34229925, -23.85025357], [-46.34220448, -23.85039438], [-46.34170516, -23.85072383], [-46.34157036, -23.85088666], [-46.34152349, -23.85100808], [-46.34159245, -23.85131633], [-46.34163587, -23.85133763], [-46.34164219, -23.85137912], [-46.34174065, -23.85150108], [-46.34218265, -23.85180156], [-46.34250238, -23.85205254], [-46.34264031, -23.85219312], [-46.34273707, -23.85234039], [-46.34280887, -23.85254295], [-46.34286755, -23.85318724], [-46.34292583, -23.85350732], [-46.34311963, -23.85382894], [-46.34330108, -23.85399984], [-46.34363075, -23.85407102], [-46.34390945, -23.85396112], [-46.34421573, -23.85357374], [-46.34432666, -23.85347614], [-46.34453657, -23.85335962], [-46.34473366, -23.85333441], [-46.34478246, -23.85330509], [-46.34507025, -23.8528393], [-46.34520716, -23.85278572], [-46.34528789, -23.85280669], [-46.34543649, -23.85293453], [-46.34575095, -23.8534348], [-46.345865, -23.85354398], [-46.34598756, -23.85362238], [-46.34633565, -23.85376564], [-46.34688049, -23.8539451], [-46.34754436, -23.85443057], [-46.34812521, -23.85476865], [-46.34874831, -23.85501425], [-46.34930683, -23.85518727], [-46.35000731, -23.8553193], [-46.35035585, -23.85531534], [-46.35069746, -23.85521211], [-46.35098981, -23.85509304], [-46.35144271, -23.85511707], [-46.35213866, -23.85528525], [-46.3523372, -23.85530428], [-46.35249219, -23.85528937], [-46.35302301, -23.85515828], [-46.35427536, -23.85472734], [-46.35479376, -23.85462886], [-46.35537086, -23.85469874], [-46.35573638, -23.85481834], [-46.35626148, -23.85489228], [-46.35696212, -23.85484999], [-46.35738742, -23.85476948], [-46.35784544, -23.85462547], [-46.35807611, -23.85452409], [-46.3582791, -23.8544049], [-46.35895118, -23.85388422], [-46.35912382, -23.85377433], [-46.35963852, -23.8535097], [-46.36003284, -23.85337798], [-46.3609389, -23.8531695], [-46.36217881, -23.85267991], [-46.36248858, -23.85263202], [-46.3627011, -23.85267348], [-46.36285998, -23.85275064], [-46.36351091, -23.85321448], [-46.36381654, -23.85352063], [-46.36401523, -23.85383585], [-46.36438616, -23.85465797], [-46.36450228, -23.85515183], [-46.36474302, -23.85563735], [-46.36486335, -23.85578258], [-46.36499483, -23.85586721], [-46.36516759, -23.85586207], [-46.36569133, -23.85561811], [-46.36587136, -23.85555691], [-46.36660786, -23.8554709], [-46.36683223, -23.85542466], [-46.36723526, -23.85518719], [-46.36756285, -23.85487182], [-46.367801, -23.85454821], [-46.36806721, -23.85399858], [-46.36823916, -23.85354281], [-46.36834969, -23.8530352], [-46.36844531, -23.85241665], [-46.36843588, -23.85207989], [-46.36837655, -23.85175983], [-46.36838887, -23.85143642], [-46.36847384, -23.85111327], [-46.3687678, -23.85058868], [-46.36892029, -23.85024416], [-46.36896859, -23.85007485], [-46.36898199, -23.84938749], [-46.3689315, -23.84906735], [-46.36872222, -23.84867999], [-46.36832122, -23.84817331], [-46.36822627, -23.84801431], [-46.36817541, -23.84784589], [-46.3681294, -23.84701637], [-46.36798197, -23.84653454], [-46.36795559, -23.84626566], [-46.36805547, -23.84605345], [-46.36827286, -23.8458113], [-46.36834418, -23.84568424], [-46.36834328, -23.84559846], [-46.36827663, -23.84542295], [-46.36815878, -23.84523254], [-46.36801183, -23.84507581], [-46.36790706, -23.84491599], [-46.36767398, -23.84441144], [-46.36757615, -23.84425788], [-46.36746195, -23.84413427], [-46.36711992, -23.84391244], [-46.36644101, -23.84358613], [-46.36608244, -23.84328498], [-46.36582374, -23.84295765], [-46.36569273, -23.84263551], [-46.36560137, -23.8421613], [-46.36563462, -23.84168057], [-46.3657807, -23.84128554], [-46.36582822, -23.84123003], [-46.36584966, -23.84102755], [-46.36582654, -23.84088236], [-46.36557468, -23.84064437], [-46.36515398, -23.84059753], [-46.36507314, -23.84056573], [-46.36498994, -23.84049513], [-46.36497269, -23.84025416], [-46.36515003, -23.8398453], [-46.36515416, -23.83958337], [-46.36511412, -23.83941576], [-46.36503373, -23.83923947], [-46.364772, -23.83890313], [-46.36461251, -23.83876637], [-46.36442487, -23.83866147], [-46.36410953, -23.83854867], [-46.36376488, -23.83826274], [-46.36359713, -23.83818114], [-46.36327624, -23.8381018], [-46.36312716, -23.83802184], [-46.36306422, -23.83782372], [-46.36308706, -23.8378488], [-46.36311742, -23.83784131], [-46.36313953, -23.83779596], [-46.36333136, -23.83773918], [-46.36341104, -23.83766081], [-46.36342104, -23.83749004], [-46.36317788, -23.83733325], [-46.36264985, -23.83706609], [-46.36211133, -23.83645225], [-46.36194437, -23.83635258], [-46.361603, -23.83628515], [-46.36152671, -23.83631292], [-46.36142166, -23.83631295], [-46.36123721, -23.83622969], [-46.36117669, -23.83616971], [-46.3611898, -23.83592035], [-46.36126572, -23.83557561], [-46.36125703, -23.83540139], [-46.36121486, -23.83521753], [-46.36109775, -23.83509665], [-46.36080116, -23.83489879], [-46.36054141, -23.83484329], [-46.35989609, -23.83481376], [-46.35976201, -23.83475986], [-46.35973062, -23.8345732], [-46.35983672, -23.83429773], [-46.35983588, -23.83421736], [-46.35972466, -23.8340016], [-46.3596743, -23.83397405], [-46.35964373, -23.83386686], [-46.35966077, -23.8338062], [-46.35973051, -23.83371528], [-46.35979885, -23.83367945], [-46.36036472, -23.83362298], [-46.36055625, -23.83353731], [-46.36059494, -23.83348188], [-46.36058603, -23.83338081], [-46.36052148, -23.83321612], [-46.36000876, -23.83272034], [-46.35981885, -23.83248992], [-46.35986558, -23.83226374], [-46.36023013, -23.83182524], [-46.36031534, -23.83161769], [-46.3603407, -23.83160211], [-46.36036141, -23.83151704], [-46.36032723, -23.83134575], [-46.36024581, -23.83125797], [-46.35999672, -23.83118883], [-46.35959928, -23.83129799], [-46.35941954, -23.83138447], [-46.35916029, -23.83147074], [-46.35900496, -23.83144953], [-46.35882508, -23.83133372], [-46.35881248, -23.83125526], [-46.35919665, -23.83062695], [-46.35924306, -23.83046398], [-46.35923781, -23.82996011], [-46.3591546, -23.82960594], [-46.35908823, -23.8294548], [-46.35880258, -23.82917466], [-46.35831311, -23.8288358], [-46.35813486, -23.82868746], [-46.35796793, -23.82849477], [-46.35792453, -23.82838046], [-46.35790622, -23.82822439], [-46.35794988, -23.82789258], [-46.35793331, -23.82771482], [-46.35786097, -23.82755561], [-46.35770694, -23.82737635], [-46.35767078, -23.8272972], [-46.35745266, -23.82718533], [-46.35727051, -23.82713365], [-46.35638678, -23.82701861], [-46.35618677, -23.82694813], [-46.35609837, -23.82684957], [-46.35615717, -23.82665037], [-46.35627427, -23.82648859], [-46.35643394, -23.82617292], [-46.35647057, -23.82601365], [-46.35647181, -23.82566054], [-46.35639679, -23.8253379], [-46.3562229, -23.82485267], [-46.35614574, -23.82470163], [-46.35601446, -23.82453752], [-46.35560101, -23.8241438], [-46.35511869, -23.82382835], [-46.35502578, -23.82367294], [-46.35498488, -23.82351616], [-46.35496321, -23.82303591], [-46.35488964, -23.82285233], [-46.35479606, -23.82272672], [-46.35464462, -23.82260614], [-46.35447787, -23.82252452], [-46.35422998, -23.82247522], [-46.35368581, -23.82263172], [-46.35353042, -23.82260418], [-46.35343418, -23.82250569], [-46.35341579, -23.82234149], [-46.35361293, -23.82194692], [-46.35362105, -23.82178339], [-46.3535144, -23.82162719], [-46.35333568, -23.82152671], [-46.35314459, -23.82146427], [-46.35301075, -23.82133721], [-46.35299203, -23.82123623], [-46.35313084, -23.82099028], [-46.3532946, -23.82078384], [-46.35329349, -23.82067729], [-46.35321864, -23.82046391], [-46.35302635, -23.82019106], [-46.35298556, -23.8199494], [-46.35304387, -23.81960842], [-46.3530962, -23.81944812], [-46.35338831, -23.81884049], [-46.35339172, -23.81860114], [-46.353323, -23.8184112], [-46.35320265, -23.81825963], [-46.35304461, -23.81816529], [-46.35255205, -23.81799622], [-46.3523694, -23.81780005], [-46.35233017, -23.81770828], [-46.35235814, -23.81747053], [-46.3525074, -23.81709715], [-46.35253326, -23.81684586], [-46.35251655, -23.81665456], [-46.3523793, -23.81629182], [-46.35218967, -23.81599005], [-46.35174537, -23.81555234], [-46.3514308, -23.81531849], [-46.35107668, -23.81515091], [-46.35062209, -23.81504562], [-46.35020298, -23.81514321], [-46.34996158, -23.81515074], [-46.34988893, -23.81505475], [-46.34986376, -23.81489873], [-46.34988494, -23.81476309], [-46.35004351, -23.81453051], [-46.35036223, -23.81421706], [-46.35045814, -23.81399948], [-46.35054604, -23.81367179], [-46.35053583, -23.81344431], [-46.35048766, -23.81334268], [-46.3502623, -23.81319203], [-46.35002176, -23.81318691], [-46.34989093, -23.81325489], [-46.34968844, -23.81341741], [-46.34937382, -23.81374708], [-46.3492049, -23.81383344], [-46.349085, -23.81381914], [-46.34900473, -23.81374579], [-46.34900221, -23.81350198], [-46.34907866, -23.81330083], [-46.34906122, -23.81313301], [-46.34861804, -23.81270611], [-46.34867289, -23.81259907], [-46.3488837, -23.81248253], [-46.34921951, -23.81239832], [-46.34954026, -23.81228172], [-46.34959256, -23.81221354], [-46.34966665, -23.81216412], [-46.3498854, -23.81186509], [-46.34988397, -23.81163211], [-46.34986027, -23.81152395], [-46.34978908, -23.81137827], [-46.34964188, -23.81119262], [-46.3488623, -23.81041105], [-46.34874306, -23.81008066], [-46.34861738, -23.80998152], [-46.34800692, -23.80970329], [-46.34790868, -23.80959939], [-46.34782866, -23.80945469], [-46.34770868, -23.80914779], [-46.34763423, -23.80906626], [-46.34738606, -23.80898715], [-46.34706458, -23.80893758], [-46.34694714, -23.80887629], [-46.34688324, -23.80877119], [-46.34689007, -23.80867179], [-46.3469729, -23.80851845], [-46.34740153, -23.80820404], [-46.34750582, -23.80794214], [-46.3475569, -23.80766084], [-46.34755304, -23.80719127], [-46.34751893, -23.8070254], [-46.34738327, -23.80671953], [-46.34709616, -23.80648092], [-46.34692017, -23.80645175], [-46.34674562, -23.80646772], [-46.34658163, -23.80655585], [-46.34625738, -23.80690276], [-46.34611279, -23.80696904], [-46.34601571, -23.80697711], [-46.34592698, -23.80693905], [-46.34553741, -23.80647285], [-46.34525681, -23.80619895], [-46.3451958, -23.80618323], [-46.34516993, -23.80614914], [-46.34494165, -23.80609514], [-46.34463108, -23.8060554], [-46.34449307, -23.80590218], [-46.3443839, -23.80549945], [-46.34428983, -23.80541899], [-46.34416891, -23.80540018], [-46.34400111, -23.80549917], [-46.34372956, -23.80572279], [-46.34363948, -23.80574435], [-46.3434666, -23.80573141], [-46.34340556, -23.80561815], [-46.34345721, -23.80520047], [-46.34339879, -23.80505559], [-46.34326048, -23.80496829], [-46.34273148, -23.80506772], [-46.34242815, -23.80506313], [-46.34223405, -23.80499167], [-46.34209578, -23.80490799], [-46.34172366, -23.80460959], [-46.34154512, -23.80452355], [-46.3411996, -23.80442541], [-46.340827, -23.80436633], [-46.34073606, -23.80430391], [-46.340728, -23.80418838], [-46.34093176, -23.80395813], [-46.34099724, -23.80373992], [-46.34098786, -23.80359099], [-46.34092554, -23.80344794], [-46.3408239, -23.80329982], [-46.34056211, -23.80303929], [-46.34045839, -23.80287944], [-46.34040396, -23.80273994], [-46.34041082, -23.80264325], [-46.34048273, -23.80257309], [-46.34056687, -23.80254707], [-46.34066116, -23.80255347], [-46.34095489, -23.80267464], [-46.34148901, -23.80317031], [-46.34182081, -23.80327038], [-46.34199082, -23.80329057], [-46.34233479, -23.80323791], [-46.34252224, -23.80323628], [-46.34266191, -23.80326486], [-46.3427097, -23.80333128], [-46.34270942, -23.80349474], [-46.34244034, -23.80395765], [-46.3424524, -23.80408127], [-46.34253429, -23.8041221], [-46.34278664, -23.80403592], [-46.34298673, -23.80392761], [-46.34367396, -23.80346737], [-46.34402403, -23.8033397], [-46.34419457, -23.80331654], [-46.34470739, -23.80336174], [-46.34486517, -23.80333869], [-46.3451147, -23.80326517], [-46.34521545, -23.8033266], [-46.34559167, -23.80373694], [-46.34571627, -23.80382796], [-46.3459649, -23.80395223], [-46.34629054, -23.80431152], [-46.34670505, -23.80462759], [-46.34703725, -23.80476648], [-46.34719059, -23.80478772], [-46.34763762, -23.80464022], [-46.34785398, -23.80468078], [-46.34784532, -23.80469801], [-46.34793534, -23.80486068], [-46.34796059, -23.8053102], [-46.3480536, -23.80547826], [-46.34815473, -23.80557581], [-46.34830078, -23.8056522], [-46.34865002, -23.80572952], [-46.34882962, -23.80572795], [-46.3496222, -23.80558465], [-46.34971354, -23.80559108], [-46.34978949, -23.80562654], [-46.34983767, -23.80572997], [-46.34983986, -23.80584645], [-46.34963386, -23.80642803], [-46.34961977, -23.80658439], [-46.34965805, -23.80686943], [-46.34986799, -23.80714393], [-46.35032987, -23.80748216], [-46.35078081, -23.80799658], [-46.35108515, -23.80819259], [-46.35137317, -23.80842397], [-46.35164312, -23.80871059], [-46.35205933, -23.8092822], [-46.35228583, -23.80944909], [-46.35242365, -23.80958244], [-46.35253024, -23.80973323], [-46.35258888, -23.80989888], [-46.35275506, -23.81077973], [-46.3529164, -23.81109891], [-46.35317507, -23.81143349], [-46.35355316, -23.81164059], [-46.35389261, -23.81171889], [-46.35405175, -23.81173104], [-46.35458396, -23.8115602], [-46.35502055, -23.81154101], [-46.35559568, -23.81125058], [-46.35579929, -23.81110249], [-46.35597914, -23.81093474], [-46.35616999, -23.81059802], [-46.35637771, -23.80990082], [-46.35665622, -23.80959313], [-46.35684932, -23.80928439], [-46.35694711, -23.80896655], [-46.35694174, -23.80835521], [-46.35700217, -23.80821921], [-46.35707021, -23.8081554], [-46.35752852, -23.80814866], [-46.35776461, -23.80801021], [-46.35788598, -23.80788271], [-46.35805767, -23.80778096], [-46.35821523, -23.80773623], [-46.35837332, -23.80774206], [-46.35871961, -23.80781758], [-46.35889922, -23.80781599], [-46.35925112, -23.80777135], [-46.35942515, -23.80779962], [-46.35991767, -23.80796777], [-46.36010308, -23.807958], [-46.36035951, -23.80788801], [-46.36041384, -23.80782703], [-46.36048719, -23.80780109], [-46.36071345, -23.80756701], [-46.36087675, -23.80731993], [-46.36110451, -23.8071355], [-46.36128737, -23.80706976], [-46.36143062, -23.80697006], [-46.36149567, -23.80680784], [-46.36149626, -23.80667598], [-46.36144446, -23.80641545], [-46.36141103, -23.80603284], [-46.36148977, -23.8059599], [-46.36189908, -23.8059608], [-46.36202254, -23.8057529], [-46.36203851, -23.80559021], [-46.36209108, -23.80545428], [-46.36215784, -23.80536158], [-46.36224121, -23.80535633], [-46.36238887, -23.80539747], [-46.36265538, -23.80554141], [-46.36271908, -23.80553182], [-46.36283777, -23.80543053], [-46.36298513, -23.80534976], [-46.36327148, -23.80532555], [-46.36334232, -23.80534118], [-46.36340385, -23.80540656], [-46.36340549, -23.80556368], [-46.36314982, -23.80627035], [-46.36307377, -23.8064128], [-46.3628082, -23.80673574], [-46.36269551, -23.80694173], [-46.36269134, -23.80701221], [-46.36266331, -23.807054], [-46.36264933, -23.80721849], [-46.36274585, -23.80753281], [-46.36272391, -23.80768743], [-46.36262066, -23.8077633], [-46.36234198, -23.80777118], [-46.36198128, -23.80772559], [-46.36181323, -23.80779932], [-46.36161081, -23.8080603], [-46.3615677, -23.80816182], [-46.36129367, -23.80842704], [-46.36106149, -23.80856455], [-46.36075956, -23.80869545], [-46.36039604, -23.80875645], [-46.35983987, -23.80879116], [-46.35947967, -23.80898217], [-46.3593046, -23.80904242], [-46.35877945, -23.80904072], [-46.35840356, -23.80913886], [-46.35813326, -23.80938597], [-46.35777884, -23.80985057], [-46.35765491, -23.81020296], [-46.35748893, -23.81085463], [-46.35730544, -23.81133308], [-46.35706773, -23.81169369], [-46.3567586, -23.81198359], [-46.35625151, -23.81230413], [-46.35610144, -23.81250322], [-46.35603624, -23.81255798], [-46.35603396, -23.81262212], [-46.35600382, -23.81264948], [-46.35602175, -23.81286335], [-46.35611163, -23.81301157], [-46.3563544, -23.81323159], [-46.35687003, -23.81363795], [-46.35718193, -23.81399193], [-46.35734142, -23.81432105], [-46.35743377, -23.81480068], [-46.35746573, -23.81485368], [-46.35751622, -23.81508352], [-46.35766037, -23.81525835], [-46.35793754, -23.81548168], [-46.35845838, -23.81572724], [-46.35878562, -23.81595103], [-46.35895711, -23.81611208], [-46.35929269, -23.81657149], [-46.35949167, -23.81692013], [-46.35966257, -23.81711911], [-46.36000831, -23.81742221], [-46.36034603, -23.81761429], [-46.36058134, -23.81768175], [-46.36088561, -23.81786781], [-46.36117023, -23.81814525], [-46.36145852, -23.8184922], [-46.36172393, -23.81890437], [-46.36188349, -23.81905016], [-46.36207434, -23.81918394], [-46.36225664, -23.81925096], [-46.36245958, -23.81922659], [-46.36259499, -23.81912696], [-46.36262793, -23.8189912], [-46.36262372, -23.81887023], [-46.3624208, -23.81814504], [-46.36238923, -23.81794123], [-46.36240811, -23.81777489], [-46.36251682, -23.81756352], [-46.3626681, -23.81738608], [-46.36268119, -23.81722973], [-46.36263935, -23.81688874], [-46.36267593, -23.81681978], [-46.36277874, -23.81679539], [-46.36294294, -23.81682103], [-46.36325137, -23.8169348], [-46.36354912, -23.81687167], [-46.36367113, -23.81661772], [-46.36361254, -23.81617754], [-46.36352089, -23.81595529], [-46.3631219, -23.81544045], [-46.36310277, -23.8151128], [-46.36315688, -23.81503014], [-46.36327533, -23.8149993], [-46.36346498, -23.81501929], [-46.36402816, -23.81518229], [-46.36421078, -23.81518699], [-46.36443669, -23.81510642], [-46.36471373, -23.81494142], [-46.36487294, -23.81477204], [-46.36506012, -23.81464847], [-46.36540361, -23.8145488], [-46.3656718, -23.81438206], [-46.36579952, -23.81420483], [-46.36589672, -23.81401974], [-46.36598584, -23.81390607], [-46.36614348, -23.81386855], [-46.36622435, -23.81390486], [-46.3663844, -23.81419152], [-46.36647259, -23.81427021], [-46.3665882, -23.81425022], [-46.36672331, -23.81412259], [-46.3668575, -23.81409521], [-46.36704722, -23.81412153], [-46.36714236, -23.81420828], [-46.36712869, -23.81430865], [-46.36690864, -23.81466731], [-46.36679547, -23.81501419], [-46.36661492, -23.81577077], [-46.36662499, -23.81588898], [-46.36670542, -23.81606979], [-46.36675901, -23.8161262], [-46.36702694, -23.81612112], [-46.36718986, -23.81602576], [-46.36747824, -23.81572428], [-46.36765159, -23.8155936], [-46.36778108, -23.81558523], [-46.36791508, -23.81563371], [-46.36799059, -23.81581366], [-46.36795383, -23.81605239], [-46.36781753, -23.81644102], [-46.36784196, -23.81661781], [-46.36789873, -23.81678979], [-46.36789962, -23.81696859], [-46.36779367, -23.81716189], [-46.36754738, -23.81735824], [-46.36741467, -23.81752648], [-46.36723866, -23.81787302], [-46.36720119, -23.81804403], [-46.36728528, -23.8185743], [-46.36738377, -23.81888679], [-46.36755939, -23.81906585], [-46.36849158, -23.819594], [-46.36867577, -23.81965378], [-46.36887524, -23.81967278], [-46.36895999, -23.81961062], [-46.36909669, -23.81944775], [-46.36917533, -23.81927095], [-46.369328, -23.81904022], [-46.36944937, -23.81900663], [-46.36953093, -23.81901493], [-46.36968926, -23.81913635], [-46.36980948, -23.81936737], [-46.36994761, -23.81952779], [-46.37010311, -23.81965916], [-46.37055434, -23.81990982], [-46.37090983, -23.82029679], [-46.37106596, -23.82030172], [-46.37122255, -23.82016306], [-46.37143292, -23.81981892], [-46.37155552, -23.81971579], [-46.37172639, -23.81972149], [-46.3717856, -23.81975167], [-46.37217727, -23.82012477], [-46.37246554, -23.82018722], [-46.3725366, -23.8201306], [-46.37268714, -23.82007056], [-46.37317913, -23.81962277], [-46.37328655, -23.81956943], [-46.37338478, -23.81957578], [-46.37349926, -23.81972738], [-46.37350113, -23.81990437], [-46.37343409, -23.82015692], [-46.37344445, -23.82030222], [-46.37356543, -23.82041855], [-46.37391995, -23.82061858], [-46.37404329, -23.82077281], [-46.37421152, -23.82090135], [-46.37457122, -23.82103451], [-46.37475508, -23.82106267], [-46.37496053, -23.82118276], [-46.37509233, -23.8213938], [-46.37532012, -23.82158503], [-46.37531544, -23.82188579], [-46.375421, -23.82202934], [-46.37564347, -23.82218088], [-46.37571027, -23.82227872], [-46.37568886, -23.8224821], [-46.3756361, -23.82269209], [-46.3756374, -23.8228158], [-46.37576838, -23.82313432], [-46.37588468, -23.82317843], [-46.3760359, -23.8231834], [-46.37622921, -23.82308324], [-46.37652828, -23.82267961], [-46.37678917, -23.82247138], [-46.3769626, -23.82244093], [-46.3771112, -23.82247663], [-46.37714615, -23.82253231], [-46.37715479, -23.8227002], [-46.37708773, -23.82304307], [-46.37713271, -23.82321244], [-46.3773436, -23.82338305], [-46.37743261, -23.82353848], [-46.37741986, -23.82381855], [-46.37734304, -23.82398089], [-46.377346, -23.82426081], [-46.37745665, -23.82442057], [-46.37757813, -23.82448992], [-46.37818006, -23.82459924], [-46.37874548, -23.82487684], [-46.37887407, -23.82487569], [-46.37924984, -23.82476396], [-46.37943928, -23.82476227], [-46.37957915, -23.82480707], [-46.37962178, -23.82484642], [-46.3796082, -23.82495491], [-46.37937446, -23.82540854], [-46.37938599, -23.82557099], [-46.37945789, -23.82568594], [-46.37961128, -23.82580287], [-46.37972273, -23.82585245], [-46.38000867, -23.82587788], [-46.38044289, -23.8258153], [-46.3807622, -23.82584133], [-46.38094639, -23.82589929], [-46.38129221, -23.82611022], [-46.38169131, -23.82643987], [-46.38183534, -23.82659933], [-46.38218322, -23.82691138], [-46.38242344, -23.82720843], [-46.38247457, -23.82735579], [-46.38263316, -23.82759188], [-46.38278473, -23.82772146], [-46.38300416, -23.82786218], [-46.38316085, -23.82801158], [-46.38330841, -23.82831821], [-46.38349916, -23.82853233], [-46.38368146, -23.82859662], [-46.38386607, -23.82860219], [-46.38404436, -23.82856627], [-46.38427877, -23.82845399], [-46.38444913, -23.8283188], [-46.38463255, -23.8282115], [-46.3850179, -23.8281692], [-46.38557686, -23.82801969], [-46.38596293, -23.82804512], [-46.38633505, -23.82814291], [-46.38653619, -23.82813388], [-46.387115, -23.82800495], [-46.38729162, -23.82799704], [-46.38765679, -23.82808767], [-46.38784703, -23.8280688], [-46.38814078, -23.82799752], [-46.38823835, -23.82803367], [-46.38828218, -23.82809378], [-46.38829787, -23.82818395], [-46.38829282, -23.82835558], [-46.38824452, -23.82852127], [-46.3879549, -23.82888782], [-46.38754022, -23.82921937], [-46.38739763, -23.82938049], [-46.38727684, -23.82956129], [-46.38722335, -23.82970084], [-46.38722419, -23.82978031], [-46.38727088, -23.82992348], [-46.38746194, -23.83007347], [-46.38776521, -23.83025136], [-46.38794951, -23.83031923], [-46.38814289, -23.83031749], [-46.38830535, -23.83027087], [-46.38834455, -23.83017209], [-46.38834079, -23.82991113], [-46.38830901, -23.8298762], [-46.38830535, -23.82953307], [-46.38835387, -23.82947935], [-46.38841752, -23.82946433], [-46.38851978, -23.82947966], [-46.38873803, -23.82969353], [-46.38887152, -23.82978444], [-46.38893543, -23.82979379], [-46.38899324, -23.82978334], [-46.38913197, -23.82971978], [-46.38942929, -23.82952294], [-46.38953685, -23.82948314], [-46.38960566, -23.82949155], [-46.38967565, -23.82951891], [-46.38971457, -23.82957907], [-46.38973564, -23.82980555], [-46.38979863, -23.83009667], [-46.38987978, -23.83025036], [-46.38998184, -23.83033885], [-46.39023194, -23.83040884], [-46.39077668, -23.83049152], [-46.39158771, -23.83087342], [-46.39182437, -23.83087941], [-46.39200528, -23.83081366], [-46.39238571, -23.83058536], [-46.39248364, -23.83056371], [-46.39257313, -23.83057735], [-46.39267649, -23.83078773], [-46.3927686, -23.83114], [-46.39291558, -23.83148184], [-46.39309096, -23.83163287], [-46.39320641, -23.83168872], [-46.39343705, -23.83168302], [-46.39363191, -23.83163611], [-46.39400061, -23.83150454], [-46.394577, -23.83124104], [-46.39520882, -23.8310204], [-46.39538122, -23.83089331], [-46.39550196, -23.83089222], [-46.39554641, -23.830918], [-46.39563337, -23.83106261], [-46.39557169, -23.83126184], [-46.39540493, -23.83145751], [-46.39484426, -23.8319972], [-46.39473521, -23.83217339], [-46.39464289, -23.83244514], [-46.39473726, -23.83282448], [-46.39495604, -23.83308619], [-46.39545229, -23.83359013], [-46.3955848, -23.83377135], [-46.39560733, -23.83385874], [-46.3956048, -23.83408092], [-46.39555872, -23.83436129], [-46.39557815, -23.83443426], [-46.39573403, -23.83459721], [-46.39573481, -23.83467035], [-46.39564291, -23.83498184], [-46.39565501, -23.83519485], [-46.39572837, -23.83535313], [-46.39587591, -23.83547099], [-46.39604481, -23.83556609], [-46.39614134, -23.83559592], [-46.39640222, -23.83557189], [-46.39661471, -23.83542908], [-46.39697451, -23.83510794], [-46.39716288, -23.83500509], [-46.39735457, -23.83493652], [-46.39830316, -23.8347753], [-46.39869174, -23.83475823], [-46.39906734, -23.83499504], [-46.39895709, -23.83515046], [-46.39880262, -23.83530268], [-46.39810668, -23.83567835], [-46.39799677, -23.83577416], [-46.39790876, -23.83598989], [-46.39781317, -23.83659762], [-46.39775427, -23.83668936], [-46.39774989, -23.83673907], [-46.39766146, -23.83682296], [-46.39765107, -23.83686188], [-46.39745307, -23.83698198], [-46.39691161, -23.83720904], [-46.39676551, -23.83731783], [-46.39668792, -23.83740613], [-46.39656757, -23.83762757], [-46.39657626, -23.83779727], [-46.39662528, -23.83788262], [-46.39686199, -23.83798433], [-46.3972087, -23.83808955], [-46.39741615, -23.83820958], [-46.39766371, -23.83849903], [-46.39793925, -23.83892549], [-46.39802302, -23.83922996], [-46.39802484, -23.83939972], [-46.39795749, -23.83971099], [-46.39782514, -23.83991177], [-46.39773821, -23.84013652], [-46.39780368, -23.84019914], [-46.39796329, -23.84025187], [-46.39831697, -23.84027395], [-46.39860953, -23.84036521], [-46.39884075, -23.84050309], [-46.39938291, -23.8408901], [-46.39968854, -23.84100923], [-46.39994757, -23.84108545], [-46.40012141, -23.8411832], [-46.40025432, -23.84130933], [-46.40041505, -23.84155711], [-46.400421, -23.84211064], [-46.40045126, -23.84227743], [-46.40057737, -23.84240994], [-46.40072717, -23.84246276], [-46.40081756, -23.84246826], [-46.4011789, -23.84228978], [-46.40142221, -23.84227402], [-46.40156086, -23.84229443], [-46.40166944, -23.84234853], [-46.40194772, -23.84266298], [-46.40207309, -23.84272595], [-46.40224685, -23.84272437], [-46.40233577, -23.84268563], [-46.40243865, -23.84257452], [-46.4026314, -23.84223954], [-46.40272941, -23.84213299], [-46.40283413, -23.84210223], [-46.40294455, -23.84214457], [-46.40308276, -23.84248919], [-46.40320012, -23.84308505], [-46.40328222, -23.84332451], [-46.4035154, -23.84355267], [-46.40365886, -23.84374552], [-46.4037172, -23.84387503], [-46.40376672, -23.84418885], [-46.40390535, -23.84448018], [-46.40403295, -23.84465963], [-46.40443044, -23.84501091], [-46.40455879, -23.84516868], [-46.40480446, -23.84564416], [-46.40491315, -23.8457994], [-46.4050104, -23.84589514], [-46.40516467, -23.84599758], [-46.40571834, -23.84617315], [-46.40582177, -23.84629592], [-46.40578118, -23.8464471], [-46.40556939, -23.84674614], [-46.40555291, -23.84685647], [-46.40570129, -23.84705018], [-46.4061106, -23.84731284], [-46.40637111, -23.8475254], [-46.40653373, -23.84785533], [-46.40656144, -23.84796706], [-46.40669198, -23.84814468], [-46.40675911, -23.84817838], [-46.40686711, -23.8481783], [-46.4071705, -23.84808793], [-46.4073738, -23.8480942], [-46.40747363, -23.8482459], [-46.40748403, -23.8483912], [-46.40738329, -23.84933582], [-46.40738504, -23.84949836], [-46.40743588, -23.84966045], [-46.4075368, -23.84982207], [-46.40762121, -23.84991071], [-46.40797369, -23.84991019], [-46.40816185, -23.84987777], [-46.40867377, -23.849641], [-46.40920509, -23.84929117], [-46.40941903, -23.84919078], [-46.40954664, -23.84918781], [-46.40970859, -23.84927392], [-46.40977287, -23.84940699], [-46.40989492, -23.85043355], [-46.41007582, -23.85099992], [-46.41023515, -23.85111586], [-46.41039632, -23.85112974], [-46.41050797, -23.85110343], [-46.41061591, -23.85091641], [-46.41067046, -23.85069466], [-46.41079606, -23.85041537], [-46.41096755, -23.85020339], [-46.41106441, -23.85017179], [-46.41118417, -23.85016979], [-46.41133856, -23.85028217], [-46.41170093, -23.85065181], [-46.41224955, -23.85099265], [-46.41256499, -23.85110716], [-46.41357415, -23.85127219], [-46.4142566, -23.85145828], [-46.41461173, -23.85152184], [-46.41490424, -23.85151374], [-46.41502166, -23.85147654], [-46.41508867, -23.85140909], [-46.41515858, -23.8512468], [-46.41515799, -23.85110142], [-46.41510729, -23.85095378], [-46.41480465, -23.85048065], [-46.41408537, -23.84925187], [-46.41396315, -23.84911753], [-46.413332, -23.84858961], [-46.41324708, -23.84845493], [-46.41328493, -23.84832364], [-46.41343297, -23.84821301], [-46.41360904, -23.8481527], [-46.41428925, -23.84804441], [-46.41453062, -23.84793924], [-46.41462192, -23.84784719], [-46.4146688, -23.84764358], [-46.41464951, -23.84749475], [-46.41460394, -23.84745724], [-46.41457566, -23.84738435], [-46.41402466, -23.84709501], [-46.4137015, -23.84671959], [-46.41354134, -23.84661811], [-46.41251477, -23.84647491], [-46.4123255, -23.8464044], [-46.41227346, -23.84631367], [-46.41227278, -23.84625046], [-46.4123261, -23.84609736], [-46.41264212, -23.84581451], [-46.41277351, -23.84561734], [-46.41289194, -23.84531102], [-46.41292447, -23.84514185], [-46.41292093, -23.84481588], [-46.4128623, -23.84456988], [-46.41258498, -23.84425635], [-46.41224337, -23.84398947], [-46.41213982, -23.84385586], [-46.41206259, -23.84370575], [-46.41193904, -23.8432671], [-46.41189488, -23.84281507], [-46.41198181, -23.84141452], [-46.41196544, -23.84126296], [-46.41188356, -23.84104517], [-46.41185084, -23.84101567], [-46.41184887, -23.84074296], [-46.41189745, -23.84069555], [-46.411927, -23.84061401], [-46.41213229, -23.84044235], [-46.41254228, -23.84022457], [-46.41269722, -23.84002718], [-46.41280295, -23.8397273], [-46.41280136, -23.83958102], [-46.4127585, -23.8394306], [-46.41247846, -23.83895545], [-46.4124125, -23.83875738], [-46.41244041, -23.83852503], [-46.41250039, -23.83844321], [-46.41257669, -23.83841722], [-46.41273888, -23.8384356], [-46.41305927, -23.83855729], [-46.41376288, -23.8389816], [-46.41430724, -23.83920598], [-46.41457375, -23.83924778], [-46.41474752, -23.83924709], [-46.41492096, -23.8392166], [-46.41526826, -23.83910414], [-46.41542019, -23.83908197], [-46.41560583, -23.8390902], [-46.41569258, -23.83912282], [-46.4158025, -23.8392094], [-46.41587329, -23.83949051], [-46.41592941, -23.83959565], [-46.41603862, -23.83970753], [-46.41638684, -23.83985966], [-46.41653726, -23.83987904], [-46.41676783, -23.83986609], [-46.41699892, -23.83971947], [-46.417166, -23.83955629], [-46.41749941, -23.8393392], [-46.41764839, -23.83931705], [-46.41782115, -23.83949427], [-46.41805267, -23.83993013], [-46.41824365, -23.84006744], [-46.41923169, -23.84055412], [-46.41988899, -23.84078015], [-46.42028883, -23.84098417], [-46.42032704, -23.8410669], [-46.42032844, -23.84119512], [-46.42029328, -23.84121264], [-46.42022357, -23.84121144], [-46.41941, -23.8409706], [-46.41896896, -23.84095028], [-46.41850647, -23.8410331], [-46.41820404, -23.84111897], [-46.4175843, -23.8413685], [-46.41714466, -23.84138609], [-46.41671398, -23.84132503], [-46.41643851, -23.84136278], [-46.41604494, -23.84146393], [-46.41544084, -23.84152637], [-46.41517013, -23.84164084], [-46.41500182, -23.84178236], [-46.4147469, -23.84208542], [-46.41462014, -23.84234666], [-46.41455253, -23.84262994], [-46.41466843, -23.8426343], [-46.41474535, -23.84275641], [-46.41481476, -23.8430005], [-46.41491469, -23.84352336], [-46.41506162, -23.8439499], [-46.41540424, -23.84429062], [-46.41630514, -23.84444558], [-46.41699226, -23.84452633], [-46.41763798, -23.8451516], [-46.41837894, -23.8458304], [-46.41856091, -23.84624228], [-46.41851986, -23.84681945], [-46.41830088, -23.84735473], [-46.41810271, -23.84762863], [-46.41811952, -23.84808556], [-46.41855669, -23.84911541], [-46.41903751, -23.84980749], [-46.41981697, -23.85075801], [-46.42067902, -23.85168599], [-46.42135213, -23.85264836], [-46.42196682, -23.85367657], [-46.42256742, -23.85449812], [-46.42279662, -23.85489867], [-46.42277604, -23.85518182], [-46.42196042, -23.85634294], [-46.42178734, -23.85674721], [-46.42187361, -23.85706201], [-46.42249164, -23.85839491], [-46.42272144, -23.85884987], [-46.42305618, -23.85916238], [-46.42346073, -23.85936541], [-46.42407209, -23.85957753], [-46.4243796, -23.85956381], [-46.42454596, -23.85962756], [-46.42459532, -23.85981212], [-46.42448068, -23.86015055], [-46.4244729, -23.86052064], [-46.42427556, -23.86087072], [-46.42405801, -23.86153659], [-46.42393904, -23.86256068], [-46.42403584, -23.86275568], [-46.42439069, -23.86274151], [-46.42520533, -23.86257073], [-46.4256191, -23.86253425], [-46.42588155, -23.86272771], [-46.4260399, -23.8631398], [-46.42655703, -23.86389681], [-46.42721437, -23.86448927], [-46.42791762, -23.86495072], [-46.42874863, -23.86519332], [-46.42924512, -23.86514518], [-46.42973898, -23.86485763], [-46.42992758, -23.86479059], [-46.43013052, -23.86495194], [-46.43041809, -23.86527576], [-46.43131939, -23.86545239], [-46.43390102, -23.86562426], [-46.43461567, -23.86481099], [-46.43473974, -23.86465123], [-46.43472248, -23.86437423], [-46.43465649, -23.86421366], [-46.43449541, -23.86405262], [-46.43389194, -23.86376354], [-46.43378433, -23.86365597], [-46.43362517, -23.86353154], [-46.43351075, -23.86335342], [-46.43349642, -23.86325512], [-46.43352466, -23.86317185], [-46.43357604, -23.86312269], [-46.43368552, -23.86309063], [-46.433807, -23.86311512], [-46.43392295, -23.86317204], [-46.43404349, -23.86318605], [-46.43433111, -23.86305009], [-46.43477659, -23.86296638], [-46.4350652, -23.86303091], [-46.43518729, -23.86311321], [-46.43526132, -23.86321545], [-46.43533183, -23.86335752], [-46.43535936, -23.86334349], [-46.43572584, -23.86294916], [-46.43590517, -23.86285037], [-46.43645789, -23.8627398], [-46.43705847, -23.86266913], [-46.43729852, -23.86255912], [-46.43744518, -23.86251912], [-46.43756735, -23.86253092], [-46.4376772, -23.86248726], [-46.43775247, -23.86242454], [-46.43778265, -23.86235183], [-46.43781275, -23.86219315], [-46.43779172, -23.86195635], [-46.43779763, -23.86159027], [-46.43773323, -23.8614784], [-46.43762513, -23.86118602], [-46.43763118, -23.86088388], [-46.43755305, -23.86078839], [-46.43734162, -23.8606083], [-46.43723047, -23.86045473], [-46.43723404, -23.86041369], [-46.43734339, -23.86033445], [-46.43748851, -23.86034927], [-46.43761081, -23.86042221], [-46.43769141, -23.86050131], [-46.43783214, -23.86054217], [-46.43795802, -23.86056926], [-46.4381132, -23.86057839], [-46.43821977, -23.86054062], [-46.43826339, -23.86047776], [-46.43832716, -23.86022564], [-46.43838221, -23.85985918], [-46.43848219, -23.85960454], [-46.43860491, -23.8595591], [-46.43877804, -23.85958382], [-46.43890924, -23.85952326], [-46.43912926, -23.85933211], [-46.43920384, -23.85924457], [-46.43931646, -23.85918154], [-46.43935641, -23.85917793], [-46.43945536, -23.85923858], [-46.43956107, -23.85933766], [-46.43964464, -23.85944538], [-46.43973756, -23.85950827], [-46.44003867, -23.85956145], [-46.4402611, -23.85967243], [-46.4403397, -23.85966137], [-46.44056337, -23.85948975], [-46.44108722, -23.85920147], [-46.44115743, -23.8591064], [-46.44118877, -23.85901077], [-46.44130909, -23.85890722], [-46.44159721, -23.85882195], [-46.44189099, -23.85878896], [-46.44202965, -23.85879374], [-46.44224962, -23.85873015], [-46.44234499, -23.85865301], [-46.4423727, -23.85854893], [-46.44251181, -23.8582774], [-46.442674, -23.85810588], [-46.44310237, -23.85785527], [-46.44326609, -23.85768845], [-46.44342458, -23.85767288], [-46.44368943, -23.85776276], [-46.44376492, -23.85775395], [-46.44397531, -23.85761979], [-46.4441418, -23.85746804], [-46.44426007, -23.85740971], [-46.44440401, -23.85742714], [-46.4447582, -23.85756347], [-46.44504296, -23.85754921], [-46.44549215, -23.85759844], [-46.44558256, -23.85756336], [-46.44565798, -23.85749645], [-46.44576391, -23.85747914], [-46.44587945, -23.85752064], [-46.44605045, -23.85764632], [-46.44647712, -23.85825632], [-46.44647997, -23.85833709], [-46.44658883, -23.85826536], [-46.44662584, -23.8582138], [-46.44664841, -23.85809193], [-46.44663674, -23.85768954], [-46.44664682, -23.85725827], [-46.4466642, -23.85717614], [-46.44670201, -23.85715255], [-46.44685801, -23.85713967], [-46.44703078, -23.85721904], [-46.44729778, -23.85747102], [-46.4473491, -23.85761607], [-46.44752645, -23.85781954], [-46.44764165, -23.85788866], [-46.44776047, -23.85793078], [-46.44807462, -23.85792748], [-46.44837065, -23.85786527], [-46.44849803, -23.85785632], [-46.44876741, -23.85774122], [-46.44893206, -23.8577143], [-46.44913241, -23.85787252], [-46.44926826, -23.8580504], [-46.44934196, -23.85801302], [-46.449564, -23.85780942], [-46.44968587, -23.85773616], [-46.45006199, -23.85761514], [-46.45024224, -23.85750634], [-46.45065727, -23.85731248], [-46.45090818, -23.85732851], [-46.45109888, -23.85747102], [-46.45123616, -23.85772385], [-46.45129975, -23.85781181], [-46.45129318, -23.85795511], [-46.45124836, -23.85811711], [-46.45103961, -23.85841623], [-46.45100898, -23.85852562], [-46.45103422, -23.85873069], [-46.45106887, -23.8588504], [-46.45112406, -23.85896078], [-46.4512215, -23.85906211], [-46.45141287, -23.85932217], [-46.45154445, -23.85942681], [-46.45185988, -23.85963462], [-46.45195982, -23.8598009], [-46.45198863, -23.86013666], [-46.45207109, -23.86024709], [-46.45215704, -23.86031558], [-46.45227569, -23.8603048], [-46.45265337, -23.86018252], [-46.45312356, -23.86007228], [-46.45331026, -23.86012251], [-46.45340322, -23.8602808], [-46.45342394, -23.86058821], [-46.45323001, -23.86090469], [-46.45315224, -23.86124221], [-46.45306238, -23.86150223], [-46.45296424, -23.86166854], [-46.45264715, -23.86204606], [-46.45236119, -23.86226147], [-46.45230626, -23.86234185], [-46.45231055, -23.86238475], [-46.45240241, -23.86242627], [-46.4527947, -23.86252578], [-46.45302756, -23.86264745], [-46.45307487, -23.86274662], [-46.45308154, -23.86285829], [-46.45298444, -23.86311468], [-46.45305669, -23.8629973], [-46.4534098, -23.86275682], [-46.45347331, -23.86265051], [-46.45346246, -23.8625794], [-46.45338, -23.8624819], [-46.45337017, -23.86234993], [-46.45338512, -23.86231509], [-46.45348495, -23.86222655], [-46.45365933, -23.86220084], [-46.45378311, -23.86220216], [-46.45388531, -23.86216329], [-46.45399877, -23.86207878], [-46.45443801, -23.86188882], [-46.45462252, -23.86169929], [-46.45484967, -23.86151956], [-46.45492874, -23.86141512], [-46.45496838, -23.86126876], [-46.45496679, -23.86110375], [-46.45490713, -23.86063123], [-46.45491181, -23.86051388], [-46.45500806, -23.86040187], [-46.45506371, -23.860391], [-46.45519466, -23.86049521], [-46.45528602, -23.86061756], [-46.45540838, -23.86074152], [-46.45549838, -23.86088486], [-46.45548785, -23.86112512], [-46.45541503, -23.86151882], [-46.45528492, -23.86166169], [-46.45515513, -23.86173686], [-46.45507394, -23.86186234], [-46.45499162, -23.86217996], [-46.45499162, -23.862334], [-46.45504478, -23.86257798], [-46.45502945, -23.86270155], [-46.4545409, -23.8630707], [-46.45442919, -23.86317926], [-46.4543669, -23.86328356], [-46.45436987, -23.86340837], [-46.45439754, -23.86356788], [-46.45449163, -23.86400833], [-46.45453561, -23.86411147], [-46.45459426, -23.86418032], [-46.45478126, -23.86419116], [-46.45494518, -23.8640513], [-46.45534676, -23.86360681], [-46.45544199, -23.86353542], [-46.45584091, -23.86350582], [-46.456031, -23.86346464], [-46.45616451, -23.86340514], [-46.45624606, -23.86325768], [-46.45634939, -23.86312602], [-46.45675376, -23.86286697], [-46.45686582, -23.86277859], [-46.45703074, -23.86253783], [-46.45704738, -23.86242758], [-46.4572131, -23.86239258], [-46.45744089, -23.86242121], [-46.45760867, -23.86252363], [-46.45765632, -23.86262536], [-46.4576866, -23.86275564], [-46.45763348, -23.86292807], [-46.4576592, -23.8630181], [-46.45789281, -23.86316482], [-46.45819323, -23.86340719], [-46.45835605, -23.86381144], [-46.45838993, -23.86394244], [-46.45837237, -23.86397541], [-46.45819904, -23.86410874], [-46.45806284, -23.8641341], [-46.45797846, -23.86418098], [-46.45794586, -23.86424118], [-46.45793151, -23.86434445], [-46.4578227, -23.86443028], [-46.45766974, -23.86445093], [-46.4575014, -23.86445259], [-46.45735109, -23.86443151], [-46.45729568, -23.86443997], [-46.45728431, -23.86450817], [-46.45735001, -23.86478146], [-46.45748167, -23.86511267], [-46.45762478, -23.86536303], [-46.45755809, -23.86548434], [-46.4573976, -23.86557323], [-46.45722823, -23.86562969], [-46.45718716, -23.86566859], [-46.45718976, -23.86575955], [-46.45734068, -23.86612289], [-46.45741164, -23.86637691], [-46.45745618, -23.86645068], [-46.4575041, -23.8664792], [-46.45770602, -23.86646806], [-46.45795672, -23.86640841], [-46.45844898, -23.86634252], [-46.45922466, -23.86640944], [-46.45939799, -23.86643278], [-46.45956392, -23.86648029], [-46.45991115, -23.86646258], [-46.46006079, -23.86643481], [-46.46018068, -23.86636609], [-46.46025623, -23.86625943], [-46.46031225, -23.86610834], [-46.46049221, -23.86583914], [-46.46056102, -23.86539885], [-46.46064663, -23.8652384], [-46.46089706, -23.86507127], [-46.46106416, -23.86506742], [-46.46128982, -23.86497702], [-46.46146234, -23.86498709], [-46.46176422, -23.86497397], [-46.46191094, -23.86501176], [-46.46204207, -23.86500167], [-46.46214397, -23.86494535], [-46.46217112, -23.86487625], [-46.46216104, -23.86473546], [-46.46219666, -23.8645858], [-46.46247329, -23.86423113], [-46.46253795, -23.86409865], [-46.46260864, -23.86386851], [-46.46269896, -23.86372896], [-46.46306808, -23.86336522], [-46.46321794, -23.86325059], [-46.46345142, -23.86302855], [-46.46363228, -23.86293865], [-46.46382685, -23.86279875], [-46.46408587, -23.86226721], [-46.46409846, -23.86197232], [-46.46408191, -23.86174885], [-46.46410424, -23.86161188], [-46.46417341, -23.86151156], [-46.46444749, -23.86124916], [-46.46463242, -23.86115284], [-46.46482276, -23.86090698], [-46.46507105, -23.86043404], [-46.46542678, -23.85966096], [-46.46554982, -23.85933686], [-46.46590864, -23.85852568], [-46.46606988, -23.8582964], [-46.46620568, -23.85739073], [-46.4664491, -23.85617353], [-46.46652976, -23.85561848], [-46.46644359, -23.8552185], [-46.46640241, -23.85512189], [-46.46577786, -23.85390443], [-46.46542675, -23.85314867], [-46.46540721, -23.8530199], [-46.46542388, -23.85289155], [-46.46547539, -23.85275932], [-46.46570215, -23.8524118], [-46.46595887, -23.85207298], [-46.46618045, -23.85182469], [-46.46637428, -23.85157041], [-46.46642724, -23.85147608], [-46.46665273, -23.85135142], [-46.46714241, -23.85092702], [-46.46719891, -23.85091621], [-46.4672268, -23.85094818], [-46.4672235, -23.85097592], [-46.46706116, -23.85113201], [-46.46671508, -23.85142125], [-46.46649966, -23.85154037], [-46.46645491, -23.85162213], [-46.46625773, -23.85188061], [-46.46603707, -23.85212758], [-46.46578376, -23.85246201], [-46.46556215, -23.85280181], [-46.46552054, -23.85290814], [-46.46550539, -23.85301414], [-46.46552048, -23.85312126], [-46.46574075, -23.85361076], [-46.46649326, -23.85508763], [-46.46653905, -23.855197], [-46.46662738, -23.855607], [-46.46654608, -23.85618761], [-46.46630269, -23.85740466], [-46.46616216, -23.85832797], [-46.46612648, -23.85839662], [-46.46599859, -23.858562], [-46.46564157, -23.85936902], [-46.46551725, -23.85969612], [-46.46516109, -23.86047006], [-46.46491113, -23.86094665], [-46.46470588, -23.86121363], [-46.4645153, -23.86131493], [-46.46424832, -23.8615701], [-46.46419326, -23.86165126], [-46.46418019, -23.86174707], [-46.46419665, -23.86197078], [-46.46418316, -23.86228109], [-46.46411496, -23.86244718], [-46.46391249, -23.86284396], [-46.46379687, -23.86294476], [-46.46351788, -23.86309548], [-46.46328535, -23.86331627], [-46.4631381, -23.8634286], [-46.46278066, -23.86377919], [-46.46270131, -23.863899], [-46.46263146, -23.86412639], [-46.46256067, -23.86427261], [-46.46228386, -23.86462827], [-46.46225868, -23.86474675], [-46.46226706, -23.86489779], [-46.46220951, -23.86501448], [-46.46206164, -23.86509078], [-46.46190998, -23.86510244], [-46.46175715, -23.86506427], [-46.46145798, -23.8650774], [-46.46131449, -23.86506506], [-46.46109764, -23.86515293], [-46.46092881, -23.8651591], [-46.46072292, -23.86529737], [-46.46065616, -23.86542199], [-46.46058239, -23.86587562], [-46.46039696, -23.86615447], [-46.46034754, -23.86629318], [-46.46025702, -23.86642376], [-46.46010518, -23.86651577], [-46.45992056, -23.86655252], [-46.45955997, -23.86657088], [-46.45937987, -23.8665216], [-46.45921276, -23.8664991], [-46.45844641, -23.86643301], [-46.45797621, -23.86649694], [-46.45772972, -23.86655577], [-46.45759827, -23.86657063], [-46.45747489, -23.8665673], [-46.45737629, -23.86650437], [-46.45731855, -23.86640613], [-46.45724701, -23.86615004], [-46.4570943, -23.86578172], [-46.45708985, -23.86564008], [-46.45718414, -23.86554833], [-46.45735952, -23.86548988], [-46.4574942, -23.8654144], [-46.45751963, -23.86536353], [-46.45745283, -23.86527277], [-46.45739117, -23.86514777], [-46.45725728, -23.8648116], [-46.45718683, -23.86452262], [-46.45720867, -23.86438051], [-46.45724451, -23.86435624], [-46.45734284, -23.86434124], [-46.45750444, -23.86436226], [-46.45778151, -23.86434618], [-46.45784329, -23.86429722], [-46.4578536, -23.86420898], [-46.45790478, -23.86411851], [-46.45802049, -23.86405213], [-46.45814664, -23.86403133], [-46.45828586, -23.86392423], [-46.45811057, -23.86345849], [-46.45783196, -23.86323578], [-46.45769035, -23.86315614], [-46.45757476, -23.86306879], [-46.45753345, -23.86292683], [-46.4575869, -23.86275253], [-46.45756383, -23.86265593], [-46.45753125, -23.86258264], [-46.45739719, -23.86250277], [-46.45720905, -23.86248304], [-46.45713131, -23.86249565], [-46.4571219, -23.86257306], [-46.45694283, -23.8628349], [-46.45681302, -23.862939], [-46.45642382, -23.86318548], [-46.45632795, -23.86330763], [-46.45622228, -23.86347974], [-46.45605879, -23.86355139], [-46.45585879, -23.86359472], [-46.45549134, -23.8636147], [-46.45542124, -23.86366593], [-46.45501855, -23.86411138], [-46.45482177, -23.86427754], [-46.45455264, -23.86426661], [-46.45445388, -23.86416195], [-46.45439591, -23.86402894], [-46.45430102, -23.86358444], [-46.45427178, -23.86341343], [-46.45426985, -23.8632617], [-46.45434617, -23.8631307], [-46.45447187, -23.86300641], [-46.4549387, -23.86265829], [-46.4549462, -23.86257824], [-46.454894, -23.86234428], [-46.45489344, -23.8621741], [-46.45497945, -23.86183663], [-46.45508433, -23.86167232], [-46.45521527, -23.86159763], [-46.45532524, -23.86147874], [-46.45536075, -23.86131663], [-46.45540581, -23.860918], [-46.45532606, -23.860791], [-46.45521139, -23.86067633], [-46.45511724, -23.86055103], [-46.45504794, -23.86049538], [-46.45500916, -23.86053417], [-46.45500508, -23.86062397], [-46.45506458, -23.86109522], [-46.45506662, -23.8612737], [-46.45501448, -23.8614599], [-46.45491644, -23.86158609], [-46.45469138, -23.86176372], [-46.45448928, -23.86196624], [-46.45404784, -23.86215715], [-46.45392962, -23.86224416], [-46.45379183, -23.86229258], [-46.45354085, -23.86230243], [-46.45346939, -23.86236581], [-46.45347406, -23.86244881], [-46.45355423, -23.86254281], [-46.45356722, -23.86268084], [-46.45347634, -23.86282399], [-46.45312617, -23.86306177], [-46.45306639, -23.86316529], [-46.45304491, -23.86328957], [-46.45303949, -23.8638948], [-46.45294324, -23.86405013], [-46.45281062, -23.86404009], [-46.45274185, -23.8639302], [-46.45273345, -23.86380101], [-46.45275194, -23.86350863], [-46.45291186, -23.86301709], [-46.45298291, -23.86285326], [-46.45297733, -23.86275995], [-46.45295238, -23.86270886], [-46.45276229, -23.86261114], [-46.45237484, -23.8625131], [-46.45224253, -23.86245462], [-46.4522153, -23.86241823], [-46.45220811, -23.86232027], [-46.45229394, -23.8621952], [-46.45257409, -23.86198559], [-46.45288241, -23.86161855], [-46.45297341, -23.8614637], [-46.453058, -23.86121653], [-46.45313672, -23.8608759], [-46.45332526, -23.86056951], [-46.4533102, -23.86031149], [-46.4532497, -23.86019854], [-46.45312144, -23.86016416], [-46.45249713, -23.86032007], [-46.45229234, -23.86039402], [-46.4521198, -23.86040321], [-46.45199371, -23.86030298], [-46.45189464, -23.86016768], [-46.45186269, -23.85981779], [-46.45178063, -23.85968885], [-46.45148589, -23.85949932], [-46.45134374, -23.85938658], [-46.45114201, -23.8591152], [-46.45104583, -23.85901576], [-46.45097507, -23.85887737], [-46.45093706, -23.85874417], [-46.45091164, -23.85851116], [-46.45095349, -23.85837216], [-46.45115522, -23.8580877], [-46.45119546, -23.85794533], [-46.45120249, -23.85783709], [-46.45115076, -23.85776848], [-46.45102727, -23.8575337], [-46.4508725, -23.85741544], [-46.45066396, -23.85740381], [-46.45029288, -23.85758378], [-46.45010103, -23.85769816], [-46.44973377, -23.8578152], [-46.44962782, -23.85787816], [-46.44939622, -23.85808862], [-46.44924912, -23.8581519], [-46.44914071, -23.85805397], [-46.44906084, -23.85793467], [-46.44891062, -23.85780755], [-46.44880219, -23.85782584], [-46.4485321, -23.85794145], [-46.44839022, -23.85795384], [-46.44809096, -23.8580166], [-46.44774979, -23.85802089], [-46.44760151, -23.85797121], [-46.44745755, -23.85788416], [-46.44734588, -23.85776916], [-46.4472639, -23.85766157], [-46.4472187, -23.85752571], [-46.44696668, -23.85728786], [-46.44683997, -23.85723027], [-46.44674973, -23.85723848], [-46.44673493, -23.85768907], [-46.44674659, -23.85809575], [-46.44672089, -23.85823833], [-46.4466668, -23.85832063], [-46.44657066, -23.85839705], [-46.44643004, -23.85845391], [-46.44640187, -23.85844931], [-46.44637617, -23.85841859], [-46.44638552, -23.85829227], [-46.44597227, -23.85770146], [-46.44583576, -23.85760176], [-46.4457542, -23.85757101], [-46.44569392, -23.85758197], [-46.44563158, -23.85764235], [-46.44549823, -23.85768917], [-46.44503592, -23.85763935], [-46.44475582, -23.85765413], [-46.44463147, -23.85762226], [-46.44437316, -23.85751304], [-46.44427875, -23.8575009], [-46.44419576, -23.85754374], [-46.44403647, -23.85769053], [-46.44378867, -23.8578422], [-46.44367579, -23.85785381], [-46.44340411, -23.85776177], [-46.44331014, -23.85777207], [-46.44312232, -23.85795494], [-46.44274346, -23.85816997], [-46.44259695, -23.85832279], [-46.44246419, -23.85858199], [-46.44243124, -23.85870067], [-46.44230824, -23.85880298], [-46.44217436, -23.85885589], [-46.44204486, -23.85888314], [-46.44189293, -23.85887939], [-46.44161669, -23.85891056], [-46.44135461, -23.8589877], [-46.44127439, -23.85905823], [-46.4412431, -23.85915111], [-46.44114986, -23.85927156], [-46.44061549, -23.85956639], [-46.44038114, -23.85974518], [-46.44024748, -23.85976381], [-46.44001057, -23.85964839], [-46.43968838, -23.85958711], [-46.43958005, -23.85951377], [-46.43948792, -23.859398], [-46.43933835, -23.85927404], [-46.43927519, -23.85930722], [-46.43919993, -23.85939488], [-46.4389595, -23.8596011], [-46.43879321, -23.85967538], [-46.43861352, -23.85965049], [-46.43855809, -23.85966827], [-46.43847699, -23.85988293], [-46.43842375, -23.86024216], [-46.43835683, -23.86050647], [-46.43828355, -23.86061237], [-46.43811768, -23.86066914], [-46.43793963, -23.86065804], [-46.4376378, -23.86057884], [-46.43754988, -23.86049318], [-46.43746421, -23.86043749], [-46.4373661, -23.86042632], [-46.43734527, -23.86044252], [-46.43742322, -23.86055769], [-46.4376213, -23.86072329], [-46.43772514, -23.86085162], [-46.43773479, -23.86095262], [-46.43772138, -23.86116737], [-46.43782394, -23.86144372], [-46.43789477, -23.86157402], [-46.43788989, -23.86195427], [-46.43791032, -23.86220586], [-46.43787667, -23.86237851], [-46.43784001, -23.86246685], [-46.43772362, -23.86256719], [-46.43758068, -23.86262216], [-46.43746284, -23.86260849], [-46.4373306, -23.86264456], [-46.43708283, -23.86275685], [-46.43647524, -23.86282869], [-46.43593648, -23.86293619], [-46.43579683, -23.86301209], [-46.43542796, -23.86340858], [-46.43531374, -23.86346697], [-46.43526831, -23.86345156], [-46.43522075, -23.86334219], [-46.43512073, -23.86318008], [-46.43502798, -23.86311487], [-46.43476834, -23.86305685], [-46.43436715, -23.86313436], [-46.43405785, -23.86327709], [-46.43390131, -23.86326054], [-46.43377801, -23.86320162], [-46.43368949, -23.86318255], [-46.4336298, -23.86320011], [-46.43360553, -23.86322438], [-46.43359424, -23.86326728], [-46.43360622, -23.86333117], [-46.43367143, -23.8634386], [-46.43394642, -23.86368808], [-46.43454873, -23.86397667], [-46.4346969, -23.86411218], [-46.43474397, -23.86417236], [-46.43481832, -23.86435441], [-46.43483144, -23.86468774], [-46.4346934, -23.86486619], [-46.4340273, -23.86561582], [-46.43366943, -23.86604492], [-46.43347646, -23.86634417], [-46.43325994, -23.86679218], [-46.43309738, -23.86708379], [-46.43278047, -23.86752901], [-46.42963083, -23.87143197], [-46.42957576, -23.87144786], [-46.42949544, -23.87139937], [-46.4267377, -23.87501408], [-46.42958537, -23.87350007], [-46.43580518, -23.86767426], [-46.44173015, -23.87587896], [-46.44502828, -23.88056223], [-46.44579181, -23.88040619], [-46.44602074, -23.88032728], [-46.44608207, -23.88027884], [-46.44657153, -23.88022638], [-46.44671838, -23.88027286], [-46.4472909, -23.88027109], [-46.44747982, -23.88030363], [-46.44782583, -23.88042138], [-46.44827555, -23.88067994], [-46.44893786, -23.88116935], [-46.45047989, -23.87984664], [-46.45090046, -23.87956428], [-46.45135829, -23.87936961], [-46.45188616, -23.87921848], [-46.45232623, -23.87913862], [-46.45478859, -23.87889347], [-46.45526605, -23.87892147], [-46.45559329, -23.87900429], [-46.45592457, -23.87914108], [-46.45627093, -23.87934186], [-46.45665096, -23.87965063], [-46.45704994, -23.88006735], [-46.45736346, -23.88048216], [-46.45794884, -23.88002864], [-46.45805544, -23.87997457], [-46.45821626, -23.87985553], [-46.45837303, -23.87966567], [-46.45860964, -23.87932014], [-46.45883235, -23.87909282], [-46.45901186, -23.879021], [-46.45949153, -23.87897508], [-46.45965019, -23.87894022], [-46.45985887, -23.87882769], [-46.46009696, -23.87866609], [-46.46246185, -23.8808172], [-46.46187702, -23.88136087], [-46.46099603, -23.88154552], [-46.46237772, -23.88316081], [-46.46199103, -23.88406397], [-46.46130924, -23.88478836], [-46.46150402, -23.88507587], [-46.46230053, -23.88667597], [-46.46122669, -23.88740232], [-46.46003726, -23.88515521], [-46.45944655, -23.88470754], [-46.45773822, -23.88402455], [-46.45716213, -23.88381013], [-46.45694127, -23.88375328], [-46.45659863, -23.88373696], [-46.45648432, -23.88371581], [-46.45641693, -23.88364008], [-46.45634176, -23.88358971], [-46.45626698, -23.88359008], [-46.4561187, -23.88382622], [-46.4560012, -23.88392819], [-46.45584025, -23.88400857], [-46.45559624, -23.8840315], [-46.45483594, -23.8840095], [-46.45425951, -23.88599505], [-46.45396602, -23.88608663], [-46.45418547, -23.88640655], [-46.45421917, -23.88666803], [-46.45408005, -23.88722562], [-46.45393661, -23.88748525], [-46.4538245, -23.88773555], [-46.45376617, -23.88805217], [-46.45379097, -23.8884258], [-46.45404493, -23.88874037], [-46.45438093, -23.88901442], [-46.45515881, -23.88954438], [-46.45578983, -23.89002696], [-46.45606291, -23.89020679], [-46.45619994, -23.89034005], [-46.45636923, -23.89063555], [-46.45649825, -23.89093143], [-46.45674269, -23.89135987], [-46.45731443, -23.89215997], [-46.45756818, -23.89245467], [-46.45777756, -23.89255834], [-46.4580812, -23.89266021], [-46.45832286, -23.89284034], [-46.45944263, -23.89416261], [-46.45979335, -23.8946957], [-46.45691676, -23.89740036], [-46.4566198, -23.89663397], [-46.45636444, -23.89632754], [-46.4557532, -23.89590438], [-46.45517178, -23.89564393], [-46.45472203, -23.89547661], [-46.45369547, -23.89546057], [-46.45334941, -23.89538663], [-46.45290842, -23.89516775], [-46.45168588, -23.89431281], [-46.45103869, -23.89401007], [-46.45024462, -23.89392319], [-46.44935849, -23.8939487], [-46.44730225, -23.89363348], [-46.44640565, -23.89355612], [-46.44574439, -23.89366529], [-46.44502001, -23.89397236], [-46.44437151, -23.89439025], [-46.44400975, -23.89458238], [-46.4436833, -23.89459402], [-46.44300052, -23.89444601], [-46.44201986, -23.89436084], [-46.44147921, -23.8944088], [-46.4405767, -23.89464031], [-46.43826118, -23.8953483], [-46.44045574, -23.89861489], [-46.44271249, -23.89804834], [-46.44610103, -23.89821958], [-46.44873999, -23.89856869], [-46.44897432, -23.89861253], [-46.450223, -23.89899178], [-46.45049032, -23.89909492], [-46.45083425, -23.89928493], [-46.45126478, -23.89957797], [-46.45226491, -23.90021511], [-46.45271274, -23.90047366], [-46.45311068, -23.90066124], [-46.45786309, -23.90321911], [-46.46038342, -23.90436064], [-46.46045415, -23.90448063], [-46.46249626, -23.90210936], [-46.46385805, -23.90278648], [-46.46465435, -23.90350358], [-46.46465052, -23.90355342], [-46.46458039, -23.90367068], [-46.46454962, -23.90381637], [-46.46458347, -23.90411856], [-46.46458028, -23.9044455], [-46.4646544, -23.90474731], [-46.46473385, -23.90491181], [-46.46486554, -23.90500447], [-46.46513373, -23.90509493], [-46.46525944, -23.90509373], [-46.46582801, -23.9049068], [-46.46616737, -23.90486293], [-46.46631087, -23.90495819], [-46.46648151, -23.90528165], [-46.46663255, -23.90569742], [-46.4666794, -23.90601936], [-46.46666521, -23.90624164], [-46.46661403, -23.90649318], [-46.46662571, -23.90674501], [-46.46667941, -23.9068032], [-46.46705264, -23.90706152], [-46.46709557, -23.90721011], [-46.46701998, -23.90738783], [-46.46651082, -23.90796612], [-46.46618416, -23.90861401], [-46.46607181, -23.90892934], [-46.46605001, -23.90908667], [-46.46606167, -23.9094243], [-46.46612734, -23.90958532], [-46.46617213, -23.90963727], [-46.4664367, -23.90975485], [-46.46651626, -23.90975409], [-46.46697337, -23.90961156], [-46.46724483, -23.9094681], [-46.46784035, -23.90905695], [-46.46816653, -23.90888858], [-46.46859237, -23.90876079], [-46.46883531, -23.90887587], [-46.46889047, -23.90897558], [-46.46888503, -23.90918965], [-46.46881735, -23.90954609], [-46.46877662, -23.9100269], [-46.46878823, -23.91035911], [-46.46885688, -23.91052281], [-46.46898124, -23.91066249], [-46.46917483, -23.91075637], [-46.46934883, -23.91076825], [-46.46986423, -23.91065496], [-46.47010223, -23.91068068], [-46.47018891, -23.91078821], [-46.47030583, -23.91105078], [-46.4703476, -23.91126982], [-46.47043171, -23.91149839], [-46.47048022, -23.91153134], [-46.47075185, -23.91192427], [-46.47090873, -23.91207267], [-46.47144653, -23.91228877], [-46.47162001, -23.91242798], [-46.4715977, -23.91262687], [-46.47150052, -23.912719], [-46.47119628, -23.91291697], [-46.47114668, -23.91304749], [-46.47115644, -23.91321536], [-46.47118033, -23.91324312], [-46.47125339, -23.91353591], [-46.471263, -23.91369114], [-46.47119344, -23.91388054], [-46.47115831, -23.91407503], [-46.47116067, -23.91419602], [-46.47124454, -23.91440291], [-46.47157615, -23.91479979], [-46.47160218, -23.91492958], [-46.47158543, -23.9151853], [-46.471488, -23.91543005], [-46.47137395, -23.91559459], [-46.47127799, -23.91579508], [-46.47122693, -23.91596986], [-46.47125956, -23.91676964], [-46.47121621, -23.91710508], [-46.47112489, -23.91745543], [-46.471127, -23.91755474], [-46.47119936, -23.91778613], [-46.47129081, -23.91788098], [-46.47145511, -23.91816296], [-46.47146513, -23.91826671], [-46.47142163, -23.91832944], [-46.47126182, -23.91844385], [-46.47087413, -23.91855954], [-46.47053676, -23.91895559], [-46.47030604, -23.91914111], [-46.46995525, -23.91930611], [-46.46977576, -23.9193313], [-46.46937656, -23.919299], [-46.46901089, -23.91919142], [-46.4684303, -23.91892877], [-46.46785112, -23.91861643], [-46.46736589, -23.91844678], [-46.466981, -23.9183764], [-46.46626519, -23.9184049], [-46.46590468, -23.91849233], [-46.46500605, -23.91877271], [-46.46431349, -23.91885968], [-46.4639356, -23.91880007], [-46.46326538, -23.91860236], [-46.46307539, -23.91856715], [-46.46288884, -23.91866284], [-46.4628242, -23.9187673], [-46.46277174, -23.91899356], [-46.46275291, -23.91932787], [-46.46276973, -23.91951283], [-46.46287976, -23.92003735], [-46.46308668, -23.92035415], [-46.46321875, -23.92048023], [-46.46346193, -23.92061517], [-46.46378911, -23.92070688], [-46.46453497, -23.92081626], [-46.46470842, -23.92086518], [-46.46485885, -23.92096398], [-46.46510699, -23.92127678], [-46.46528576, -23.92144936], [-46.4653051, -23.92150878], [-46.46538168, -23.92159203], [-46.46562919, -23.92210982], [-46.46577135, -23.92225927], [-46.46595172, -23.92231173], [-46.46611768, -23.92239323], [-46.46620983, -23.92246369], [-46.4662249, -23.92258004], [-46.46609419, -23.92274925], [-46.46605102, -23.92275418], [-46.4657342, -23.92297122], [-46.46568569, -23.92311256], [-46.46567181, -23.92327524], [-46.46570592, -23.9235991], [-46.46566099, -23.92440504], [-46.46567056, -23.92455666], [-46.46578594, -23.92503056], [-46.46589271, -23.92535193], [-46.46609338, -23.92580966], [-46.46612947, -23.92596102], [-46.46616538, -23.92644381], [-46.46610783, -23.92682815], [-46.46622554, -23.92724784], [-46.46636959, -23.92756343], [-46.46638776, -23.92786758], [-46.46636199, -23.92793375], [-46.4662672, -23.9279789], [-46.46603444, -23.92798474], [-46.46586917, -23.92796554], [-46.46518467, -23.92772554], [-46.46471169, -23.92751242], [-46.46418836, -23.9273648], [-46.46367057, -23.9272722], [-46.46331181, -23.92725575], [-46.46315094, -23.92727805], [-46.46297382, -23.92733934], [-46.46280387, -23.92742765], [-46.46265303, -23.92755461], [-46.46246803, -23.92787604], [-46.46240872, -23.92819267], [-46.46241191, -23.9284762], [-46.4625485, -23.92882798], [-46.46275179, -23.92917011], [-46.46305152, -23.92943997], [-46.46389472, -23.92989971], [-46.46424031, -23.93005445], [-46.46539912, -23.93044887], [-46.46595105, -23.93069194], [-46.46645505, -23.93078014], [-46.46692635, -23.93101675], [-46.46732434, -23.93137417], [-46.46744126, -23.93154824], [-46.46749191, -23.93168412], [-46.46751213, -23.93208216], [-46.46748411, -23.93229735], [-46.46727483, -23.93290439], [-46.46725501, -23.93306261], [-46.46728698, -23.93319686], [-46.46744638, -23.9333922], [-46.4674818, -23.93339637], [-46.46764514, -23.93350589], [-46.46796982, -23.93363372], [-46.46902377, -23.933788], [-46.46948379, -23.93389468], [-46.46972904, -23.9341226], [-46.46985772, -23.93438145], [-46.47012348, -23.93477173], [-46.47036989, -23.93501499], [-46.47052696, -23.93509115], [-46.47067644, -23.93510327], [-46.47090124, -23.93508757], [-46.47109812, -23.93494842], [-46.47110921, -23.93488601], [-46.47117104, -23.93479421], [-46.47118378, -23.9345313], [-46.47116473, -23.93423709], [-46.47124663, -23.93392205], [-46.47131872, -23.93386808], [-46.47146066, -23.93382247], [-46.47174456, -23.93381975], [-46.47218617, -23.93394917], [-46.47277499, -23.93406454], [-46.47309089, -23.93402539], [-46.47322483, -23.93396721], [-46.47351242, -23.9337703], [-46.47425775, -23.9333929], [-46.47448884, -23.93332567], [-46.47456254, -23.93332677], [-46.4746988, -23.93338686], [-46.47482288, -23.93349855], [-46.4749258, -23.93365108], [-46.47495951, -23.93376454], [-46.4752564, -23.93412651], [-46.475523, -23.93433075], [-46.4758213, -23.93447056], [-46.47606532, -23.93441675], [-46.47648217, -23.93418337], [-46.47662044, -23.93416037], [-46.47670116, -23.93417494], [-46.47679035, -23.93424181], [-46.476882, -23.93435291], [-46.47691645, -23.93453138], [-46.4770359, -23.93475418], [-46.47750016, -23.93531953], [-46.47785477, -23.93565927], [-46.47822338, -23.93593386], [-46.47865906, -23.93631797], [-46.47893401, -23.93673704], [-46.47906333, -23.93687667], [-46.47930027, -23.93706313], [-46.47947004, -23.93713193], [-46.47975622, -23.93715626], [-46.4800348, -23.93711746], [-46.48039719, -23.93701915], [-46.48070318, -23.93671278], [-46.48093848, -23.93623912], [-46.48110612, -23.93569117], [-46.48122188, -23.93515907], [-46.48125801, -23.93462323], [-46.4813035, -23.9344774], [-46.4813973, -23.93434555], [-46.4817158, -23.93410408], [-46.482201, -23.93383391], [-46.48275087, -23.93346378], [-46.48286549, -23.93334889], [-46.48295336, -23.93321439], [-46.48306803, -23.93293244], [-46.48320248, -23.93274783], [-46.48333485, -23.93272488], [-46.48356344, -23.93286896], [-46.48366069, -23.93286802], [-46.48380549, -23.93281515], [-46.48398993, -23.9327926], [-46.48416147, -23.93293091], [-46.48420389, -23.93303164], [-46.48430971, -23.93309293], [-46.48437641, -23.93316904], [-46.48440898, -23.93326806], [-46.48439528, -23.9333585], [-46.48427202, -23.93366311], [-46.48428931, -23.93397178], [-46.48434507, -23.93403716], [-46.4844197, -23.93420531], [-46.48440597, -23.93437972], [-46.48436608, -23.93441352], [-46.48428396, -23.93462111], [-46.48428378, -23.93469155], [-46.48436491, -23.93491291], [-46.48448693, -23.93501558], [-46.48459857, -23.93506959], [-46.48475029, -23.93510695], [-46.48519349, -23.93511621], [-46.48581032, -23.93501633], [-46.48608547, -23.93493601], [-46.48656153, -23.93472641], [-46.48686044, -23.93466212], [-46.48729217, -23.9345279], [-46.48748033, -23.93440146], [-46.48764045, -23.93414254], [-46.48774614, -23.93402051], [-46.48782515, -23.93397099], [-46.48796473, -23.93397686], [-46.48811402, -23.93405939], [-46.48831638, -23.93422811], [-46.48892539, -23.93464663], [-46.48908437, -23.93480222], [-46.48927921, -23.93508659], [-46.48938956, -23.9351993], [-46.48963342, -23.93530349], [-46.49000597, -23.93540644], [-46.49013827, -23.93546295], [-46.49066457, -23.93577842], [-46.49094593, -23.93589669], [-46.49117241, -23.93594145], [-46.49160486, -23.93595532], [-46.4923417, -23.9358696], [-46.49243923, -23.93589213], [-46.49259833, -23.93597276], [-46.49265362, -23.93608149], [-46.49265503, -23.93620428], [-46.49257954, -23.93638924], [-46.49196717, -23.93721785], [-46.49183122, -23.93735733], [-46.49149301, -23.93759269], [-46.49119699, -23.93773825], [-46.49084466, -23.93785725], [-46.4906587, -23.93800445], [-46.4906199, -23.93821884], [-46.49075392, -23.93885237], [-46.49071371, -23.93894487], [-46.49062055, -23.93904511], [-46.48997053, -23.93925008], [-46.48947872, -23.93954382], [-46.48924017, -23.93964637], [-46.48878015, -23.93979893], [-46.48832164, -23.93999843], [-46.48772359, -23.94036634], [-46.48664357, -23.94120216], [-46.48650991, -23.94128473], [-46.48619385, -23.94139706], [-46.48604543, -23.94147706], [-46.48588474, -23.94160142], [-46.48587354, -23.941653], [-46.48581725, -23.94171405], [-46.48565262, -23.94226649], [-46.48556458, -23.94238655], [-46.48535779, -23.94251768], [-46.48474373, -23.94269068], [-46.48462282, -23.94277131], [-46.48451014, -23.94288438], [-46.48414968, -23.94341072], [-46.48392217, -23.94362061], [-46.483483, -23.94370794], [-46.48329261, -23.94381362], [-46.48312308, -23.94402386], [-46.48296762, -23.94434865], [-46.48294818, -23.94462516], [-46.48297377, -23.94471522], [-46.48300435, -23.94472576], [-46.48309351, -23.94487571], [-46.48338616, -23.94503452], [-46.48386248, -23.94510216], [-46.48411382, -23.94508529], [-46.48468606, -23.94494881], [-46.48496759, -23.94490907], [-46.48546251, -23.9449702], [-46.48604754, -23.9449212], [-46.48647285, -23.94499564], [-46.48676196, -23.94510302], [-46.48700324, -23.94523704], [-46.48733794, -23.94546407], [-46.48786859, -23.94572803], [-46.4880509, -23.94577503], [-46.48872185, -23.9458489], [-46.48900463, -23.9459184], [-46.48927454, -23.94606388], [-46.48958715, -23.94633446], [-46.48959666, -23.94647795], [-46.48947931, -23.94661274], [-46.48895365, -23.94678399], [-46.48854915, -23.94706785], [-46.48841189, -23.94735093], [-46.48839787, -23.94749916], [-46.48850616, -23.9480309], [-46.48869152, -23.94851403], [-46.48874557, -23.94885756], [-46.48872517, -23.94913499], [-46.48864908, -23.94926847], [-46.48854621, -23.94937964], [-46.48820488, -23.94960419], [-46.48780385, -23.9497634], [-46.48722655, -23.94988819], [-46.48572838, -23.94999661], [-46.48528038, -23.95008673], [-46.48500163, -23.9501987], [-46.48474564, -23.95041158], [-46.48470307, -23.95055467], [-46.48470462, -23.95069011], [-46.48498034, -23.95134304], [-46.48496406, -23.95163759], [-46.4849138, -23.95171032], [-46.48490094, -23.95196058], [-46.4849755, -23.9521215], [-46.48526274, -23.95223612], [-46.48603638, -23.95226565], [-46.48634088, -23.95234217], [-46.48718419, -23.95270606], [-46.48755947, -23.95295707], [-46.48854457, -23.9537738], [-46.48873989, -23.95401211], [-46.48887406, -23.95431513], [-46.48897546, -23.95510159], [-46.48904134, -23.95536283], [-46.48944165, -23.95633693], [-46.48952852, -23.95645709], [-46.48979199, -23.95672454], [-46.49006833, -23.9569151], [-46.49036529, -23.95701878], [-46.4906531, -23.95700966], [-46.49098827, -23.95710393], [-46.49105844, -23.95722426], [-46.49103701, -23.95741139], [-46.49093378, -23.95757765], [-46.49075261, -23.95771667], [-46.49027434, -23.95799674], [-46.49016966, -23.95812237], [-46.49031398, -23.95853907], [-46.49031566, -23.95868444], [-46.49024715, -23.95879438], [-46.49012044, -23.9588841], [-46.48999529, -23.9589386], [-46.48981679, -23.95896832], [-46.48916858, -23.95899719], [-46.4889441, -23.95904542], [-46.48883776, -23.95911147], [-46.48873219, -23.95924614], [-46.48871524, -23.95931042], [-46.48869271, -23.95931606], [-46.48873296, -23.95956942], [-46.48876727, -23.95964765], [-46.48893956, -23.95976157], [-46.48909834, -23.9598115], [-46.48976748, -23.9598935], [-46.48996307, -23.95989702], [-46.49074829, -23.95981896], [-46.49123482, -23.9597438], [-46.49166987, -23.95954994], [-46.49203551, -23.95930257], [-46.49250498, -23.95885552], [-46.49296208, -23.95852869], [-46.49314678, -23.95844021], [-46.49362032, -23.9583471], [-46.49396308, -23.95816135], [-46.49428099, -23.95786478], [-46.49494475, -23.95739596], [-46.49545236, -23.95718964], [-46.49561306, -23.95715105], [-46.49596349, -23.95711874], [-46.49650444, -23.95716314], [-46.49663996, -23.95715549], [-46.49681241, -23.95711318], [-46.49710467, -23.95697939], [-46.49724667, -23.95685248], [-46.49734031, -23.95670708], [-46.49760375, -23.9564607], [-46.49772616, -23.95642429], [-46.49796453, -23.95647434], [-46.4981112, -23.95666705], [-46.4981703, -23.95710445], [-46.49811994, -23.95759347], [-46.49819196, -23.95829804], [-46.49817294, -23.95860796], [-46.498116, -23.9587828], [-46.49785979, -23.95923049], [-46.49762472, -23.95980711], [-46.49752935, -23.95997239], [-46.49741391, -23.96010175], [-46.49730564, -23.96017143], [-46.49717052, -23.96021339], [-46.49684376, -23.9602536], [-46.49618962, -23.96019496], [-46.49603167, -23.96021727], [-46.49553418, -23.96019412], [-46.49502742, -23.96021892], [-46.49417936, -23.96030123], [-46.49369179, -23.96037099], [-46.4933667, -23.96047078], [-46.49321431, -23.96054992], [-46.49291123, -23.9607687], [-46.49274791, -23.96092199], [-46.49263375, -23.96107842], [-46.49239063, -23.96155488], [-46.49233296, -23.96183809], [-46.49233467, -23.96198617], [-46.49237582, -23.9621465], [-46.49245509, -23.96228841], [-46.49265158, -23.96254115], [-46.49286628, -23.96275308], [-46.49322183, -23.96290856], [-46.49367727, -23.96303416], [-46.49388842, -23.96310796], [-46.49416723, -23.96325515], [-46.49450093, -23.96347585], [-46.49471625, -23.96374105], [-46.49489153, -23.9641132], [-46.49510016, -23.96439562], [-46.49519611, -23.96444977], [-46.49546035, -23.96452576], [-46.49558506, -23.9646031], [-46.49578331, -23.96483686], [-46.49596091, -23.96498413], [-46.49622446, -23.96508541], [-46.49663995, -23.9651545], [-46.49734876, -23.96534987], [-46.49765099, -23.96556726], [-46.49788561, -23.96588644], [-46.49816715, -23.96645596], [-46.49815312, -23.9664775], [-46.49844724, -23.96719461], [-46.49862794, -23.96756711], [-46.49865859, -23.96769844], [-46.49893887, -23.96824931], [-46.49928896, -23.96877958], [-46.49953049, -23.96901562], [-46.50003838, -23.96942514], [-46.50032933, -23.96960019], [-46.50051758, -23.96964802], [-46.50085863, -23.96965191], [-46.5012872, -23.96957638], [-46.50157806, -23.96957443], [-46.50205047, -23.96971971], [-46.502249, -23.96989115], [-46.50311019, -23.97093564], [-46.50338802, -23.971165], [-46.50426202, -23.97178764], [-46.50526165, -23.97273504], [-46.50548993, -23.97301274], [-46.50562863, -23.97310891], [-46.50580071, -23.97328602], [-46.50604249, -23.97345793], [-46.50641626, -23.97365473], [-46.50670098, -23.97371514], [-46.50713149, -23.97363687], [-46.50738993, -23.97363433], [-46.507822, -23.97377457], [-46.50810553, -23.97381693], [-46.5082444, -23.97375868], [-46.50836299, -23.97364644], [-46.50837717, -23.97351355], [-46.50828837, -23.97339884], [-46.50794519, -23.9731286], [-46.50781184, -23.97298543], [-46.50768982, -23.97263445], [-46.5076461, -23.97225561], [-46.50766012, -23.97194031], [-46.5077369, -23.97186641], [-46.50783174, -23.97182485], [-46.50789387, -23.9718432], [-46.50869362, -23.97267063], [-46.50913216, -23.97328128], [-46.50941279, -23.9737499], [-46.50940907, -23.97410572], [-46.50931184, -23.97436404], [-46.50925663, -23.97443321], [-46.50916244, -23.97478361], [-46.50903772, -23.97504491], [-46.50870752, -23.97555204], [-46.50843958, -23.97608836], [-46.50841765, -23.97623035], [-46.50845781, -23.97647196], [-46.50857478, -23.97655841], [-46.50886752, -23.9765474], [-46.50915378, -23.97640281], [-46.51018304, -23.97558538], [-46.51036686, -23.97550501], [-46.51079099, -23.97538434], [-46.51136515, -23.97531999], [-46.51171283, -23.97521633], [-46.51219589, -23.97475645], [-46.51261417, -23.97447239], [-46.5129258, -23.97431219], [-46.51309318, -23.97417057], [-46.51320388, -23.97397262], [-46.51321167, -23.97379826], [-46.51326629, -23.97367852], [-46.51330638, -23.97366097], [-46.51338987, -23.97365744], [-46.51347187, -23.97369456], [-46.51381039, -23.9739856], [-46.51390115, -23.97409939], [-46.51401081, -23.97431684], [-46.51412004, -23.97483319], [-46.51419328, -23.97546639], [-46.5141053, -23.97601088], [-46.51402285, -23.97627176], [-46.51371641, -23.97679221], [-46.51353597, -23.97732948], [-46.51348632, -23.97770653], [-46.51350627, -23.97798447], [-46.51357115, -23.97823758], [-46.51385737, -23.97876211], [-46.5140779, -23.9790471], [-46.51433174, -23.97974353], [-46.51450523, -23.98012379], [-46.51467146, -23.98038764], [-46.51497221, -23.98055715], [-46.51525015, -23.98062484], [-46.51539559, -23.9806234], [-46.51553862, -23.98058406], [-46.5156711, -23.98048342], [-46.51583025, -23.98031027], [-46.51589554, -23.98017869], [-46.51603252, -23.97970686], [-46.51612203, -23.97962922], [-46.51628128, -23.97963216], [-46.51641939, -23.97976083], [-46.51673839, -23.98014507], [-46.51702397, -23.98061363], [-46.51726827, -23.98082974], [-46.51738349, -23.98084937], [-46.51752222, -23.98077847], [-46.51762123, -23.98067364], [-46.51811419, -23.97988404], [-46.51838007, -23.97959425], [-46.51878141, -23.97928957], [-46.5189487, -23.9792238], [-46.51905189, -23.97922368], [-46.5191668, -23.9793011], [-46.51921183, -23.97953725], [-46.51920965, -23.97993821], [-46.51927837, -23.98018315], [-46.51943684, -23.98045429], [-46.51985039, -23.98085565], [-46.51987547, -23.98098273], [-46.51979312, -23.98108378], [-46.51884447, -23.9818174], [-46.5187711, -23.98218113], [-46.51876935, -23.98270219], [-46.51870476, -23.98289337], [-46.51852813, -23.98308475], [-46.51824545, -23.98328441], [-46.51780505, -23.98377911], [-46.51773703, -23.98392878], [-46.51771562, -23.98419899], [-46.517816, -23.98471272], [-46.5179683, -23.98496135], [-46.51818266, -23.9852211], [-46.51848025, -23.98579067], [-46.51872345, -23.98683305], [-46.51885229, -23.98709184], [-46.51905089, -23.98734904], [-46.51930148, -23.9875967], [-46.51963085, -23.98785802], [-46.52044482, -23.98829062], [-46.5212723, -23.98886847], [-46.52154157, -23.98911684], [-46.52173291, -23.9893407], [-46.52186898, -23.98962831], [-46.52191279, -23.99067989], [-46.52189268, -23.99097538], [-46.52194228, -23.99118167], [-46.52208203, -23.9913636], [-46.52241351, -23.99163573], [-46.52258905, -23.99185252], [-46.52298477, -23.99265588], [-46.52324127, -23.99298655], [-46.52338911, -23.9930212], [-46.52351342, -23.99297752], [-46.52410666, -23.99252373], [-46.52495857, -23.99200235], [-46.52509425, -23.99200551], [-46.52513872, -23.99202584], [-46.52519158, -23.99209124], [-46.52522453, -23.99221823], [-46.52518039, -23.9929763], [-46.52546819, -23.99362812], [-46.52565927, -23.99391158], [-46.52581408, -23.99420352], [-46.52588137, -23.99449271], [-46.52584782, -23.99481452], [-46.52570415, -23.99530087], [-46.52567802, -23.99583571], [-46.52570966, -23.99601871], [-46.52597445, -23.99663464], [-46.52601374, -23.99688258], [-46.52596362, -23.99713321], [-46.52589447, -23.99727026], [-46.52553262, -23.99775968], [-46.52538167, -23.99804563], [-46.52535098, -23.99819313], [-46.52536112, -23.99838627], [-46.52562348, -23.99887941], [-46.5259278, -23.9991798], [-46.52608726, -23.99928206], [-46.52622053, -23.9993313], [-46.52694604, -23.9994225], [-46.52714132, -23.99947835], [-46.52753497, -23.99985189], [-46.5278544, -24.00001576], [-46.52788188, -24.00017894], [-46.52779824, -24.00035197], [-46.52779973, -24.00047771], [-46.52788535, -24.00064453], [-46.52813124, -24.00085867], [-46.52830663, -24.00089884], [-46.52849764, -24.00097378], [-46.52859021, -24.00108464], [-46.5286144, -24.00123261], [-46.52862533, -24.00157565], [-46.52879213, -24.00179973], [-46.52913953, -24.00208433], [-46.52963764, -24.00256157], [-46.52975466, -24.00273197], [-46.52986984, -24.00307939], [-46.53004015, -24.00343347], [-46.53031237, -24.00367728], [-46.53098705, -24.00420693], [-46.53169435, -24.00483378], [-46.53304011, -24.00658029], [-46.5334093, -24.0068773], [-46.53409873, -24.00757024], [-46.53484755, -24.00837906], [-46.53575298, -24.0092143], [-46.53622964, -24.00970257], [-46.53661711, -24.0102125], [-46.53688443, -24.01062069], [-46.53730708, -24.01160885], [-46.53736992, -24.01168588], [-46.53756939, -24.01184371], [-46.53817424, -24.01219885], [-46.53838459, -24.01236199], [-46.53885476, -24.01279884], [-46.53917168, -24.01316137], [-46.53932373, -24.01346416], [-46.53939758, -24.01372258], [-46.53945378, -24.01414914], [-46.53955751, -24.01443977], [-46.53971923, -24.01472981], [-46.53976777, -24.01476093], [-46.53987098, -24.01492515], [-46.54007534, -24.01508022], [-46.54044804, -24.01525526], [-46.54081762, -24.01533372], [-46.54107933, -24.01535186], [-46.54168102, -24.01527447], [-46.54198474, -24.01527141], [-46.54253971, -24.01531549], [-46.54329886, -24.01541711], [-46.54350003, -24.01538709], [-46.54361744, -24.01534076], [-46.54374346, -24.0151923], [-46.54377944, -24.01499418], [-46.54371751, -24.0131012], [-46.54354888, -24.01231547], [-46.54343371, -24.01205476], [-46.54316237, -24.01155903], [-46.54268918, -24.01054069], [-46.54230357, -24.00985829], [-46.54178752, -24.0091194], [-46.54134769, -24.00858834], [-46.5407844, -24.00776053], [-46.5403879, -24.00723625], [-46.53948755, -24.00583841], [-46.53913501, -24.00512406], [-46.53888697, -24.00443575], [-46.53857959, -24.0031376], [-46.53857011, -24.00300134], [-46.53861957, -24.00261435], [-46.53868345, -24.00244846], [-46.53890715, -24.00208321], [-46.5388901, -24.00188923], [-46.53866877, -24.00146162], [-46.53811113, -24.00069243], [-46.53800695, -24.0006104], [-46.53786862, -24.00038423], [-46.53730138, -23.99926574], [-46.53711248, -23.99900305], [-46.53700619, -23.99874314], [-46.53653704, -23.99615259], [-46.53636313, -23.99566129], [-46.53629215, -23.99531254], [-46.53615352, -23.99506018], [-46.53562478, -23.99448574], [-46.53447244, -23.99370714], [-46.53377321, -23.99309377], [-46.53342777, -23.9926412], [-46.533318, -23.99241926], [-46.53329004, -23.99229853], [-46.53333488, -23.99210123], [-46.53340499, -23.99204634], [-46.5335298, -23.99204419], [-46.53377019, -23.99209236], [-46.53402569, -23.992088], [-46.53414712, -23.99205066], [-46.53428865, -23.99196707], [-46.53441979, -23.99175355], [-46.53450855, -23.99153052], [-46.53458897, -23.99110079], [-46.53459935, -23.99048392], [-46.53451523, -23.99002152], [-46.53459008, -23.98970201], [-46.53482253, -23.98941252], [-46.53514561, -23.98930635], [-46.53541176, -23.98928833], [-46.53588095, -23.98931975], [-46.53614769, -23.98926922], [-46.53638307, -23.98914405], [-46.53651455, -23.9890425], [-46.53664391, -23.98884525], [-46.5366104, -23.98850605], [-46.53637634, -23.98807947], [-46.53596629, -23.98764832], [-46.53555033, -23.98713326], [-46.53512839, -23.98652795], [-46.53503712, -23.98629047], [-46.53494139, -23.98584263], [-46.53479402, -23.98559848], [-46.53480651, -23.9854909], [-46.53491761, -23.98541213], [-46.5350771, -23.98535184], [-46.53583241, -23.98522779], [-46.53619579, -23.98503993], [-46.53635842, -23.98491369], [-46.53637545, -23.98485753], [-46.53642027, -23.98482457], [-46.53665679, -23.98421628], [-46.53680784, -23.98402514], [-46.53701603, -23.98392823], [-46.53732619, -23.9839766], [-46.53792835, -23.98452952], [-46.53818494, -23.98470123], [-46.53840491, -23.98476856], [-46.53866024, -23.98475155], [-46.53878167, -23.98471421], [-46.53886961, -23.9846545], [-46.55440134, -24.00051006], [-46.56374584, -24.01010509], [-46.55905503, -24.01403534], [-46.56168779, -24.01708822], [-46.5616712, -24.01713359], [-46.56167287, -24.01727173], [-46.56171905, -24.01743199], [-46.56221434, -24.01823152], [-46.56302722, -24.01936011], [-46.56321953, -24.01989814], [-46.56333126, -24.0204388], [-46.56440923, -24.02251102], [-46.56472268, -24.02339095], [-46.56506459, -24.02450988], [-46.56540808, -24.02527212], [-46.56570328, -24.02618655], [-46.56580189, -24.02637336], [-46.56612559, -24.02663734], [-46.5662228, -24.02678986], [-46.56627239, -24.02698711], [-46.56631258, -24.02746438], [-46.56651361, -24.02774677], [-46.56684167, -24.02812629], [-46.56690519, -24.02833784], [-46.56687486, -24.02851243], [-46.5667407, -24.02888042], [-46.56674326, -24.02901043], [-46.5669174, -24.02926329], [-46.56709219, -24.02940869], [-46.56718324, -24.0295387], [-46.5672498, -24.02975744], [-46.5674394, -24.02998848], [-46.56777706, -24.03010512], [-46.56808461, -24.03033404], [-46.56828199, -24.03039523], [-46.56891153, -24.03042129], [-46.56952089, -24.03048638], [-46.56973397, -24.0305447], [-46.57022379, -24.03088553], [-46.57176695, -24.03238764], [-46.57217571, -24.0328521], [-46.57238613, -24.03301518], [-46.5726014, -24.03309244], [-46.57320846, -24.03312864], [-46.57341168, -24.03318435], [-46.57351876, -24.03325819], [-46.57364889, -24.03377157], [-46.57383618, -24.03389155], [-46.57416433, -24.03395319], [-46.57434424, -24.03403261], [-46.57451603, -24.03417261], [-46.57464103, -24.0343447], [-46.57482651, -24.03480061], [-46.57512766, -24.03506661], [-46.5752855, -24.03527087], [-46.5752892, -24.03533223], [-46.57496881, -24.03566603], [-46.57487865, -24.03585116], [-46.57484259, -24.03603846], [-46.57488135, -24.03647601], [-46.57521318, -24.03699995], [-46.57521827, -24.03709471], [-46.57497967, -24.03720101], [-46.57483288, -24.03733887], [-46.5748147, -24.03754133], [-46.57494509, -24.03791292], [-46.5753398, -24.0386746], [-46.57558446, -24.03922562], [-46.57559061, -24.03940706], [-46.57550697, -24.03956323], [-46.57531336, -24.03981174], [-46.57523304, -24.03999859], [-46.57552006, -24.04047513], [-46.57554623, -24.04133089], [-46.57563969, -24.04165682], [-46.57591629, -24.0418436], [-46.57611665, -24.04206729], [-46.57617444, -24.042371], [-46.57619679, -24.04275183], [-46.5762738, -24.0431005], [-46.57644187, -24.04349699], [-46.57664408, -24.04387236], [-46.57684826, -24.0440057], [-46.5771612, -24.04410723], [-46.57803766, -24.04421829], [-46.5783984, -24.04436989], [-46.57881318, -24.04459768], [-46.5790235, -24.04467046], [-46.58041715, -24.04486016], [-46.58102016, -24.04504266], [-46.58252921, -24.0458235], [-46.58275904, -24.04620309], [-46.58290946, -24.04636227], [-46.5831441, -24.04649258], [-46.58331958, -24.0465296], [-46.58353484, -24.04652376], [-46.5845095, -24.046222], [-46.58492786, -24.04617975], [-46.58574495, -24.04601868], [-46.58611868, -24.04602564], [-46.58644349, -24.04613244], [-46.58667532, -24.04635489], [-46.58705624, -24.04702637], [-46.5871731, -24.04709379], [-46.58763417, -24.04724703], [-46.58791409, -24.04746085], [-46.58824023, -24.04783491], [-46.5886025, -24.04834857], [-46.58902082, -24.04870271], [-46.58935946, -24.04889334], [-46.58956842, -24.04893451], [-46.58986551, -24.04894497], [-46.58995791, -24.04902257], [-46.59004642, -24.04918329], [-46.59015045, -24.04972581], [-46.59013785, -24.04998058], [-46.59000903, -24.05029887], [-46.58989435, -24.05048878], [-46.58973628, -24.05066741], [-46.58949689, -24.05087126], [-46.58907624, -24.05112757], [-46.58890028, -24.05129193], [-46.58885275, -24.05150463], [-46.58887159, -24.05175637], [-46.58900109, -24.0520521], [-46.58910902, -24.05243205], [-46.58939638, -24.05300968], [-46.58945493, -24.05353191], [-46.58943884, -24.0539023], [-46.58951083, -24.05407854], [-46.58967679, -24.05429985], [-46.58975938, -24.05453919], [-46.58974686, -24.05479938], [-46.58962351, -24.0550842], [-46.58923446, -24.05567157], [-46.58914646, -24.05587205], [-46.58910407, -24.05650187], [-46.58880431, -24.05683457], [-46.58875526, -24.05700394], [-46.58875981, -24.05713393], [-46.58893334, -24.05757098], [-46.5890578, -24.05777557], [-46.58995118, -24.05893204], [-46.59029758, -24.05927158], [-46.59096825, -24.05983078], [-46.59127841, -24.06018153], [-46.59151069, -24.0605972], [-46.59171732, -24.06116483], [-46.59191101, -24.06156013], [-46.59238045, -24.06206724], [-46.59292936, -24.06247961], [-46.59317539, -24.0627335], [-46.5933288, -24.06313102], [-46.59335259, -24.06370417], [-46.59338736, -24.06389163], [-46.59360452, -24.06443477], [-46.59393849, -24.06496044], [-46.59400176, -24.0651458], [-46.5939995, -24.06552056], [-46.59392897, -24.06570189], [-46.59340965, -24.066492], [-46.59335786, -24.06667765], [-46.59337284, -24.06709467], [-46.59354874, -24.06740166], [-46.59394297, -24.06794838], [-46.59436817, -24.06869342], [-46.59482262, -24.06925757], [-46.59571746, -24.07012413], [-46.59605357, -24.07058205], [-46.59625892, -24.07096368], [-46.59678332, -24.07225218], [-46.59712876, -24.07282739], [-46.59798477, -24.07373136], [-46.59840538, -24.07410171], [-46.59873445, -24.07430776], [-46.59908434, -24.07444768], [-46.59940623, -24.0744714], [-46.59992162, -24.07439558], [-46.6006002, -24.07415551], [-46.60087007, -24.07410844], [-46.60172464, -24.0741022], [-46.60244538, -24.07424816], [-46.60271238, -24.07436545], [-46.60315658, -24.07481319], [-46.60326478, -24.07481477], [-46.6034578, -24.07475586], [-46.60369506, -24.07477504], [-46.60375587, -24.07491978], [-46.6037656, -24.07514904], [-46.60368151, -24.0758994], [-46.60364741, -24.07695353], [-46.60377072, -24.07729989], [-46.60388504, -24.07747658], [-46.60410327, -24.07770455], [-46.60442215, -24.0778809], [-46.60550665, -24.07832913], [-46.60584085, -24.07855047], [-46.6059452, -24.07871642], [-46.60594824, -24.07888164], [-46.60578897, -24.07928062], [-46.60578223, -24.07945045], [-46.60603914, -24.07986222], [-46.60604575, -24.08015562], [-46.60612844, -24.0803191], [-46.6062466, -24.0803305], [-46.6065126, -24.08028707], [-46.60658216, -24.08034413], [-46.60669544, -24.08083145], [-46.60684362, -24.0810421], [-46.60698104, -24.08109844], [-46.60791111, -24.08114916], [-46.60861678, -24.08134491], [-46.60881734, -24.08133829], [-46.60893201, -24.08130548], [-46.60920003, -24.08110942], [-46.60927564, -24.08109959], [-46.60936855, -24.08113654], [-46.60941816, -24.08124979], [-46.60941631, -24.08165254], [-46.6094966, -24.08178173], [-46.61015639, -24.0824773], [-46.61033443, -24.08271471], [-46.610497, -24.08305252], [-46.61066194, -24.08373705], [-46.6107726, -24.08389984], [-46.61090807, -24.08398896], [-46.61094584, -24.0839592]], [[-46.47118524, -23.89397191], [-46.47140857, -23.89346193], [-46.4715577, -23.89321541], [-46.47199822, -23.89269255], [-46.47211255, -23.89258669], [-46.4711303, -23.89213985], [-46.47033745, -23.89170096], [-46.46988328, -23.89144242], [-46.46970162, -23.89131371], [-46.46949531, -23.89110792], [-46.46934677, -23.89089834], [-46.46918965, -23.89056221], [-46.46901637, -23.88982398], [-46.46893369, -23.88956103], [-46.46886749, -23.88942924], [-46.46873526, -23.88923793], [-46.46865372, -23.88915111], [-46.46881078, -23.88901442], [-46.46891122, -23.88910664], [-46.46911975, -23.88943991], [-46.46919568, -23.88964232], [-46.4694712, -23.89065869], [-46.46933958, -23.88950222], [-46.46956302, -23.88940595], [-46.47021295, -23.88954012], [-46.47023587, -23.88950191], [-46.46993009, -23.889305], [-46.46987025, -23.88909583], [-46.46992342, -23.88887401], [-46.46973125, -23.88887585], [-46.46973923, -23.88862804], [-46.47052062, -23.88863379], [-46.47054342, -23.88890277], [-46.47115769, -23.88842456], [-46.4717036, -23.88841438], [-46.47176899, -23.88847816], [-46.47177042, -23.88876387], [-46.47180604, -23.8890542], [-46.47180414, -23.88936305], [-46.47184508, -23.88948818], [-46.47186275, -23.88962178], [-46.47237084, -23.8903948], [-46.47261698, -23.89055925], [-46.47288247, -23.89084572], [-46.47315361, -23.89083817], [-46.47332913, -23.89079355], [-46.47444436, -23.89077626], [-46.47458074, -23.89076504], [-46.47475988, -23.89072204], [-46.47489229, -23.89067783], [-46.47489555, -23.89064807], [-46.47483124, -23.89052152], [-46.47484829, -23.89044043], [-46.47497997, -23.89033182], [-46.4750442, -23.89029321], [-46.47509976, -23.89028277], [-46.47518993, -23.89031494], [-46.47526965, -23.89037528], [-46.47558745, -23.89052252], [-46.47594777, -23.89061816], [-46.47605371, -23.89061549], [-46.4762354, -23.89048162], [-46.4762962, -23.89045792], [-46.4764738, -23.89043805], [-46.47657634, -23.89045193], [-46.47672064, -23.89050504], [-46.47684657, -23.89068055], [-46.47687267, -23.89076453], [-46.47687785, -23.89090486], [-46.476859, -23.89098431], [-46.47678015, -23.89115848], [-46.47677521, -23.89119816], [-46.47680432, -23.89123092], [-46.47694097, -23.89124282], [-46.47707914, -23.89123158], [-46.47725236, -23.89114238], [-46.47732051, -23.89113347], [-46.47758573, -23.89123662], [-46.47763068, -23.89124115], [-46.4777894, -23.89114053], [-46.47782536, -23.89114349], [-46.47787808, -23.89119913], [-46.47788347, -23.89135763], [-46.47810392, -23.89163132], [-46.47822151, -23.89170451], [-46.47849138, -23.8917432], [-46.47868239, -23.89179752], [-46.4788648, -23.89188495], [-46.47882077, -23.89211989], [-46.47821803, -23.89234699], [-46.47827752, -23.89268168], [-46.47788364, -23.89279446], [-46.47779646, -23.89286797], [-46.47768215, -23.89292522], [-46.47800882, -23.89290391], [-46.47822262, -23.89290846], [-46.47839343, -23.89293764], [-46.47835754, -23.89304711], [-46.47836207, -23.89340539], [-46.47831002, -23.89365466], [-46.47836692, -23.89378903], [-46.47832735, -23.89409892], [-46.47822283, -23.89431889], [-46.47805429, -23.89446582], [-46.47780208, -23.89462526], [-46.47740519, -23.89481002], [-46.47568677, -23.89335377], [-46.47499454, -23.89337561], [-46.47460553, -23.89336558], [-46.47446547, -23.89374621], [-46.47438266, -23.89373751], [-46.47369007, -23.89495067], [-46.47118524, -23.89397191]]], [[[-46.47664264, -23.80973003], [-46.47670639, -23.80955514], [-46.47685038, -23.80918171], [-46.47692983, -23.80891456], [-46.47692765, -23.8087249], [-46.47681205, -23.80865828], [-46.47663893, -23.80871233], [-46.47644973, -23.80872951], [-46.4763334, -23.80868545], [-46.47627431, -23.80857947], [-46.47632375, -23.80852571], [-46.47643038, -23.80849489], [-46.47659467, -23.80844001], [-46.47680809, -23.80830884], [-46.47684832, -23.80821728], [-46.4768224, -23.80809561], [-46.47670541, -23.80799105], [-46.47661359, -23.80794586], [-46.47657146, -23.8078632], [-46.47654534, -23.80772619], [-46.47659448, -23.80764265], [-46.47663399, -23.80749054], [-46.47672212, -23.80730009], [-46.47674484, -23.80713999], [-46.47671842, -23.8069732], [-46.47665933, -23.80686721], [-46.47656815, -23.80679221], [-46.47650992, -23.806763], [-46.4762682, -23.80656751], [-46.47615977, -23.80643945], [-46.47616677, -23.80636352], [-46.47621605, -23.80628718], [-46.47630559, -23.80622583], [-46.47637072, -23.80617192], [-46.47635348, -23.80603573], [-46.47618411, -23.80572578], [-46.47601713, -23.80553774], [-46.47590124, -23.80544764], [-46.47574379, -23.8054112], [-46.47550399, -23.80538282], [-46.47523994, -23.80537811], [-46.4750915, -23.80535694], [-46.47500803, -23.80526657], [-46.47501432, -23.8051292], [-46.47507921, -23.80505275], [-46.47514382, -23.80486249], [-46.4751909, -23.80468776], [-46.47518182, -23.80458128], [-46.47514761, -23.80450573], [-46.47509704, -23.80446106], [-46.4750065, -23.80443847], [-46.47491673, -23.80448538], [-46.47482659, -23.80458468], [-46.47468731, -23.8046772], [-46.474605, -23.80469335], [-46.47446443, -23.8046721], [-46.47432357, -23.80462742], [-46.47419114, -23.8045456], [-46.47408178, -23.80442473], [-46.47389813, -23.80423684], [-46.47376548, -23.80413968], [-46.47361634, -23.80405712], [-46.47344985, -23.80399821], [-46.47329266, -23.80390128], [-46.47322472, -23.80379536], [-46.47324941, -23.80371926], [-46.4733383, -23.80359651], [-46.4734838, -23.80326911], [-46.47363158, -23.80322977], [-46.47382139, -23.80326589], [-46.47402043, -23.80333262], [-46.47419392, -23.8033156], [-46.47432473, -23.80325387], [-46.47437207, -23.80310078], [-46.4743375, -23.80290424], [-46.47410263, -23.80261753], [-46.47381889, -23.80226354], [-46.47358551, -23.80210682], [-46.47335473, -23.80209366], [-46.47311543, -23.80211133], [-46.47301708, -23.80217999], [-46.47301879, -23.80233168], [-46.473031, -23.80262774], [-46.47300036, -23.80287095], [-46.47294351, -23.80296271], [-46.47278068, -23.80314669], [-46.47276579, -23.80330666], [-46.47271011, -23.80350409], [-46.47262821, -23.80355091], [-46.47252137, -23.80356639], [-46.47238829, -23.80351528], [-46.47211604, -23.80347996], [-46.47195185, -23.80354203], [-46.47176343, -23.80371809], [-46.47125623, -23.8040878], [-46.47114347, -23.80427038], [-46.47111328, -23.80455151], [-46.47110659, -23.80474213], [-46.47097739, -23.80494834], [-46.4707583, -23.80527644], [-46.47073744, -23.80560352], [-46.47078256, -23.80595168], [-46.47075212, -23.80621023], [-46.47067048, -23.80627963], [-46.47567318, -23.81082024], [-46.47662762, -23.80988191], [-46.47664264, -23.80973003]]], [[[-46.49695809, -23.79954562], [-46.4969142, -23.79905839], [-46.49686277, -23.79791025], [-46.49686316, -23.79683107], [-46.49701984, -23.79620193], [-46.49725508, -23.79574723], [-46.49754164, -23.79548888], [-46.49791885, -23.79534615], [-46.49819655, -23.79534349], [-46.49849932, -23.7953875], [-46.49886707, -23.79553474], [-46.49925974, -23.79571605], [-46.49957573, -23.79571297], [-46.49973894, -23.79565358], [-46.49999962, -23.7952799], [-46.50022015, -23.79474316], [-46.50031268, -23.79456875], [-46.50038052, -23.79447802], [-46.50047638, -23.79440832], [-46.50076574, -23.79422494], [-46.50100117, -23.79395714], [-46.50135782, -23.79339559], [-46.5019908, -23.79245573], [-46.50235832, -23.79215588], [-46.50280651, -23.7919592], [-46.50334644, -23.79180311], [-46.49814027, -23.78718521], [-46.48746014, -23.77712507], [-46.49613943, -23.76758738], [-46.49605683, -23.76728131], [-46.49591285, -23.7670497], [-46.49577852, -23.76679904], [-46.49551087, -23.76647564], [-46.49525353, -23.76610519], [-46.49500725, -23.7657626], [-46.49475991, -23.7654995], [-46.49465759, -23.76530003], [-46.49417601, -23.76480166], [-46.4938785, -23.76452461], [-46.49332708, -23.76409196], [-46.49289825, -23.76383511], [-46.49239985, -23.76357897], [-46.49174764, -23.76325926], [-46.4911883, -23.76307775], [-46.49063074, -23.76297115], [-46.49012487, -23.76300402], [-46.48971008, -23.76311095], [-46.48915594, -23.76330231], [-46.48874103, -23.76340025], [-46.4884482, -23.76344912], [-46.48789158, -23.76351047], [-46.48765023, -23.76359677], [-46.48740861, -23.76374813], [-46.48724863, -23.76391763], [-46.48699842, -23.76417199], [-46.48681763, -23.76432272], [-46.48658647, -23.76444595], [-46.48630409, -23.76455075], [-46.486072, -23.76467486], [-46.48574192, -23.76498506], [-46.48546346, -23.76543568], [-46.48522851, -23.76617394], [-46.48514408, -23.76677165], [-46.4851801, -23.76726528], [-46.48533619, -23.76761777], [-46.48545963, -23.76777463], [-46.48557142, -23.76785753], [-46.48570386, -23.76794023], [-46.48588663, -23.76796646], [-46.48604853, -23.76796489], [-46.4862305, -23.76791711], [-46.48639176, -23.76785955], [-46.48649257, -23.76783965], [-46.4865437, -23.76784815], [-46.48673841, -23.76806121], [-46.48679114, -23.76820973], [-46.48686307, -23.76832101], [-46.48697627, -23.7684409], [-46.48718956, -23.76855989], [-46.48739458, -23.76872585], [-46.48762954, -23.76893762], [-46.48777401, -23.76913221], [-46.48780333, -23.76929358], [-46.48774572, -23.76931938], [-46.4875834, -23.76928304], [-46.48742997, -23.7691635], [-46.48713352, -23.76898035], [-46.48666584, -23.76875184], [-46.48622913, -23.76866215], [-46.48583364, -23.7686569], [-46.48538929, -23.76875419], [-46.48511697, -23.76887785], [-46.4848067, -23.7692077], [-46.4846605, -23.76963715], [-46.48463429, -23.77001036], [-46.48463696, -23.77024335], [-46.48467969, -23.7704669], [-46.48467222, -23.77067196], [-46.48461362, -23.77086846], [-46.48456548, -23.7711209], [-46.48466094, -23.77149293], [-46.4846626, -23.77164194], [-46.48462471, -23.77184728], [-46.48461676, -23.77209838], [-46.48463853, -23.77220113], [-46.4847111, -23.77236841], [-46.48483529, -23.77259025], [-46.48487765, -23.77277678], [-46.48487007, -23.77297285], [-46.4848031, -23.77329945], [-46.48462643, -23.77381231], [-46.4844686, -23.77416963], [-46.48432103, -23.77457201], [-46.48413308, -23.77495578], [-46.48394384, -23.77522761], [-46.48382344, -23.77534076], [-46.48364926, -23.77538399], [-46.48356841, -23.77517525], [-46.4835564, -23.77498028], [-46.48353249, -23.77469154], [-46.48346628, -23.77421627], [-46.48343951, -23.77367563], [-46.48342339, -23.77311678], [-46.48334778, -23.77267953], [-46.4833446, -23.77239959], [-46.48333097, -23.77214871], [-46.4832583, -23.7719724], [-46.48320595, -23.7717679], [-46.48322271, -23.77151579], [-46.4833486, -23.77102059], [-46.48337604, -23.77075936], [-46.48337401, -23.7705824], [-46.48333273, -23.77048884], [-46.48327065, -23.77037839], [-46.48312766, -23.77022987], [-46.48301456, -23.77011986], [-46.48296217, -23.76999844], [-46.4829611, -23.76990546], [-46.48299039, -23.76980312], [-46.48308022, -23.76968033], [-46.48321033, -23.76947412], [-46.4832585, -23.7693066], [-46.48324731, -23.76918479], [-46.48314214, -23.76882274], [-46.48308627, -23.76839437], [-46.48311509, -23.7682541], [-46.48321413, -23.76807616], [-46.48329344, -23.76788935], [-46.48331115, -23.76772122], [-46.48328955, -23.76754443], [-46.48330694, -23.76734831], [-46.48337643, -23.76716159], [-46.48352467, -23.76690821], [-46.48364347, -23.76665513], [-46.48368088, -23.76631975], [-46.483601, -23.76559355], [-46.48347448, -23.76516582], [-46.4833833, -23.76508273], [-46.48324028, -23.76501908], [-46.48303799, -23.76500203], [-46.48276456, -23.76503267], [-46.4824517, -23.76512868], [-46.48190799, -23.76537591], [-46.48155504, -23.76557528], [-46.48120395, -23.76584954], [-46.48096243, -23.76600988], [-46.48078165, -23.76607667], [-46.48060911, -23.76608825], [-46.48001055, -23.76600007], [-46.4794947, -23.76602398], [-46.47902989, -23.76613137], [-46.47857513, -23.76626576], [-46.47810248, -23.76655021], [-46.47774291, -23.76694467], [-46.47760329, -23.76717902], [-46.47746555, -23.76749732], [-46.47732752, -23.7678716], [-46.47715867, -23.76812517], [-46.47683781, -23.76847321], [-46.47652733, -23.76878319], [-46.47629912, -23.76916828], [-46.47584592, -23.77030954], [-46.47536922, -23.77110608], [-46.47518926, -23.77133174], [-46.47502248, -23.77142003], [-46.47496006, -23.77196422], [-46.47478099, -23.77239135], [-46.4749124, -23.7725098], [-46.47502303, -23.77270826], [-46.47502573, -23.77294766], [-46.47494105, -23.77312803], [-46.47485547, -23.77322861], [-46.47453211, -23.77339131], [-46.47390483, -23.77351701], [-46.47419135, -23.77393326], [-46.47458424, -23.77416893], [-46.47487009, -23.77452533], [-46.47498478, -23.77508288], [-46.47503533, -23.77572085], [-46.47499715, -23.77618011], [-46.47528526, -23.776736], [-46.47503211, -23.77735692], [-46.47471347, -23.77793857], [-46.47439235, -23.77830076], [-46.47411864, -23.77902164], [-46.47328601, -23.78016683], [-46.4722558, -23.78109444], [-46.47213112, -23.78157447], [-46.47209226, -23.78197388], [-46.47211776, -23.78231281], [-46.47218571, -23.78257154], [-46.47270188, -23.78348439], [-46.47305653, -23.78417267], [-46.47329317, -23.78464925], [-46.47338289, -23.78491441], [-46.47339278, -23.78579219], [-46.47333827, -23.78608534], [-46.47334097, -23.78632473], [-46.47337287, -23.78659045], [-46.47348999, -23.78672235], [-46.47360801, -23.78693404], [-46.47386996, -23.78709115], [-46.47445318, -23.78753782], [-46.47486026, -23.78774674], [-46.4750391, -23.78822388], [-46.4750448, -23.78872926], [-46.47522214, -23.7890734], [-46.47571535, -23.7892283], [-46.47600982, -23.78970432], [-46.47604263, -23.79004983], [-46.47604503, -23.79026263], [-46.47622268, -23.79063336], [-46.47634041, -23.79081845], [-46.47645497, -23.79081466], [-46.47655989, -23.79077944], [-46.47671744, -23.79074178], [-46.47702422, -23.79079304], [-46.47749923, -23.79087969], [-46.47765689, -23.79085112], [-46.47776401, -23.79077693], [-46.47782283, -23.79068604], [-46.47784153, -23.79060369], [-46.47782029, -23.79045851], [-46.47777756, -23.7902413], [-46.47785297, -23.78987756], [-46.47787001, -23.78964983], [-46.4778384, -23.78945958], [-46.47773726, -23.78927903], [-46.47758628, -23.78903485], [-46.47750553, -23.78883604], [-46.47754303, -23.78868126], [-46.47764994, -23.78849873], [-46.47779623, -23.78833386], [-46.47784405, -23.78822415], [-46.47784293, -23.78812483], [-46.4778323, -23.78805177], [-46.47781159, -23.78795265], [-46.47775068, -23.78786202], [-46.47768118, -23.78779042], [-46.47760013, -23.78765483], [-46.47757752, -23.78739137], [-46.47753499, -23.78710101], [-46.47738367, -23.7868207], [-46.47719407, -23.78663198], [-46.47699553, -23.78651647], [-46.47675892, -23.78650879], [-46.47629482, -23.78651326], [-46.47601778, -23.7864888], [-46.47589975, -23.78646283], [-46.4758698, -23.78641796], [-46.47592783, -23.78634428], [-46.47614366, -23.78625191], [-46.4766448, -23.78604755], [-46.4767815, -23.78590084], [-46.47684791, -23.7856997], [-46.4768948, -23.78541841], [-46.47691735, -23.78480952], [-46.47691959, -23.78413765], [-46.47687695, -23.78383826], [-46.47688533, -23.78371084], [-46.47697319, -23.78367388], [-46.47704212, -23.78369128], [-46.47712247, -23.78377178], [-46.47722498, -23.78407062], [-46.47734725, -23.78446951], [-46.47744238, -23.78498605], [-46.47763507, -23.78544747], [-46.47800593, -23.78596136], [-46.47834602, -23.78635812], [-46.47846676, -23.78661976], [-46.4786714, -23.78719034], [-46.4788513, -23.78738819], [-46.47906813, -23.7873861], [-46.47931299, -23.78725644], [-46.47998815, -23.78673252], [-46.48030097, -23.78645681], [-46.48051393, -23.7861098], [-46.48065828, -23.78577249], [-46.48079519, -23.78564385], [-46.48090474, -23.78569788], [-46.48100409, -23.78580526], [-46.48101678, -23.78605984], [-46.48098055, -23.78632387], [-46.48085536, -23.78662399], [-46.48062281, -23.78697205], [-46.48045894, -23.7873186], [-46.47999901, -23.78769505], [-46.47931511, -23.7883103], [-46.47912084, -23.78857585], [-46.47903543, -23.78883042], [-46.47890826, -23.78982137], [-46.4789316, -23.79014807], [-46.4790017, -23.79027471], [-46.47907227, -23.79035621], [-46.47916073, -23.79036442], [-46.47928878, -23.79031714], [-46.47944356, -23.79003477], [-46.47961725, -23.78968817], [-46.47977309, -23.7894952], [-46.47990074, -23.78941273], [-46.47999925, -23.78944789], [-46.48005965, -23.78958367], [-46.48009206, -23.78975582], [-46.48013316, -23.7899189], [-46.4802531, -23.79002703], [-46.48039132, -23.79009792], [-46.48060885, -23.79006874], [-46.48084377, -23.78993014], [-46.48108779, -23.78972825], [-46.48138065, -23.78941657], [-46.48158511, -23.78918794], [-46.48185996, -23.78902095], [-46.48221419, -23.78892724], [-46.48283304, -23.78872173], [-46.48307858, -23.78856497], [-46.48325409, -23.78838177], [-46.48371359, -23.78796823], [-46.48384139, -23.78790109], [-46.48385119, -23.78798501], [-46.48382329, -23.78812162], [-46.48375613, -23.78825863], [-46.48368793, -23.78838661], [-46.48367024, -23.78855925], [-46.48373339, -23.78884946], [-46.48370431, -23.78896709], [-46.48361723, -23.78907722], [-46.48334113, -23.78913407], [-46.48304747, -23.78928227], [-46.48275361, -23.78950362], [-46.48257671, -23.78956854], [-46.48236004, -23.7895887], [-46.48218397, -23.78972674], [-46.48199852, -23.78990101], [-46.48167571, -23.79016778], [-46.4809697, -23.7905647], [-46.48059666, -23.79081391], [-46.48026351, -23.79094351], [-46.47983002, -23.79105692], [-46.47937568, -23.7910613], [-46.47905223, -23.7911827], [-46.4787384, -23.79137625], [-46.47856409, -23.7916687], [-46.47845928, -23.79203274], [-46.47843365, -23.79236893], [-46.47848516, -23.79258697], [-46.47864514, -23.79275792], [-46.4789617, -23.79280907], [-46.47923748, -23.79272424], [-46.47932472, -23.79262405], [-46.47943164, -23.79245055], [-46.47960567, -23.792131], [-46.47983722, -23.79169261], [-46.47999244, -23.79144642], [-46.48009143, -23.79143553], [-46.48018038, -23.79148976], [-46.48024111, -23.79165264], [-46.48021466, -23.79191567], [-46.48028563, -23.7920333], [-46.48038541, -23.79217771], [-46.48050551, -23.79229487], [-46.48065447, -23.79236567], [-46.48120737, -23.79239739], [-46.48144446, -23.79244929], [-46.48154493, -23.79256666], [-46.48157568, -23.79268374], [-46.48141945, -23.79283968], [-46.48120304, -23.79287876], [-46.4805623, -23.79297521], [-46.48035699, -23.79313161], [-46.48030895, -23.79322326], [-46.48030996, -23.79331359], [-46.48036979, -23.79339513], [-46.48047971, -23.79348444], [-46.48083806, -23.79375373], [-46.4810487, -23.79406955], [-46.48126088, -23.79452177], [-46.48132068, -23.79460246], [-46.48139066, -23.79462886], [-46.48147828, -23.7945648], [-46.48155613, -23.79441866], [-46.48161366, -23.79429981], [-46.48170276, -23.79428093], [-46.48179167, -23.79433516], [-46.48189092, -23.79434323], [-46.48207688, -23.79421412], [-46.48217511, -23.79422218], [-46.48223538, -23.79425776], [-46.48227626, -23.79440274], [-46.48225789, -23.79451219], [-46.48218254, -23.79487593], [-46.48213633, -23.79513103], [-46.48217838, -23.79537537], [-46.48225911, -23.79548386], [-46.48250642, -23.79557179], [-46.48272364, -23.79559769], [-46.48288192, -23.79562326], [-46.48324057, -23.79591963], [-46.48343778, -23.79591774], [-46.48356533, -23.79582529], [-46.48362361, -23.79568839], [-46.48359012, -23.79541688], [-46.48350802, -23.79509979], [-46.48355502, -23.79491692], [-46.48369077, -23.79468895], [-46.48383249, -23.79437513], [-46.48390134, -23.79430225], [-46.48398279, -23.79430505], [-46.48405201, -23.79434955], [-46.48409407, -23.79459388], [-46.48414968, -23.79508369], [-46.48419017, -23.79519257], [-46.48424967, -23.7952471], [-46.4844181, -23.79529967], [-46.48468439, -23.79524292], [-46.48474364, -23.79527844], [-46.48478392, -23.79536836], [-46.48483636, -23.79557737], [-46.48492655, -23.79573995], [-46.48508555, -23.79582875], [-46.48525397, -23.79588221], [-46.48552912, -23.79582445], [-46.48580368, -23.79563129], [-46.48595928, -23.79542119], [-46.48595607, -23.79513946], [-46.4858936, -23.79482217], [-46.48562153, -23.79437055], [-46.48549947, -23.79408096], [-46.48551762, -23.79386316], [-46.4855742, -23.79366301], [-46.48559177, -23.79348134], [-46.48553114, -23.79332749], [-46.48537131, -23.79316562], [-46.4852598, -23.79293911], [-46.48526734, -23.79273947], [-46.48531443, -23.79256653], [-46.48542017, -23.79228378], [-46.48550543, -23.79192896], [-46.48549056, -23.79148389], [-46.48555407, -23.79102905], [-46.48566074, -23.79082845], [-46.48579675, -23.79070883], [-46.48587136, -23.79071082], [-46.48591635, -23.79078082], [-46.4858599, -23.79099899], [-46.48582288, -23.79128112], [-46.48587561, -23.79151629], [-46.48589796, -23.79175269], [-46.48584362, -23.79215233], [-46.48585599, -23.7923798], [-46.48599577, -23.79258704], [-46.48619601, -23.79276662], [-46.48631594, -23.79295603], [-46.4863481, -23.79319234], [-46.4863818, -23.79348276], [-46.48643707, -23.79402679], [-46.48650824, -23.79424373], [-46.48664743, -23.79431556], [-46.48676638, -23.79433246], [-46.48688414, -23.79433132], [-46.48706205, -23.79435668], [-46.4871724, -23.79448298], [-46.48734434, -23.79484432], [-46.48755431, -23.79509696], [-46.48781307, -23.79523984], [-46.48815093, -23.79543619], [-46.48843019, -23.79574231], [-46.48883771, -23.79602014], [-46.48908572, -23.79608097], [-46.48931283, -23.7961149], [-46.48944098, -23.79607754], [-46.48950776, -23.79591342], [-46.48948556, -23.79568699], [-46.48935278, -23.7953153], [-46.48924038, -23.79492626], [-46.48915425, -23.79434554], [-46.48916878, -23.79380988], [-46.48924303, -23.79343713], [-46.48942518, -23.79297209], [-46.48954855, -23.7925167], [-46.48958408, -23.79218944], [-46.48952229, -23.79193537], [-46.48941986, -23.79164558], [-46.4891681, -23.79116668], [-46.48879623, -23.79057156], [-46.48860366, -23.79011919], [-46.48843405, -23.78910309], [-46.48848023, -23.78884889], [-46.48856626, -23.78881736], [-46.48862862, -23.78886553], [-46.48880975, -23.78917262], [-46.48905152, -23.78963355], [-46.48948198, -23.79011972], [-46.48989172, -23.79059713], [-46.49016088, -23.79087624], [-46.49032017, -23.79099209], [-46.49051808, -23.79104529], [-46.49066538, -23.79097074], [-46.4908217, -23.79082382], [-46.49097752, -23.79063178], [-46.49112167, -23.79027635], [-46.49138422, -23.78989184], [-46.49168523, -23.78952592], [-46.49205593, -23.78915933], [-46.49221191, -23.78898531], [-46.49228692, -23.78901982], [-46.49233287, -23.78917469], [-46.49233565, -23.78942029], [-46.49243725, -23.78963697], [-46.49256627, -23.78976304], [-46.49283328, -23.78976946], [-46.49305965, -23.7897402], [-46.4934519, -23.78954495], [-46.49364812, -23.78937057], [-46.49384164, -23.78904182], [-46.49402544, -23.78872215], [-46.49419073, -23.78850291], [-46.49432836, -23.78843838], [-46.49442691, -23.78847443], [-46.49441895, -23.78863709], [-46.4943706, -23.78870074], [-46.49431345, -23.78893791], [-46.49424686, -23.78912005], [-46.49413951, -23.78925747], [-46.49369167, -23.78974312], [-46.49339862, -23.79003671], [-46.49331222, -23.79020104], [-46.49336304, -23.79035494], [-46.49338397, -23.79047212], [-46.49331647, -23.79057306], [-46.49321817, -23.79064625], [-46.49293342, -23.79080339], [-46.49251135, -23.79097095], [-46.49224706, -23.79120104], [-46.49191507, -23.79152214], [-46.49170157, -23.79181497], [-46.49146889, -23.79215316], [-46.49138414, -23.79255314], [-46.49122029, -23.7928997], [-46.49128244, -23.79309957], [-46.4915524, -23.79345095], [-46.49166353, -23.79364043], [-46.49171546, -23.79389455], [-46.49166867, -23.79409459], [-46.49157187, -23.7942951], [-46.49142547, -23.79445095], [-46.49117069, -23.7945717], [-46.49074944, -23.79481148], [-46.49051434, -23.79502235], [-46.49025207, -23.79534274], [-46.49012682, -23.79563473], [-46.49011961, -23.79586236], [-46.49018024, -23.79601621], [-46.49034845, -23.7960507], [-46.49081169, -23.79596405], [-46.49147113, -23.7957852], [-46.49160847, -23.79578386], [-46.49168881, -23.79585625], [-46.49165078, -23.79596497], [-46.49151408, -23.79611169], [-46.49125938, -23.79632365], [-46.49080934, -23.79661789], [-46.49036647, -23.79676753], [-46.48988577, -23.79704489], [-46.48976182, -23.797364], [-46.48974552, -23.79765492], [-46.4898581, -23.79806203], [-46.48998914, -23.7982793], [-46.49018714, -23.79834059], [-46.49053215, -23.79830112], [-46.49085681, -23.79819778], [-46.49114146, -23.79803156], [-46.49134855, -23.79802956], [-46.49143714, -23.79805578], [-46.49164684, -23.79828131], [-46.4919461, -23.79853311], [-46.49210534, -23.79863993], [-46.49218502, -23.79865719], [-46.4922533, -23.79862043], [-46.49228085, -23.79845671], [-46.49222703, -23.79803911], [-46.4922528, -23.79772098], [-46.49238932, -23.79755625], [-46.49259517, -23.79744589], [-46.49271324, -23.79738966], [-46.49293778, -23.79719691], [-46.49332791, -23.79681205], [-46.49341658, -23.79675613], [-46.49346627, -23.79681071], [-46.49347754, -23.79693793], [-46.49340514, -23.79747417], [-46.4931924, -23.7979214], [-46.49319447, -23.79810291], [-46.49324666, -23.79829296], [-46.4932292, -23.79848366], [-46.49317105, -23.7986296], [-46.49320212, -23.79877468], [-46.49326418, -23.79896462], [-46.49335343, -23.79904594], [-46.49369125, -23.7992332], [-46.49401992, -23.79948469], [-46.49414043, -23.79963793], [-46.49423918, -23.7996912], [-46.49454587, -23.79973339], [-46.49490166, -23.79977506], [-46.49501988, -23.79972876], [-46.49510662, -23.79959158], [-46.49526149, -23.79931824], [-46.49534017, -23.79924436], [-46.49539902, -23.79924379], [-46.4954291, -23.79929768], [-46.49550158, -23.79954257], [-46.49556099, -23.79958717], [-46.49561985, -23.79958659], [-46.4956791, -23.79953184], [-46.49567681, -23.7993323], [-46.49571661, -23.79852367], [-46.49572316, -23.79737947], [-46.49568891, -23.79696165], [-46.49552469, -23.79641874], [-46.49545141, -23.79610159], [-46.49549009, -23.79596484], [-46.49561599, -23.79581821], [-46.49573377, -23.79573489], [-46.49586119, -23.79563434], [-46.49590911, -23.79553365], [-46.49591725, -23.79538817], [-46.49588573, -23.79520696], [-46.49591299, -23.79501615], [-46.49598163, -23.79492426], [-46.49620696, -23.79480381], [-46.49653136, -23.79468324], [-46.49669889, -23.79465454], [-46.49679752, -23.79469872], [-46.49687899, -23.79487044], [-46.49687085, -23.79501588], [-46.49678579, -23.79538876], [-46.49665117, -23.79571699], [-46.49655942, -23.79627236], [-46.49654612, -23.79682605], [-46.49657146, -23.79732517], [-46.49660473, -23.79766079], [-46.49663742, -23.79794222], [-46.49659259, -23.7983147], [-46.49650673, -23.79861536], [-46.49645066, -23.79886153], [-46.49647322, -23.79911506], [-46.49682678, -23.79982051], [-46.49695891, -23.80006516], [-46.49709805, -23.8000075], [-46.49695809, -23.79954562]]]]}}]}