{"type": "FeatureCollection", "features": [{"type": "Feature", "properties": {"name": "Parque Estadual Serra do Mar - Núcleo Picinguaba"}, "geometry": {"type": "MultiPolygon", "coordinates": [[[[-45.26150155, -23.54577095], [-45.26176697, -23.54572172], [-45.26232215, -23.54555007], [-45.2630518, -23.54541064], [-45.26364109, -23.5451495], [-45.26420468, -23.54477278], [-45.26511587, -23.54429339], [-45.26531365, -23.54423073], [-45.26550375, -23.54424305], [-45.26554797, -23.54428588], [-45.2657254, -23.54390572], [-45.26579328, -23.54385287], [-45.26590951, -23.54382718], [-45.26605468, -23.54382104], [-45.26616562, -23.54385396], [-45.26645339, -23.5439934], [-45.26674141, -23.54420603], [-45.26709357, -23.54444161], [-45.26723897, -23.54450956], [-45.26770135, -23.54468319], [-45.26781273, -23.54469715], [-45.26817923, -23.54469722], [-45.26854723, -23.54467473], [-45.26872713, -23.54465031], [-45.26891386, -23.54458536], [-45.26928128, -23.54437856], [-45.26960586, -23.54420162], [-45.27001063, -23.54403169], [-45.27031605, -23.54391942], [-45.27082733, -23.54376245], [-45.27111664, -23.54366883], [-45.27156873, -23.54352875], [-45.27186421, -23.54333858], [-45.27226534, -23.54298879], [-45.27268016, -23.5427242], [-45.27296224, -23.54256267], [-45.27327553, -23.54244874], [-45.27348083, -23.54242752], [-45.27401695, -23.54246528], [-45.27419914, -23.54242644], [-45.27428295, -23.54232059], [-45.27435861, -23.54214412], [-45.27446561, -23.54196827], [-45.27467911, -23.54176381], [-45.27488368, -23.54160616], [-45.27507322, -23.54150422], [-45.27543972, -23.54137779], [-45.27580694, -23.54130468], [-45.27617403, -23.54123699], [-45.2766932, -23.54116056], [-45.2769085, -23.54108895], [-45.27702585, -23.54105695], [-45.27745834, -23.54083245], [-45.27779439, -23.54079304], [-45.27805105, -23.54083789], [-45.27824422, -23.54091671], [-45.27876138, -23.54126215], [-45.27886605, -23.54131211], [-45.27913986, -23.54137807], [-45.27930503, -23.5413967], [-45.27946577, -23.54139538], [-45.27964902, -23.54135294], [-45.27975567, -23.54131801], [-45.27983213, -23.5412328], [-45.27987723, -23.54114786], [-45.27990824, -23.54103645], [-45.27989275, -23.54090243], [-45.2798237, -23.54071225], [-45.27978469, -23.5405362], [-45.27972266, -23.54033893], [-45.27964676, -23.54002212], [-45.279531, -23.53969187], [-45.27934571, -23.53923376], [-45.27922049, -23.53901536], [-45.27901637, -23.53869239], [-45.27893277, -23.53849559], [-45.27891695, -23.53833356], [-45.27893201, -23.53798242], [-45.27893143, -23.53767162], [-45.27895303, -23.5372917], [-45.27904293, -23.53688241], [-45.27925569, -23.53637348], [-45.27927875, -23.53609929], [-45.27919325, -23.53560612], [-45.27896336, -23.53521217], [-45.27843511, -23.53467046], [-45.27817516, -23.53434729], [-45.27810593, -23.53420679], [-45.27809909, -23.53408017], [-45.27815939, -23.53384737], [-45.27835739, -23.53342488], [-45.27850789, -23.53293819], [-45.27873601, -23.53214859], [-45.2789638, -23.53133097], [-45.2790914, -23.53073362], [-45.27910397, -23.53032099], [-45.27906079, -23.52994611], [-45.27897751, -23.52961018], [-45.27892861, -23.52939599], [-45.27889163, -23.52913326], [-45.27883577, -23.52896592], [-45.27873139, -23.5288202], [-45.27863979, -23.52875695], [-45.27818277, -23.52852292], [-45.27810244, -23.52839665], [-45.27800267, -23.5282212], [-45.27793155, -23.52799393], [-45.27790281, -23.52771419], [-45.27791692, -23.52731967], [-45.27798539, -23.526947], [-45.27811751, -23.52665961], [-45.27820481, -23.52640386], [-45.27826562, -23.52606537], [-45.27832623, -23.52586149], [-45.27846297, -23.52558594], [-45.27859953, -23.5252345], [-45.2787202, -23.52468218], [-45.27877348, -23.52437245], [-45.27881715, -23.52401284], [-45.27883989, -23.52366817], [-45.27882394, -23.52338598], [-45.27873171, -23.52309776], [-45.27863945, -23.52289446], [-45.27861696, -23.5226826], [-45.2786347, -23.52251039], [-45.27876874, -23.52222485], [-45.27884392, -23.52181618], [-45.27889657, -23.52144952], [-45.27890251, -23.52111084], [-45.27882645, -23.52084372], [-45.27871913, -23.52057236], [-45.27845247, -23.52015961], [-45.27782962, -23.51943442], [-45.27763871, -23.51921832], [-45.27739986, -23.51899946], [-45.27719445, -23.5188174], [-45.2770181, -23.51869103], [-45.27680713, -23.51849531], [-45.27670317, -23.51837399], [-45.27622987, -23.51766442], [-45.27618591, -23.517575], [-45.27597326, -23.51719946], [-45.27573276, -23.5168839], [-45.27544936, -23.51647533], [-45.27515604, -23.516156], [-45.27492088, -23.51590559], [-45.27474601, -23.51575846], [-45.27466927, -23.51568828], [-45.27453047, -23.51559066], [-45.27440084, -23.51547786], [-45.27417181, -23.51521673], [-45.27387304, -23.51475364], [-45.27371882, -23.51439371], [-45.27358135, -23.51419764], [-45.27347508, -23.51409163], [-45.2734127, -23.51399372], [-45.27338267, -23.51389555], [-45.27332801, -23.51363517], [-45.27332696, -23.51326112], [-45.27334076, -23.51296416], [-45.27325723, -23.51263996], [-45.27315249, -23.51230089], [-45.27306462, -23.51203624], [-45.27302156, -23.51182488], [-45.27304201, -23.51166266], [-45.27310177, -23.51157892], [-45.27333139, -23.51143713], [-45.27351445, -23.51135946], [-45.27374858, -23.51127648], [-45.27411577, -23.5111591], [-45.27491752, -23.51097627], [-45.27525328, -23.51082032], [-45.2754677, -23.51065835], [-45.27562159, -23.51048704], [-45.2757266, -23.5103536], [-45.27584777, -23.51015725], [-45.27599556, -23.50995329], [-45.27632726, -23.50963554], [-45.27640404, -23.50949432], [-45.27653311, -23.50904335], [-45.27666119, -23.50871884], [-45.27699164, -23.50824477], [-45.27730208, -23.50791394], [-45.27755769, -23.50770761], [-45.27769453, -23.50763714], [-45.27787644, -23.50756667], [-45.27816388, -23.50738175], [-45.27837865, -23.50720442], [-45.2785062, -23.50702807], [-45.27873707, -23.50662248], [-45.27916476, -23.50596873], [-45.27947856, -23.50570392], [-45.27972271, -23.50556873], [-45.28031168, -23.50526601], [-45.28048623, -23.50509059], [-45.28053999, -23.50492813], [-45.28052371, -23.50461792], [-45.28040003, -23.50399841], [-45.28029342, -23.50382283], [-45.27966604, -23.50321049], [-45.27909969, -23.5025858], [-45.27882494, -23.50226956], [-45.27857093, -23.50198806], [-45.27825045, -23.50174228], [-45.27789111, -23.50148217], [-45.27753643, -23.50131703], [-45.27731599, -23.50123405], [-45.27698139, -23.50113164], [-45.27656947, -23.50098432], [-45.2764088, -23.50090072], [-45.27624817, -23.50077376], [-45.27594972, -23.50038205], [-45.27572535, -23.50021588], [-45.27551176, -23.50009147], [-45.27531632, -23.50002887], [-45.27523969, -23.49995416], [-45.27491514, -23.4998411], [-45.2746256, -23.49978114], [-45.27417738, -23.49967827], [-45.27302416, -23.49956139], [-45.27264807, -23.4994744], [-45.2722377, -23.49930272], [-45.27187498, -23.49910487], [-45.27149133, -23.49883795], [-45.27125735, -23.49853876], [-45.27080376, -23.49803735], [-45.2705891, -23.49779186], [-45.2704928, -23.49755323], [-45.2704923, -23.49728128], [-45.2705525, -23.497053], [-45.27063426, -23.49682424], [-45.27088124, -23.49644248], [-45.27112811, -23.49602276], [-45.27137462, -23.49545126], [-45.27177757, -23.49413841], [-45.27179078, -23.49407634], [-45.27186973, -23.49379964], [-45.27195557, -23.49352218], [-45.27208345, -23.49328982], [-45.2721858, -23.49301811], [-45.27231772, -23.49244522], [-45.27233242, -23.49215189], [-45.27231538, -23.49187509], [-45.27230042, -23.49134175], [-45.27225581, -23.49098761], [-45.27213872, -23.49021372], [-45.27210435, -23.48996639], [-45.27212017, -23.48966676], [-45.27214871, -23.48932582], [-45.2723255, -23.48901222], [-45.27254595, -23.48880067], [-45.27288521, -23.48853457], [-45.27322367, -23.48830279], [-45.27340021, -23.48812561], [-45.27373954, -23.48768875], [-45.274092, -23.48731901], [-45.27444652, -23.48707038], [-45.27499902, -23.48669106], [-45.27518029, -23.48647874], [-45.27528164, -23.48633349], [-45.27548807, -23.48592471], [-45.27548067, -23.48586403], [-45.27547347, -23.48575276], [-45.27534119, -23.48541946], [-45.27500227, -23.4848327], [-45.2748288, -23.48458532], [-45.27436124, -23.48405472], [-45.27410076, -23.48380019], [-45.27383885, -23.48352304], [-45.27353983, -23.48324154], [-45.27338056, -23.48301521], [-45.27257458, -23.48267394], [-45.27227462, -23.48251619], [-45.27167397, -23.48231632], [-45.27134711, -23.48226193], [-45.27091478, -23.48223616], [-45.27070969, -23.48225196], [-45.27049719, -23.482292], [-45.26932353, -23.48259479], [-45.26896306, -23.4826373], [-45.26855556, -23.48263822], [-45.26806501, -23.48254714], [-45.26764275, -23.48230021], [-45.26747287, -23.48215137], [-45.26657477, -23.48126886], [-45.26629029, -23.48103642], [-45.26598266, -23.48083062], [-45.26569228, -23.48064052], [-45.2654971, -23.48052641], [-45.26487636, -23.48022312], [-45.26429015, -23.47995123], [-45.26356205, -23.47971536], [-45.26337677, -23.47959692], [-45.26329201, -23.4795356], [-45.26312288, -23.47935515], [-45.26300352, -23.47918201], [-45.26293323, -23.47900534], [-45.26255901, -23.47813054], [-45.26216086, -23.47765008], [-45.2618214, -23.4773822], [-45.261165, -23.47701314], [-45.26061548, -23.47672299], [-45.25999568, -23.47638085], [-45.25960173, -23.47622301], [-45.25929289, -23.47615269], [-45.25811211, -23.47625921], [-45.25775042, -23.47627095], [-45.25725389, -23.4762267], [-45.2566965, -23.47610533], [-45.25632449, -23.47597231], [-45.25511921, -23.47528778], [-45.25489057, -23.47518111], [-45.25359052, -23.47469524], [-45.25330249, -23.47448981], [-45.25310794, -23.47426637], [-45.25276307, -23.47389627], [-45.2525861, -23.47375812], [-45.25260654, -23.47376394], [-45.25226574, -23.47355384], [-45.25164173, -23.47314202], [-45.25147586, -23.47299053], [-45.25129008, -23.47281063], [-45.25114084, -23.47261791], [-45.2510688, -23.47243306], [-45.25101355, -23.47232535], [-45.2509405, -23.47214138], [-45.25085694, -23.47182169], [-45.2505589, -23.47096013], [-45.25041346, -23.47077291], [-45.25027274, -23.47067613], [-45.24883021, -23.47033734], [-45.24845144, -23.47024301], [-45.24789674, -23.47009186], [-45.24766796, -23.4699915], [-45.24743808, -23.46985499], [-45.24708717, -23.46961756], [-45.24661866, -23.46913385], [-45.2464128, -23.46893366], [-45.24620205, -23.46877494], [-45.24473466, -23.46799653], [-45.24433445, -23.46773191], [-45.2440556, -23.46747063], [-45.24338844, -23.46652395], [-45.24313148, -23.46612397], [-45.24255482, -23.46524415], [-45.24235689, -23.46499895], [-45.24216182, -23.46479898], [-45.24190997, -23.46455631], [-45.24176542, -23.46445673], [-45.24137107, -23.46423469], [-45.24070485, -23.46395478], [-45.2396454, -23.4635721], [-45.23919164, -23.46346089], [-45.23846339, -23.46344444], [-45.23803554, -23.46339699], [-45.23776167, -23.46338245], [-45.23684707, -23.46350139], [-45.23664665, -23.46348651], [-45.23638959, -23.46342352], [-45.23554756, -23.46320691], [-45.23479881, -23.46293887], [-45.23454667, -23.46283351], [-45.23422535, -23.46263008], [-45.23398233, -23.46242914], [-45.23383015, -23.46223815], [-45.2337089, -23.46198183], [-45.233617, -23.46139543], [-45.23354872, -23.46125944], [-45.23338444, -23.461042], [-45.23312048, -23.4608569], [-45.23289622, -23.46073222], [-45.23277078, -23.46065289], [-45.23264634, -23.46061425], [-45.23246708, -23.4605745], [-45.23222653, -23.46055881], [-45.23195794, -23.46056967], [-45.23107339, -23.46078494], [-45.2308031, -23.46086714], [-45.23061928, -23.46089596], [-45.23047719, -23.46089942], [-45.23037388, -23.46087836], [-45.23024783, -23.46082523], [-45.23019489, -23.46078621], [-45.22958269, -23.46021191], [-45.22914741, -23.45981735], [-45.22888369, -23.4596223], [-45.22852888, -23.45942812], [-45.22826302, -23.45932338], [-45.22762942, -23.45915701], [-45.22725274, -23.4590175], [-45.22703461, -23.45892366], [-45.22616227, -23.45837662], [-45.22582433, -23.45817284], [-45.22514689, -23.4578321], [-45.22442013, -23.45750573], [-45.22355202, -23.45719366], [-45.22302706, -23.45694816], [-45.22286382, -23.4568527], [-45.22275886, -23.4567774], [-45.22252339, -23.45658924], [-45.22230394, -23.45634538], [-45.2221776, -23.45613954], [-45.221939, -23.4555059], [-45.22185429, -23.45536144], [-45.22174927, -23.45528884], [-45.22163475, -23.45524497], [-45.22128398, -23.45517012], [-45.22010879, -23.45517076], [-45.21880499, -23.45502061], [-45.21858946, -23.45498283], [-45.21840377, -23.45492576], [-45.21817849, -23.45480375], [-45.21805321, -23.4547181], [-45.21766257, -23.45450782], [-45.21701911, -23.45413973], [-45.21669181, -23.45386025], [-45.21620779, -23.4534999], [-45.21550322, -23.4529842], [-45.21539234, -23.45295214], [-45.21529829, -23.45295385], [-45.21520054, -23.45298711], [-45.215147, -23.45301494], [-45.21503065, -23.45308938], [-45.21490108, -23.45322589], [-45.21476885, -23.45339126], [-45.21423993, -23.45409521], [-45.2141655, -23.45417772], [-45.21401948, -23.45438799], [-45.2138864, -23.45454792], [-45.21374341, -23.45463086], [-45.21362079, -23.45468077], [-45.21341087, -23.45469549], [-45.21319674, -23.45468122], [-45.21195566, -23.45448802], [-45.21024531, -23.45401516], [-45.20926158, -23.45362568], [-45.2091648, -23.45357764], [-45.20910027, -23.45353206], [-45.20890828, -23.45332849], [-45.20876273, -23.45319002], [-45.20836371, -23.45296237], [-45.20794883, -23.45274254], [-45.20780539, -23.45268], [-45.20771303, -23.45265192], [-45.20738129, -23.45255936], [-45.20719673, -23.45253754], [-45.20696318, -23.45251654], [-45.20598178, -23.4524406], [-45.20559725, -23.45238581], [-45.20503399, -23.45226957], [-45.20478474, -23.45225005], [-45.20452529, -23.45224749], [-45.20400502, -23.4522586], [-45.20308035, -23.45243226], [-45.20291154, -23.4524478], [-45.20278312, -23.45245332], [-45.20265489, -23.45245071], [-45.20253584, -23.45243293], [-45.20234379, -23.45239651], [-45.20218909, -23.45235451], [-45.20186969, -23.45223779], [-45.20163542, -23.45208305], [-45.20074756, -23.45120759], [-45.20011192, -23.45071942], [-45.19992625, -23.45058012], [-45.19980078, -23.45046192], [-45.1996364, -23.45029234], [-45.19956613, -23.45020056], [-45.19931388, -23.44993793], [-45.19900751, -23.44968595], [-45.19838167, -23.44915732], [-45.19820483, -23.44901729], [-45.19798908, -23.44886654], [-45.1978193, -23.44875918], [-45.19764229, -23.44866704], [-45.19635758, -23.44809065], [-45.19542303, -23.44773642], [-45.1948613, -23.44759849], [-45.19442029, -23.44753078], [-45.19412348, -23.44749401], [-45.19358337, -23.44747577], [-45.19245116, -23.44760629], [-45.1921568, -23.44754879], [-45.19192424, -23.44736425], [-45.1917071, -23.44714931], [-45.19164706, -23.44708032], [-45.19122251, -23.44677532], [-45.18900535, -23.44531069], [-45.18836483, -23.44486575], [-45.18814026, -23.4447157], [-45.18799548, -23.44462782], [-45.18729259, -23.44425207], [-45.18683771, -23.44402865], [-45.18654205, -23.44390335], [-45.18629853, -23.44380893], [-45.18599335, -23.44371325], [-45.1856257, -23.44360907], [-45.18510939, -23.44345667], [-45.184869, -23.44339483], [-45.18464456, -23.44336224], [-45.18440659, -23.44332214], [-45.18415597, -23.44331973], [-45.18395497, -23.44328942], [-45.18368313, -23.44315105], [-45.18348919, -23.44290856], [-45.1831547, -23.44256562], [-45.18276691, -23.44232188], [-45.18245414, -23.44217544], [-45.18224671, -23.44208717], [-45.1821243, -23.44204672], [-45.18175768, -23.4419814], [-45.18136225, -23.44197421], [-45.18126348, -23.44196858], [-45.18118159, -23.44195335], [-45.18104483, -23.44193971], [-45.18088967, -23.44191756], [-45.18064215, -23.44186732], [-45.18021292, -23.44175916], [-45.17957607, -23.44148863], [-45.17910675, -23.44129651], [-45.17853275, -23.44097848], [-45.17801952, -23.44073938], [-45.17741181, -23.44056069], [-45.17672776, -23.44029912], [-45.17650398, -23.44019877], [-45.17635182, -23.44009265], [-45.17618585, -23.43995011], [-45.17604889, -23.43982262], [-45.17592724, -23.43966924], [-45.17565541, -23.43924626], [-45.17560813, -23.43913597], [-45.17559345, -23.43905435], [-45.17559997, -23.43894607], [-45.175617, -23.43884884], [-45.17566689, -23.43860682], [-45.17591756, -23.43803733], [-45.1761848, -23.43730827], [-45.17628184, -23.43705998], [-45.17633328, -23.43691648], [-45.17644841, -23.43648606], [-45.17633017, -23.43590631], [-45.1762435, -23.43560186], [-45.1762132, -23.43551812], [-45.17612633, -23.43534377], [-45.17604484, -23.43523097], [-45.17575506, -23.43486273], [-45.17531447, -23.4342104], [-45.17510811, -23.43391525], [-45.1750273, -23.43377445], [-45.17498267, -23.4336353], [-45.17483134, -23.43333224], [-45.17467512, -23.43298842], [-45.17434909, -23.43193006], [-45.17434885, -23.43161473], [-45.17448734, -23.43127153], [-45.1747044, -23.43099951], [-45.17535501, -23.43053309], [-45.17554059, -23.43038962], [-45.17596045, -23.43011272], [-45.17633884, -23.4299723], [-45.17656938, -23.42987222], [-45.17676181, -23.42976955], [-45.17686928, -23.42969767], [-45.17693633, -23.4296376], [-45.17703371, -23.42949684], [-45.17709084, -23.42936068], [-45.17709923, -23.42925605], [-45.1770902, -23.42914293], [-45.17706406, -23.42904933], [-45.17690038, -23.42856803], [-45.17679042, -23.42829563], [-45.17639732, -23.4276235], [-45.17630504, -23.42743007], [-45.17620384, -23.42707834], [-45.17615504, -23.42682797], [-45.17613722, -23.42646982], [-45.17614026, -23.42634339], [-45.17615192, -23.42626593], [-45.17618689, -23.42619617], [-45.17623725, -23.42613757], [-45.17631637, -23.42610486], [-45.17639412, -23.42608838], [-45.17646573, -23.42608262], [-45.17658793, -23.42609055], [-45.17721133, -23.42614308], [-45.17731302, -23.42614877], [-45.17742283, -23.42614289], [-45.17842073, -23.42589047], [-45.17905716, -23.42568666], [-45.17923818, -23.42560996], [-45.1793181, -23.42554383], [-45.17938838, -23.42547118], [-45.17944044, -23.4253828], [-45.17947958, -23.42530229], [-45.179505, -23.42518174], [-45.17951352, -23.42503103], [-45.179493, -23.42490683], [-45.17944859, -23.42479931], [-45.17933783, -23.4246823], [-45.17925014, -23.42462358], [-45.17906129, -23.4245375], [-45.17898778, -23.42449985], [-45.17828315, -23.42424238], [-45.17813421, -23.42416614], [-45.17800318, -23.42407763], [-45.17779536, -23.42388454], [-45.177534, -23.42355664], [-45.17743483, -23.42340553], [-45.17734847, -23.42321041], [-45.17725819, -23.42293389], [-45.17720221, -23.42273759], [-45.17719125, -23.42262352], [-45.17718531, -23.42250414], [-45.17718811, -23.4224283], [-45.17719533, -23.42233178], [-45.17721581, -23.42225359], [-45.17752284, -23.42170061], [-45.17755691, -23.42154591], [-45.17755682, -23.42142755], [-45.17752252, -23.42130668], [-45.1774615, -23.42119791], [-45.17731177, -23.42103222], [-45.17718133, -23.42091932], [-45.17695153, -23.42066343], [-45.17595669, -23.41961034], [-45.17513333, -23.41879567], [-45.17480807, -23.41843844], [-45.17448096, -23.41799535], [-45.17426324, -23.41752287], [-45.17413962, -23.41720862], [-45.17325003, -23.41532373], [-45.17315291, -23.41504708], [-45.17312891, -23.41490564], [-45.17303127, -23.41461], [-45.17298978, -23.4143408], [-45.17295123, -23.41419364], [-45.17291631, -23.41409896], [-45.17286447, -23.41401568], [-45.17280667, -23.41393589], [-45.17268722, -23.41381418], [-45.17224571, -23.41340667], [-45.17177587, -23.41307809], [-45.17154139, -23.41289529], [-45.17130827, -23.41273781], [-45.17104352, -23.41259233], [-45.17066788, -23.41241747], [-45.1700963, -23.41220787], [-45.16949451, -23.41207354], [-45.16888526, -23.4119237], [-45.16822402, -23.41181886], [-45.16799431, -23.41176354], [-45.16781931, -23.41171296], [-45.16752741, -23.41159764], [-45.16709524, -23.41137192], [-45.16625414, -23.41113418], [-45.16618449, -23.41109931], [-45.16612285, -23.41105739], [-45.1660474, -23.41097904], [-45.1659733, -23.4108447], [-45.16594821, -23.41074841], [-45.16590922, -23.41045759], [-45.16590881, -23.41035277], [-45.16591797, -23.41025719], [-45.16597839, -23.41006598], [-45.16606342, -23.40990962], [-45.16619692, -23.40973256], [-45.16628036, -23.40964212], [-45.16692146, -23.40920173], [-45.16724274, -23.4089915], [-45.1673959, -23.40885189], [-45.16743963, -23.40882478], [-45.16764577, -23.40859862], [-45.16771971, -23.40849624], [-45.16798745, -23.40798945], [-45.16809443, -23.40753176], [-45.16817211, -23.40727405], [-45.16837966, -23.40670549], [-45.16859675, -23.40622838], [-45.16881199, -23.40582803], [-45.16897886, -23.40556582], [-45.16909557, -23.40527277], [-45.16915492, -23.4050445], [-45.16923428, -23.40463593], [-45.16926045, -23.40432205], [-45.1691475, -23.40389056], [-45.16904315, -23.4035496], [-45.16894086, -23.40312285], [-45.1688507, -23.4027614], [-45.16885891, -23.40250226], [-45.16871666, -23.40190574], [-45.16865324, -23.40124758], [-45.16852579, -23.40088988], [-45.16827011, -23.40045094], [-45.16796092, -23.40012023], [-45.16771724, -23.3996707], [-45.16759084, -23.39947294], [-45.16754164, -23.39928038], [-45.16751827, -23.39915341], [-45.16747714, -23.39850475], [-45.16751808, -23.39818755], [-45.16753837, -23.39807684], [-45.16756427, -23.39797708], [-45.16762639, -23.39787716], [-45.16782304, -23.39767882], [-45.16797514, -23.3975419], [-45.16826685, -23.39733918], [-45.16848933, -23.39720642], [-45.16881528, -23.39704506], [-45.16896856, -23.39698045], [-45.16921528, -23.39689787], [-45.1693934, -23.39685907], [-45.17106045, -23.39661592], [-45.17184597, -23.39647574], [-45.17236094, -23.39639144], [-45.17258461, -23.39633097], [-45.17306421, -23.39617095], [-45.17379658, -23.39583903], [-45.17421936, -23.39563989], [-45.17497443, -23.39525964], [-45.17405369, -23.39463359], [-45.1731837, -23.39393269], [-45.17229305, -23.39250493], [-45.17215875, -23.39222841], [-45.1719005, -23.39185538], [-45.17151966, -23.39149249], [-45.17121085, -23.39122774], [-45.17100143, -23.39106262], [-45.17082472, -23.39096231], [-45.17068872, -23.39091886], [-45.17006587, -23.39076874], [-45.16986787, -23.39073937], [-45.16965246, -23.39074218], [-45.16952668, -23.39076218], [-45.16919634, -23.3907816], [-45.16861774, -23.39102902], [-45.16816953, -23.39122762], [-45.1674472, -23.39175218], [-45.1669771, -23.39200544], [-45.16676218, -23.3921501], [-45.16647166, -23.39226339], [-45.16602814, -23.39230758], [-45.1649065, -23.39226102], [-45.16440297, -23.39207448], [-45.16395584, -23.39170116], [-45.163692, -23.39143914], [-45.16359396, -23.39124286], [-45.16342882, -23.390785], [-45.16347689, -23.39049686], [-45.16348831, -23.39018629], [-45.16364837, -23.38959778], [-45.16377928, -23.38920292], [-45.16388708, -23.38883289], [-45.16390455, -23.3887176], [-45.16389273, -23.388599], [-45.16384171, -23.38852296], [-45.16375027, -23.38845873], [-45.16348721, -23.38828617], [-45.16324882, -23.38822705], [-45.16305891, -23.38822766], [-45.16284562, -23.38830459], [-45.16263032, -23.38834353], [-45.16216721, -23.38851018], [-45.16186768, -23.388551], [-45.1615428, -23.38854702], [-45.1612793, -23.38847383], [-45.1611381, -23.38840316], [-45.1607606, -23.38818667], [-45.16012213, -23.38771183], [-45.15954829, -23.38735757], [-45.15923548, -23.38717856], [-45.15830092, -23.38640034], [-45.15777768, -23.38581582], [-45.15753941, -23.38534741], [-45.15736529, -23.38493814], [-45.15723718, -23.38436718], [-45.15717933, -23.38364318], [-45.15697692, -23.38331103], [-45.15657109, -23.38301263], [-45.15625406, -23.38292748], [-45.15598783, -23.3828461], [-45.15551929, -23.38283372], [-45.15515464, -23.38281536], [-45.15276216, -23.38286718], [-45.15166786, -23.38286718], [-45.15102018, -23.38277429], [-45.15054723, -23.38245913], [-45.14989153, -23.3815267], [-45.14919369, -23.38047594], [-45.1488139, -23.37979045], [-45.14819674, -23.37836007], [-45.14810033, -23.37793613], [-45.14798888, -23.37720469], [-45.1477989, -23.37676526], [-45.14758928, -23.37644921], [-45.14736518, -23.37616539], [-45.14699084, -23.37578088], [-45.14579142, -23.37467003], [-45.14481572, -23.37357736], [-45.14376831, -23.37249585], [-45.1435466, -23.3721949], [-45.14335067, -23.37188003], [-45.14328773, -23.37144955], [-45.1434298, -23.37099983], [-45.14379774, -23.37051864], [-45.14394082, -23.37026952], [-45.14403548, -23.3699182], [-45.14408128, -23.3695234], [-45.14411331, -23.36917169], [-45.14423065, -23.36857147], [-45.14442098, -23.3676258], [-45.14449122, -23.36747366], [-45.14468601, -23.36686781], [-45.14473572, -23.36651375], [-45.14474112, -23.36633135], [-45.14471959, -23.36617007], [-45.14461849, -23.36585988], [-45.14442301, -23.36564802], [-45.1441517, -23.36553579], [-45.1438711, -23.3654839], [-45.14344454, -23.36547778], [-45.14309332, -23.36543256], [-45.14269861, -23.3653241], [-45.14212775, -23.36513428], [-45.14169981, -23.3649438], [-45.14073309, -23.36433106], [-45.14041574, -23.36397934], [-45.14032043, -23.36367287], [-45.14033564, -23.36324853], [-45.14043077, -23.36267676], [-45.1405561, -23.36198997], [-45.14076163, -23.36150632], [-45.14077334, -23.36110539], [-45.14063021, -23.36087384], [-45.14040998, -23.36067411], [-45.13992836, -23.36055842], [-45.13951267, -23.36062931], [-45.13920851, -23.36078203], [-45.13891694, -23.36089976], [-45.13873936, -23.36095843], [-45.13839666, -23.36100553], [-45.13790135, -23.36096996], [-45.13684839, -23.36072585], [-45.13648043, -23.36072545], [-45.13618955, -23.36085494], [-45.13599892, -23.3610073], [-45.1358586, -23.36118328], [-45.13581215, -23.36136302], [-45.1357806, -23.36153314], [-45.13578387, -23.36168048], [-45.13580469, -23.36183], [-45.13585299, -23.36205688], [-45.13595404, -23.36240864], [-45.13608363, -23.36259294], [-45.13619753, -23.36277872], [-45.13634914, -23.36310352], [-45.13642132, -23.36331464], [-45.1363361, -23.3636797], [-45.13615591, -23.36384493], [-45.13552177, -23.36408475], [-45.13457021, -23.3642168], [-45.13382084, -23.36412444], [-45.13317247, -23.36386341], [-45.13260478, -23.36354442], [-45.13225008, -23.36324069], [-45.13208298, -23.36302941], [-45.13199196, -23.36282874], [-45.13181971, -23.36226678], [-45.13160879, -23.3617257], [-45.13143165, -23.36144464], [-45.13126606, -23.36129211], [-45.13093637, -23.36104673], [-45.13064654, -23.36093228], [-45.13045381, -23.36088942], [-45.13031403, -23.36088291], [-45.12994287, -23.36093302], [-45.12928123, -23.36109635], [-45.12821952, -23.36133178], [-45.12809324, -23.36129301], [-45.12772636, -23.36124834], [-45.12752253, -23.36117904], [-45.1265001, -23.36032652], [-45.12593729, -23.35988924], [-45.1255522, -23.35950807], [-45.12486948, -23.35881169], [-45.12459425, -23.35862074], [-45.12452288, -23.35853793], [-45.12433579, -23.35842471], [-45.12403177, -23.35833073], [-45.12346761, -23.35830995], [-45.12273278, -23.35830458], [-45.12227394, -23.35813871], [-45.12209186, -23.35806083], [-45.12191269, -23.35794415], [-45.12159875, -23.35765571], [-45.12115415, -23.35698777], [-45.12082906, -23.35659518], [-45.12040369, -23.35622129], [-45.11995745, -23.35566083], [-45.11956714, -23.3553744], [-45.11914153, -23.3551306], [-45.11860025, -23.35489524], [-45.11815386, -23.35482087], [-45.11786996, -23.35474538], [-45.11735452, -23.35477347], [-45.11705046, -23.35476171], [-45.11630485, -23.35491782], [-45.1159179, -23.35497389], [-45.11561665, -23.3549676], [-45.1148821, -23.35487185], [-45.11442872, -23.35488316], [-45.11417231, -23.35492389], [-45.11390554, -23.35502764], [-45.11353412, -23.35520872], [-45.11311504, -23.35537796], [-45.111813, -23.35611605], [-45.11135666, -23.35632788], [-45.11107106, -23.35640142], [-45.11082253, -23.35643959], [-45.11046852, -23.35646924], [-45.10983396, -23.35644603], [-45.10931371, -23.35647038], [-45.10858802, -23.356532], [-45.10845493, -23.35653193], [-45.10830761, -23.35651349], [-45.10800579, -23.35652976], [-45.10777878, -23.35656838], [-45.10763122, -23.35663938], [-45.10754404, -23.35664298], [-45.10723556, -23.35681091], [-45.10677077, -23.35716711], [-45.10638549, -23.35735421], [-45.10612234, -23.35743002], [-45.10591931, -23.35744836], [-45.10575038, -23.35743307], [-45.10525104, -23.35724372], [-45.10478562, -23.35718699], [-45.1043496, -23.35720857], [-45.10389856, -23.3572443], [-45.10346821, -23.3573934], [-45.10319223, -23.35755297], [-45.10283246, -23.35773698], [-45.10239509, -23.35801243], [-45.10168668, -23.35840507], [-45.10043504, -23.35935826], [-45.09986515, -23.35976917], [-45.09942056, -23.3599794], [-45.09888809, -23.3600622], [-45.09848183, -23.36002747], [-45.09829176, -23.35995662], [-45.09816458, -23.35987534], [-45.09802515, -23.35973508], [-45.09792333, -23.35961729], [-45.09788961, -23.35947654], [-45.0979164, -23.35898467], [-45.0978, -23.35858467], [-45.09761447, -23.35825008], [-45.09718447, -23.35770888], [-45.09663711, -23.3568074], [-45.09645825, -23.35632116], [-45.09628324, -23.35603648], [-45.09608969, -23.35586888], [-45.09581199, -23.35570041], [-45.09558703, -23.35561618], [-45.09462439, -23.35536465], [-45.09430022, -23.35517623], [-45.09403812, -23.35493128], [-45.0935688, -23.35431876], [-45.09338795, -23.3539933], [-45.09333174, -23.35381232], [-45.09329443, -23.35338055], [-45.0932939, -23.35276703], [-45.09325466, -23.35233432], [-45.09319827, -23.35220031], [-45.09312725, -23.35210395], [-45.09298777, -23.35200614], [-45.09290345, -23.35197275], [-45.09277717, -23.35193485], [-45.09264435, -23.35188418], [-45.09251762, -23.35186434], [-45.09239525, -23.35186629], [-45.09114848, -23.35214547], [-45.09071941, -23.35220331], [-45.0899964, -23.35215648], [-45.08902094, -23.35210885], [-45.08851619, -23.35202143], [-45.08801999, -23.35190437], [-45.08727249, -23.35162118], [-45.0862847, -23.35120102], [-45.08606716, -23.35109434], [-45.08587684, -23.3509548], [-45.08571132, -23.35080223], [-45.08547056, -23.35048634], [-45.08527511, -23.35015875], [-45.08506339, -23.35001425], [-45.08490266, -23.34998466], [-45.08474298, -23.34999123], [-45.08432818, -23.35006562], [-45.0834691, -23.3502987], [-45.08288611, -23.35036773], [-45.08253227, -23.35039099], [-45.08219349, -23.35027994], [-45.08202393, -23.35021131], [-45.08177098, -23.34995389], [-45.08159313, -23.34970618], [-45.08116331, -23.34920107], [-45.08057405, -23.34861399], [-45.08028156, -23.34833314], [-45.07993872, -23.34791209], [-45.07951463, -23.34749203], [-45.07914305, -23.34708572], [-45.07882558, -23.34674652], [-45.07861926, -23.34642412], [-45.07846606, -23.34624831], [-45.07834916, -23.34599014], [-45.0783018, -23.34572892], [-45.07830997, -23.34555742], [-45.07832997, -23.34526328], [-45.07838695, -23.34501691], [-45.07847619, -23.34477213], [-45.07854342, -23.34454676], [-45.07856007, -23.34450645], [-45.07855351, -23.34441596], [-45.07846542, -23.34425869], [-45.07831514, -23.34420221], [-45.07818171, -23.3441768], [-45.07802107, -23.34418335], [-45.07790199, -23.34421065], [-45.07755847, -23.34441031], [-45.07727692, -23.34471519], [-45.07717128, -23.34510871], [-45.07693695, -23.34579859], [-45.07671745, -23.34636409], [-45.07661962, -23.34679753], [-45.07648134, -23.3470467], [-45.07613662, -23.34749209], [-45.07596693, -23.34762675], [-45.07517737, -23.34801576], [-45.07469383, -23.34825763], [-45.07414325, -23.34848001], [-45.07352997, -23.34882395], [-45.07298496, -23.34905819], [-45.07235373, -23.3494153], [-45.07161329, -23.34963817], [-45.07105816, -23.34957041], [-45.07068991, -23.3495825], [-45.07032521, -23.34953051], [-45.06954642, -23.34913003], [-45.06904312, -23.34878777], [-45.06860069, -23.34851638], [-45.06834113, -23.34828952], [-45.0680939, -23.34811803], [-45.06776154, -23.34778843], [-45.06750506, -23.34720112], [-45.06740418, -23.3467716], [-45.06746479, -23.3459859], [-45.06750415, -23.34503169], [-45.06756927, -23.34426144], [-45.06760692, -23.3437698], [-45.06762936, -23.34322092], [-45.06768405, -23.3428706], [-45.06783116, -23.34254211], [-45.06797684, -23.34235003], [-45.06904999, -23.34050964], [-45.06990902, -23.33960711], [-45.07051287, -23.33873531], [-45.07088019, -23.33832565], [-45.07117099, -23.33808152], [-45.07194901, -23.337367], [-45.07219977, -23.33711931], [-45.07260383, -23.33668783], [-45.07272577, -23.33642657], [-45.07284603, -23.33599632], [-45.07296723, -23.33517304], [-45.07310915, -23.33450018], [-45.07329158, -23.33408841], [-45.07353366, -23.3337565], [-45.07359752, -23.33362774], [-45.07373999, -23.33348528], [-45.07382821, -23.33343926], [-45.07397465, -23.33341344], [-45.07408065, -23.33340032], [-45.07428679, -23.33341281], [-45.0755499, -23.33361389], [-45.07578117, -23.3335998], [-45.07602018, -23.33350998], [-45.0765761, -23.33287207], [-45.07692202, -23.33265349], [-45.07706378, -23.33250017], [-45.07720962, -23.3322611], [-45.07726612, -23.33207345], [-45.07729407, -23.33185357], [-45.07730571, -23.33086986], [-45.0773839, -23.3300041], [-45.07742015, -23.32940943], [-45.07744093, -23.32900508], [-45.07785009, -23.32741714], [-45.07784119, -23.32706547], [-45.07781941, -23.32687798], [-45.07775265, -23.32661093], [-45.07772822, -23.32645139], [-45.077644, -23.32625715], [-45.07753191, -23.32612106], [-45.07744014, -23.32603419], [-45.07699886, -23.32583693], [-45.07677618, -23.32578163], [-45.07622795, -23.32563632], [-45.07572084, -23.32552983], [-45.07454925, -23.32534966], [-45.07330054, -23.32524195], [-45.07236173, -23.32502602], [-45.07193941, -23.3248933], [-45.07150291, -23.32470155], [-45.07120366, -23.324538], [-45.07107369, -23.32441328], [-45.07090169, -23.32420814], [-45.07076059, -23.32398017], [-45.07064842, -23.32372932], [-45.07060493, -23.32351065], [-45.07064731, -23.32318265], [-45.07081379, -23.32266392], [-45.07089891, -23.32242718], [-45.07092776, -23.32209258], [-45.0707206, -23.32164816], [-45.07027413, -23.32134596], [-45.06968795, -23.32099653], [-45.06944598, -23.32053602], [-45.06937699, -23.32012254], [-45.0685929, -23.32040789], [-45.06725027, -23.32118366], [-45.06626708, -23.32138342], [-45.06492384, -23.32096316], [-45.06386823, -23.32016625], [-45.06247686, -23.31934732], [-45.06151731, -23.31879399], [-45.06029371, -23.31766489], [-45.05957387, -23.31682352], [-45.05890215, -23.31631436], [-45.05851564, -23.31591272], [-45.05814519, -23.31545435], [-45.05816182, -23.31498029], [-45.05842245, -23.31448282], [-45.05848958, -23.3140476], [-45.05828737, -23.31345705], [-45.05796742, -23.31299865], [-45.0573897, -23.31259398], [-45.05712765, -23.31244275], [-45.05702683, -23.3125084], [-45.05675506, -23.31261828], [-45.05652511, -23.31265947], [-45.05628554, -23.31265438], [-45.0553632, -23.31244955], [-45.05513713, -23.31237427], [-45.05478485, -23.3122204], [-45.05448994, -23.31204155], [-45.05435134, -23.3119112], [-45.05394329, -23.31124745], [-45.05374274, -23.31101187], [-45.05351295, -23.31085067], [-45.05322302, -23.31074692], [-45.05296674, -23.31070623], [-45.0519927, -23.31057437], [-45.05137337, -23.31038048], [-45.05030339, -23.31001616], [-45.04898552, -23.30966733], [-45.04865145, -23.30960781], [-45.04849316, -23.30959992], [-45.04828633, -23.3096163], [-45.04811152, -23.3096433], [-45.04775519, -23.30980919], [-45.0474467, -23.31009627], [-45.04715, -23.31034205], [-45.04636225, -23.31125141], [-45.04612354, -23.31164298], [-45.04608214, -23.31192943], [-45.04607521, -23.3124416], [-45.04613997, -23.31302126], [-45.04619531, -23.31342995], [-45.04629108, -23.31453071], [-45.04629836, -23.31478748], [-45.04627038, -23.31496759], [-45.04612486, -23.31530965], [-45.04587213, -23.31551841], [-45.04556141, -23.31565907], [-45.0453339, -23.31579788], [-45.04511189, -23.31591242], [-45.04500415, -23.3159562], [-45.04490478, -23.31597848], [-45.04470037, -23.31597593], [-45.04455349, -23.31594208], [-45.04422429, -23.3158438], [-45.04387271, -23.31562306], [-45.04364835, -23.31532281], [-45.04357556, -23.31522096], [-45.0434784, -23.31495957], [-45.04336521, -23.31451712], [-45.043143, -23.31389616], [-45.04300446, -23.31356792], [-45.04284785, -23.31329713], [-45.04255678, -23.31296563], [-45.04222976, -23.31266319], [-45.04185385, -23.31255488], [-45.04131566, -23.31259851], [-45.04094075, -23.31268538], [-45.04062506, -23.31275093], [-45.04042028, -23.31280258], [-45.0400987, -23.31283004], [-45.03988225, -23.31283988], [-45.03906239, -23.31284044], [-45.03867929, -23.31290274], [-45.03853351, -23.31294209], [-45.03841484, -23.31299287], [-45.037967, -23.31329593], [-45.03777915, -23.31345275], [-45.03762456, -23.31360938], [-45.03728639, -23.31390846], [-45.03706205, -23.31415486], [-45.03682234, -23.31439008], [-45.03648308, -23.31457619], [-45.03633689, -23.3146318], [-45.03601157, -23.31473056], [-45.03531267, -23.314862], [-45.03473424, -23.31487132], [-45.03398502, -23.31478572], [-45.03370369, -23.31461254], [-45.03344585, -23.31443897], [-45.03328168, -23.31415806], [-45.03324343, -23.31388889], [-45.03320633, -23.31380768], [-45.03311614, -23.31373708], [-45.03299541, -23.31371371], [-45.03215442, -23.31362072], [-45.03151156, -23.31350757], [-45.0312516, -23.31341888], [-45.0307345, -23.31316746], [-45.02976782, -23.31262541], [-45.02929952, -23.31230094], [-45.02899632, -23.31210289], [-45.02881338, -23.31202488], [-45.02837684, -23.31191614], [-45.02809644, -23.31186224], [-45.02769793, -23.31183654], [-45.02754398, -23.31181155], [-45.02742413, -23.31183157], [-45.02670237, -23.31162726], [-45.02637312, -23.3114928], [-45.0259195, -23.3112852], [-45.02543788, -23.31102459], [-45.02521621, -23.31085267], [-45.0241436, -23.30973907], [-45.02385924, -23.30945377], [-45.02355128, -23.30921224], [-45.02332753, -23.3090457], [-45.02306968, -23.30887301], [-45.02209317, -23.30829636], [-45.02150337, -23.30782559], [-45.02118734, -23.30763267], [-45.02102612, -23.30754699], [-45.02087791, -23.30744984], [-45.02059632, -23.30732723], [-45.02028955, -23.307233], [-45.02009618, -23.30718096], [-45.01994367, -23.30717678], [-45.01971392, -23.30720979], [-45.01953078, -23.30725646], [-45.01932661, -23.30732255], [-45.0191448, -23.30739455], [-45.01743303, -23.30882154], [-45.01709927, -23.30882792], [-45.01655295, -23.30880624], [-45.01617126, -23.30873478], [-45.01574661, -23.30862084], [-45.01554731, -23.30857138], [-45.01435311, -23.30844269], [-45.01393959, -23.30839223], [-45.01370133, -23.3083356], [-45.01351276, -23.30824842], [-45.01322827, -23.30800827], [-45.01276047, -23.30739462], [-45.01250886, -23.30709193], [-45.01230292, -23.30691763], [-45.01156917, -23.30649252], [-45.0102806, -23.30587927], [-45.01003037, -23.30575461], [-45.00990589, -23.30564802], [-45.00972656, -23.305505], [-45.00961638, -23.30537432], [-45.00933613, -23.30500505], [-45.00906706, -23.30454205], [-45.00881407, -23.30398452], [-45.00874556, -23.30375354], [-45.00871859, -23.30350448], [-45.00864584, -23.30301498], [-45.00859049, -23.30249514], [-45.00862116, -23.30197806], [-45.00866771, -23.30164565], [-45.00874033, -23.30140415], [-45.0088218, -23.3012767], [-45.00892868, -23.30115069], [-45.00961604, -23.30046704], [-45.01061192, -23.29941957], [-45.01086633, -23.29902929], [-45.0109625, -23.29882354], [-45.01101492, -23.29864576], [-45.01104378, -23.29847109], [-45.01104116, -23.29826502], [-45.01098936, -23.2976043], [-45.01098953, -23.29728715], [-45.01097615, -23.29708085], [-45.0109969, -23.2969566], [-45.01112315, -23.29664397], [-45.01131447, -23.29638877], [-45.01192444, -23.29582452], [-45.01255839, -23.29527885], [-45.01280853, -23.29505744], [-45.01290735, -23.29486259], [-45.01299583, -23.29457355], [-45.01301944, -23.29433551], [-45.01283731, -23.29314069], [-45.0128934, -23.29281751], [-45.01296289, -23.29254432], [-45.01328553, -23.29169739], [-45.01355932, -23.29111958], [-45.01363142, -23.29097565], [-45.01364491, -23.29086751], [-45.01356402, -23.29062271], [-45.01333435, -23.29045965], [-45.01316834, -23.29037114], [-45.01306521, -23.29031019], [-45.01219914, -23.2898994], [-45.01113372, -23.28936413], [-45.01036965, -23.28890402], [-45.0096375, -23.28830364], [-45.00848231, -23.28764444], [-45.00827687, -23.28741322], [-45.00794254, -23.28643738], [-45.0079541, -23.28601838], [-45.00839552, -23.28577489], [-45.0088143, -23.28580831], [-45.00932743, -23.28609496], [-45.01066602, -23.28735446], [-45.01099973, -23.28738694], [-45.01134638, -23.28725526], [-45.01152521, -23.28691304], [-45.01153774, -23.28641634], [-45.01129788, -23.28568832], [-45.0107847, -23.28509356], [-45.01013965, -23.28429808], [-45.01004375, -23.28406741], [-45.01005534, -23.2837243], [-45.01021096, -23.28337164], [-45.0106631, -23.28274165], [-45.01118327, -23.28197397], [-45.01139457, -23.28177883], [-45.01171834, -23.28166201], [-45.01289993, -23.28142813], [-45.01349108, -23.28106406], [-45.01370239, -23.28083006], [-45.01401252, -23.28028375], [-45.01443664, -23.27944532], [-45.01454663, -23.27931125], [-45.01462445, -23.27917287], [-45.01470535, -23.27899028], [-45.01475687, -23.27880886], [-45.01486544, -23.27811003], [-45.01506039, -23.27724408], [-45.01539762, -23.27670918], [-45.01540528, -23.27663797], [-45.01541031, -23.27655495], [-45.01537537, -23.27642769], [-45.0152159, -23.27619656], [-45.01495491, -23.27584126], [-45.01491242, -23.27574186], [-45.01490861, -23.27558275], [-45.01498265, -23.27543887], [-45.01525483, -23.27507877], [-45.01537077, -23.27490236], [-45.01550327, -23.2746513], [-45.01570022, -23.27436549], [-45.01593956, -23.27402728], [-45.01615117, -23.27370293], [-45.01623499, -23.27348155], [-45.01633348, -23.27314392], [-45.01662326, -23.27258903], [-45.01688052, -23.2721997], [-45.01704838, -23.27198103], [-45.01715966, -23.27187319], [-45.01722356, -23.27170469], [-45.01736249, -23.27147003], [-45.01742798, -23.27131603], [-45.01748832, -23.2711339], [-45.01751821, -23.27099539], [-45.01751878, -23.27085625], [-45.01747015, -23.26987482], [-45.01750789, -23.26969673], [-45.01749995, -23.26954566], [-45.01751133, -23.26909411], [-45.01743818, -23.26881424], [-45.01737364, -23.26861949], [-45.01730713, -23.26846445], [-45.01713648, -23.2682891], [-45.01671867, -23.26806416], [-45.01652227, -23.26797952], [-45.01633632, -23.26782914], [-45.01619772, -23.26770147], [-45.01590824, -23.26739074], [-45.01571741, -23.26708484], [-45.01564065, -23.26687085], [-45.01536255, -23.26606971], [-45.01516637, -23.26547184], [-45.01488335, -23.26486578], [-45.0146791, -23.26451079], [-45.01440126, -23.26412622], [-45.01390387, -23.26364475], [-45.01336141, -23.26320568], [-45.01325562, -23.26317359], [-45.01310397, -23.26317574], [-45.01287213, -23.26321684], [-45.01266444, -23.26327019], [-45.01246706, -23.26330209], [-45.01224706, -23.26337777], [-45.01197883, -23.26338826], [-45.01170542, -23.26337153], [-45.01161902, -23.26334617], [-45.01153248, -23.26332624], [-45.0114388, -23.26327904], [-45.01129688, -23.2631287], [-45.01112273, -23.26282135], [-45.01100807, -23.2625207], [-45.01083387, -23.262254], [-45.01051102, -23.26187116], [-45.00838333, -23.25941636], [-45.00827089, -23.25929919], [-45.00817197, -23.25922748], [-45.00802245, -23.2591845], [-45.00787627, -23.25916418], [-45.00723363, -23.25920815], [-45.00709495, -23.25920064], [-45.00699325, -23.25920026], [-45.00686887, -23.25916866], [-45.00651367, -23.25902185], [-45.00569786, -23.25837175], [-45.00527551, -23.25786386], [-45.00513541, -23.25756446], [-45.00510164, -23.25746885], [-45.0051044, -23.25735958], [-45.00526903, -23.25699808], [-45.00535028, -23.25687876], [-45.00539366, -23.25678753], [-45.00539801, -23.25669274], [-45.00538047, -23.25661285], [-45.00521727, -23.25641506], [-45.0049346, -23.25633938], [-45.00450873, -23.25608713], [-45.00426616, -23.2557792], [-45.00399351, -23.2551914], [-45.00347684, -23.25392788], [-45.00336505, -23.25378542], [-45.00324423, -23.25369064], [-45.00309525, -23.25362689], [-45.00297646, -23.25360625], [-45.00274321, -23.25362651], [-45.00258639, -23.25367915], [-45.00196207, -23.25400451], [-45.00172764, -23.25414854], [-45.00156866, -23.25420926], [-45.00140552, -23.25424098], [-45.00124289, -23.25425283], [-45.00083293, -23.25426114], [-45.00073042, -23.25425441], [-45.00026242, -23.25419912], [-45.00001663, -23.25409622], [-44.99979431, -23.25395497], [-44.99956452, -23.25376116], [-44.99906673, -23.25349198], [-44.99856918, -23.25325171], [-44.99803971, -23.25303696], [-44.99731915, -23.25260573], [-44.99676818, -23.25235165], [-44.99557504, -23.25169966], [-44.99472034, -23.25104414], [-44.99460578, -23.25093413], [-44.994544, -23.25082527], [-44.99453252, -23.25069942], [-44.99453995, -23.25059928], [-44.99454678, -23.25056755], [-44.99440332, -23.25043498], [-44.99433481, -23.25037543], [-44.9943412, -23.25037203], [-44.99375364, -23.25007812], [-44.99286039, -23.24971592], [-44.99211481, -23.24940808], [-44.99112384, -23.24896279], [-44.99034583, -23.24855288], [-44.99019072, -23.24821067], [-44.98916902, -23.24803492], [-44.98766949, -23.24750839], [-44.98720791, -23.24653762], [-44.98701153, -23.24642493], [-44.98683843, -23.24664707], [-44.98663027, -23.24755767], [-44.98625316, -23.24791296], [-44.98547556, -23.24789609], [-44.98457902, -23.24767784], [-44.98373676, -23.24771262], [-44.98263009, -23.24748192], [-44.98260959, -23.24809591], [-44.98214679, -23.24882229], [-44.98239812, -23.2497461], [-44.98190306, -23.25020343], [-44.98146299, -23.25067771], [-44.98105137, -23.25144619], [-44.9808197, -23.25298611], [-44.98060091, -23.25348971], [-44.97951331, -23.25378903], [-44.9785213, -23.25503134], [-44.97836604, -23.25671882], [-44.97690832, -23.2579657], [-44.97687486, -23.25812762], [-44.97690252, -23.25831345], [-44.97701188, -23.25855528], [-44.97703122, -23.2587319], [-44.97694045, -23.25881577], [-44.97685447, -23.25883197], [-44.97671199, -23.25873851], [-44.97645581, -23.25835795], [-44.97633421, -23.25826043], [-44.97619879, -23.25822586], [-44.97608799, -23.25823248], [-44.97544776, -23.25843542], [-44.97508226, -23.25845909], [-44.97454825, -23.2583797], [-44.97408117, -23.25821592], [-44.9739135, -23.25810384], [-44.97373618, -23.25791475], [-44.9733593, -23.25737794], [-44.97314919, -23.25715651], [-44.97268619, -23.25685728], [-44.97214564, -23.25657895], [-44.97183967, -23.25630572], [-44.97168496, -23.25611712], [-44.97153365, -23.25584275], [-44.97139879, -23.25545127], [-44.97128875, -23.25499707], [-44.97114259, -23.25480865], [-44.970912, -23.2546952], [-44.97067548, -23.25468339], [-44.97036348, -23.25470584], [-44.9700218, -23.2548023], [-44.96950916, -23.25486794], [-44.96869597, -23.25492702], [-44.96803025, -23.25466853], [-44.9679627, -23.25451345], [-44.96790899, -23.25446258], [-44.9677738, -23.25441897], [-44.96765751, -23.25442547], [-44.9674436, -23.25459249], [-44.96719531, -23.25488526], [-44.96703352, -23.25502179], [-44.96692421, -23.25504199], [-44.96684309, -23.25496342], [-44.96666021, -23.25456185], [-44.96648153, -23.25435464], [-44.96636418, -23.2543069], [-44.96621256, -23.2543804], [-44.96596037, -23.25484928], [-44.96577883, -23.255017], [-44.96552723, -23.25505669], [-44.96535336, -23.25504386], [-44.96500244, -23.25492778], [-44.96486658, -23.25483897], [-44.96480181, -23.25474268], [-44.96474646, -23.25449298], [-44.96477161, -23.25432185], [-44.96403769, -23.25406332], [-44.96314813, -23.25432729], [-44.96254486, -23.25478933], [-44.96149779, -23.25597327], [-44.96101767, -23.25634947], [-44.95988177, -23.25738666], [-44.9596147, -23.2575525], [-44.95943381, -23.2578377], [-44.95939872, -23.25866696], [-44.95924869, -23.25890892], [-44.95896901, -23.25897058], [-44.95871303, -23.25887011], [-44.95835729, -23.25846475], [-44.95808038, -23.25841803], [-44.95771485, -23.25868112], [-44.95747752, -23.25871207], [-44.95723465, -23.25888748], [-44.95726778, -23.25907344], [-44.95738015, -23.25922047], [-44.95752677, -23.25931855], [-44.95758088, -23.25956052], [-44.95707308, -23.25961133], [-44.95578664, -23.25938892], [-44.95421985, -23.2589627], [-44.95373112, -23.25845841], [-44.95339435, -23.25755352], [-44.95285114, -23.25690723], [-44.95234856, -23.25545532], [-44.951367, -23.25378662], [-44.95108702, -23.25310035], [-44.95098926, -23.25221995], [-44.95069509, -23.25199976], [-44.94769794, -23.25259744], [-44.94692506, -23.25246754], [-44.94574886, -23.25239948], [-44.94406754, -23.25223058], [-44.94335774, -23.25243443], [-44.94256795, -23.25307158], [-44.9425556, -23.25406795], [-44.94246184, -23.2543924], [-44.9419788, -23.25459907], [-44.94154468, -23.25402925], [-44.94101278, -23.25278617], [-44.94069705, -23.25149047], [-44.94041133, -23.25041669], [-44.93959936, -23.24888867], [-44.93827044, -23.24747681], [-44.93677037, -23.24618169], [-44.93509329, -23.24498864], [-44.9331988, -23.24405329], [-44.93131731, -23.24306952], [-44.93031338, -23.2422561], [-44.92925212, -23.24134842], [-44.9276571, -23.24032693], [-44.92620903, -23.23939305], [-44.92553046, -23.23892711], [-44.92487694, -23.23839228], [-44.92424837, -23.23790853], [-44.92297442, -23.23731912], [-44.92144057, -23.23678908], [-44.92015199, -23.2365994], [-44.91871093, -23.23667926], [-44.91728806, -23.23688146], [-44.91640819, -23.23701361], [-44.91526941, -23.23699233], [-44.91408041, -23.23665441], [-44.91313596, -23.23634994], [-44.91178608, -23.23608454], [-44.91039544, -23.23561118], [-44.9094343, -23.23523257], [-44.90826901, -23.23426783], [-44.90745165, -23.23305756], [-44.90638888, -23.23179042], [-44.90550976, -23.231185], [-44.90475313, -23.2309199], [-44.90423977, -23.23041471], [-44.90332206, -23.22987936], [-44.90219736, -23.2294817], [-44.90109297, -23.22929198], [-44.90047941, -23.22919707], [-44.89988654, -23.22879973], [-44.89890831, -23.2286592], [-44.89787486, -23.22856815], [-44.89703945, -23.22814746], [-44.8965123, -23.2278902], [-44.89582935, -23.22744759], [-44.89533291, -23.22742086], [-44.8947964, -23.22764435], [-44.8944503, -23.22773206], [-44.89410433, -23.22766787], [-44.89391438, -23.22720405], [-44.89356768, -23.22692418], [-44.89304765, -23.22652449], [-44.89242358, -23.22600255], [-44.89166671, -23.22539173], [-44.89109445, -23.22484314], [-44.89038331, -23.22421763], [-44.88986788, -23.22406726], [-44.88921876, -23.22377583], [-44.88862363, -23.22371775], [-44.88892756, -23.22419924], [-44.88901526, -23.22452449], [-44.88895632, -23.22487675], [-44.88867733, -23.22539053], [-44.8880765, -23.22623019], [-44.88760649, -23.22724518], [-44.88742994, -23.22797584], [-44.88722384, -23.22897747], [-44.88665062, -23.23180716], [-44.88656234, -23.23217294], [-44.88644487, -23.2323761], [-44.88618081, -23.23255115], [-44.88578487, -23.23261862], [-44.88519924, -23.23276724], [-44.88430471, -23.23294273], [-44.88363112, -23.23306418], [-44.88311802, -23.2329825], [-44.88144891, -23.23252056], [-44.88077464, -23.23231771], [-44.87974926, -23.23233048], [-44.87843045, -23.23255891], [-44.87800506, -23.23277537], [-44.87781427, -23.23297847], [-44.87775536, -23.23326297], [-44.87779907, -23.2335611], [-44.87798926, -23.23402104], [-44.8782235, -23.23441416], [-44.87834026, -23.23500954], [-44.87833979, -23.23552443], [-44.87816317, -23.23626862], [-44.87804497, -23.23725767], [-44.87813236, -23.23790722], [-44.87823445, -23.23850258], [-44.87845392, -23.23903119], [-44.87862927, -23.23969436], [-44.87870201, -23.24033126], [-44.87865752, -23.24088676], [-44.87853969, -23.24146841], [-44.87845096, -23.24229397], [-44.87827455, -23.24279518], [-44.87792221, -23.24325559], [-44.87751233, -23.24357956], [-44.87705736, -23.24402635], [-44.87666097, -23.24454002], [-44.87629476, -23.24520367], [-44.87619154, -23.24582598], [-44.87613239, -23.24636792], [-44.87613172, -23.24708515], [-44.87604301, -23.24787097], [-44.87589594, -23.24834419], [-44.87560228, -23.248764], [-44.87520609, -23.24904823], [-44.87454704, -23.2492103], [-44.87278818, -23.24939768], [-44.87143986, -23.24962693], [-44.87059022, -23.24974817], [-44.86749851, -23.24932646], [-44.86657573, -23.24925793], [-44.86557965, -23.24917578], [-44.8640998, -23.24895771], [-44.86307453, -23.24874003], [-44.862532, -23.24871245], [-44.86210671, -23.24875273], [-44.86155042, -23.24879289], [-44.86089054, -23.24880586], [-44.86009969, -23.2487916], [-44.85922101, -23.24862822], [-44.85832675, -23.24841062], [-44.85744695, -23.24838002], [-44.85705097, -23.24844109], [-44.85590715, -23.24848069], [-44.85485039, -23.24847972], [-44.85377291, -23.24864132], [-44.85227694, -23.24888381], [-44.85130886, -23.24912679], [-44.85045593, -23.24954693], [-44.85024544, -23.24982676], [-44.85000172, -23.25009662], [-44.85003579, -23.25022492], [-44.85020287, -23.25030276], [-44.85081575, -23.2503711], [-44.85099341, -23.25040052], [-44.85148342, -23.25047373], [-44.85162217, -23.250538], [-44.8516152, -23.25065362], [-44.85138618, -23.25088284], [-44.85125593, -23.25109319], [-44.85086838, -23.2514686], [-44.85052006, -23.25173565], [-44.85024912, -23.25186096], [-44.84999779, -23.25193208], [-44.84976608, -23.25194992], [-44.84933991, -23.25189532], [-44.8486059, -23.25173382], [-44.84783182, -23.25157228], [-44.84730986, -23.25150041], [-44.84703909, -23.25148208], [-44.84676819, -23.25157125], [-44.84659403, -23.25169664], [-44.84647851, -23.25183925], [-44.84599373, -23.25258943], [-44.84541314, -23.25333951], [-44.8448708, -23.25398214], [-44.84440583, -23.25450018], [-44.84380592, -23.25503525], [-44.84345757, -23.25530319], [-44.84314739, -23.25553503], [-44.84279916, -23.25569547], [-44.84210277, -23.25596306], [-44.84142508, -23.25612317], [-44.84101929, -23.25617605], [-44.84036132, -23.25619345], [-44.83970443, -23.25612142], [-44.83931738, -23.25604966], [-44.8390467, -23.25594189], [-44.83835097, -23.25565482], [-44.83794538, -23.25554782], [-44.83755826, -23.25552935], [-44.83734505, -23.25560049], [-44.83715228, -23.25574301], [-44.83691932, -23.25597492], [-44.83674493, -23.25627916], [-44.83662824, -23.25656449], [-44.83658966, -23.25694022], [-44.83662741, -23.25724378], [-44.83666628, -23.25744074], [-44.83682029, -23.25781578], [-44.83722611, -23.25854878], [-44.8377278, -23.25922859], [-44.83855895, -23.25992591], [-44.83927387, -23.26053457], [-44.83958245, -23.2608384], [-44.84033598, -23.26187617], [-44.84054758, -23.26234069], [-44.84060599, -23.26255483], [-44.84056667, -23.26273365], [-44.8405086, -23.26305517], [-44.84043113, -23.26325201], [-44.84015976, -23.26371604], [-44.83984932, -23.2641448], [-44.83924935, -23.26467985], [-44.83803025, -23.26541118], [-44.83770048, -23.2656439], [-44.83742937, -23.26587577], [-44.8370427, -23.26626831], [-44.83638385, -23.26696408], [-44.83590037, -23.26735742], [-44.83539645, -23.26767847], [-44.83481631, -23.26796331], [-44.83449647, -23.26806143], [-44.83419723, -23.26810628], [-44.8334229, -23.26808739], [-44.83268854, -23.26815797], [-44.83230129, -23.26821086], [-44.83210761, -23.26828201], [-44.83162421, -23.26860307], [-44.83119754, -23.26890703], [-44.83079129, -23.26929953], [-44.83055916, -23.26962086], [-44.83044247, -23.26988902], [-44.83040304, -23.2701392], [-44.8304613, -23.27046084], [-44.8307117, -23.27115756], [-44.83088528, -23.27151546], [-44.83090475, -23.27158684], [-44.83090464, -23.27167627], [-44.83086537, -23.27180089], [-44.83061357, -23.27221162], [-44.83045879, -23.27244451], [-44.83022583, -23.27264028], [-44.82985881, -23.27292623], [-44.82956805, -23.27321136], [-44.82912249, -23.27374744], [-44.8290449, -23.27401474], [-44.82896684, -23.27465871], [-44.82892709, -23.2751582], [-44.8288691, -23.27539119], [-44.82877203, -23.27560517], [-44.82846129, -23.27621276], [-44.82828686, -23.27651608], [-44.828267, -23.27674821], [-44.82822853, -23.27701645], [-44.82813134, -23.27731986], [-44.82785987, -23.27780193], [-44.82756873, -23.27837341], [-44.82731669, -23.27894493], [-44.82721964, -23.27914174], [-44.82706494, -23.27930236], [-44.8268515, -23.27951621], [-44.82669673, -23.27973103], [-44.82658025, -23.27982032], [-44.8261547, -23.27998064], [-44.82592293, -23.27999755], [-44.82567166, -23.27998011], [-44.82528456, -23.27989025], [-44.82480054, -23.27988971], [-44.8246264, -23.27996088], [-44.82439452, -23.28006811], [-44.82420068, -23.28024585], [-44.82406553, -23.28040648], [-44.8240066, -23.28060334], [-44.82406494, -23.28085362], [-44.82423841, -23.28130005], [-44.82487524, -23.28258798], [-44.82526022, -23.28355315], [-44.82603137, -23.28534075], [-44.82632119, -23.28580628], [-44.82699769, -23.2867004], [-44.82715182, -23.28698601], [-44.82718973, -23.28716491], [-44.82722833, -23.28755789], [-44.82730476, -23.28820113], [-44.82747748, -23.28923832], [-44.82751563, -23.28998902], [-44.82743796, -23.29031051], [-44.82730157, -23.29066717], [-44.82699198, -23.29111396], [-44.82658465, -23.29152452], [-44.82639084, -23.29166703], [-44.82617854, -23.29173815], [-44.82581076, -23.29180911], [-44.82503729, -23.29177302], [-44.82414755, -23.29166453], [-44.82356682, -23.29155638], [-44.82325797, -23.29143138], [-44.82292865, -23.29125215], [-44.82260039, -23.29101963], [-44.82223306, -23.29075093], [-44.82207881, -23.29055474], [-44.82188538, -23.29041089], [-44.82153739, -23.29030391], [-44.82091854, -23.29019571], [-44.81993202, -23.29006902], [-44.81882918, -23.28990696], [-44.81813312, -23.28976343], [-44.81757302, -23.28960199], [-44.81706965, -23.28942255], [-44.81656739, -23.28915459], [-44.81602609, -23.28883237], [-44.8156013, -23.2884028], [-44.81527335, -23.28795528], [-44.81494453, -23.2874373], [-44.81453958, -23.28681082], [-44.81419201, -23.28641747], [-44.81376714, -23.28605926], [-44.81314885, -23.28555809], [-44.81229797, -23.28496811], [-44.81171843, -23.28473436], [-44.81090637, -23.28435851], [-44.80959174, -23.28396398], [-44.80860558, -23.28362314], [-44.80833492, -23.28348008], [-44.80814152, -23.28333622], [-44.80793839, -23.2831526], [-44.80762596, -23.28282251], [-44.80753805, -23.28275646], [-44.80741782, -23.2827256], [-44.80730244, -23.28272004], [-44.80722031, -23.28271994], [-44.80713718, -23.28272526], [-44.80707751, -23.28274506], [-44.80703833, -23.28279108], [-44.80702751, -23.28283171], [-44.80702154, -23.28290216], [-44.80709241, -23.28326267], [-44.80733828, -23.28431804], [-44.80744681, -23.2850083], [-44.80747989, -23.28580145], [-44.80738226, -23.28637312], [-44.80724667, -23.28682009], [-44.80689755, -23.28751612], [-44.8061802, -23.28858746], [-44.80540525, -23.28958737], [-44.80441716, -23.29055087], [-44.80358398, -23.29122912], [-44.80230677, -23.29194204], [-44.80046691, -23.29288728], [-44.7987444, -23.29381458], [-44.79694372, -23.29468757], [-44.79628504, -23.29504352], [-44.79572415, -23.2954005], [-44.79463932, -23.29623916], [-44.79370941, -23.29680973], [-44.79268392, -23.29720132], [-44.78927721, -23.29817958], [-44.78753565, -23.29869573], [-44.78718827, -23.29882714], [-44.78701991, -23.29892085], [-44.78678388, -23.29913823], [-44.78663188, -23.29940179], [-44.78653053, -23.29979098], [-44.78646245, -23.30016395], [-44.78647848, -23.30053794], [-44.78656184, -23.30100506], [-44.78671285, -23.30136298], [-44.78704928, -23.30197046], [-44.78746821, -23.30298183], [-44.78792131, -23.30402486], [-44.78815609, -23.30460148], [-44.78822303, -23.30494302], [-44.78822232, -23.30539468], [-44.78818858, -23.30570537], [-44.78813737, -23.3059239], [-44.78805292, -23.30614148], [-44.78790086, -23.30643666], [-44.78778235, -23.3065458], [-44.78737797, -23.30684063], [-44.78693927, -23.30718239], [-44.78651794, -23.30767954], [-44.78639917, -23.30794404], [-44.78628019, -23.30834856], [-44.78619531, -23.30883081], [-44.78619414, -23.30956158], [-44.78616032, -23.30991925], [-44.78610911, -23.31013778], [-44.78599127, -23.310433], [-44.78578827, -23.31077507], [-44.78553536, -23.31113244], [-44.78533266, -23.31128753], [-44.78487747, -23.31153622], [-44.78393316, -23.31184566], [-44.78342721, -23.31203194], [-44.78322551, -23.31217167], [-44.78300612, -23.31235836], [-44.78280321, -23.3126381], [-44.78236403, -23.31325987], [-44.78177295, -23.3140675], [-44.78121634, -23.31472072], [-44.78074372, -23.31545083], [-44.78048953, -23.31597982], [-44.78016832, -23.31681944], [-44.77988015, -23.31778376], [-44.77949101, -23.31888796], [-44.77927025, -23.31989935], [-44.77921949, -23.32042771], [-44.77925136, -23.32126783], [-44.77928392, -23.32168791], [-44.77943473, -23.32217049], [-44.77983816, -23.32308972], [-44.78020797, -23.32363493], [-44.78069517, -23.3241794], [-44.78128381, -23.32489654], [-44.7815189, -23.32528529], [-44.78168751, -23.32565949], [-44.78170355, -23.32601722], [-44.78165231, -23.3262502], [-44.7815512, -23.32646776], [-44.78131504, -23.3267321], [-44.78079204, -23.32713605], [-44.77977932, -23.32792863], [-44.77896941, -23.32851825], [-44.77886848, -23.32862741], [-44.7788007, -23.32879804], [-44.77868257, -23.32924952], [-44.77861459, -23.32954481], [-44.77861397, -23.32991787], [-44.77869701, -23.33057198], [-44.7787131, -23.33089809], [-44.7786794, -23.33116271], [-44.77862831, -23.33130265], [-44.77854398, -23.33142719], [-44.77834118, -23.33161389], [-44.77810521, -23.33175357], [-44.77699218, -23.33224971], [-44.77643602, -23.33257591], [-44.77635081, -23.33263811], [-44.7763067, -23.33269044], [-44.77627136, -23.33276717], [-44.7762497, -23.33284844], [-44.77623665, -23.33304624], [-44.77624522, -23.33318808], [-44.77626656, -23.33329741], [-44.77634545, -23.33349986], [-44.77654152, -23.33382804], [-44.77693485, -23.33435884], [-44.77748138, -23.3352714], [-44.77800439, -23.33682488], [-44.77827875, -23.33789911], [-44.77837298, -23.33838961], [-44.77781393, -23.33867696], [-44.77761716, -23.33876069], [-44.77713271, -23.33889369], [-44.77585183, -23.33910956], [-44.77467181, -23.33926323], [-44.77256534, -23.33944717], [-44.77158786, -23.3395704], [-44.77023962, -23.33969309], [-44.769768, -23.33975472], [-44.76951551, -23.33981578], [-44.76921109, -23.33992463], [-44.76873917, -23.34015698], [-44.76789641, -23.34043576], [-44.76710351, -23.34073087], [-44.76675009, -23.34088571], [-44.76617618, -23.34125791], [-44.76561971, -23.34172409], [-44.76538256, -23.34195679], [-44.7652308, -23.34203515], [-44.76499493, -23.34209622], [-44.76428742, -23.34221981], [-44.76351253, -23.34228097], [-44.76201288, -23.34226334], [-44.76137212, -23.34226237], [-44.76115287, -23.34232436], [-44.76091697, -23.34240168], [-44.76074866, -23.34243214], [-44.76061371, -23.34240122], [-44.76041132, -23.34233858], [-44.76020983, -23.34232292], [-44.75997306, -23.34233791], [-44.75982135, -23.34238465], [-44.75966949, -23.34250907], [-44.75936561, -23.34285096], [-44.75901164, -23.34330116], [-44.75865647, -23.34387602], [-44.75818328, -23.34479394], [-44.75791206, -23.34546197], [-44.75775963, -23.34589803], [-44.75747093, -23.34703303], [-44.75733423, -23.34796592], [-44.75716299, -23.34959973], [-44.75712874, -23.35014437], [-44.75707733, -23.35043967], [-44.75694153, -23.35087484], [-44.75680598, -23.35117092], [-44.75663722, -23.35143532], [-44.75646867, -23.35159043], [-44.7561485, -23.35172994], [-44.75525476, -23.35200857], [-44.75412531, -23.35225521], [-44.75225407, -23.35261087], [-44.75151211, -23.35281203], [-44.75122517, -23.35296694], [-44.75102233, -23.35313734], [-44.75093796, -23.35326186], [-44.7508868, -23.35341715], [-44.7509206, -23.35365116], [-44.75105501, -23.35397747], [-44.75128943, -23.35470951], [-44.75135644, -23.35497429], [-44.75133931, -23.35523893], [-44.75125289, -23.35593885], [-44.75094713, -23.35726079], [-44.75086209, -23.35774302], [-44.75074396, -23.35813125], [-44.75064177, -23.35836504], [-44.75048969, -23.35859785], [-44.75026274, -23.35897105], [-44.75023677, -23.35902458], [-44.74973696, -23.35879222], [-44.74801983, -23.3582674], [-44.74649746, -23.35826494], [-44.74482281, -23.3582823], [-44.74349617, -23.35828013], [-44.74256042, -23.35857979], [-44.74134132, -23.35920023], [-44.73990374, -23.36032229], [-44.73879244, -23.36140471], [-44.7380951, -23.36210632], [-44.73730918, -23.36361093], [-44.73658928, -23.36471408], [-44.73554313, -23.36581667], [-44.73425904, -23.36625624], [-44.73295331, -23.36663553], [-44.73160443, -23.36683401], [-44.73040719, -23.36733393], [-44.7286218, -23.36827456], [-44.72711967, -23.36895464], [-44.72629268, -23.36919415], [-44.72568369, -23.36919309], [-44.72509702, -23.36891095], [-44.72446698, -23.36856849], [-44.72396736, -23.36826643], [-44.72363745, -23.36839898], [-44.72367864, -23.36855232], [-44.72390465, -23.36903056], [-44.72415565, -23.36925502], [-44.72446844, -23.36940733], [-44.72460922, -23.36946539], [-44.72478897, -23.369603], [-44.72507019, -23.36988533], [-44.72514037, -23.37001552], [-44.72521058, -23.37013127], [-44.72546047, -23.37042076], [-44.72568712, -23.37059459], [-44.72595305, -23.37069623], [-44.72614092, -23.37069656], [-44.72647759, -23.37066101], [-44.72686147, -23.37050271], [-44.72704946, -23.37044522], [-44.72729996, -23.37043843], [-44.72747985, -23.37051101], [-44.72777684, -23.37073554], [-44.72805851, -23.37080107], [-44.72845894, -23.37068615], [-44.72862353, -23.37058526], [-44.7289133, -23.3705135], [-44.72919527, -23.37042727], [-44.72934402, -23.3704203], [-44.72981343, -23.37054396], [-44.73004043, -23.37054435], [-44.73036935, -23.37047266], [-44.73049472, -23.37040784], [-44.7306361, -23.37016961], [-44.73087111, -23.3700833], [-44.7312702, -23.37014179], [-44.73153632, -23.3701567], [-44.73173987, -23.3701426], [-44.73195132, -23.37009238], [-44.73223336, -23.36997001], [-44.73264081, -23.36976837], [-44.73295495, -23.36974], [-44.73343999, -23.36987813], [-44.73390955, -23.36992951], [-44.73444935, -23.37008941], [-44.73463703, -23.37018367], [-44.73491869, -23.37024919], [-44.73523973, -23.37019915], [-44.7352946, -23.37016311], [-44.7354436, -23.37002606], [-44.73563242, -23.36954221], [-44.7359304, -23.36927534], [-44.73627542, -23.36897241], [-44.73646346, -23.36888601], [-44.7366594, -23.36875627], [-44.73705258, -23.36834412], [-44.73740498, -23.36826522], [-44.7375382, -23.36818596], [-44.73765591, -23.3680344], [-44.73785172, -23.36797692], [-44.73821156, -23.36809314], [-44.73854796, -23.36818765], [-44.73875931, -23.368188], [-44.73922932, -23.36800813], [-44.739535, -23.36779907], [-44.73994218, -23.36772748], [-44.7400832, -23.36766268], [-44.74027928, -23.36746067], [-44.74044379, -23.3673959], [-44.74082741, -23.36736041], [-44.74092924, -23.36732444], [-44.74101552, -23.36723064], [-44.74106294, -23.36699948], [-44.74112571, -23.36692009], [-44.74139298, -23.36684104], [-44.74177661, -23.36679832], [-44.74198908, -23.3667237], [-44.74209974, -23.3666751], [-44.74228567, -23.36666186], [-44.74243428, -23.36671991], [-44.74262889, -23.36677262], [-44.74273942, -23.36678726], [-44.74286464, -23.36680011], [-44.74305257, -23.36676429], [-44.74323252, -23.36680794], [-44.74329487, -23.36694535], [-44.7435059, -23.3671119], [-44.74386596, -23.36711249], [-44.74414005, -23.3670479], [-44.74441385, -23.36713506], [-44.74458585, -23.36724374], [-44.74471858, -23.36741739], [-44.74516384, -23.36789506], [-44.74528899, -23.36794584], [-44.74585335, -23.36805516], [-44.74613495, -23.36815678], [-44.74629933, -23.36815705], [-44.74651077, -23.36810681], [-44.74682412, -23.36797724], [-44.74719252, -23.36771046], [-44.74741189, -23.36760965], [-44.74774079, -23.36753069], [-44.74799932, -23.36741548], [-44.74823444, -23.36726411], [-44.74857176, -23.36687442], [-44.74877548, -23.36676635], [-44.74888519, -23.36670149], [-44.74908097, -23.36665122], [-44.74929994, -23.36675997], [-44.74954198, -23.36708554], [-44.74972193, -23.36712919], [-44.74990993, -23.36705723], [-44.75025387, -23.36678317], [-44.75044472, -23.36675548], [-44.75058857, -23.36674667], [-44.75074214, -23.36677311], [-44.75091524, -23.36681855], [-44.75103945, -23.36684495], [-44.75126053, -23.36687149], [-44.75144245, -23.36690791], [-44.75155782, -23.36695236], [-44.75166338, -23.36701485], [-44.75174053, -23.36709447], [-44.75178822, -23.36722733], [-44.75178781, -23.36744863], [-44.75184513, -23.36767094], [-44.75192122, -23.36779481], [-44.75201692, -23.36789252], [-44.75216152, -23.36800837], [-44.75231497, -23.36809713], [-44.75246844, -23.36817687], [-44.75271781, -23.36824862], [-44.75291929, -23.3682932], [-44.75311107, -23.3682935], [-44.75353381, -23.36826707], [-44.75372555, -23.36828544], [-44.7538791, -23.36832091], [-44.7540903, -23.36840164], [-44.7545507, -23.36864986], [-44.75477162, -23.36876583], [-44.75514612, -23.3688992], [-44.75535734, -23.36897089], [-44.75698001, -23.36929229], [-44.75727731, -23.36938127], [-44.75781497, -23.36964858], [-44.75814038, -23.36987942], [-44.75865823, -23.37028761], [-44.75908032, -23.37062519], [-44.75938722, -23.37081264], [-44.75957004, -23.37090145], [-44.75968545, -23.37092782], [-44.75983904, -23.37094612], [-44.76036647, -23.37092886], [-44.76097224, -23.3708765], [-44.7617404, -23.37084244], [-44.76205742, -23.37084292], [-44.76248882, -23.3709059], [-44.76291136, -23.37099507], [-44.76313235, -23.37107489], [-44.76331517, -23.37116369], [-44.7635448, -23.37134199], [-44.76381345, -23.37158177], [-44.76479099, -23.37267352], [-44.76503031, -23.37290422], [-44.76535661, -23.37319738], [-44.76551983, -23.37330421], [-44.76578876, -23.37339314], [-44.76589439, -23.37341949], [-44.76602843, -23.37342873], [-44.76619183, -23.37342897], [-44.76637484, -23.37341118], [-44.76657649, -23.37336722], [-44.76700831, -23.37319082], [-44.76718162, -23.37312875], [-44.76735487, -23.37309378], [-44.76751829, -23.37308499], [-44.76783422, -23.37315682], [-44.76816088, -23.37324582], [-44.76831447, -23.37326412], [-44.76842997, -23.37324622], [-44.76855527, -23.37321118], [-44.76871784, -23.37313102], [-44.76891083, -23.37299853], [-44.7690744, -23.37291024], [-44.76919874, -23.37286617], [-44.76935235, -23.37287543], [-44.76946778, -23.37289276], [-44.76964086, -23.37295534], [-44.76981294, -23.37303508], [-44.77000544, -23.37318622], [-44.77049385, -23.37367471], [-44.77063746, -23.37380771], [-44.77088769, -23.37395893], [-44.7710119, -23.37399434], [-44.77123299, -23.37402176], [-44.77147272, -23.37402211], [-44.77183767, -23.37404071], [-44.77195309, -23.37406707], [-44.77207825, -23.37412055], [-44.77223173, -23.37420026], [-44.77239494, -23.37431612], [-44.77254842, -23.37440487], [-44.77266284, -23.37444027], [-44.77277829, -23.37444947], [-44.77292213, -23.37444967], [-44.7730758, -23.3744237], [-44.77359458, -23.37431786], [-44.77376782, -23.37429102], [-44.77394097, -23.37431837], [-44.77406517, -23.37436281], [-44.77418048, -23.3744515], [-44.77439346, -23.37464511], [-44.77481746, -23.37504407], [-44.77499237, -23.37518795], [-44.77514779, -23.37528121], [-44.77529542, -23.3753564], [-44.77543039, -23.37539363], [-44.77564659, -23.37542465], [-44.7759019, -23.3754756], [-44.77603001, -23.37551914], [-44.77614536, -23.37558796], [-44.77625965, -23.37570013], [-44.77640709, -23.37589274], [-44.77647453, -23.3759371], [-44.77655569, -23.37596793], [-44.77665645, -23.37598704], [-44.77675822, -23.37598087], [-44.7768522, -23.37595571], [-44.7770079, -23.37588728], [-44.7772027, -23.3758442], [-44.77736908, -23.37582095], [-44.77759608, -23.3758294], [-44.77785923, -23.37587133], [-44.77806854, -23.37593034], [-44.7782856, -23.37603182], [-44.77858574, -23.37619122], [-44.77907555, -23.37644303], [-44.77930243, -23.37652736], [-44.78048198, -23.37685601], [-44.78091716, -23.3770156], [-44.7811176, -23.37710892], [-44.78136197, -23.37726824], [-44.78155252, -23.37742749], [-44.78204188, -23.37796473], [-44.78223241, -23.37814114], [-44.78263126, -23.37837655], [-44.78283075, -23.37845993], [-44.78313984, -23.37853624], [-44.78379326, -23.37867986], [-44.78433816, -23.37877275], [-44.78465513, -23.37881474], [-44.78494581, -23.37878172], [-44.7851005, -23.37873135], [-44.785219, -23.3786728], [-44.78537279, -23.37857274], [-44.7855002, -23.37844736], [-44.78555515, -23.3783553], [-44.78557387, -23.37827131], [-44.78557409, -23.37813763], [-44.78553708, -23.37802828], [-44.78546491, -23.37787733], [-44.78532927, -23.37764228], [-44.78506661, -23.37729867], [-44.78403303, -23.37624942], [-44.78363452, -23.37580445], [-44.78335336, -23.37540209], [-44.78325391, -23.37518336], [-44.78322674, -23.3750415], [-44.78324556, -23.37489881], [-44.78330948, -23.37470559], [-44.78337334, -23.3745467], [-44.78347337, -23.37441315], [-44.78360078, -23.37428686], [-44.78395533, -23.37407779], [-44.78428247, -23.3738777], [-44.78448237, -23.37370184], [-44.78459119, -23.37357643], [-44.7846825, -23.37338325], [-44.78472773, -23.37324962], [-44.7847643, -23.37302295], [-44.78480191, -23.37275472], [-44.78478391, -23.37238615], [-44.78480329, -23.3719002], [-44.78488496, -23.37161487], [-44.78499393, -23.37139732], [-44.78512148, -23.3711798], [-44.78528518, -23.37099576], [-44.78546745, -23.37082799], [-44.78578591, -23.37054389], [-44.78594066, -23.37045197], [-44.78616686, -23.37034298], [-44.78644001, -23.37024308], [-44.7866671, -23.37019281], [-44.78688533, -23.37016781], [-44.7871025, -23.37020153], [-44.78722084, -23.37023511], [-44.78742025, -23.37036185], [-44.78760202, -23.37050391], [-44.78775536, -23.37068026], [-44.78780119, -23.37078059], [-44.78785456, -23.37105798], [-44.78789996, -23.37142658], [-44.78791702, -23.37177889], [-44.78796269, -23.37197949], [-44.78799873, -23.37208071], [-44.78811691, -23.37221455], [-44.78821657, -23.37230682], [-44.78837986, -23.37238292], [-44.78854321, -23.37241657], [-44.78880642, -23.37241692], [-44.7890237, -23.37238379], [-44.78927824, -23.37230013], [-44.78946039, -23.37220011], [-44.7895878, -23.37207382], [-44.78964174, -23.37199079], [-44.78966933, -23.3718734], [-44.7896882, -23.37169728], [-44.78966982, -23.37156266], [-44.78960645, -23.37141172], [-44.78954314, -23.37122737], [-44.78950724, -23.37103492], [-44.78951325, -23.37094821], [-44.78953493, -23.37085068], [-44.78957128, -23.37075859], [-44.78960071, -23.37071076], [-44.78965263, -23.37067469], [-44.78979849, -23.37063244], [-44.78989832, -23.37061631], [-44.79000796, -23.37058304], [-44.79008926, -23.37052443], [-44.79028916, -23.37034043], [-44.79048912, -23.37011397], [-44.79070764, -23.36991282], [-44.79086239, -23.36981276], [-44.79105333, -23.36972901], [-44.79124423, -23.36966242], [-44.7914615, -23.36962929], [-44.79169829, -23.36962961], [-44.79197024, -23.36967152], [-44.79216095, -23.36973049], [-44.79236039, -23.36984005], [-44.79286567, -23.37021559], [-44.79341108, -23.37058847], [-44.79371903, -23.37076412], [-44.79388526, -23.37083028], [-44.79405057, -23.37086663], [-44.79428047, -23.37089674], [-44.79461214, -23.37091885], [-44.79491251, -23.3709337], [-44.79528437, -23.37090528], [-44.79564847, -23.37083259], [-44.7960038, -23.37073821], [-44.796368, -23.3706068], [-44.79653444, -23.37054198], [-44.79671649, -23.37050518], [-44.79691416, -23.37049098], [-44.79705602, -23.37050562], [-44.79721445, -23.37055731], [-44.79730146, -23.37060801], [-44.79741188, -23.370703], [-44.79749003, -23.37079072], [-44.79753784, -23.3708784], [-44.79760879, -23.37119284], [-44.79770717, -23.37148925], [-44.79775012, -23.37155615], [-44.79782147, -23.37160864], [-44.79787623, -23.37163129], [-44.79801124, -23.37164592], [-44.79820109, -23.37163171], [-44.79878642, -23.37150058], [-44.79903888, -23.37148645], [-44.79932363, -23.37147959], [-44.79954568, -23.37152414], [-44.79974322, -23.37159665], [-44.79990062, -23.3716917], [-44.80014592, -23.37188984], [-44.80045364, -23.37222536], [-44.80058745, -23.37238631], [-44.80081675, -23.37281748], [-44.80102159, -23.37324861], [-44.8010995, -23.37349622], [-44.80111575, -23.37375187], [-44.80109103, -23.37392708], [-44.80103596, -23.37410947], [-44.80092512, -23.3742918], [-44.8003937, -23.37500654], [-44.80022798, -23.37524028], [-44.80011613, -23.37544428], [-44.8000688, -23.3756854], [-44.80009193, -23.37591848], [-44.8001709, -23.3761155], [-44.80024213, -23.37624747], [-44.80035254, -23.37635691], [-44.80050988, -23.376489], [-44.80064481, -23.37656143], [-44.80079444, -23.37662034], [-44.80140372, -23.37683971], [-44.80176659, -23.37695037], [-44.8021382, -23.3771035], [-44.80242273, -23.37725019], [-44.8026681, -23.37741129], [-44.80307865, -23.37770357], [-44.80375791, -23.37825905], [-44.80489467, -23.37912945], [-44.80554281, -23.37956022], [-44.80629366, -23.38002184], [-44.80658604, -23.3801604], [-44.80683837, -23.38025556], [-44.80698899, -23.38030724], [-44.80709954, -23.38032183], [-44.80721793, -23.3803292], [-44.80738431, -23.38031495], [-44.80756636, -23.38028537], [-44.80798538, -23.38014768], [-44.80828593, -23.3800532], [-44.80856292, -23.38000928], [-44.80909235, -23.37998102], [-44.80955907, -23.38001049], [-44.80971757, -23.38002604], [-44.80989071, -23.38006961], [-44.81031026, -23.38024536], [-44.8108081, -23.38041398], [-44.8110135, -23.38048016], [-44.81144783, -23.38058276], [-44.81181957, -23.38065638], [-44.81242811, -23.38074382], [-44.81290258, -23.38083201], [-44.81338484, -23.38095002], [-44.81374872, -23.38105252], [-44.81395411, -23.38112593], [-44.81492613, -23.38160132], [-44.81532127, -23.38173999], [-44.81585051, -23.38185804], [-44.81673689, -23.38199729], [-44.81709206, -23.38203474], [-44.81739244, -23.38205677], [-44.81774865, -23.38204996], [-44.81824673, -23.38205054], [-44.81891121, -23.38202241], [-44.8191803, -23.38203717], [-44.81950412, -23.38209535], [-44.81968606, -23.38214705], [-44.81981223, -23.38219869], [-44.81991489, -23.38226384], [-44.82008889, -23.38239592], [-44.82026288, -23.38254155], [-44.82047012, -23.38269987], [-44.8207204, -23.38287088], [-44.82087099, -23.38295145], [-44.82109984, -23.38305378], [-44.8216456, -23.38326578], [-44.82190579, -23.38334647], [-44.82507622, -23.38419011], [-44.82632544, -23.38451218], [-44.82666487, -23.38461462], [-44.82679102, -23.38468793], [-44.82688581, -23.38478288], [-44.82696493, -23.3848995], [-44.82702051, -23.38505312], [-44.82703695, -23.38520489], [-44.82701998, -23.38545508], [-44.82697954, -23.38570254], [-44.82690097, -23.38592196], [-44.82684504, -23.38603842], [-44.82674215, -23.38614761], [-44.82667065, -23.38619179], [-44.82650518, -23.38626387], [-44.82619579, -23.38638095], [-44.82605379, -23.38646119], [-44.82598225, -23.3865415], [-44.82592734, -23.38662093], [-44.82591064, -23.3866724], [-44.82592715, -23.38676727], [-44.8259506, -23.3867962], [-44.82604542, -23.3868767], [-44.82619496, -23.38701597], [-44.8263611, -23.38718417], [-44.82647151, -23.38731527], [-44.82670886, -23.38766601], [-44.82692971, -23.38790021], [-44.82719852, -23.38814079], [-44.82757792, -23.38836793], [-44.82793298, -23.38850653], [-44.82812276, -23.38855823], [-44.8282891, -23.38858009], [-44.82879503, -23.38858064], [-44.82897709, -23.38855194], [-44.82915134, -23.38850787], [-44.8292375, -23.38847183], [-44.82931686, -23.38840597], [-44.8293806, -23.38829674], [-44.82945221, -23.38816584], [-44.82949926, -23.38810718], [-44.8295629, -23.38808557], [-44.82963434, -23.38807842], [-44.82972046, -23.38807852], [-44.82983198, -23.38810754], [-44.83017136, -23.38826147], [-44.83032203, -23.38829054], [-44.83044044, -23.38829067], [-44.83055889, -23.38826189], [-44.83067736, -23.38821776], [-44.83074102, -23.38817447], [-44.83078025, -23.38810857], [-44.83079601, -23.3880282], [-44.83078047, -23.38793333], [-44.83067817, -23.38757552], [-44.83063925, -23.38740023], [-44.83065504, -23.38729818], [-44.83069433, -23.38718079], [-44.83078163, -23.38702462], [-44.83086886, -23.3869118], [-44.83092479, -23.38679443], [-44.8309484, -23.38669961], [-44.83094849, -23.38662644], [-44.83092509, -23.38656138], [-44.83087718, -23.38652429], [-44.83083031, -23.38644385], [-44.83081477, -23.38635621], [-44.83083055, -23.38626138], [-44.83085413, -23.38618192], [-44.83090999, -23.38612326], [-44.83100497, -23.3860791], [-44.83116255, -23.38605037], [-44.8312976, -23.38605052], [-44.83152654, -23.38608689], [-44.83194522, -23.386212], [-44.83219859, -23.38627821], [-44.83240406, -23.38630734], [-44.83267318, -23.3863004], [-44.83281509, -23.38629332], [-44.83287088, -23.38627893], [-44.83297372, -23.3862131], [-44.83302077, -23.38614721], [-44.83305221, -23.3860524], [-44.83306898, -23.38594312], [-44.83310039, -23.38586998], [-44.8331396, -23.38581131], [-44.83317976, -23.38578245], [-44.83324242, -23.38576084], [-44.83331387, -23.38574646], [-44.83335399, -23.38575373], [-44.83343222, -23.38579717], [-44.83348794, -23.38584149], [-44.8335671, -23.38592919], [-44.83369307, -23.3861407], [-44.8338113, -23.38628716], [-44.83392957, -23.38639658], [-44.83401658, -23.38646984], [-44.83409579, -23.38651329], [-44.83415937, -23.38653503], [-44.83440399, -23.38655788], [-44.83456252, -23.38655804], [-44.83467306, -23.38659429], [-44.83475226, -23.38664586], [-44.83487839, -23.38673362], [-44.83496535, -23.38684301], [-44.83499656, -23.38692343], [-44.83501307, -23.38702552], [-44.83500409, -23.38716372], [-44.83498826, -23.38730281], [-44.83501263, -23.38738323], [-44.83507515, -23.38747092], [-44.83515433, -23.38754417], [-44.83521007, -23.38757313], [-44.83530498, -23.38758768], [-44.83545468, -23.38760229], [-44.83564453, -23.38760249], [-44.83589803, -23.38757385], [-44.83606346, -23.38752977], [-44.8361584, -23.38751541], [-44.83627681, -23.38751554], [-44.83640401, -23.38753735], [-44.83650672, -23.38756727], [-44.83659375, -23.38762517], [-44.83667289, -23.38772823], [-44.83673537, -23.38784482], [-44.8367666, -23.38791802], [-44.83680668, -23.38795419], [-44.83687024, -23.38799039], [-44.83690153, -23.388013], [-44.8369651, -23.38804198], [-44.83703556, -23.38804928], [-44.83712266, -23.38804214], [-44.8371628, -23.38802773], [-44.8372098, -23.3880061], [-44.83724115, -23.38797632], [-44.83731272, -23.3878671], [-44.83740003, -23.38769195], [-44.83747944, -23.38757551], [-44.83752646, -23.38753852], [-44.83759793, -23.38750969], [-44.83767721, -23.38750254], [-44.83772418, -23.38750259], [-44.83781124, -23.38753159], [-44.83787479, -23.38757592], [-44.83795398, -23.38764194], [-44.83799305, -23.38770702], [-44.83802428, -23.38777299], [-44.83806429, -23.38786788], [-44.83814342, -23.38797726], [-44.83819816, -23.3880288], [-44.83824609, -23.38805053], [-44.83830088, -23.38805782], [-44.83837233, -23.38805066], [-44.83845164, -23.38801461], [-44.83852218, -23.38794875], [-44.83856238, -23.38788285], [-44.83861733, -23.38775915], [-44.8386812, -23.38753972], [-44.83873713, -23.38741602], [-44.83879986, -23.38733569], [-44.8389027, -23.38726263], [-44.83900553, -23.38720493], [-44.8391641, -23.38716805], [-44.83931483, -23.38714653], [-44.83952815, -23.3871612], [-44.83963869, -23.38719112], [-44.83975704, -23.38724183], [-44.8398998, -23.38734405], [-44.84015983, -23.38757104], [-44.84031035, -23.38772476], [-44.84048425, -23.38797244], [-44.84075186, -23.38841081], [-44.84094903, -23.38883466], [-44.84104379, -23.38897296], [-44.84111515, -23.38903897], [-44.84116208, -23.38907515], [-44.84124914, -23.38910505], [-44.84125696, -23.38911228], [-44.84132838, -23.38912681], [-44.84147126, -23.38912695], [-44.84154958, -23.38910535], [-44.84166904, -23.38904676], [-44.84171606, -23.38900345], [-44.84177191, -23.38894479], [-44.8418346, -23.38889337], [-44.84189041, -23.38887174], [-44.84198536, -23.38885016], [-44.84218306, -23.38883591], [-44.842278, -23.38882155], [-44.84238079, -23.38879185], [-44.84258649, -23.38862404], [-44.84263449, -23.38858796], [-44.84269714, -23.38856634], [-44.84276076, -23.38855918], [-44.84291831, -23.38856656], [-44.84311792, -23.38858935], [-44.84322751, -23.38859578], [-44.84331364, -23.38858864], [-44.84340078, -23.38855259], [-44.84345661, -23.38850839], [-44.84351152, -23.38842082], [-44.84355175, -23.38832602], [-44.84357547, -23.38812912], [-44.84361568, -23.38804877], [-44.84363921, -23.38801266], [-44.84367838, -23.38799012], [-44.84371069, -23.38798292], [-44.843742, -23.38798295], [-44.84385255, -23.38801287], [-44.84388385, -23.38802736], [-44.84396304, -23.38809338], [-44.84405786, -23.38818109], [-44.84412925, -23.38821729], [-44.84420067, -23.38823904], [-44.84429559, -23.38823914], [-44.84438173, -23.38822477], [-44.84446886, -23.38818873], [-44.84453256, -23.38811562], [-44.84458748, -23.38801361], [-44.84464343, -23.38786733], [-44.84475423, -23.38767774], [-44.84481794, -23.38759019], [-44.84484146, -23.38756853], [-44.84488062, -23.38755412], [-44.84492858, -23.38754604], [-44.84496772, -23.38754607], [-44.84507926, -23.38756877], [-44.84514189, -23.3875616], [-44.84518986, -23.38754629], [-44.8452447, -23.38751744], [-44.84528491, -23.38744432], [-44.84529285, -23.38734225], [-44.84523777, -23.38674421], [-44.84520662, -23.38659785], [-44.84517442, -23.38651742], [-44.8451588, -23.3864885], [-44.84513535, -23.38645867], [-44.84507177, -23.3864297], [-44.8449299, -23.38640788], [-44.84471657, -23.38640767], [-44.84462949, -23.38639313], [-44.84454247, -23.38633433], [-44.84447898, -23.38623219], [-44.84443212, -23.38613007], [-44.84440098, -23.38598371], [-44.84437659, -23.38591774], [-44.84431406, -23.38583006], [-44.84416357, -23.38565557], [-44.84409226, -23.3855453], [-44.84405326, -23.38542151], [-44.84403773, -23.38531219], [-44.84404568, -23.38521013], [-44.84406928, -23.38510718], [-44.84414084, -23.38500518], [-44.84431522, -23.38483734], [-44.84453658, -23.38467045], [-44.84479811, -23.3844512], [-44.84490885, -23.38432034], [-44.8449481, -23.38422553], [-44.84496392, -23.38408644], [-44.84495626, -23.383941], [-44.84490945, -23.38380184], [-44.84480698, -23.38356056], [-44.84469659, -23.38340057], [-44.84459301, -23.38327581], [-44.84418235, -23.38298364], [-44.84411979, -23.38292486], [-44.84404065, -23.38281548], [-44.84397723, -23.38266186], [-44.84392268, -23.3824432], [-44.84390629, -23.38223181], [-44.84389072, -23.38215863], [-44.84385169, -23.38206375], [-44.84374907, -23.38195434], [-44.84363857, -23.38188829], [-44.8435281, -23.38180056], [-44.84345679, -23.38169119], [-44.84326945, -23.38123394], [-44.84320501, -23.38110831], [-44.84308481, -23.38096908], [-44.8429724, -23.38086599], [-44.84283552, -23.38076469], [-44.84268493, -23.38067601], [-44.84256171, -23.38061266], [-44.84247952, -23.38060083], [-44.84238461, -23.38059712], [-44.84227401, -23.38061237], [-44.84208606, -23.38067722], [-44.84201852, -23.3806907], [-44.84194904, -23.38069695], [-44.84189523, -23.38068064], [-44.84183756, -23.38062638], [-44.84175264, -23.38044744], [-44.84170284, -23.38036158], [-44.84163443, -23.38028834], [-44.84157477, -23.38025757], [-44.84143977, -23.38022853], [-44.8413155, -23.38022208], [-44.84090342, -23.38032012], [-44.84072529, -23.38034523], [-44.84058735, -23.3803198], [-44.84045041, -23.38026907], [-44.84021774, -23.38007824], [-44.83997143, -23.37985035], [-44.8397252, -23.37954659], [-44.83954738, -23.37931878], [-44.83952012, -23.37920494], [-44.83953403, -23.379027], [-44.83961722, -23.37820508], [-44.83970017, -23.37757196], [-44.83978281, -23.3772053], [-44.83990638, -23.3769778], [-44.84015331, -23.37668628], [-44.8404002, -23.37643361], [-44.84067558, -23.37609244], [-44.84075792, -23.37596607], [-44.84081291, -23.37580172], [-44.84085421, -23.37563646], [-44.84084063, -23.37553528], [-44.84069027, -23.37525691], [-44.84051146, -23.37504174], [-44.83995042, -23.37452177], [-44.83981362, -23.37436987], [-44.83959486, -23.37401556], [-44.83942974, -23.37381305], [-44.83929291, -23.3736738], [-44.83914233, -23.37358512], [-44.83886851, -23.37345747], [-44.83849882, -23.37330534], [-44.83830719, -23.37317868], [-44.83819676, -23.37306475], [-44.83811475, -23.37291291], [-44.83806617, -23.37262561], [-44.83807524, -23.37240883], [-44.83811879, -23.37199968], [-44.83818861, -23.37171069], [-44.83824949, -23.37153461], [-44.83834558, -23.37137392], [-44.8384759, -23.3712223], [-44.83879821, -23.37090106], [-44.83884234, -23.37082071], [-44.8388424, -23.37077284], [-44.83989471, -23.36958247], [-44.83999455, -23.36955637], [-44.84010812, -23.36949777], [-44.84025111, -23.36938591], [-44.84041469, -23.36923523], [-44.84056361, -23.3690782], [-44.84073513, -23.36882907], [-44.84090565, -23.36860613], [-44.84117604, -23.36832999], [-44.84129749, -23.36822533], [-44.84152466, -23.36808103], [-44.8416598, -23.36798903], [-44.84185962, -23.36780587], [-44.84222209, -23.36743859], [-44.84240042, -23.36722198], [-44.84257879, -23.36697284], [-44.84273557, -23.36678241], [-44.8428629, -23.36667143], [-44.84303426, -23.36655327], [-44.84360411, -23.36622504], [-44.84374902, -23.36613304], [-44.84389693, -23.36599137], [-44.84393619, -23.36589205], [-44.84435544, -23.36547875], [-44.84440437, -23.36546977], [-44.84451107, -23.36543374], [-44.84460899, -23.36536158], [-44.84519472, -23.36482289], [-44.8455747, -23.36452608], [-44.84610147, -23.36420231], [-44.84675545, -23.3638615], [-44.84713527, -23.36369928], [-44.84795458, -23.3633767], [-44.84847138, -23.36320557], [-44.84938751, -23.36291017], [-44.85007067, -23.3627121], [-44.85204981, -23.36201212], [-44.85334663, -23.36162673], [-44.85430184, -23.36136657], [-44.85516015, -23.36114244], [-44.85590103, -23.36092724], [-44.85611536, -23.36087323], [-44.85683755, -23.36075737], [-44.85785146, -23.36048821], [-44.85880667, -23.36021899], [-44.85959643, -23.36003091], [-44.86016206, -23.35992302], [-44.86090284, -23.35979812], [-44.86180903, -23.35961013], [-44.86224746, -23.35950212], [-44.86258902, -23.35940306], [-44.86299911, -23.35926882], [-44.8633789, -23.35909843], [-44.86371075, -23.35892709], [-44.86406118, -23.35876571], [-44.86434404, -23.35865846], [-44.86471498, -23.35853232], [-44.86499778, -23.3584874], [-44.86528056, -23.35846054], [-44.86579714, -23.35847002], [-44.86641054, -23.35851571], [-44.86702488, -23.35860656], [-44.86734671, -23.35866103], [-44.86770674, -23.3586794], [-44.86827219, -23.35874221], [-44.86869088, -23.35880579], [-44.86890606, -23.3588692], [-44.86907131, -23.3589678], [-44.86930492, -23.35920195], [-44.8694027, -23.35925623], [-44.8695191, -23.35929246], [-44.86965608, -23.35928354], [-44.86985081, -23.35924757], [-44.87016298, -23.3591846], [-44.87047512, -23.35915776], [-44.87072853, -23.35914984], [-44.87092321, -23.35916716], [-44.87105918, -23.35919437], [-44.87128315, -23.35928489], [-44.87141027, -23.35935726], [-44.8715559, -23.35951003], [-44.87160473, -23.3596004], [-44.87163399, -23.35969889], [-44.87164367, -23.35980729], [-44.87163377, -23.35993284], [-44.87160428, -23.36007735], [-44.87154542, -23.36022996], [-44.87143861, -23.36040059], [-44.87137004, -23.36049087], [-44.87134055, -23.36063447], [-44.87138925, -23.36085943], [-44.87151527, -23.36105826], [-44.87174986, -23.36130054], [-44.87192486, -23.36143618], [-44.87223683, -23.36158909], [-44.87240212, -23.36165246], [-44.87253907, -23.36167967], [-44.8730361, -23.3616891], [-44.87339612, -23.36172553], [-44.87359078, -23.36176182], [-44.87369837, -23.36180617], [-44.87378635, -23.36188753], [-44.87388311, -23.36199601], [-44.8739124, -23.36205836], [-44.87393182, -23.36222097], [-44.87392177, -23.36249918], [-44.8739314, -23.36266178], [-44.87400955, -23.36279644], [-44.8741063, -23.36291394], [-44.87425295, -23.36303059], [-44.87440844, -23.36312104], [-44.87488568, -23.36336441], [-44.87496391, -23.36340964], [-44.87501278, -23.36346297], [-44.87505184, -23.3635443], [-44.87507136, -23.36359852], [-44.87507128, -23.36368794], [-44.87500257, -23.36392184], [-44.87489476, -23.36411145], [-44.87485549, -23.36425505], [-44.87486517, -23.36436345], [-44.87490423, -23.36445291], [-44.87497261, -23.36457039], [-44.87508012, -23.36469604], [-44.87526489, -23.36485878], [-44.87536267, -23.36492118], [-44.87544973, -23.36494835], [-44.87551821, -23.36495744], [-44.87569335, -23.36495758], [-44.8757912, -23.36494862], [-44.87589787, -23.36492161], [-44.87600555, -23.3648675], [-44.87619061, -23.36472402], [-44.87636691, -23.36452633], [-44.87668814, -23.3642023], [-44.87686439, -23.36405882], [-44.87702003, -23.36397764], [-44.87715706, -23.36392355], [-44.8772833, -23.36389745], [-44.87739093, -23.36389754], [-44.87754647, -23.36392386], [-44.87781939, -23.36399633], [-44.87805317, -23.36406878], [-44.87819991, -23.36409599], [-44.87846212, -23.36410523], [-44.87864804, -23.36407827], [-44.87879095, -23.36402238], [-44.87902785, -23.36388075], [-44.87923243, -23.36378696], [-44.87928136, -23.36377255], [-44.87933322, -23.36377259], [-44.87939975, -23.36377986], [-44.87944376, -23.36379706], [-44.87951514, -23.36384499], [-44.87967155, -23.36399777], [-44.87974877, -23.36407912], [-44.87981135, -23.36412976], [-44.87988469, -23.36417408], [-44.87995414, -23.36419581], [-44.88003144, -23.36419587], [-44.88009993, -23.36418689], [-44.88017822, -23.36416888], [-44.88023696, -23.3641337], [-44.88028494, -23.3640976], [-44.88035346, -23.36406152], [-44.88044152, -23.36406159], [-44.88050021, -23.3640797], [-44.88061658, -23.36414302], [-44.88072416, -23.36420543], [-44.88082099, -23.36424164], [-44.88092861, -23.36425075], [-44.88106462, -23.36424182], [-44.88117228, -23.36419674], [-44.88131811, -23.36415259], [-44.88143553, -23.36414364], [-44.88152356, -23.36416991], [-44.88162037, -23.36423321], [-44.88170835, -23.36432361], [-44.88179635, -23.36439503], [-44.88185013, -23.36442579], [-44.88192447, -23.36445656], [-44.88197339, -23.36445659], [-44.88203014, -23.36444941], [-44.8821564, -23.36440434], [-44.88229344, -23.36434211], [-44.88238056, -23.36429701], [-44.88244025, -23.36428351], [-44.88250776, -23.36428808], [-44.8825733, -23.36430529], [-44.88264665, -23.36434419], [-44.8827904, -23.36443191], [-44.88297525, -23.36451335], [-44.88322862, -23.36456774], [-44.88347216, -23.36466638], [-44.88360808, -23.36475681], [-44.8837254, -23.36486529], [-44.88382314, -23.36499092], [-44.88391008, -23.36515268], [-44.88419233, -23.36574726], [-44.88433885, -23.36602649], [-44.88455286, -23.366341], [-44.88466915, -23.36650368], [-44.88479625, -23.3666203], [-44.88497127, -23.36675592], [-44.88519521, -23.36690874], [-44.88553648, -23.36715198], [-44.8856049, -23.36723333], [-44.88564397, -23.36731375], [-44.88567227, -23.3674041], [-44.88568184, -23.3676471], [-44.88565303, -23.36816015], [-44.88561377, -23.36829471], [-44.88557457, -23.36836695], [-44.88551581, -23.36843827], [-44.88524269, -23.3685826], [-44.88508702, -23.36868998], [-44.88500863, -23.36882541], [-44.88494977, -23.36899609], [-44.88493979, -23.36922101], [-44.88500812, -23.36941888], [-44.88525138, -23.36985174], [-44.88541652, -23.37011201], [-44.88557291, -23.37030182], [-44.88571858, -23.37045459], [-44.88596205, -23.37064355], [-44.8861283, -23.37075207], [-44.8862447, -23.37080635], [-44.88638164, -23.37085072], [-44.88665462, -23.37087801], [-44.8869462, -23.37087822], [-44.88707338, -23.37090541], [-44.88720931, -23.37099584], [-44.88731684, -23.37112148], [-44.88748191, -23.37147298], [-44.88762852, -23.37166188], [-44.88776442, -23.37179657], [-44.88784264, -23.37185985], [-44.88795024, -23.3719051], [-44.88806666, -23.37192325], [-44.88820365, -23.37192334], [-44.88852456, -23.3719597], [-44.88869088, -23.37199595], [-44.88880725, -23.37207643], [-44.888905, -23.37219393], [-44.88904084, -23.37240088], [-44.88919724, -23.37258978], [-44.88935271, -23.37271636], [-44.88955321, -23.37283393], [-44.88968427, -23.37290538], [-44.88990826, -23.373004], [-44.89011273, -23.37304931], [-44.89046398, -23.37307665], [-44.89063607, -23.37307677], [-44.89061472, -23.37269704], [-44.89055687, -23.37229415], [-44.89038286, -23.37163604], [-44.89009148, -23.37127411], [-44.88989373, -23.37099501], [-44.88953979, -23.37059075], [-44.88924835, -23.37020577], [-44.88890479, -23.36983999], [-44.88868622, -23.36955125], [-44.88861351, -23.36927223], [-44.8886139, -23.3688105], [-44.88859331, -23.36851229], [-44.88852385, -23.36818363], [-44.88830595, -23.36784776], [-44.8878408, -23.36747143], [-44.88757313, -23.36737647], [-44.88713561, -23.36724148], [-44.88692734, -23.36709704], [-44.88666714, -23.36676017], [-44.88638611, -23.36640405], [-44.88611569, -23.36583631], [-44.88589737, -23.36525899], [-44.88586648, -23.36482609], [-44.88585649, -23.36432588], [-44.88594035, -23.36372954], [-44.88604509, -23.36309473], [-44.88614985, -23.36243107], [-44.88618154, -23.36192127], [-44.88601217, -23.36162624], [-44.88527265, -23.36112888], [-44.88457789, -23.36087158], [-44.88374453, -23.36066895], [-44.88307773, -23.3606396], [-44.88257766, -23.36058151], [-44.88209854, -23.36039838], [-44.8816508, -23.3600806], [-44.88140106, -23.35972449], [-44.88122428, -23.35932996], [-44.88091216, -23.35882952], [-44.88040938, -23.35847548], [-44.87792228, -23.35656905], [-44.87680176, -23.35596784], [-44.87595011, -23.35557384], [-44.87541442, -23.35507367], [-44.87512301, -23.35473676], [-44.87497743, -23.35443844], [-44.87474844, -23.35420739], [-44.87427983, -23.35395691], [-44.87383204, -23.3537353], [-44.87332165, -23.35360984], [-44.87286336, -23.3534748], [-44.87230092, -23.35330119], [-44.87189816, -23.35289821], [-44.87166965, -23.35217247], [-44.87085281, -23.35037012], [-44.87029574, -23.34890197], [-44.87000979, -23.34823383], [-44.87046636, -23.34802093], [-44.87065333, -23.34790546], [-44.87079631, -23.34775382], [-44.87092768, -23.34746849], [-44.87093674, -23.34719841], [-44.87079735, -23.3466816], [-44.87051509, -23.34619449], [-44.87054461, -23.34601385], [-44.87060735, -23.34588473], [-44.87072972, -23.34579902], [-44.87126803, -23.34554473], [-44.8715676, -23.34532457], [-44.87179871, -23.34507906], [-44.87190452, -23.34491926], [-44.87202609, -23.34464385], [-44.8720958, -23.34437924], [-44.87223688, -23.34416437], [-44.872462, -23.34403809], [-44.87273687, -23.34406722], [-44.87304407, -23.34404669], [-44.87331417, -23.34394845], [-44.87362056, -23.34374997], [-44.87392222, -23.34338257], [-44.87443084, -23.3424309], [-44.87452404, -23.34214643], [-44.87460561, -23.34174904], [-44.87456137, -23.34093965], [-44.87463987, -23.34068227], [-44.87488093, -23.34025339], [-44.87495942, -23.34000233], [-44.87496288, -23.33944861], [-44.8751353, -23.33917414], [-44.87516677, -23.33899893], [-44.87512914, -23.33844698], [-44.87518307, -23.33830791], [-44.87542205, -23.33799375], [-44.87555166, -23.33747626], [-44.87554641, -23.33681323], [-44.87546085, -23.33625131], [-44.87549449, -23.33584485], [-44.87571903, -23.33527414], [-44.87607468, -23.33467553], [-44.87625731, -23.33394309], [-44.87659011, -23.3337094], [-44.87747384, -23.33326476], [-44.87784285, -23.33301574], [-44.87813752, -23.33276665], [-44.87859681, -23.33219522], [-44.8790955, -23.33132753], [-44.87954055, -23.33027281], [-44.87971814, -23.32966863], [-44.87978112, -23.32924774], [-44.87977444, -23.32907069], [-44.87970326, -23.32880958], [-44.87954311, -23.32851588], [-44.87931156, -23.32820677], [-44.87925787, -23.32808388], [-44.87925796, -23.32798813], [-44.87933537, -23.32784366], [-44.87967201, -23.32766597], [-44.88002241, -23.32742415], [-44.88031909, -23.32709648], [-44.88032819, -23.32676949], [-44.88025713, -23.32637469], [-44.88022588, -23.32632859], [-44.88024471, -23.32605129], [-44.88033672, -23.32597368], [-44.88054018, -23.32596841], [-44.88133331, -23.32613613], [-44.88184464, -23.32641835], [-44.88210577, -23.32645739], [-44.88234054, -23.32644672], [-44.88279061, -23.32630976], [-44.8831733, -23.32604266], [-44.88344644, -23.32576917], [-44.88427847, -23.32507514], [-44.88459173, -23.32477186], [-44.88479057, -23.32445404], [-44.88488565, -23.32421745], [-44.88488096, -23.32398258], [-44.88473651, -23.32361935], [-44.88426564, -23.32294242], [-44.88385748, -23.3221445], [-44.88366992, -23.32186795], [-44.8831754, -23.32139425], [-44.88274812, -23.3212232], [-44.88254088, -23.32108123], [-44.88246967, -23.3208698], [-44.88237521, -23.32039098], [-44.88211543, -23.31994094], [-44.8819786, -23.31982702], [-44.88153276, -23.31962163], [-44.88139887, -23.31950049], [-44.8812387, -23.31922757], [-44.88104421, -23.3190594], [-44.88080076, -23.31895714], [-44.8804448, -23.31887919], [-44.88028841, -23.31876164], [-44.87984496, -23.31808834], [-44.87970617, -23.3179717], [-44.87936884, -23.3178504], [-44.87918603, -23.31774457], [-44.87904735, -23.31752135], [-44.87930628, -23.31672844], [-44.87929963, -23.31650803], [-44.87921778, -23.31617284], [-44.87904402, -23.31579874], [-44.87883892, -23.31547249], [-44.87856733, -23.31511999], [-44.87804844, -23.31461012], [-44.87763011, -23.31430176], [-44.87701129, -23.3139788], [-44.87561806, -23.31343571], [-44.87526605, -23.31333878], [-44.87490909, -23.31330327], [-44.87445231, -23.31333903], [-44.8739739, -23.3134877], [-44.87364213, -23.31370151], [-44.87341107, -23.31395335], [-44.87334539, -23.31411228], [-44.87321715, -23.31423593], [-44.87305668, -23.31430264], [-44.87276526, -23.31425814], [-44.87244654, -23.3141242], [-44.8717662, -23.31371625], [-44.87109939, -23.31348807], [-44.87066614, -23.31345158], [-44.87031597, -23.31347387], [-44.87001952, -23.31358202], [-44.86990299, -23.31372917], [-44.86983627, -23.31394049], [-44.86977027, -23.3144237], [-44.86969677, -23.31457991], [-44.86955095, -23.31466109], [-44.86935931, -23.31460583], [-44.86888914, -23.31431638], [-44.8687161, -23.31424306], [-44.86827215, -23.31414694], [-44.86780663, -23.3141059], [-44.8663757, -23.31413811], [-44.86546206, -23.31426018], [-44.86495433, -23.31438078], [-44.8647675, -23.31439778], [-44.8646482, -23.31436968], [-44.86460422, -23.31433893], [-44.86456712, -23.31427476], [-44.86456034, -23.31420791], [-44.86452715, -23.31414826], [-44.86448513, -23.314113], [-44.86438639, -23.31406233], [-44.86436494, -23.31399817], [-44.8643582, -23.31389158], [-44.86442098, -23.31371187], [-44.86442125, -23.31344721], [-44.86420251, -23.31310376], [-44.86395922, -23.31286146], [-44.8636513, -23.3126986], [-44.86264708, -23.3124728], [-44.86195078, -23.31239812], [-44.86143937, -23.3122983], [-44.86103364, -23.31213986], [-44.86092812, -23.3120377], [-44.86084808, -23.31188226], [-44.86086874, -23.31176575], [-44.86105278, -23.31160422], [-44.86142665, -23.31135524], [-44.86157646, -23.31118826], [-44.86173713, -23.31093276], [-44.86180674, -23.3107612], [-44.86176496, -23.31049739], [-44.86157454, -23.31020907], [-44.86087297, -23.30957884], [-44.86074805, -23.309324], [-44.86080921, -23.30882272], [-44.86078008, -23.30861583], [-44.86057307, -23.3083013], [-44.85997902, -23.30774162], [-44.85987851, -23.30752203], [-44.85994233, -23.30729174], [-44.86019317, -23.30684031], [-44.86031784, -23.3063969], [-44.8602781, -23.30605632], [-44.86016991, -23.30570212], [-44.86019268, -23.30543386], [-44.86026026, -23.3053472], [-44.86042172, -23.30525431], [-44.86105568, -23.30504349], [-44.8614708, -23.30461569], [-44.86163245, -23.30434484], [-44.86164654, -23.30395734], [-44.86156567, -23.30365827], [-44.86141339, -23.30339076], [-44.86139209, -23.30318298], [-44.86143134, -23.30304932], [-44.86154583, -23.30298529], [-44.86217558, -23.30305449], [-44.86230664, -23.30304196], [-44.86249351, -23.30297438], [-44.86270107, -23.30275415], [-44.86280001, -23.30258893], [-44.86285593, -23.30241916], [-44.86291607, -23.30194498], [-44.86288902, -23.30162608], [-44.86269598, -23.30104328], [-44.86246864, -23.30052639], [-44.86204695, -23.29976001], [-44.86194457, -23.29946635], [-44.86192339, -23.29914204], [-44.86218906, -23.29851176], [-44.86218254, -23.2981947], [-44.8619503, -23.2977058], [-44.8616016, -23.29729359], [-44.86071538, -23.29654938], [-44.8606412, -23.29641201], [-44.8606286, -23.2963027], [-44.86063649, -23.29623947], [-44.86073339, -23.29615645], [-44.86090264, -23.29609337], [-44.86138289, -23.29600889], [-44.86202366, -23.29578995], [-44.86226235, -23.29571609], [-44.86250686, -23.29569552], [-44.86282364, -23.29576174], [-44.86306604, -23.29588029], [-44.8633211, -23.29605666], [-44.86381453, -23.29647893], [-44.86405398, -23.29661825], [-44.86431604, -23.29664016], [-44.86451363, -23.29659968], [-44.86494219, -23.2963697], [-44.86524363, -23.29613781], [-44.86557953, -23.29566928], [-44.86583304, -23.29544096], [-44.86595728, -23.29540403], [-44.86613717, -23.29544664], [-44.86632578, -23.29557507], [-44.86655146, -23.29580471], [-44.86667949, -23.2958834], [-44.8669982, -23.295974], [-44.86717521, -23.29596693], [-44.86753916, -23.29580554], [-44.86819403, -23.29515752], [-44.86841324, -23.29500685], [-44.86852768, -23.29497533], [-44.86865282, -23.29501789], [-44.8687906, -23.29512459], [-44.86889603, -23.29530896], [-44.86915944, -23.29595414], [-44.86945529, -23.29643043], [-44.8697054, -23.29667815], [-44.87002223, -23.2967028], [-44.87017774, -23.29667764], [-44.87106012, -23.29639111], [-44.8715677, -23.29635178], [-44.87173975, -23.29641967], [-44.87218535, -23.29677504], [-44.87270878, -23.29755773], [-44.87295496, -23.29783615], [-44.87319339, -23.29802784], [-44.8737495, -23.29839503], [-44.87399485, -23.29851356], [-44.87421587, -23.29850832], [-44.87444677, -23.29840011], [-44.87466794, -23.29823408], [-44.87478042, -23.298217], [-44.87489481, -23.29825323], [-44.87578903, -23.29889529], [-44.8762133, -23.29906906], [-44.87652031, -23.29913976], [-44.87687821, -23.29917617], [-44.87720389, -23.29915475], [-44.87753744, -23.29907823], [-44.8778241, -23.29894296], [-44.87802476, -23.2987489], [-44.87811007, -23.29850327], [-44.87819364, -23.29801374], [-44.87828669, -23.29785754], [-44.87837575, -23.29777631], [-44.87846672, -23.29775651], [-44.87863099, -23.29777741], [-44.87890765, -23.29789325], [-44.87928806, -23.29790167], [-44.87958347, -23.29782421], [-44.87973417, -23.29771774], [-44.88006307, -23.29737293], [-44.88083984, -23.29704381], [-44.88105613, -23.29686241], [-44.88124418, -23.29653465], [-44.88134323, -23.29622579], [-44.88166833, -23.29463892], [-44.88176833, -23.29435355], [-44.88198375, -23.29403484], [-44.8820875, -23.29393375], [-44.88224303, -23.29388328], [-44.88244742, -23.29388344], [-44.88266738, -23.29395767], [-44.8832744, -23.29426254], [-44.88392035, -23.29478784], [-44.88479781, -23.29561954], [-44.88513406, -23.29580045], [-44.88529052, -23.29580959], [-44.8854206, -23.29579252], [-44.88589618, -23.29543245], [-44.88602726, -23.29538196], [-44.88614459, -23.29540553], [-44.88626191, -23.29544536], [-44.88674452, -23.29602293], [-44.88709924, -23.29634115], [-44.88737003, -23.29645968], [-44.8877533, -23.29655028], [-44.88809558, -23.29654962], [-44.8884849, -23.29642163], [-44.88911107, -23.2960743], [-44.88975489, -23.29565562], [-44.89010511, -23.29550772], [-44.8904308, -23.29546369], [-44.89079948, -23.29546033], [-44.89147249, -23.29521058], [-44.89181385, -23.29513133], [-44.89245247, -23.2950875], [-44.89298542, -23.29510955], [-44.89361511, -23.29523644], [-44.89477371, -23.29553802], [-44.89530377, -23.29550766], [-44.89561874, -23.29541212], [-44.89592788, -23.29526328], [-44.89612154, -23.29521373], [-44.8963836, -23.29524913], [-44.89657315, -23.29546605], [-44.89677042, -23.29581576], [-44.89725992, -23.29639601], [-44.89753949, -23.29654795], [-44.89804602, -23.29660067], [-44.89835692, -23.29671469], [-44.89845558, -23.2968647], [-44.89844652, -23.29719982], [-44.89849822, -23.29736968], [-44.89872294, -23.29764172], [-44.89882948, -23.29771767], [-44.89916383, -23.2978588], [-44.9000086, -23.29809511], [-44.90031556, -23.29823983], [-44.90076519, -23.29855627], [-44.90137308, -23.29909051], [-44.90203298, -23.29938902], [-44.9023184, -23.2995807], [-44.90236429, -23.29967919], [-44.90232217, -23.29977672], [-44.9021578, -23.29987147], [-44.90167556, -23.3000184], [-44.90138312, -23.30005797], [-44.90070637, -23.30006476], [-44.89967957, -23.29998462], [-44.89957588, -23.30001798], [-44.89952204, -23.30009382], [-44.89952586, -23.30020674], [-44.89963924, -23.30028991], [-44.89991006, -23.30039758], [-44.90055053, -23.30052084], [-44.90205159, -23.30068347], [-44.90220607, -23.30073867], [-44.90229695, -23.30082816], [-44.90230079, -23.30093294], [-44.90225964, -23.3010368], [-44.90159021, -23.30171657], [-44.90128295, -23.30195756], [-44.90074684, -23.3021966], [-44.90041818, -23.30227859], [-44.90009248, -23.30231362], [-44.89936878, -23.30231406], [-44.89869794, -23.30224859], [-44.89806922, -23.30209552], [-44.8967454, -23.30163306], [-44.89622127, -23.30155052], [-44.89603838, -23.30155943], [-44.8959073, -23.30160631], [-44.89574487, -23.30171641], [-44.8957027, -23.30186181], [-44.89576128, -23.3019829], [-44.89598506, -23.30221339], [-44.89644061, -23.30245307], [-44.8967651, -23.30271705], [-44.89688522, -23.30293031], [-44.89685474, -23.30314347], [-44.89663754, -23.30326437], [-44.89611423, -23.3033679], [-44.89576207, -23.3034842], [-44.89527007, -23.30357601], [-44.89229, -23.30376188], [-44.89148493, -23.30399437], [-44.89120216, -23.30414684], [-44.89087422, -23.30454136], [-44.89076447, -23.3047933], [-44.89073788, -23.30502724], [-44.89079141, -23.30533982], [-44.89095547, -23.30564526], [-44.89136108, -23.3059635], [-44.89174038, -23.3061634], [-44.8919779, -23.30633158], [-44.89203261, -23.30640749], [-44.8919806, -23.30662154], [-44.89082295, -23.30743462], [-44.89072894, -23.30758812], [-44.89071095, -23.30805421], [-44.89060819, -23.30813724], [-44.88983265, -23.3081096], [-44.88914603, -23.30817506], [-44.88867551, -23.30828312], [-44.88830066, -23.30860624], [-44.88818218, -23.30876514], [-44.88811065, -23.30892497], [-44.88803117, -23.30923927], [-44.88802224, -23.30939553], [-44.88809425, -23.30983098], [-44.88825734, -23.31011925], [-44.88830514, -23.31026653], [-44.88835074, -23.31071099], [-44.888422, -23.31087363], [-44.88936205, -23.31186613], [-44.8897344, -23.31220784], [-44.89049557, -23.31309723], [-44.89096769, -23.31344172], [-44.89125221, -23.31356025], [-44.89134312, -23.31362716], [-44.89147783, -23.31394522], [-44.89164301, -23.31408715], [-44.89223347, -23.31444346], [-44.8929451, -23.314948], [-44.89397526, -23.31585833], [-44.89431154, -23.31608529], [-44.89454427, -23.31614867], [-44.89488953, -23.316148], [-44.89505877, -23.31611198], [-44.89554994, -23.31588648], [-44.89586497, -23.3157783], [-44.896177, -23.31574328], [-44.89653398, -23.31576429], [-44.89716964, -23.31587581], [-44.89889546, -23.31652099], [-44.8992564, -23.31647787], [-44.89940806, -23.31641112], [-44.89947657, -23.31634884], [-44.89950803, -23.31613387], [-44.8994623, -23.31582039], [-44.8995338, -23.31567862], [-44.89961015, -23.3156064], [-44.89988695, -23.3155858], [-44.90023996, -23.31569894], [-44.90171242, -23.31639361], [-44.90234798, -23.31665687], [-44.90277726, -23.31679806], [-44.90362912, -23.31687356], [-44.90417291, -23.31689647], [-44.90452503, -23.31688404], [-44.90514327, -23.31675524], [-44.90602378, -23.31642787], [-44.90662462, -23.31600097], [-44.90679002, -23.31584208], [-44.90700638, -23.31555315], [-44.90715621, -23.31528857], [-44.90722775, -23.31508627], [-44.90730929, -23.31456692], [-44.90736021, -23.31446759], [-44.90751095, -23.31430508], [-44.90774569, -23.3143016], [-44.9085006, -23.31452697], [-44.90911182, -23.31463301], [-44.9096927, -23.31477065], [-44.91097098, -23.31484274], [-44.91110599, -23.31479133], [-44.91120972, -23.3147119], [-44.91124892, -23.31459269], [-44.91129506, -23.31434159], [-44.9113822, -23.31419711], [-44.911482, -23.31414297], [-44.91193187, -23.31420374], [-44.912372, -23.31419315], [-44.91269099, -23.31398286], [-44.91281423, -23.31397209], [-44.91292276, -23.31402725], [-44.913219, -23.31420988], [-44.91356418, -23.31432299], [-44.91371773, -23.3143303], [-44.91387722, -23.3142238], [-44.91431369, -23.31383923], [-44.91444088, -23.31376522], [-44.91468439, -23.31380781], [-44.91498838, -23.31410155], [-44.91515264, -23.31419288], [-44.91590572, -23.31423845], [-44.91608174, -23.31429093], [-44.91618047, -23.31436867], [-44.9162048, -23.31456741], [-44.91615777, -23.3147065], [-44.91618201, -23.31504615], [-44.91658162, -23.3157121], [-44.91665184, -23.3160274], [-44.91664295, -23.31618276], [-44.91646779, -23.31631274], [-44.9162986, -23.31628465], [-44.91613532, -23.31619243], [-44.9156876, -23.31580467], [-44.91525641, -23.31558222], [-44.91501289, -23.31555138], [-44.9148339, -23.31556212], [-44.91440244, -23.31576332], [-44.91417052, -23.31594205], [-44.91390627, -23.31620206], [-44.91386218, -23.31632037], [-44.91386406, -23.3164387], [-44.91406535, -23.31673961], [-44.9142472, -23.31685353], [-44.91466767, -23.31702358], [-44.91484166, -23.31718898], [-44.91490612, -23.31733174], [-44.91488935, -23.31756117], [-44.91478364, -23.31768306], [-44.91450576, -23.31784821], [-44.914314, -23.3179267], [-44.91423082, -23.31799711], [-44.91416228, -23.3181154], [-44.9141827, -23.31829156], [-44.91428335, -23.31844608], [-44.91469689, -23.31875343], [-44.9150538, -23.31889545], [-44.91615886, -23.31919774], [-44.91725887, -23.31977193], [-44.91829358, -23.31996759], [-44.91901039, -23.32021547], [-44.91937315, -23.32039812], [-44.91984442, -23.32071], [-44.92014753, -23.32087185], [-44.92064335, -23.32102567], [-44.92082229, -23.32111247], [-44.92113915, -23.32119303], [-44.92132988, -23.32120216], [-44.92234035, -23.32105903], [-44.92248606, -23.32112414], [-44.92255936, -23.32121903], [-44.92254362, -23.32136536], [-44.92234487, -23.32171123], [-44.922201, -23.32185388], [-44.92189167, -23.32226202], [-44.92191011, -23.32251224], [-44.92200783, -23.32267308], [-44.92211734, -23.32273998], [-44.92222201, -23.32273371], [-44.92237365, -23.32267417], [-44.9225185, -23.32252609], [-44.92255473, -23.32245024], [-44.92274947, -23.32230129], [-44.92305864, -23.3221551], [-44.92346748, -23.32218511], [-44.92383419, -23.32232892], [-44.92392609, -23.32240935], [-44.92392603, -23.32250962], [-44.92378411, -23.32266402], [-44.92346711, -23.32282827], [-44.92333891, -23.32293118], [-44.92328603, -23.32304949], [-44.92329184, -23.32315156], [-44.9233485, -23.3232627], [-44.92347466, -23.3233016], [-44.92363508, -23.32328632], [-44.92398138, -23.32322326], [-44.92410363, -23.3232441], [-44.92418576, -23.32330195], [-44.92423952, -23.3233643], [-44.92420809, -23.32360276], [-44.92399853, -23.32402812], [-44.92369025, -23.3243098], [-44.9234398, -23.32440272], [-44.92205074, -23.32457818], [-44.92183548, -23.32468285], [-44.92167891, -23.32480382], [-44.92156242, -23.32495913], [-44.92142921, -23.32527522], [-44.92141836, -23.32542878], [-44.92146513, -23.32573683], [-44.92159115, -23.32599975], [-44.92200274, -23.32637754], [-44.92293463, -23.3268694], [-44.92363678, -23.3271579], [-44.92414924, -23.32732978], [-44.92430178, -23.32741838], [-44.92441712, -23.32756838], [-44.92439157, -23.32778245], [-44.92432303, -23.32790617], [-44.92403436, -23.32809753], [-44.92367625, -23.32826537], [-44.92344825, -23.32843147], [-44.9231008, -23.32877998], [-44.92297544, -23.32903736], [-44.92294985, -23.32930744], [-44.9230279, -23.32967512], [-44.92324784, -23.32993628], [-44.92356566, -23.33008097], [-44.92391582, -23.33013172], [-44.9241007, -23.33012639], [-44.92479238, -23.32993884], [-44.92515139, -23.3299083], [-44.92588794, -23.32994478], [-44.92663234, -23.32993881], [-44.92707257, -23.32984868], [-44.92741599, -23.32969257], [-44.92763226, -23.32952014], [-44.92783095, -23.32929982], [-44.9280522, -23.32895577], [-44.92820011, -23.32857825], [-44.92838164, -23.32752598], [-44.92843089, -23.32687924], [-44.9285122, -23.32665254], [-44.92878815, -23.32644762], [-44.92905908, -23.32647394], [-44.92926931, -23.32660591], [-44.92966528, -23.32695838], [-44.92991857, -23.32707141], [-44.93010834, -23.32704259], [-44.93022184, -23.3269776], [-44.930401, -23.32667598], [-44.93049202, -23.32658207], [-44.9313978, -23.32655808], [-44.93184194, -23.32644898], [-44.93207376, -23.3264563], [-44.93225371, -23.3265169], [-44.93267025, -23.32681427], [-44.93310737, -23.32704841], [-44.93362472, -23.32723833], [-44.93431619, -23.3274256], [-44.93503595, -23.32776555], [-44.93566578, -23.32799434], [-44.9359993, -23.32806042], [-44.93687966, -23.32803187], [-44.93715259, -23.32800308], [-44.937338, -23.32795524], [-44.94009248, -23.32998155], [-44.94006505, -23.33007274], [-44.93993694, -23.3302846], [-44.93977756, -23.33045845], [-44.93949838, -23.33056828], [-44.93905845, -23.33058761], [-44.93881554, -23.33055513], [-44.93961668, -23.33238741], [-44.9447055, -23.3360702], [-44.94777432, -23.34022471], [-44.95349084, -23.33983636], [-44.9612766, -23.34556178], [-44.96047452, -23.34610844], [-44.95944908, -23.34669262], [-44.95902733, -23.34703215], [-44.9587621, -23.34737715], [-44.95856829, -23.34773661], [-44.9583891, -23.34825416], [-44.95831758, -23.34856307], [-44.95831844, -23.34893433], [-44.95835752, -23.34911951], [-44.9583896, -23.34976177], [-44.95835729, -23.34986926], [-44.95830542, -23.34991622], [-44.95805789, -23.34994957], [-44.95768518, -23.34985011], [-44.9569232, -23.34943257], [-44.95654562, -23.34927439], [-44.95617095, -23.34920202], [-44.95581091, -23.34924438], [-44.95558781, -23.34936355], [-44.95527663, -23.3495938], [-44.95503765, -23.35038503], [-44.95492412, -23.35051959], [-44.95477931, -23.35057465], [-44.95451223, -23.35057006], [-44.9538001, -23.35029163], [-44.95342053, -23.35021745], [-44.95266132, -23.35029039], [-44.95208406, -23.35041758], [-44.95167016, -23.35059992], [-44.95103606, -23.35100259], [-44.95072394, -23.35109373], [-44.94993143, -23.35124704], [-44.94963298, -23.35140502], [-44.94942547, -23.35167595], [-44.94931478, -23.35202639], [-44.94922061, -23.35268397], [-44.94923488, -23.35373994], [-44.94915447, -23.35424757], [-44.94889017, -23.35461513], [-44.94868564, -23.35474604], [-44.94832261, -23.35490761], [-44.94755255, -23.35511602], [-44.9473402, -23.35522525], [-44.94706813, -23.35545459], [-44.9468919, -23.35576437], [-44.94689277, -23.35603807], [-44.94702458, -23.35672372], [-44.94698337, -23.35702089], [-44.94690011, -23.35726205], [-44.94680026, -23.35739932], [-44.94652135, -23.3575835], [-44.94577083, -23.35781719], [-44.94532657, -23.35800493], [-44.94509752, -23.35826138], [-44.94503578, -23.35850887], [-44.94504355, -23.35863895], [-44.94514718, -23.35884945], [-44.9454063, -23.35920996], [-44.94630212, -23.36019126], [-44.94659849, -23.36039731], [-44.94692424, -23.3605546], [-44.94729502, -23.36063963], [-44.94749462, -23.36062615], [-44.94760422, -23.36056928], [-44.94774027, -23.3604266], [-44.94799688, -23.35974018], [-44.94814961, -23.3594873], [-44.94828269, -23.35943857], [-44.94960739, -23.35955914], [-44.95008676, -23.35968214], [-44.95036853, -23.35970391], [-44.95056912, -23.35966152], [-44.95112691, -23.35938348], [-44.95130988, -23.35935734], [-44.9515212, -23.35940167], [-44.95166888, -23.35954263], [-44.95203455, -23.36024551], [-44.95228981, -23.3605229], [-44.95259109, -23.36073979], [-44.952775, -23.36082475], [-44.95314871, -23.36091791], [-44.95446758, -23.3610014], [-44.95459669, -23.36110893], [-44.95459564, -23.36132392], [-44.95455057, -23.36150637], [-44.95464248, -23.36167983], [-44.9547403, -23.36174851], [-44.95538504, -23.36184174], [-44.95555036, -23.36193211], [-44.95559337, -23.36205588], [-44.95554932, -23.36214258], [-44.9554074, -23.3622663], [-44.95532125, -23.36241803], [-44.95532902, -23.36259869], [-44.95541898, -23.36276131], [-44.9555745, -23.36289233], [-44.95589341, -23.36308212], [-44.95600688, -23.36317067], [-44.95605381, -23.36326824], [-44.95605378, -23.3633658], [-44.95598624, -23.36342991], [-44.95575432, -23.36353734], [-44.95564078, -23.36366558], [-44.9556407, -23.36391308], [-44.95574039, -23.36425095], [-44.95572567, -23.36437289], [-44.95564248, -23.364437], [-44.95551528, -23.36445864], [-44.95529904, -23.36448207], [-44.95453104, -23.36425783], [-44.95416315, -23.36426404], [-44.95397135, -23.36433987], [-44.95383336, -23.36444641], [-44.95376087, -23.36467132], [-44.95376081, -23.36484475], [-44.95392497, -23.36547801], [-44.95390733, -23.36556744], [-44.95383098, -23.36566407], [-44.95369692, -23.36568119], [-44.95358344, -23.36564954], [-44.95321364, -23.36550038], [-44.95265212, -23.36521206], [-44.95173547, -23.36480259], [-44.95116216, -23.36464794], [-44.95079135, -23.36459815], [-44.95042639, -23.36463145], [-44.95025219, -23.36470908], [-44.95010733, -23.3648644], [-44.94997124, -23.36510554], [-44.94993301, -23.36527625], [-44.9500923, -23.3657957], [-44.9503182, -23.36613993], [-44.95060475, -23.36648238], [-44.95145375, -23.36729652], [-44.9516699, -23.36754861], [-44.95181557, -23.36788016], [-44.95175584, -23.36799938], [-44.95157675, -23.36808875], [-44.95141041, -23.36809683], [-44.95118048, -23.36804979], [-44.95057489, -23.36785087], [-44.95044182, -23.36785083], [-44.95027351, -23.36789504], [-44.95009441, -23.36801964], [-44.95001995, -23.3682626], [-44.95007071, -23.36860136], [-44.95013619, -23.36878836], [-44.9503533, -23.36908381], [-44.95081299, -23.36959522], [-44.95147714, -23.37023045], [-44.95236829, -23.37092356], [-44.9528848, -23.37128142], [-44.95348844, -23.37152188], [-44.95382013, -23.37155179], [-44.95403443, -23.37152295], [-44.9543466, -23.37143271], [-44.95605825, -23.3705868], [-44.95642914, -23.37043064], [-44.95698986, -23.37025013], [-44.95740574, -23.37017256], [-44.95798794, -23.3701682], [-44.95938602, -23.37066177], [-44.95964628, -23.3707323], [-44.96003077, -23.37091487], [-44.96045832, -23.37106583], [-44.96080459, -23.37143988], [-44.96149424, -23.37205068], [-44.9619482, -23.37228114], [-44.96221925, -23.37224055], [-44.96227309, -23.3721674], [-44.96232891, -23.37197682], [-44.96228315, -23.37118551], [-44.96233504, -23.37107623], [-44.96246911, -23.37100851], [-44.9625699, -23.37100402], [-44.96301312, -23.37108813], [-44.96431526, -23.3719285], [-44.96490032, -23.37220685], [-44.96529071, -23.37229727], [-44.966096, -23.37235436], [-44.96650502, -23.37230567], [-44.96681524, -23.3721341], [-44.96716366, -23.37183428], [-44.96733205, -23.37145222], [-44.9673792, -23.37070429], [-44.96745655, -23.37051371], [-44.96753387, -23.37042159], [-44.9676464, -23.37038277], [-44.96793113, -23.37042167], [-44.9680965, -23.37040093], [-44.96861807, -23.37020141], [-44.96873843, -23.37020866], [-44.96883235, -23.37025746], [-44.96890375, -23.37036677], [-44.96892721, -23.3704833], [-44.96885666, -23.37088526], [-44.96858843, -23.37142899], [-44.96839162, -23.37199532], [-44.96790514, -23.37272148], [-44.96792171, -23.37296176], [-44.96801365, -23.37315057], [-44.96817016, -23.37333939], [-44.96845583, -23.37357792], [-44.96852723, -23.37368001], [-44.96858004, -23.37380558], [-44.9685487, -23.3739221], [-44.96845769, -23.37399073], [-44.9677238, -23.37402852], [-44.96752809, -23.37407003], [-44.96742728, -23.37415944], [-44.96747127, -23.37432656], [-44.96752801, -23.37439522], [-44.96827748, -23.37468082], [-44.96857098, -23.37489406], [-44.9688449, -23.37517684], [-44.96889476, -23.37537197], [-44.96889082, -23.37547494], [-44.96883307, -23.37553094], [-44.9684984, -23.3756221], [-44.96832224, -23.37571691], [-44.96823708, -23.37584516], [-44.96825853, -23.37619294], [-44.96849918, -23.3764694], [-44.96888271, -23.37669169], [-44.96918403, -23.37694829], [-44.96930044, -23.37709645], [-44.96943639, -23.37738824], [-44.96943439, -23.37755806], [-44.96900764, -23.37804396], [-44.96894204, -23.37821015], [-44.968942, -23.37836642], [-44.96920508, -23.37901956], [-44.96924807, -23.37930321], [-44.96920296, -23.37971149], [-44.96901503, -23.37995354], [-44.96858928, -23.38027684], [-44.96831522, -23.38057126], [-44.96821635, -23.38073654], [-44.96813211, -23.38104907], [-44.96816229, -23.38169945], [-44.96812995, -23.38191262], [-44.96802326, -23.38202912], [-44.96785298, -23.38208329], [-44.96750462, -23.38206154], [-44.96715627, -23.38195307], [-44.96686466, -23.38197107], [-44.96676483, -23.3820126], [-44.96663465, -23.38214717], [-44.96656607, -23.3824606], [-44.96666189, -23.38277858], [-44.96688103, -23.38303426], [-44.96713541, -23.38321588], [-44.96731643, -23.38328908], [-44.96804055, -23.38337595], [-44.9690299, -23.38333911], [-44.97002118, -23.38336099], [-44.97135402, -23.38326097], [-44.97185113, -23.38328364], [-44.97232865, -23.38338128], [-44.97280518, -23.38355209], [-44.97303903, -23.38367679], [-44.97355269, -23.38413756], [-44.97375227, -23.38440407], [-44.97393814, -23.38473471], [-44.97422174, -23.38569225], [-44.97441642, -23.38598495], [-44.97468158, -23.38619005], [-44.97500155, -23.38633734], [-44.97548984, -23.38650181], [-44.97646253, -23.38669437], [-44.9769939, -23.38671612], [-44.97751844, -23.38665478], [-44.97790795, -23.38652114], [-44.97860182, -23.3862096], [-44.97880146, -23.38615453], [-44.97900794, -23.38615365], [-44.97913417, -23.38624671], [-44.97920265, -23.38634969], [-44.97921828, -23.38656468], [-44.97919183, -23.38675166], [-44.97899995, -23.38719245], [-44.97879434, -23.38783467], [-44.9787953, -23.38799726], [-44.97888237, -23.38812283], [-44.9789499, -23.38812374], [-44.97912705, -23.38794762], [-44.97945595, -23.38739665], [-44.97965171, -23.38714556], [-44.97975643, -23.38705795], [-44.97992378, -23.3870092], [-44.98003729, -23.38704534], [-44.98012144, -23.38713297], [-44.98016252, -23.38722783], [-44.98016151, -23.38745636], [-44.98005277, -23.38824132], [-44.98009482, -23.38842198], [-44.98016331, -23.38854574], [-44.98023376, -23.38860356], [-44.98030715, -23.38860267], [-44.98047744, -23.38850965], [-44.9808396, -23.38801649], [-44.98110484, -23.38778709], [-44.98123597, -23.38777897], [-44.98140232, -23.38785487], [-44.98145027, -23.38790546], [-44.98138949, -23.38861996], [-44.98142272, -23.388956], [-44.98147066, -23.38906349], [-44.98179846, -23.3892722], [-44.98217228, -23.38938786], [-44.98237483, -23.38956493], [-44.98237775, -23.38965165], [-44.98221039, -23.38980248], [-44.98200389, -23.38990814], [-44.98131197, -23.3901113], [-44.98065823, -23.39026569], [-44.98034311, -23.39029546], [-44.97900533, -23.390326], [-44.97867161, -23.39038918], [-44.97846413, -23.39046323], [-44.97827425, -23.39059598], [-44.97823706, -23.3906565], [-44.97823606, -23.39077935], [-44.9783613, -23.39088776], [-44.97852962, -23.39096366], [-44.97894943, -23.39104321], [-44.97919505, -23.39114622], [-44.97935455, -23.39125735], [-44.97947001, -23.39140641], [-44.97950815, -23.39156901], [-44.97943473, -23.39173882], [-44.9793809, -23.39176591], [-44.97875849, -23.39175499], [-44.97841889, -23.39181998], [-44.97810277, -23.39199427], [-44.97796865, -23.3922553], [-44.97801559, -23.39247301], [-44.97810756, -23.39261032], [-44.97843047, -23.39285697], [-44.97896182, -23.39318042], [-44.97927886, -23.39345145], [-44.97931995, -23.39354811], [-44.97929643, -23.39372245], [-44.97909873, -23.39382991], [-44.97870628, -23.39390303], [-44.97839214, -23.39387588], [-44.97803103, -23.39379273], [-44.9765788, -23.39330203], [-44.97628424, -23.39326404], [-44.97587613, -23.39333986], [-44.97570779, -23.39341752], [-44.97542296, -23.39363246], [-44.97537792, -23.39374356], [-44.97536417, -23.39400822], [-44.97541892, -23.39431354], [-44.97632592, -23.39551778], [-44.97679359, -23.39623869], [-44.97739427, -23.39752146], [-44.97790592, -23.39875544], [-44.97816618, -23.39917461], [-44.97831003, -23.39928573], [-44.97848521, -23.39931195], [-44.97878371, -23.39927044], [-44.97920361, -23.39904287], [-44.97939644, -23.39886494], [-44.97949335, -23.39872133], [-44.97976943, -23.39809628], [-44.97982232, -23.39781627], [-44.97977644, -23.39707194], [-44.97966296, -23.39674222], [-44.97942913, -23.39626706], [-44.9793284, -23.39580907], [-44.97934507, -23.39563203], [-44.97946938, -23.39549384], [-44.97958291, -23.39542159], [-44.97985303, -23.39539182], [-44.98067706, -23.39540637], [-44.98121433, -23.39549677], [-44.98238282, -23.39575615], [-44.98302089, -23.39583481], [-44.98322739, -23.39582128], [-44.98337519, -23.39566774], [-44.98334298, -23.39498213], [-44.98338214, -23.39486832], [-44.98353091, -23.39478433], [-44.98380003, -23.39484217], [-44.98417385, -23.39504725], [-44.98505456, -23.39581605], [-44.98522679, -23.39590007], [-44.98541861, -23.39590822], [-44.98559772, -23.39575919], [-44.98583363, -23.39532834], [-44.98598239, -23.39521996], [-44.98613507, -23.39521184], [-44.98627697, -23.39525431], [-44.9870412, -23.39624078], [-44.98757844, -23.39677196], [-44.98849052, -23.39723362], [-44.98885849, -23.39734926], [-44.98915209, -23.39738903], [-44.98950148, -23.3973755], [-44.99023354, -23.39719489], [-44.99095974, -23.39682007], [-44.99124651, -23.39663942], [-44.9917574, -23.39611644], [-44.99195903, -23.39583643], [-44.99210879, -23.39538659], [-44.99209315, -23.39506953], [-44.9920501, -23.39487532], [-44.99178687, -23.3943261], [-44.99157648, -23.39400271], [-44.99114689, -23.39353929], [-44.99044622, -23.39300359], [-44.98991974, -23.39255914], [-44.98932869, -23.39193763], [-44.98914571, -23.39162869], [-44.98902341, -23.39127639], [-44.98901951, -23.39111018], [-44.98910173, -23.39097831], [-44.98923482, -23.39093676], [-44.98936694, -23.39092955], [-44.99019386, -23.39113104], [-44.99074091, -23.39117443], [-44.99125176, -23.39111936], [-44.99143183, -23.39105885], [-44.99174012, -23.39079329], [-44.99192118, -23.39056567], [-44.99214335, -23.39019262], [-44.9924027, -23.38991712], [-44.99252112, -23.38983222], [-44.99274229, -23.38976087], [-44.99309166, -23.38972385], [-44.99359173, -23.38977355], [-44.99431198, -23.38999579], [-44.9948786, -23.39013492], [-44.99519078, -23.39016113], [-44.9957026, -23.39011417], [-44.99614396, -23.39001843], [-44.99657162, -23.38984681], [-44.99678887, -23.38980436], [-44.99722534, -23.38985405], [-44.99747292, -23.38998504], [-44.9976432, -23.39017112], [-44.99814131, -23.39087751], [-44.99834878, -23.39103197], [-44.99853472, -23.39111779], [-44.99876959, -23.39113134], [-44.99937046, -23.39097959], [-44.99958772, -23.39100759], [-44.99983825, -23.39102837], [-45.00008746, -23.39107707], [-45.0002906, -23.39111313], [-45.00045078, -23.39114558], [-45.00065783, -23.39117443], [-45.00089614, -23.39117443], [-45.00118743, -23.39115544], [-45.00162586, -23.39107595], [-45.00204373, -23.39104794], [-45.00268278, -23.3910687], [-45.00289807, -23.39104702], [-45.00310554, -23.39099192], [-45.00333454, -23.3908799], [-45.00352732, -23.39073898], [-45.00369369, -23.39054838], [-45.00389724, -23.39040385], [-45.00409491, -23.39031261], [-45.00430434, -23.39025299], [-45.00490423, -23.39016806], [-45.00514203, -23.39010572], [-45.0054914, -23.38995576], [-45.00582607, -23.38963869], [-45.00594447, -23.38943183], [-45.00604427, -23.38902805], [-45.00608927, -23.38865228], [-45.00606675, -23.38825934], [-45.00580149, -23.38704712], [-45.00577016, -23.38664335], [-45.00562237, -23.38622422], [-45.00511445, -23.38532094], [-45.00512912, -23.3852288], [-45.00521817, -23.38511859], [-45.0053082, -23.38509872], [-45.00551077, -23.38512491], [-45.00571431, -23.38507341], [-45.00592666, -23.38498307], [-45.00613412, -23.38501559], [-45.00623003, -23.38513572], [-45.00620753, -23.38541213], [-45.00617524, -23.38550608], [-45.00620853, -23.38578429], [-45.00677615, -23.38649426], [-45.00717347, -23.38679866], [-45.00773618, -23.3870642], [-45.00833314, -23.38726832], [-45.00873633, -23.38734688], [-45.00916202, -23.38727188], [-45.00940275, -23.38719961], [-45.00984604, -23.38700176], [-45.0101396, -23.38680482], [-45.01030302, -23.38665215], [-45.01052317, -23.38627365], [-45.01068559, -23.38590238], [-45.01080103, -23.38553292], [-45.01089689, -23.38496474], [-45.01098397, -23.38480575], [-45.01114542, -23.38467115], [-45.01124915, -23.38462327], [-45.01166308, -23.38455007], [-45.01188326, -23.38455638], [-45.01229525, -23.3846548], [-45.01295582, -23.38486974], [-45.0144707, -23.38518215], [-45.01538959, -23.38520735], [-45.01723128, -23.38509876], [-45.01801803, -23.38485207], [-45.01877052, -23.38456202], [-45.02012477, -23.38386089], [-45.02064727, -23.38348505], [-45.02106506, -23.38310742], [-45.02130867, -23.38280387], [-45.02178022, -23.38202787], [-45.02212557, -23.38157437], [-45.02255804, -23.38121569], [-45.02264217, -23.38111632], [-45.02328002, -23.38013072], [-45.02359699, -23.37968806], [-45.0236136, -23.37952456], [-45.02356068, -23.37911718], [-45.02362428, -23.37905936], [-45.02400786, -23.37903039], [-45.02508035, -23.37909616], [-45.02540036, -23.3792298], [-45.02580848, -23.37955131], [-45.02613241, -23.37975179], [-45.02639958, -23.37986285], [-45.02649646, -23.37986554], [-45.02662756, -23.37975984], [-45.02662068, -23.37961892], [-45.02647679, -23.37940667], [-45.02620373, -23.37913301], [-45.02597567, -23.37883135], [-45.02594235, -23.37860463], [-45.02598831, -23.37844835], [-45.0261018, -23.37834355], [-45.02625543, -23.37830829], [-45.0269629, -23.37826572], [-45.02723392, -23.37808952], [-45.02748535, -23.37782933], [-45.02759978, -23.37756284], [-45.02779249, -23.37725749], [-45.0280488, -23.37696929], [-45.02844406, -23.37668377], [-45.02917102, -23.37628709], [-45.029624, -23.37597627], [-45.0300398, -23.37562751], [-45.03084884, -23.374818], [-45.03105621, -23.37451083], [-45.0312342, -23.37409979], [-45.03127233, -23.37393809], [-45.03161069, -23.37309886], [-45.03173291, -23.37269867], [-45.03212021, -23.37192627], [-45.0322326, -23.37137704], [-45.03223644, -23.37108617], [-45.03219914, -23.37060833], [-45.03222452, -23.37033553], [-45.03227928, -23.37020544], [-45.0324309, -23.37001572], [-45.03248764, -23.36997777], [-45.03262756, -23.36996328], [-45.03271074, -23.36998856], [-45.03314236, -23.37045096], [-45.03332931, -23.37069572], [-45.03341842, -23.37096307], [-45.03351936, -23.37160982], [-45.03367708, -23.37230442], [-45.03381124, -23.37276147], [-45.03393362, -23.37300533], [-45.03410587, -23.37316518], [-45.03434271, -23.37331417], [-45.03460204, -23.37342703], [-45.03517647, -23.37360485], [-45.03559238, -23.373808], [-45.03617571, -23.37430468], [-45.03627947, -23.37446454], [-45.03627756, -23.37462533], [-45.03568958, -23.37503466], [-45.03539513, -23.37531837], [-45.03487376, -23.37599596], [-45.03416748, -23.37684522], [-45.03399437, -23.37716683], [-45.03387115, -23.37748031], [-45.03380962, -23.37794733], [-45.03381065, -23.37812437], [-45.03388024, -23.37858866], [-45.03402033, -23.37922003], [-45.03412218, -23.37953797], [-45.03432385, -23.37989112], [-45.03444132, -23.3800293], [-45.03456956, -23.38024245], [-45.03458231, -23.38036259], [-45.03443654, -23.38048908], [-45.03413324, -23.38066349], [-45.03392289, -23.38084419], [-45.03308554, -23.38198976], [-45.03290555, -23.38227885], [-45.0327256, -23.38270435], [-45.03239884, -23.38304406], [-45.0320427, -23.38329344], [-45.03168461, -23.38358889], [-45.03141655, -23.38385], [-45.03132069, -23.38403339], [-45.03131878, -23.38423483], [-45.03135115, -23.3845582], [-45.03155296, -23.38549579], [-45.03160001, -23.38580922], [-45.03159222, -23.38597363], [-45.03149831, -23.38614889], [-45.03137406, -23.38626634], [-45.03114509, -23.38636485], [-45.03047381, -23.38652486], [-45.03020081, -23.38662067], [-45.03000902, -23.38671555], [-45.02935542, -23.38716732], [-45.02812653, -23.38824519], [-45.02795041, -23.38842136], [-45.02766669, -23.38878996], [-45.027609, -23.3889896], [-45.02761689, -23.38928046], [-45.02766391, -23.38952254], [-45.0278871, -23.38986214], [-45.0280956, -23.39007348], [-45.02849689, -23.39036517], [-45.02893145, -23.39060627], [-45.02906456, -23.39065954], [-45.02950989, -23.39092322], [-45.03028309, -23.39127626], [-45.03055225, -23.39143248], [-45.03085962, -23.39180187], [-45.03112984, -23.39231218], [-45.03131095, -23.39257772], [-45.03144897, -23.39267525], [-45.03176412, -23.39279803], [-45.03207436, -23.39284765], [-45.03300212, -23.39289623], [-45.03486546, -23.39290396], [-45.03637748, -23.39297498], [-45.0374383, -23.39287446], [-45.0386381, -23.39283171], [-45.03930361, -23.39294536], [-45.03960604, -23.39304104], [-45.03990556, -23.39320446], [-45.03999562, -23.39331283], [-45.04007202, -23.39351334], [-45.04007795, -23.39370575], [-45.03997816, -23.39381778], [-45.03976582, -23.39390274], [-45.03932055, -23.39396609], [-45.039026, -23.3940574], [-45.03880878, -23.3941821], [-45.03861016, -23.394333], [-45.03838026, -23.39461489], [-45.03836951, -23.39467], [-45.03839989, -23.39481181], [-45.03843905, -23.39486961], [-45.03870623, -23.39490025], [-45.0390605, -23.39487216], [-45.03952341, -23.3949145], [-45.03983269, -23.39498849], [-45.04024183, -23.39520157], [-45.04041703, -23.39525301], [-45.04070768, -23.39522222], [-45.04094547, -23.39513544], [-45.0412733, -23.39507393], [-45.04144848, -23.39508111], [-45.04180376, -23.39516412], [-45.04223639, -23.39534738], [-45.04264659, -23.39581066], [-45.04290209, -23.39599667], [-45.04306555, -23.39607069], [-45.04374285, -23.39626201], [-45.04438103, -23.39653643], [-45.04508379, -23.39675754], [-45.04627504, -23.39735698], [-45.04661858, -23.3974445], [-45.0468153, -23.39745076], [-45.04733104, -23.39738647], [-45.04765885, -23.39725359], [-45.04832517, -23.39684599], [-45.04853553, -23.39668605], [-45.0486314, -23.39658304], [-45.04870182, -23.39645294], [-45.04873797, -23.39627679], [-45.04868894, -23.39601485], [-45.04858414, -23.39578815], [-45.0484735, -23.3956554], [-45.04792822, -23.39521114], [-45.04777356, -23.39510821], [-45.04744956, -23.39494211], [-45.04692689, -23.39472999], [-45.04660781, -23.39463253], [-45.04621143, -23.39454412], [-45.04582574, -23.39427325], [-45.04565441, -23.39406644], [-45.04548009, -23.39372324], [-45.04547221, -23.39356787], [-45.04560914, -23.39333297], [-45.0457637, -23.39315859], [-45.04608559, -23.39291731], [-45.04643593, -23.39286572], [-45.04678336, -23.39290265], [-45.04710439, -23.3929947], [-45.04780519, -23.39325373], [-45.04847367, -23.39343689], [-45.04883284, -23.39344852], [-45.04905007, -23.39338252], [-45.0492399, -23.39330206], [-45.04984757, -23.39310856], [-45.05077525, -23.39293754], [-45.05104243, -23.39294287], [-45.05207096, -23.39289918], [-45.05277456, -23.392777], [-45.05370231, -23.39276945], [-45.05483367, -23.39290456], [-45.05498438, -23.3929045], [-45.05568111, -23.39276153], [-45.05596883, -23.39274698], [-45.05650909, -23.39287054], [-45.05681056, -23.39298515], [-45.05721686, -23.393368], [-45.05739704, -23.39362808], [-45.0575665, -23.39397579], [-45.05769086, -23.39413563], [-45.05801294, -23.39438211], [-45.05815389, -23.39443264], [-45.05848761, -23.39442168], [-45.05893187, -23.39431041], [-45.05905909, -23.39431758], [-45.05920396, -23.39437534], [-45.05935468, -23.39440329], [-45.05961206, -23.39438693], [-45.05970991, -23.39433721], [-45.05986739, -23.39417185], [-45.05996712, -23.3939505], [-45.05996797, -23.39368041], [-45.06013712, -23.39333077], [-45.06034648, -23.39316809], [-45.06056173, -23.39305239], [-45.0607065, -23.39291232], [-45.06090798, -23.39264306], [-45.06096661, -23.39244431], [-45.06098218, -23.39225371], [-45.0607733, -23.39130623], [-45.06057048, -23.39078691], [-45.06034028, -23.39027844], [-45.06009533, -23.38962725], [-45.05991215, -23.38924523], [-45.05972305, -23.38872229], [-45.05950364, -23.38828788], [-45.05933522, -23.38806032], [-45.05900432, -23.38774971], [-45.05877818, -23.38756913], [-45.05852753, -23.38727836], [-45.0583777, -23.38703362], [-45.05825916, -23.38674281], [-45.05816506, -23.38638965], [-45.05813463, -23.38618551], [-45.05817464, -23.38591722], [-45.05837013, -23.38540136], [-45.05873393, -23.38487189], [-45.05933542, -23.38410024], [-45.05944298, -23.38391774], [-45.05941611, -23.38292231], [-45.05958631, -23.38275784], [-45.0596646, -23.38276414], [-45.05995137, -23.38286791], [-45.06047118, -23.38330581], [-45.06082462, -23.38367422], [-45.06138664, -23.38437315], [-45.06178118, -23.38475148], [-45.06226183, -23.38510809], [-45.06258198, -23.38542774], [-45.0627798, -23.38572936], [-45.06288174, -23.38609064], [-45.06292395, -23.38636613], [-45.06300921, -23.38662534], [-45.06320414, -23.38701459], [-45.06332457, -23.38715545], [-45.06344302, -23.38724573], [-45.06357907, -23.38729988], [-45.06413301, -23.38740534], [-45.06429159, -23.38748566], [-45.06439245, -23.38761751], [-45.06444828, -23.38773581], [-45.06447876, -23.38802034], [-45.06452091, -23.38817298], [-45.06462177, -23.38830302], [-45.06502711, -23.38870391], [-45.06534233, -23.38892148], [-45.06571428, -23.38907127], [-45.06593838, -23.3890775], [-45.06636894, -23.38902131], [-45.06679661, -23.38905004], [-45.06721257, -23.38913567], [-45.06741518, -23.3892214], [-45.06748667, -23.38931983], [-45.06741929, -23.38959717], [-45.06732445, -23.38978058], [-45.06729418, -23.38991247], [-45.06730503, -23.39006513], [-45.06736478, -23.3901735], [-45.06753417, -23.3903586], [-45.06765066, -23.3904254], [-45.06795212, -23.39050746], [-45.0681714, -23.39064648], [-45.06828502, -23.39084244], [-45.06832521, -23.39096528], [-45.06829521, -23.39161566], [-45.0683266, -23.3917656], [-45.06843039, -23.39187214], [-45.06868295, -23.39201114], [-45.06898538, -23.39207695], [-45.06936016, -23.39199549], [-45.07024569, -23.39174668], [-45.07054019, -23.3916246], [-45.07077303, -23.39148539], [-45.07091778, -23.3913146], [-45.07108399, -23.39101463], [-45.07157307, -23.39058534], [-45.0717765, -23.39034948], [-45.07188693, -23.39007483], [-45.07194256, -23.38978033], [-45.07197953, -23.38939551], [-45.07198801, -23.38877855], [-45.07207375, -23.38808387], [-45.07213036, -23.38781466], [-45.07222319, -23.38755898], [-45.07235319, -23.38726535], [-45.0725752, -23.38702678], [-45.07270138, -23.38692193], [-45.07315138, -23.38663086], [-45.0733724, -23.38637603], [-45.07361677, -23.38587729], [-45.07383687, -23.38572272], [-45.07459407, -23.38531136], [-45.07477795, -23.38514778], [-45.07488356, -23.38500952], [-45.07493926, -23.38487942], [-45.07504857, -23.38436087], [-45.07502573, -23.38376651], [-45.07498643, -23.38348109], [-45.07500498, -23.38340881], [-45.07505583, -23.38334285], [-45.07514193, -23.38332022], [-45.07534452, -23.38335716], [-45.07594745, -23.38358631], [-45.07646813, -23.38373691], [-45.07675778, -23.38371599], [-45.07709339, -23.38364085], [-45.07741034, -23.38345371], [-45.07760205, -23.38330638], [-45.0782417, -23.38272885], [-45.07852724, -23.3823999], [-45.07890183, -23.38205375], [-45.0794799, -23.38162078], [-45.07988584, -23.38134687], [-45.08049331, -23.38098795], [-45.08070465, -23.38095261], [-45.08076534, -23.38098058], [-45.08085152, -23.38109796], [-45.08080605, -23.38195793], [-45.08065458, -23.38228681], [-45.08043462, -23.38264734], [-45.08033784, -23.38281992], [-45.08029882, -23.38302589], [-45.08031372, -23.3833863], [-45.08048772, -23.38470413], [-45.08051057, -23.38527049], [-45.08048726, -23.38555865], [-45.08029467, -23.38587581], [-45.07967065, -23.38641721], [-45.07905939, -23.38702454], [-45.07893522, -23.38720978], [-45.07884921, -23.3873968], [-45.07881703, -23.38758741], [-45.07887998, -23.38812123], [-45.0789555, -23.38840935], [-45.07914454, -23.38868115], [-45.07940206, -23.38894117], [-45.08000515, -23.38937535], [-45.08021863, -23.38960829], [-45.08026468, -23.3897013], [-45.08027951, -23.38995512], [-45.08024437, -23.39009967], [-45.08017299, -23.39019546], [-45.07956753, -23.39071878], [-45.07925557, -23.39107935], [-45.07893781, -23.39158717], [-45.07865022, -23.39179056], [-45.0784614, -23.39188821], [-45.07809641, -23.39196517], [-45.07789873, -23.39196527], [-45.07734575, -23.39188696], [-45.07715884, -23.39189427], [-45.07696511, -23.39196663], [-45.07681446, -23.39206517], [-45.07671861, -23.39217542], [-45.07664042, -23.39234708], [-45.07668767, -23.39281678], [-45.0768493, -23.39308859], [-45.07711463, -23.3932917], [-45.07741314, -23.39333582], [-45.0776069, -23.39331494], [-45.07780552, -23.39323807], [-45.07801781, -23.39311059], [-45.07843069, -23.39292069], [-45.07854028, -23.39289444], [-45.07874777, -23.39291602], [-45.07884272, -23.39296023], [-45.07892793, -23.39306678], [-45.07922867, -23.39358151], [-45.07926587, -23.39360136], [-45.07943125, -23.3935805], [-45.07959166, -23.39343047], [-45.07967184, -23.39331933], [-45.07970301, -23.39306006], [-45.07968027, -23.39267888], [-45.07974957, -23.39237172], [-45.07984347, -23.39228948], [-45.0800538, -23.39217104], [-45.08023188, -23.39210952], [-45.08060965, -23.39214455], [-45.08102271, -23.39226087], [-45.08139951, -23.39230222], [-45.08175765, -23.39224242], [-45.08236622, -23.39200995], [-45.08371531, -23.39129292], [-45.08412231, -23.39111927], [-45.08452444, -23.39099078], [-45.08535035, -23.39090813], [-45.08574278, -23.39090792], [-45.08636228, -23.39094371], [-45.08672531, -23.39089292], [-45.0871656, -23.39074454], [-45.08772323, -23.39047052], [-45.08796589, -23.39041077], [-45.08809313, -23.39043147], [-45.08823117, -23.39050908], [-45.08826547, -23.39058855], [-45.08829716, -23.39114768], [-45.08839943, -23.39189826], [-45.0883921, -23.39264258], [-45.08828176, -23.39302294], [-45.0881127, -23.39339248], [-45.08781547, -23.39381088], [-45.08756312, -23.39403233], [-45.0872727, -23.39439742], [-45.0872053, -23.39458173], [-45.08715172, -23.39495392], [-45.08718999, -23.39512372], [-45.08740356, -23.39545331], [-45.0875289, -23.39556253], [-45.08796064, -23.39579444], [-45.08909132, -23.39627706], [-45.09067126, -23.39682085], [-45.09097867, -23.39698326], [-45.09148682, -23.39730815], [-45.09209082, -23.39753453], [-45.09248332, -23.39760385], [-45.09269274, -23.39757572], [-45.09291295, -23.39759185], [-45.09300407, -23.39774626], [-45.09290549, -23.3981239], [-45.09294275, -23.39821782], [-45.09292822, -23.39843462], [-45.09278635, -23.39849794], [-45.0926924, -23.39849799], [-45.09231847, -23.39839795], [-45.09213153, -23.3983836], [-45.09155318, -23.39845621], [-45.09054029, -23.39852093], [-45.09001383, -23.3986224], [-45.08972706, -23.39860179], [-45.08952149, -23.39852965], [-45.08849156, -23.39799819], [-45.08829872, -23.39793055], [-45.08811275, -23.39789814], [-45.08788765, -23.39789646], [-45.08772717, -23.39793539], [-45.08726648, -23.39834123], [-45.08684873, -23.39856638], [-45.08638493, -23.3987202], [-45.0862098, -23.39880431], [-45.08530879, -23.3993531], [-45.084846, -23.39956653], [-45.0835926, -23.40003602], [-45.08316891, -23.40017084], [-45.08136741, -23.40062524], [-45.0799025, -23.40096745], [-45.07953357, -23.40103086], [-45.07873107, -23.40108818], [-45.07852358, -23.40108196], [-45.07739208, -23.40087206], [-45.0767745, -23.40084526], [-45.07549132, -23.40066432], [-45.0752584, -23.40068069], [-45.07509112, -23.40081627], [-45.07507551, -23.40089486], [-45.07515289, -23.40101045], [-45.07529582, -23.40108084], [-45.07633438, -23.40136487], [-45.07667704, -23.40155079], [-45.07715191, -23.40189381], [-45.0774828, -23.40205262], [-45.07769619, -23.40210581], [-45.07789879, -23.40211294], [-45.07849879, -23.40220477], [-45.07890796, -23.40231206], [-45.07940135, -23.40252138], [-45.07982918, -23.40273614], [-45.07988309, -23.40287793], [-45.07984204, -23.4029737], [-45.07943698, -23.40318167], [-45.07824408, -23.40343881], [-45.07768135, -23.40351135], [-45.077241, -23.40362539], [-45.07642982, -23.40394375], [-45.07584278, -23.40427374], [-45.07564414, -23.40434971], [-45.07525951, -23.40437157], [-45.07500023, -23.40452165], [-45.07485254, -23.40469425], [-45.07481349, -23.40487131], [-45.07481185, -23.40543497], [-45.07485904, -23.40580711], [-45.07491787, -23.40598864], [-45.07519616, -23.40657746], [-45.07522465, -23.40676895], [-45.07520415, -23.40686832], [-45.07510827, -23.40692708], [-45.07497908, -23.40693075], [-45.07393751, -23.40659251], [-45.07309768, -23.40647819], [-45.0726915, -23.40647206], [-45.07249381, -23.40650015], [-45.07208671, -23.40660783], [-45.07188119, -23.40662238], [-45.07168638, -23.40656556], [-45.07130544, -23.40616377], [-45.07120655, -23.40610058], [-45.07109693, -23.40609882], [-45.07095113, -23.40616212], [-45.07088951, -23.40622719], [-45.070471, -23.40697169], [-45.07032625, -23.40716506], [-45.07009245, -23.40739641], [-45.07002304, -23.40755452], [-45.07003097, -23.40773157], [-45.07010741, -23.40792664], [-45.07136317, -23.409795], [-45.07152486, -23.41013908], [-45.07168076, -23.4106575], [-45.07170249, -23.41102333], [-45.07167131, -23.41128259], [-45.07145123, -23.4115591], [-45.07104326, -23.41190164], [-45.07090731, -23.41208507], [-45.07076754, -23.41244464], [-45.07069854, -23.41337598], [-45.07062532, -23.41373462], [-45.07049437, -23.41413213], [-45.07047881, -23.41431641], [-45.07054077, -23.41487552], [-45.07064276, -23.41525396], [-45.0706507, -23.41544455], [-45.07049428, -23.41581226], [-45.0702223, -23.41605808], [-45.07017634, -23.41614843], [-45.07016859, -23.41628754], [-45.0703341, -23.41646993], [-45.07058671, -23.41659719], [-45.07077467, -23.41666214], [-45.07170071, -23.41681257], [-45.07208155, -23.4169524], [-45.07266006, -23.41700091], [-45.07284211, -23.41698547], [-45.0730251, -23.41690138], [-45.07310239, -23.41682456], [-45.07315322, -23.41670982], [-45.0731863, -23.41633494], [-45.07329386, -23.41614339], [-45.07343379, -23.41606383], [-45.0736932, -23.41611881], [-45.0740956, -23.41631373], [-45.07431887, -23.4164979], [-45.07477335, -23.41703785], [-45.07546074, -23.41750272], [-45.07563507, -23.41766884], [-45.07575752, -23.4178386], [-45.07591726, -23.41817636], [-45.07598206, -23.4185259], [-45.07604481, -23.41869931], [-45.07607623, -23.41887182], [-45.07631244, -23.41942904], [-45.07656222, -23.4197252], [-45.07673161, -23.41981093], [-45.07693426, -23.41987587], [-45.07815692, -23.42002792], [-45.07833315, -23.42008474], [-45.07868078, -23.42031671], [-45.07910387, -23.42070672], [-45.07986588, -23.42148678], [-45.07996582, -23.42164752], [-45.0800815, -23.42193561], [-45.08022092, -23.42264643], [-45.08030724, -23.42293635], [-45.0805218, -23.42326233], [-45.0807982, -23.42384842], [-45.08088458, -23.42424583], [-45.08087899, -23.4247029], [-45.08080192, -23.42513652], [-45.08064761, -23.42571832], [-45.0806722, -23.4259062], [-45.08074668, -23.42605611], [-45.0809083, -23.42622584], [-45.08115802, -23.42639734], [-45.08143416, -23.42653991], [-45.08156934, -23.42669521], [-45.0817418, -23.42698056], [-45.08180062, -23.42712958], [-45.08182038, -23.42742675], [-45.08192236, -23.4277013], [-45.08208791, -23.42789542], [-45.08238073, -23.42810664], [-45.08274295, -23.42814529], [-45.08346342, -23.42813677], [-45.08385495, -23.42810405], [-45.08441581, -23.42801793], [-45.0852154, -23.42775464], [-45.08559119, -23.42758461], [-45.08590138, -23.42740378], [-45.08623794, -23.42711816], [-45.08649325, -23.42684161], [-45.08683361, -23.42639158], [-45.08702136, -23.42609971], [-45.08718359, -23.42568952], [-45.0872392, -23.42540856], [-45.08727983, -23.42466332], [-45.0872658, -23.42417736], [-45.08728522, -23.42393255], [-45.08740545, -23.42366962], [-45.08750429, -23.42363886], [-45.08764526, -23.42365594], [-45.08847083, -23.42423088], [-45.08865882, -23.42430123], [-45.08913264, -23.42436238], [-45.08967886, -23.42437742], [-45.08998914, -23.42434653], [-45.0903532, -23.4242307], [-45.09057923, -23.42410682], [-45.09171991, -23.4231062], [-45.09211011, -23.42257845], [-45.09237405, -23.42207696], [-45.09293639, -23.42136032], [-45.0930214, -23.42114618], [-45.09301249, -23.42099263], [-45.09304861, -23.42085892], [-45.09313863, -23.42080738], [-45.09325609, -23.4208064], [-45.09341372, -23.4208569], [-45.09371923, -23.42101208], [-45.09416196, -23.42141649], [-45.09437456, -23.42169187], [-45.09479701, -23.42247838], [-45.09492733, -23.42267161], [-45.09516736, -23.42295781], [-45.09539358, -23.423104], [-45.0956765, -23.42314267], [-45.09586151, -23.42314256], [-45.09612479, -23.42309633], [-45.09647612, -23.4229832], [-45.097218, -23.42285628], [-45.09750969, -23.42283803], [-45.09787585, -23.42293265], [-45.097917, -23.4229805], [-45.09801101, -23.42302831], [-45.09848527, -23.42370007], [-45.09859514, -23.42401796], [-45.09871402, -23.42460141], [-45.09881109, -23.42482717], [-45.0990286, -23.42509351], [-45.09937824, -23.42532905], [-45.09954181, -23.42546715], [-45.09971232, -23.42570732], [-45.09990643, -23.4260938], [-45.10007616, -23.42660948], [-45.10024022, -23.4273862], [-45.10023428, -23.4285912], [-45.10013863, -23.42896794], [-45.10007414, -23.42912516], [-45.09989034, -23.42943239], [-45.09963216, -23.42976768], [-45.099326, -23.43008764], [-45.09888579, -23.4304935], [-45.09722353, -23.43176277], [-45.09706409, -23.43192727], [-45.09704848, -23.43200677], [-45.09700839, -23.43206822], [-45.09698793, -23.43220011], [-45.09705665, -23.43247016], [-45.09725946, -23.43270398], [-45.09742396, -23.43274634], [-45.09881319, -23.43291709], [-45.09911177, -23.43291871], [-45.09952777, -23.43285431], [-45.09978024, -23.43273491], [-45.10073027, -23.43205683], [-45.10095816, -23.43179382], [-45.10114386, -23.43139625], [-45.1012659, -23.43096892], [-45.10130563, -23.43044408], [-45.10139041, -23.42993005], [-45.10137717, -23.42926433], [-45.10143758, -23.42888671], [-45.10157617, -23.42835277], [-45.10178038, -23.4278477], [-45.10208637, -23.42731997], [-45.10256725, -23.42636487], [-45.10298958, -23.4256537], [-45.10340221, -23.42506538], [-45.10352831, -23.42484851], [-45.10352812, -23.4245983], [-45.10342903, -23.42431834], [-45.10301848, -23.42379651], [-45.10295274, -23.42358518], [-45.10271073, -23.42328996], [-45.10219154, -23.42278445], [-45.10157346, -23.42223656], [-45.10136779, -23.42208945], [-45.10122385, -23.42202451], [-45.10098587, -23.42186749], [-45.10088399, -23.4217718], [-45.10077618, -23.42159031], [-45.10077797, -23.42136178], [-45.10086787, -23.42115757], [-45.10112009, -23.42073376], [-45.10133114, -23.4202332], [-45.1014344, -23.41958818], [-45.10150761, -23.41931443], [-45.1018135, -23.41869006], [-45.10182409, -23.41845881], [-45.10173982, -23.4183315], [-45.10137146, -23.41791803], [-45.10124209, -23.41769409], [-45.10124198, -23.4175604], [-45.10137494, -23.41733991], [-45.10145612, -23.41726579], [-45.10190427, -23.41706858], [-45.10232897, -23.41692287], [-45.10250213, -23.41681256], [-45.10255186, -23.41655779], [-45.1024832, -23.4163826], [-45.10207855, -23.41585715], [-45.10129064, -23.41461924], [-45.10126514, -23.41453976], [-45.10128754, -23.41439884], [-45.10137558, -23.41433103], [-45.10149204, -23.41430566], [-45.10193933, -23.41428189], [-45.10235145, -23.41434575], [-45.10287914, -23.41448903], [-45.10345278, -23.41457266], [-45.10383055, -23.41450917], [-45.10410926, -23.41419464], [-45.104419, -23.41350793], [-45.10465263, -23.41312477], [-45.10478661, -23.41298106], [-45.10493729, -23.41291141], [-45.1053648, -23.41263923], [-45.10556933, -23.41258489], [-45.10564764, -23.412602], [-45.10572894, -23.4126733], [-45.10593287, -23.41311127], [-45.10625824, -23.4136196], [-45.10646127, -23.4141488], [-45.10658317, -23.41481264], [-45.10667933, -23.41510795], [-45.10689011, -23.41552603], [-45.10701256, -23.4156506], [-45.10719463, -23.41565409], [-45.10739034, -23.41559253], [-45.10770627, -23.41531771], [-45.10791258, -23.41505381], [-45.10809635, -23.41475198], [-45.10820381, -23.41449266], [-45.10830727, -23.41413127], [-45.10836632, -23.41332729], [-45.10839559, -23.41320713], [-45.10837286, -23.41294248], [-45.10819821, -23.41241598], [-45.10784911, -23.4116168], [-45.10756957, -23.41088713], [-45.10735398, -23.41055848], [-45.10683308, -23.41031856], [-45.10609967, -23.40993155], [-45.10575301, -23.40970686], [-45.10556103, -23.40952994], [-45.1054562, -23.40939633], [-45.10519843, -23.40895208], [-45.10495529, -23.40843013], [-45.10480611, -23.40791355], [-45.10476557, -23.40739508], [-45.10462334, -23.40699592], [-45.10454866, -23.40661839], [-45.10458868, -23.40648558], [-45.10474328, -23.40643037], [-45.10516136, -23.4066225], [-45.10573419, -23.40695904], [-45.10600157, -23.4071901], [-45.10641011, -23.40769838], [-45.10687247, -23.40817952], [-45.1071937, -23.408425], [-45.10765589, -23.40869567], [-45.10808473, -23.40887784], [-45.10833043, -23.40891561], [-45.10864754, -23.40890365], [-45.10895284, -23.40881762], [-45.10919252, -23.40867383], [-45.10930498, -23.40856084], [-45.10941349, -23.40839636], [-45.1094848, -23.4082292], [-45.10951689, -23.40797807], [-45.10950883, -23.40769805], [-45.10929864, -23.40680032], [-45.10926711, -23.406542], [-45.10920327, -23.40627466], [-45.10918741, -23.40602175], [-45.10913046, -23.4058059], [-45.10865576, -23.40459311], [-45.10831764, -23.40402246], [-45.10818147, -23.40386718], [-45.10794839, -23.40369301], [-45.10759396, -23.40352072], [-45.10732083, -23.40344142], [-45.10674138, -23.40337317], [-45.10610913, -23.40338624], [-45.10578124, -23.40336117], [-45.10563922, -23.40322668], [-45.10565188, -23.40313995], [-45.10574077, -23.402924], [-45.10580992, -23.40249489], [-45.10597376, -23.40176762], [-45.10599707, -23.4015463], [-45.1060917, -23.4011542], [-45.10623831, -23.40091292], [-45.10692075, -23.40005342], [-45.10700082, -23.39982031], [-45.10697961, -23.39901007], [-45.10702453, -23.39888538], [-45.10714484, -23.39879497], [-45.10758042, -23.39888229], [-45.1079073, -23.39888207], [-45.1081803, -23.39880781], [-45.10857354, -23.39857358], [-45.10950855, -23.39783132], [-45.11021285, -23.39742073], [-45.11037725, -23.39739351], [-45.11047807, -23.3974097], [-45.11056235, -23.39755327], [-45.1105179, -23.3982389], [-45.11053185, -23.39853517], [-45.1105947, -23.3987998], [-45.11066039, -23.39893524], [-45.11075147, -23.39901738], [-45.11186746, -23.39936074], [-45.11202718, -23.39958826], [-45.11208024, -23.39983392], [-45.11205904, -23.40022596], [-45.11202002, -23.40037865], [-45.11177098, -23.40100843], [-45.1117476, -23.40113581], [-45.11175565, -23.40140137], [-45.11185866, -23.40169216], [-45.11199591, -23.40197118], [-45.11236051, -23.40258878], [-45.11259401, -23.40326247], [-45.11277435, -23.4035541], [-45.11304946, -23.40366501], [-45.11325501, -23.40369196], [-45.11360525, -23.40351556], [-45.11382919, -23.40330313], [-45.11438831, -23.40247891], [-45.11482632, -23.40195739], [-45.11569079, -23.40113836], [-45.11591171, -23.40083559], [-45.11633773, -23.40004218], [-45.11645391, -23.3997151], [-45.11663367, -23.39935364], [-45.11667074, -23.39921361], [-45.11674011, -23.39908348], [-45.11690605, -23.39858202], [-45.11703967, -23.39805891], [-45.1177349, -23.39626444], [-45.11784218, -23.39584794], [-45.11794247, -23.39526524], [-45.11803812, -23.39496888], [-45.1181317, -23.39455149], [-45.1181849, -23.39384507], [-45.11814056, -23.39351178], [-45.11811661, -23.3929924], [-45.11805364, -23.39260584], [-45.11804523, -23.39195366], [-45.1179891, -23.39155716], [-45.11786352, -23.39009481], [-45.11787969, -23.38956908], [-45.11812846, -23.3886963], [-45.11814973, -23.38840362], [-45.11812412, -23.38821394], [-45.11801419, -23.3878509], [-45.11791326, -23.38769019], [-45.1177223, -23.38754851], [-45.1172828, -23.38742599], [-45.11722301, -23.38730861], [-45.117349, -23.3870312], [-45.11734298, -23.38686681], [-45.1172273, -23.38663294], [-45.11713128, -23.38649661], [-45.11687078, -23.38626827], [-45.1167924, -23.38616897], [-45.11665613, -23.38588905], [-45.11653151, -23.38550072], [-45.11651562, -23.38523606], [-45.11661672, -23.38446638], [-45.11670758, -23.38429017], [-45.11678582, -23.38424765], [-45.11698547, -23.38426105], [-45.11716273, -23.38442713], [-45.11735368, -23.38456429], [-45.11772271, -23.38468234], [-45.11797326, -23.38472009], [-45.11847135, -23.38472062], [-45.11891365, -23.38469228], [-45.11940783, -23.384691], [-45.12032762, -23.38460538], [-45.12099797, -23.38462835], [-45.12127095, -23.38458207], [-45.12150474, -23.38448253], [-45.12185586, -23.38428172], [-45.12199775, -23.38427168], [-45.12217892, -23.38442239], [-45.12231028, -23.38466708], [-45.12257572, -23.38493786], [-45.12287917, -23.38503247], [-45.12356625, -23.3851602], [-45.12374534, -23.38516276], [-45.12403105, -23.3851246], [-45.12458968, -23.38498234], [-45.12471011, -23.38504367], [-45.124765, -23.38514389], [-45.12480637, -23.38542659], [-45.12490755, -23.38584202], [-45.12505265, -23.38612374], [-45.12518492, -23.38629526], [-45.1256579, -23.38663994], [-45.12621988, -23.38692132], [-45.12658417, -23.38718569], [-45.12667724, -23.38729582], [-45.12686359, -23.38773377], [-45.12702238, -23.38799469], [-45.12710657, -23.38803256], [-45.12728187, -23.38816791], [-45.12746119, -23.38841437], [-45.12746233, -23.38857967], [-45.12737193, -23.38922289], [-45.12734989, -23.38970347], [-45.12736481, -23.38995638], [-45.12742584, -23.39033391], [-45.12755229, -23.39054608], [-45.12780587, -23.39067414], [-45.12799382, -23.39072186], [-45.12844207, -23.39077027], [-45.12947848, -23.39081458], [-45.13032221, -23.39097919], [-45.13060699, -23.39097082], [-45.13101987, -23.39087111], [-45.13116765, -23.39088183], [-45.13127831, -23.39095852], [-45.13132541, -23.39108674], [-45.13132789, -23.39161969], [-45.13136717, -23.39174973], [-45.13150835, -23.39201518], [-45.13153008, -23.39220937], [-45.13145382, -23.39228893], [-45.13132271, -23.39232065], [-45.13071209, -23.39236994], [-45.13048318, -23.39246046], [-45.13034831, -23.39264033], [-45.1303299, -23.39283636], [-45.13038388, -23.3929962], [-45.13073289, -23.39362009], [-45.13082811, -23.39391178], [-45.13081469, -23.39419633], [-45.13076986, -23.39439238], [-45.13063609, -23.39470503], [-45.13054034, -23.39486319], [-45.13033602, -23.3950919], [-45.12990377, -23.3954066], [-45.12950979, -23.39584051], [-45.12919231, -23.39644328], [-45.12906233, -23.39663488], [-45.12873773, -23.39696576], [-45.12814893, -23.3973375], [-45.12804039, -23.39743243], [-45.1279143, -23.39759965], [-45.12788029, -23.39785531], [-45.12789604, -23.39794563], [-45.12798234, -23.39812802], [-45.12820179, -23.39836722], [-45.12859945, -23.39869479], [-45.12869158, -23.39883472], [-45.12866914, -23.39889797], [-45.12834538, -23.39908974], [-45.12792071, -23.39917409], [-45.12731497, -23.39924414], [-45.12678367, -23.39937645], [-45.12636205, -23.39958907], [-45.12622905, -23.39969215], [-45.12612152, -23.39982683], [-45.12587511, -23.40005918], [-45.1250485, -23.40047355], [-45.12428572, -23.40112002], [-45.12350932, -23.40185321], [-45.12326197, -23.40214698], [-45.12287294, -23.40267752], [-45.12202229, -23.40357968], [-45.12174567, -23.40397102], [-45.12170572, -23.40417249], [-45.12170585, -23.4043143], [-45.12177932, -23.40438832], [-45.12183807, -23.40441266], [-45.12254847, -23.40424229], [-45.12270506, -23.40423494], [-45.12297227, -23.40426273], [-45.12380441, -23.40450416], [-45.12395024, -23.40450043], [-45.12415083, -23.40445149], [-45.12437486, -23.40434653], [-45.12465557, -23.40414306], [-45.12523936, -23.40361055], [-45.12574999, -23.40333193], [-45.12594275, -23.40328029], [-45.12615711, -23.40330089], [-45.12620706, -23.4033415], [-45.12626495, -23.40349049], [-45.12621319, -23.40361158], [-45.12603629, -23.40387006], [-45.12579088, -23.40414125], [-45.12564141, -23.40442772], [-45.12551359, -23.40484334], [-45.12540256, -23.40542334], [-45.12540285, -23.40572595], [-45.12545105, -23.40599328], [-45.12582261, -23.40664697], [-45.12593443, -23.40690071], [-45.12598157, -23.40706868], [-45.12605249, -23.40754557], [-45.12614963, -23.40780383], [-45.12663863, -23.40843213], [-45.12687884, -23.40886913], [-45.12696524, -23.40914999], [-45.12698328, -23.40959711], [-45.12693958, -23.40996027], [-45.12674057, -23.41064513], [-45.1266743, -23.41094959], [-45.12662679, -23.41142748], [-45.12665939, -23.41173728], [-45.12697609, -23.41231965], [-45.12693321, -23.41251841], [-45.12686474, -23.41256092], [-45.12671991, -23.41259536], [-45.12620805, -23.41263823], [-45.12522826, -23.41261192], [-45.12449809, -23.41261973], [-45.12339774, -23.41240472], [-45.12278485, -23.41222364], [-45.12197915, -23.4120418], [-45.12167573, -23.41205288], [-45.12145456, -23.41208918], [-45.12121685, -23.41223028], [-45.12096548, -23.41242649], [-45.12084422, -23.41255305], [-45.1205412, -23.41299861], [-45.1203153, -23.41321557], [-45.120054, -23.41325732], [-45.11975736, -23.41318619], [-45.11905634, -23.41295639], [-45.11878127, -23.41292137], [-45.11863446, -23.41292871], [-45.11849355, -23.41297127], [-45.11827545, -23.41315841], [-45.11813074, -23.41332383], [-45.11795385, -23.41363108], [-45.11785458, -23.41427069], [-45.11785516, -23.4149319], [-45.11791721, -23.41535821], [-45.11805759, -23.4158215], [-45.11840275, -23.41652581], [-45.11859284, -23.41675059], [-45.11904726, -23.41702484], [-45.1193381, -23.41716644], [-45.11942914, -23.41718082], [-45.11948001, -23.41714465], [-45.11950928, -23.41703985], [-45.11936513, -23.41675], [-45.1192228, -23.41630659], [-45.11914479, -23.41553433], [-45.11918284, -23.41540422], [-45.11926987, -23.41530931], [-45.11942157, -23.41528752], [-45.1202012, -23.41584154], [-45.1207772, -23.41635598], [-45.12086446, -23.41651399], [-45.12104104, -23.41694743], [-45.12111749, -23.41706029], [-45.12135359, -23.41728502], [-45.12145161, -23.41742947], [-45.12151439, -23.41758028], [-45.12157629, -23.41783767], [-45.12160907, -23.41836155], [-45.12163854, -23.41848077], [-45.12177386, -23.41874442], [-45.12193059, -23.41886625], [-45.12212743, -23.41896636], [-45.12226053, -23.41894729], [-45.12241511, -23.41887129], [-45.12260573, -23.41859021], [-45.122719, -23.41829836], [-45.12280308, -23.41818448], [-45.12288427, -23.41813112], [-45.12314069, -23.41809569], [-45.12391203, -23.41812127], [-45.12414008, -23.41810122], [-45.12428001, -23.41806407], [-45.12440136, -23.41803869], [-45.12452764, -23.4180422], [-45.12474992, -23.41813687], [-45.12498995, -23.41837244], [-45.12511623, -23.41838137], [-45.12529436, -23.41836045], [-45.12570338, -23.41822463], [-45.12624747, -23.41808327], [-45.12703316, -23.41776197], [-45.1274931, -23.41764507], [-45.12803343, -23.4176654], [-45.12867936, -23.41757002], [-45.12884264, -23.41738562], [-45.1289363, -23.41706848], [-45.12910728, -23.41675038], [-45.12924807, -23.41657773], [-45.1296989, -23.41616455], [-45.12985837, -23.41609306], [-45.13006399, -23.41615612], [-45.13025118, -23.41640347], [-45.1304424, -23.41676553], [-45.13107057, -23.41752106], [-45.13123038, -23.41778921], [-45.13130399, -23.41798877], [-45.13134436, -23.41822631], [-45.1313308, -23.41837446], [-45.13112106, -23.41909185], [-45.13100322, -23.41970168], [-45.13104361, -23.41995818], [-45.13117788, -23.4201315], [-45.13136791, -23.42027135], [-45.13175965, -23.42047878], [-45.13265892, -23.42117265], [-45.13322704, -23.42155697], [-45.13338761, -23.42159839], [-45.13390832, -23.4215582], [-45.13407781, -23.421708], [-45.13426113, -23.42197793], [-45.13437087, -23.42208532], [-45.13462165, -23.42227119], [-45.13488412, -23.42241368], [-45.13544917, -23.42265889], [-45.13610229, -23.4228733], [-45.13640589, -23.42301847], [-45.1365743, -23.4230671], [-45.13743388, -23.42319642], [-45.13774616, -23.42321692], [-45.13823258, -23.42314784], [-45.138853, -23.42297928], [-45.13898515, -23.42297916], [-45.139095, -23.42318772], [-45.13913448, -23.42350204], [-45.13932468, -23.4237855], [-45.13956571, -23.4240093], [-45.14026415, -23.42448652], [-45.14054636, -23.42476087], [-45.1406052, -23.4248656], [-45.14054076, -23.42502464], [-45.14001435, -23.425241], [-45.13989013, -23.42532692], [-45.13975434, -23.425589], [-45.13975456, -23.42579766], [-45.13980071, -23.42593944], [-45.13997036, -23.42622472], [-45.1401272, -23.42642783], [-45.1401224, -23.42651635], [-45.14002262, -23.42658509], [-45.13955771, -23.42664242], [-45.13919846, -23.42664816], [-45.13876576, -23.42661151], [-45.13826245, -23.42646291], [-45.13757207, -23.42620247], [-45.1367124, -23.42600179], [-45.13584189, -23.42572614], [-45.13413825, -23.425341], [-45.13380936, -23.42535483], [-45.13302247, -23.42548648], [-45.13261149, -23.42562955], [-45.13215948, -23.42586389], [-45.13185318, -23.42595538], [-45.13172099, -23.42591936], [-45.13153488, -23.42579125], [-45.13139966, -23.42566129], [-45.13118013, -23.4253941], [-45.13075594, -23.42505391], [-45.13041124, -23.4249178], [-45.13024579, -23.42488994], [-45.12955759, -23.42484715], [-45.12903577, -23.42476087], [-45.12817919, -23.42469744], [-45.12730591, -23.42455905], [-45.12646599, -23.42451818], [-45.12500061, -23.4245031], [-45.12424288, -23.42441879], [-45.12376805, -23.42433968], [-45.12330208, -23.42430482], [-45.12263829, -23.42418611], [-45.12229845, -23.42399307], [-45.12161783, -23.42366209], [-45.11946901, -23.42233861], [-45.1192957, -23.42228726], [-45.11862313, -23.42217847], [-45.11818531, -23.42187439], [-45.11749177, -23.42128687], [-45.11729886, -23.4212012], [-45.11713738, -23.42123745], [-45.11706107, -23.42128268], [-45.11700048, -23.42139654], [-45.11701626, -23.42153473], [-45.11709566, -23.42165661], [-45.11766776, -23.42216293], [-45.1177197, -23.42223335], [-45.11771892, -23.42245556], [-45.11761922, -23.42261823], [-45.11754977, -23.42268332], [-45.1173903, -23.42277467], [-45.11723681, -23.42299339], [-45.11732622, -23.4233727], [-45.11732932, -23.42354884], [-45.11722279, -23.42373952], [-45.11708683, -23.42385795], [-45.11701755, -23.42410641], [-45.11711754, -23.42427074], [-45.11725562, -23.42434561], [-45.11742694, -23.42435903], [-45.11779003, -23.42427836], [-45.11812674, -23.42425552], [-45.11833727, -23.42433214], [-45.11859582, -23.42447738], [-45.1191737, -23.42486897], [-45.11942828, -23.42494194], [-45.11963092, -23.42495443], [-45.12088186, -23.42489024], [-45.1213919, -23.42493952], [-45.12242966, -23.4250986], [-45.12309237, -23.42511885], [-45.12373744, -23.42510479], [-45.12443333, -23.42500939], [-45.12475244, -23.42500282], [-45.12509018, -23.42503055], [-45.12642529, -23.42494366], [-45.12674148, -23.42496508], [-45.12719192, -23.42512912], [-45.12730652, -23.42519767], [-45.12767389, -23.42550811], [-45.12794519, -23.42565603], [-45.12810475, -23.42566312], [-45.12825156, -23.4256359], [-45.12853138, -23.42549747], [-45.12876924, -23.42548192], [-45.12888093, -23.42558932], [-45.12899072, -23.4257464], [-45.12904667, -23.42590533], [-45.12913428, -23.42640569], [-45.12921272, -23.42654202], [-45.12931951, -23.42664039], [-45.12952518, -23.4267432], [-45.12977085, -23.42671138], [-45.13041274, -23.42644166], [-45.13103811, -23.42630293], [-45.13117025, -23.4262965], [-45.13155311, -23.4264127], [-45.131843, -23.42655337], [-45.13213293, -23.42673288], [-45.13289216, -23.42731848], [-45.13435367, -23.42831808], [-45.1357951, -23.42879467], [-45.13664035, -23.42923384], [-45.13715071, -23.42957303], [-45.13738192, -23.42975258], [-45.13812658, -23.43041404], [-45.13885259, -23.43102041], [-45.138883, -23.43108271], [-45.13887134, -23.43116311], [-45.13875688, -23.43123367], [-45.13858367, -23.43129706], [-45.13797098, -23.43140329], [-45.13749521, -23.43138835], [-45.1368167, -23.43127694], [-45.13631329, -23.43104433], [-45.13556301, -23.43061953], [-45.13517407, -23.43031907], [-45.1344363, -23.42967566], [-45.13391708, -23.42928498], [-45.13358312, -23.4291317], [-45.132977, -23.42895788], [-45.13259028, -23.42890492], [-45.13219089, -23.42890526], [-45.13190019, -23.42894163], [-45.13009355, -23.42937312], [-45.12926063, -23.42950388], [-45.12863707, -23.42951433], [-45.12816522, -23.42949214], [-45.1278519, -23.42942736], [-45.12754149, -23.42932103], [-45.12738876, -23.4293067], [-45.12687789, -23.42942906], [-45.12667734, -23.42955749], [-45.12658834, -23.4296506], [-45.12650528, -23.42979971], [-45.126317, -23.43048185], [-45.12622326, -23.43073304], [-45.12610782, -23.43081263], [-45.12572323, -23.43094482], [-45.12560586, -23.43104608], [-45.12556774, -23.43110844], [-45.12551997, -23.43131714], [-45.12551872, -23.43207229], [-45.12547308, -23.43246255], [-45.12539502, -23.43272909], [-45.12519478, -23.43319987], [-45.1250549, -23.4333165], [-45.12496388, -23.43333193], [-45.12481505, -23.43329953], [-45.12413246, -23.43301012], [-45.12397875, -23.43299488], [-45.12343745, -23.43305132], [-45.12328179, -23.43304602], [-45.12243095, -23.43288771], [-45.12215296, -23.43291683], [-45.12187501, -23.43298841], [-45.12131524, -23.43318848], [-45.12089831, -23.43329719], [-45.11979329, -23.43351664], [-45.11932149, -23.43357391], [-45.11853919, -23.43343088], [-45.11838839, -23.43338222], [-45.11782528, -23.43312972], [-45.11708778, -23.4327256], [-45.11667553, -23.4325868], [-45.1160145, -23.43229553], [-45.11551607, -23.43212157], [-45.11530265, -23.43210727], [-45.11502369, -23.43214451], [-45.11486912, -23.43226567], [-45.1148604, -23.43237136], [-45.11496628, -23.43254381], [-45.11523863, -23.4327884], [-45.11536302, -23.43286509], [-45.11578804, -23.43304995], [-45.1162895, -23.43332599], [-45.1169703, -23.43382229], [-45.11758356, -23.43432858], [-45.11799901, -23.43474559], [-45.1186869, -23.43550293], [-45.11935606, -23.43609046], [-45.11964994, -23.43631155], [-45.11977433, -23.43637016], [-45.12004165, -23.43644042], [-45.12048616, -23.43650963], [-45.12073878, -23.43657086], [-45.12087688, -23.4366403], [-45.12109533, -23.43680002], [-45.12122763, -23.43694354], [-45.12130605, -23.43706633], [-45.12149155, -23.43758016], [-45.12166311, -23.43784017], [-45.12202857, -23.43817591], [-45.12310901, -23.43886066], [-45.12356833, -23.4390536], [-45.12418624, -23.43923197], [-45.12439281, -23.43923722], [-45.12506336, -23.43918158], [-45.12522001, -23.43919501], [-45.12553237, -23.43926702], [-45.12584968, -23.43939142], [-45.12610831, -23.4395791], [-45.12696174, -23.44035253], [-45.12709005, -23.44041385], [-45.12733483, -23.44045339], [-45.12750909, -23.44045596], [-45.12788805, -23.44054959], [-45.12815359, -23.44078513], [-45.12842509, -23.44111461], [-45.12861904, -23.44122737], [-45.12884813, -23.4412344], [-45.12930522, -23.44113286], [-45.12941781, -23.44113276], [-45.12972751, -23.44148569], [-45.12985879, -23.44157501], [-45.12997728, -23.44161466], [-45.1305538, -23.44149675], [-45.13089243, -23.44139891], [-45.13121449, -23.44136251], [-45.13150927, -23.44146252], [-45.13196264, -23.44156331], [-45.13220848, -23.44167421], [-45.13232217, -23.44179606], [-45.13230758, -23.44189904], [-45.13226166, -23.4419867], [-45.1318948, -23.44225168], [-45.13101522, -23.44280614], [-45.13074134, -23.44305206], [-45.1304499, -23.44336575], [-45.13038542, -23.44350039], [-45.13038842, -23.44356723], [-45.13051098, -23.44375592], [-45.13086742, -23.44383511], [-45.13107113, -23.4439054], [-45.13129457, -23.44414007], [-45.13163186, -23.44464472], [-45.13185621, -23.44480893], [-45.13216476, -23.44496404], [-45.13226961, -23.4450588], [-45.13232844, -23.44514636], [-45.13237169, -23.44531795], [-45.13236516, -23.44564224], [-45.1324838, -23.4458228], [-45.13258278, -23.44592388], [-45.13280518, -23.44608538], [-45.13308141, -23.44622335], [-45.13385318, -23.44650994], [-45.13422154, -23.44675532], [-45.13444299, -23.4469385], [-45.13479191, -23.44731758], [-45.13504399, -23.44777352], [-45.13503529, -23.44788373], [-45.13486604, -23.44800582], [-45.13419757, -23.44822409], [-45.13398621, -23.44833357], [-45.13386688, -23.4484511], [-45.13362843, -23.4488867], [-45.13349931, -23.44900062], [-45.13321842, -23.44909842], [-45.13290907, -23.44912759], [-45.13252035, -23.44909901], [-45.13167053, -23.4490916], [-45.13141201, -23.44904575], [-45.13121105, -23.44878306], [-45.13103371, -23.44865223], [-45.13075271, -23.44863802], [-45.130372, -23.44878376], [-45.13009398, -23.4488129], [-45.1297934, -23.44880412], [-45.12939292, -23.44875567], [-45.12915005, -23.44869084], [-45.12899331, -23.44859161], [-45.12876593, -23.44833977], [-45.12863154, -23.44807883], [-45.12853632, -23.44781605], [-45.12848704, -23.44747555], [-45.12833307, -23.44720018], [-45.12805884, -23.44709833], [-45.12781312, -23.44711931], [-45.12748915, -23.44721442], [-45.12705869, -23.4475517], [-45.12686486, -23.44757444], [-45.12659657, -23.44754033], [-45.12647112, -23.44739952], [-45.12617291, -23.44678642], [-45.1260416, -23.44666007], [-45.12588195, -23.44659155], [-45.12563227, -23.44656646], [-45.12520155, -23.44662371], [-45.12475334, -23.44681918], [-45.12422706, -23.44729834], [-45.12408323, -23.44738517], [-45.12380529, -23.44750644], [-45.12338244, -23.44760704], [-45.12211654, -23.44761436], [-45.12142133, -23.44751554], [-45.12037159, -23.4472842], [-45.11974297, -23.4472061], [-45.11930033, -23.44707998], [-45.11888016, -23.44689151], [-45.11853333, -23.44661717], [-45.11820205, -23.44620101], [-45.11772452, -23.44536221], [-45.11719297, -23.44432472], [-45.1166713, -23.44337937], [-45.11636837, -23.44290717], [-45.1158381, -23.44218493], [-45.11530399, -23.44155302], [-45.11479157, -23.4410873], [-45.11374345, -23.44038259], [-45.11336331, -23.44004684], [-45.1130891, -23.43993232], [-45.11262597, -23.43985497], [-45.11246738, -23.43986231], [-45.11212285, -23.43994838], [-45.11201229, -23.44002072], [-45.1116699, -23.4403317], [-45.11123841, -23.44061474], [-45.11103497, -23.44084612], [-45.11077964, -23.44107574], [-45.11049899, -23.44145713], [-45.11042871, -23.44171372], [-45.11045145, -23.44197385], [-45.11053205, -23.44237124], [-45.1106754, -23.44286705], [-45.1107335, -23.44326807], [-45.11073361, -23.44340718], [-45.11066236, -23.44366557], [-45.11056069, -23.44383907], [-45.11034257, -23.44408221], [-45.10991103, -23.44433634], [-45.10908109, -23.44466121], [-45.10867293, -23.44476989], [-45.10856246, -23.44496598], [-45.10846896, -23.44556583], [-45.10832912, -23.44575562], [-45.10822834, -23.44583066], [-45.10805897, -23.44583349], [-45.10765847, -23.44573712], [-45.1071267, -23.44555231], [-45.10673592, -23.44536288], [-45.1053234, -23.44440183], [-45.10518237, -23.4443378], [-45.10455666, -23.44419369], [-45.10425021, -23.44416589], [-45.10401429, -23.44419315], [-45.10390371, -23.44425374], [-45.10382646, -23.44437303], [-45.10380992, -23.44450492], [-45.10384625, -23.44464671], [-45.10392568, -23.44481196], [-45.10408838, -23.44504671], [-45.10462143, -23.44562808], [-45.10584998, -23.44669494], [-45.10623791, -23.44698102], [-45.10650531, -23.44713078], [-45.10690588, -23.44731027], [-45.10757486, -23.44767474], [-45.10835938, -23.44804906], [-45.10880206, -23.44823122], [-45.10937709, -23.44863278], [-45.11044904, -23.44967623], [-45.11099882, -23.45031086], [-45.1113566, -23.45081554], [-45.11174756, -23.45118381], [-45.11197385, -23.45132817], [-45.11305999, -23.45174381], [-45.11333237, -23.45197214], [-45.1136833, -23.45246238], [-45.11377344, -23.45254541], [-45.1140379, -23.45266897], [-45.11419457, -23.45269054], [-45.11435122, -23.4526841], [-45.11479077, -23.45261874], [-45.11490926, -23.45264936], [-45.11501221, -23.45281098], [-45.1151665, -23.45348111], [-45.11537357, -23.45403196], [-45.11555377, -23.45408332], [-45.11587886, -23.45412463], [-45.11600324, -23.45416157], [-45.1160435, -23.45430245], [-45.11601236, -23.45451746], [-45.11601358, -23.45479567], [-45.11615486, -23.45512166], [-45.11645871, -23.45550081], [-45.11667329, -23.4556786], [-45.11713665, -23.45595376], [-45.11755106, -23.45623256], [-45.11816133, -23.45655909], [-45.11849442, -23.45677563], [-45.1193819, -23.45722028], [-45.11951613, -23.45732405], [-45.11960146, -23.45748748], [-45.11957215, -23.45756519], [-45.11937053, -23.45764303], [-45.11871559, -23.45774198], [-45.11823307, -23.45796004], [-45.11740289, -23.45808262], [-45.11725412, -23.45814234], [-45.11699564, -23.45815609], [-45.11664805, -23.45815635], [-45.11632984, -23.45816201], [-45.11545749, -23.45821775], [-45.11494633, -23.45814768], [-45.1140922, -23.45775356], [-45.11374842, -23.45762464], [-45.11357608, -23.45761032], [-45.11323738, -23.45769547], [-45.11319041, -23.45772532], [-45.11306311, -23.45771186], [-45.11294558, -23.45766859], [-45.11277706, -23.45753592], [-45.11256625, -23.45717837], [-45.11244473, -23.45705742], [-45.11210777, -23.45688333], [-45.11191877, -23.4568392], [-45.1115457, -23.45680424], [-45.1111805, -23.45681805], [-45.11049132, -23.45696126], [-45.11020736, -23.45693797], [-45.10988322, -23.45686865], [-45.1093475, -23.4566974], [-45.108325, -23.45631963], [-45.10814481, -23.45627447], [-45.10814621, -23.4579876], [-45.10727255, -23.45763555], [-45.10693471, -23.45757888], [-45.10641578, -23.45758646], [-45.10609959, -23.45766707], [-45.10577756, -23.45779826], [-45.1056366, -23.45783088], [-45.10552498, -23.45783095], [-45.10532417, -23.45771908], [-45.10510069, -23.45741121], [-45.10482238, -23.45710608], [-45.1046372, -23.45695174], [-45.10434821, -23.45675683], [-45.10420227, -23.45668647], [-45.10373807, -23.4565558], [-45.10293901, -23.45642174], [-45.10279995, -23.45638209], [-45.10247373, -23.45615106], [-45.10233144, -23.45574015], [-45.10225398, -23.45559839], [-45.10211387, -23.4554684], [-45.10185333, -23.45534121], [-45.10173877, -23.45533948], [-45.10156452, -23.45537663], [-45.10103891, -23.45559466], [-45.10088228, -23.45562728], [-45.10070995, -23.45561384], [-45.10037399, -23.45545237], [-45.10025154, -23.45536754], [-45.10002129, -23.45515451], [-45.09974702, -23.45498848], [-45.09942969, -23.45484958], [-45.09874909, -23.45467658], [-45.0977199, -23.45446224], [-45.09686009, -23.45423876], [-45.09573405, -23.45411661], [-45.09540895, -23.45406351], [-45.09510634, -23.45396433], [-45.09453237, -23.45365666], [-45.09395338, -23.4531611], [-45.09347819, -23.45267993], [-45.09333422, -23.45262401], [-45.09311195, -23.45259614], [-45.09302881, -23.45270549], [-45.09298484, -23.45284282], [-45.09296542, -23.45307407], [-45.09317623, -23.45351024], [-45.09343394, -23.45380546], [-45.09380618, -23.45406719], [-45.09427045, -23.45431622], [-45.09456139, -23.45453645], [-45.09465452, -23.45469628], [-45.0946008, -23.45487426], [-45.09452546, -23.45494476], [-45.09417404, -23.45505427], [-45.09355631, -23.45516394], [-45.09334298, -23.4553375], [-45.09321787, -23.45563205], [-45.09321116, -23.45583981], [-45.09349146, -23.4562398], [-45.09348469, -23.4563482], [-45.09343771, -23.45637804], [-45.09343678, -23.45644217], [-45.09350736, -23.45657311], [-45.09338208, -23.45662738], [-45.0930599, -23.45656253], [-45.09254379, -23.45638851], [-45.09192968, -23.45608536], [-45.09176417, -23.45603036], [-45.09150861, -23.45600883], [-45.09142248, -23.45605766], [-45.09124147, -23.45623571], [-45.09123371, -23.4563396], [-45.09128077, -23.45642448], [-45.09130434, -23.45653467], [-45.09136508, -23.45657889], [-45.09140331, -23.45665023], [-45.09169333, -23.45695086], [-45.09190109, -23.4572154], [-45.09223139, -23.4577093], [-45.09241461, -23.45787901], [-45.09298672, -23.45831406], [-45.09378008, -23.45870291], [-45.09426692, -23.45900883], [-45.09491646, -23.45952692], [-45.0951379, -23.45975171], [-45.09534864, -23.46006864], [-45.09555074, -23.46061952], [-45.09566068, -23.46100877], [-45.09587152, -23.46145758], [-45.09599796, -23.46163093], [-45.09627321, -23.46178432], [-45.09668751, -23.46195298], [-45.09697251, -23.4620341], [-45.09767559, -23.46211315], [-45.09796645, -23.46217349], [-45.09836411, -23.46234938], [-45.09857768, -23.46250281], [-45.09888152, -23.4629109], [-45.09904044, -23.46330283], [-45.0992532, -23.46368117], [-45.09951112, -23.46421305], [-45.09973457, -23.46449022], [-45.09976885, -23.46449471], [-45.09980119, -23.46453624], [-45.09998927, -23.46464452], [-45.10054558, -23.46482391], [-45.10093433, -23.46485257], [-45.1015208, -23.46478715], [-45.10204957, -23.46480216], [-45.10258135, -23.46492466], [-45.10285657, -23.46501029], [-45.10310244, -23.46513659], [-45.10322981, -23.46523858], [-45.10335134, -23.46538302], [-45.10350432, -23.46568372], [-45.10377919, -23.46657147], [-45.1040213, -23.46690282], [-45.10417123, -23.46704182], [-45.10427211, -23.46707247], [-45.10435441, -23.46713745], [-45.10519297, -23.46760299], [-45.10538896, -23.46780248], [-45.10540568, -23.46789822], [-45.10536271, -23.46803916], [-45.10528349, -23.46815755], [-45.10501929, -23.46838897], [-45.10460723, -23.4686232], [-45.10419024, -23.46880052], [-45.10392893, -23.46898496], [-45.10378225, -23.46923798], [-45.1037902, -23.46938702], [-45.10383144, -23.46953333], [-45.10389121, -23.46958207], [-45.10394122, -23.46966875], [-45.10417046, -23.46981041], [-45.10457593, -23.4699095], [-45.1049882, -23.4699291], [-45.1055923, -23.46984739], [-45.10585965, -23.46988244], [-45.10599582, -23.46994829], [-45.10613697, -23.47013698], [-45.10629291, -23.47043586], [-45.10645758, -23.47063989], [-45.10684858, -23.47100727], [-45.10703778, -23.47126909], [-45.10717613, -23.47161767], [-45.10719982, -23.47184347], [-45.10707864, -23.47214977], [-45.10692607, -23.47238654], [-45.10678421, -23.47254561], [-45.10638102, -23.47285391], [-45.10569582, -23.47318589], [-45.10514172, -23.47337143], [-45.10442698, -23.47349747], [-45.10244901, -23.47359905], [-45.1020984, -23.4735496], [-45.10159095, -23.47327533], [-45.10149684, -23.47313809], [-45.10129678, -23.47275432], [-45.1009969, -23.47245101], [-45.10059527, -23.47224532], [-45.10043856, -23.47220929], [-45.10012031, -23.47220949], [-45.09957404, -23.47238599], [-45.09942227, -23.47240325], [-45.09927046, -23.47235637], [-45.09875907, -23.47204867], [-45.09820764, -23.47187288], [-45.0977493, -23.47178465], [-45.09718825, -23.47185003], [-45.09703161, -23.47190071], [-45.09689067, -23.47198571], [-45.0966216, -23.47228577], [-45.09646318, -23.47258305], [-45.09634597, -23.47299322], [-45.09602436, -23.4737567], [-45.09571621, -23.47419679], [-45.09533649, -23.47450143], [-45.09505847, -23.47462264], [-45.09477649, -23.47468604], [-45.09450133, -23.47468621], [-45.09418205, -23.47462137], [-45.0929469, -23.47416053], [-45.09247776, -23.47404518], [-45.09184803, -23.47392813], [-45.09156885, -23.4737928], [-45.09104669, -23.47346069], [-45.09077536, -23.47333258], [-45.09049428, -23.47328307], [-45.09019468, -23.47334105], [-45.08990491, -23.47346949], [-45.08971105, -23.47351025], [-45.08925181, -23.47354212], [-45.08879353, -23.47354871], [-45.08832052, -23.47347942], [-45.08801197, -23.47334681], [-45.08793651, -23.47325382], [-45.08728399, -23.47272576], [-45.08686165, -23.47227977], [-45.08601677, -23.47105628], [-45.08561191, -23.4703691], [-45.08511512, -23.46985449], [-45.08436856, -23.46922531], [-45.08400022, -23.46896987], [-45.08359078, -23.46877047], [-45.0833097, -23.46868119], [-45.08312265, -23.46864606], [-45.08243522, -23.46859223], [-45.08168125, -23.4686143], [-45.0810967, -23.46866429], [-45.08080592, -23.46873941], [-45.08039968, -23.46894467], [-45.0802607, -23.46905946], [-45.08004248, -23.46929443], [-45.07997403, -23.46944983], [-45.07992915, -23.46972084], [-45.07993716, -23.47000989], [-45.0799834, -23.47037841], [-45.07995321, -23.47065303], [-45.07988085, -23.47082378], [-45.07981236, -23.47090783], [-45.07972035, -23.47096478], [-45.07946771, -23.47096852], [-45.07930318, -23.4709388], [-45.0787723, -23.47069247], [-45.07851475, -23.47066369], [-45.07781453, -23.47052042], [-45.07689109, -23.47044139], [-45.07617534, -23.4705411], [-45.07602555, -23.47060079], [-45.07591788, -23.47067401], [-45.07586505, -23.47075443], [-45.07585733, -23.47094954], [-45.0759731, -23.47134784], [-45.07631922, -23.47212902], [-45.07683181, -23.47291192], [-45.07693469, -23.47302117], [-45.07719724, -23.47321886], [-45.07759787, -23.47342822], [-45.07773891, -23.47348054], [-45.07817569, -23.47354897], [-45.07874854, -23.47354869], [-45.07922047, -23.47344728], [-45.07968655, -23.47338923], [-45.08031128, -23.47336], [-45.08087428, -23.47325945], [-45.08172524, -23.47326623], [-45.08205822, -23.47332838], [-45.08226789, -23.47350983], [-45.0822758, -23.47363539], [-45.08220055, -23.47388293], [-45.0818729, -23.47452986], [-45.08171353, -23.4749301], [-45.08162172, -23.47531133], [-45.08157379, -23.4754035], [-45.08144208, -23.47619123], [-45.08143542, -23.47651191], [-45.08147278, -23.47675397], [-45.08152085, -23.47688673], [-45.08195415, -23.4776543], [-45.08202875, -23.47792976], [-45.08200539, -23.47816192], [-45.08188415, -23.47846729], [-45.08160922, -23.47887392], [-45.08141957, -23.47939883], [-45.08138154, -23.47966622], [-45.08143669, -23.48017384], [-45.08160449, -23.48072386], [-45.08184573, -23.48127293], [-45.0819457, -23.4814156], [-45.08220438, -23.48165122], [-45.08281569, -23.48201402], [-45.08362188, -23.48237491], [-45.08416352, -23.48251372], [-45.08488925, -23.48261811], [-45.08514979, -23.48268391], [-45.08544955, -23.48283459], [-45.08566021, -23.48300701], [-45.08571512, -23.48311356], [-45.0857397, -23.48326259], [-45.08573212, -23.48366095], [-45.0856618, -23.48395185], [-45.08538129, -23.48481103], [-45.08530332, -23.48539189], [-45.08531811, -23.48553821], [-45.08540346, -23.48577392], [-45.08557103, -23.48594365], [-45.08583944, -23.48605009], [-45.08612737, -23.48607161], [-45.08685885, -23.48594926], [-45.08701849, -23.48596272], [-45.08779013, -23.48586202], [-45.08996129, -23.48584633], [-45.09070953, -23.48589558], [-45.0910759, -23.48604531], [-45.09122187, -23.48612652], [-45.09202045, -23.48673216], [-45.09239276, -23.4869686], [-45.0926749, -23.4870976], [-45.09281105, -23.48713365], [-45.09296379, -23.4870893], [-45.09314391, -23.48697719], [-45.09324072, -23.48677208], [-45.09330998, -23.48638272], [-45.09334763, -23.48560858], [-45.09344823, -23.48522191], [-45.09352743, -23.48505295], [-45.09363707, -23.48499056], [-45.09393962, -23.48490637], [-45.09482682, -23.48482002], [-45.09533397, -23.4846246], [-45.09568341, -23.48437327], [-45.09574111, -23.48427478], [-45.09582515, -23.48402361], [-45.09586515, -23.48381312], [-45.09590345, -23.4826045], [-45.09599725, -23.48230364], [-45.09602736, -23.48196038], [-45.09602608, -23.48154757], [-45.09589421, -23.48065701], [-45.09591762, -23.48052512], [-45.09613846, -23.4798728], [-45.09646214, -23.47923037], [-45.09669894, -23.47898362], [-45.09703473, -23.47884611], [-45.09728543, -23.47884957], [-45.09745389, -23.47888831], [-45.09759497, -23.4789668], [-45.0977018, -23.47909681], [-45.09795094, -23.47963411], [-45.09809111, -23.47981829], [-45.09842224, -23.47999603], [-45.09855545, -23.48003569], [-45.09883945, -23.48004003], [-45.09899511, -23.4799767], [-45.09916632, -23.47976974], [-45.09934922, -23.47945799], [-45.0996054, -23.47894024], [-45.0997805, -23.47869082], [-45.10002024, -23.47844136], [-45.10015529, -23.47833559], [-45.10047344, -23.47817369], [-45.1008935, -23.47812284], [-45.10118045, -23.47815156], [-45.10188759, -23.4782893], [-45.10276033, -23.47855791], [-45.1034018, -23.478618], [-45.10355259, -23.47859713], [-45.10370041, -23.47854012], [-45.10389617, -23.47840992], [-45.10427082, -23.47789208], [-45.10439218, -23.4778089], [-45.10480042, -23.47765507], [-45.10505786, -23.47752663], [-45.10542876, -23.47722016], [-45.10566257, -23.47693095], [-45.10582501, -23.47677999], [-45.1061576, -23.47633534], [-45.10629546, -23.47606517], [-45.10660848, -23.47564673], [-45.10682865, -23.47544334], [-45.10765875, -23.4750661], [-45.10823519, -23.47466283], [-45.10865893, -23.47432741], [-45.1088263, -23.47423065], [-45.10928739, -23.47406141], [-45.10963879, -23.47389134], [-45.10977676, -23.47377111], [-45.11011621, -23.47335084], [-45.11026886, -23.47321795], [-45.11041274, -23.47313384], [-45.11080625, -23.47296645], [-45.11104517, -23.47294731], [-45.11148375, -23.47281602], [-45.11203772, -23.47249586], [-45.11243407, -23.47220652], [-45.11270224, -23.47205006], [-45.11303015, -23.47189897], [-45.1132005, -23.47185368], [-45.11343451, -23.47183184], [-45.11376356, -23.4718614], [-45.11403877, -23.47191721], [-45.11460198, -23.47209745], [-45.1148899, -23.47213337], [-45.11508865, -23.47209709], [-45.11530304, -23.47202738], [-45.115673, -23.47181755], [-45.11584529, -23.47175238], [-45.11602447, -23.47172967], [-45.11616842, -23.47173678], [-45.11644464, -23.47182781], [-45.11673266, -23.47198025], [-45.11702665, -23.47223205], [-45.11722466, -23.47246405], [-45.11747555, -23.47270233], [-45.11768034, -23.47284941], [-45.11817214, -23.47310647], [-45.11852576, -23.47323628], [-45.11948464, -23.47346498], [-45.12137359, -23.47347075], [-45.12164584, -23.47349944], [-45.12197004, -23.47357958], [-45.12202397, -23.47365542], [-45.12203194, -23.47380355], [-45.12186863, -23.47404937], [-45.12162504, -23.47430881], [-45.12146064, -23.47443991], [-45.12100456, -23.47470945], [-45.12081473, -23.47485864], [-45.12079229, -23.47494989], [-45.12097574, -23.475321], [-45.1209867, -23.475517], [-45.12084687, -23.47574022], [-45.12055623, -23.47595814], [-45.11988084, -23.47629017], [-45.11960977, -23.47649633], [-45.11944158, -23.4767557], [-45.11947216, -23.47700769], [-45.11967304, -23.47715387], [-45.11982097, -23.47721789], [-45.12040868, -23.47739358], [-45.1209709, -23.47752322], [-45.12123736, -23.47763683], [-45.12150878, -23.47780915], [-45.1217029, -23.4780592], [-45.12189129, -23.47846825], [-45.12224404, -23.47869289], [-45.12266135, -23.47884161], [-45.12294833, -23.47890009], [-45.12336846, -23.47892144], [-45.12355946, -23.47897458], [-45.12360067, -23.47906036], [-45.12360173, -23.47914256], [-45.12343547, -23.47937665], [-45.12316239, -23.47952771], [-45.12291368, -23.47955681], [-45.12271585, -23.4795389], [-45.12190476, -23.47926946], [-45.12147577, -23.47919753], [-45.12119465, -23.47912548], [-45.12091651, -23.47908957], [-45.12060117, -23.47908168], [-45.12021537, -23.47911088], [-45.12006365, -23.47919501], [-45.11978777, -23.47949601], [-45.11974974, -23.47967128], [-45.11977624, -23.4797363], [-45.1198723, -23.47983739], [-45.12016719, -23.47997989], [-45.12058151, -23.48007441], [-45.1208381, -23.4800977], [-45.12106823, -23.48008758], [-45.12201411, -23.47997484], [-45.12270545, -23.47993907], [-45.12327833, -23.47993771], [-45.12369441, -23.47981634], [-45.1241692, -23.47964163], [-45.12444042, -23.47959896], [-45.12473518, -23.47959872], [-45.12500746, -23.47964096], [-45.1254326, -23.47978514], [-45.12578727, -23.47996281], [-45.12581573, -23.4800233], [-45.12581586, -23.4801588], [-45.12572979, -23.480279], [-45.12535296, -23.48047893], [-45.12463834, -23.48075772], [-45.12435743, -23.4809097], [-45.12405503, -23.48112853], [-45.12349045, -23.48163031], [-45.1228223, -23.48239953], [-45.12269522, -23.48264714], [-45.12265227, -23.48278808], [-45.12265337, -23.48291906], [-45.12284569, -23.4833299], [-45.12301828, -23.48357817], [-45.12339176, -23.4839681], [-45.12373111, -23.48451522], [-45.12384985, -23.48477708], [-45.12385585, -23.48490805], [-45.123711, -23.48500753], [-45.12353275, -23.48498419], [-45.12290682, -23.48483383], [-45.12261693, -23.48482141], [-45.12248083, -23.48485043], [-45.12232617, -23.48492281], [-45.12211675, -23.48508737], [-45.12201916, -23.4854587], [-45.12191844, -23.48562499], [-45.12177855, -23.48579491], [-45.12166696, -23.48585371], [-45.12150637, -23.48587461], [-45.12105583, -23.48581354], [-45.12024375, -23.48557299], [-45.1191173, -23.48532094], [-45.11884502, -23.48529314], [-45.11771292, -23.48528677], [-45.11685495, -23.48518625], [-45.11602633, -23.4850577], [-45.11540147, -23.48499313], [-45.11464434, -23.48486271], [-45.11409, -23.48480621], [-45.1137913, -23.4847992], [-45.11350536, -23.48482109], [-45.11318326, -23.48493604], [-45.1129376, -23.48510875], [-45.11270669, -23.48535732], [-45.11248376, -23.48577841], [-45.11241935, -23.48604222], [-45.11231282, -23.48629522], [-45.11216615, -23.4865645], [-45.11191271, -23.48681309], [-45.11181393, -23.48697214], [-45.11175637, -23.48723594], [-45.1117566, -23.4875006], [-45.11187358, -23.48802894], [-45.11209246, -23.48860599], [-45.11215637, -23.48889951], [-45.11218012, -23.48918854], [-45.11228919, -23.48961572], [-45.1126482, -23.49027848], [-45.1129541, -23.49068202], [-45.11319928, -23.49107568], [-45.11349441, -23.49147562], [-45.11366115, -23.49176817], [-45.11402026, -23.49254202], [-45.11405868, -23.49279853], [-45.11404542, -23.49332154], [-45.11422289, -23.49355898], [-45.11432677, -23.49363749], [-45.11467656, -23.49380885], [-45.11494989, -23.49390621], [-45.11594122, -23.49412316], [-45.11776502, -23.49432233], [-45.11850558, -23.49448165], [-45.11897386, -23.49463395], [-45.11998014, -23.49512908], [-45.12014765, -23.49516418], [-45.12031711, -23.49519024], [-45.12059234, -23.49521623], [-45.12081074, -23.49520251], [-45.12107815, -23.49524114], [-45.12138867, -23.49529961], [-45.12164922, -23.49533193], [-45.12204491, -23.49535059], [-45.1223015, -23.49534406], [-45.12279808, -23.49537168], [-45.12312727, -23.49548884], [-45.12352614, -23.49576222], [-45.12435418, -23.49624392], [-45.12498443, -23.49676371], [-45.12534208, -23.49694318], [-45.12547724, -23.49694126], [-45.1257524, -23.49688955], [-45.12626438, -23.4966308], [-45.12641812, -23.49660267], [-45.1265886, -23.49666486], [-45.12720313, -23.49712233], [-45.12833672, -23.49755046], [-45.12851794, -23.49758915], [-45.1286776, -23.49759534], [-45.12906343, -23.49754082], [-45.12935319, -23.49739064], [-45.12949119, -23.49729207], [-45.12957133, -23.49711676], [-45.12992344, -23.49662598], [-45.13018737, -23.49610999], [-45.13018611, -23.49582906], [-45.13011333, -23.49551207], [-45.12965127, -23.49473563], [-45.1295796, -23.49455503], [-45.12950487, -23.49425159], [-45.12944157, -23.49361753], [-45.1294638, -23.49331491], [-45.12954266, -23.4928334], [-45.12954735, -23.49262202], [-45.1295187, -23.49237184], [-45.12956641, -23.49208545], [-45.12970636, -23.49197875], [-45.13074638, -23.49190471], [-45.13122815, -23.49183205], [-45.13185885, -23.49180984], [-45.13246123, -23.49187797], [-45.13326444, -23.49201007], [-45.13421547, -23.49207339], [-45.13576996, -23.49228974], [-45.13628025, -23.49233175], [-45.13886633, -23.49284253], [-45.13935313, -23.49288455], [-45.13997887, -23.49280631], [-45.14026767, -23.49269765], [-45.14059359, -23.49249863], [-45.14074131, -23.49234314], [-45.1410562, -23.49190656], [-45.14142169, -23.49116012], [-45.1415967, -23.49087994], [-45.14193608, -23.49044967], [-45.14250942, -23.48992704], [-45.14269245, -23.4898239], [-45.14293921, -23.48979567], [-45.14337709, -23.48989463], [-45.14389351, -23.49016785], [-45.14418365, -23.49040424], [-45.14460137, -23.49086815], [-45.1449298, -23.49118399], [-45.14519929, -23.49133549], [-45.145307, -23.49132004], [-45.14536474, -23.49127934], [-45.14535149, -23.49113715], [-45.14702753, -23.49010431], [-45.14667366, -23.48995389], [-45.14625812, -23.48968329], [-45.14621181, -23.48942861], [-45.1462802, -23.48928041], [-45.14645735, -23.48917817], [-45.14670706, -23.48915716], [-45.14708608, -23.48917126], [-45.14782273, -23.48933315], [-45.14799021, -23.4893348], [-45.14809981, -23.48926424], [-45.14815643, -23.48909798], [-45.14814655, -23.48902392], [-45.14805242, -23.48892284], [-45.14769277, -23.48871542], [-45.14748506, -23.48863342], [-45.14719496, -23.4884413], [-45.14704365, -23.48799612], [-45.14691166, -23.48731336], [-45.14674499, -23.4871455], [-45.14662445, -23.48707877], [-45.14638251, -23.48703655], [-45.14619252, -23.48703672], [-45.14601727, -23.48707663], [-45.14540365, -23.48746291], [-45.14514329, -23.48760136], [-45.14485053, -23.48765763], [-45.14427755, -23.48759222], [-45.14371917, -23.48744912], [-45.14278262, -23.48716273], [-45.14224276, -23.4869365], [-45.14185668, -23.4867291], [-45.14149404, -23.48645934], [-45.14132442, -23.48627523], [-45.14017802, -23.48478674], [-45.14001236, -23.48464146], [-45.13979872, -23.48449983], [-45.13973986, -23.48441046], [-45.13977496, -23.48426319], [-45.14038377, -23.48395101], [-45.14052857, -23.48382261], [-45.14065274, -23.48363101], [-45.14071228, -23.48344397], [-45.14072272, -23.48313594], [-45.14067357, -23.48295713], [-45.14057839, -23.48278108], [-45.14048017, -23.48251108], [-45.14047912, -23.48243972], [-45.14054257, -23.48225178], [-45.14155905, -23.4812988], [-45.14168325, -23.4811388], [-45.1418367, -23.48086045], [-45.14182957, -23.48061025], [-45.14179021, -23.48043233], [-45.1416036, -23.47991853], [-45.14151331, -23.47973615], [-45.14106248, -23.47847015], [-45.14097419, -23.47832931], [-45.14081736, -23.47819306], [-45.14062828, -23.47811284], [-45.14044315, -23.47807055], [-45.14007099, -23.47802753], [-45.13949816, -23.47807049], [-45.13913676, -23.47802204], [-45.13898492, -23.47796798], [-45.13869851, -23.47753104], [-45.1385809, -23.47743269], [-45.13836438, -23.47733081], [-45.1377856, -23.47729429], [-45.13742133, -23.47730906], [-45.1372402, -23.47734445], [-45.13660394, -23.47759793], [-45.13640824, -23.47774895], [-45.13631726, -23.47783394], [-45.13619195, -23.47786927], [-45.13605969, -23.47781519], [-45.13567522, -23.47722749], [-45.13555367, -23.47710565], [-45.13544479, -23.47693231], [-45.13538978, -23.47675983], [-45.13533556, -23.47641301], [-45.13531252, -23.47589997], [-45.13527004, -23.47553778], [-45.13512066, -23.47501581], [-45.13492737, -23.47463931], [-45.13492721, -23.47448033], [-45.13501426, -23.4743836], [-45.1351288, -23.47435098], [-45.13574253, -23.47410656], [-45.13619461, -23.47378731], [-45.13677861, -23.47319514], [-45.13696535, -23.47291676], [-45.1370502, -23.47258609], [-45.1369275, -23.47229262], [-45.13679025, -23.4721437], [-45.13641502, -23.47196337], [-45.13585861, -23.47175068], [-45.13545171, -23.47124248], [-45.13529295, -23.47111706], [-45.13492561, -23.47098731], [-45.13457777, -23.47077353], [-45.13439655, -23.47070233], [-45.13385198, -23.47058175], [-45.13365889, -23.47039042], [-45.13354903, -23.47020353], [-45.13339691, -23.46986312], [-45.13337421, -23.46969333], [-45.13345106, -23.4691829], [-45.13345088, -23.46900134], [-45.13339881, -23.46883699], [-45.13330268, -23.46866544], [-45.13297637, -23.46842816], [-45.13283225, -23.46825123], [-45.13257617, -23.46773658], [-45.13232613, -23.46739083], [-45.13223686, -23.46722831], [-45.13210431, -23.46686711], [-45.13189502, -23.46614285], [-45.13165755, -23.46562456], [-45.13139857, -23.46514423], [-45.13112314, -23.46485721], [-45.1306, -23.46459479], [-45.13041971, -23.46446035], [-45.13028735, -23.46428703], [-45.12960859, -23.4630808], [-45.12937324, -23.46272058], [-45.12920957, -23.46257077], [-45.12884223, -23.46240939], [-45.1286218, -23.46228491], [-45.12848065, -23.46212786], [-45.12821783, -23.46170172], [-45.12815197, -23.46143801], [-45.1281518, -23.46126007], [-45.12818004, -23.46110106], [-45.12825428, -23.46091312], [-45.12835301, -23.46074502], [-45.12882436, -23.46013401], [-45.1289181, -23.45987108], [-45.12900197, -23.45952324], [-45.12925038, -23.45922224], [-45.1295411, -23.45914793], [-45.12973203, -23.45914054], [-45.13048212, -23.45922573], [-45.13057415, -23.45921301], [-45.1306456, -23.45918856], [-45.13067981, -23.45913162], [-45.13061015, -23.45898625], [-45.13049251, -23.4588355], [-45.13003685, -23.4584565], [-45.12985759, -23.45837445], [-45.1296724, -23.45824362], [-45.12951743, -23.45796734], [-45.12946824, -23.4577244], [-45.12943737, -23.457196], [-45.12945957, -23.45686447], [-45.12951309, -23.45652208], [-45.12979486, -23.45530692], [-45.12986518, -23.45513072], [-45.12995904, -23.45499424], [-45.1301617, -23.4549724], [-45.13073569, -23.45521761], [-45.13119713, -23.45550537], [-45.13187399, -23.45580921], [-45.13224027, -23.45590646], [-45.13262121, -23.45597208], [-45.13309313, -23.45596535], [-45.13338768, -23.45581064], [-45.13391202, -23.45535312], [-45.13419086, -23.45514874], [-45.1346529, -23.45506072], [-45.13521574, -23.45491661], [-45.13577764, -23.45481495], [-45.13615054, -23.45468546], [-45.13652532, -23.4544837], [-45.13671034, -23.4544474], [-45.13682686, -23.45445453], [-45.13710902, -23.45463945], [-45.13724331, -23.45478748], [-45.1374983, -23.45519735], [-45.13754733, -23.45526776], [-45.13760436, -23.45549624], [-45.13763524, -23.45600567], [-45.13767655, -23.45619171], [-45.13777465, -23.45637228], [-45.13791382, -23.45650675], [-45.13799899, -23.45649403], [-45.13804984, -23.45643256], [-45.13807619, -23.45634853], [-45.13808962, -23.45608386], [-45.13807378, -23.45591405], [-45.13795575, -23.45539476], [-45.13793287, -23.45505153], [-45.13808721, -23.45470724], [-45.1382632, -23.45447223], [-45.13858793, -23.45414947], [-45.13869143, -23.45387839], [-45.13878329, -23.45371662], [-45.13894861, -23.45357646], [-45.13906199, -23.45339389], [-45.13912742, -23.45322673], [-45.13913435, -23.45236769], [-45.13925151, -23.45205775], [-45.1397885, -23.45155775], [-45.14006133, -23.45124407], [-45.14028908, -23.45088797], [-45.14055319, -23.45066642], [-45.14099472, -23.45064163], [-45.14119845, -23.45071642], [-45.14148756, -23.45098896], [-45.14164629, -23.45110263], [-45.14183924, -23.4511711], [-45.14224364, -23.45121138], [-45.14317574, -23.4512313], [-45.14355761, -23.45126076], [-45.14393268, -23.45134623], [-45.14430095, -23.45147325], [-45.14467024, -23.45163641], [-45.14555714, -23.45240248], [-45.14631365, -23.45300427], [-45.14702025, -23.45361965], [-45.14781123, -23.45439121], [-45.14826907, -23.45492824], [-45.14844935, -23.45504278], [-45.14862077, -23.45511127], [-45.14899194, -23.45519944], [-45.14917121, -23.45527785], [-45.14939851, -23.45541403], [-45.14955729, -23.45556022], [-45.14978195, -23.45595745], [-45.1497694, -23.45611192], [-45.14955722, -23.45636956], [-45.14934795, -23.45659468], [-45.14934023, -23.45670309], [-45.14938454, -23.45691983], [-45.14951879, -23.45702268], [-45.14990476, -23.45720207], [-45.15011239, -23.45724703], [-45.15067054, -23.45729617], [-45.15142539, -23.45726021], [-45.152932, -23.45704195], [-45.15330109, -23.45701359], [-45.15348913, -23.45705586], [-45.15363608, -23.45712527], [-45.15387826, -23.4574177], [-45.15394504, -23.45759016], [-45.15395307, -23.45776539], [-45.1538536, -23.45810693], [-45.15372752, -23.45830397], [-45.15340379, -23.45861683], [-45.15295672, -23.45895239], [-45.15280917, -23.45921539], [-45.15277511, -23.45939157], [-45.15277543, -23.4596743], [-45.15294612, -23.45995415], [-45.15319417, -23.46024025], [-45.15353712, -23.46045219], [-45.15381617, -23.46045643], [-45.15398358, -23.46043097], [-45.15419206, -23.46036392], [-45.15441603, -23.46015233], [-45.15453625, -23.45996613], [-45.15480589, -23.45945189], [-45.15504049, -23.45911293], [-45.15541427, -23.45890931], [-45.15560686, -23.45864897], [-45.15587626, -23.4579342], [-45.15595736, -23.45779501], [-45.15604342, -23.45770641], [-45.15629393, -23.45758692], [-45.1567374, -23.45752957], [-45.15748843, -23.45757217], [-45.15821682, -23.45751001], [-45.15867198, -23.45740206], [-45.15889117, -23.45728982], [-45.15898895, -23.45717862], [-45.15907487, -23.4569771], [-45.1590805, -23.45677385], [-45.15905685, -23.45664471], [-45.15875059, -23.45599555], [-45.15871812, -23.45586551], [-45.15863279, -23.45573643], [-45.15837466, -23.4552173], [-45.15827336, -23.4548335], [-45.15821412, -23.45442347], [-45.15811283, -23.45404509], [-45.15796563, -23.45376161], [-45.15742637, -23.45311991], [-45.15734394, -23.45296463], [-45.15737315, -23.4528291], [-45.15741811, -23.45276312], [-45.15770783, -23.45268876], [-45.15858013, -23.45263819], [-45.15889935, -23.45267129], [-45.15925288, -23.45273687], [-45.16041952, -23.45320358], [-45.16074466, -23.45327009], [-45.16125774, -23.45330569], [-45.16157999, -23.45341465], [-45.16184355, -23.45356433], [-45.16206127, -23.45386038], [-45.16205683, -23.45423254], [-45.16215197, -23.45437426], [-45.16227743, -23.45448162], [-45.16241361, -23.45455736], [-45.16293261, -23.45461643], [-45.16310597, -23.45466774], [-45.16370853, -23.45500855], [-45.16399075, -23.45520246], [-45.16433872, -23.45552096], [-45.16451227, -23.45571498], [-45.1650155, -23.45648406], [-45.16525617, -23.4571143], [-45.16525637, -23.45728141], [-45.165198, -23.45758226], [-45.1650739, -23.4577766], [-45.16496628, -23.45784627], [-45.16448482, -23.45806266], [-45.16433822, -23.45828051], [-45.16433638, -23.45837717], [-45.16448359, -23.45865071], [-45.16462091, -23.45884206], [-45.16507785, -23.45937904], [-45.16562021, -23.460102], [-45.16571836, -23.4602952], [-45.1659335, -23.46086314], [-45.16596005, -23.46095434], [-45.16600523, -23.4610663], [-45.16599086, -23.46132104], [-45.16592348, -23.46146474], [-45.16578273, -23.46165729], [-45.16561939, -23.4618047], [-45.16546967, -23.46187441], [-45.16500764, -23.46198059], [-45.16454859, -23.46211656], [-45.1642844, -23.46226408], [-45.16422398, -23.46249538], [-45.16423202, -23.46265978], [-45.16441198, -23.46328828], [-45.16443568, -23.46344362], [-45.16442079, -23.46407774], [-45.16451463, -23.46473885], [-45.16444665, -23.46519237], [-45.16432745, -23.46539935], [-45.16394905, -23.46583514], [-45.16394524, -23.46592366], [-45.16398644, -23.46598504], [-45.16408437, -23.46599397], [-45.16420967, -23.46596674], [-45.16452969, -23.46582369], [-45.16494736, -23.46546916], [-45.16513133, -23.46537863], [-45.16529088, -23.46533872], [-45.16546614, -23.46532408], [-45.16563457, -23.46533835], [-45.16597933, -23.46541025], [-45.16631617, -23.46541712], [-45.16649627, -23.46535731], [-45.16665772, -23.465265], [-45.16674083, -23.46517458], [-45.16678266, -23.46495865], [-45.16676097, -23.46483763], [-45.1663177, -23.46428981], [-45.16613321, -23.46396482], [-45.16615739, -23.46372633], [-45.16622678, -23.46362057], [-45.16636369, -23.46348403], [-45.16652318, -23.46339714], [-45.16686769, -23.46327393], [-45.1673423, -23.46305121], [-45.1674977, -23.46282251], [-45.16752201, -23.4626897], [-45.16749733, -23.46253075], [-45.1674168, -23.46234204], [-45.16732165, -23.46219943], [-45.16731165, -23.46203323], [-45.1673506, -23.46186699], [-45.16750117, -23.46169159], [-45.16768999, -23.46157215], [-45.16831043, -23.4613032], [-45.16844935, -23.46120821], [-45.16853634, -23.46108978], [-45.1686243, -23.4609569], [-45.16885219, -23.46076787], [-45.16900581, -23.46068279], [-45.16933176, -23.46060295], [-45.16950899, -23.46060276], [-45.16967547, -23.46063058], [-45.16998799, -23.46076664], [-45.17016539, -23.46089923], [-45.1706644, -23.46138826], [-45.17119078, -23.46183662], [-45.17178846, -23.46214941], [-45.17214819, -23.46244348], [-45.17241104, -23.46277922], [-45.17283898, -23.46356822], [-45.17311201, -23.46420564], [-45.17315027, -23.4642607], [-45.17337876, -23.46452511], [-45.17356692, -23.46464232], [-45.17366776, -23.46463679], [-45.17383998, -23.46455079], [-45.17397389, -23.46436817], [-45.17405786, -23.46418291], [-45.17408988, -23.46396427], [-45.17408058, -23.46359123], [-45.17393624, -23.46328246], [-45.17350947, -23.46264431], [-45.17333183, -23.46232926], [-45.17284179, -23.46121334], [-45.17264751, -23.46089921], [-45.1719462, -23.45995243], [-45.17181957, -23.45971049], [-45.17184083, -23.45948916], [-45.1720532, -23.45941034], [-45.17239488, -23.45938106], [-45.17255538, -23.45932849], [-45.17276179, -23.45918012], [-45.17305315, -23.45886094], [-45.17317252, -23.45879577], [-45.17332529, -23.45881366], [-45.17379696, -23.45935782], [-45.17392438, -23.45945975], [-45.17426137, -23.45958764], [-45.1747716, -23.45966566], [-45.17536633, -23.45996759], [-45.17571305, -23.4600476], [-45.17651345, -23.46038723], [-45.17700512, -23.46049688], [-45.1775398, -23.46054956], [-45.17766226, -23.4605982], [-45.17777104, -23.46067486], [-45.17790154, -23.46087885], [-45.17784924, -23.46130436], [-45.17796103, -23.4614325], [-45.17817844, -23.46145755], [-45.17870422, -23.4614434], [-45.17899214, -23.461481], [-45.17917246, -23.46160364], [-45.17967632, -23.46203213], [-45.18010652, -23.46229087], [-45.18027893, -23.46234939], [-45.18045032, -23.4623781], [-45.18077343, -23.46236959], [-45.18086927, -23.46228186], [-45.18101388, -23.4620631], [-45.1810363, -23.46199081], [-45.18120648, -23.46184428], [-45.18137098, -23.46184951], [-45.18151305, -23.46192161], [-45.18177673, -23.46212725], [-45.18235232, -23.46273449], [-45.18269474, -23.46323632], [-45.18272326, -23.46332932], [-45.18272945, -23.46356237], [-45.18260562, -23.46394189], [-45.18260474, -23.46401325], [-45.18276986, -23.46446109], [-45.18272217, -23.46467161], [-45.18265473, -23.46476112], [-45.1825941, -23.46482081], [-45.18255996, -23.46491118], [-45.18256006, -23.46498434], [-45.18284957, -23.46546004], [-45.18288895, -23.46561897], [-45.18289896, -23.46577432], [-45.18286192, -23.46589721], [-45.18269854, -23.46600219], [-45.18247541, -23.46609097], [-45.18238259, -23.4662356], [-45.18238471, -23.46635213], [-45.18247793, -23.46649654], [-45.18277795, -23.46678073], [-45.1830076, -23.46715803], [-45.1830116, -23.46721945], [-45.18317737, -23.46743153], [-45.18336557, -23.46757222], [-45.18383298, -23.46781466], [-45.18414965, -23.46809882], [-45.18454488, -23.46853554], [-45.18471255, -23.46870336], [-45.18487815, -23.46878265], [-45.18507304, -23.46880771], [-45.18524437, -23.46878493], [-45.18542058, -23.46875491], [-45.18555858, -23.46870416], [-45.18566515, -23.46859203], [-45.18585564, -23.46826661], [-45.18590245, -23.46812565], [-45.18591668, -23.46780406], [-45.18573648, -23.46638521], [-45.18578087, -23.46591815], [-45.18582176, -23.46574558], [-45.18584072, -23.46530475], [-45.18593633, -23.46504991], [-45.18621128, -23.46491138], [-45.18655492, -23.46488206], [-45.18689876, -23.46498914], [-45.18706827, -23.46506662], [-45.18737018, -23.46529569], [-45.18756637, -23.46555199], [-45.18785152, -23.46569979], [-45.1884021, -23.46589604], [-45.18921219, -23.46611817], [-45.18944344, -23.46623351], [-45.1901876, -23.46621815], [-45.19054975, -23.46612196], [-45.19070632, -23.4660486], [-45.19100561, -23.4658188], [-45.1912288, -23.46577066], [-45.1913522, -23.46579128], [-45.19143357, -23.46585802], [-45.19148173, -23.46598442], [-45.19148899, -23.46626715], [-45.19145932, -23.4667387], [-45.19148396, -23.46685068], [-45.19173884, -23.46705451], [-45.19190538, -23.4671103], [-45.19285013, -23.46699352], [-45.19327236, -23.4671303], [-45.19348778, -23.46713003], [-45.19364734, -23.46709912], [-45.19411707, -23.46691065], [-45.19479726, -23.46667495], [-45.19497251, -23.46666028], [-45.19531039, -23.46670231], [-45.19542797, -23.46675907], [-45.19576129, -23.46702873], [-45.1959977, -23.46731659], [-45.19638789, -23.46763315], [-45.19665739, -23.46778818], [-45.1969536, -23.46811931], [-45.1971752, -23.46832136], [-45.19730359, -23.4684034], [-45.19807171, -23.46869148], [-45.19819323, -23.46875456], [-45.19831486, -23.46890073], [-45.19831019, -23.46904888], [-45.19822717, -23.4691917], [-45.19781956, -23.46967096], [-45.19772681, -23.46985897], [-45.19772704, -23.47000891], [-45.19778697, -23.47014252], [-45.19796445, -23.47030941], [-45.19818684, -23.47037868], [-45.19880877, -23.47047002], [-45.19942097, -23.47059841], [-45.20016478, -23.47098587], [-45.20088934, -23.47159466], [-45.20153459, -23.47220354], [-45.20204831, -23.47260304], [-45.20313584, -23.47363137], [-45.2033633, -23.47381173], [-45.20375728, -23.4740253], [-45.20413472, -23.47430753], [-45.20467776, -23.47466091], [-45.20501189, -23.47479506], [-45.20570882, -23.47460897], [-45.20586354, -23.47460876], [-45.20600476, -23.47474046], [-45.206005, -23.47489943], [-45.20594175, -23.47515786], [-45.20574528, -23.47538936], [-45.20535698, -23.47568525], [-45.20531207, -23.47577473], [-45.20532986, -23.47587949], [-45.20544454, -23.47594889], [-45.20561691, -23.47596312], [-45.20593994, -23.47588591], [-45.20609861, -23.47590557], [-45.20638961, -23.47600636], [-45.20672496, -23.47629316], [-45.20699056, -23.47643643], [-45.20714923, -23.4764588], [-45.20758978, -23.47638143], [-45.20775341, -23.47644625], [-45.20804851, -23.47666807], [-45.20827224, -23.47696043], [-45.20849485, -23.47715796], [-45.20869711, -23.47750093], [-45.20868437, -23.47811519], [-45.20878714, -23.47870309], [-45.20879438, -23.47895239], [-45.20869485, -23.47917382], [-45.2085708, -23.47937633], [-45.20812307, -23.47987193], [-45.20790715, -23.48019198], [-45.20784651, -23.48023903], [-45.2077545, -23.48026625], [-45.20757529, -23.48026649], [-45.20740289, -23.48023781], [-45.2071697, -23.48015954], [-45.20688965, -23.48017436], [-45.20651969, -23.48030583], [-45.20617039, -23.48050682], [-45.20550786, -23.48079313], [-45.2050882, -23.48108274], [-45.20470112, -23.48154934], [-45.20418321, -23.48227265], [-45.20416566, -23.48232506], [-45.20398181, -23.4824888], [-45.20365404, -23.48268253], [-45.20349745, -23.48274777], [-45.20318715, -23.48283309], [-45.20191826, -23.48301991], [-45.2016148, -23.48310069], [-45.20138675, -23.48319041], [-45.20100517, -23.48341673], [-45.20066849, -23.48355085], [-45.2001525, -23.48361745], [-45.19978158, -23.48377329], [-45.19924243, -23.48407207], [-45.1990956, -23.48412194], [-45.19842596, -23.48425648], [-45.19789125, -23.48425354], [-45.19738475, -23.48412411], [-45.19691558, -23.4840678], [-45.19600014, -23.48421167], [-45.19292174, -23.48459128], [-45.19246248, -23.48462165], [-45.19215301, -23.48461481], [-45.19183658, -23.48453571], [-45.1915416, -23.48439426], [-45.19140826, -23.48428512], [-45.19112677, -23.48398919], [-45.19107869, -23.48392421], [-45.19102369, -23.48381679], [-45.19095866, -23.48353866], [-45.19092665, -23.48307802], [-45.19093509, -23.48281696], [-45.190972, -23.48260193], [-45.19097996, -23.48200937], [-45.1908914, -23.48171862], [-45.19076278, -23.48148753], [-45.19061177, -23.48134771], [-45.19049031, -23.48132437], [-45.19037771, -23.48134257], [-45.19006837, -23.48142154], [-45.1899166, -23.48143617], [-45.18975788, -23.48138127], [-45.18906886, -23.48097924], [-45.18896212, -23.48097485], [-45.18885541, -23.48099756], [-45.18865892, -23.4812453], [-45.18855325, -23.48131137], [-45.18835642, -23.48131703], [-45.18819097, -23.48135246], [-45.18813518, -23.4813733], [-45.18810391, -23.48142121], [-45.18808835, -23.4814971], [-45.18807868, -23.48158383], [-45.18821329, -23.48189892], [-45.18859802, -23.48249281], [-45.18871398, -23.48277631], [-45.18878593, -23.4830996], [-45.18878633, -23.48338232], [-45.18872114, -23.48367868], [-45.18861761, -23.48387482], [-45.18841325, -23.48409637], [-45.18820092, -23.48422309], [-45.18783882, -23.48439334], [-45.18675239, -23.48482371], [-45.18630208, -23.48495252], [-45.18534452, -23.48510541], [-45.18461028, -23.48527971], [-45.1839818, -23.48545569], [-45.18321248, -23.48576191], [-45.18282609, -23.48608574], [-45.1826803, -23.48617714], [-45.18221248, -23.48639719], [-45.18171648, -23.48677444], [-45.18132134, -23.48714344], [-45.18088975, -23.48736434], [-45.18073507, -23.48740427], [-45.17989876, -23.48743324], [-45.17947087, -23.48749244], [-45.17902257, -23.48766729], [-45.17858517, -23.48793607], [-45.17776341, -23.48859551], [-45.17752381, -23.48885231], [-45.17724625, -23.48928079], [-45.17712712, -23.48954649], [-45.17703483, -23.49010302], [-45.17709827, -23.49067653], [-45.17706752, -23.49111556], [-45.17701308, -23.49141552], [-45.17702912, -23.49169281], [-45.17713917, -23.49196638], [-45.17724029, -23.49214873], [-45.17753846, -23.49247809], [-45.17765412, -23.4925448], [-45.17807642, -23.49268975], [-45.17842436, -23.49288536], [-45.17896429, -23.49310514], [-45.17923187, -23.49326111], [-45.17937612, -23.49346418], [-45.17940856, -23.49355718], [-45.1793399, -23.49420311], [-45.17937962, -23.49460412], [-45.17959089, -23.49512236], [-45.17991007, -23.49576604], [-45.18020645, -23.49620831], [-45.1803673, -23.49638336], [-45.18059954, -23.49647161], [-45.18137641, -23.49662065], [-45.18184561, -23.49666346], [-45.18227849, -23.49665212], [-45.18268374, -23.49649267], [-45.18296753, -23.49632432], [-45.18310849, -23.49626635], [-45.183227, -23.49627343], [-45.18327995, -23.49631763], [-45.18333106, -23.49644855], [-45.18337044, -23.49659212], [-45.18340139, -23.49701573], [-45.18337162, -23.49744302], [-45.18343391, -23.49787291], [-45.18351356, -23.49809864], [-45.18365195, -23.49831075], [-45.18392558, -23.49857779], [-45.18415201, -23.49871483], [-45.18442066, -23.49892046], [-45.18473809, -23.49898783], [-45.18522975, -23.49898815], [-45.18538444, -23.4989437], [-45.18571624, -23.49878072], [-45.18604503, -23.49857347], [-45.18633081, -23.4984277], [-45.18685028, -23.49800073], [-45.18708388, -23.4976563], [-45.18735147, -23.49711581], [-45.18744396, -23.49672638], [-45.18752318, -23.49595579], [-45.18760823, -23.49584187], [-45.18771196, -23.49578393], [-45.18801545, -23.49569143], [-45.18817202, -23.49560092], [-45.18885197, -23.49508883], [-45.18910726, -23.49485909], [-45.1893067, -23.49460502], [-45.18943758, -23.49435646], [-45.18952712, -23.49395981], [-45.1895179, -23.4936798], [-45.18943296, -23.49318129], [-45.18925692, -23.49266934], [-45.1891253, -23.49239671], [-45.18893981, -23.49212776], [-45.18884566, -23.49203303], [-45.18854481, -23.49190241], [-45.1881314, -23.49182433], [-45.18785524, -23.49183731], [-45.18770937, -23.49187361], [-45.1875332, -23.49195783], [-45.18713504, -23.49227627], [-45.1867945, -23.49247359], [-45.18659666, -23.49246751], [-45.18579131, -23.49224626], [-45.18570211, -23.49219398], [-45.18564023, -23.49206669], [-45.18564897, -23.49201157], [-45.18575453, -23.49185789], [-45.18588655, -23.49172134], [-45.18686676, -23.49092979], [-45.18715237, -23.49067201], [-45.18747994, -23.49031211], [-45.18759523, -23.49011505], [-45.18759803, -23.4900193], [-45.18754195, -23.48983871], [-45.18717575, -23.48919692], [-45.18717546, -23.48899548], [-45.18724561, -23.48873796], [-45.18736876, -23.48855987], [-45.187625, -23.48831386], [-45.1879009, -23.48811752], [-45.18818284, -23.48804492], [-45.18860191, -23.48797937], [-45.18879376, -23.48790959], [-45.18919977, -23.48762275], [-45.18948632, -23.48734058], [-45.19010977, -23.48639318], [-45.19023884, -23.48625211], [-45.19036407, -23.48616343], [-45.19052565, -23.48615962], [-45.19081666, -23.48626134], [-45.19096566, -23.48636323], [-45.19137969, -23.48688843], [-45.19150346, -23.48714662], [-45.1915027, -23.48729385], [-45.19139571, -23.48780976], [-45.19149586, -23.48798759], [-45.19185164, -23.48817503], [-45.1927933, -23.48853519], [-45.19307663, -23.48874078], [-45.19320229, -23.48894477], [-45.19319666, -23.48911821], [-45.19316454, -23.48925194], [-45.19302096, -23.48951678], [-45.19297123, -23.48966769], [-45.19298128, -23.48983839], [-45.19303137, -23.4899404], [-45.19324521, -23.49017319], [-45.19358342, -23.49039769], [-45.19438512, -23.49080136], [-45.194585, -23.49085892], [-45.19547445, -23.4909933], [-45.19625328, -23.49114949], [-45.19653545, -23.49122863], [-45.19658841, -23.49127734], [-45.19664635, -23.49138656], [-45.19659373, -23.49156367], [-45.19655171, -23.49162696], [-45.19623277, -23.49185408], [-45.19588438, -23.49202885], [-45.19558505, -23.49227221], [-45.19554715, -23.49247189], [-45.19554777, -23.49289372], [-45.19553901, -23.49292806], [-45.1954989, -23.49295972], [-45.19533351, -23.49304845], [-45.19501628, -23.49310666], [-45.19489101, -23.49316824], [-45.19484443, -23.49346277], [-45.19512783, -23.49437112], [-45.19516657, -23.49473961], [-45.19514504, -23.49541259], [-45.19519144, -23.49566364], [-45.19527801, -23.49592368], [-45.19545878, -23.49630735], [-45.19578712, -23.49646682], [-45.19588421, -23.49655522], [-45.19608853, -23.49696234], [-45.19615818, -23.49704265], [-45.1963473, -23.49710473], [-45.19665296, -23.49715945], [-45.19683037, -23.49725317], [-45.1970461, -23.49742904], [-45.1972019, -23.49748033], [-45.19761332, -23.49752226], [-45.19793942, -23.49749475], [-45.19804815, -23.49750996], [-45.198108, -23.49757583], [-45.1982995, -23.49792245], [-45.19849355, -23.49800711], [-45.1991891, -23.49812003], [-45.19933414, -23.49817224], [-45.1994802, -23.49825786], [-45.19957343, -23.4983842], [-45.19999551, -23.49965187], [-45.19999201, -23.49992738], [-45.199865, -23.50030198], [-45.19971394, -23.50068176], [-45.19961319, -23.50090831], [-45.19951241, -23.50128225], [-45.19930067, -23.50180913], [-45.19923053, -23.50206395], [-45.19924465, -23.5023304], [-45.19930846, -23.50242968], [-45.19940453, -23.50248737], [-45.1995015, -23.50248724], [-45.20000851, -23.50226529], [-45.20043156, -23.50221416], [-45.20087328, -23.5022145], [-45.20114271, -23.50226925], [-45.20128778, -23.50233952], [-45.20152606, -23.50251987], [-45.20199901, -23.503082], [-45.20222547, -23.5032181], [-45.20256354, -23.50332425], [-45.20266059, -23.50337832], [-45.20269887, -23.50342976], [-45.20269504, -23.50348757], [-45.20255977, -23.50406133], [-45.20256822, -23.50445967], [-45.20260581, -23.50470802], [-45.20275042, -23.50511612], [-45.20293687, -23.50534531], [-45.20320262, -23.50554911], [-45.20349573, -23.50571222], [-45.20377602, -23.50581844], [-45.2043698, -23.50596399], [-45.20477557, -23.50613508], [-45.20516674, -23.50637033], [-45.20522755, -23.50642173], [-45.20526489, -23.50649846], [-45.2052454, -23.50656443], [-45.20517496, -23.50661601], [-45.20501442, -23.50668035], [-45.20491661, -23.50676358], [-45.20484824, -23.50689013], [-45.20483114, -23.50723431], [-45.20479106, -23.50728765], [-45.204224, -23.50732453], [-45.2038373, -23.5074524], [-45.20325594, -23.50774853], [-45.20296442, -23.50798467], [-45.20283837, -23.50818356], [-45.20287107, -23.50843192], [-45.20296331, -23.50853929], [-45.2030829, -23.50859604], [-45.20327293, -23.50860211], [-45.20405038, -23.50843218], [-45.20421692, -23.50845184], [-45.2042886, -23.50856285], [-45.20436241, -23.50879218], [-45.20448011, -23.508895], [-45.20464281, -23.50896073], [-45.2048211, -23.50897856], [-45.20495539, -23.50903981], [-45.20495852, -23.50916265], [-45.20488946, -23.50947889], [-45.20490562, -23.5097914], [-45.20498619, -23.50995569], [-45.20521686, -23.51026702], [-45.20531909, -23.51050084], [-45.20528633, -23.51085678], [-45.20520547, -23.51113509], [-45.20512719, -23.51118668], [-45.20475191, -23.51110407], [-45.20464713, -23.51112679], [-45.20451798, -23.5112182], [-45.20415327, -23.51163599], [-45.20408307, -23.51185106], [-45.20407654, -23.51205792], [-45.20400422, -23.51216641], [-45.20352167, -23.51239377], [-45.20320471, -23.51265704], [-45.20300167, -23.51311707], [-45.20299429, -23.51341517], [-45.2030483, -23.51350181], [-45.2032081, -23.51359012], [-45.20336089, -23.5135836], [-45.20433815, -23.51338089], [-45.20482301, -23.51337574], [-45.20500422, -23.51338002], [-45.20508165, -23.51340882], [-45.20515129, -23.51346654], [-45.20524944, -23.51359738], [-45.20536416, -23.5136704], [-45.20599709, -23.51376892], [-45.20617944, -23.51387256], [-45.20665311, -23.51422602], [-45.20716179, -23.51441955], [-45.20725701, -23.5145513], [-45.20722722, -23.51492169], [-45.20729332, -23.51522058], [-45.20755437, -23.51553909], [-45.2076638, -23.51598517], [-45.20766603, -23.51615679], [-45.2077438, -23.51640057], [-45.20803726, -23.51676511], [-45.20827756, -23.51696351], [-45.20855797, -23.51712663], [-45.208901, -23.51724811], [-45.20938797, -23.51733146], [-45.20958682, -23.5173321], [-45.21009801, -23.5172465], [-45.21043286, -23.51714759], [-45.21083225, -23.51697452], [-45.21094, -23.51697438], [-45.21109994, -23.5171503], [-45.21136518, -23.51762416], [-45.21158216, -23.51793369], [-45.21184311, -23.51817813], [-45.21186866, -23.51822868], [-45.21185896, -23.51829102], [-45.2118189, -23.5183552], [-45.2117064, -23.51844839], [-45.21163903, -23.51858579], [-45.21165123, -23.51886398], [-45.2117524, -23.51903275], [-45.21197218, -23.51925737], [-45.21235363, -23.51950616], [-45.21268125, -23.51977941], [-45.21271955, -23.51983987], [-45.21291467, -23.51995703], [-45.21307834, -23.52000739], [-45.21324585, -23.52000716], [-45.21346416, -23.51992286], [-45.21371469, -23.51977257], [-45.21377249, -23.51977611], [-45.21396664, -23.51989868], [-45.2141943, -23.52014858], [-45.21435023, -23.52025315], [-45.21467564, -23.52037103], [-45.21519002, -23.52043535], [-45.21605593, -23.52041338], [-45.21666145, -23.52050196], [-45.2175649, -23.52066962], [-45.21817548, -23.52085213], [-45.21892019, -23.52099109], [-45.21937178, -23.52099136], [-45.21949331, -23.52103093], [-45.2196004, -23.52122408], [-45.21967441, -23.52154645], [-45.21985935, -23.52201409], [-45.22008334, -23.52240489], [-45.22033456, -23.5226683], [-45.22081421, -23.52304699], [-45.22099159, -23.523091], [-45.22117864, -23.52306093], [-45.22127945, -23.52300659], [-45.22146807, -23.52274437], [-45.22157902, -23.52230973], [-45.22180026, -23.52222541], [-45.22213911, -23.52217073], [-45.22234173, -23.5220765], [-45.22254718, -23.52192085], [-45.22281508, -23.52162148], [-45.22288928, -23.52146962], [-45.22296128, -23.52118137], [-45.22310022, -23.52108813], [-45.22340787, -23.52112563], [-45.22361059, -23.52109282], [-45.22378875, -23.5210194], [-45.22386708, -23.52099761], [-45.22396115, -23.52101102], [-45.22406213, -23.52106236], [-45.22408675, -23.52114091], [-45.2243638, -23.52161654], [-45.22477196, -23.52199894], [-45.22516564, -23.52251054], [-45.22528527, -23.52258262], [-45.22547921, -23.5225697], [-45.22570718, -23.52240858], [-45.22603575, -23.52207028], [-45.22650146, -23.52173358], [-45.22701535, -23.52150972], [-45.2273627, -23.52127527], [-45.22824875, -23.52043211], [-45.22840809, -23.52024129], [-45.22862691, -23.51988598], [-45.22875661, -23.51954977], [-45.22880784, -23.51915225], [-45.22868993, -23.51781195], [-45.22844033, -23.51678168], [-45.22848912, -23.5166714], [-45.22872121, -23.51663764], [-45.22955203, -23.51672855], [-45.23025379, -23.51696508], [-45.23037428, -23.51696761], [-45.23049863, -23.51693581], [-45.23059161, -23.51689142], [-45.2306445, -23.51688953], [-45.23073177, -23.51694089], [-45.2310306, -23.51753842], [-45.23119359, -23.51775677], [-45.23135738, -23.51787757], [-45.23143876, -23.51792171], [-45.23150734, -23.51792612], [-45.2315984, -23.5179016], [-45.23169918, -23.51783731], [-45.23177541, -23.51773874], [-45.23216545, -23.51727839], [-45.23240022, -23.51709467], [-45.23261359, -23.51699951], [-45.23268411, -23.51699399], [-45.23273801, -23.51700836], [-45.23279489, -23.51704531], [-45.2328205, -23.51712747], [-45.23282981, -23.51740657], [-45.23289083, -23.51757358], [-45.23339564, -23.51831894], [-45.23362711, -23.51904212], [-45.2337872, -23.51927763], [-45.23402061, -23.51943536], [-45.23467253, -23.5197162], [-45.23501225, -23.52016281], [-45.23546029, -23.5203726], [-45.2358919, -23.52070977], [-45.23626042, -23.52082032], [-45.23647025, -23.5209302], [-45.23662135, -23.52106907], [-45.23690117, -23.52142544], [-45.23715025, -23.52157501], [-45.23731393, -23.52162444], [-45.2375157, -23.52161239], [-45.23765169, -23.52151192], [-45.23779331, -23.52128137], [-45.23779809, -23.52121271], [-45.23802777, -23.5209224], [-45.23834585, -23.52076565], [-45.23860543, -23.52076164], [-45.23877987, -23.52080563], [-45.23933768, -23.52104144], [-45.23960608, -23.52103831], [-45.23974605, -23.52098119], [-45.24014612, -23.52066081], [-45.2402421, -23.52064892], [-45.24033032, -23.52068221], [-45.24057362, -23.52088326], [-45.24090649, -23.52131813], [-45.24104216, -23.521588], [-45.24136705, -23.52247723], [-45.2417196, -23.52295994], [-45.24177955, -23.52306372], [-45.24177395, -23.52321729], [-45.24166375, -23.52348573], [-45.24162677, -23.52362038], [-45.24166032, -23.52375491], [-45.24184473, -23.52389012], [-45.24221412, -23.5239329], [-45.24270237, -23.52415706], [-45.24286984, -23.52413151], [-45.24297355, -23.5240654], [-45.24302989, -23.52380427], [-45.24316739, -23.52346262], [-45.24319059, -23.52329276], [-45.24309587, -23.52239144], [-45.24310415, -23.52209786], [-45.24317964, -23.52160094], [-45.2431281, -23.52127403], [-45.24302976, -23.52106462], [-45.24270607, -23.52083298], [-45.24235309, -23.52065197], [-45.24175021, -23.52040812], [-45.24159323, -23.52027107], [-45.24148707, -23.5200698], [-45.24148778, -23.51992708], [-45.24170994, -23.51927638], [-45.2417359, -23.51900806], [-45.24149423, -23.51862545], [-45.24135949, -23.51833209], [-45.24138203, -23.51779822], [-45.24135715, -23.51758508], [-45.24120541, -23.51709935], [-45.24115297, -23.51680857], [-45.24110223, -23.5163814], [-45.24098337, -23.51619822], [-45.2407429, -23.51592941], [-45.24075956, -23.51539736], [-45.24064241, -23.51507416], [-45.24038775, -23.51454614], [-45.24029115, -23.51420936], [-45.24025307, -23.51373971], [-45.24025049, -23.51285902], [-45.23999282, -23.51174387], [-45.24000715, -23.51154603], [-45.24007859, -23.51150798], [-45.24035087, -23.51149762], [-45.24058479, -23.51139519], [-45.24075795, -23.51127569], [-45.24129581, -23.51133718], [-45.24153457, -23.51120493], [-45.24162525, -23.51097717], [-45.2416567, -23.51050018], [-45.24177994, -23.51040425], [-45.24191519, -23.51044739], [-45.24253045, -23.51105615], [-45.24359778, -23.51246812], [-45.24421274, -23.51290525], [-45.2445117, -23.5130204], [-45.24477709, -23.51298475], [-45.24505494, -23.51280727], [-45.24516797, -23.51248282], [-45.24531441, -23.51222244], [-45.24578262, -23.51169509], [-45.24646227, -23.51109514], [-45.24693181, -23.51076199], [-45.24716387, -23.51071917], [-45.24724918, -23.51076962], [-45.24727123, -23.51103605], [-45.24720328, -23.51136495], [-45.24699684, -23.51201835], [-45.24698899, -23.51253865], [-45.24692598, -23.51288832], [-45.24666668, -23.51356258], [-45.24631526, -23.51473831], [-45.24627767, -23.51506897], [-45.24632321, -23.51532542], [-45.24673219, -23.51559937], [-45.2469922, -23.51583111], [-45.24737557, -23.51603103], [-45.24750879, -23.51603352], [-45.24767815, -23.51597725], [-45.24777302, -23.51589851], [-45.24810137, -23.5154879], [-45.24872678, -23.5152105], [-45.24888623, -23.51509824], [-45.24911592, -23.51483141], [-45.24922163, -23.51479059], [-45.24931677, -23.51485547], [-45.24936998, -23.5150252], [-45.24936346, -23.51520135], [-45.24926423, -23.51556373], [-45.24905827, -23.51594795], [-45.24850806, -23.51662448], [-45.24836799, -23.51714951], [-45.24812093, -23.51755909], [-45.24807517, -23.5177073], [-45.24808224, -23.51782201], [-45.2482287, -23.51809186], [-45.24848843, -23.51817274], [-45.2488194, -23.51810988], [-45.24902886, -23.51801922], [-45.24938008, -23.51778742], [-45.24947612, -23.51780623], [-45.24958792, -23.51787561], [-45.2496179, -23.5181899], [-45.24976621, -23.51840103], [-45.25023014, -23.51871643], [-45.25074991, -23.51903445], [-45.25082257, -23.51912466], [-45.25082861, -23.51921498], [-45.25080426, -23.51928728], [-45.25071722, -23.51935878], [-45.25027763, -23.51948866], [-45.24970118, -23.51975876], [-45.24963868, -23.51986003], [-45.24976259, -23.52011727], [-45.25027739, -23.52039375], [-45.25059102, -23.52048357], [-45.25070078, -23.52050598], [-45.25076065, -23.52057001], [-45.25076185, -23.52068382], [-45.25065572, -23.52102543], [-45.25066974, -23.52118981], [-45.25096619, -23.5215118], [-45.25116776, -23.5224265], [-45.2512857, -23.52263226], [-45.25141724, -23.52277657], [-45.25174387, -23.52299915], [-45.251937, -23.52308013], [-45.25224474, -23.52315732], [-45.25267761, -23.52309971], [-45.25305454, -23.52298528], [-45.25318192, -23.52300133], [-45.25327115, -23.52304726], [-45.25333597, -23.52313838], [-45.25342251, -23.52382293], [-45.25352581, -23.5240558], [-45.25364857, -23.52421729], [-45.25383595, -23.52435699], [-45.25455246, -23.52457803], [-45.25490639, -23.52473101], [-45.25506627, -23.52483282], [-45.25540683, -23.52516647], [-45.25560637, -23.52551662], [-45.25569117, -23.52580011], [-45.25567405, -23.52607022], [-45.25561667, -23.52628258], [-45.25554052, -23.52642091], [-45.25528534, -23.52667966], [-45.25502294, -23.52674784], [-45.2548407, -23.52673549], [-45.25450933, -23.52660235], [-45.25427572, -23.52636156], [-45.25401833, -23.5259835], [-45.25394772, -23.52594116], [-45.25383017, -23.52594135], [-45.25370785, -23.52601201], [-45.25347289, -23.52659862], [-45.25294308, -23.52720107], [-45.25292375, -23.5273384], [-45.25297296, -23.52745574], [-45.25378239, -23.52759172], [-45.25449717, -23.52792116], [-45.25469028, -23.52798136], [-45.25505677, -23.52803947], [-45.2552625, -23.52804004], [-45.25563269, -23.52798252], [-45.25599103, -23.52787987], [-45.25656948, -23.52761335], [-45.25712626, -23.52729086], [-45.25731323, -23.52721919], [-45.2575542, -23.52721247], [-45.25763658, -23.52725931], [-45.25768472, -23.52733059], [-45.25773308, -23.52751297], [-45.2577187, -23.52767378], [-45.25747932, -23.52850248], [-45.25746403, -23.52870032], [-45.25755051, -23.52883928], [-45.2578142, -23.52892556], [-45.25810608, -23.52889708], [-45.25835574, -23.5288244], [-45.25889897, -23.52858323], [-45.25934912, -23.52833859], [-45.25979355, -23.52816984], [-45.26000901, -23.52814238], [-45.26013642, -23.52817107], [-45.26022673, -23.52826577], [-45.26023963, -23.52834975], [-45.26015486, -23.52858023], [-45.25997138, -23.52893101], [-45.2597105, -23.52928191], [-45.25916976, -23.52979317], [-45.25844584, -23.53031285], [-45.25830808, -23.53050367], [-45.25828687, -23.53067894], [-45.25865717, -23.53117513], [-45.25867304, -23.53127718], [-45.25862129, -23.53136127], [-45.25845393, -23.53144465], [-45.25828547, -23.5314648], [-45.25791214, -23.53142658], [-45.25697007, -23.53110386], [-45.25640457, -23.53098104], [-45.25621845, -23.53098857], [-45.25603244, -23.53105211], [-45.25585752, -23.53128002], [-45.25585971, -23.53140106], [-45.25595805, -23.53159601], [-45.25611008, -23.53168608], [-45.25647381, -23.53183272], [-45.25676715, -23.53204721], [-45.25688519, -23.53229723], [-45.25694954, -23.53264127], [-45.25702634, -23.53284077], [-45.25717359, -23.53299408], [-45.25773475, -23.53340234], [-45.25782905, -23.53353135], [-45.25788531, -23.53374533], [-45.25788566, -23.53392418], [-45.25779225, -23.53425132], [-45.25766331, -23.53444484], [-45.25714709, -23.53498766], [-45.25701731, -23.53525344], [-45.25703732, -23.53546477], [-45.25712384, -23.5356227], [-45.25769753, -23.53591893], [-45.25785552, -23.53605236], [-45.25802152, -23.53627609], [-45.2581179, -23.53646381], [-45.25839678, -23.53729888], [-45.25852748, -23.5375001], [-45.25879935, -23.53775347], [-45.25934841, -23.53797114], [-45.25970616, -23.53804913], [-45.26068513, -23.53817305], [-45.26143169, -23.53818535], [-45.26161874, -23.538148], [-45.262119, -23.53796289], [-45.26233563, -23.53801853], [-45.26263593, -23.53827636], [-45.26279677, -23.538361], [-45.26295249, -23.53833634], [-45.2632215, -23.53813175], [-45.26370029, -23.53798822], [-45.26396194, -23.538023], [-45.26409921, -23.53807426], [-45.26450461, -23.53846469], [-45.26467033, -23.53853938], [-45.26504175, -23.53859565], [-45.26540557, -23.53877207], [-45.26580359, -23.53889605], [-45.26601939, -23.53903027], [-45.26606658, -23.53911148], [-45.26601688, -23.53924344], [-45.26588882, -23.53938457], [-45.26542882, -23.5396166], [-45.2650453, -23.53988011], [-45.26490863, -23.54012242], [-45.26494431, -23.54033011], [-45.26512006, -23.54051679], [-45.26562224, -23.54079866], [-45.26602163, -23.54111593], [-45.26624766, -23.54145969], [-45.26633162, -23.54179828], [-45.26630062, -23.54197266], [-45.26617662, -23.54218875], [-45.26599276, -23.54235256], [-45.26581952, -23.54243686], [-45.26549335, -23.54247716], [-45.26487369, -23.54224879], [-45.26430139, -23.54218021], [-45.26412999, -23.5422076], [-45.26333316, -23.54254677], [-45.26300317, -23.54263856], [-45.26259863, -23.5426826], [-45.26165116, -23.54264988], [-45.26123495, -23.54274361], [-45.26086108, -23.54294206], [-45.26067327, -23.54309141], [-45.2605286, -23.54326147], [-45.26045742, -23.54343592], [-45.26041989, -23.54378104], [-45.26043587, -23.54393637], [-45.2606642, -23.54445538], [-45.26076277, -23.54475961], [-45.26081063, -23.54517775], [-45.26089654, -23.54551995], [-45.26105457, -23.54566782], [-45.26121342, -23.54572898], [-45.26150155, -23.54577095]]]]}}]}