{"type": "FeatureCollection", "features": [{"type": "Feature", "properties": {"name": "Parque Estadual Rio Turvo"}, "geometry": {"type": "MultiPolygon", "coordinates": [[[[-48.52919681, -25.10021472], [-48.52930674, -25.10016509], [-48.53023813, -25.09993484], [-48.5305047, -25.09989869], [-48.53147572, -25.09966392], [-48.53229257, -25.09951038], [-48.53397405, -25.09899573], [-48.53577617, -25.09859834], [-48.53645325, -25.09839514], [-48.53692723, -25.09818309], [-48.53717248, -25.09800708], [-48.53786034, -25.09737525], [-48.53861016, -25.09681125], [-48.53924013, -25.09686069], [-48.53982677, -25.09687859], [-48.54042127, -25.09683334], [-48.54093432, -25.09675652], [-48.54127798, -25.09662109], [-48.54219433, -25.0959622], [-48.54293077, -25.09531689], [-48.54326448, -25.0950732], [-48.54359046, -25.09488813], [-48.54392855, -25.09478429], [-48.54481257, -25.09478405], [-48.54509679, -25.09469825], [-48.54555185, -25.09438684], [-48.54687825, -25.09319547], [-48.54752085, -25.09267197], [-48.54798638, -25.09219361], [-48.54859038, -25.09197689], [-48.54956151, -25.09148035], [-48.54999237, -25.09106066], [-48.55034454, -25.09053724], [-48.55086231, -25.08992353], [-48.55112726, -25.08966179], [-48.55187821, -25.08913371], [-48.55228924, -25.08874561], [-48.55273461, -25.08823116], [-48.55325726, -25.08751369], [-48.55364261, -25.08713461], [-48.55425209, -25.08673741], [-48.55575249, -25.08593838], [-48.55634369, -25.08550959], [-48.55656621, -25.08529298], [-48.55673298, -25.08503125], [-48.55677872, -25.08481921], [-48.5566563, -25.08458362], [-48.55555739, -25.08431404], [-48.5534875, -25.08427991], [-48.55183416, -25.08412701], [-48.55073766, -25.08373171], [-48.54911689, -25.08194502], [-48.54639227, -25.08014006], [-48.54556937, -25.07987509], [-48.5421423, -25.07868698], [-48.54037626, -25.07727488], [-48.54041393, -25.07538998], [-48.53918218, -25.07486674], [-48.53932764, -25.07449196], [-48.54016304, -25.07412873], [-48.5403085, -25.07375405], [-48.53976925, -25.07311656], [-48.53908681, -25.07272805], [-48.53882346, -25.07209514], [-48.53925002, -25.07147367], [-48.53981698, -25.0707289], [-48.54051439, -25.07036327], [-48.54106627, -25.07037241], [-48.5417436, -25.07101219], [-48.54241835, -25.07177764], [-48.5437906, -25.07217745], [-48.54461845, -25.07219116], [-48.54586775, -25.07183474], [-48.54588529, -25.07095513], [-48.54576738, -25.06994743], [-48.54510256, -25.06867945], [-48.54469867, -25.06816984], [-48.54252874, -25.06624838], [-48.54198943, -25.0656109], [-48.54131714, -25.06471975], [-48.54078537, -25.06370531], [-48.53941833, -25.0630541], [-48.53734882, -25.06301977], [-48.53651847, -25.06313172], [-48.53637262, -25.06298053], [-48.53688085, -25.06268266], [-48.53749898, -25.06238927], [-48.53808464, -25.0622989], [-48.53845392, -25.06216348], [-48.53859969, -25.06205066], [-48.53879277, -25.06177089], [-48.53899911, -25.06125653], [-48.53938676, -25.0604579], [-48.53970428, -25.06014202], [-48.54001966, -25.05993893], [-48.540558, -25.06000646], [-48.54093472, -25.05994773], [-48.54105945, -25.05990258], [-48.54142373, -25.05966789], [-48.5416339, -25.05957309], [-48.54172244, -25.05960014], [-48.54191321, -25.05986627], [-48.54201289, -25.05989331], [-48.54206706, -25.05986172], [-48.54292791, -25.05877422], [-48.54303465, -25.05795435], [-48.54271433, -25.05694907], [-48.53983981, -25.05577009], [-48.53957149, -25.05538856], [-48.53916005, -25.055256], [-48.53803382, -25.05636869], [-48.53706315, -25.05660394], [-48.53621777, -25.05746992], [-48.53524701, -25.05770527], [-48.53426873, -25.05831745], [-48.53149439, -25.05902561], [-48.53079702, -25.0593911], [-48.53007204, -25.06113894], [-48.52908355, -25.06225384], [-48.52814862, -25.06259867], [-48.52771868, -25.06280176], [-48.52668611, -25.0635373], [-48.52531814, -25.06420246], [-48.5240613, -25.06493566], [-48.52268415, -25.06478705], [-48.52195129, -25.06423615], [-48.52255097, -25.0638447], [-48.52303197, -25.0634747], [-48.5249005, -25.06166531], [-48.52548049, -25.06096594], [-48.52570454, -25.06061852], [-48.5259765, -25.05985152], [-48.52639489, -25.05919277], [-48.52656292, -25.05886791], [-48.52668296, -25.05852502], [-48.52671471, -25.05782573], [-48.52702879, -25.05723016], [-48.52741832, -25.05623305], [-48.52747546, -25.05566458], [-48.52739273, -25.05524953], [-48.52678726, -25.05371572], [-48.52664071, -25.05302999], [-48.52658268, -25.05225852], [-48.52666377, -25.05060277], [-48.52654046, -25.05002531], [-48.52632271, -25.04927192], [-48.52626753, -25.0488704], [-48.52622108, -25.04875762], [-48.52619871, -25.04829293], [-48.52628929, -25.04772897], [-48.52629941, -25.04721916], [-48.52613651, -25.0467951], [-48.52598564, -25.04612741], [-48.52609238, -25.04584768], [-48.52618954, -25.04573939], [-48.52639661, -25.04564912], [-48.52658943, -25.04560848], [-48.52717474, -25.0455723], [-48.5274539, -25.04543239], [-48.52762101, -25.04525641], [-48.52773365, -25.04507593], [-48.52785703, -25.04455257], [-48.5280235, -25.04425027], [-48.52880094, -25.04387566], [-48.52899435, -25.04370871], [-48.52911717, -25.04337482], [-48.52913474, -25.04307706], [-48.52897993, -25.04285151], [-48.52877841, -25.04272973], [-48.52863538, -25.04258989], [-48.52857625, -25.04248163], [-48.52855298, -25.04221545], [-48.52871323, -25.04186803], [-48.52887572, -25.04174214], [-48.52902427, -25.04173263], [-48.52907626, -25.04170104], [-48.52942983, -25.0417108], [-48.53004414, -25.04180012], [-48.53043815, -25.04177297], [-48.5306093, -25.04172783], [-48.53077485, -25.04152928], [-48.53083425, -25.04138039], [-48.53079333, -25.04115031], [-48.53007937, -25.04014887], [-48.52998368, -25.03992331], [-48.5299852, -25.03975186], [-48.53025657, -25.03945856], [-48.53069106, -25.03919229], [-48.53099371, -25.03895764], [-48.53108531, -25.03883581], [-48.53126938, -25.03845228], [-48.53175707, -25.03671973], [-48.53177961, -25.03648513], [-48.531916, -25.03604747], [-48.53197773, -25.03533914], [-48.53185371, -25.03441429], [-48.53182235, -25.03395411], [-48.53190827, -25.03345781], [-48.53209611, -25.03333145], [-48.53235297, -25.03322763], [-48.53262563, -25.03321404], [-48.53261389, -25.03330427], [-48.53274453, -25.03345314], [-48.53299835, -25.03354783], [-48.53322181, -25.03357485], [-48.53388352, -25.03356569], [-48.53423388, -25.03359269], [-48.53434871, -25.03363778], [-48.53452454, -25.03376858], [-48.53469482, -25.03397157], [-48.53482174, -25.03406629], [-48.53510768, -25.03393539], [-48.5353788, -25.03395338], [-48.53563974, -25.03403002], [-48.53576045, -25.03403901], [-48.53609777, -25.0339081], [-48.53633112, -25.03389001], [-48.53654562, -25.03391251], [-48.53674745, -25.03407489], [-48.53709546, -25.03455304], [-48.53726479, -25.03470189], [-48.53739914, -25.03476953], [-48.53759722, -25.034774], [-48.53798495, -25.03451224], [-48.53831607, -25.03434974], [-48.53863454, -25.0343226], [-48.53880942, -25.03434963], [-48.53920566, -25.03460669], [-48.53949538, -25.03471941], [-48.53985379, -25.03474188], [-48.54021806, -25.0347057], [-48.54035547, -25.03466506], [-48.54072743, -25.03444391], [-48.54115974, -25.03423175], [-48.5417985, -25.0340827], [-48.5422937, -25.03409611], [-48.5425534, -25.0341953], [-48.54297288, -25.03452002], [-48.54343448, -25.03496204], [-48.54354903, -25.0350342], [-48.54369634, -25.03500709], [-48.54429818, -25.03457833], [-48.54551587, -25.03397343], [-48.54592462, -25.03368909], [-48.54587248, -25.03417636], [-48.54589948, -25.03440644], [-48.54619528, -25.03506957], [-48.54600177, -25.03579148], [-48.54591117, -25.03600355], [-48.54611919, -25.0361208], [-48.5463517, -25.03631473], [-48.54662972, -25.03659437], [-48.5473385, -25.03749649], [-48.54779025, -25.03799263], [-48.54835535, -25.03870981], [-48.54904439, -25.03976532], [-48.54951964, -25.04099234], [-48.54965776, -25.04121336], [-48.5498553, -25.04139827], [-48.55021041, -25.04165984], [-48.55079298, -25.04180854], [-48.55122261, -25.04188961], [-48.55174789, -25.04193457], [-48.55217753, -25.04201564], [-48.55249422, -25.04213735], [-48.55276882, -25.04229517], [-48.55278868, -25.04216866], [-48.55375698, -25.04061882], [-48.55416575, -25.03970032], [-48.55435723, -25.03792425], [-48.55466167, -25.03802207], [-48.55479983, -25.0375483], [-48.55490197, -25.03679935], [-48.55502096, -25.03638424], [-48.55543733, -25.03582466], [-48.55619412, -25.03518826], [-48.55652841, -25.03485443], [-48.55674661, -25.03450231], [-48.55715851, -25.03365849], [-48.5572519, -25.03274711], [-48.55722051, -25.03242229], [-48.55675561, -25.0315878], [-48.55670902, -25.03120884], [-48.55688015, -25.03115464], [-48.55703118, -25.03114105], [-48.55724413, -25.0311906], [-48.55738557, -25.03119506], [-48.55762039, -25.03099196], [-48.55782524, -25.03091519], [-48.55804189, -25.03091962], [-48.55886308, -25.03118101], [-48.55944871, -25.03131615], [-48.55998269, -25.03156409], [-48.56021979, -25.03160912], [-48.56094186, -25.031663], [-48.56183837, -25.03210929], [-48.56352204, -25.03162458], [-48.56471322, -25.03310724], [-48.56627359, -25.03541526], [-48.56660807, -25.03799585], [-48.56683608, -25.03946269], [-48.56711098, -25.04180819], [-48.56701326, -25.0435038], [-48.56649059, -25.04460019], [-48.56654058, -25.04488432], [-48.56688956, -25.04517292], [-48.56824943, -25.04604309], [-48.56783876, -25.04754029], [-48.5678205, -25.04846523], [-48.5682864, -25.04861519], [-48.56930732, -25.04834724], [-48.57042457, -25.04715562], [-48.57161293, -25.04632095], [-48.57279846, -25.04562867], [-48.57351401, -25.04499979], [-48.57437571, -25.04456515], [-48.57447967, -25.04448389], [-48.57496808, -25.04387461], [-48.57609588, -25.0425928], [-48.57624677, -25.04232204], [-48.57635647, -25.04199715], [-48.57634429, -25.04180316], [-48.57628445, -25.04163174], [-48.5757722, -25.04106803], [-48.57550861, -25.04072528], [-48.57539407, -25.04013882], [-48.57543885, -25.03994029], [-48.57558139, -25.03969209], [-48.5758397, -25.03944834], [-48.57625495, -25.03924061], [-48.57663861, -25.03898328], [-48.57695716, -25.03855453], [-48.57725502, -25.03822053], [-48.57764641, -25.0379722], [-48.5784219, -25.03771467], [-48.57895103, -25.03750688], [-48.57945166, -25.03724948], [-48.57982912, -25.03699666], [-48.58003108, -25.03674391], [-48.58015498, -25.03638743], [-48.58024333, -25.03557529], [-48.58031717, -25.03534968], [-48.58041025, -25.03520075], [-48.58065, -25.03504273], [-48.58145236, -25.03471748], [-48.5823321, -25.03393655], [-48.58386043, -25.03243788], [-48.58434051, -25.0321083], [-48.58482782, -25.03190051], [-48.58495687, -25.03179214], [-48.58502362, -25.03161614], [-48.58496704, -25.03132297], [-48.58464764, -25.03082234], [-48.58459155, -25.03065093], [-48.58462826, -25.03050649], [-48.58480737, -25.03037564], [-48.58510072, -25.03021749], [-48.58536058, -25.03014075], [-48.58653109, -25.03001374], [-48.58775015, -25.03004474], [-48.58883669, -25.02994936], [-48.5892142, -25.0298905], [-48.58953198, -25.02980009], [-48.58975536, -25.02967365], [-48.58979902, -25.02961946], [-48.58975896, -25.02939388], [-48.58956761, -25.0292046], [-48.58929105, -25.02906029], [-48.58908369, -25.02901529], [-48.58853112, -25.02885316], [-48.58802723, -25.02866845], [-48.58777457, -25.02853328], [-48.58761781, -25.0283033], [-48.58754125, -25.02806874], [-48.58763584, -25.02793785], [-48.58779603, -25.02781139], [-48.58794125, -25.02776616], [-48.58960477, -25.02790518], [-48.59084461, -25.02792707], [-48.59135935, -25.02800799], [-48.59174681, -25.02798972], [-48.59196497, -25.02793997], [-48.59220498, -25.02771876], [-48.59233422, -25.02754274], [-48.59232292, -25.02730814], [-48.59224578, -25.0271999], [-48.59211883, -25.02710072], [-48.5919105, -25.02701513], [-48.59167278, -25.02697465], [-48.59125736, -25.02683501], [-48.59041276, -25.02635274], [-48.58958099, -25.02571709], [-48.58933364, -25.02555928], [-48.58889081, -25.02510387], [-48.58878262, -25.02485571], [-48.5887184, -25.02450833], [-48.58860425, -25.02425575], [-48.58819949, -25.02372369], [-48.58803624, -25.02347112], [-48.58799369, -25.02336285], [-48.58799362, -25.0231733], [-48.58805501, -25.02291614], [-48.58820981, -25.02244236], [-48.58834141, -25.02217606], [-48.58862899, -25.02176988], [-48.58872421, -25.02156679], [-48.58870907, -25.02112916], [-48.5885133, -25.02050211], [-48.58849492, -25.02027204], [-48.58853778, -25.02005546], [-48.58865408, -25.01983882], [-48.5888294, -25.01963119], [-48.5891375, -25.019437], [-48.58934234, -25.01939185], [-48.58937074, -25.01934673], [-48.5898581, -25.01925164], [-48.59017776, -25.01926503], [-48.59033745, -25.01930104], [-48.59086411, -25.01953088], [-48.59141514, -25.01996368], [-48.5915734, -25.02002674], [-48.59172691, -25.02003117], [-48.59243036, -25.01966529], [-48.59290408, -25.01955673], [-48.59316087, -25.01944832], [-48.5938396, -25.01907345], [-48.59491477, -25.01870293], [-48.59529374, -25.01861701], [-48.59551961, -25.0186214], [-48.59593227, -25.01869333], [-48.59638048, -25.01896828], [-48.59662977, -25.01918922], [-48.59719418, -25.01987012], [-48.59750969, -25.02010001], [-48.5976824, -25.02013601], [-48.59787794, -25.02009979], [-48.59818757, -25.01987854], [-48.59894839, -25.01967055], [-48.59912102, -25.01958472], [-48.59920016, -25.01946287], [-48.59930382, -25.01902968], [-48.59937217, -25.0185559], [-48.59931287, -25.01829427], [-48.59919446, -25.01801462], [-48.59892587, -25.01762225], [-48.59856855, -25.0173112], [-48.59802048, -25.01700917], [-48.59757052, -25.01686958], [-48.59729894, -25.01672085], [-48.59711839, -25.01658111], [-48.59704156, -25.01635557], [-48.59707966, -25.01561571], [-48.59721224, -25.0152727], [-48.59728271, -25.01516888], [-48.59831037, -25.0143246], [-48.59856423, -25.01391386], [-48.59863613, -25.01371978], [-48.59881823, -25.01256923], [-48.59909333, -25.01171184], [-48.5993399, -25.01120637], [-48.59956503, -25.01098968], [-48.59979609, -25.01087223], [-48.6005362, -25.01075899], [-48.60064633, -25.01069576], [-48.60085038, -25.01044749], [-48.60092967, -25.01013162], [-48.60087068, -25.00944586], [-48.6006786, -25.00872863], [-48.60030443, -25.00781297], [-48.60026863, -25.00710465], [-48.60011976, -25.00665357], [-48.59999094, -25.0065138], [-48.59982439, -25.00641463], [-48.59901248, -25.00563912], [-48.59864363, -25.00520168], [-48.59853588, -25.0046784], [-48.59854713, -25.00440768], [-48.59849505, -25.00385728], [-48.59842864, -25.0035776], [-48.5982888, -25.00320319], [-48.59818442, -25.00303632], [-48.59795316, -25.00295072], [-48.59774978, -25.00281556], [-48.59759241, -25.00262609], [-48.59742979, -25.0023961], [-48.59726222, -25.00207585], [-48.59712645, -25.00176913], [-48.59701968, -25.00129552], [-48.59698465, -25.00079023], [-48.59699483, -24.99980211], [-48.59696043, -24.9992923], [-48.5968521, -24.9988051], [-48.59675935, -24.9984758], [-48.59657117, -24.99795706], [-48.59608839, -24.9969512], [-48.59549395, -24.99600408], [-48.59523723, -24.99569744], [-48.59512208, -24.9956208], [-48.59496299, -24.99555322], [-48.59481413, -24.9955172], [-48.59452887, -24.9955264], [-48.5943652, -24.99555808], [-48.59390926, -24.99575234], [-48.59195454, -24.99651594], [-48.59161151, -24.99661986], [-48.59139117, -24.99663355], [-48.59120245, -24.99661109], [-48.59105448, -24.99657057], [-48.59090662, -24.99648939], [-48.59063174, -24.9963046], [-48.5900345, -24.99576806], [-48.58980601, -24.99555162], [-48.58967006, -24.99539376], [-48.58894409, -24.99478056], [-48.58878929, -24.99462274], [-48.58870223, -24.99445585], [-48.58864395, -24.99426637], [-48.58861689, -24.99406787], [-48.58867678, -24.99385127], [-48.58879236, -24.9936572], [-48.58935326, -24.99309292], [-48.5895901, -24.99281758], [-48.58978732, -24.99255579], [-48.58996129, -24.99222182], [-48.59015309, -24.99170287], [-48.59043372, -24.99076876], [-48.59073483, -24.98992038], [-48.59110103, -24.98832752], [-48.59117636, -24.98809738], [-48.59121717, -24.98759654], [-48.59121458, -24.98740704], [-48.59118631, -24.98725817], [-48.59114541, -24.98714539], [-48.59101843, -24.9869695], [-48.59085836, -24.98678461], [-48.59078278, -24.98665833], [-48.5906834, -24.98656816], [-48.59057506, -24.98650505], [-48.59044562, -24.98646907], [-48.59018581, -24.98642856], [-48.5893433, -24.98639291], [-48.58908959, -24.98636147], [-48.5887628, -24.9862714], [-48.58762118, -24.98582986], [-48.5871487, -24.98576244], [-48.58678363, -24.98579422], [-48.58618198, -24.98598402], [-48.58541678, -24.98633635], [-48.58484954, -24.98664795], [-48.5840273, -24.98682886], [-48.58314617, -24.98688345], [-48.58208245, -24.98684788], [-48.58083057, -24.9866951], [-48.580601, -24.98670876], [-48.58008129, -24.98683985], [-48.57997207, -24.9868399], [-48.57986719, -24.98680838], [-48.57975701, -24.98674074], [-48.57959852, -24.98660548], [-48.57862091, -24.98566297], [-48.57783158, -24.98501817], [-48.57646471, -24.98407132], [-48.57601197, -24.98373765], [-48.57586368, -24.98355726], [-48.57572805, -24.9833543], [-48.57558924, -24.98298892], [-48.5755315, -24.98277688], [-48.57550105, -24.98244746], [-48.5755095, -24.98201887], [-48.57549138, -24.98168051], [-48.57546146, -24.98129701], [-48.57539943, -24.98098573], [-48.57516082, -24.98030906], [-48.57491866, -24.97989859], [-48.57471374, -24.97969114], [-48.57430516, -24.97932587], [-48.57381497, -24.97905086], [-48.57325767, -24.97884357], [-48.57260503, -24.97865883], [-48.57204123, -24.97842001], [-48.57127363, -24.97778868], [-48.57051038, -24.97693626], [-48.56988584, -24.97606573], [-48.56919948, -24.97501019], [-48.56867104, -24.97426155], [-48.56849496, -24.97476241], [-48.56832957, -24.97501063], [-48.56783049, -24.97547556], [-48.56724736, -24.97616611], [-48.56657109, -24.97682061], [-48.56605988, -24.97718628], [-48.56538745, -24.97748884], [-48.56320321, -24.97799051], [-48.56269807, -24.97813959], [-48.56144922, -24.97867602], [-48.56039187, -24.97928518], [-48.56001299, -24.97961832], [-48.55990249, -24.98013857], [-48.55986329, -24.98067307], [-48.56001534, -24.98094965], [-48.56052476, -24.9812582], [-48.56089994, -24.98183864], [-48.5610952, -24.98210289], [-48.56135329, -24.98281191], [-48.56173053, -24.98328798], [-48.56252241, -24.98379692], [-48.56434912, -24.98411399], [-48.56440288, -24.98356669], [-48.56425493, -24.98308135], [-48.56440734, -24.98261397], [-48.5660488, -24.9821579], [-48.5661881, -24.98128297], [-48.56744154, -24.98159377], [-48.56833455, -24.98186412], [-48.56855236, -24.98186403], [-48.56897926, -24.98176008], [-48.56950135, -24.98208385], [-48.56918507, -24.98287485], [-48.56799632, -24.98361244], [-48.56735077, -24.98439805], [-48.56750842, -24.98511848], [-48.56789694, -24.98575134], [-48.56795137, -24.9858958], [-48.56844292, -24.98638676], [-48.56880358, -24.98698], [-48.56877848, -24.98752777], [-48.5681437, -24.98776538], [-48.56745525, -24.98781938], [-48.56686187, -24.98813598], [-48.56667423, -24.98821122], [-48.56718317, -24.98854584], [-48.56787696, -24.98894874], [-48.56825825, -24.98932194], [-48.56831094, -24.98945381], [-48.56825423, -24.9895802], [-48.56716615, -24.99013791], [-48.56711815, -24.99045846], [-48.56737437, -24.99072906], [-48.56907695, -24.99099529], [-48.57068478, -24.99138616], [-48.57120966, -24.99129658], [-48.5717687, -24.9918924], [-48.57229147, -24.99261833], [-48.57256993, -24.99332399], [-48.5731541, -24.99413282], [-48.57325925, -24.99504599], [-48.57353882, -24.9956956], [-48.5739313, -24.9960806], [-48.57424386, -24.99661856], [-48.57433253, -24.99758757], [-48.57424791, -24.99797883], [-48.57421054, -24.99831476], [-48.57329771, -24.9986046], [-48.57271201, -24.99911959], [-48.57219328, -25.00004618], [-48.5719779, -25.00081808], [-48.57146095, -25.00165348], [-48.57107582, -25.00214893], [-48.56984224, -25.00236155], [-48.56939378, -25.00241792], [-48.56804281, -25.00239582], [-48.56756612, -25.00245645], [-48.56694023, -25.00246901], [-48.56545563, -25.00287803], [-48.56445491, -25.00286163], [-48.56400548, -25.00280866], [-48.5637138, -25.00275105], [-48.5627175, -25.00274386], [-48.5619326, -25.00287352], [-48.56099577, -25.00278695], [-48.55998639, -25.00241396], [-48.55874245, -25.00260074], [-48.5571376, -25.0028135], [-48.55606163, -25.00281973], [-48.55490839, -25.00275294], [-48.55346282, -25.00287264], [-48.55242376, -25.0031058], [-48.55203411, -25.00328881], [-48.55173556, -25.00337048], [-48.5512176, -25.00345515], [-48.55110652, -25.00352825], [-48.55090164, -25.00360908], [-48.55075486, -25.00355614], [-48.5505827, -25.00343818], [-48.55061809, -25.00299815], [-48.55069365, -25.0029152], [-48.55095562, -25.00275111], [-48.55133166, -25.00270125], [-48.551856, -25.00233112], [-48.55194813, -25.00212353], [-48.55181674, -25.00160925], [-48.5518167, -25.00151], [-48.55194709, -25.0009911], [-48.55207413, -25.00076102], [-48.55215462, -25.00075192], [-48.55204564, -25.00060306], [-48.55191998, -25.0004903], [-48.55183763, -25.00039107], [-48.55176882, -25.0001294], [-48.5519288, -24.99930371], [-48.55192531, -24.99909166], [-48.55187604, -24.99887962], [-48.55178313, -24.9986676], [-48.55161999, -24.99845109], [-48.55153673, -24.99839697], [-48.54992651, -24.99846021], [-48.54604431, -24.99750733], [-48.54595663, -24.9936793], [-48.54648746, -24.99333625], [-48.54709161, -24.99303379], [-48.54718464, -24.99273148], [-48.54707168, -24.99264129], [-48.54686643, -24.99230296], [-48.54621713, -24.99088193], [-48.54594131, -24.99046692], [-48.54550368, -24.99005647], [-48.54511004, -24.98984001], [-48.54438156, -24.98937099], [-48.54409374, -24.98910487], [-48.54390462, -24.98885677], [-48.54381889, -24.98879363], [-48.54384236, -24.98866278], [-48.54384754, -24.98839207], [-48.5435923, -24.98747173], [-48.54351046, -24.98696192], [-48.54357436, -24.98653779], [-48.54386253, -24.98594215], [-48.54428933, -24.98544123], [-48.54484794, -24.9849944], [-48.54511238, -24.98472813], [-48.54540591, -24.984516], [-48.54572916, -24.98433995], [-48.54584761, -24.98415944], [-48.54587663, -24.98400152], [-48.54586851, -24.98376239], [-48.54561247, -24.9832391], [-48.54562746, -24.98272475], [-48.54532376, -24.98216987], [-48.54522774, -24.98181797], [-48.5452323, -24.98158336], [-48.54529963, -24.98124494], [-48.54537816, -24.9810825], [-48.54543538, -24.98104189], [-48.54569974, -24.98054551], [-48.54573775, -24.98041466], [-48.54572684, -24.98017553], [-48.54563612, -24.97994545], [-48.54506755, -24.9792192], [-48.54480265, -24.97898466], [-48.54469648, -24.97880422], [-48.54461441, -24.97855157], [-48.54461675, -24.97813649], [-48.54468687, -24.97784319], [-48.54480928, -24.97751831], [-48.54507983, -24.97705802], [-48.54518733, -24.97657974], [-48.54521618, -24.97587588], [-48.54515431, -24.97494194], [-48.5452639, -24.9742561], [-48.54535104, -24.9739583], [-48.54602864, -24.97329938], [-48.54606355, -24.97316402], [-48.54606166, -24.97307378], [-48.54603039, -24.97299258], [-48.54583197, -24.97264071], [-48.54581084, -24.97235646], [-48.54589831, -24.97212633], [-48.54603961, -24.97189168], [-48.5463881, -24.97164348], [-48.54672594, -24.97149895], [-48.54685273, -24.97138611], [-48.54702, -24.9710928], [-48.5471696, -24.97068668], [-48.54729698, -24.9705152], [-48.54754471, -24.97029405], [-48.54771105, -24.97005486], [-48.54776291, -24.96973902], [-48.54761821, -24.96909386], [-48.54766388, -24.96874193], [-48.54770255, -24.96873289], [-48.54774952, -24.96860655], [-48.54790383, -24.96841249], [-48.54875952, -24.96765424], [-48.54883929, -24.96753239], [-48.54892366, -24.9672797], [-48.54892193, -24.96680594], [-48.54890148, -24.96668413], [-48.55213541, -24.96429184], [-48.55205111, -24.9638858], [-48.55202715, -24.96350229], [-48.55203413, -24.96235175], [-48.55213016, -24.96188699], [-48.55239476, -24.96138609], [-48.55283723, -24.96089415], [-48.55343991, -24.96035252], [-48.55424084, -24.95975669], [-48.55472515, -24.95950386], [-48.55525394, -24.95908407], [-48.55555571, -24.95875009], [-48.55606769, -24.95809569], [-48.55651261, -24.95761276], [-48.55688987, -24.95731033], [-48.55737881, -24.95706651], [-48.55751461, -24.95708], [-48.55767792, -24.9570619], [-48.55776297, -24.95702126], [-48.55824751, -24.95660599], [-48.55855001, -24.9565743], [-48.55890854, -24.9566238], [-48.55942211, -24.95683117], [-48.55975537, -24.95710176], [-48.56020646, -24.95731817], [-48.56045546, -24.95729552], [-48.56083614, -24.95707429], [-48.56173273, -24.95674007], [-48.56235634, -24.95609463], [-48.56281929, -24.95586886], [-48.56304222, -24.9556522], [-48.56330931, -24.95531821], [-48.56361079, -24.95508799], [-48.56417268, -24.9547584], [-48.56435696, -24.9545959], [-48.56444627, -24.95443794], [-48.5645584, -24.95411755], [-48.56458973, -24.95298053], [-48.56468432, -24.95219993], [-48.56469006, -24.95191567], [-48.5637664, -24.95181226], [-48.56310098, -24.9516185], [-48.56279992, -24.95141558], [-48.5625143, -24.95114497], [-48.5622326, -24.9506623], [-48.56215052, -24.95040966], [-48.56209963, -24.95003519], [-48.56213685, -24.94959751], [-48.56227315, -24.94936284], [-48.56242217, -24.94921389], [-48.56302726, -24.94872636], [-48.56367357, -24.94842832], [-48.56563852, -24.94762442], [-48.56640352, -24.94719096], [-48.56783437, -24.94597215], [-48.56798615, -24.9457916], [-48.56799037, -24.94558405], [-48.56790136, -24.94508326], [-48.56789008, -24.9447945], [-48.56805606, -24.94395069], [-48.56805908, -24.94380179], [-48.56797025, -24.94368452], [-48.56752866, -24.94322899], [-48.56728817, -24.94287715], [-48.56688229, -24.94207418], [-48.56669542, -24.94195244], [-48.5664071, -24.94183073], [-48.56482705, -24.94142528], [-48.56417716, -24.94129018], [-48.56336023, -24.94106941], [-48.5627077, -24.9405598], [-48.5620215, -24.94012691], [-48.56189542, -24.9396893], [-48.56202956, -24.93880038], [-48.56218218, -24.93844388], [-48.56243566, -24.93814599], [-48.56406884, -24.93718881], [-48.56506542, -24.93605139], [-48.56569649, -24.93506752], [-48.56583607, -24.93462078], [-48.56583088, -24.93412897], [-48.56577726, -24.93387632], [-48.56557951, -24.93361921], [-48.56497371, -24.93310959], [-48.56477847, -24.93291565], [-48.56467974, -24.93275777], [-48.56465459, -24.93256828], [-48.56471605, -24.93237423], [-48.56509456, -24.93164765], [-48.56537339, -24.93074964], [-48.56556538, -24.93060969], [-48.56581275, -24.93051484], [-48.56576509, -24.93046072], [-48.56566541, -24.93025771], [-48.56562171, -24.93005469], [-48.5656429, -24.92974335], [-48.56574234, -24.92945454], [-48.56593797, -24.9291702], [-48.56634418, -24.92819995], [-48.56636792, -24.92805556], [-48.5662764, -24.92697093], [-48.56628754, -24.92640382], [-48.56643379, -24.9259965], [-48.56709644, -24.92569217], [-48.56772514, -24.92535576], [-48.56825329, -24.92486012], [-48.56881598, -24.92436505], [-48.56906896, -24.92380189], [-48.56918374, -24.92323648], [-48.56957181, -24.9228331], [-48.57102901, -24.92198489], [-48.57096329, -24.92166456], [-48.57051291, -24.92084807], [-48.57038753, -24.92058191], [-48.57024369, -24.92050075], [-48.57008504, -24.92046924], [-48.56872042, -24.92082009], [-48.56867981, -24.92103078], [-48.56868361, -24.92154783], [-48.5686414, -24.92188076], [-48.56842321, -24.92267013], [-48.56829478, -24.92293422], [-48.56820847, -24.92305171], [-48.56810693, -24.92313553], [-48.56782966, -24.92329899], [-48.5676414, -24.9233391], [-48.56734667, -24.92333459], [-48.56686907, -24.92326143], [-48.5667077, -24.92325376], [-48.56562656, -24.92350791], [-48.56546959, -24.92350771], [-48.56499276, -24.92344461], [-48.56478425, -24.92337673], [-48.56468145, -24.92332654], [-48.56459163, -24.92325942], [-48.56439206, -24.92306657], [-48.56430583, -24.92294893], [-48.56409488, -24.92247729], [-48.56404123, -24.92240159], [-48.56337154, -24.92302534], [-48.56328168, -24.92309278], [-48.56253815, -24.92341394], [-48.56208495, -24.92356772], [-48.56185355, -24.92369022], [-48.56179834, -24.92374344], [-48.56160605, -24.92403813], [-48.56146254, -24.92449095], [-48.56141902, -24.92470792], [-48.56138182, -24.92524707], [-48.56141423, -24.92590715], [-48.56148041, -24.92643409], [-48.56148628, -24.92677816], [-48.56143663, -24.92717514], [-48.56113724, -24.92786824], [-48.56032403, -24.92882738], [-48.56025969, -24.9290307], [-48.56030234, -24.92963208], [-48.56027213, -24.92991433], [-48.56010608, -24.93053922], [-48.56005375, -24.9313514], [-48.56005399, -24.93188289], [-48.55995828, -24.93218033], [-48.55988961, -24.93230727], [-48.55965521, -24.93256518], [-48.5595322, -24.9326513], [-48.55911376, -24.93280031], [-48.55869455, -24.93287359], [-48.55859353, -24.93294676], [-48.5585063, -24.93334017], [-48.55846148, -24.93393539], [-48.55835943, -24.93425817], [-48.55821603, -24.93450662], [-48.5581217, -24.93461894], [-48.55767095, -24.93497474], [-48.55750956, -24.9351321], [-48.55700375, -24.93582919], [-48.55654867, -24.9362071], [-48.55607189, -24.93645156], [-48.5556518, -24.936568], [-48.55549722, -24.93657729], [-48.55474068, -24.93648473], [-48.55459725, -24.9364874], [-48.55395888, -24.93663633], [-48.55294643, -24.93678888], [-48.55288325, -24.936818], [-48.55279367, -24.93701794], [-48.55273278, -24.93781756], [-48.55264632, -24.93807256], [-48.55256864, -24.93819521], [-48.55245897, -24.93829515], [-48.55206058, -24.93852817], [-48.55157172, -24.93862808], [-48.55133265, -24.93862859], [-48.55123491, -24.93868317], [-48.55101053, -24.93899003], [-48.55029051, -24.93962531], [-48.55016924, -24.93978687], [-48.54994885, -24.94040019], [-48.54988017, -24.94052683], [-48.54952651, -24.94090816], [-48.54925071, -24.941142], [-48.54904277, -24.94137193], [-48.54914907, -24.94167151], [-48.54914775, -24.9420332], [-48.54912736, -24.94216211], [-48.54908646, -24.9422617], [-48.5488513, -24.94263758], [-48.54886287, -24.94269219], [-48.54894024, -24.94283158], [-48.54897058, -24.9429702], [-48.54898383, -24.94331646], [-48.54893765, -24.94355201], [-48.54889676, -24.9436513], [-48.54873785, -24.94389505], [-48.54826848, -24.94432002], [-48.54769561, -24.94464775], [-48.54758405, -24.94467874], [-48.54716442, -24.94473778], [-48.54697175, -24.94472041], [-48.54662366, -24.94460732], [-48.54629671, -24.94442566], [-48.54627189, -24.94448292], [-48.54619133, -24.94488146], [-48.54601599, -24.94518438], [-48.54591365, -24.94529065], [-48.54532477, -24.94572192], [-48.54490204, -24.94596959], [-48.54433888, -24.94618301], [-48.54394121, -24.94621402], [-48.54358631, -24.94614035], [-48.54384971, -24.94668562], [-48.54406948, -24.947355], [-48.54419493, -24.94807948], [-48.54422608, -24.94885907], [-48.54436369, -24.94975374], [-48.54435354, -24.95031415], [-48.54402596, -24.95062176], [-48.54368135, -24.95075464], [-48.54325905, -24.95097285], [-48.54273972, -24.95129337], [-48.5421085, -24.95150813], [-48.54114719, -24.95208116], [-48.54066318, -24.95227932], [-48.54032507, -24.95328744], [-48.54030057, -24.95357409], [-48.54022047, -24.95378061], [-48.54017697, -24.95405703], [-48.53997259, -24.95478112], [-48.539907, -24.95521306], [-48.53980412, -24.95560974], [-48.53975362, -24.95592626], [-48.53946182, -24.95649671], [-48.53881054, -24.95750876], [-48.53752836, -24.95851046], [-48.53506981, -24.95872543], [-48.53462017, -24.95874537], [-48.53298088, -24.95819283], [-48.53188936, -24.95799388], [-48.53054982, -24.9579376], [-48.53010679, -24.95793999], [-48.52912793, -24.95779586], [-48.52886288, -24.95702435], [-48.52894952, -24.95619472], [-48.52795316, -24.95548257], [-48.52639814, -24.95464249], [-48.52567291, -24.95438269], [-48.52489676, -24.9547239], [-48.5244142, -24.95485035], [-48.52410518, -24.95485037], [-48.52324189, -24.95470613], [-48.52155973, -24.95470638], [-48.52009484, -24.95473814], [-48.52003637, -24.95469299], [-48.52007472, -24.95465693], [-48.52014181, -24.95451704], [-48.52016964, -24.95441327], [-48.52010745, -24.9543095], [-48.51959605, -24.95364631], [-48.51935069, -24.953141], [-48.51925537, -24.95276652], [-48.51917079, -24.95188668], [-48.51911015, -24.95170172], [-48.51886234, -24.95133628], [-48.51863927, -24.95094827], [-48.51813303, -24.94938719], [-48.51811657, -24.94891795], [-48.51819728, -24.94874649], [-48.51835438, -24.94856148], [-48.51915391, -24.94824553], [-48.51930977, -24.94812371], [-48.51942913, -24.94793871], [-48.51984379, -24.94705882], [-48.52035466, -24.9464722], [-48.52052935, -24.94604353], [-48.52069627, -24.94538025], [-48.5207735, -24.94473955], [-48.52086872, -24.9444237], [-48.52156603, -24.94346707], [-48.52171567, -24.94306549], [-48.52179789, -24.94275866], [-48.52185066, -24.94205026], [-48.52200673, -24.9412832], [-48.52218131, -24.94022287], [-48.52228911, -24.9393385], [-48.52238488, -24.93900025], [-48.52261125, -24.93857593], [-48.52338861, -24.9374794], [-48.52345071, -24.93708685], [-48.52333741, -24.93702383], [-48.52315127, -24.93681166], [-48.52308382, -24.93667179], [-48.52304111, -24.93644168], [-48.52305121, -24.9358867], [-48.52284301, -24.93549871], [-48.52285313, -24.93498885], [-48.52260372, -24.93420829], [-48.52258135, -24.93359467], [-48.5224904, -24.93334201], [-48.52218907, -24.93275549], [-48.52213676, -24.93256147], [-48.52209557, -24.93215089], [-48.52215113, -24.93154626], [-48.52213968, -24.93142444], [-48.52216175, -24.93131417], [-48.52158518, -24.93127362], [-48.52100554, -24.93082007], [-48.52048905, -24.93028067], [-48.51958544, -24.93017271], [-48.51837663, -24.93037369], [-48.51809094, -24.93107092], [-48.51729783, -24.93166677], [-48.516729, -24.93202458], [-48.51632601, -24.93235853], [-48.51646486, -24.93277377], [-48.51613993, -24.93351596], [-48.515347, -24.93410149], [-48.51503699, -24.93396251], [-48.51448709, -24.93374899], [-48.51296204, -24.93334754], [-48.5124647, -24.93311748], [-48.51229365, -24.93295957], [-48.51191041, -24.93226924], [-48.51177649, -24.93213841], [-48.5115207, -24.93196698], [-48.51104938, -24.93188127], [-48.50997652, -24.93196256], [-48.50912231, -24.93181823], [-48.50880284, -24.93180471], [-48.50851182, -24.93185887], [-48.50828235, -24.93194461], [-48.5078426, -24.93220633], [-48.5076054, -24.93253571], [-48.50759955, -24.93287863], [-48.50747835, -24.93347873], [-48.507419, -24.93402921], [-48.50738378, -24.93479626], [-48.50724124, -24.93527904], [-48.50704892, -24.9363845], [-48.50703601, -24.93780127], [-48.507006, -24.93807199], [-48.50695189, -24.93825247], [-48.50684583, -24.93845552], [-48.50661418, -24.93869466], [-48.50635903, -24.93887967], [-48.50570367, -24.93922711], [-48.50542253, -24.93917748], [-48.50422991, -24.93882559], [-48.50416064, -24.9391685], [-48.50406415, -24.93938508], [-48.50373416, -24.93994458], [-48.50367045, -24.94000774], [-48.50346387, -24.94039578], [-48.50333429, -24.94087406], [-48.50330552, -24.94117637], [-48.50346452, -24.94242618], [-48.50359661, -24.94299017], [-48.50361239, -24.94312103], [-48.50377849, -24.9434865], [-48.50406584, -24.94391513], [-48.50485953, -24.94486261], [-48.50511192, -24.94531832], [-48.50532103, -24.94583719], [-48.50555859, -24.94613045], [-48.5061302, -24.94655907], [-48.50623042, -24.94669894], [-48.50620939, -24.94685687], [-48.50598732, -24.94715918], [-48.5058995, -24.94721333], [-48.50554318, -24.94733967], [-48.50550976, -24.94737125], [-48.50548286, -24.94743443], [-48.50549029, -24.9475066], [-48.50569012, -24.94785853], [-48.50567744, -24.94800292], [-48.50557878, -24.94808864], [-48.50539907, -24.94811122], [-48.5051507, -24.94809768], [-48.50474643, -24.94797588], [-48.50436939, -24.94792174], [-48.50421411, -24.94795785], [-48.50410957, -24.94804358], [-48.50407278, -24.94814284], [-48.50408731, -24.94817894], [-48.50414113, -24.9482421], [-48.50436446, -24.94843159], [-48.50438858, -24.94848124], [-48.50439787, -24.94878352], [-48.50442974, -24.94886023], [-48.50449159, -24.94891888], [-48.50457635, -24.94893243], [-48.50468367, -24.94892791], [-48.50502236, -24.9488151], [-48.50512969, -24.94881508], [-48.50519619, -24.94884217], [-48.505246, -24.94890984], [-48.50529488, -24.94910837], [-48.50538955, -24.94970845], [-48.50549164, -24.94994759], [-48.50567536, -24.95017318], [-48.50619192, -24.95051607], [-48.50649259, -24.95064238], [-48.50657734, -24.95066946], [-48.5067818, -24.95067396], [-48.50713996, -24.95052054], [-48.50747651, -24.95059272], [-48.50755445, -24.95059271], [-48.50773725, -24.95052502], [-48.50826925, -24.95053852], [-48.50834164, -24.95051596], [-48.50839793, -24.95044829], [-48.50841833, -24.95022268], [-48.50846132, -24.95015951], [-48.50852906, -24.95014146], [-48.50862526, -24.95014597], [-48.5086998, -24.95018657], [-48.50877898, -24.95025877], [-48.50894698, -24.95071898], [-48.50901784, -24.95103932], [-48.50902651, -24.95135065], [-48.50896467, -24.95165294], [-48.50896066, -24.95186049], [-48.50909494, -24.95236583], [-48.50910733, -24.95269519], [-48.50914661, -24.9527764], [-48.50920942, -24.95282603], [-48.50935078, -24.95283505], [-48.5096477, -24.95259591], [-48.50972596, -24.95257785], [-48.50980296, -24.9525959], [-48.50985062, -24.95264101], [-48.50984412, -24.95272223], [-48.50938606, -24.95320052], [-48.50937523, -24.9533043], [-48.50940742, -24.95340356], [-48.50946527, -24.9534983], [-48.50961437, -24.95357499], [-48.50978171, -24.95357047], [-48.50993326, -24.95348926], [-48.51009844, -24.95342608], [-48.51019371, -24.95341705], [-48.5102902, -24.95345314], [-48.51035857, -24.95352983], [-48.5103824, -24.95361106], [-48.51038674, -24.95370581], [-48.51118326, -24.95422462], [-48.51134135, -24.95438704], [-48.51206954, -24.95494196], [-48.51223868, -24.9550051], [-48.51240056, -24.95546081], [-48.51272289, -24.95564126], [-48.51288251, -24.95582173], [-48.51290203, -24.95602927], [-48.51277615, -24.95633609], [-48.51277589, -24.95674669], [-48.51266394, -24.95714826], [-48.51250436, -24.95740094], [-48.51248428, -24.95765812], [-48.51263094, -24.95810027], [-48.51298516, -24.95845669], [-48.51307085, -24.95861459], [-48.51305572, -24.95882666], [-48.51298984, -24.95895751], [-48.51301247, -24.95941321], [-48.5131189, -24.95967038], [-48.5133237, -24.95987792], [-48.51358509, -24.95993655], [-48.51385206, -24.96009896], [-48.51442996, -24.96069899], [-48.51481326, -24.96104637], [-48.51501651, -24.9611772], [-48.51531875, -24.96130802], [-48.51576234, -24.96139821], [-48.51629442, -24.96162827], [-48.5142788, -24.9639412], [-48.51230956, -24.96422801], [-48.51075832, -24.96464947], [-48.50930978, -24.963975], [-48.50855188, -24.96370434], [-48.50814416, -24.96364119], [-48.50779554, -24.96369084], [-48.50757746, -24.96375853], [-48.50733741, -24.96388487], [-48.50712242, -24.96394354], [-48.50693496, -24.96389843], [-48.5067014, -24.96374503], [-48.50667636, -24.964115], [-48.50686386, -24.96472861], [-48.50687036, -24.96480081], [-48.50685056, -24.96487751], [-48.50680385, -24.9649091], [-48.5066959, -24.96491361], [-48.50653163, -24.96485948], [-48.50646852, -24.9648685], [-48.50642769, -24.96495874], [-48.50644161, -24.96500386], [-48.50653288, -24.96508507], [-48.50675963, -24.96518432], [-48.50707332, -24.96538735], [-48.50726327, -24.96559037], [-48.50767687, -24.96585204], [-48.50804407, -24.96596031], [-48.50840293, -24.96613174], [-48.50847532, -24.96631672], [-48.50844625, -24.96647916], [-48.50825447, -24.96677244], [-48.50818736, -24.96700255], [-48.50817408, -24.96716949], [-48.50824554, -24.96734996], [-48.50828082, -24.9675936], [-48.50827618, -24.96765226], [-48.50824587, -24.96768836], [-48.50818741, -24.96769739], [-48.50793064, -24.96761167], [-48.507681, -24.96761619], [-48.50758572, -24.96767034], [-48.5075718, -24.96771546], [-48.50759253, -24.96777411], [-48.50766213, -24.96781021], [-48.50794952, -24.9678553], [-48.50816143, -24.96800419], [-48.50824899, -24.96812601], [-48.50834491, -24.96847342], [-48.50855096, -24.96886594], [-48.50878887, -24.96913213], [-48.50892902, -24.96936222], [-48.50897358, -24.96955623], [-48.50895967, -24.96966001], [-48.5088409, -24.96995329], [-48.50893187, -24.97025558], [-48.5090782, -24.97035934], [-48.50931951, -24.97047664], [-48.50973775, -24.97044503], [-48.51002915, -24.97023296], [-48.51026147, -24.97011112], [-48.51096801, -24.96983134], [-48.51114248, -24.96968243], [-48.51162842, -24.96910488], [-48.51194363, -24.96883414], [-48.51212582, -24.96873938], [-48.51258644, -24.96857241], [-48.51312254, -24.96850018], [-48.51357388, -24.96850916], [-48.51411897, -24.96863545], [-48.51506471, -24.96907301], [-48.51562063, -24.96923991], [-48.51625668, -24.96936618], [-48.51672383, -24.9695421], [-48.51679189, -24.96959623], [-48.51697657, -24.9695195], [-48.51712813, -24.9694112], [-48.51746807, -24.96905473], [-48.51771614, -24.96887874], [-48.51797568, -24.96877494], [-48.51824573, -24.96873881], [-48.51860831, -24.9688245], [-48.51907672, -24.96917637], [-48.51924934, -24.96925757], [-48.52001997, -24.96937929], [-48.52013506, -24.96946952], [-48.52019292, -24.96956877], [-48.52021985, -24.96968156], [-48.52029072, -24.96978984], [-48.52037517, -24.96984849], [-48.52050695, -24.96984847], [-48.5206706, -24.96982138], [-48.52085651, -24.96974014], [-48.52093508, -24.96967246], [-48.52096075, -24.96962282], [-48.5212429, -24.96972205], [-48.52138057, -24.96982129], [-48.52170672, -24.97034011], [-48.52198147, -24.97061981], [-48.52219497, -24.9709311], [-48.52227421, -24.97118375], [-48.5223031, -24.97191016], [-48.52149661, -24.97267349], [-48.52048025, -24.97396974], [-48.52081227, -24.97537033], [-48.52108544, -24.97574992], [-48.52122929, -24.97573637], [-48.52161973, -24.97581753], [-48.52207514, -24.97597989], [-48.52361226, -24.97694972], [-48.52386348, -24.97705346], [-48.5241079, -24.97711208], [-48.52446615, -24.97713008], [-48.52383133, -24.97747232], [-48.52193633, -24.97768702], [-48.5209298, -24.97849093], [-48.52037822, -24.97905623], [-48.52004689, -24.97950627], [-48.51984325, -24.97943625], [-48.51983461, -24.9796077], [-48.51955591, -24.97993259], [-48.51940775, -24.98021234], [-48.51934815, -24.98095229], [-48.51914156, -24.98147568], [-48.5190686, -24.98190882], [-48.51783322, -24.98024478], [-48.51694476, -24.9796555], [-48.51525928, -24.97839632], [-48.5133691, -24.97836474], [-48.5122742, -24.979085], [-48.51092246, -24.97914454], [-48.50939397, -24.97903681], [-48.50813725, -24.9788517], [-48.50723549, -24.97891862], [-48.50625882, -24.97906759], [-48.50667441, -24.9809939], [-48.50688829, -24.9828663], [-48.5071749, -24.98515379], [-48.50741459, -24.98677249], [-48.50762211, -24.98772098], [-48.5077141, -24.98939035], [-48.50906581, -24.99084906], [-48.50985783, -24.99176506], [-48.51083478, -24.99243795], [-48.51198345, -24.99352409], [-48.51223864, -24.99426693], [-48.51250049, -24.99468159], [-48.5114673, -24.99679814], [-48.51109067, -24.99761243], [-48.51027714, -24.99776299], [-48.51026226, -24.9985013], [-48.50970399, -24.99939469], [-48.50941405, -25.00037472], [-48.5099442, -25.00087595], [-48.51011764, -25.0012071], [-48.51045624, -25.00227969], [-48.51206674, -25.002799], [-48.51271512, -25.00190711], [-48.51389527, -25.0014345], [-48.51731953, -25.00132754], [-48.51839813, -25.0014277], [-48.51961723, -25.00125458], [-48.51953606, -25.00118315], [-48.52031674, -25.00117402], [-48.52058407, -25.00112436], [-48.52065698, -25.00105499], [-48.5211906, -25.00139214], [-48.52159479, -25.00156856], [-48.52246128, -25.00227078], [-48.52300056, -25.00359793], [-48.52361556, -25.00429595], [-48.52334684, -25.00515115], [-48.52289755, -25.00560219], [-48.52213264, -25.00610523], [-48.520825, -25.00545299], [-48.5197677, -25.00486223], [-48.51717136, -25.00551017], [-48.51697488, -25.00561847], [-48.51669426, -25.00588469], [-48.51669214, -25.00628173], [-48.51659504, -25.00678704], [-48.51791271, -25.00674635], [-48.5187104, -25.00701799], [-48.51879447, -25.00753601], [-48.51854104, -25.0083928], [-48.5179518, -25.00950233], [-48.51751202, -25.01022685], [-48.51687033, -25.0115938], [-48.51636304, -25.01254854], [-48.51577664, -25.01270649], [-48.51480964, -25.01309911], [-48.51407936, -25.0132616], [-48.51358114, -25.01327067], [-48.51314233, -25.01322559], [-48.51256085, -25.0130226], [-48.51219818, -25.01303617], [-48.51193112, -25.0131174], [-48.51178816, -25.01318959], [-48.51102725, -25.01317507], [-48.51013337, -25.0129879], [-48.50935216, -25.0129984], [-48.50930579, -25.01402441], [-48.50960042, -25.01458837], [-48.50968709, -25.01486809], [-48.51000341, -25.01562603], [-48.51014918, -25.01572527], [-48.51076474, -25.01629371], [-48.5107892, -25.01665013], [-48.51087031, -25.0169479], [-48.51122565, -25.01789984], [-48.51141631, -25.01821565], [-48.51156023, -25.0183961], [-48.51183195, -25.01856753], [-48.51239055, -25.01877503], [-48.51305313, -25.01882911], [-48.51364328, -25.01883357], [-48.51426376, -25.01891022], [-48.51465277, -25.01902749], [-48.51500156, -25.01925756], [-48.51552555, -25.01976281], [-48.5157286, -25.02005154], [-48.51593878, -25.02053427], [-48.51593817, -25.02062451], [-48.51573488, -25.02091327], [-48.51613974, -25.02147268], [-48.51643288, -25.02212233], [-48.51695014, -25.02314192], [-48.51718693, -25.02373237], [-48.51743461, -25.02417955], [-48.51776115, -25.0245224], [-48.51804279, -25.02469381], [-48.51839562, -25.024784], [-48.51878216, -25.02482005], [-48.52079219, -25.02459422], [-48.52169649, -25.02453997], [-48.52306282, -25.0245082], [-48.52371831, -25.02453066], [-48.52409866, -25.0246028], [-48.52449359, -25.02474711], [-48.52491763, -25.02504481], [-48.52536183, -25.02555908], [-48.52488277, -25.02570804], [-48.52456745, -25.02587501], [-48.52427257, -25.02621343], [-48.52432551, -25.0263217], [-48.52431717, -25.02644352], [-48.52419932, -25.02679545], [-48.52417059, -25.02703457], [-48.52422323, -25.02722856], [-48.52431238, -25.02730073], [-48.52446342, -25.02735936], [-48.52427746, -25.02758497], [-48.52364661, -25.02870846], [-48.5235281, -25.02884383], [-48.52309673, -25.02920933], [-48.52253446, -25.02962899], [-48.52204769, -25.02994036], [-48.52063175, -25.03187603], [-48.52036065, -25.0319663], [-48.51962039, -25.03236793], [-48.51856232, -25.03311698], [-48.5180251, -25.03362685], [-48.51764015, -25.03409611], [-48.51733194, -25.03459242], [-48.51702872, -25.03527821], [-48.51695546, -25.03595947], [-48.5169307, -25.03601812], [-48.51702765, -25.03661365], [-48.5172336, -25.03702963], [-48.51500831, -25.03819596], [-48.51345402, -25.04040515], [-48.51461876, -25.04191474], [-48.51566824, -25.04290662], [-48.51617191, -25.04600991], [-48.51319981, -25.04676253], [-48.51124206, -25.04713091], [-48.50935067, -25.04732847], [-48.5065031, -25.04726175], [-48.50661205, -25.04707226], [-48.50677391, -25.04666621], [-48.50677947, -25.04644063], [-48.50664388, -25.04608422], [-48.50636157, -25.04559247], [-48.50612384, -25.04530826], [-48.50602539, -25.04496988], [-48.50604891, -25.04464957], [-48.50619498, -25.04409013], [-48.50618844, -25.04322841], [-48.50609029, -25.0425968], [-48.50586832, -25.04167644], [-48.50584042, -25.04069743], [-48.50601494, -25.03962366], [-48.50651232, -25.03926723], [-48.50544362, -25.03832219], [-48.50723343, -25.03691942], [-48.51043949, -25.03703053], [-48.51164823, -25.03636303], [-48.51403558, -25.03583342], [-48.51400453, -25.03492659], [-48.51403917, -25.03473259], [-48.51421306, -25.03421374], [-48.51478552, -25.03309481], [-48.51557122, -25.03206608], [-48.51549106, -25.03209316], [-48.51521715, -25.03206612], [-48.51455171, -25.03181353], [-48.51363462, -25.03130379], [-48.51299889, -25.03099254], [-48.5128013, -25.02910369], [-48.51283944, -25.02721301], [-48.5124713, -25.02674836], [-48.51129965, -25.02558248], [-48.51071649, -25.02643242], [-48.51108788, -25.02672519], [-48.51107285, -25.02747], [-48.5106107, -25.02855117], [-48.50997146, -25.02905628], [-48.50856839, -25.03000706], [-48.50774279, -25.0303944], [-48.50757436, -25.03024846], [-48.50646051, -25.03018084], [-48.50592786, -25.03000942], [-48.50516681, -25.02963046], [-48.50476106, -25.02936429], [-48.5045738, -25.02918382], [-48.50429092, -25.02880937], [-48.50421478, -25.02856124], [-48.50416217, -25.02846649], [-48.504852, -25.02806042], [-48.50499312, -25.02794311], [-48.50502683, -25.02724832], [-48.50498596, -25.02677009], [-48.5050463, -25.02648134], [-48.50515863, -25.02617004], [-48.50533874, -25.02593091], [-48.50499582, -25.0258452], [-48.50480982, -25.02574144], [-48.50449043, -25.02550684], [-48.50437252, -25.02536698], [-48.5042026, -25.02505117], [-48.50393859, -25.02418945], [-48.50384698, -25.02406763], [-48.50331219, -25.02357588], [-48.50329702, -25.02349467], [-48.50308472, -25.02316081], [-48.50303056, -25.02295328], [-48.50298009, -25.02235774], [-48.50305436, -25.02162684], [-48.50296366, -25.02097266], [-48.50249048, -25.02071098], [-48.50211385, -25.02053955], [-48.50116223, -25.02027337], [-48.50083791, -25.02021021], [-48.50072278, -25.0201696], [-48.500279, -25.01993951], [-48.50034531, -25.01983933], [-48.50074348, -25.01881431], [-48.50170148, -25.01499049], [-48.50404753, -25.01405561], [-48.50488576, -25.01303807], [-48.50528966, -25.01172666], [-48.50492472, -25.01069948], [-48.50445528, -25.01055512], [-48.5035065, -25.00991899], [-48.50327719, -25.0098423], [-48.50283005, -25.00981072], [-48.50258497, -25.00982877], [-48.50217123, -25.00731857], [-48.50366826, -25.00482198], [-48.50404896, -25.00465644], [-48.50480801, -25.00443994], [-48.50489171, -25.00340973], [-48.50540859, -25.00273064], [-48.50485549, -25.00209093], [-48.50360274, -25.00184066], [-48.50341529, -25.00178021], [-48.50197283, -25.00158404], [-48.50064792, -25.00179101], [-48.49982022, -25.00229291], [-48.49938595, -25.00199903], [-48.49957804, -25.00183032], [-48.49978285, -25.0010314], [-48.50017167, -25.00046481], [-48.49994108, -24.99942933], [-48.4999492, -24.99902828], [-48.49940079, -24.99815939], [-48.49947297, -24.99770208], [-48.50011323, -24.99713973], [-48.50094089, -24.99663785], [-48.50144848, -24.9964171], [-48.50158114, -24.99607549], [-48.50158694, -24.99578901], [-48.50114804, -24.99572433], [-48.50020508, -24.99570848], [-48.4993913, -24.99552285], [-48.49903382, -24.99454253], [-48.49923982, -24.99368633], [-48.50006634, -24.99324171], [-48.50039805, -24.99238761], [-48.5004748, -24.99232771], [-48.50090269, -24.99210212], [-48.50111928, -24.99201188], [-48.50140115, -24.9919848], [-48.50160072, -24.99200736], [-48.50202955, -24.99215174], [-48.5025806, -24.99222843], [-48.50284174, -24.99223744], [-48.50308462, -24.99217427], [-48.50386153, -24.99176369], [-48.50500941, -24.99146137], [-48.50541936, -24.99116357], [-48.50566099, -24.99087481], [-48.50631289, -24.99076651], [-48.50644655, -24.99072138], [-48.50678565, -24.99047322], [-48.50537707, -24.98596598], [-48.50441781, -24.9859727], [-48.50429986, -24.98562921], [-48.50431136, -24.98506016], [-48.50413556, -24.98448796], [-48.50386815, -24.98410519], [-48.50371277, -24.98361286], [-48.50347096, -24.98330745], [-48.50306466, -24.98296159], [-48.50261245, -24.98284099], [-48.50220545, -24.98263632], [-48.50195978, -24.98241566], [-48.50185182, -24.98162278], [-48.50195348, -24.98068273], [-48.50226096, -24.97978382], [-48.50268703, -24.97915058], [-48.50333923, -24.9784975], [-48.50283762, -24.97821155], [-48.50162018, -24.97819111], [-48.50050048, -24.97835733], [-48.5000834, -24.97890537], [-48.49976976, -24.97936258], [-48.49862385, -24.98082332], [-48.49749285, -24.9815443], [-48.49687294, -24.98208895], [-48.49624166, -24.98318838], [-48.4953136, -24.98391276], [-48.49398162, -24.98453779], [-48.49315115, -24.98544882], [-48.49212541, -24.98598653], [-48.49066609, -24.98671928], [-48.49059037, -24.98660822], [-48.49051265, -24.98637638], [-48.48959791, -24.98471145], [-48.48940149, -24.98419709], [-48.48941236, -24.98366019], [-48.48965312, -24.98277588], [-48.48973113, -24.98219838], [-48.48885408, -24.98105513], [-48.48857396, -24.98012375], [-48.48536002, -24.97936077], [-48.48386103, -24.97955346], [-48.48332292, -24.97954436], [-48.48218817, -24.97947067], [-48.48135334, -24.97934751], [-48.48045333, -24.97949578], [-48.48003479, -24.9794887], [-48.48008996, -24.97929187], [-48.48005628, -24.97900763], [-48.48006837, -24.9788046], [-48.48023799, -24.97829928], [-48.48045337, -24.97789776], [-48.48044539, -24.97750523], [-48.4802858, -24.9771217], [-48.48028336, -24.97686002], [-48.48044461, -24.97638629], [-48.48060212, -24.97608401], [-48.48086576, -24.97567798], [-48.48110003, -24.97511853], [-48.48109703, -24.97449139], [-48.48103991, -24.97418499], [-48.48101763, -24.97367473], [-48.48105379, -24.97350356], [-48.48120238, -24.97325064], [-48.48219359, -24.97310185], [-48.48245131, -24.97298908], [-48.48277431, -24.9727906], [-48.48293487, -24.97273648], [-48.48317556, -24.97268235], [-48.48395794, -24.97261926], [-48.48438888, -24.9726148], [-48.485811, -24.97268712], [-48.48618935, -24.97268715], [-48.4866695, -24.97259244], [-48.48690307, -24.97250222], [-48.48688462, -24.97202759], [-48.48635541, -24.97158254], [-48.48382796, -24.9719752], [-48.48291903, -24.97206006], [-48.48206762, -24.9720206], [-48.48141214, -24.97180903], [-48.48045029, -24.97179275], [-48.47978921, -24.97185673], [-48.47929301, -24.9719235], [-48.4780492, -24.97225325], [-48.47752654, -24.97226945], [-48.47689037, -24.97245913], [-48.4760644, -24.9725203], [-48.47499876, -24.97220151], [-48.47459735, -24.97192257], [-48.47254176, -24.97156658], [-48.47110261, -24.9717602], [-48.46852879, -24.97187998], [-48.46752641, -24.97194923], [-48.46667398, -24.97195977], [-48.46637272, -24.97190452], [-48.46599106, -24.97174767], [-48.46552697, -24.97158942], [-48.46509241, -24.97133143], [-48.46490312, -24.97117785], [-48.46458744, -24.97083866], [-48.46414547, -24.97058859], [-48.46395619, -24.97043501], [-48.46349159, -24.9703018], [-48.46299796, -24.97024326], [-48.46211806, -24.97025332], [-48.46153943, -24.97031862], [-48.46104221, -24.97043543], [-48.46024321, -24.97052203], [-48.45977037, -24.97078961], [-48.45931618, -24.97093858], [-48.45844666, -24.97099253], [-48.45784466, -24.97085695], [-48.45754662, -24.97052259], [-48.45660565, -24.97031065], [-48.45584527, -24.97049702], [-48.45523658, -24.97068708], [-48.45465794, -24.97075236], [-48.45369663, -24.97071085], [-48.45295775, -24.97054785], [-48.45244078, -24.97028842], [-48.4520887, -24.9700318], [-48.45155128, -24.96951912], [-48.45104308, -24.96915789], [-48.44984356, -24.96898063], [-48.44967983, -24.96858615], [-48.44973891, -24.96780374], [-48.4495881, -24.96678273], [-48.4495491, -24.96641748], [-48.44984373, -24.96605212], [-48.44998395, -24.96582205], [-48.45004656, -24.96547015], [-48.44998518, -24.96500088], [-48.45075267, -24.96412581], [-48.44973589, -24.96239293], [-48.44964818, -24.96199135], [-48.4493854, -24.96157166], [-48.44908728, -24.96135049], [-48.44842262, -24.96107505], [-48.44774123, -24.96089886], [-48.44742481, -24.96078146], [-48.44654769, -24.96039766], [-48.44590592, -24.96016734], [-48.44535449, -24.95987389], [-48.44515011, -24.95970237], [-48.44487123, -24.95935936], [-48.44480326, -24.95914727], [-48.44465294, -24.95833057], [-48.44443135, -24.9578387], [-48.44421954, -24.95768071], [-48.44380077, -24.95749106], [-48.44358185, -24.95731503], [-48.44305508, -24.95654781], [-48.44273457, -24.95638971], [-48.44224348, -24.95605102], [-48.4417507, -24.95579487], [-48.4413954, -24.95545853], [-48.44118445, -24.95471185], [-48.44118955, -24.95466634], [-48.44017413, -24.9544163], [-48.43614006, -24.95292141], [-48.43385362, -24.95259699], [-48.43102263, -24.95340341], [-48.42927512, -24.95223291], [-48.42592107, -24.9531252], [-48.42329656, -24.95403008], [-48.42340552, -24.95384171], [-48.42427059, -24.95289911], [-48.4245718, -24.9524661], [-48.42476415, -24.9519789], [-48.42478207, -24.95145101], [-48.42460971, -24.9510268], [-48.4238931, -24.94978568], [-48.42365768, -24.94929377], [-48.42361405, -24.94877488], [-48.42364328, -24.9485177], [-48.42380284, -24.94803049], [-48.42418575, -24.94747569], [-48.42468427, -24.94706534], [-48.42526093, -24.94684451], [-48.42614563, -24.94667345], [-48.42695263, -24.94660163], [-48.4280278, -24.94655247], [-48.42856473, -24.94658429], [-48.42963639, -24.94670657], [-48.43047019, -24.94687838], [-48.43153806, -24.94716759], [-48.43335675, -24.94782709], [-48.43442461, -24.94817946], [-48.43815418, -24.94963826], [-48.43920221, -24.95012595], [-48.44122523, -24.95124565], [-48.44260216, -24.95230645], [-48.44281054, -24.95251858], [-48.44352623, -24.95343024], [-48.44400704, -24.9538816], [-48.44485683, -24.95440076], [-48.44523446, -24.95451819], [-48.44563564, -24.95454991], [-48.44590537, -24.95453195], [-48.44660483, -24.95430659], [-48.44717965, -24.95404959], [-48.44759701, -24.95381961], [-48.44809512, -24.95351747], [-48.44858738, -24.95317472], [-48.44884198, -24.95307102], [-48.4490808, -24.95301695], [-48.44931742, -24.95302154], [-48.45010741, -24.95317884], [-48.450477, -24.95089199], [-48.44622261, -24.94863963], [-48.44325524, -24.94632073], [-48.44162444, -24.94498693], [-48.44087116, -24.94439231], [-48.43962118, -24.94344052], [-48.43857762, -24.94287275], [-48.43797908, -24.94265628], [-48.43716018, -24.94216111], [-48.43654885, -24.94134878], [-48.43507455, -24.94095685], [-48.43337996, -24.93907204], [-48.43286818, -24.93830724], [-48.43220715, -24.93747113], [-48.43184466, -24.93677762], [-48.43156749, -24.9356045], [-48.43113394, -24.93470359], [-48.43113048, -24.93409621], [-48.43033365, -24.93331525], [-48.42989726, -24.93255174], [-48.42952766, -24.93220173], [-48.42891852, -24.93120753], [-48.42864603, -24.93128412], [-48.42843819, -24.93127951], [-48.4281358, -24.93115304], [-48.42732531, -24.93039467], [-48.42707304, -24.93023664], [-48.42644072, -24.92999269], [-48.42605911, -24.92992935], [-48.42513507, -24.92989736], [-48.42495262, -24.92986568], [-48.42482002, -24.92973478], [-48.42462231, -24.9292925], [-48.42435208, -24.92918861], [-48.42359818, -24.92903033], [-48.42348069, -24.92897614], [-48.42332399, -24.92884522], [-48.42330146, -24.92874142], [-48.42332812, -24.92864669], [-48.42348665, -24.92830835], [-48.42338592, -24.92815491], [-48.42316485, -24.92803298], [-48.42294345, -24.92796519], [-48.42208439, -24.92787004], [-48.42183086, -24.92778419], [-48.42172141, -24.92771644], [-48.42155697, -24.9275765], [-48.42137964, -24.92725156], [-48.42135033, -24.92713872], [-48.42131087, -24.92636714], [-48.42120973, -24.92585724], [-48.42108279, -24.92558645], [-48.4211046, -24.9247788], [-48.42135277, -24.92398029], [-48.42139335, -24.92278912], [-48.42142933, -24.92258611], [-48.42159782, -24.92213948], [-48.42201909, -24.92144935], [-48.42221489, -24.92084031], [-48.42228557, -24.92053803], [-48.42241777, -24.92026286], [-48.42253322, -24.92008693], [-48.42316592, -24.91955029], [-48.42329682, -24.91939243], [-48.42343342, -24.91897287], [-48.42350922, -24.91836377], [-48.42355311, -24.91782685], [-48.42353812, -24.91698309], [-48.42365474, -24.91637401], [-48.42400269, -24.91572445], [-48.42428118, -24.91536811], [-48.42455007, -24.91509751], [-48.42472402, -24.91478175], [-48.42476774, -24.91457872], [-48.42477408, -24.91427189], [-48.42466119, -24.91317991], [-48.42465973, -24.91248053], [-48.42473845, -24.91217826], [-48.42586282, -24.90983248], [-48.42653301, -24.9090567], [-48.42704407, -24.90861021], [-48.42719136, -24.90842529], [-48.42729938, -24.9082223], [-48.42744338, -24.90782078], [-48.42803983, -24.90669752], [-48.42809441, -24.90639072], [-48.42811345, -24.90547477], [-48.42844122, -24.90427467], [-48.42844535, -24.90407162], [-48.42813721, -24.90319615], [-48.42807216, -24.90284416], [-48.42808559, -24.90258248], [-48.42816335, -24.90230727], [-48.42821318, -24.902199], [-48.42843899, -24.9020502], [-48.42890315, -24.90194211], [-48.42934472, -24.90189266], [-48.42866716, -24.90145017], [-48.42820758, -24.901089], [-48.42821178, -24.90073707], [-48.42825485, -24.90056562], [-48.42868756, -24.89969948], [-48.42899207, -24.89922581], [-48.42901004, -24.89913108], [-48.42928394, -24.89862132], [-48.43071692, -24.89521976], [-48.42999272, -24.89478177], [-48.42922252, -24.89423096], [-48.42895739, -24.89397815], [-48.42873371, -24.89360806], [-48.42857534, -24.89317031], [-48.42846066, -24.89255661], [-48.42849021, -24.89217759], [-48.42855955, -24.89203322], [-48.42865082, -24.89194512], [-48.42850567, -24.89205366], [-48.42826237, -24.89214592], [-48.42792533, -24.89221345], [-48.42709767, -24.89219503], [-48.4267165, -24.89210461], [-48.42587879, -24.89180192], [-48.42521197, -24.89165723], [-48.42496963, -24.89155786], [-48.42461423, -24.89127794], [-48.42415804, -24.89100249], [-48.42340013, -24.89066822], [-48.42260818, -24.8903926], [-48.42213402, -24.89028203], [-48.42238959, -24.88832411], [-48.42260217, -24.8872955], [-48.42267162, -24.88671515], [-48.42295376, -24.88594754], [-48.42324577, -24.88503805], [-48.42354322, -24.88383218], [-48.42373727, -24.88317757], [-48.42421503, -24.88215144], [-48.42454297, -24.88104429], [-48.42455595, -24.88041856], [-48.42480625, -24.87937961], [-48.42482932, -24.87826721], [-48.42501346, -24.87674026], [-48.4250423, -24.87534974], [-48.42513586, -24.87446056], [-48.42506989, -24.87279155], [-48.42537845, -24.87327902], [-48.42551132, -24.87340542], [-48.4256921, -24.87351831], [-48.42597157, -24.87348685], [-48.42635715, -24.87331556], [-48.42664435, -24.87329313], [-48.42679361, -24.87339698], [-48.42731447, -24.87405149], [-48.42754128, -24.87422756], [-48.42770821, -24.87424118], [-48.42804807, -24.87402924], [-48.42822431, -24.87397518], [-48.42841504, -24.87397976], [-48.42876304, -24.87412883], [-48.4290671, -24.87440421], [-48.4299275, -24.8748558], [-48.43017814, -24.87501834], [-48.43073106, -24.87526675], [-48.43092179, -24.87527135], [-48.43121057, -24.87519477], [-48.43159423, -24.87515431], [-48.43198372, -24.87521765], [-48.43360331, -24.87584099], [-48.43395101, -24.8760081], [-48.43415533, -24.87607586], [-48.43441438, -24.87608048], [-48.43470007, -24.87599937], [-48.43516318, -24.87594992], [-48.43578393, -24.87596821], [-48.43608817, -24.87590515], [-48.43647072, -24.87557591], [-48.43663958, -24.87544963], [-48.43712068, -24.8752964], [-48.43743702, -24.87507091], [-48.43789876, -24.87465143], [-48.43843896, -24.87435384], [-48.43875058, -24.87430884], [-48.43936975, -24.87442187], [-48.43948165, -24.87441741], [-48.43970549, -24.87439944], [-48.44026602, -24.87422366], [-48.44061751, -24.87421926], [-48.44106108, -24.87434127], [-48.44166478, -24.87442269], [-48.44249296, -24.87443203], [-48.44314774, -24.87437809], [-48.44343431, -24.87439624], [-48.44375082, -24.87449563], [-48.44411274, -24.87470782], [-48.44436429, -24.8748839], [-48.44448729, -24.87501929], [-48.44519467, -24.87558356], [-48.44612154, -24.87622462], [-48.4465153, -24.87645486], [-48.44717831, -24.87674388], [-48.44817799, -24.87696528], [-48.44850224, -24.87706916], [-48.44893651, -24.87727235], [-48.44977006, -24.87782761], [-48.45008472, -24.8780082], [-48.45041669, -24.87813465], [-48.45091191, -24.87820248], [-48.45121147, -24.87826573], [-48.45198141, -24.8786811], [-48.45226981, -24.87874887], [-48.45327614, -24.87860475], [-48.45406969, -24.87874486], [-48.45463084, -24.87859161], [-48.45480644, -24.8785736], [-48.45506115, -24.87859172], [-48.45586098, -24.87842497], [-48.45632099, -24.87847925], [-48.45605924, -24.87811821], [-48.45598358, -24.87791062], [-48.4559577, -24.87762182], [-48.45602829, -24.87726989], [-48.45607111, -24.87677807], [-48.45613857, -24.87657503], [-48.45627065, -24.87635397], [-48.45661394, -24.87591637], [-48.45673872, -24.8752847], [-48.45698584, -24.87490573], [-48.4569625, -24.87445451], [-48.45704569, -24.87431012], [-48.45732308, -24.87399433], [-48.45735681, -24.87389056], [-48.45740486, -24.87348447], [-48.45738607, -24.87324532], [-48.45741012, -24.87320983], [-48.45740493, -24.87311984], [-48.45755065, -24.87244086], [-48.45659712, -24.87210179], [-48.45600499, -24.87262216], [-48.4531435, -24.87222189], [-48.45160069, -24.87191052], [-48.45002316, -24.87162487], [-48.44824696, -24.87100446], [-48.4456482, -24.87032353], [-48.44517738, -24.86892539], [-48.44516935, -24.86798135], [-48.44508153, -24.86660078], [-48.44498277, -24.86575042], [-48.44557478, -24.86523002], [-48.44466451, -24.86425966], [-48.44432674, -24.86372354], [-48.44470377, -24.86235082], [-48.44495807, -24.86129434], [-48.4461204, -24.86131423], [-48.4472785, -24.86154612], [-48.4491382, -24.86157792], [-48.4511165, -24.86150565], [-48.4512479, -24.86076527], [-48.45032024, -24.86064341], [-48.44977833, -24.86049269], [-48.44936725, -24.86033895], [-48.44826898, -24.86010899], [-48.44662823, -24.85941666], [-48.44535398, -24.85900216], [-48.44396427, -24.85873115], [-48.44129962, -24.85826122], [-48.44085441, -24.85729877], [-48.44175264, -24.85673808], [-48.44207585, -24.85639173], [-48.4422812, -24.85611655], [-48.44247538, -24.85595419], [-48.44306893, -24.85576938], [-48.44334316, -24.85561155], [-48.44349779, -24.85544915], [-48.44396478, -24.85482211], [-48.4441599, -24.85462362], [-48.44433704, -24.8545154], [-48.44452903, -24.85446131], [-48.44481585, -24.85447494], [-48.44509586, -24.85456077], [-48.44523728, -24.85490376], [-48.44545477, -24.85518811], [-48.44580796, -24.85542738], [-48.44602183, -24.85551318], [-48.44646845, -24.85558552], [-48.44668203, -24.85559462], [-48.44713579, -24.85555867], [-48.44777252, -24.8555724], [-48.44855077, -24.85573058], [-48.44897726, -24.85591121], [-48.44971769, -24.85632206], [-48.45015994, -24.85651171], [-48.4508257, -24.85665631], [-48.4510476, -24.85673309], [-48.45173921, -24.85715744], [-48.45291621, -24.85727511], [-48.45347038, -24.85745576], [-48.45411846, -24.85773119], [-48.45452953, -24.85784412], [-48.45531062, -24.8578669], [-48.45560457, -24.85791209], [-48.45556763, -24.85738866], [-48.45580934, -24.85646369], [-48.45584622, -24.85620199], [-48.45577004, -24.85567853], [-48.45583873, -24.85541684], [-48.45605556, -24.85492957], [-48.4564919, -24.85428893], [-48.45703441, -24.85368621], [-48.45907783, -24.85315436], [-48.45938116, -24.85315952], [-48.45986595, -24.85327902], [-48.46067825, -24.8532702], [-48.4611564, -24.85329738], [-48.46163111, -24.8534464], [-48.46265717, -24.85392044], [-48.46313283, -24.8540153], [-48.46427894, -24.85407873], [-48.46464369, -24.85400662], [-48.46483318, -24.85392544], [-48.4651575, -24.85359159], [-48.46536709, -24.85345175], [-48.46623814, -24.85332559], [-48.4665754, -24.85318126], [-48.46707026, -24.85313173], [-48.46827703, -24.85282964], [-48.4681037, -24.8525002], [-48.4681397, -24.85190458], [-48.46812183, -24.8516203], [-48.46801838, -24.85120514], [-48.4679566, -24.8510833], [-48.46775189, -24.85021238], [-48.46760084, -24.84980172], [-48.46739969, -24.84952192], [-48.4668994, -24.84903448], [-48.46623839, -24.84861018], [-48.46575721, -24.84838448], [-48.46563505, -24.84838399], [-48.4654714, -24.84816649], [-48.46519342, -24.8479024], [-48.46447813, -24.84771516], [-48.46331475, -24.8487707], [-48.4615155, -24.84932432], [-48.4600804, -24.84925281], [-48.45812676, -24.84912437], [-48.45636429, -24.84939509], [-48.45514362, -24.8497542], [-48.45421756, -24.85005396], [-48.45222521, -24.84981151], [-48.45250917, -24.84918436], [-48.45313683, -24.84847611], [-48.45359571, -24.84786257], [-48.45400732, -24.84723094], [-48.4544632, -24.84636471], [-48.4546252, -24.84617523], [-48.45489438, -24.84627006], [-48.45514842, -24.84631977], [-48.45597736, -24.84632901], [-48.45634267, -24.84635619], [-48.45697592, -24.84654136], [-48.45804032, -24.84671761], [-48.45964027, -24.84713766], [-48.46014993, -24.84717389], [-48.46040617, -24.84712431], [-48.46105039, -24.84676348], [-48.46140338, -24.8466282], [-48.46165868, -24.84661923], [-48.4620237, -24.84666895], [-48.46216679, -24.84664643], [-48.46224841, -24.84661035], [-48.46230747, -24.84648401], [-48.46234369, -24.8462945], [-48.46240491, -24.84624487], [-48.46287069, -24.84615926], [-48.46298353, -24.84611415], [-48.46307348, -24.84601941], [-48.46313319, -24.84581636], [-48.46313759, -24.84559978], [-48.46321211, -24.84547796], [-48.46335553, -24.84542836], [-48.46372332, -24.84539234], [-48.46389952, -24.84533372], [-48.46398114, -24.84525703], [-48.46403091, -24.84514874], [-48.46409136, -24.84451701], [-48.46422182, -24.84438167], [-48.46444252, -24.8442644], [-48.4644942, -24.84412289], [-48.46592992, -24.84213151], [-48.463866, -24.84071737], [-48.46202381, -24.83983743], [-48.45936388, -24.83915561], [-48.45822558, -24.83796926], [-48.45842125, -24.83700864], [-48.45840883, -24.83669959], [-48.45879514, -24.83626262], [-48.4588947, -24.83609117], [-48.45906421, -24.83558583], [-48.4591546, -24.83508046], [-48.45925544, -24.8347962], [-48.45931262, -24.83474658], [-48.45931388, -24.83468792], [-48.45940849, -24.83451648], [-48.45943422, -24.8342683], [-48.45951585, -24.83413745], [-48.45970853, -24.83367724], [-48.45985632, -24.83346067], [-48.4601259, -24.83313134], [-48.46049004, -24.83283361], [-48.4608767, -24.83264868], [-48.4611156, -24.83262618], [-48.46184804, -24.83264441], [-48.46207209, -24.83261288], [-48.46226466, -24.83252718], [-48.46247577, -24.83236478], [-48.4624764, -24.83233771], [-48.46270823, -24.83211666], [-48.46262902, -24.83205472], [-48.46502488, -24.82949167], [-48.46563403, -24.82812289], [-48.46332721, -24.82723499], [-48.46300878, -24.82574437], [-48.4653718, -24.82387493], [-48.46574416, -24.82271421], [-48.46751303, -24.82147115], [-48.46961761, -24.82087023], [-48.47018351, -24.82162244], [-48.47086787, -24.82227058], [-48.47254412, -24.81985889], [-48.46807266, -24.81879781], [-48.46671143, -24.81775305], [-48.46551855, -24.81675732], [-48.46448048, -24.81661768], [-48.46113429, -24.81994201], [-48.46032159, -24.82071255], [-48.45936462, -24.82140357], [-48.45862507, -24.82212001], [-48.4571431, -24.82267418], [-48.45538701, -24.82328084], [-48.45314838, -24.82474856], [-48.45114732, -24.82596688], [-48.44867875, -24.82730385], [-48.44277512, -24.82531209], [-48.44277956, -24.82530031], [-48.44253623, -24.82516325], [-48.44304763, -24.82383972], [-48.44335898, -24.82341566], [-48.44354694, -24.82321718], [-48.44421835, -24.8227075], [-48.44499122, -24.82190002], [-48.44531457, -24.82167001], [-48.44598613, -24.82136356], [-48.44625664, -24.82119201], [-48.44644335, -24.8210206], [-48.44654169, -24.82084916], [-48.44672035, -24.81995122], [-48.44687411, -24.81944135], [-48.44710321, -24.81913007], [-48.4476049, -24.81871509], [-48.44784974, -24.81844894], [-48.44798287, -24.81779015], [-48.44819414, -24.81718554], [-48.4482767, -24.81706373], [-48.44847948, -24.81687427], [-48.44890694, -24.8166217], [-48.44948581, -24.81634662], [-48.45024051, -24.81605806], [-48.45211263, -24.81560738], [-48.45267446, -24.81540901], [-48.45334976, -24.81508427], [-48.45409701, -24.8148047], [-48.45426482, -24.81477316], [-48.45488497, -24.81481396], [-48.45510809, -24.81477793], [-48.45589552, -24.81448032], [-48.45601636, -24.81441718], [-48.4562831, -24.8141871], [-48.45647324, -24.81389383], [-48.45663963, -24.81344263], [-48.45685291, -24.81320803], [-48.45705504, -24.81305467], [-48.45790768, -24.81269841], [-48.4587594, -24.81229702], [-48.45895968, -24.81217072], [-48.46008499, -24.81130461], [-48.46073028, -24.81093023], [-48.46097414, -24.81070014], [-48.4612035, -24.81037078], [-48.46127946, -24.80988388], [-48.46099049, -24.80990886], [-48.46001166, -24.80989224], [-48.45882942, -24.81006427], [-48.45394774, -24.80998121], [-48.45285986, -24.80965529], [-48.45164025, -24.80959608], [-48.45016733, -24.80957096], [-48.44906531, -24.80993641], [-48.4478799, -24.810262], [-48.44695391, -24.81084844], [-48.44666451, -24.81226782], [-48.44416556, -24.81073649], [-48.44248618, -24.81051565], [-48.44123711, -24.80984106], [-48.43998883, -24.80912806], [-48.43850703, -24.80748885], [-48.43735009, -24.80643156], [-48.43681094, -24.80603807], [-48.43651459, -24.80585033], [-48.43643135, -24.80604458], [-48.43642127, -24.80642814], [-48.43660902, -24.80734876], [-48.43701606, -24.80848155], [-48.43704787, -24.80850864], [-48.43712129, -24.80879747], [-48.43714488, -24.80919007], [-48.43709961, -24.80956459], [-48.43690186, -24.81018724], [-48.43667892, -24.81054817], [-48.43656715, -24.81066525], [-48.43637219, -24.81068629], [-48.43321054, -24.81148783], [-48.43052353, -24.81121823], [-48.42784347, -24.81061362], [-48.42550277, -24.81135529], [-48.42219713, -24.81141002], [-48.41962789, -24.8113657], [-48.41740023, -24.81255602], [-48.41719308, -24.81419209], [-48.41577192, -24.8151986], [-48.41502985, -24.81458608], [-48.41480127, -24.81443706], [-48.41418622, -24.81415244], [-48.4133391, -24.81390381], [-48.41289028, -24.8136644], [-48.41202639, -24.8130683], [-48.41150716, -24.81274312], [-48.41100559, -24.81236831], [-48.41083306, -24.813009], [-48.41080122, -24.81303154], [-48.41080353, -24.81329327], [-48.41092285, -24.81369494], [-48.41093542, -24.81385288], [-48.41092253, -24.81392046], [-48.40873147, -24.81388794], [-48.4068674, -24.81438437], [-48.40581295, -24.81479042], [-48.40476058, -24.81509041], [-48.4041686, -24.81561054], [-48.40358767, -24.81560045], [-48.40209707, -24.81461975], [-48.40107126, -24.81364712], [-48.39909831, -24.81350678], [-48.39678125, -24.81314812], [-48.39562816, -24.81270376], [-48.39436571, -24.81193916], [-48.39344282, -24.81160486], [-48.39250896, -24.81180066], [-48.3921933, -24.81169848], [-48.39207225, -24.81172842], [-48.39151863, -24.81013188], [-48.39139903, -24.81044772], [-48.39136528, -24.81092603], [-48.39139648, -24.81093959], [-48.39146526, -24.81110208], [-48.39183784, -24.81158967], [-48.39192916, -24.81176572], [-48.39195006, -24.8118966], [-48.39191308, -24.8121583], [-48.3918118, -24.81246058], [-48.39161125, -24.81288009], [-48.39133189, -24.81328153], [-48.39089906, -24.81358358], [-48.38991773, -24.81388978], [-48.38888709, -24.81442155], [-48.38867589, -24.81459288], [-48.38847283, -24.81465592], [-48.38808438, -24.81470077], [-48.38763913, -24.81466437], [-48.38741826, -24.81459203], [-48.38726105, -24.81449715], [-48.38693443, -24.81413593], [-48.38681903, -24.81392827], [-48.38663932, -24.81340019], [-48.38622174, -24.81279974], [-48.38607198, -24.81267328], [-48.38586751, -24.81256484], [-48.38569359, -24.8125196], [-48.38536945, -24.81251486], [-48.38489696, -24.81255514], [-48.38459418, -24.81251431], [-48.38379179, -24.81205799], [-48.38353847, -24.8119811], [-48.38332629, -24.81186813], [-48.38325527, -24.81180942], [-48.38299873, -24.81117298], [-48.3828602, -24.81093824], [-48.38191134, -24.80978685], [-48.38175667, -24.80962429], [-48.38144324, -24.80939393], [-48.38098581, -24.80919054], [-48.3806801, -24.80896018], [-48.38036834, -24.80859895], [-48.37958819, -24.80784028], [-48.37905114, -24.80751949], [-48.37824872, -24.80716242], [-48.37780062, -24.80690036], [-48.37724808, -24.80628173], [-48.3765339, -24.80539674], [-48.37626069, -24.80513029], [-48.37600195, -24.80492704], [-48.3755545, -24.80462887], [-48.37525428, -24.80451132], [-48.37493765, -24.80442985], [-48.37446989, -24.80438888], [-48.37406621, -24.80421258], [-48.37397076, -24.80419445], [-48.37368435, -24.80417619], [-48.37316484, -24.80429763], [-48.37301377, -24.80427946], [-48.37289003, -24.80410338], [-48.37279333, -24.80376034], [-48.37264516, -24.80361132], [-48.37253584, -24.80355257], [-48.37245646, -24.80352092], [-48.37220093, -24.80353426], [-48.37180067, -24.80366481], [-48.37151393, -24.80367361], [-48.37111978, -24.80323107], [-48.37090361, -24.80312261], [-48.3704243, -24.80320345], [-48.37026711, -24.80311308], [-48.37011896, -24.80295953], [-48.36984415, -24.80276527], [-48.36955969, -24.80265676], [-48.3691253, -24.80262482], [-48.36846128, -24.80266039], [-48.36740431, -24.80261892], [-48.36657056, -24.80243774], [-48.3652629, -24.8025179], [-48.36492892, -24.80249508], [-48.36459654, -24.80240905], [-48.36403852, -24.80210626], [-48.36323596, -24.80195216], [-48.36287337, -24.80180745], [-48.3621412, -24.80140523], [-48.36154695, -24.80088579], [-48.3612304, -24.80043427], [-48.36096802, -24.79928785], [-48.3607602, -24.79887252], [-48.3606994, -24.79880027], [-48.36040115, -24.79859244], [-48.35993574, -24.79839349], [-48.35898467, -24.79816705], [-48.35814188, -24.79809412], [-48.3574926, -24.79793111], [-48.35682027, -24.79766428], [-48.35652036, -24.79757376], [-48.35564551, -24.79715785], [-48.35530901, -24.79689582], [-48.35509688, -24.7967738], [-48.35473275, -24.79664712], [-48.35419206, -24.79665115], [-48.35357583, -24.79679952], [-48.35333028, -24.79673161], [-48.35285815, -24.79646946], [-48.352539, -24.79646015], [-48.35234741, -24.79650059], [-48.35191311, -24.79668973], [-48.35126689, -24.79714491], [-48.35093029, -24.79726193], [-48.35064293, -24.79729326], [-48.35048164, -24.79729311], [-48.35011968, -24.79716642], [-48.34985415, -24.79700373], [-48.34968352, -24.796796], [-48.34927452, -24.79645718], [-48.34891196, -24.79631245], [-48.3484186, -24.79626686], [-48.34727232, -24.79628386], [-48.3461207, -24.79612935], [-48.3454082, -24.79583742], [-48.3458535, -24.79742182], [-48.34589891, -24.79825988], [-48.34422607, -24.7990442], [-48.34285555, -24.80039038], [-48.34223689, -24.80090866], [-48.34125186, -24.80112211], [-48.33922843, -24.80108612], [-48.33772505, -24.80039535], [-48.33596073, -24.80007522], [-48.33680803, -24.79890663], [-48.33651347, -24.79789092], [-48.33573975, -24.79709763], [-48.33503544, -24.79601688], [-48.33513454, -24.79517757], [-48.33416196, -24.79545278], [-48.33354894, -24.79601926], [-48.33241082, -24.79604733], [-48.33069621, -24.79631481], [-48.32926915, -24.79501904], [-48.32892813, -24.79322299], [-48.32775471, -24.79337525], [-48.32645381, -24.79410851], [-48.32600051, -24.79553804], [-48.32517794, -24.79702458], [-48.32325007, -24.79696121], [-48.32098375, -24.79645871], [-48.31922262, -24.79746648], [-48.31844337, -24.79840522], [-48.31858157, -24.79933154], [-48.31924109, -24.80101783], [-48.31711278, -24.80180119], [-48.31571377, -24.80209178], [-48.31393994, -24.80517217], [-48.31255506, -24.80648897], [-48.31081056, -24.80655058], [-48.30805856, -24.80575369], [-48.3054102, -24.8031313], [-48.30353829, -24.804171], [-48.30167433, -24.8045608], [-48.29987419, -24.80395091], [-48.29909662, -24.80285905], [-48.29603108, -24.80226475], [-48.29601565, -24.80103269], [-48.29608118, -24.79995607], [-48.29906942, -24.79827789], [-48.30246993, -24.7970305], [-48.30337594, -24.79608451], [-48.30238346, -24.79518127], [-48.30292342, -24.79361279], [-48.30400965, -24.79213114], [-48.30371406, -24.79020115], [-48.30174942, -24.78871416], [-48.30047047, -24.78846981], [-48.29928288, -24.78842751], [-48.29691479, -24.78779042], [-48.2976791, -24.78655088], [-48.29684904, -24.78399534], [-48.29493571, -24.78473061], [-48.29288673, -24.78588683], [-48.29183554, -24.78575233], [-48.29113909, -24.78481589], [-48.2920526, -24.78352367], [-48.29218035, -24.78152434], [-48.29128489, -24.7800454], [-48.29031017, -24.77833406], [-48.2898575, -24.77734898], [-48.28987283, -24.77730139], [-48.28937623, -24.77811638], [-48.28860109, -24.77876115], [-48.28778199, -24.7791524], [-48.28702927, -24.77921999], [-48.28623139, -24.77863696], [-48.28553606, -24.77788431], [-48.28469965, -24.77725546], [-48.28373381, -24.77666937], [-48.2829773, -24.77645709], [-48.28204038, -24.77635884], [-48.28118631, -24.77654189], [-48.28037789, -24.7768972], [-48.27974833, -24.77721064], [-48.27898474, -24.77732311], [-48.27796087, -24.77713302], [-48.27694823, -24.77642871], [-48.2764749, -24.77592374], [-48.27587651, -24.77571431], [-48.27207877, -24.77580757], [-48.27135391, -24.7759568], [-48.27045123, -24.77655401], [-48.26959892, -24.77665579], [-48.2680008, -24.77650929], [-48.26670919, -24.77635937], [-48.26574346, -24.77622439], [-48.26488121, -24.7756875], [-48.26454403, -24.77636979], [-48.26427045, -24.77734658], [-48.26339634, -24.778662], [-48.26289189, -24.77959089], [-48.26224608, -24.78050626], [-48.26123148, -24.78136173], [-48.25953582, -24.7821345], [-48.25759918, -24.78182232], [-48.25575122, -24.78189655], [-48.25401271, -24.78179886], [-48.25192683, -24.78149605], [-48.25055896, -24.78253509], [-48.24888461, -24.78323512], [-48.24615555, -24.78376654], [-48.24506965, -24.78403578], [-48.24358165, -24.78464776], [-48.24151394, -24.78469339], [-48.23975062, -24.78456837], [-48.2381585, -24.78382839], [-48.23625309, -24.78356344], [-48.23436021, -24.78358522], [-48.23257885, -24.78365949], [-48.23073726, -24.78392222], [-48.22877021, -24.78400312], [-48.22690534, -24.7841476], [-48.22494939, -24.7849691], [-48.224964, -24.78502694], [-48.21976126, -24.80083529], [-48.21983564, -24.80100275], [-48.22009897, -24.80125592], [-48.22050321, -24.80151383], [-48.22094353, -24.80164543], [-48.22114603, -24.80173603], [-48.22128113, -24.80184908], [-48.22133099, -24.80194844], [-48.22128994, -24.80238156], [-48.22134288, -24.80247641], [-48.22150571, -24.80263012], [-48.22177849, -24.80280207], [-48.2220775, -24.80284318], [-48.2222532, -24.80275322], [-48.22229473, -24.8026811], [-48.22229882, -24.80250061], [-48.22208678, -24.80193618], [-48.22194504, -24.80174189], [-48.22186202, -24.80153869], [-48.22175163, -24.80083004], [-48.22178856, -24.80058641], [-48.221918, -24.80045125], [-48.22214134, -24.80032078], [-48.22304037, -24.80005605], [-48.22328079, -24.80002939], [-48.22364769, -24.80011575], [-48.22406931, -24.80032855], [-48.22439904, -24.80044643], [-48.22478818, -24.80053281], [-48.22641476, -24.80076116], [-48.22690082, -24.80089284], [-48.227793, -24.80127337], [-48.22826356, -24.80142758], [-48.22904187, -24.8015823], [-48.22952715, -24.8017997], [-48.23019746, -24.80219791], [-48.23092538, -24.802524], [-48.23117743, -24.80256502], [-48.23160025, -24.80249353], [-48.23198732, -24.80237232], [-48.23246327, -24.80230541], [-48.23270049, -24.80234188], [-48.23291662, -24.8024325], [-48.2331585, -24.80229302], [-48.2333449, -24.80208574], [-48.23345287, -24.80185578], [-48.23367227, -24.80121085], [-48.23378627, -24.8010576], [-48.23409141, -24.800485], [-48.23460205, -24.7984597], [-48.2347362, -24.79811696], [-48.23506812, -24.79743159], [-48.23536559, -24.79698532], [-48.23727104, -24.79761585], [-48.23813232, -24.79757759], [-48.23953464, -24.79722431], [-48.24021977, -24.79710154], [-48.24117376, -24.79716607], [-48.24137586, -24.79714834], [-48.24169334, -24.79722104], [-48.24237972, -24.79762374], [-48.24253727, -24.79763301], [-48.24282038, -24.7975793], [-48.24313465, -24.79739027], [-48.24326402, -24.79726863], [-48.2434189, -24.79705679], [-48.24340285, -24.79671832], [-48.24321189, -24.79640214], [-48.24328029, -24.79617662], [-48.2434244, -24.79610465], [-48.24388361, -24.79605121], [-48.24401903, -24.79600179], [-48.24433482, -24.79565933], [-48.2446273, -24.79454968], [-48.24477886, -24.79413477], [-48.24532994, -24.79352191], [-48.2456277, -24.79289965], [-48.24588847, -24.79255709], [-48.24633839, -24.79217873], [-48.24767908, -24.79160319], [-48.24787885, -24.79149971], [-48.24816849, -24.79124744], [-48.2484487, -24.79108542], [-48.24883078, -24.79096417], [-48.24930674, -24.79087014], [-48.24959367, -24.79074422], [-48.25038546, -24.79026259], [-48.25069322, -24.79024048], [-48.25109166, -24.79029976], [-48.25174467, -24.79035941], [-48.25186409, -24.79026934], [-48.25187412, -24.79018362], [-48.25176367, -24.78975926], [-48.25178175, -24.78967355], [-48.25188829, -24.78952931], [-48.25211411, -24.78937171], [-48.25227486, -24.78931781], [-48.25314658, -24.78920633], [-48.25379279, -24.78909895], [-48.25423021, -24.78877922], [-48.25475143, -24.78859498], [-48.25504423, -24.78829759], [-48.25525434, -24.78793237], [-48.25542269, -24.78742722], [-48.25555654, -24.78721533], [-48.25562273, -24.78717481], [-48.25584146, -24.7871616], [-48.25616504, -24.7872749], [-48.25643293, -24.78743324], [-48.25670557, -24.78768634], [-48.25687903, -24.78777685], [-48.25709471, -24.78776364], [-48.25721593, -24.78769162], [-48.25791202, -24.78715566], [-48.25805673, -24.78707464], [-48.25877081, -24.78718398], [-48.259444, -24.78700898], [-48.25966709, -24.78699126], [-48.25987338, -24.7870367], [-48.26039219, -24.78733077], [-48.26067822, -24.78735826], [-48.26107745, -24.78731371], [-48.26126806, -24.78732302], [-48.26205853, -24.78756333], [-48.26239992, -24.78755481], [-48.26266803, -24.78740628], [-48.26307136, -24.7871316], [-48.26388436, -24.78721399], [-48.26415053, -24.78729108], [-48.2647701, -24.78739126], [-48.26601174, -24.78775406], [-48.26640058, -24.78781779], [-48.26701721, -24.78801271], [-48.26738366, -24.78799067], [-48.26776846, -24.78788742], [-48.26842095, -24.78752282], [-48.26897359, -24.7873792], [-48.2699054, -24.78698792], [-48.27038662, -24.78687127], [-48.27105687, -24.78676841], [-48.2713908, -24.78679143], [-48.27205962, -24.79005086], [-48.26675566, -24.79422326], [-48.26589324, -24.79467444], [-48.26486768, -24.7947891], [-48.26411141, -24.79484198], [-48.26239727, -24.79525532], [-48.26136779, -24.79554777], [-48.25984939, -24.79592019], [-48.25916764, -24.7959077], [-48.25858621, -24.79576363], [-48.25696698, -24.79628982], [-48.25591706, -24.79640397], [-48.25533172, -24.7964377], [-48.25428473, -24.79641848], [-48.25340525, -24.79653574], [-48.2527181, -24.79676771], [-48.25175772, -24.79723924], [-48.25087382, -24.79755653], [-48.25020513, -24.79805564], [-48.24945897, -24.79875345], [-48.24897671, -24.79963399], [-48.24703644, -24.80035428], [-48.24632037, -24.80047108], [-48.2440045, -24.80109699], [-48.24157784, -24.80200728], [-48.23904842, -24.80282592], [-48.23942834, -24.80352598], [-48.23965756, -24.80388284], [-48.23995922, -24.80414954], [-48.24014691, -24.80423558], [-48.2403681, -24.80426301], [-48.2406537, -24.8042093], [-48.24097224, -24.80405638], [-48.24125714, -24.80404784], [-48.24153079, -24.80309795], [-48.24264945, -24.8033237], [-48.242435, -24.80407467], [-48.24236784, -24.80457302], [-48.24268066, -24.80483523], [-48.24302882, -24.80503884], [-48.24327466, -24.80509338], [-48.24368242, -24.80513914], [-48.244035, -24.8052886], [-48.24490641, -24.8062421], [-48.24521014, -24.80640954], [-48.24546214, -24.80647762], [-48.24565989, -24.80648244], [-48.24616744, -24.80637493], [-48.24657907, -24.80634398], [-48.24668967, -24.80635317], [-48.24694407, -24.80646187], [-48.24718912, -24.80661115], [-48.24759326, -24.80695022], [-48.24779513, -24.80706333], [-48.24801699, -24.80705918], [-48.24839982, -24.80689731], [-48.24857654, -24.80690208], [-48.24899579, -24.8071058], [-48.24922573, -24.80707456], [-48.24937122, -24.80692587], [-48.24955091, -24.80666893], [-48.24975084, -24.80615481], [-48.24981588, -24.80572622], [-48.2499373, -24.80523453], [-48.25019407, -24.80471598], [-48.25042458, -24.8043734], [-48.25063916, -24.80395406], [-48.25102785, -24.80327778], [-48.25147531, -24.80256999], [-48.25156547, -24.8025972], [-48.25164922, -24.80275527], [-48.25166673, -24.80298542], [-48.25175343, -24.80322472], [-48.25198113, -24.80340106], [-48.25268929, -24.80366162], [-48.25389194, -24.80437862], [-48.25354674, -24.80459021], [-48.25305292, -24.80497301], [-48.25258792, -24.80547321], [-48.25217978, -24.80631192], [-48.25178982, -24.80700174], [-48.25132547, -24.80748388], [-48.25096831, -24.80780824], [-48.25046095, -24.80847533], [-48.25025194, -24.80855622], [-48.25005719, -24.80860106], [-48.25040072, -24.80864218], [-48.25095757, -24.80861145], [-48.25118063, -24.80862984], [-48.25146402, -24.80877468], [-48.25153866, -24.8088515], [-48.25155211, -24.80892372], [-48.25162736, -24.80900055], [-48.25180773, -24.80905046], [-48.25203145, -24.80904627], [-48.25307127, -24.80883576], [-48.25381011, -24.80863832], [-48.25388895, -24.81050663], [-48.25401838, -24.8110393], [-48.25412488, -24.8112741], [-48.25420998, -24.81136899], [-48.25444451, -24.81154081], [-48.25545483, -24.81193941], [-48.25570671, -24.81208872], [-48.25636926, -24.81240556], [-48.25704464, -24.81280366], [-48.25729785, -24.81289429], [-48.25742512, -24.81291254], [-48.2576322, -24.81288577], [-48.25805898, -24.81268332], [-48.25822651, -24.81265198], [-48.25848112, -24.81266138], [-48.25888437, -24.81282895], [-48.25917519, -24.8129783], [-48.25973128, -24.81338974], [-48.26031153, -24.81377866], [-48.26059256, -24.81404532], [-48.2609631, -24.81454673], [-48.26119638, -24.81445453], [-48.26147283, -24.81425867], [-48.26174962, -24.81395224], [-48.26202097, -24.81356906], [-48.26275027, -24.81228858], [-48.26378597, -24.81094532], [-48.26471108, -24.81125244], [-48.26591464, -24.81153515], [-48.26660866, -24.81183819], [-48.26628718, -24.81258696], [-48.26603962, -24.81297469], [-48.26554079, -24.81357413], [-48.26494839, -24.81421644], [-48.2657935, -24.81540696], [-48.26611252, -24.81636791], [-48.26673281, -24.81671351], [-48.26827094, -24.81695664], [-48.2689504, -24.81699296], [-48.26965019, -24.8172922], [-48.27045565, -24.81754565], [-48.27107807, -24.81779585], [-48.27143474, -24.81823221], [-48.27163663, -24.81857015], [-48.27144321, -24.81904409], [-48.27149077, -24.81925997], [-48.27142961, -24.8196648], [-48.2710581, -24.81989675], [-48.27103979, -24.82073212], [-48.27058676, -24.82132017], [-48.27038471, -24.82110779], [-48.26916492, -24.82005919], [-48.26843824, -24.8200638], [-48.26629432, -24.8200007], [-48.26541086, -24.81972191], [-48.26447674, -24.81937039], [-48.26310552, -24.81867679], [-48.26194221, -24.8180347], [-48.26095426, -24.81775396], [-48.25976236, -24.81723056], [-48.25822269, -24.81705917], [-48.25767821, -24.81683427], [-48.25686246, -24.81690076], [-48.2566273, -24.8170764], [-48.25558989, -24.81797735], [-48.25513787, -24.81845951], [-48.25491665, -24.81877957], [-48.25442776, -24.81983024], [-48.25416887, -24.8201367], [-48.25385961, -24.82034571], [-48.25269158, -24.82092868], [-48.25241826, -24.821014], [-48.25101137, -24.82181959], [-48.24889172, -24.82035433], [-48.24864838, -24.82026371], [-48.24821515, -24.8199201], [-48.24801513, -24.81980247], [-48.24775694, -24.81972084], [-48.24726609, -24.81946288], [-48.24569796, -24.81856698], [-48.24491357, -24.81829953], [-48.24297231, -24.81799417], [-48.24231983, -24.81791644], [-48.24175514, -24.81781627], [-48.24101632, -24.81764363], [-48.24046458, -24.81756153], [-48.24001223, -24.81753826], [-48.2395406, -24.81757812], [-48.23883443, -24.81745965], [-48.23821495, -24.8172556], [-48.2381687, -24.81720139], [-48.23774642, -24.81697059], [-48.23736559, -24.81671727], [-48.23680853, -24.81619743], [-48.23665233, -24.81611597], [-48.23625146, -24.81599348], [-48.23599067, -24.81598854], [-48.23550652, -24.81611412], [-48.23476232, -24.81617609], [-48.23418974, -24.81632407], [-48.23365203, -24.81635027], [-48.23302933, -24.81653427], [-48.23277506, -24.81635335], [-48.23248412, -24.81627618], [-48.23215289, -24.81627112], [-48.23146961, -24.81645953], [-48.23118469, -24.81646809], [-48.23075968, -24.81637263], [-48.22969303, -24.81603695], [-48.22931561, -24.81594156], [-48.2288423, -24.81590018], [-48.22852581, -24.81592673], [-48.22742733, -24.81606929], [-48.22720546, -24.81607344], [-48.22632399, -24.81616223], [-48.22599006, -24.81626546], [-48.22531959, -24.81653058], [-48.224702, -24.81661978], [-48.22499161, -24.81675113], [-48.22513767, -24.81694992], [-48.22525501, -24.81729758], [-48.22525945, -24.81815948], [-48.22536858, -24.81859737], [-48.22552003, -24.81889545], [-48.22579543, -24.81932459], [-48.22603388, -24.81999286], [-48.22652849, -24.82082397], [-48.22687955, -24.82174057], [-48.22697808, -24.82192574], [-48.22712014, -24.82226893], [-48.22738221, -24.82257621], [-48.22767715, -24.82281587], [-48.22800435, -24.82300142], [-48.22877468, -24.8231877], [-48.22943497, -24.82338734], [-48.22992846, -24.82355512], [-48.22964485, -24.82465281], [-48.22946205, -24.82519673], [-48.22989511, -24.82549672], [-48.23068731, -24.82492756], [-48.23154425, -24.82503474], [-48.23231738, -24.82532263], [-48.23297502, -24.8254078], [-48.2333718, -24.82554282], [-48.23338446, -24.82587139], [-48.23261347, -24.82638603], [-48.23226255, -24.82689037], [-48.23223649, -24.82716346], [-48.23254159, -24.82782576], [-48.23285268, -24.82821462], [-48.23090096, -24.82918769], [-48.23658733, -24.83315488], [-48.23665547, -24.8330873], [-48.23699755, -24.83293893], [-48.23747301, -24.83286749], [-48.23791892, -24.83272382], [-48.23863714, -24.83240458], [-48.23885435, -24.83226052], [-48.23925682, -24.83189114], [-48.23973764, -24.83126469], [-48.24026414, -24.83066988], [-48.24085098, -24.82987211], [-48.24176675, -24.82878394], [-48.24132932, -24.82865913], [-48.24094705, -24.82861318], [-48.24079017, -24.82800134], [-48.24022613, -24.82782242], [-48.24014706, -24.82754877], [-48.2404589, -24.82693262], [-48.24061928, -24.82674115], [-48.24100539, -24.82661867], [-48.24131772, -24.82662444], [-48.24213454, -24.82692468], [-48.24283961, -24.82714506], [-48.24316433, -24.82722875], [-48.24362881, -24.82741878], [-48.24406387, -24.82764707], [-48.24455694, -24.8278246], [-48.24483629, -24.82803712], [-48.24468428, -24.8284879], [-48.24437582, -24.82894867], [-48.24379793, -24.82875662], [-48.24355056, -24.82902417], [-48.24350022, -24.82937304], [-48.24334648, -24.82990154], [-48.24296074, -24.83001109], [-48.24276122, -24.83004629], [-48.2425451, -24.8301848], [-48.24213848, -24.83059198], [-48.24176082, -24.83097378], [-48.24190201, -24.83134934], [-48.24174998, -24.83134008], [-48.24122815, -24.83142951], [-48.24092382, -24.83155087], [-48.2405661, -24.83179397], [-48.24037973, -24.83196966], [-48.24025421, -24.83232143], [-48.2400017, -24.8328174], [-48.23962381, -24.83327255], [-48.23917622, -24.83364186], [-48.23893428, -24.83378135], [-48.23926937, -24.83394043], [-48.24087001, -24.83446035], [-48.24317445, -24.83802972], [-48.24469386, -24.84001936], [-48.24257831, -24.8412373], [-48.24116395, -24.84098328], [-48.2387842, -24.8409393], [-48.23783076, -24.84155054], [-48.23705519, -24.84262246], [-48.23561346, -24.84265296], [-48.23559273, -24.84279177], [-48.2356873, -24.84300872], [-48.23586366, -24.8433382], [-48.23581078, -24.84382997], [-48.23570221, -24.84563024], [-48.23571051, -24.84676735], [-48.23574595, -24.84730439], [-48.23591813, -24.8480853], [-48.23592275, -24.84825677], [-48.23584288, -24.84864471], [-48.23574297, -24.84884761], [-48.23560477, -24.84902336], [-48.23552072, -24.85006903], [-48.23589841, -24.85237728], [-48.23608295, -24.85535359], [-48.23691487, -24.86232802], [-48.23685157, -24.86523244], [-48.23562924, -24.86571993], [-48.23348861, -24.86559524], [-48.22925596, -24.86270118], [-48.2282588, -24.86148106], [-48.22681391, -24.86065312], [-48.22641069, -24.85904343], [-48.22542261, -24.85742287], [-48.22279859, -24.85697357], [-48.21985819, -24.85758634], [-48.21939552, -24.85864583], [-48.2206642, -24.86080574], [-48.22178666, -24.86296283], [-48.22396593, -24.86367098], [-48.22511839, -24.86449351], [-48.22801417, -24.86588244], [-48.23019064, -24.86672394], [-48.23014005, -24.8689928], [-48.22982528, -24.87074737], [-48.23006735, -24.87088107], [-48.23025643, -24.87094003], [-48.2308597, -24.87101774], [-48.23136116, -24.87099148], [-48.23191784, -24.87087057], [-48.23250685, -24.87065042], [-48.23291926, -24.87063756], [-48.23358128, -24.8707018], [-48.23402403, -24.87066643], [-48.23446932, -24.87059495], [-48.23480212, -24.87050524], [-48.23579691, -24.87017745], [-48.23782905, -24.8720875], [-48.23808843, -24.87618184], [-48.23552733, -24.87912934], [-48.23449826, -24.87924048], [-48.23402006, -24.87937508], [-48.23365987, -24.87955048], [-48.23302663, -24.87991493], [-48.23229752, -24.87998144], [-48.22987926, -24.88002259], [-48.22937606, -24.87997212], [-48.22928589, -24.88054503], [-48.22912381, -24.88090123], [-48.22899228, -24.88112663], [-48.22866079, -24.88147352], [-48.22760071, -24.88224335], [-48.22699874, -24.88272968], [-48.22645911, -24.88326574], [-48.22631023, -24.88350915], [-48.22614059, -24.8839285], [-48.22611235, -24.8841315], [-48.22610349, -24.8845421], [-48.22613029, -24.8847452], [-48.22628897, -24.88516961], [-48.22640418, -24.88537736], [-48.22628118, -24.88554252], [-48.22547359, -24.8864764], [-48.22463371, -24.88560576], [-48.22436279, -24.88521602], [-48.22423485, -24.88488642], [-48.2217771, -24.88452013], [-48.22108622, -24.88857659], [-48.22051804, -24.88853502], [-48.21979082, -24.88856086], [-48.21897853, -24.88845568], [-48.21789872, -24.88795298], [-48.21775457, -24.88768651], [-48.2175978, -24.88724855], [-48.21756583, -24.88655813], [-48.21738681, -24.88612014], [-48.21712398, -24.88583992], [-48.21676525, -24.88559114], [-48.21585112, -24.88511126], [-48.21541145, -24.88483525], [-48.21554576, -24.88536342], [-48.21574154, -24.88577437], [-48.21580047, -24.88597752], [-48.21585466, -24.8863792], [-48.21584311, -24.88688455], [-48.21580475, -24.8871868], [-48.21575068, -24.8873588], [-48.21328072, -24.88717723], [-48.21053955, -24.88782986], [-48.20850678, -24.88968279], [-48.20811533, -24.88882929], [-48.2077326, -24.88824202], [-48.20753679, -24.88785362], [-48.20728342, -24.88749671], [-48.20711652, -24.88718506], [-48.20676832, -24.88664749], [-48.20657413, -24.8863719], [-48.20654262, -24.88636282], [-48.20639116, -24.88606023], [-48.20633227, -24.88584354], [-48.20633703, -24.88564049], [-48.20637126, -24.88554129], [-48.20669108, -24.88489661], [-48.20727275, -24.88411253], [-48.20596662, -24.88450726], [-48.20507229, -24.88490273], [-48.20469256, -24.88493815], [-48.20441691, -24.88488351], [-48.20412785, -24.88473408], [-48.20379391, -24.88447177], [-48.20341646, -24.88402889], [-48.20572534, -24.88229656], [-48.20742584, -24.87988815], [-48.2082765, -24.87858006], [-48.20869499, -24.87759385], [-48.20782007, -24.87685457], [-48.20834758, -24.87541867], [-48.20835977, -24.87487672], [-48.20787695, -24.87432551], [-48.20813957, -24.87331495], [-48.20815897, -24.87245244], [-48.20744115, -24.87116742], [-48.20736741, -24.8678054], [-48.20550112, -24.86668052], [-48.20561799, -24.86591068], [-48.20721913, -24.86521262], [-48.20695482, -24.86485361], [-48.20633813, -24.86413506], [-48.20574559, -24.86357626], [-48.20564554, -24.86343998], [-48.20643205, -24.86279239], [-48.20638153, -24.86224731], [-48.2066147, -24.86165028], [-48.20662822, -24.86104904], [-48.20708547, -24.86025577], [-48.20784745, -24.85986912], [-48.20820997, -24.85910261], [-48.2088798, -24.85862827], [-48.20926149, -24.8584064], [-48.20912388, -24.85754457], [-48.20837542, -24.85733016], [-48.20771838, -24.85723201], [-48.20686806, -24.85735924], [-48.2065537, -24.85738195], [-48.20640873, -24.85717719], [-48.20642961, -24.85695612], [-48.20648871, -24.85678025], [-48.20688138, -24.85615374], [-48.20700618, -24.85589676], [-48.20738296, -24.8546069], [-48.20762126, -24.85417865], [-48.20774708, -24.85402546], [-48.20727564, -24.85362302], [-48.20744377, -24.85343975], [-48.20754312, -24.8532507], [-48.20754585, -24.85312927], [-48.2073177, -24.853125], [-48.20693978, -24.8530138], [-48.20686958, -24.85275216], [-48.2070834, -24.8525479], [-48.20724212, -24.85225584], [-48.20728483, -24.85204838], [-48.20744082, -24.85187775], [-48.20729067, -24.85178816], [-48.20715369, -24.85195915], [-48.20654528, -24.85194777], [-48.20626555, -24.85169956], [-48.20602229, -24.85152146], [-48.20592723, -24.85151968], [-48.20593532, -24.85200577], [-48.20565169, -24.85193104], [-48.20539176, -24.8516485], [-48.20505499, -24.85139923], [-48.20502399, -24.85108626], [-48.20474426, -24.85083805], [-48.20477391, -24.84951962], [-48.20452891, -24.84946051], [-48.2018537, -24.85793322], [-48.20126457, -24.85755612], [-48.20080405, -24.85643987], [-48.20045382, -24.85582404], [-48.20022232, -24.85532134], [-48.19968571, -24.85468025], [-48.19909205, -24.85418214], [-48.19838803, -24.85384428], [-48.19774857, -24.85379981], [-48.19692762, -24.85391426], [-48.19624775, -24.8539174], [-48.19558913, -24.85351741], [-48.19506048, -24.85273206], [-48.19458522, -24.85228018], [-48.19419802, -24.85181803], [-48.19616327, -24.85113787], [-48.19641866, -24.85066236], [-48.1962251, -24.84971164], [-48.19597258, -24.84940248], [-48.19551595, -24.84959685], [-48.19552122, -24.84969166], [-48.19402135, -24.8504482], [-48.19397666, -24.85078561], [-48.19360329, -24.85057564], [-48.193612, -24.8508464], [-48.19244237, -24.85043881], [-48.19208186, -24.85023929], [-48.19109742, -24.85083004], [-48.19005228, -24.85141947], [-48.18944303, -24.85151881], [-48.18871615, -24.85144972], [-48.18744582, -24.85125965], [-48.18629054, -24.85134862], [-48.18519711, -24.85138342], [-48.1844704, -24.8513143], [-48.1836803, -24.85135481], [-48.18337456, -24.85145976], [-48.18283094, -24.85133879], [-48.18252763, -24.85133306], [-48.18185893, -24.85137585], [-48.18161245, -24.85153734], [-48.18130788, -24.851587], [-48.18087696, -24.85185574], [-48.17942454, -24.85166215], [-48.17802913, -24.85163578], [-48.17736305, -24.85156788], [-48.17590687, -24.85154034], [-48.17579273, -24.85156035], [-48.17541536, -24.85141521], [-48.17532669, -24.85127064], [-48.17499019, -24.8505841], [-48.17499569, -24.85034946], [-48.17506821, -24.85000667], [-48.17507415, -24.84984875], [-48.17502879, -24.84968621], [-48.17503068, -24.84915375], [-48.17507573, -24.84892371], [-48.17545853, -24.84807615], [-48.17550499, -24.84777843], [-48.17538195, -24.84726828], [-48.17509007, -24.8465367], [-48.17508017, -24.84627496], [-48.17519422, -24.84614884], [-48.17528208, -24.84611292], [-48.17545506, -24.84615839], [-48.17567232, -24.84629418], [-48.17583058, -24.84628999], [-48.17592651, -24.84624054], [-48.17609759, -24.84604233], [-48.17619236, -24.84569958], [-48.1761993, -24.84537921], [-48.17610358, -24.84507669], [-48.17568821, -24.84454792], [-48.17570311, -24.84426368], [-48.17573379, -24.84409678], [-48.17582442, -24.84393451], [-48.17604959, -24.84360556], [-48.17611813, -24.84337555], [-48.17614662, -24.84282961], [-48.17631037, -24.84259078], [-48.17642311, -24.84248722], [-48.17698398, -24.84213636], [-48.17733816, -24.84187534], [-48.17763615, -24.84159164], [-48.1778744, -24.84121758], [-48.17794063, -24.84091538], [-48.17800941, -24.84084332], [-48.17797744, -24.84050933], [-48.17785972, -24.84010299], [-48.17772234, -24.83990869], [-48.17754906, -24.83973236], [-48.17737793, -24.8394342], [-48.17722015, -24.83871643], [-48.1772022, -24.8384637], [-48.17730115, -24.8379224], [-48.17728114, -24.83775541], [-48.17722956, -24.83760639], [-48.17703918, -24.83735332], [-48.1768485, -24.83721757], [-48.17684987, -24.83715892], [-48.17663196, -24.83677944], [-48.17655099, -24.83651757], [-48.17652111, -24.83608432], [-48.17646219, -24.83590822], [-48.17628373, -24.83557394], [-48.17608779, -24.83531184], [-48.17558155, -24.83479643], [-48.17535235, -24.83500805], [-48.17476874, -24.83532277], [-48.17419473, -24.8354931], [-48.17403073, -24.83561535], [-48.17364385, -24.83560803], [-48.17343194, -24.83520035], [-48.17265588, -24.83528658], [-48.17198348, -24.83567752], [-48.17151838, -24.83667789], [-48.17094733, -24.83747442], [-48.17028065, -24.83761317], [-48.16988572, -24.8379589], [-48.16948506, -24.83855681], [-48.16936419, -24.83900865], [-48.16863648, -24.83939853], [-48.16815389, -24.83912679], [-48.16537526, -24.83765057], [-48.1645936, -24.83725302], [-48.16348697, -24.83784398], [-48.16263832, -24.83650979], [-48.16036301, -24.83715422], [-48.15910502, -24.83724492], [-48.15806814, -24.83717784], [-48.15805872, -24.83707973], [-48.15793011, -24.83658385], [-48.15806028, -24.83625086], [-48.15832308, -24.83574017], [-48.15846171, -24.83516978], [-48.15866709, -24.83442875], [-48.15899653, -24.83374736], [-48.15915871, -24.83214595], [-48.15996551, -24.83256243], [-48.1603486, -24.83228313], [-48.16066643, -24.83211735], [-48.16098802, -24.83177967], [-48.16098933, -24.83172225], [-48.16151888, -24.83052898], [-48.1612142, -24.83012204], [-48.161039, -24.82954568], [-48.16079845, -24.82908277], [-48.16070297, -24.8277629], [-48.16053561, -24.82684288], [-48.16056044, -24.82575471], [-48.16069905, -24.82518431], [-48.16124155, -24.82341824], [-48.16099709, -24.82312698], [-48.16057081, -24.82254585], [-48.16013809, -24.82225111], [-48.1597876, -24.82109837], [-48.15980851, -24.82018193], [-48.15976278, -24.81943613], [-48.15978238, -24.81857694], [-48.1598621, -24.81783352], [-48.15987719, -24.81717181], [-48.15990057, -24.81713506], [-48.15987881, -24.81710086], [-48.15989607, -24.8163443], [-48.15104253, -24.8201211], [-48.15121229, -24.81948681], [-48.15145313, -24.81782519], [-48.15212707, -24.81496849], [-48.15255154, -24.81414351], [-48.15348513, -24.81323563], [-48.15401741, -24.81213502], [-48.15517473, -24.81030565], [-48.15743865, -24.80886769], [-48.15720635, -24.80571601], [-48.15874169, -24.80509723], [-48.1587928, -24.80285631], [-48.15910232, -24.802235], [-48.15903663, -24.80227517], [-48.15921891, -24.80195903], [-48.15985028, -24.80095276], [-48.15973047, -24.80084081], [-48.15436188, -24.79326508], [-48.15406036, -24.79335049], [-48.15391383, -24.79321104], [-48.15342938, -24.7925638], [-48.15318091, -24.79251348], [-48.15318923, -24.79214911], [-48.15314657, -24.7918293], [-48.15280456, -24.79150378], [-48.15261227, -24.79118111], [-48.15112574, -24.79069706], [-48.15098747, -24.79019317], [-48.14669672, -24.78573656], [-48.14654908, -24.78564261], [-48.14540772, -24.78534744], [-48.14436617, -24.78505409], [-48.14402003, -24.78491081], [-48.14362185, -24.78485762], [-48.14322483, -24.78475889], [-48.14242955, -24.78460697], [-48.14149414, -24.78404222], [-48.1413486, -24.78385718], [-48.14071349, -24.78325265], [-48.14032066, -24.78297167], [-48.13977706, -24.78273348], [-48.13953601, -24.78236428], [-48.13869815, -24.78189251], [-48.1283134, -24.77549597], [-48.1264161, -24.77455351], [-48.12243151, -24.77315889], [-48.12031182, -24.77254517], [-48.11505425, -24.77192815], [-48.11619185, -24.77429945], [-48.11648301, -24.77527923], [-48.11672471, -24.77568501], [-48.1172575, -24.7770705], [-48.11747937, -24.77833538], [-48.11756901, -24.7798843], [-48.11720643, -24.78199744], [-48.11700222, -24.78268115], [-48.11734714, -24.78313041], [-48.11731047, -24.78471659], [-48.1173994, -24.78588194], [-48.11737171, -24.78707927], [-48.11715147, -24.78774462], [-48.11410591, -24.78713778], [-48.11337566, -24.7947006], [-48.11313716, -24.79806623], [-48.11249939, -24.80491222], [-48.11381436, -24.80593119], [-48.1136118, -24.80750946], [-48.11253729, -24.80827786], [-48.11169562, -24.80857904], [-48.11053636, -24.8085778], [-48.10903791, -24.80920488], [-48.10636356, -24.8120099], [-48.10833586, -24.81691425], [-48.10479799, -24.8178509], [-48.10734922, -24.82460957], [-48.10633141, -24.82796971], [-48.11127148, -24.83184874], [-48.1175081, -24.8322719], [-48.1173006, -24.8364549], [-48.12305646, -24.83604217], [-48.12446393, -24.83658381], [-48.12870936, -24.8427282], [-48.13612573, -24.84232988], [-48.14448797, -24.85418929], [-48.14453326, -24.8539478], [-48.14515239, -24.85483496], [-48.14390889, -24.85710175], [-48.14129145, -24.86174924], [-48.13454119, -24.86845264], [-48.14328723, -24.87118267], [-48.14678437, -24.87016343], [-48.14716396, -24.87016875], [-48.14743372, -24.87009713], [-48.14778109, -24.87012946], [-48.14825249, -24.87025682], [-48.14945939, -24.87071966], [-48.14979066, -24.87076549], [-48.15029575, -24.87077559], [-48.15067607, -24.8707403], [-48.15181987, -24.87049004], [-48.15238787, -24.87056345], [-48.1527669, -24.87055071], [-48.15314993, -24.87042067], [-48.15357466, -24.87018241], [-48.15381496, -24.87001597], [-48.15400966, -24.86979528], [-48.15451796, -24.86902475], [-48.15459793, -24.86893918], [-48.15483071, -24.86881332], [-48.15537288, -24.86869748], [-48.15635589, -24.87001166], [-48.1569266, -24.86945688], [-48.15934811, -24.87237846], [-48.16353149, -24.8780575], [-48.16268926, -24.87879448], [-48.16303216, -24.87914355], [-48.16328585, -24.87951991], [-48.1626782, -24.88008286], [-48.16318818, -24.88226288], [-48.16122441, -24.88704492], [-48.15521514, -24.88970715], [-48.15671734, -24.90202363], [-48.1616705, -24.90119244], [-48.15433497, -24.91734654], [-48.15416072, -24.91732702], [-48.15382338, -24.91719095], [-48.1535542, -24.91700087], [-48.15332571, -24.91686503], [-48.1528167, -24.91662481], [-48.15220502, -24.9163934], [-48.15123516, -24.91594465], [-48.15100904, -24.91580822], [-48.1430464, -24.92253532], [-48.14272223, -24.92199835], [-48.14249687, -24.92148947], [-48.14168049, -24.92045192], [-48.14099813, -24.91967254], [-48.14058987, -24.91915371], [-48.1400357, -24.91888759], [-48.13935335, -24.9181082], [-48.13852236, -24.91770902], [-48.13738747, -24.91832585], [-48.13640172, -24.91856238], [-48.13499573, -24.91879076], [-48.13457585, -24.91878269], [-48.13343797, -24.91952728], [-48.1316033, -24.92013052], [-48.12947974, -24.92111142], [-48.12779068, -24.92146201], [-48.12707588, -24.92208685], [-48.12650108, -24.9227145], [-48.12703443, -24.92387422], [-48.12771668, -24.92465377], [-48.12768411, -24.92605813], [-48.12779761, -24.92720986], [-48.12735986, -24.9279677], [-48.12690709, -24.92936399], [-48.12646052, -24.93050499], [-48.12638875, -24.93085187], [-48.1261365, -24.93064841], [-48.1257683, -24.93047611], [-48.12548456, -24.93042133], [-48.12516168, -24.93042059], [-48.12522736, -24.93056217], [-48.11955775, -24.9307304], [-48.11682357, -24.93113384], [-48.11675174, -24.93124199], [-48.11696278, -24.93224333], [-48.11694554, -24.93298366], [-48.11674126, -24.93395338], [-48.11639236, -24.93498357], [-48.11701432, -24.93618068], [-48.11731843, -24.93707538], [-48.1182721, -24.93798265], [-48.11881633, -24.93903013], [-48.12009311, -24.94001771], [-48.11769528, -24.941823], [-48.11365956, -24.94418903], [-48.11295293, -24.9431384], [-48.11255385, -24.94283438], [-48.11182652, -24.94267215], [-48.1113376, -24.94273672], [-48.11084003, -24.94317147], [-48.10945444, -24.94336678], [-48.10872135, -24.94355188], [-48.1071611, -24.94438066], [-48.10575555, -24.94483107], [-48.10425927, -24.94444079], [-48.10313882, -24.94322705], [-48.10296281, -24.94228452], [-48.10167977, -24.94124821], [-48.10070931, -24.94039857], [-48.10072498, -24.93882128], [-48.10028827, -24.93807873], [-48.1002243, -24.93742734], [-48.0999431, -24.93770081], [-48.09886868, -24.94044301], [-48.09732604, -24.94161031], [-48.09699075, -24.94298533], [-48.09682676, -24.94379037], [-48.09504912, -24.9435751], [-48.09450385, -24.94486475], [-48.09522236, -24.94516136], [-48.09570777, -24.94599976], [-48.09478819, -24.94644234], [-48.09379677, -24.94629571], [-48.09365, -24.94748478], [-48.09453872, -24.94844123], [-48.09510998, -24.94994858], [-48.09497441, -24.9514196], [-48.09493766, -24.95298465], [-48.09410603, -24.95398157], [-48.09307458, -24.95488247], [-48.0928553, -24.95561502], [-48.09282933, -24.95671976], [-48.09273743, -24.9584324], [-48.09281539, -24.95852786], [-48.09304839, -24.95872191], [-48.09406271, -24.95936435], [-48.09475833, -24.96009079], [-48.09504017, -24.96031286], [-48.09549988, -24.96054743], [-48.09607479, -24.96051353], [-48.09663684, -24.96060571], [-48.09685175, -24.96072721], [-48.09714391, -24.96093143], [-48.09816431, -24.9621605], [-48.09852462, -24.96283527], [-48.09866584, -24.96314483], [-48.09873801, -24.96344402], [-48.09876822, -24.96426576], [-48.09868753, -24.96475146], [-48.09869145, -24.96542831], [-48.09856928, -24.96599442], [-48.098337, -24.96661252], [-48.09817255, -24.96687099], [-48.09798195, -24.96739967], [-48.09780861, -24.96803697], [-48.0976014, -24.96842997], [-48.09697629, -24.96891407], [-48.09667479, -24.96910671], [-48.0963181, -24.9695419], [-48.09607228, -24.97015104], [-48.0959489, -24.97050924], [-48.0965327, -24.97061433], [-48.09640665, -24.97083309], [-48.09947854, -24.97497426], [-48.10510883, -24.97577755], [-48.11221951, -24.97341997], [-48.1149127, -24.97700017], [-48.11994044, -24.9783334], [-48.12566263, -24.98155875], [-48.13466153, -24.97911161], [-48.13563429, -24.98013197], [-48.135886, -24.98379989], [-48.1372746, -24.9840783], [-48.13774279, -24.9861243], [-48.13926881, -24.98605178], [-48.14229759, -24.98411967], [-48.14421257, -24.98436568], [-48.14399136, -24.98270255], [-48.14660546, -24.97514995], [-48.15046971, -24.97463312], [-48.15265934, -24.97019652], [-48.15444093, -24.9697331], [-48.15632915, -24.96719435], [-48.15974329, -24.96634941], [-48.16213513, -24.96456409], [-48.16610621, -24.96610514], [-48.17016134, -24.96982263], [-48.17482571, -24.96871768], [-48.17801868, -24.97046676], [-48.18021593, -24.97030265], [-48.18368727, -24.9687558], [-48.19171827, -24.96144926], [-48.20357732, -24.96020885], [-48.20740728, -24.95895771], [-48.20946097, -24.95731416], [-48.21063108, -24.9570167], [-48.21135657, -24.9578188], [-48.21163801, -24.95806273], [-48.21335539, -24.95791684], [-48.21627369, -24.95953241], [-48.21747145, -24.96216453], [-48.22019133, -24.96275004], [-48.22043928, -24.96558821], [-48.22380396, -24.96915116], [-48.22344151, -24.97048631], [-48.22854846, -24.97249617], [-48.22740788, -24.97475255], [-48.22846454, -24.97631844], [-48.23038336, -24.97710428], [-48.23085732, -24.97848766], [-48.22646663, -24.98066203], [-48.22569228, -24.98220894], [-48.22652389, -24.98326561], [-48.23105196, -24.98626776], [-48.23235655, -24.98808168], [-48.23849352, -24.99007427], [-48.23949301, -24.9911406], [-48.24017094, -24.99197111], [-48.24024159, -24.99207725], [-48.24100698, -24.99186029], [-48.24181594, -24.99155042], [-48.24222901, -24.99123321], [-48.24240249, -24.9910018], [-48.2429165, -24.99015402], [-48.24303749, -24.99005699], [-48.24329784, -24.98992646], [-48.24466652, -24.98982549], [-48.24515312, -24.98976231], [-48.24562172, -24.98961757], [-48.24596325, -24.98939829], [-48.24606645, -24.98921069], [-48.24612078, -24.98899511], [-48.24614032, -24.98856231], [-48.24610375, -24.98842625], [-48.24609863, -24.98776739], [-48.24612608, -24.98742497], [-48.24622318, -24.98706579], [-48.24634498, -24.98693269], [-48.24667722, -24.98668616], [-48.24676912, -24.98656152], [-48.24698987, -24.98643024], [-48.2474132, -24.98609515], [-48.2478557, -24.98578748], [-48.24867165, -24.98516185], [-48.24908987, -24.98461008], [-48.24916317, -24.98443094], [-48.24916469, -24.98391658], [-48.24889535, -24.98311743], [-48.24880604, -24.98268264], [-48.2487858, -24.9822581], [-48.24881021, -24.982051], [-48.2489186, -24.98162885], [-48.24928387, -24.98078732], [-48.24939411, -24.98028399], [-48.24943844, -24.97962604], [-48.24930927, -24.97875729], [-48.24932418, -24.97853197], [-48.2494439, -24.97804686], [-48.24960505, -24.97792349], [-48.2500558, -24.9776882], [-48.25047809, -24.97739819], [-48.25196404, -24.97780467], [-48.25218868, -24.97794419], [-48.25236239, -24.97814593], [-48.25239718, -24.97836314], [-48.25237214, -24.97859733], [-48.25205, -24.97972846], [-48.25210357, -24.97999115], [-48.25216115, -24.98007345], [-48.25248433, -24.98023282], [-48.25339631, -24.98062867], [-48.25365551, -24.98099445], [-48.25367899, -24.98127464], [-48.25362355, -24.98198654], [-48.25369953, -24.98213234], [-48.25394595, -24.98218201], [-48.25438382, -24.98208181], [-48.25456485, -24.98201152], [-48.25486187, -24.98195527], [-48.25521675, -24.98202499], [-48.25534382, -24.98209953], [-48.25561393, -24.98242037], [-48.25600565, -24.98305931], [-48.2561505, -24.9832244], [-48.25638404, -24.9834092], [-48.25659697, -24.9836297], [-48.25738809, -24.98456481], [-48.25826244, -24.98532091], [-48.25856996, -24.98574173], [-48.25900672, -24.98613783], [-48.25914048, -24.98635686], [-48.25918638, -24.98652017], [-48.25918238, -24.98670055], [-48.2590769, -24.98708928], [-48.25880826, -24.98749685], [-48.25850714, -24.98768081], [-48.25849642, -24.98771671], [-48.25818681, -24.98783734], [-48.2577752, -24.98809146], [-48.25764682, -24.98852227], [-48.25767231, -24.98871226], [-48.25775658, -24.98893038], [-48.25785235, -24.98907655], [-48.25817196, -24.9893983], [-48.25908649, -24.99012808], [-48.25946431, -24.99050506], [-48.25954129, -24.99060573], [-48.2595157, -24.99086696], [-48.25938202, -24.99109012], [-48.25910087, -24.99126544], [-48.25839113, -24.99156817], [-48.25754334, -24.99198302], [-48.25715087, -24.9925741], [-48.2569645, -24.99294067], [-48.25664102, -24.99368372], [-48.25653365, -24.99406077], [-48.25621117, -24.99475872], [-48.255926, -24.99511443], [-48.25506113, -24.9964178], [-48.25626394, -24.99639309], [-48.25680975, -24.99634], [-48.25724486, -24.9963661], [-48.25762671, -24.99656262], [-48.25786024, -24.99674742], [-48.25855508, -24.99756343], [-48.25886954, -24.99811971], [-48.25910368, -24.99827745], [-48.25922187, -24.9983067], [-48.25952931, -24.9982853], [-48.25963901, -24.99825122], [-48.2600896, -24.9980249], [-48.26069219, -24.99762178], [-48.26098518, -24.99738261], [-48.26128043, -24.99701804], [-48.26140643, -24.99669548], [-48.26153638, -24.99619252], [-48.26158719, -24.99568809], [-48.26179203, -24.9949338], [-48.26203212, -24.9943787], [-48.26223905, -24.99397642], [-48.26239171, -24.99378972], [-48.2625638, -24.99362141], [-48.26297603, -24.99334024], [-48.26333555, -24.99320243], [-48.2639421, -24.99308729], [-48.26421925, -24.99309239], [-48.26454449, -24.99316155], [-48.26473033, -24.99326421], [-48.26603261, -24.99482233], [-48.26673552, -24.99527745], [-48.26686831, -24.9955416], [-48.26683275, -24.99572811], [-48.26654844, -24.99595025], [-48.26615248, -24.99620387], [-48.26630295, -24.99647878], [-48.26642782, -24.99665254], [-48.26660399, -24.99674602], [-48.26698843, -24.99682528], [-48.26821522, -24.99687491], [-48.26865921, -24.99694622], [-48.26925883, -24.99714675], [-48.26949259, -24.99732252], [-48.26985998, -24.99772633], [-48.26996505, -24.99789974], [-48.27000067, -24.99801291], [-48.27002644, -24.99820216], [-48.26999191, -24.9984778], [-48.26985884, -24.99867389], [-48.26964578, -24.99890461], [-48.26950865, -24.99897883], [-48.26959881, -24.99923766], [-48.26971519, -24.99934809], [-48.2705721, -25.00000456], [-48.27078488, -25.00023408], [-48.27082228, -25.00033403], [-48.2708286, -25.00049659], [-48.2709687, -25.00087819], [-48.271051, -25.00118654], [-48.27109432, -25.0014671], [-48.27110733, -25.00177416], [-48.27104017, -25.00212488], [-48.27091519, -25.00240235], [-48.27078764, -25.00279708], [-48.27078425, -25.00295044], [-48.27082045, -25.00310452], [-48.27096335, -25.00335983], [-48.27146513, -25.00395563], [-48.27176762, -25.00415972], [-48.27243436, -25.00446073], [-48.27280555, -25.00469316], [-48.27289263, -25.004785], [-48.27297874, -25.00492195], [-48.27303473, -25.00507639], [-48.27306105, -25.00523028], [-48.27306795, -25.00536579], [-48.27302457, -25.00553645], [-48.27256139, -25.00633113], [-48.2720918, -25.00741447], [-48.27188124, -25.00797917], [-48.2717422, -25.00844588], [-48.27167482, -25.00880561], [-48.27162445, -25.00929197], [-48.27159414, -25.01066317], [-48.27143177, -25.01131207], [-48.2714122, -25.01172471], [-48.27147611, -25.01196956], [-48.27162478, -25.01241441], [-48.2719981, -25.01389231], [-48.27228094, -25.01453822], [-48.27247214, -25.01484859], [-48.27262616, -25.01504995], [-48.27288076, -25.01518097], [-48.27311696, -25.01524848], [-48.27340405, -25.01525375], [-48.27388045, -25.01520834], [-48.27404813, -25.01523849], [-48.27435085, -25.01543356], [-48.27451477, -25.0156351], [-48.27525276, -25.01674961], [-48.27534025, -25.01682343], [-48.27550694, -25.01689866], [-48.27612947, -25.01696424], [-48.27675056, -25.01709293], [-48.27689748, -25.01716784], [-48.27706278, -25.01730623], [-48.2772457, -25.01754421], [-48.2781159, -25.01940116], [-48.27841497, -25.0202098], [-48.27853373, -25.0206632], [-48.2786317, -25.02116135], [-48.27865382, -25.02150467], [-48.27863776, -25.02178412], [-48.2785502, -25.02216155], [-48.27826319, -25.02304974], [-48.2781598, -25.02324638], [-48.27800792, -25.02339702], [-48.27772791, -25.02351823], [-48.2772305, -25.0236174], [-48.27703979, -25.02373121], [-48.27692772, -25.02387356], [-48.27683522, -25.02402528], [-48.27675993, -25.02429465], [-48.27669397, -25.02459124], [-48.27662622, -25.02586245], [-48.27659098, -25.0261145], [-48.27659502, -25.0266782], [-48.27663228, -25.02693649], [-48.2766455, -25.02723451], [-48.27653408, -25.02824326], [-48.2765942, -25.02865945], [-48.27668009, -25.02880539], [-48.27689416, -25.02898081], [-48.2771779, -25.02913941], [-48.27744046, -25.02936082], [-48.27771183, -25.0296275], [-48.27794693, -25.02974913], [-48.27818396, -25.02978055], [-48.27837227, -25.02977498], [-48.2784903, -25.02981324], [-48.27859039, -25.02985891], [-48.27872304, -25.03004203], [-48.27874033, -25.03015172], [-48.27872884, -25.0302237], [-48.27868783, -25.03028612], [-48.27847497, -25.03050783], [-48.27837197, -25.03068644], [-48.27829848, -25.03087461], [-48.27826661, -25.03231794], [-48.27823641, -25.03278669], [-48.27824298, -25.03294019], [-48.27828989, -25.03305837], [-48.27870508, -25.03354428], [-48.27925871, -25.03404174], [-48.27955928, -25.03433603], [-48.27987643, -25.03477499], [-48.28014639, -25.03511387], [-48.28042692, -25.03541681], [-48.28131955, -25.03626343], [-48.28164132, -25.03649491], [-48.28245396, -25.03692489], [-48.2828641, -25.03719414], [-48.28298035, -25.03731358], [-48.28324746, -25.03777871], [-48.28394756, -25.03876894], [-48.28491378, -25.03947872], [-48.28513935, -25.03958211], [-48.28536608, -25.03963139], [-48.28561184, -25.03971709], [-48.28577779, -25.03982843], [-48.28598176, -25.04001264], [-48.28645325, -25.04064396], [-48.28670589, -25.04086513], [-48.2869816, -25.04094239], [-48.28714002, -25.04094529], [-48.28721983, -25.04091965], [-48.28743115, -25.04077011], [-48.28753277, -25.04065461], [-48.28764544, -25.04048524], [-48.28776964, -25.04024384], [-48.28802495, -25.03989651], [-48.28815682, -25.03975457], [-48.28827784, -25.03965752], [-48.2886967, -25.0395298], [-48.28908466, -25.03945566], [-48.28934428, -25.03936113], [-48.2895154, -25.03923791], [-48.28968766, -25.03906057], [-48.28981227, -25.03880112], [-48.28982752, -25.03855775], [-48.28976438, -25.03827681], [-48.28950516, -25.03745086], [-48.28943252, -25.0367005], [-48.28961888, -25.03588268], [-48.28970027, -25.03533368], [-48.289733, -25.03474767], [-48.28984511, -25.0341541], [-48.28994988, -25.03389429], [-48.29000434, -25.03366967], [-48.28999801, -25.03350711], [-48.28997171, -25.03335323], [-48.28975861, -25.03268153], [-48.28966768, -25.03230983], [-48.28961172, -25.03170418], [-48.28957444, -25.03114401], [-48.2896264, -25.03058541], [-48.28974086, -25.03033483], [-48.28996425, -25.03008621], [-48.29009514, -25.02998933], [-48.29109714, -25.02946614], [-48.29150866, -25.02922095], [-48.29181161, -25.02895573], [-48.29203599, -25.02866205], [-48.29210886, -25.0285009], [-48.29215223, -25.02833024], [-48.29216509, -25.02819509], [-48.29215857, -25.02804157], [-48.2920663, -25.02728181], [-48.29207363, -25.02694805], [-48.29211759, -25.02675029], [-48.29234628, -25.02625814], [-48.29296555, -25.02528754], [-48.2930453, -25.02509766], [-48.29314845, -25.0244588], [-48.29320109, -25.02431537], [-48.29328251, -25.02421757], [-48.29347278, -25.02412179], [-48.2936522, -25.0240709], [-48.29385041, -25.0240655], [-48.29428861, -25.02395615], [-48.29445849, -25.02388705], [-48.29460976, -25.02376346], [-48.29480363, -25.02350528], [-48.29497529, -25.02335497], [-48.29507471, -25.02333874], [-48.2951737, -25.02334054], [-48.29528204, -25.02336958], [-48.29534046, -25.02341577], [-48.29560798, -25.02386285], [-48.29572498, -25.02394619], [-48.29646696, -25.02398679], [-48.29709625, -25.02374555], [-48.29729462, -25.02373112], [-48.29758095, -25.02377241], [-48.29778649, -25.02388446], [-48.29793227, -25.02401345], [-48.29816315, -25.0243245], [-48.29826947, -25.02444372], [-48.29836692, -25.02451768], [-48.29852355, -25.02460178], [-48.29873048, -25.02465064], [-48.29916551, -25.02468564], [-48.29933325, -25.02471575], [-48.29943126, -25.02476267], [-48.29958622, -25.024882], [-48.29967346, -25.02501074], [-48.2997006, -25.02512856], [-48.29968814, -25.02524564], [-48.29962399, -25.02546107], [-48.29952181, -25.02560362], [-48.29868483, -25.02628328], [-48.29850211, -25.02648751], [-48.29841971, -25.02663042], [-48.29839303, -25.02679466], [-48.29840446, -25.02687381], [-48.29874427, -25.02763804], [-48.29875203, -25.02773745], [-48.29873084, -25.02780024], [-48.29842532, -25.02818276], [-48.29816254, -25.02842163], [-48.29793126, -25.02857986], [-48.29762845, -25.0288361], [-48.29744612, -25.02902226], [-48.29702812, -25.02956515], [-48.29681125, -25.02996735], [-48.29668299, -25.03039817], [-48.29666754, -25.03065056], [-48.29669204, -25.03088564], [-48.29678182, -25.03131144], [-48.29713036, -25.03212999], [-48.29755732, -25.03298612], [-48.29808159, -25.0343764], [-48.2982814, -25.03475001], [-48.29856934, -25.03517038], [-48.29883039, -25.03546388], [-48.29909355, -25.03565822], [-48.29939754, -25.03579911], [-48.2996934, -25.03585865], [-48.30024788, -25.03586873], [-48.30063485, -25.03583967], [-48.3010434, -25.03572977], [-48.30147257, -25.03558411], [-48.30201312, -25.03532327], [-48.30281515, -25.03488658], [-48.303054, -25.03483676], [-48.30332151, -25.0348326], [-48.30346944, -25.03486236], [-48.30445269, -25.03519608], [-48.30464427, -25.03522615], [-48.30524422, -25.03523752], [-48.30542184, -25.0352678], [-48.3056282, -25.03534374], [-48.30611658, -25.03565944], [-48.30631324, -25.03572618], [-48.30652039, -25.03576602], [-48.30704658, -25.03571239], [-48.30724459, -25.03571598], [-48.30742205, -25.03575531], [-48.30750977, -25.03582007], [-48.30766563, -25.03594022], [-48.30786864, -25.0361695], [-48.30809843, -25.03653466], [-48.30832562, -25.03701707], [-48.30842608, -25.03740695], [-48.30843898, -25.03772305], [-48.30832776, -25.03828057], [-48.30822202, -25.03858549], [-48.3079288, -25.03931112], [-48.30778095, -25.03973265], [-48.30772689, -25.03993924], [-48.30772295, -25.04011965], [-48.30780512, -25.04043697], [-48.30794603, -25.04079152], [-48.30805972, -25.04102822], [-48.30813219, -25.04133638], [-48.30809466, -25.04169667], [-48.30804021, -25.0419213], [-48.30792478, -25.04221703], [-48.30779151, -25.04242218], [-48.30731192, -25.04306325], [-48.30719748, -25.04331386], [-48.30717216, -25.04356609], [-48.30721638, -25.04381053], [-48.30742197, -25.04437381], [-48.30768781, -25.04490205], [-48.30844231, -25.04618821], [-48.30893179, -25.04691002], [-48.30936203, -25.04762174], [-48.30967182, -25.04795224], [-48.30996458, -25.04815608], [-48.31022899, -25.0482963], [-48.31058371, -25.0483839], [-48.31098914, -25.04841832], [-48.31126642, -25.04842334], [-48.3117845, -25.04828834], [-48.31227545, -25.0480355], [-48.31242635, -25.04792994], [-48.31287269, -25.0474507], [-48.31301332, -25.04736299], [-48.31318305, -25.04730289], [-48.31335256, -25.04725182], [-48.3135514, -25.04721931], [-48.31383858, -25.04722451], [-48.31436146, -25.04732422], [-48.31462707, -25.04741025], [-48.31498003, -25.04757908], [-48.31541041, -25.04783051], [-48.31584993, -25.04811821], [-48.3160932, -25.04832115], [-48.31632593, -25.04855099], [-48.31663322, -25.04899876], [-48.31686164, -25.04942702], [-48.31710196, -25.04976531], [-48.31742264, -25.05005085], [-48.31767797, -25.05015476], [-48.31792474, -25.05019529], [-48.31847892, -25.05022334], [-48.31862687, -25.05025311], [-48.31895034, -25.05041236], [-48.31921263, -25.05065175], [-48.31939785, -25.05079046], [-48.32031558, -25.05141167], [-48.32107566, -25.05199394], [-48.32185927, -25.05240516], [-48.32229823, -25.05271993], [-48.32241454, -25.05283935], [-48.32251976, -25.05301273], [-48.32272665, -25.05352185], [-48.32282155, -25.05371308], [-48.32310266, -25.0539979], [-48.3238469, -25.05439938], [-48.32400554, -25.05439323], [-48.32413042, -25.0543682], [-48.32425491, -25.05431651], [-48.32431566, -25.05425443], [-48.32433668, -25.05420066], [-48.32433305, -25.05391178], [-48.32428656, -25.05331533], [-48.32436078, -25.05309103], [-48.32444333, -25.05293911], [-48.32460648, -25.05272547], [-48.32476692, -25.05263812], [-48.32498616, -25.05257889], [-48.3251153, -25.05256316], [-48.32552073, -25.05259755], [-48.32576851, -25.05259299], [-48.32598736, -25.0525518], [-48.32628703, -25.05243985], [-48.32643908, -25.05228019], [-48.32655173, -25.05211073], [-48.32663585, -25.05188659], [-48.3266938, -25.05149962], [-48.32669643, -25.05092212], [-48.3266565, -25.05047915], [-48.32657893, -25.04994531], [-48.32650578, -25.0496642], [-48.32628877, -25.04916396], [-48.32611776, -25.04882696], [-48.32610032, -25.04871832], [-48.32612231, -25.04815925], [-48.32605654, -25.04799558], [-48.32583309, -25.04779302], [-48.32563794, -25.04765415], [-48.32542461, -25.04744273], [-48.32526135, -25.04720514], [-48.32513985, -25.04686902], [-48.32499839, -25.04654161], [-48.32485512, -25.04629535], [-48.32480836, -25.04616816], [-48.32457735, -25.04585717], [-48.3244075, -25.04546605], [-48.32436249, -25.04525764], [-48.32432632, -25.04464333], [-48.32422893, -25.0441091], [-48.32405933, -25.04370896], [-48.32364704, -25.04307885], [-48.32352379, -25.04282394], [-48.32343552, -25.04232598], [-48.3234316, -25.04159492], [-48.3234946, -25.04006186], [-48.32361989, -25.03794332], [-48.32369645, -25.03761076], [-48.32381936, -25.03742345], [-48.32398053, -25.03730001], [-48.32458113, -25.03701304], [-48.32483938, -25.03698158], [-48.32573964, -25.03703391], [-48.32647106, -25.03711025], [-48.32721852, -25.03735834], [-48.32753284, -25.03748133], [-48.32780934, -25.03752236], [-48.32817571, -25.03752896], [-48.32865239, -25.03747436], [-48.32931913, -25.03733296], [-48.32956865, -25.03724724], [-48.32964882, -25.03720353], [-48.32982107, -25.03702612], [-48.3299176, -25.03668491], [-48.33005411, -25.0363264], [-48.3300951, -25.03626397], [-48.3301751, -25.03622929], [-48.33042267, -25.03623374], [-48.3311177, -25.03661625], [-48.33151219, -25.03669554], [-48.331763, -25.03670004], [-48.33224613, -25.03665457], [-48.33254572, -25.03654262], [-48.33315362, -25.03637304], [-48.3335311, -25.0363257], [-48.33374855, -25.03634764], [-48.33391589, -25.03639578], [-48.33411042, -25.0365617], [-48.33418749, -25.03666237], [-48.33424262, -25.0368619], [-48.33429166, -25.03780135], [-48.3343862, -25.03801063], [-48.33446307, -25.0381203], [-48.33455085, -25.03818503], [-48.33506046, -25.03843787], [-48.33522529, -25.03860323], [-48.33536856, -25.0388495], [-48.33549179, -25.03910439], [-48.33555647, -25.03932216], [-48.33557993, -25.03961138], [-48.33551488, -25.03987191], [-48.33554959, -25.04009817], [-48.33560745, -25.04017136], [-48.33595189, -25.04027685], [-48.33617017, -25.04026271], [-48.33649826, -25.04020544], [-48.33684718, -25.04010339], [-48.33747725, -25.03982589], [-48.33771821, -25.03967681], [-48.33802252, -25.03934834], [-48.3381398, -25.03896236], [-48.33814175, -25.03887216], [-48.33809495, -25.03874497], [-48.33781968, -25.03818951], [-48.33782844, -25.03778357], [-48.3379345, -25.03746058], [-48.33813138, -25.03705801], [-48.3383246, -25.03682682], [-48.33879859, -25.03643823], [-48.33905874, -25.03631654], [-48.33932805, -25.0362311], [-48.3397746, -25.036194], [-48.33994257, -25.03621505], [-48.34022778, -25.03631039], [-48.34050134, -25.03648677], [-48.34110438, -25.03700296], [-48.34135831, -25.03716997], [-48.34179844, -25.03743051], [-48.34231902, -25.03763841], [-48.34261411, -25.03773392], [-48.34307836, -25.03779638], [-48.34341563, -25.03777532], [-48.34369425, -25.03771715], [-48.34400492, -25.03755124], [-48.34447712, -25.03724385], [-48.34462895, -25.03709311], [-48.3450033, -25.0362695], [-48.34530638, -25.03599516], [-48.34551743, -25.03585455], [-48.34579664, -25.03576927], [-48.34604417, -25.03577369], [-48.346342, -25.03574293], [-48.34707128, -25.03545813], [-48.34762169, -25.03519723], [-48.34789118, -25.03510279], [-48.3479506, -25.03510385], [-48.34810825, -25.03514274], [-48.34854475, -25.03557472], [-48.34877617, -25.03586762], [-48.34884277, -25.03599516], [-48.34896956, -25.03654795], [-48.34906294, -25.03681134], [-48.34914938, -25.03693923], [-48.34924685, -25.03701316], [-48.34966084, -25.03706012], [-48.35008815, -25.03704624], [-48.35084555, -25.03683413], [-48.35098593, -25.03675538], [-48.3511166, -25.03666748], [-48.3513018, -25.03634589], [-48.35136607, -25.0361214], [-48.35138042, -25.03591409], [-48.35152993, -25.03541139], [-48.35216749, -25.03432173], [-48.3524261, -25.03381187], [-48.35252082, -25.0335519], [-48.35252427, -25.03338952], [-48.3524641, -25.03296426], [-48.35242605, -25.03289139], [-48.35221342, -25.03264392], [-48.35183425, -25.03231223], [-48.35149582, -25.03192719], [-48.35140087, -25.03173599], [-48.35130727, -25.03148162], [-48.35122553, -25.03113722], [-48.35121094, -25.03089328], [-48.35109388, -25.03034972], [-48.35092416, -25.02994957], [-48.35072378, -25.02959405], [-48.3505073, -25.02906675], [-48.35017373, -25.02845612], [-48.34997665, -25.02794721], [-48.34996341, -25.02764015], [-48.35001778, -25.02741549], [-48.35017347, -25.02708435], [-48.35037538, -25.02690745], [-48.35051594, -25.02681972], [-48.35075511, -25.0267518], [-48.35119293, -25.02666031], [-48.35140276, -25.02657382], [-48.35154467, -25.02642291], [-48.35172854, -25.02616447], [-48.3520434, -25.02580006], [-48.35233325, -25.02567887], [-48.35281048, -25.02559715], [-48.3529887, -25.02560032], [-48.35380723, -25.02576833], [-48.35403495, -25.02577237], [-48.35418424, -25.02573895], [-48.35434422, -25.0256696], [-48.35465643, -25.02543145], [-48.35486954, -25.02519162], [-48.35498343, -25.02495897], [-48.35505783, -25.02472567], [-48.35516822, -25.02419515], [-48.35522182, -25.02400662], [-48.35527325, -25.02391728], [-48.35539401, -25.02382918], [-48.35566152, -25.02382492], [-48.35577977, -25.02385408], [-48.35613174, -25.02406791], [-48.3562496, -25.02411514], [-48.35641754, -25.02413619], [-48.35650703, -25.02411972], [-48.35661828, -25.02401341], [-48.35682615, -25.02355685], [-48.35698042, -25.02328884], [-48.3571841, -25.02303074], [-48.3574129, -25.02252036], [-48.35743719, -25.02231327], [-48.35750142, -25.02208879], [-48.35777471, -25.02135357], [-48.35787076, -25.02103041], [-48.35792824, -25.02066142], [-48.35802618, -25.02024802], [-48.35814087, -25.01997926], [-48.35817407, -25.01981745], [-48.35815737, -25.01967276], [-48.35810179, -25.01949129], [-48.35802591, -25.01933649], [-48.35787232, -25.01910814], [-48.35774671, -25.01896154], [-48.35768146, -25.01877083], [-48.35768378, -25.01866258], [-48.3577779, -25.0184296], [-48.35789997, -25.01827836], [-48.35815292, -25.01803016], [-48.35826586, -25.01784264], [-48.35833999, -25.01761832], [-48.35831553, -25.01737421], [-48.35815414, -25.01704645], [-48.35810969, -25.01681103], [-48.35816477, -25.01655029], [-48.35821602, -25.01646995], [-48.35842664, -25.01634735], [-48.35852625, -25.01632206], [-48.35859551, -25.01632329], [-48.35870405, -25.01634326], [-48.35886091, -25.01641824], [-48.35901664, -25.01654736], [-48.3592028, -25.01664094], [-48.35956834, -25.01668351], [-48.35991622, -25.01662652], [-48.36022586, -25.01650567], [-48.3604262, -25.01640096], [-48.36059797, -25.01624155], [-48.36083127, -25.01598397], [-48.36122214, -25.01530501], [-48.36141354, -25.015155], [-48.36168357, -25.01503344], [-48.36186253, -25.01500051], [-48.36247435, -25.01499577], [-48.36286255, -25.01501829], [-48.36403582, -25.01526471], [-48.36421401, -25.01526788], [-48.36443263, -25.01523564], [-48.36477258, -25.01508822], [-48.36543735, -25.01484923], [-48.36634101, -25.01445722], [-48.36660187, -25.01429941], [-48.3668658, -25.01399727], [-48.36691931, -25.01380866], [-48.36694469, -25.01308712], [-48.36703274, -25.01267356], [-48.36711671, -25.01244944], [-48.3673001, -25.01220897], [-48.36753346, -25.01195135], [-48.3678261, -25.01169489], [-48.36811729, -25.01151045], [-48.36854053, -25.01116602], [-48.36876318, -25.01094436], [-48.36907842, -25.01056187], [-48.36929321, -25.01024074], [-48.36936636, -25.01006153], [-48.36943256, -25.00927754], [-48.36949003, -25.00894683], [-48.36972457, -25.00858779], [-48.37002829, -25.00827729], [-48.37072255, -25.00776613], [-48.37106262, -25.00760971], [-48.37141335, -25.00741737], [-48.37169324, -25.00729597], [-48.37207442, -25.00706805], [-48.37269975, -25.00653763], [-48.37320281, -25.00616747], [-48.37349662, -25.00585678], [-48.37360876, -25.00570532], [-48.37381012, -25.00508618], [-48.37393526, -25.00479055], [-48.3741712, -25.00440665], [-48.37435325, -25.00422936], [-48.37474412, -25.00401066], [-48.37535377, -25.00375065], [-48.37584174, -25.00362389], [-48.37627866, -25.00356843], [-48.37656632, -25.00354645], [-48.37684256, -25.00359646], [-48.37710967, -25.00361019], [-48.37729889, -25.00355937], [-48.37739906, -25.00350699], [-48.3775704, -25.00336562], [-48.37773377, -25.00313384], [-48.37787907, -25.00282052], [-48.37793548, -25.00249662], [-48.3779854, -25.00201018], [-48.3779969, -25.00146886], [-48.37795663, -25.00103494], [-48.37785921, -25.00049174], [-48.37792872, -24.99908507], [-48.37803255, -24.99839197], [-48.37817485, -24.99775371], [-48.37851214, -24.99712845], [-48.3787032, -24.99703397], [-48.37936061, -24.99647502], [-48.38009955, -24.99572092], [-48.3802998, -24.99561614], [-48.38059891, -24.99552215], [-48.38101544, -24.99549337], [-48.38132153, -24.99553488], [-48.38202054, -24.9957277], [-48.38254522, -24.99573692], [-48.38337539, -24.9958147], [-48.38396992, -24.99579811], [-48.38479615, -24.99559604], [-48.38591553, -24.99511032], [-48.38731915, -24.99429566], [-48.38823539, -24.99358071], [-48.38912388, -24.99277507], [-48.38962664, -24.99241386], [-48.39040982, -24.99190416], [-48.39092113, -24.99160627], [-48.39119279, -24.99140347], [-48.39244479, -24.99073049], [-48.39289978, -24.99075651], [-48.39333341, -24.99085438], [-48.39390164, -24.99114411], [-48.39432405, -24.99130492], [-48.39456051, -24.99136322], [-48.39489627, -24.99140522], [-48.39523513, -24.99130284], [-48.39551553, -24.99115434], [-48.39574776, -24.99094179], [-48.39606454, -24.99047804], [-48.39602207, -24.99014338], [-48.39555415, -24.98932291], [-48.39545936, -24.98912271], [-48.39545365, -24.98892406], [-48.39553645, -24.98875402], [-48.39584786, -24.98854289], [-48.39635782, -24.98830813], [-48.39669723, -24.9881787], [-48.39699533, -24.98812976], [-48.3980918, -24.98778793], [-48.39847325, -24.9875419], [-48.39867522, -24.98735594], [-48.39901957, -24.98699193], [-48.39968424, -24.98599273], [-48.40006929, -24.98557527], [-48.4004814, -24.98528467], [-48.4007313, -24.9851717], [-48.40144801, -24.9849947], [-48.40177501, -24.98498237], [-48.40205331, -24.98493308], [-48.40262627, -24.98499724], [-48.40309572, -24.98527618], [-48.40340275, -24.98527252], [-48.40361156, -24.98523103], [-48.40384115, -24.9851448], [-48.40400217, -24.98502126], [-48.40429643, -24.98468342], [-48.40460493, -24.98413829], [-48.40484585, -24.98351073], [-48.40513285, -24.98304645], [-48.40539629, -24.98276222], [-48.40539723, -24.9827171], [-48.40564865, -24.98253195], [-48.40585841, -24.98244538], [-48.4062669, -24.98232615], [-48.40712879, -24.9823051], [-48.40780378, -24.98222659], [-48.4083533, -24.98199248], [-48.40856439, -24.98184274], [-48.40922687, -24.98094275], [-48.40955934, -24.98066874], [-48.40984775, -24.98061058], [-48.41051261, -24.98054094], [-48.41076155, -24.98047308], [-48.41103165, -24.98034241], [-48.4114095, -24.98026777], [-48.41163715, -24.98027173], [-48.4119322, -24.9803671], [-48.41214712, -24.98050621], [-48.41233161, -24.98068091], [-48.41345644, -24.98228891], [-48.41370531, -24.98269936], [-48.41394274, -24.9831818], [-48.41403974, -24.98375208], [-48.41397315, -24.98470162], [-48.41393301, -24.98506792], [-48.41377479, -24.98600378], [-48.41378091, -24.98618439], [-48.41384548, -24.98641114], [-48.41414883, -24.9870572], [-48.4143219, -24.98730388], [-48.4145837, -24.98757018], [-48.41493495, -24.98781995], [-48.41509049, -24.98795803], [-48.41619792, -24.98850977], [-48.41689242, -24.98891893], [-48.41742895, -24.98930731], [-48.41764125, -24.98957272], [-48.41834399, -24.99006326], [-48.41888371, -24.99029826], [-48.42069684, -24.99072684], [-48.42166488, -24.9908429], [-48.42199993, -24.99092091], [-48.42237535, -24.99096351], [-48.42291981, -24.99097295], [-48.42322554, -24.9910324], [-48.42414464, -24.99112053], [-48.4244898, -24.99118968], [-48.42531143, -24.99120391], [-48.42591452, -24.99125045], [-48.42634093, -24.99122173], [-48.42666986, -24.99111913], [-48.42703092, -24.99089973], [-48.42799812, -24.99010418], [-48.42851718, -24.98990558], [-48.4286657, -24.98990815], [-48.42909956, -24.98999687], [-48.42932535, -24.99009104], [-48.42936177, -24.99012435], [-48.42971682, -24.9903144], [-48.42987294, -24.99042542], [-48.43005691, -24.99062715], [-48.43032096, -24.99078512], [-48.43116645, -24.99155788], [-48.43132297, -24.99165084], [-48.4320062, -24.9916536], [-48.43242305, -24.99160666], [-48.43304037, -24.99144582], [-48.43393975, -24.99105522], [-48.43434487, -24.99109829], [-48.43460073, -24.9911749], [-48.43487528, -24.991306], [-48.43556838, -24.99178729], [-48.43574359, -24.9919347], [-48.43636303, -24.99260222], [-48.43684106, -24.99297348], [-48.43721237, -24.99321453], [-48.43739858, -24.993308], [-48.43788084, -24.99345168], [-48.43836475, -24.99351418], [-48.43914119, -24.9937983], [-48.43942457, -24.99398369], [-48.43967072, -24.99405111], [-48.44004184, -24.99430119], [-48.44023572, -24.99450308], [-48.44049518, -24.99488661], [-48.44064328, -24.99538554], [-48.44099915, -24.99574624], [-48.44146383, -24.99593216], [-48.44181871, -24.99601047], [-48.44216446, -24.99605251], [-48.44301729, -24.99599497], [-48.44326555, -24.99596316], [-48.44416415, -24.99560856], [-48.44440027, -24.99568482], [-48.44479828, -24.99607072], [-48.44504673, -24.99650821], [-48.44530331, -24.99737977], [-48.44533068, -24.99762319], [-48.4454239, -24.99790458], [-48.44559705, -24.99815125], [-48.44583951, -24.99839909], [-48.44652598, -24.99872677], [-48.44766371, -24.9987824], [-48.44796912, -24.99885984], [-48.44799787, -24.99890547], [-48.44818467, -24.99897186], [-48.44836904, -24.99915552], [-48.44853287, -24.99937494], [-48.44869278, -24.99978383], [-48.44871782, -25.00000989], [-48.44877423, -25.00015525], [-48.44906695, -25.00036787], [-48.44913476, -25.00044123], [-48.44922983, -25.00063239], [-48.44935611, -25.0007519], [-48.44955133, -25.00089062], [-48.44995442, -25.00103291], [-48.45067546, -25.00112651], [-48.45150408, -25.00128512], [-48.45204859, -25.00129445], [-48.45241284, -25.00139997], [-48.45295327, -25.00160778], [-48.45322749, -25.0017569], [-48.45347146, -25.00193255], [-48.4536465, -25.00208898], [-48.45374253, -25.00223502], [-48.45400688, -25.00286231], [-48.45436003, -25.0039875], [-48.45447287, -25.00427824], [-48.45465485, -25.00457919], [-48.45502324, -25.00496456], [-48.45556182, -25.00526259], [-48.4567303, -25.0057519], [-48.45714427, -25.00584924], [-48.45761802, -25.00592956], [-48.45811212, -25.00598313], [-48.45845938, -25.00595297], [-48.4588567, -25.00589658], [-48.46014895, -25.00566595], [-48.4609843, -25.00549969], [-48.46164125, -25.00533946], [-48.46221732, -25.00525902], [-48.46275197, -25.00526814], [-48.46317639, -25.00533857], [-48.46356049, -25.00544442], [-48.46391413, -25.00558583], [-48.46412916, -25.00572487], [-48.46439461, -25.00580053], [-48.46465543, -25.00613998], [-48.46474178, -25.00627686], [-48.46485574, -25.00651344], [-48.46490811, -25.00685732], [-48.4649269, -25.00739013], [-48.46489781, -25.0078409], [-48.4649603, -25.00817592], [-48.46504254, -25.00851125], [-48.46513599, -25.0087836], [-48.46518966, -25.0090643], [-48.46518169, -25.00945226], [-48.46501982, -25.01009934], [-48.46500548, -25.01031569], [-48.46502139, -25.01050549], [-48.46509856, -25.01060609], [-48.46525381, -25.01076217], [-48.46558934, -25.01082205], [-48.46582734, -25.01080805], [-48.46611558, -25.01075881], [-48.46635321, -25.01076286], [-48.46676792, -25.01082408], [-48.46751671, -25.01101736], [-48.46824457, -25.01126441], [-48.46906228, -25.0114769], [-48.46950654, -25.01154764], [-48.46994875, -25.01171762], [-48.47026207, -25.01189445], [-48.47049637, -25.0120609], [-48.47088446, -25.01245559], [-48.4711184, -25.01264007], [-48.47137249, -25.01280687], [-48.47162753, -25.01292852], [-48.47219755, -25.01314581], [-48.47332204, -25.01337251], [-48.47396284, -25.01351878], [-48.47413958, -25.013594], [-48.47444321, -25.01376162], [-48.47481226, -25.01411988], [-48.47497376, -25.01445656], [-48.47499901, -25.0146736], [-48.47499347, -25.01494426], [-48.47492348, -25.01594489], [-48.4748953, -25.01683793], [-48.47491301, -25.01742489], [-48.47498579, -25.01870772], [-48.47509742, -25.01906161], [-48.47515146, -25.01932428], [-48.47522721, -25.02046276], [-48.47532524, -25.02099693], [-48.47562493, -25.02184138], [-48.47574941, -25.02205107], [-48.47592067, -25.0222026], [-48.47609739, -25.02247216], [-48.47628127, -25.02268287], [-48.4763766, -25.02286499], [-48.47654653, -25.02327403], [-48.47672158, -25.0239178], [-48.47708684, -25.02543125], [-48.47732141, -25.02655438], [-48.47748274, -25.02690008], [-48.47766423, -25.02722809], [-48.4778276, -25.02747454], [-48.4784563, -25.02821627], [-48.47881238, -25.02872775], [-48.47936514, -25.0297931], [-48.47960422, -25.03021233], [-48.47978372, -25.03063956], [-48.47984638, -25.03096554], [-48.47985353, -25.03110104], [-48.47984763, -25.03138975], [-48.47980433, -25.03156953], [-48.47971114, -25.03176651], [-48.47930415, -25.03229211], [-48.47921059, -25.03250711], [-48.47895379, -25.03295402], [-48.47878853, -25.03328517], [-48.4786946, -25.03351823], [-48.47864011, -25.033761], [-48.47859275, -25.03413925], [-48.47864422, -25.03452823], [-48.47873643, -25.03486373], [-48.47894396, -25.03537268], [-48.47911704, -25.03562833], [-48.47932077, -25.03583936], [-48.47957457, -25.03602419], [-48.48007132, -25.03643875], [-48.48035445, -25.03664212], [-48.48069351, -25.03701791], [-48.48087502, -25.0373459], [-48.48091134, -25.03750897], [-48.48092652, -25.03773486], [-48.48090169, -25.03846551], [-48.48091706, -25.03868238], [-48.48103167, -25.0388919], [-48.48122548, -25.03910278], [-48.48145967, -25.03927823], [-48.48212738, -25.03956935], [-48.4825028, -25.03962083], [-48.48332807, -25.03960959], [-48.48404772, -25.03962182], [-48.48480018, -25.0396688], [-48.48518405, -25.0397926], [-48.48613748, -25.04016075], [-48.48635314, -25.04027272], [-48.4864795, -25.04039216], [-48.48661374, -25.04061107], [-48.48673532, -25.0409651], [-48.48697332, -25.04192583], [-48.48699289, -25.04242257], [-48.48694222, -25.04296322], [-48.48686351, -25.04342218], [-48.48685394, -25.04389136], [-48.48706741, -25.04459896], [-48.48727079, -25.04482802], [-48.48751889, -25.04529251], [-48.48751171, -25.0456444], [-48.48744879, -25.04581483], [-48.48732702, -25.04595716], [-48.48714579, -25.04609849], [-48.48672503, -25.04632605], [-48.48654402, -25.04645836], [-48.48644275, -25.04656496], [-48.48628959, -25.04678799], [-48.48590124, -25.04785545], [-48.48572552, -25.04821346], [-48.48549972, -25.04859773], [-48.48520642, -25.04889061], [-48.4849727, -25.04917549], [-48.48449341, -25.04984425], [-48.48418354, -25.05046177], [-48.48394032, -25.0507284], [-48.48362704, -25.05102996], [-48.48356449, -25.05118234], [-48.48354209, -25.05130831], [-48.48354978, -25.05141674], [-48.48359434, -25.05166119], [-48.48379293, -25.05212485], [-48.48383782, -25.05235122], [-48.48381305, -25.0525945], [-48.48371581, -25.05298998], [-48.48369232, -25.0531701], [-48.48368956, -25.05330543], [-48.48375572, -25.05345998], [-48.48386321, -25.053534], [-48.4839813, -25.05357209], [-48.48426802, -25.05360404], [-48.48498096, -25.05362514], [-48.48558603, -25.05359026], [-48.48601377, -25.05350726], [-48.48631351, -25.05338598], [-48.48658551, -25.05316493], [-48.48690873, -25.05286357], [-48.48723357, -25.05248098], [-48.48750615, -25.05223288], [-48.48763602, -25.05218092], [-48.48793407, -25.05214082], [-48.48814188, -25.05215336], [-48.4895481, -25.05267356], [-48.48978455, -25.05274074], [-48.49011064, -25.05278233], [-48.49108331, -25.05269951], [-48.49130102, -25.05271221], [-48.49155745, -25.0527707], [-48.49171334, -25.0528997], [-48.49176067, -25.05300881], [-48.49181699, -25.05316318], [-48.49188905, -25.05351637], [-48.49203853, -25.05396117], [-48.49227384, -25.05456985], [-48.49243543, -25.05490652], [-48.4926258, -25.0552888], [-48.49310469, -25.05610016], [-48.49340238, -25.05656548], [-48.49352582, -25.05682932], [-48.49367952, -25.05706657], [-48.49381635, -25.05715913], [-48.49411057, -25.0573085], [-48.49457994, -25.05761428], [-48.4948195, -25.0577827], [-48.49508675, -25.05802896], [-48.49532191, -25.05815929], [-48.49556788, -25.05824468], [-48.49603176, -25.05833373], [-48.49677299, -25.05842747], [-48.49775208, -25.05851618], [-48.49814628, -25.05862208], [-48.49864978, -25.05871182], [-48.49906287, -25.05886318], [-48.49938646, -25.05903108], [-48.49976724, -25.05930828], [-48.50001196, -25.0594568], [-48.50017758, -25.05959497], [-48.50054957, -25.05981783], [-48.50112503, -25.06026978], [-48.50168598, -25.06094713], [-48.50196353, -25.06143013], [-48.50225136, -25.06238266], [-48.50237007, -25.06288107], [-48.50263645, -25.06342707], [-48.50315709, -25.06413982], [-48.50408182, -25.06495866], [-48.50690199, -25.06710898], [-48.50799753, -25.06781333], [-48.50882839, -25.06837786], [-48.50933605, -25.0687564], [-48.50961674, -25.06908602], [-48.50979653, -25.06950424], [-48.50979808, -25.06991942], [-48.50964124, -25.07032296], [-48.50931349, -25.07084995], [-48.50888903, -25.07125798], [-48.50840548, -25.07164701], [-48.50815073, -25.07199471], [-48.50800637, -25.07227206], [-48.50806256, -25.07292287], [-48.50822474, -25.07323244], [-48.50875828, -25.07380099], [-48.50911841, -25.07412293], [-48.50964648, -25.07496214], [-48.50997564, -25.07534674], [-48.510258, -25.07559518], [-48.51056162, -25.07577173], [-48.51086688, -25.07586713], [-48.51114153, -25.07600712], [-48.51140263, -25.0763274], [-48.5114487, -25.07649963], [-48.51142616, -25.07663463], [-48.51127538, -25.07674042], [-48.51093471, -25.07692424], [-48.51058597, -25.07701768], [-48.51022532, -25.07721019], [-48.51010314, -25.07737058], [-48.5098366, -25.07780836], [-48.50968659, -25.07836543], [-48.50936289, -25.07918132], [-48.50925341, -25.07969394], [-48.50920282, -25.08023462], [-48.50927975, -25.08084062], [-48.50951998, -25.08170207], [-48.50959951, -25.08266913], [-48.5096621, -25.08300413], [-48.50974559, -25.08328533], [-48.50985146, -25.08344053], [-48.51004669, -25.08358822], [-48.51035272, -25.08364752], [-48.5106802, -25.08362593], [-48.51113757, -25.08355237], [-48.51143496, -25.08354834], [-48.51171145, -25.0835981], [-48.512802, -25.08406767], [-48.5134915, -25.08427779], [-48.5139217, -25.08437724], [-48.51419255, -25.08440688], [-48.51514367, -25.08442282], [-48.51599842, -25.08430176], [-48.51647594, -25.08421046], [-48.51690542, -25.08404619], [-48.51773647, -25.08362686], [-48.51812542, -25.08350701], [-48.5186127, -25.08342489], [-48.51938674, -25.08337466], [-48.52006077, -25.08336789], [-48.52062494, -25.08340442], [-48.52102951, -25.0834924], [-48.52145279, -25.08363486], [-48.5218629, -25.08393957], [-48.52200805, -25.08411345], [-48.52213213, -25.0843502], [-48.5222542, -25.08468618], [-48.52243923, -25.08533911], [-48.52250744, -25.08589082], [-48.52267176, -25.08658854], [-48.52291774, -25.08717028], [-48.52300485, -25.08818837], [-48.52295674, -25.08867818], [-48.52276251, -25.08897279], [-48.52246919, -25.08926573], [-48.52151504, -25.0898906], [-48.52113254, -25.09018206], [-48.52090911, -25.09044909], [-48.52072513, -25.09072581], [-48.52068259, -25.09086949], [-48.52066232, -25.09138361], [-48.52069868, -25.09154668], [-48.52075558, -25.09167399], [-48.5209101, -25.09187513], [-48.52100736, -25.09196701], [-48.52123251, -25.09210616], [-48.52180482, -25.09223306], [-48.52274442, -25.09233], [-48.52405711, -25.09260463], [-48.52470623, -25.09313713], [-48.52536659, -25.09352904], [-48.52542241, -25.09371049], [-48.52554632, -25.09395625], [-48.52568213, -25.09410292], [-48.52603392, -25.09435249], [-48.52656371, -25.09462306], [-48.5274388, -25.0949716], [-48.52769371, -25.09511123], [-48.52782053, -25.09521264], [-48.5279077, -25.09531336], [-48.52799414, -25.09545018], [-48.52803107, -25.09558617], [-48.52805769, -25.09574007], [-48.52805533, -25.09585737], [-48.52802218, -25.09602828], [-48.52794973, -25.09618053], [-48.52776719, -25.09638507], [-48.52766649, -25.09646461], [-48.52750611, -25.09655221], [-48.52711644, -25.09670815], [-48.5269959, -25.09678736], [-48.52692472, -25.09687645], [-48.52689056, -25.09697821], [-48.52689895, -25.09717386], [-48.52693585, -25.09730987], [-48.52699241, -25.09745521], [-48.52726995, -25.09794722], [-48.52747958, -25.09836589], [-48.52759824, -25.09887331], [-48.52775852, -25.09928214], [-48.52805896, -25.09962109], [-48.52814266, -25.09966903], [-48.52840048, -25.0998885], [-48.52866584, -25.10000124], [-48.52882147, -25.10014824], [-48.52919681, -25.10021472]], [[-48.26222126, -24.91769813], [-48.2595669, -24.91701134], [-48.25828315, -24.91649902], [-48.25755175, -24.91524343], [-48.25587005, -24.91343809], [-48.25467118, -24.91197362], [-48.25338239, -24.91141019], [-48.25331933, -24.91026834], [-48.253451, -24.90937985], [-48.25499308, -24.90678768], [-48.25511421, -24.90614714], [-48.25488989, -24.90536169], [-48.2543986, -24.90482401], [-48.25455612, -24.90457608], [-48.25490211, -24.90372381], [-48.25527021, -24.9032957], [-48.25554979, -24.90291709], [-48.25578391, -24.90202404], [-48.25597904, -24.9014919], [-48.25609504, -24.90128902], [-48.25640617, -24.90090144], [-48.25713461, -24.8991623], [-48.25748745, -24.89687192], [-48.25903227, -24.89533845], [-48.26116293, -24.8946426], [-48.26297731, -24.89458404], [-48.2651229, -24.89508287], [-48.2672078, -24.89560725], [-48.26836564, -24.89627666], [-48.26850471, -24.89802933], [-48.26952363, -24.89920595], [-48.27152329, -24.89988568], [-48.27192404, -24.89998489], [-48.27342836, -24.90028804], [-48.27443529, -24.90030645], [-48.27585104, -24.9000567], [-48.27766149, -24.90018164], [-48.27870066, -24.8987306], [-48.28025735, -24.89664587], [-48.28297397, -24.89678728], [-48.28540663, -24.89609658], [-48.28764591, -24.89503481], [-48.28955901, -24.8950696], [-48.29160087, -24.89382042], [-48.29260776, -24.89383871], [-48.29341728, -24.89366965], [-48.29390269, -24.89450535], [-48.29610986, -24.8949129], [-48.29751752, -24.89503029], [-48.2997347, -24.89497858], [-48.30164782, -24.89501321], [-48.30288005, -24.89393298], [-48.30374403, -24.89293489], [-48.3048877, -24.89117993], [-48.30513884, -24.89126735], [-48.30582967, -24.89136993], [-48.30638675, -24.8914067], [-48.30661061, -24.89139794], [-48.30679595, -24.89129889], [-48.30864966, -24.89280428], [-48.30653625, -24.89430486], [-48.30595956, -24.89591807], [-48.30492271, -24.89727749], [-48.30537829, -24.89949076], [-48.30446405, -24.89984174], [-48.30108552, -24.90043964], [-48.29795864, -24.90166823], [-48.29581629, -24.90039556], [-48.29246142, -24.90054303], [-48.29054623, -24.90060011], [-48.28611569, -24.90051953], [-48.28463963, -24.90352456], [-48.2841946, -24.90544586], [-48.28297082, -24.90656127], [-48.28286735, -24.90804699], [-48.28341964, -24.90980741], [-48.28414628, -24.91117488], [-48.28325306, -24.91309896], [-48.28083793, -24.91487177], [-48.27612835, -24.91494563], [-48.27452525, -24.91636176], [-48.27026729, -24.91575714], [-48.26460757, -24.91657211], [-48.26363574, -24.91668523], [-48.26222126, -24.91769813]], [[-48.31315782, -24.94717035], [-48.31245352, -24.94604606], [-48.31168095, -24.94489011], [-48.31106556, -24.9441359], [-48.30907365, -24.94237845], [-48.30844553, -24.94190847], [-48.30813587, -24.94173213], [-48.30793998, -24.94202969], [-48.30767228, -24.94236326], [-48.30744377, -24.94254348], [-48.30723085, -24.94263798], [-48.30645355, -24.94328043], [-48.30557088, -24.94437588], [-48.30469147, -24.94531982], [-48.30317179, -24.94640373], [-48.301392, -24.94626317], [-48.29958257, -24.94583348], [-48.29893445, -24.94506395], [-48.29761893, -24.94440859], [-48.29569399, -24.94361667], [-48.29629707, -24.94302635], [-48.2967252, -24.94276518], [-48.29739145, -24.9425359], [-48.29781592, -24.94245069], [-48.29865016, -24.94219002], [-48.29923855, -24.94190197], [-48.29950641, -24.94168122], [-48.29975573, -24.94123483], [-48.29991251, -24.9406259], [-48.30008074, -24.94022454], [-48.30057873, -24.93953667], [-48.30084675, -24.93922832], [-48.30435724, -24.94031239], [-48.30462957, -24.93995643], [-48.30641593, -24.93888305], [-48.30597449, -24.93828694], [-48.30574779, -24.93806558], [-48.30533062, -24.93781693], [-48.30508427, -24.93771287], [-48.30474355, -24.93763124], [-48.3044816, -24.93762191], [-48.30434384, -24.93771198], [-48.3041487, -24.93791479], [-48.30397102, -24.93801835], [-48.30388993, -24.93805887], [-48.30363505, -24.93809015], [-48.30355526, -24.93807651], [-48.30322591, -24.93783698], [-48.30307571, -24.93776913], [-48.30271729, -24.93774162], [-48.30253488, -24.9377008], [-48.30248052, -24.93765109], [-48.30239766, -24.93741637], [-48.30236832, -24.93695159], [-48.30240001, -24.93637982], [-48.30239287, -24.93581459], [-48.30231864, -24.93558439], [-48.30217147, -24.93534959], [-48.30215834, -24.93523226], [-48.30221763, -24.93508795], [-48.30276546, -24.93479983], [-48.30296888, -24.93464216], [-48.30309653, -24.93427233], [-48.30314513, -24.93423177], [-48.30313169, -24.93411445], [-48.30320172, -24.93381223], [-48.30346946, -24.93323501], [-48.30348886, -24.93308162], [-48.30339466, -24.93298675], [-48.30382364, -24.93117923], [-48.30427239, -24.92964695], [-48.30440033, -24.92843588], [-48.30263046, -24.92747077], [-48.30014734, -24.927047], [-48.30024577, -24.92634172], [-48.29853942, -24.92585625], [-48.29835797, -24.92600504], [-48.29796245, -24.9266227], [-48.2954584, -24.92635543], [-48.29533371, -24.92343052], [-48.29741173, -24.92323901], [-48.29918128, -24.92259491], [-48.30192673, -24.92079933], [-48.30158727, -24.91907397], [-48.29955051, -24.91737518], [-48.29733073, -24.91830915], [-48.29520409, -24.91678747], [-48.292323, -24.91741595], [-48.29211392, -24.91596239], [-48.29219414, -24.91446447], [-48.29212702, -24.91386878], [-48.29216745, -24.91350787], [-48.29231054, -24.91316062], [-48.29247578, -24.91288559], [-48.29295181, -24.91238084], [-48.29281693, -24.91221823], [-48.29273244, -24.9120602], [-48.29269653, -24.9118887], [-48.29270218, -24.91162699], [-48.29286492, -24.91075637], [-48.29271665, -24.91024631], [-48.29272494, -24.9098673], [-48.29277623, -24.9096959], [-48.2948222, -24.90943838], [-48.29667671, -24.9100395], [-48.29867317, -24.90750143], [-48.30130381, -24.906751], [-48.30346548, -24.90825182], [-48.30371158, -24.90857363], [-48.30420752, -24.90904424], [-48.30445047, -24.90951028], [-48.30500513, -24.91026159], [-48.30582303, -24.90930576], [-48.30627561, -24.90901107], [-48.30884843, -24.91050858], [-48.31000541, -24.90851615], [-48.30907929, -24.90628659], [-48.31124815, -24.90623503], [-48.31222069, -24.90632513], [-48.31231368, -24.90837944], [-48.31496418, -24.90785414], [-48.31716879, -24.9076073], [-48.31781445, -24.90723941], [-48.32152878, -24.90648225], [-48.32383275, -24.91036325], [-48.32399735, -24.91093707], [-48.32543815, -24.91035203], [-48.32633548, -24.91012738], [-48.32673608, -24.90999696], [-48.32710672, -24.90983491], [-48.32739347, -24.909754], [-48.32782624, -24.9101064], [-48.32830294, -24.91094615], [-48.32851163, -24.91121709], [-48.32879561, -24.9113708], [-48.32907905, -24.91147488], [-48.32950717, -24.91159263], [-48.32982871, -24.91163358], [-48.33033586, -24.91161605], [-48.33084743, -24.91152182], [-48.33110316, -24.91151306], [-48.33148302, -24.91165783], [-48.33211245, -24.91202397], [-48.33276325, -24.91212389], [-48.33365711, -24.91221053], [-48.33387753, -24.91226038], [-48.33409939, -24.91238695], [-48.33411364, -24.91237344], [-48.33452143, -24.91269871], [-48.33494346, -24.91299694], [-48.33497961, -24.91250516], [-48.33508208, -24.91215783], [-48.33518102, -24.91165258], [-48.33521352, -24.91162103], [-48.33526508, -24.91143157], [-48.33573033, -24.91128313], [-48.33603404, -24.91124283], [-48.33683021, -24.91130227], [-48.33759228, -24.91144741], [-48.33848239, -24.91156561], [-48.33977502, -24.91149919], [-48.34025668, -24.91132821], [-48.34070072, -24.91106693], [-48.34246635, -24.91172819], [-48.34417185, -24.91122367], [-48.34470806, -24.91039396], [-48.34483067, -24.91025871], [-48.34551896, -24.90972692], [-48.34642312, -24.9091818], [-48.34733943, -24.90882169], [-48.34798091, -24.90867339], [-48.34849116, -24.90863325], [-48.34930176, -24.90876936], [-48.35032222, -24.909032], [-48.35069473, -24.90910904], [-48.35152041, -24.90904211], [-48.35228931, -24.91029717], [-48.35255366, -24.91060874], [-48.35324324, -24.9111779], [-48.35345523, -24.91130894], [-48.35396053, -24.91155754], [-48.35428142, -24.91164356], [-48.35448738, -24.91163473], [-48.35528636, -24.91138275], [-48.35607165, -24.91122101], [-48.35773925, -24.91450727], [-48.35762016, -24.9148546], [-48.35745913, -24.91566664], [-48.35740849, -24.91619], [-48.3572784, -24.91668171], [-48.35705508, -24.91702442], [-48.35591135, -24.918359], [-48.3556716, -24.91874684], [-48.35522131, -24.9196669], [-48.35486487, -24.92069985], [-48.35421031, -24.9218882], [-48.35315641, -24.92315088], [-48.35415458, -24.92559482], [-48.35462664, -24.92787629], [-48.35649057, -24.92888362], [-48.35844193, -24.92902773], [-48.36137135, -24.92988709], [-48.36112256, -24.93152066], [-48.3578034, -24.93516804], [-48.35773363, -24.93504616], [-48.35752013, -24.93485196], [-48.35689855, -24.93448143], [-48.35679822, -24.93430538], [-48.3566474, -24.9339127], [-48.35642848, -24.93299205], [-48.35632203, -24.9327438], [-48.35613552, -24.93247743], [-48.35587655, -24.93228318], [-48.35546635, -24.93211138], [-48.35503812, -24.9319982], [-48.35430219, -24.93188926], [-48.35418069, -24.931835], [-48.35407998, -24.93173113], [-48.35378336, -24.93175795], [-48.35344677, -24.93185691], [-48.35316456, -24.93201006], [-48.35264707, -24.93236605], [-48.35173704, -24.93279838], [-48.35093984, -24.93356922], [-48.35072907, -24.93370439], [-48.35003595, -24.93403314], [-48.34266523, -24.93358407], [-48.34033565, -24.9324119], [-48.34211857, -24.9279673], [-48.34220639, -24.92599437], [-48.34268016, -24.92544886], [-48.34293449, -24.92508815], [-48.34342962, -24.92452009], [-48.34343123, -24.92448401], [-48.34303341, -24.92457838], [-48.34277796, -24.92458715], [-48.34226871, -24.92451898], [-48.34175971, -24.92448691], [-48.34150393, -24.92451375], [-48.34107857, -24.92462613], [-48.33995326, -24.92510332], [-48.33970352, -24.92524294], [-48.33892506, -24.92583326], [-48.33866699, -24.92595935], [-48.33835705, -24.92601319], [-48.33802995, -24.92594519], [-48.33762689, -24.92577333], [-48.3372576, -24.92554735], [-48.33695334, -24.92524475], [-48.33679227, -24.92495131], [-48.33672445, -24.9247482], [-48.33656038, -24.92385916], [-48.33337938, -24.9246591], [-48.33061466, -24.92716047], [-48.33227387, -24.93191335], [-48.33431597, -24.9340526], [-48.33564323, -24.9365946], [-48.33567477, -24.93869348], [-48.33651713, -24.93988746], [-48.33553994, -24.94053908], [-48.33453817, -24.94091145], [-48.33363588, -24.9416341], [-48.3323359, -24.94149418], [-48.33222724, -24.94012815], [-48.33050732, -24.9398933], [-48.33031947, -24.94047515], [-48.3299858, -24.94118318], [-48.32980419, -24.94147628], [-48.3292589, -24.94197654], [-48.32874065, -24.94236855], [-48.32848698, -24.94265254], [-48.32842127, -24.94276978], [-48.32832656, -24.94307198], [-48.32828368, -24.9439608], [-48.32807776, -24.94465092], [-48.32803451, -24.94509756], [-48.3271208, -24.94464089], [-48.32657106, -24.94424778], [-48.32474964, -24.94501729], [-48.3225679, -24.94417577], [-48.32341939, -24.94258647], [-48.31988084, -24.94176348], [-48.31953697, -24.94219625], [-48.31922726, -24.94250724], [-48.31866073, -24.94289916], [-48.31827732, -24.94327775], [-48.31809224, -24.94336779], [-48.31741836, -24.94354301], [-48.31708106, -24.94366444], [-48.31634114, -24.94397044], [-48.31595323, -24.9442317], [-48.31570018, -24.9444886], [-48.31541948, -24.94484472], [-48.31617922, -24.94522458], [-48.31629663, -24.9453285], [-48.31638893, -24.94545945], [-48.3164792, -24.94572124], [-48.31643658, -24.946592], [-48.31652282, -24.9468583], [-48.31600755, -24.9468487], [-48.31579997, -24.94687554], [-48.31512507, -24.94710038], [-48.31491748, -24.94713624], [-48.31402651, -24.947045], [-48.31348365, -24.94706694], [-48.31315782, -24.94717035]], [[-48.29279274, -24.94105348], [-48.29091413, -24.94035961], [-48.29199624, -24.93855559], [-48.28971861, -24.93762172], [-48.29088957, -24.93467474], [-48.2914826, -24.93480193], [-48.29260723, -24.93493871], [-48.29388129, -24.93505897], [-48.29501203, -24.93589425], [-48.29465264, -24.93676076], [-48.29687241, -24.93742197], [-48.29630577, -24.93803251], [-48.29611018, -24.93822299], [-48.29584817, -24.93852866], [-48.2954207, -24.93861782], [-48.29514458, -24.9385934], [-48.29423594, -24.93830535], [-48.29387264, -24.93837638], [-48.29352803, -24.93856403], [-48.29322228, -24.93892713], [-48.2939382, -24.93927001], [-48.29279274, -24.94105348]], [[-48.34331941, -24.96784388], [-48.34286089, -24.96716269], [-48.34303821, -24.96690477], [-48.34273702, -24.96597321], [-48.34204135, -24.96532073], [-48.34170721, -24.96480396], [-48.34094317, -24.96414395], [-48.34040997, -24.96400829], [-48.33968255, -24.96405836], [-48.33914633, -24.96412039], [-48.33856811, -24.96437114], [-48.33754808, -24.96439855], [-48.33707951, -24.96411393], [-48.3376471, -24.96338973], [-48.3384852, -24.96226709], [-48.3390232, -24.96169008], [-48.33863585, -24.961265], [-48.33813452, -24.96125603], [-48.33710241, -24.9610011], [-48.33629943, -24.9605453], [-48.33581238, -24.95987446], [-48.33546396, -24.95919032], [-48.33488708, -24.95867553], [-48.33418445, -24.95837918], [-48.33344351, -24.95825554], [-48.33295171, -24.95780531], [-48.33184625, -24.95694538], [-48.33191458, -24.95671534], [-48.33195363, -24.95640858], [-48.33189403, -24.95582647], [-48.33095887, -24.95559403], [-48.33047655, -24.95550655], [-48.32949705, -24.95522098], [-48.32932424, -24.95441386], [-48.32915501, -24.95307587], [-48.32929886, -24.95306249], [-48.32961977, -24.95295003], [-48.3306211, -24.95238255], [-48.33077299, -24.95236917], [-48.33085245, -24.95240084], [-48.33096461, -24.95275289], [-48.33102538, -24.95287477], [-48.33113383, -24.95297866], [-48.33170364, -24.95318678], [-48.33203844, -24.95359322], [-48.3330548, -24.95415373], [-48.33353562, -24.9540324], [-48.33381796, -24.95383414], [-48.33394018, -24.95381172], [-48.3342441, -24.95366764], [-48.3344053, -24.95362719], [-48.33471881, -24.95374481], [-48.33486672, -24.95394802], [-48.33485631, -24.95489099], [-48.33502645, -24.95513482], [-48.33521566, -24.95522072], [-48.33550205, -24.95524357], [-48.33593426, -24.95517182], [-48.3368036, -24.95479368], [-48.33752382, -24.9546861], [-48.33838695, -24.95458318], [-48.33867433, -24.95457443], [-48.33897739, -24.95462438], [-48.33910939, -24.95469669], [-48.33918754, -24.95477796], [-48.33922216, -24.95507129], [-48.33909887, -24.95522007], [-48.33864433, -24.95560765], [-48.33850329, -24.95586018], [-48.33850133, -24.9559459], [-48.33855179, -24.95618058], [-48.33872737, -24.95653267], [-48.3387868, -24.95676285], [-48.33880722, -24.95728624], [-48.33888078, -24.95759314], [-48.33944547, -24.95876679], [-48.33950431, -24.95897439], [-48.33958219, -24.9598182], [-48.3394977, -24.9603821], [-48.33946164, -24.96053547], [-48.33940458, -24.96066626], [-48.33941707, -24.96082419], [-48.33960985, -24.96102742], [-48.33977248, -24.96109524], [-48.34004872, -24.96109102], [-48.34020932, -24.96104154], [-48.3403098, -24.96083409], [-48.34040632, -24.96003558], [-48.34048229, -24.95986419], [-48.34076922, -24.95945388], [-48.34093048, -24.95936381], [-48.34106597, -24.95936394], [-48.34127959, -24.95947694], [-48.34168596, -24.95981572], [-48.34266176, -24.96047539], [-48.34307769, -24.96111648], [-48.34361723, -24.96161783], [-48.34369505, -24.96173521], [-48.34373813, -24.96193376], [-48.34351691, -24.96223587], [-48.3434741, -24.96234411], [-48.34347213, -24.96243886], [-48.34356444, -24.96260589], [-48.34411875, -24.96316138], [-48.34470148, -24.96350031], [-48.34476902, -24.96367635], [-48.34470613, -24.96402822], [-48.34475955, -24.96410948], [-48.34508295, -24.96426769], [-48.34527449, -24.96448446], [-48.34533681, -24.9646289], [-48.34533583, -24.9654997], [-48.34543194, -24.96586525], [-48.34561626, -24.96618126], [-48.34561559, -24.96621284], [-48.34579607, -24.96638446], [-48.34594356, -24.9664252], [-48.34519896, -24.96671327], [-48.34495496, -24.96691156], [-48.34479141, -24.96710542], [-48.3444842, -24.96767363], [-48.34448288, -24.96774129], [-48.34331941, -24.96784388]], [[-48.41176975, -24.96498089], [-48.41061276, -24.96404964], [-48.41207075, -24.96205566], [-48.41277115, -24.96230509], [-48.41345889, -24.96251711], [-48.4131568, -24.96283504], [-48.41400918, -24.96365014], [-48.41351293, -24.96437252], [-48.41284534, -24.96440709], [-48.41247842, -24.96419295], [-48.41176975, -24.96498089]]]]}}]}