{"type": "FeatureCollection", "features": [{"type": "Feature", "properties": {"name": "Reserva de Desenvolvimento Sustentável Despraiado"}, "geometry": {"type": "MultiPolygon", "coordinates": [[[[-47.37437319, -24.43291037], [-47.37498645, -24.43305601], [-47.3750893, -24.43308043], [-47.37580065, -24.43299673], [-47.37623213, -24.43277238], [-47.37733739, -24.43257371], [-47.37816889, -24.43256063], [-47.37900447, -24.43276506], [-47.37960248, -24.43297321], [-47.38146618, -24.43308892], [-47.38241578, -24.4330377], [-47.3832821, -24.43277022], [-47.38398322, -24.43214273], [-47.38452391, -24.43140897], [-47.38463178, -24.43082709], [-47.38457855, -24.43010271], [-47.38460587, -24.42944957], [-47.38471374, -24.42886769], [-47.38513358, -24.42802706], [-47.3858333, -24.42732706], [-47.38665316, -24.42669768], [-47.38763616, -24.42631955], [-47.38990111, -24.42461576], [-47.39346765, -24.42053438], [-47.39443517, -24.41940711], [-47.39465851, -24.4191662], [-47.39477549, -24.41909665], [-47.39485909, -24.41907561], [-47.39500509, -24.41903886], [-47.39513359, -24.41895315], [-47.3952144, -24.41889924], [-47.3953916, -24.41867709], [-47.39550321, -24.41842709], [-47.39563513, -24.41825675], [-47.39563697, -24.41825437], [-47.39587788, -24.41814059], [-47.39605029, -24.41805917], [-47.39624435, -24.41775508], [-47.39624475, -24.41775468], [-47.39626377, -24.41773554], [-47.39642945, -24.41757023], [-47.39677664, -24.41737067], [-47.39691973, -24.41722172], [-47.39701351, -24.4171241], [-47.39724589, -24.41695016], [-47.39733136, -24.41688615], [-47.39733695, -24.41688354], [-47.39756, -24.41677785], [-47.39837968, -24.41680277], [-47.398616, -24.41673584], [-47.39883513, -24.41659214], [-47.39883606, -24.41659153], [-47.39901134, -24.41632915], [-47.39901341, -24.41632605], [-47.39917639, -24.41618626], [-47.3993427, -24.41617098], [-47.39966436, -24.41629045], [-47.39987728, -24.41631063], [-47.39988459, -24.41631133], [-47.40002708, -24.41627171], [-47.40003657, -24.41626907], [-47.40003953, -24.41626825], [-47.40030652, -24.41610334], [-47.40036878, -24.41600867], [-47.4003803, -24.41599114], [-47.40042337, -24.41597057], [-47.40042524, -24.41596967], [-47.4004521, -24.41586967], [-47.40046761, -24.41581194], [-47.40046724, -24.41577985], [-47.40046612, -24.41568107], [-47.40025794, -24.41547776], [-47.4001869, -24.41540839], [-47.40005537, -24.41522994], [-47.40004497, -24.41517425], [-47.4000093, -24.41498335], [-47.40009091, -24.41476361], [-47.40039247, -24.4143418], [-47.40043633, -24.41421112], [-47.40047345, -24.41409342], [-47.40066342, -24.41391776], [-47.400695, -24.41390032], [-47.40076098, -24.41386386], [-47.40090917, -24.41384027], [-47.40110104, -24.41380972], [-47.40128758, -24.41372197], [-47.40134531, -24.41369482], [-47.40145605, -24.41356506], [-47.40150305, -24.41350998], [-47.4015054, -24.41350723], [-47.40158972, -24.41332717], [-47.40159019, -24.41324773], [-47.40181339, -24.41296668], [-47.40181453, -24.41296525], [-47.40230378, -24.4126382], [-47.40230406, -24.41263785], [-47.40232487, -24.41261239], [-47.40240836, -24.41250936], [-47.40241014, -24.41250717], [-47.40249363, -24.41233524], [-47.40249388, -24.41233236], [-47.40249884, -24.41227411], [-47.40253476, -24.41185257], [-47.40257658, -24.41171831], [-47.40264375, -24.41162827], [-47.40264676, -24.41162423], [-47.40299974, -24.4113556], [-47.40300048, -24.41135503], [-47.40306503, -24.41122403], [-47.40306532, -24.41122144], [-47.40306756, -24.41120146], [-47.40312807, -24.41066053], [-47.40312826, -24.41065886], [-47.403352, -24.41039715], [-47.40405269, -24.41002962], [-47.40405476, -24.41002853], [-47.40413406, -24.40994784], [-47.40427622, -24.40966023], [-47.40435621, -24.4094984], [-47.40451485, -24.40933882], [-47.40473899, -24.40920256], [-47.40511172, -24.40910457], [-47.4054911, -24.40890965], [-47.40549245, -24.40890896], [-47.40582915, -24.40843877], [-47.40583048, -24.40843691], [-47.40613612, -24.40821183], [-47.40613866, -24.40820996], [-47.4062603, -24.40807292], [-47.40626316, -24.40806987], [-47.40633123, -24.4078986], [-47.40638265, -24.4077692], [-47.40643623, -24.40732396], [-47.40644041, -24.40728889], [-47.40644044, -24.40728806], [-47.40644131, -24.40726082], [-47.40644874, -24.40699186], [-47.40645486, -24.40679499], [-47.4063491, -24.40657541], [-47.40616447, -24.40619212], [-47.40615976, -24.40594374], [-47.40615973, -24.40594216], [-47.40617521, -24.40587043], [-47.4061996, -24.40575738], [-47.40639701, -24.40525146], [-47.40640148, -24.40518994], [-47.40641264, -24.40503638], [-47.40640001, -24.40502], [-47.40634595, -24.40494989], [-47.40623018, -24.40487449], [-47.40610242, -24.40479128], [-47.40594518, -24.40460783], [-47.40587619, -24.40445431], [-47.4058347, -24.40436197], [-47.40583403, -24.40436047], [-47.40583677, -24.40432654], [-47.4058468, -24.4042023], [-47.40595451, -24.40390452], [-47.40603943, -24.40363146], [-47.40603999, -24.40362965], [-47.40612857, -24.40353928], [-47.4064732, -24.40318768], [-47.40665164, -24.40277324], [-47.40675081, -24.4026489], [-47.40697987, -24.40246111], [-47.40699081, -24.40245772], [-47.4070717, -24.40243266], [-47.4071923, -24.40227991], [-47.40719266, -24.40227656], [-47.40719877, -24.40221833], [-47.40721317, -24.402081], [-47.40693492, -24.40170179], [-47.40693249, -24.40157366], [-47.40702161, -24.40128339], [-47.407097, -24.40117444], [-47.40709752, -24.40117398], [-47.40727281, -24.40101582], [-47.40755555, -24.40085155], [-47.40797797, -24.40085032], [-47.40804146, -24.40085014], [-47.40804411, -24.40084968], [-47.40827115, -24.40081035], [-47.40832834, -24.40080044], [-47.40860051, -24.40075324], [-47.40860342, -24.40075274], [-47.40870023, -24.40079869], [-47.40874563, -24.40082024], [-47.40875063, -24.40082261], [-47.40892899, -24.40096502], [-47.409194, -24.40117661], [-47.40957091, -24.40135205], [-47.41047285, -24.40140629], [-47.41066389, -24.40144838], [-47.41070893, -24.40145254], [-47.41071981, -24.40145355], [-47.41072215, -24.40145377], [-47.4109204, -24.40145031], [-47.411321, -24.40144333], [-47.41132223, -24.40144331], [-47.41135565, -24.40142929], [-47.41156377, -24.40134197], [-47.4119613, -24.40109824], [-47.412371, -24.40093963], [-47.41237226, -24.40093914], [-47.41258343, -24.40079587], [-47.41273861, -24.4004558], [-47.41271814, -24.40026025], [-47.41261482, -24.39990625], [-47.41267709, -24.39955232], [-47.41274882, -24.3994235], [-47.41275519, -24.39941206], [-47.4127562, -24.39941025], [-47.41303188, -24.39923886], [-47.41329375, -24.39922205], [-47.41343452, -24.39921258], [-47.41372355, -24.39927658], [-47.41402007, -24.39942349], [-47.41438412, -24.39970022], [-47.41452343, -24.39976931], [-47.41468776, -24.39979006], [-47.41468843, -24.39979014], [-47.41474444, -24.39975509], [-47.41487412, -24.39967395], [-47.41487643, -24.39967251], [-47.4149602, -24.39941301], [-47.41510055, -24.39927807], [-47.41510405, -24.39927594], [-47.41576016, -24.398874], [-47.41600302, -24.39868024], [-47.41601235, -24.3986728], [-47.41603342, -24.39865599], [-47.41603493, -24.39865478], [-47.4160397, -24.39864658], [-47.41611914, -24.39849634], [-47.41612152, -24.39849183], [-47.41617491, -24.39844855], [-47.41632815, -24.39832379], [-47.41652426, -24.3981639], [-47.41656157, -24.39814806], [-47.41698481, -24.39796624], [-47.41773668, -24.39769788], [-47.41827811, -24.39759565], [-47.41827979, -24.39759533], [-47.41846136, -24.39760597], [-47.41911347, -24.39779233], [-47.41993214, -24.39797783], [-47.42081588, -24.39811263], [-47.42170975, -24.39831316], [-47.4224981, -24.39814891], [-47.42269404, -24.39813855], [-47.4230381, -24.39788391], [-47.42343034, -24.39767454], [-47.42372236, -24.39743066], [-47.42422926, -24.3971355], [-47.42434265, -24.39703439], [-47.42447455, -24.39681835], [-47.4246149, -24.39668432], [-47.42536104, -24.39616869], [-47.42562064, -24.39593074], [-47.4257008, -24.39568935], [-47.42568245, -24.39555425], [-47.42560289, -24.39536236], [-47.42548557, -24.39525773], [-47.42512681, -24.39515516], [-47.42469024, -24.39484893], [-47.42447703, -24.39462578], [-47.42421569, -24.39451443], [-47.42394887, -24.39447808], [-47.42368998, -24.39444341], [-47.42358975, -24.39440801], [-47.4232092, -24.39414421], [-47.42302348, -24.39407045], [-47.42256307, -24.39396048], [-47.42222153, -24.39372674], [-47.42195987, -24.39370204], [-47.4213873, -24.39386104], [-47.42096311, -24.3937902], [-47.42076961, -24.39377343], [-47.42048542, -24.39380776], [-47.42029581, -24.39378823], [-47.42002901, -24.39370042], [-47.41968367, -24.39342251], [-47.41957733, -24.39306586], [-47.41953676, -24.39277051], [-47.41953148, -24.39273203], [-47.41951324, -24.39259931], [-47.41944119, -24.39233508], [-47.41943903, -24.39196323], [-47.41928937, -24.39166052], [-47.41895997, -24.39128757], [-47.41895195, -24.39076326], [-47.41857135, -24.39034058], [-47.41844256, -24.39009892], [-47.41830127, -24.38961465], [-47.41820805, -24.38948074], [-47.41818207, -24.3894622], [-47.41768371, -24.38911813], [-47.41752495, -24.38890673], [-47.41744219, -24.38870135], [-47.41726647, -24.3885823], [-47.41671281, -24.38843949], [-47.41670192, -24.38843695], [-47.41654738, -24.38834374], [-47.41622575, -24.38806724], [-47.41582817, -24.38789125], [-47.41563015, -24.38774006], [-47.41536006, -24.38737518], [-47.4150268, -24.3871088], [-47.4145365, -24.38651364], [-47.41452375, -24.3864651], [-47.41431264, -24.38629877], [-47.41396093, -24.38609857], [-47.41379717, -24.3859351], [-47.41339279, -24.3853485], [-47.41319013, -24.38526417], [-47.41269937, -24.38505896], [-47.41238023, -24.38475715], [-47.41209667, -24.38466779], [-47.41171611, -24.38460886], [-47.4115841, -24.38455951], [-47.41096622, -24.38409545], [-47.41081733, -24.38404005], [-47.41045839, -24.38397716], [-47.41020741, -24.38383944], [-47.40978017, -24.38360523], [-47.40941716, -24.38348373], [-47.40896639, -24.38325621], [-47.4086472, -24.38295078], [-47.40805267, -24.3825739], [-47.40803508, -24.38256269], [-47.40797386, -24.3825237], [-47.40759598, -24.3821894], [-47.40737005, -24.38186443], [-47.4068344, -24.38126545], [-47.40627035, -24.38072831], [-47.40586116, -24.37993686], [-47.40529785, -24.37948996], [-47.40506985, -24.37918264], [-47.40479297, -24.37978556], [-47.40483939, -24.38020731], [-47.40490703, -24.38073435], [-47.40439358, -24.38102416], [-47.40395498, -24.38120716], [-47.40368142, -24.38198606], [-47.40353337, -24.38228767], [-47.40273003, -24.38249406], [-47.40191937, -24.38231328], [-47.40145723, -24.3822678], [-47.40084171, -24.38224235], [-47.40036368, -24.38237315], [-47.40002414, -24.382713], [-47.39985786, -24.38306771], [-47.39948919, -24.38390093], [-47.39897937, -24.38438431], [-47.39870079, -24.38489923], [-47.39859248, -24.38527062], [-47.39834502, -24.38539777], [-47.39786033, -24.38517659], [-47.3969708, -24.38489141], [-47.3965282, -24.38486321], [-47.39610514, -24.3848523], [-47.39568574, -24.38503497], [-47.39536407, -24.38530412], [-47.39511593, -24.38539606], [-47.39463258, -24.38524527], [-47.39424264, -24.38495217], [-47.39341243, -24.38475405], [-47.39240994, -24.38459386], [-47.39084991, -24.38442485], [-47.38925177, -24.38427404], [-47.38892836, -24.3842862], [-47.38763839, -24.38433469], [-47.38660212, -24.38442144], [-47.38497249, -24.38464076], [-47.38413133, -24.38488285], [-47.38372947, -24.3849772], [-47.38323619, -24.38503671], [-47.383204, -24.38504059], [-47.38305827, -24.38505818], [-47.38111954, -24.3851943], [-47.37975461, -24.38518054], [-47.37865837, -24.38514496], [-47.37866171, -24.38516124], [-47.37822166, -24.38510882], [-47.37731154, -24.38491554], [-47.3766139, -24.38477428], [-47.37620402, -24.38467001], [-47.37559547, -24.38444432], [-47.37512414, -24.38428566], [-47.37463331, -24.38410062], [-47.37425101, -24.38390974], [-47.37379086, -24.3839357], [-47.37330544, -24.38425269], [-47.3725878, -24.38474206], [-47.37217139, -24.38491733], [-47.37180509, -24.38503557], [-47.37141604, -24.38503229], [-47.37106654, -24.38495339], [-47.37075849, -24.38490196], [-47.37045009, -24.38483179], [-47.37019268, -24.38475144], [-47.3695842, -24.38462083], [-47.36918998, -24.38451687], [-47.36868103, -24.38438134], [-47.36819867, -24.38431388], [-47.36768683, -24.38431251], [-47.36726691, -24.38430032], [-47.3669195, -24.38433388], [-47.36663223, -24.38436553], [-47.36649889, -24.3842842], [-47.36639324, -24.38410772], [-47.36636501, -24.38387049], [-47.36633729, -24.3834936], [-47.36634839, -24.38297799], [-47.36629299, -24.38270263], [-47.36618649, -24.38238203], [-47.36603112, -24.38213622], [-47.36582549, -24.3818912], [-47.36549931, -24.3816291], [-47.36510133, -24.38132208], [-47.36490591, -24.38109585], [-47.36471112, -24.38084975], [-47.36435877, -24.38029377], [-47.36421378, -24.38007578], [-47.36405165, -24.37993227], [-47.36404188, -24.37992362], [-47.36400935, -24.37989482], [-47.36371424, -24.37966022], [-47.36341882, -24.37946172], [-47.36308269, -24.37924671], [-47.36260662, -24.37903298], [-47.36213956, -24.37877307], [-47.36192547, -24.37860218], [-47.36168082, -24.37843088], [-47.36138486, -24.37815024], [-47.36117857, -24.37786821], [-47.36105409, -24.37763996], [-47.36101027, -24.3774565], [-47.36099648, -24.37724458], [-47.36104264, -24.3770236], [-47.36137054, -24.37631891], [-47.36163327, -24.37587249], [-47.3617801, -24.37565897], [-47.36207662, -24.37538715], [-47.36216436, -24.37522962], [-47.36218252, -24.37514629], [-47.36213006, -24.37502795], [-47.36198707, -24.37486409], [-47.36176265, -24.37472045], [-47.36145994, -24.37460601], [-47.36119665, -24.37454512], [-47.36083438, -24.37451376], [-47.36049384, -24.37453802], [-47.36026332, -24.37459668], [-47.35996474, -24.37475749], [-47.35969602, -24.37488174], [-47.35955581, -24.37492093], [-47.35933443, -24.37488737], [-47.35926969, -24.37484548], [-47.35921858, -24.37480853], [-47.35917092, -24.37473285], [-47.35916666, -24.37450363], [-47.35917156, -24.37423636], [-47.35921651, -24.37395041], [-47.35935211, -24.37366304], [-47.35958649, -24.37328207], [-47.35997757, -24.37274158], [-47.36012251, -24.37242699], [-47.36027472, -24.37197328], [-47.36034715, -24.37152171], [-47.36033234, -24.37125474], [-47.36026797, -24.37102556], [-47.3601943, -24.37087957], [-47.35992775, -24.37058944], [-47.35962654, -24.37030058], [-47.35931453, -24.37003356], [-47.35908664, -24.36988711], [-47.35860433, -24.36981962], [-47.35828661, -24.36979644], [-47.3576954, -24.36992751], [-47.35727953, -24.37013086], [-47.35686296, -24.37029672], [-47.35636297, -24.3703795], [-47.35555461, -24.37039207], [-47.35468452, -24.37038685], [-47.35356833, -24.37035731], [-47.35217066, -24.37021111], [-47.35132261, -24.37009973], [-47.35070034, -24.36994333], [-47.35005848, -24.369711], [-47.3495421, -24.36946119], [-47.34873176, -24.36922765], [-47.34786681, -24.36880746], [-47.34723181, -24.36860049], [-47.3472085, -24.36859289], [-47.34714601, -24.36857252], [-47.34673131, -24.36828597], [-47.34639422, -24.36804509], [-47.34596761, -24.3678056], [-47.34561752, -24.3675532], [-47.34522603, -24.36713738], [-47.34485753, -24.36658057], [-47.34457857, -24.36602237], [-47.34440474, -24.36561489], [-47.34417975, -24.36520821], [-47.34389319, -24.36493138], [-47.34355871, -24.36483108], [-47.34323939, -24.36485946], [-47.34288257, -24.36493529], [-47.34225823, -24.36507385], [-47.34171254, -24.36518416], [-47.34136966, -24.36513439], [-47.34096566, -24.3650296], [-47.34089158, -24.36498972], [-47.34053277, -24.36473718], [-47.34023486, -24.36421365], [-47.33998488, -24.36316126], [-47.33996224, -24.36315918], [-47.34024697, -24.36055412], [-47.33996858, -24.36018639], [-47.33968763, -24.35953937], [-47.3396177, -24.35887149], [-47.33932434, -24.35859435], [-47.33882031, -24.35835567], [-47.33849242, -24.35829031], [-47.33841508, -24.35878543], [-47.33837997, -24.35911711], [-47.33805911, -24.35978103], [-47.33811303, -24.36008711], [-47.33807126, -24.36017351], [-47.33783202, -24.360346], [-47.33703601, -24.36073199], [-47.3367759, -24.36078746], [-47.33637706, -24.36074757], [-47.33611295, -24.3606388], [-47.33596531, -24.36054088], [-47.33582417, -24.36015309], [-47.33534154, -24.35984278], [-47.33515376, -24.3596516], [-47.33511347, -24.35933538], [-47.33517885, -24.35897871], [-47.33501064, -24.35856516], [-47.33483561, -24.35831691], [-47.3346089, -24.3578835], [-47.3344779, -24.35745674], [-47.3344349, -24.35693926], [-47.33416101, -24.35624389], [-47.3341356, -24.35582543], [-47.33420346, -24.35544255], [-47.33419694, -24.35519441], [-47.33401724, -24.35474493], [-47.33396971, -24.35446402], [-47.33414683, -24.35407494], [-47.33417128, -24.35395721], [-47.33414546, -24.35367778], [-47.33405756, -24.35350581], [-47.33378843, -24.35355238], [-47.33269739, -24.35380659], [-47.3320072, -24.35383616], [-47.33188773, -24.35387682], [-47.33171562, -24.35400223], [-47.33149304, -24.35406162], [-47.33128893, -24.35405393], [-47.33115915, -24.35401621], [-47.33072742, -24.3537394], [-47.33055876, -24.35373026], [-47.33043437, -24.35377098], [-47.33022228, -24.35391958], [-47.32990649, -24.354216], [-47.32952634, -24.35428052], [-47.32928037, -24.35424729], [-47.32894151, -24.35430666], [-47.32849953, -24.35438476], [-47.3281338, -24.35464494], [-47.32783906, -24.35480022], [-47.32755203, -24.35489218], [-47.3270789, -24.35493736], [-47.32678833, -24.35505105], [-47.32639896, -24.35525833], [-47.32613851, -24.35551056], [-47.32568502, -24.35582173], [-47.32537426, -24.35596371], [-47.32507485, -24.35604487], [-47.32507098, -24.35604546], [-47.3239968, -24.35618433], [-47.32361458, -24.35629761], [-47.32356947, -24.3563633], [-47.32350104, -24.35639323], [-47.32341764, -24.35657505], [-47.32305267, -24.35687763], [-47.32300935, -24.35698752], [-47.32300831, -24.3569886], [-47.32298093, -24.35701695], [-47.32280142, -24.35720284], [-47.32256385, -24.35719745], [-47.32233769, -24.3570619], [-47.32219075, -24.35683938], [-47.32202173, -24.35670296], [-47.32179049, -24.35661262], [-47.32159268, -24.35657232], [-47.32132528, -24.35639046], [-47.32090248, -24.35627868], [-47.32064525, -24.35611382], [-47.32033456, -24.35604365], [-47.31903817, -24.35611765], [-47.31874861, -24.35628727], [-47.31866599, -24.35640408], [-47.31846253, -24.35659405], [-47.31813441, -24.35681121], [-47.31812907, -24.3566804], [-47.31806211, -24.35652074], [-47.31759355, -24.35611447], [-47.31742989, -24.3558931], [-47.31736526, -24.35575327], [-47.31736096, -24.35519276], [-47.31719167, -24.35482434], [-47.31647667, -24.35452023], [-47.31597965, -24.3541198], [-47.31537595, -24.35381308], [-47.31505234, -24.35357339], [-47.31493032, -24.35340621], [-47.31423411, -24.3537158], [-47.31351209, -24.35416693], [-47.31276765, -24.35444236], [-47.3122515, -24.35459107], [-47.31171486, -24.35466967], [-47.31119775, -24.35476558], [-47.31079304, -24.35470133], [-47.31044372, -24.35451301], [-47.31011776, -24.35455318], [-47.30992821, -24.35469691], [-47.3094508, -24.35486262], [-47.30910403, -24.35481509], [-47.30877488, -24.35467927], [-47.30842411, -24.35461276], [-47.30837838, -24.35471517], [-47.30838076, -24.35484611], [-47.30857669, -24.35513783], [-47.30899973, -24.35546976], [-47.30927983, -24.35580385], [-47.30932032, -24.3560652], [-47.30931237, -24.35628362], [-47.30925677, -24.35650277], [-47.30915373, -24.35673355], [-47.30893137, -24.35695524], [-47.30872967, -24.35700197], [-47.30839595, -24.35699614], [-47.30813112, -24.35684736], [-47.3079862, -24.35674042], [-47.30772455, -24.35676623], [-47.30742755, -24.35681441], [-47.30716669, -24.35688388], [-47.3068687, -24.3568775], [-47.30661678, -24.3567831], [-47.30642402, -24.35666596], [-47.30610779, -24.35631058], [-47.3058404, -24.35601994], [-47.30551424, -24.35577386], [-47.30514281, -24.35565944], [-47.30473881, -24.35572016], [-47.30437212, -24.35586763], [-47.30413726, -24.35605676], [-47.30396491, -24.35640866], [-47.30385113, -24.35670509], [-47.30374926, -24.35700135], [-47.30363242, -24.35712865], [-47.30340807, -24.35724121], [-47.30282836, -24.35746832], [-47.3023082, -24.35769452], [-47.30219491, -24.35775769], [-47.30187525, -24.35785886], [-47.30189867, -24.35792434], [-47.30190866, -24.35793467], [-47.30174957, -24.35803743], [-47.30171596, -24.35806081], [-47.30154135, -24.35821454], [-47.30132398, -24.35846792], [-47.30122594, -24.35856711], [-47.30094331, -24.35887279], [-47.3007865, -24.35911005], [-47.30050832, -24.35941151], [-47.30031852, -24.35958068], [-47.30020588, -24.35962604], [-47.29994161, -24.35969241], [-47.29967142, -24.35970303], [-47.2996128, -24.35970364], [-47.29941678, -24.35965465], [-47.29920529, -24.35962875], [-47.2988816, -24.35954636], [-47.2985488, -24.35946203], [-47.2981111, -24.3592234], [-47.29791742, -24.35917852], [-47.29773963, -24.35913341], [-47.29732213, -24.35901373], [-47.29691025, -24.35894228], [-47.29676027, -24.35893], [-47.29651569, -24.35891027], [-47.29617298, -24.35895137], [-47.29605529, -24.35896771], [-47.29584277, -24.35901042], [-47.29551657, -24.35907841], [-47.29509973, -24.35922294], [-47.29508282, -24.3592288], [-47.29502343, -24.3592494], [-47.29474142, -24.35933889], [-47.29438064, -24.35945387], [-47.29350697, -24.35971094], [-47.29349168, -24.35971814], [-47.29322386, -24.35974016], [-47.29301237, -24.35970969], [-47.29283698, -24.35969742], [-47.2925556, -24.35967544], [-47.29238607, -24.35965572], [-47.2921001, -24.35961153], [-47.29191143, -24.35956255], [-47.29160068, -24.35947727], [-47.29141611, -24.35939959], [-47.29105057, -24.35924301], [-47.29094801, -24.35920351], [-47.29075003, -24.35906843], [-47.29060147, -24.35896245], [-47.29055172, -24.35891468], [-47.29039644, -24.35877522], [-47.29030537, -24.35869449], [-47.29011793, -24.35846594], [-47.28998058, -24.35830382], [-47.28972202, -24.35797185], [-47.28941642, -24.35774136], [-47.28912918, -24.35762627], [-47.28891673, -24.35759216], [-47.28859566, -24.35763433], [-47.2883704, -24.3577027], [-47.2883595, -24.35770601], [-47.28819455, -24.35775607], [-47.28805465, -24.35779177], [-47.2880548, -24.35781125], [-47.28799194, -24.3578122], [-47.28728085, -24.35807956], [-47.28701814, -24.35818332], [-47.28677277, -24.35827533], [-47.28638433, -24.358421], [-47.28576658, -24.35868694], [-47.2851172, -24.35892484], [-47.28471446, -24.35903072], [-47.28424922, -24.35912327], [-47.28377761, -24.35916204], [-47.28370115, -24.35960743], [-47.28387405, -24.3597542], [-47.28406428, -24.35997611], [-47.28419353, -24.36025941], [-47.28418888, -24.3603299], [-47.28434194, -24.36062187], [-47.28447139, -24.36075172], [-47.28485318, -24.36099511], [-47.28502947, -24.36126327], [-47.28531428, -24.36153881], [-47.28548046, -24.36162838], [-47.28616435, -24.36179319], [-47.28629004, -24.36182289], [-47.28719652, -24.36220009], [-47.28759458, -24.36241615], [-47.2878387, -24.36262008], [-47.2882764, -24.36317677], [-47.28837555, -24.36353906], [-47.28880544, -24.36431883], [-47.28888177, -24.36440778], [-47.28890332, -24.36443289], [-47.28901565, -24.3645638], [-47.28910137, -24.36466371], [-47.28937259, -24.36467586], [-47.2897942, -24.36461172], [-47.29087457, -24.36451956], [-47.29146679, -24.36451783], [-47.29173121, -24.36448043], [-47.29175369, -24.36448156], [-47.29184809, -24.36448509], [-47.29188773, -24.36448708], [-47.29192601, -24.364489], [-47.29229979, -24.36450774], [-47.29254209, -24.36456768], [-47.29300713, -24.36476366], [-47.29338545, -24.36483176], [-47.29367262, -24.36494227], [-47.29396917, -24.36519334], [-47.29428431, -24.36546324], [-47.29440856, -24.36554354], [-47.29466348, -24.36562667], [-47.294906, -24.36567048], [-47.29495832, -24.36567993], [-47.29625837, -24.36569711], [-47.29653039, -24.36567045], [-47.29709005, -24.36548204], [-47.29725654, -24.36545404], [-47.2974411, -24.36546113], [-47.29747831, -24.36546256], [-47.29761626, -24.36546785], [-47.29785185, -24.36552189], [-47.29786405, -24.3655376], [-47.29811127, -24.36563947], [-47.2988435, -24.36575023], [-47.29960762, -24.3658262], [-47.29998693, -24.36598473], [-47.30035553, -24.36625897], [-47.30056778, -24.36633429], [-47.3007152, -24.36631219], [-47.30137962, -24.36605205], [-47.30193885, -24.36591537], [-47.30233338, -24.36587959], [-47.30251381, -24.36588497], [-47.30308469, -24.36595573], [-47.30367455, -24.36593232], [-47.30403181, -24.36596119], [-47.30442281, -24.36605725], [-47.3050098, -24.36625595], [-47.30556944, -24.3663043], [-47.30575155, -24.36634757], [-47.30598976, -24.36644144], [-47.30673656, -24.36681191], [-47.30712717, -24.36694047], [-47.30751521, -24.36703657], [-47.30807212, -24.36709759], [-47.30807534, -24.36709816], [-47.30807841, -24.36709869], [-47.30846559, -24.36716652], [-47.30884684, -24.36726813], [-47.30924466, -24.36741373], [-47.3096319, -24.36762808], [-47.30981356, -24.3677553], [-47.31005695, -24.36797095], [-47.31027247, -24.36822583], [-47.31048489, -24.36858097], [-47.31066534, -24.36880389], [-47.31083688, -24.36886175], [-47.31157841, -24.36877823], [-47.31216614, -24.36879905], [-47.31244061, -24.36888152], [-47.31293707, -24.3691944], [-47.31312993, -24.36928624], [-47.31353063, -24.3693731], [-47.3139145, -24.36950986], [-47.31409891, -24.3696253], [-47.31426322, -24.36977264], [-47.31437143, -24.36992444], [-47.31444003, -24.37012018], [-47.31453499, -24.37030198], [-47.31476683, -24.37064056], [-47.31506091, -24.37098722], [-47.31517034, -24.37115164], [-47.31517091, -24.3711529], [-47.3153356, -24.37151381], [-47.31543178, -24.37203319], [-47.31552471, -24.37221141], [-47.31565902, -24.37238899], [-47.31634338, -24.37311513], [-47.31666271, -24.37354896], [-47.31671826, -24.37373136], [-47.31687736, -24.37407917], [-47.31719306, -24.37442188], [-47.31763084, -24.37470405], [-47.31825992, -24.37493724], [-47.31851903, -24.37520319], [-47.31853215, -24.37543588], [-47.31844105, -24.37557448], [-47.31830607, -24.37563071], [-47.31807052, -24.3756298], [-47.31779855, -24.37546967], [-47.31709271, -24.37486393], [-47.31695293, -24.37481913], [-47.31676597, -24.37483463], [-47.31668291, -24.37487381], [-47.31665836, -24.37493286], [-47.31664197, -24.37522288], [-47.31634522, -24.37554155], [-47.31634875, -24.37562725], [-47.31681512, -24.37607147], [-47.31689414, -24.37618942], [-47.31696531, -24.37647087], [-47.31706231, -24.37703448], [-47.31713869, -24.37716962], [-47.31724036, -24.37728631], [-47.31753483, -24.37743707], [-47.31859398, -24.37763661], [-47.31875971, -24.37769907], [-47.31919677, -24.37794062], [-47.31938153, -24.37801993], [-47.31969205, -24.37807837], [-47.32035648, -24.37814131], [-47.32118028, -24.37835075], [-47.32181984, -24.37850975], [-47.32192208, -24.37854971], [-47.32201607, -24.37862319], [-47.3221275, -24.37873432], [-47.32231506, -24.3787513], [-47.32304622, -24.37842144], [-47.32338425, -24.37836661], [-47.32414555, -24.37833777], [-47.32435389, -24.37830569], [-47.32467157, -24.37822129], [-47.32469675, -24.3782146], [-47.32484428, -24.3781754], [-47.32521518, -24.37813992], [-47.32556366, -24.37817158], [-47.32610723, -24.37830857], [-47.32649046, -24.37835413], [-47.32765703, -24.37817553], [-47.32779707, -24.3781806], [-47.32845844, -24.3782923], [-47.32872844, -24.37828995], [-47.32897115, -24.37825102], [-47.32969431, -24.37807741], [-47.32992448, -24.37805311], [-47.33016051, -24.37807927], [-47.33066973, -24.37822399], [-47.33123133, -24.37821535], [-47.33154873, -24.37827184], [-47.3318195, -24.37841933], [-47.33207081, -24.37863391], [-47.3322534, -24.37886309], [-47.33239972, -24.37921018], [-47.33254634, -24.37941283], [-47.33272482, -24.37957888], [-47.33301858, -24.37979732], [-47.33316578, -24.3799774], [-47.33325454, -24.38014213], [-47.33323874, -24.38056934], [-47.33328139, -24.38063819], [-47.3333915, -24.38073037], [-47.33362062, -24.38080989], [-47.33387165, -24.38095497], [-47.33415787, -24.38119157], [-47.33445416, -24.3816546], [-47.33451895, -24.38190906], [-47.33482304, -24.38220587], [-47.33502058, -24.38233643], [-47.33601621, -24.38272277], [-47.33624687, -24.3828853], [-47.33640628, -24.38308595], [-47.33648571, -24.3832788], [-47.33653195, -24.38348841], [-47.33669806, -24.3838388], [-47.33677271, -24.38393243], [-47.33722818, -24.38431446], [-47.33737245, -24.38449548], [-47.33752406, -24.38507537], [-47.337692, -24.38552503], [-47.33768386, -24.38588623], [-47.33762562, -24.38598823], [-47.33753167, -24.38607814], [-47.3373735, -24.38621328], [-47.33699699, -24.38642671], [-47.33685246, -24.38653066], [-47.33681811, -24.3864959], [-47.33681803, -24.38649582], [-47.33681355, -24.38649158], [-47.33680877, -24.38648761], [-47.33680371, -24.38648395], [-47.33679841, -24.38648059], [-47.33679287, -24.38647755], [-47.33678714, -24.38647486], [-47.33678122, -24.38647251], [-47.33677515, -24.38647052], [-47.33677244, -24.38646977], [-47.33667355, -24.38644356], [-47.33662258, -24.38638559], [-47.33661881, -24.38638155], [-47.33661432, -24.3863773], [-47.33655421, -24.38632407], [-47.33654943, -24.38632011], [-47.33654437, -24.38631644], [-47.33653907, -24.38631308], [-47.33653354, -24.38631004], [-47.3365278, -24.38630735], [-47.33652188, -24.386305], [-47.33651581, -24.38630301], [-47.33651529, -24.38630286], [-47.33635778, -24.38625746], [-47.33631652, -24.38624557], [-47.33611617, -24.38614477], [-47.3361113, -24.38614248], [-47.33607156, -24.38612504], [-47.33607107, -24.38612483], [-47.33606626, -24.38612289], [-47.33596147, -24.38608366], [-47.33592732, -24.38607088], [-47.33592621, -24.38607047], [-47.33592014, -24.38606848], [-47.33591393, -24.38606686], [-47.33590763, -24.38606562], [-47.33590125, -24.38606475], [-47.33589482, -24.38606427], [-47.33588838, -24.38606418], [-47.33588194, -24.38606447], [-47.33587553, -24.38606515], [-47.33586919, -24.38606621], [-47.33586293, -24.38606765], [-47.33585679, -24.38606946], [-47.3358508, -24.38607163], [-47.33584497, -24.38607416], [-47.33583933, -24.38607703], [-47.33583391, -24.38608023], [-47.33582874, -24.38608375], [-47.33582382, -24.38608758], [-47.33581919, -24.38609168], [-47.33577035, -24.38613795], [-47.33565145, -24.38616713], [-47.33552563, -24.38616907], [-47.33551919, -24.38616936], [-47.33551279, -24.38617004], [-47.3355075, -24.38617089], [-47.33549346, -24.38617353], [-47.33550056, -24.38615287], [-47.33550217, -24.38614766], [-47.33550353, -24.38614189], [-47.33550447, -24.38613604], [-47.33550499, -24.38613016], [-47.3355051, -24.38612425], [-47.33550478, -24.38611835], [-47.33550404, -24.38611248], [-47.33550288, -24.38610667], [-47.33550131, -24.38610095], [-47.33549933, -24.38609532], [-47.33549696, -24.38608983], [-47.3354942, -24.38608449], [-47.33549107, -24.38607933], [-47.33548757, -24.38607437], [-47.33548373, -24.38606963], [-47.33547955, -24.38606513], [-47.33547506, -24.38606088], [-47.33547028, -24.38605692], [-47.33546523, -24.38605325], [-47.33545993, -24.38604989], [-47.33545984, -24.38604984], [-47.33540006, -24.38601466], [-47.33539461, -24.38601167], [-47.33538887, -24.38600898], [-47.33538296, -24.38600663], [-47.33537688, -24.38600464], [-47.33537068, -24.38600302], [-47.33536438, -24.38600178], [-47.335358, -24.38600092], [-47.33535157, -24.38600044], [-47.33534512, -24.38600034], [-47.33533868, -24.38600063], [-47.33533228, -24.38600131], [-47.33532593, -24.38600237], [-47.33531968, -24.38600381], [-47.33531405, -24.38600545], [-47.33516708, -24.38605285], [-47.33516657, -24.38605302], [-47.33516057, -24.38605519], [-47.33515475, -24.38605772], [-47.33514911, -24.38606059], [-47.33514369, -24.3860638], [-47.33513851, -24.38606732], [-47.3351336, -24.38607114], [-47.33512897, -24.38607525], [-47.33512464, -24.38607963], [-47.33512063, -24.38608426], [-47.33511697, -24.38608911], [-47.33511365, -24.38609418], [-47.33511094, -24.38609899], [-47.33509586, -24.38612782], [-47.33507104, -24.38612367], [-47.33507094, -24.38612365], [-47.33506456, -24.38612279], [-47.33505813, -24.38612231], [-47.33505168, -24.38612222], [-47.33504524, -24.38612251], [-47.33503884, -24.38612319], [-47.33503249, -24.38612425], [-47.33503239, -24.38612427], [-47.33483599, -24.3861634], [-47.33482984, -24.38616482], [-47.3348237, -24.38616663], [-47.3348177, -24.3861688], [-47.33481187, -24.38617133], [-47.33480624, -24.3861742], [-47.33480082, -24.3861774], [-47.33479564, -24.38618093], [-47.33479259, -24.38618324], [-47.33474161, -24.3862235], [-47.3347119, -24.38623894], [-47.33470431, -24.38624289], [-47.33461699, -24.38617109], [-47.33461488, -24.38616941], [-47.33460983, -24.38616574], [-47.33460452, -24.38616238], [-47.33459899, -24.38615934], [-47.33459325, -24.38615665], [-47.33458733, -24.3861543], [-47.33458126, -24.38615231], [-47.33457506, -24.38615069], [-47.33456876, -24.38614945], [-47.33456238, -24.38614859], [-47.33455595, -24.38614811], [-47.3345495, -24.38614801], [-47.33448053, -24.38614908], [-47.33447409, -24.38614937], [-47.33446768, -24.38615005], [-47.33446134, -24.38615111], [-47.33445508, -24.38615254], [-47.33444895, -24.38615435], [-47.33444295, -24.38615653], [-47.33443712, -24.38615905], [-47.33443149, -24.38616193], [-47.33442607, -24.38616513], [-47.33442089, -24.38616865], [-47.33441597, -24.38617247], [-47.33441134, -24.38617658], [-47.33440701, -24.38618096], [-47.33440301, -24.38618559], [-47.33439934, -24.38619045], [-47.33439807, -24.38619239], [-47.33439471, -24.3861913], [-47.3343942, -24.38619115], [-47.33436447, -24.38618258], [-47.33435879, -24.38618111], [-47.33435248, -24.38617986], [-47.3343461, -24.386179], [-47.33433968, -24.38617852], [-47.33433323, -24.38617843], [-47.33432679, -24.38617872], [-47.33432038, -24.3861794], [-47.33431404, -24.38618046], [-47.33430778, -24.3861819], [-47.33430164, -24.3861837], [-47.33429565, -24.38618588], [-47.33428982, -24.38618841], [-47.33428418, -24.38619128], [-47.33427877, -24.38619448], [-47.33427359, -24.386198], [-47.33426867, -24.38620182], [-47.33426404, -24.38620593], [-47.33425971, -24.38621031], [-47.33425571, -24.38621494], [-47.33425204, -24.3862198], [-47.33425198, -24.38621988], [-47.33424013, -24.38623676], [-47.33421634, -24.38621569], [-47.33421156, -24.38621173], [-47.33420651, -24.38620806], [-47.3342012, -24.3862047], [-47.33419567, -24.38620167], [-47.33418993, -24.38619897], [-47.33418402, -24.38619663], [-47.33417794, -24.38619464], [-47.33417743, -24.38619449], [-47.33411798, -24.38617735], [-47.33411229, -24.38617588], [-47.33410599, -24.38617464], [-47.33409961, -24.38617377], [-47.33409654, -24.3861735], [-47.33403476, -24.3861688], [-47.33399785, -24.38616599], [-47.33399448, -24.38616579], [-47.33398803, -24.38616569], [-47.33398159, -24.38616599], [-47.33397519, -24.38616667], [-47.33396884, -24.38616772], [-47.33396259, -24.38616916], [-47.33395645, -24.38617097], [-47.33395045, -24.38617314], [-47.33394463, -24.38617567], [-47.33394106, -24.38617744], [-47.33385363, -24.38622288], [-47.33364228, -24.38623421], [-47.33360447, -24.38623479], [-47.33347321, -24.38612583], [-47.33347075, -24.38612385], [-47.33346569, -24.38612018], [-47.33346249, -24.3861181], [-47.333293, -24.38601239], [-47.3332909, -24.38601111], [-47.33328536, -24.38600808], [-47.33327963, -24.38600538], [-47.33327371, -24.38600304], [-47.33327058, -24.38600196], [-47.33319125, -24.3859761], [-47.33318831, -24.38597519], [-47.33318211, -24.38597357], [-47.33317581, -24.38597233], [-47.33316943, -24.38597146], [-47.333163, -24.38597098], [-47.33315655, -24.38597089], [-47.33315011, -24.38597118], [-47.3331437, -24.38597186], [-47.33313736, -24.38597292], [-47.33313111, -24.38597436], [-47.33312497, -24.38597617], [-47.33311897, -24.38597834], [-47.33311314, -24.38598087], [-47.33311266, -24.3859811], [-47.33305602, -24.38600813], [-47.33298247, -24.38603944], [-47.33294109, -24.38604551], [-47.33288592, -24.38603915], [-47.33288484, -24.38603904], [-47.33287842, -24.38603856], [-47.33287197, -24.38603846], [-47.33286553, -24.38603875], [-47.33285912, -24.38603943], [-47.33285278, -24.38604049], [-47.33284652, -24.38604193], [-47.33284039, -24.38604374], [-47.33283439, -24.38604591], [-47.33282856, -24.38604844], [-47.33282293, -24.38605131], [-47.33281751, -24.38605451], [-47.33281233, -24.38605803], [-47.33280741, -24.38606186], [-47.33280278, -24.38606597], [-47.33279845, -24.38607034], [-47.33279445, -24.38607497], [-47.33279078, -24.38607983], [-47.33278747, -24.3860849], [-47.33278452, -24.38609015], [-47.33278196, -24.38609557], [-47.33278153, -24.3860966], [-47.33277069, -24.38612269], [-47.33273047, -24.38610958], [-47.33272753, -24.38610867], [-47.33272702, -24.38610852], [-47.33260811, -24.38607424], [-47.33260243, -24.38607277], [-47.33259612, -24.38607153], [-47.33258975, -24.38607066], [-47.33258332, -24.38607018], [-47.33257687, -24.38607009], [-47.33257043, -24.38607038], [-47.33256402, -24.38607106], [-47.33255768, -24.38607212], [-47.33255142, -24.38607356], [-47.33254529, -24.38607537], [-47.33253929, -24.38607754], [-47.33253346, -24.38608007], [-47.33252783, -24.38608294], [-47.33252241, -24.38608614], [-47.33251888, -24.38608849], [-47.33251877, -24.3860884], [-47.33250875, -24.38607952], [-47.33250397, -24.38607556], [-47.33249892, -24.38607189], [-47.33249361, -24.38606853], [-47.33248808, -24.3860655], [-47.33248234, -24.3860628], [-47.33247643, -24.38606045], [-47.33247035, -24.38605847], [-47.33246415, -24.38605685], [-47.33245785, -24.3860556], [-47.33245147, -24.38605474], [-47.33244504, -24.38605426], [-47.33243859, -24.38605416], [-47.33243215, -24.38605446], [-47.33242575, -24.38605513], [-47.3324194, -24.38605619], [-47.33241315, -24.38605763], [-47.33240701, -24.38605944], [-47.33240101, -24.38606161], [-47.33239518, -24.38606414], [-47.33238955, -24.38606701], [-47.33238413, -24.38607022], [-47.33237895, -24.38607374], [-47.33237404, -24.38607756], [-47.33236941, -24.38608167], [-47.33236508, -24.38608605], [-47.33236107, -24.38609068], [-47.3323574, -24.38609553], [-47.33235448, -24.38609996], [-47.33225877, -24.38625489], [-47.33225837, -24.38625553], [-47.33225543, -24.38626079], [-47.33225287, -24.38626621], [-47.3322507, -24.38627177], [-47.33224934, -24.38627601], [-47.33224574, -24.38628831], [-47.33217828, -24.38630395], [-47.33214527, -24.38628311], [-47.33214271, -24.38628155], [-47.33213718, -24.38627852], [-47.33213144, -24.38627582], [-47.33212552, -24.38627348], [-47.33211945, -24.38627149], [-47.33211325, -24.38626987], [-47.33210694, -24.38626862], [-47.33210056, -24.38626776], [-47.33209858, -24.38626757], [-47.33192089, -24.38625225], [-47.33191645, -24.38625196], [-47.33191, -24.38625187], [-47.33190356, -24.38625216], [-47.33189779, -24.38625275], [-47.33181913, -24.38626299], [-47.33181849, -24.38626308], [-47.33181215, -24.38626414], [-47.33181128, -24.38626431], [-47.33157563, -24.38631308], [-47.33157024, -24.38631434], [-47.3315641, -24.38631615], [-47.33155811, -24.38631832], [-47.33155228, -24.38632085], [-47.33154664, -24.38632372], [-47.33154123, -24.38632692], [-47.33153948, -24.38632805], [-47.33145372, -24.38638503], [-47.33129088, -24.38643755], [-47.33129037, -24.38643771], [-47.33128437, -24.38643988], [-47.33127854, -24.38644241], [-47.33127544, -24.38644394], [-47.3311485, -24.38650908], [-47.33114597, -24.38651042], [-47.33114056, -24.38651363], [-47.33113806, -24.38651527], [-47.33094698, -24.38664476], [-47.33079654, -24.38668782], [-47.33072826, -24.38670683], [-47.33072368, -24.38670821], [-47.33071768, -24.38671039], [-47.33071186, -24.38671291], [-47.33071137, -24.38671314], [-47.33062975, -24.3867521], [-47.3305494, -24.38676071], [-47.33054635, -24.38676109], [-47.33054, -24.38676215], [-47.33053375, -24.38676358], [-47.33052761, -24.38676539], [-47.33052161, -24.38676757], [-47.33052051, -24.38676801], [-47.33045204, -24.38679614], [-47.33044731, -24.38679823], [-47.33044167, -24.3868011], [-47.33043807, -24.38680317], [-47.33036127, -24.38684962], [-47.33033712, -24.38684683], [-47.33019697, -24.38680643], [-47.33019128, -24.38680496], [-47.33018498, -24.38680372], [-47.3301786, -24.38680285], [-47.33017217, -24.38680237], [-47.33016572, -24.38680228], [-47.33015928, -24.38680257], [-47.33015288, -24.38680325], [-47.33014653, -24.38680431], [-47.33014643, -24.38680433], [-47.33004823, -24.38682389], [-47.33004208, -24.38682531], [-47.33003594, -24.38682712], [-47.33002994, -24.38682929], [-47.33002411, -24.38683182], [-47.33001848, -24.38683469], [-47.33001306, -24.38683789], [-47.33000788, -24.38684142], [-47.33000296, -24.38684524], [-47.32999833, -24.38684935], [-47.329994, -24.38685372], [-47.32999, -24.38685835], [-47.32998633, -24.38686321], [-47.32998302, -24.38686828], [-47.32998007, -24.38687353], [-47.32997751, -24.38687895], [-47.32997534, -24.38688451], [-47.32997357, -24.38689019], [-47.32997318, -24.38689167], [-47.32996548, -24.38692206], [-47.3299004, -24.38695079], [-47.32984442, -24.38695165], [-47.32977433, -24.3869244], [-47.329772, -24.38692353], [-47.32976593, -24.38692154], [-47.32975972, -24.38691992], [-47.32975342, -24.38691868], [-47.32974704, -24.38691782], [-47.32974061, -24.38691734], [-47.32973995, -24.38691731], [-47.32957228, -24.38691086], [-47.32956005, -24.38691109], [-47.32955365, -24.38691176], [-47.3295473, -24.38691282], [-47.32954105, -24.38691426], [-47.32953491, -24.38691607], [-47.32952891, -24.38691824], [-47.32952308, -24.38692077], [-47.32951745, -24.38692364], [-47.32951203, -24.38692684], [-47.32950685, -24.38693037], [-47.32950194, -24.38693419], [-47.3294973, -24.3869383], [-47.32949298, -24.38694268], [-47.32948897, -24.3869473], [-47.3294853, -24.38695216], [-47.32948281, -24.38695591], [-47.32944575, -24.38701468], [-47.3293995, -24.38702603], [-47.32936076, -24.38701153], [-47.32935965, -24.38701112], [-47.32935358, -24.38700913], [-47.32934737, -24.38700751], [-47.32934107, -24.38700626], [-47.32933469, -24.3870054], [-47.32932826, -24.38700492], [-47.32932182, -24.38700483], [-47.32931537, -24.38700512], [-47.32930897, -24.3870058], [-47.32930262, -24.38700686], [-47.32929637, -24.38700829], [-47.32929074, -24.38700994], [-47.32908498, -24.38707629], [-47.32908447, -24.38707646], [-47.32907847, -24.38707863], [-47.32907264, -24.38708116], [-47.32906701, -24.38708403], [-47.32906159, -24.38708723], [-47.32905641, -24.38709075], [-47.3290515, -24.38709457], [-47.32904687, -24.38709868], [-47.32904254, -24.38710306], [-47.32903853, -24.38710769], [-47.32903705, -24.38710957], [-47.329008, -24.38714747], [-47.32898393, -24.3871369], [-47.32898344, -24.38713669], [-47.32897752, -24.38713434], [-47.32897145, -24.38713236], [-47.32896525, -24.38713074], [-47.32895894, -24.38712949], [-47.32895256, -24.38712863], [-47.32894613, -24.38712815], [-47.32893969, -24.38712805], [-47.32891998, -24.38712836], [-47.32891354, -24.38712865], [-47.32890713, -24.38712933], [-47.32890079, -24.38713039], [-47.32889453, -24.38713182], [-47.3288884, -24.38713363], [-47.3288824, -24.38713581], [-47.3288801, -24.38713675], [-47.32879209, -24.38717421], [-47.32878855, -24.3871758], [-47.32878292, -24.38717867], [-47.3287775, -24.38718187], [-47.32877232, -24.38718539], [-47.32876741, -24.38718921], [-47.32876277, -24.38719332], [-47.32875844, -24.3871977], [-47.32875444, -24.38720233], [-47.32875077, -24.38720718], [-47.32874746, -24.38721225], [-47.32874451, -24.38721751], [-47.32874195, -24.38722293], [-47.32873978, -24.38722849], [-47.32873801, -24.38723417], [-47.32873665, -24.38723994], [-47.32873571, -24.38724578], [-47.32873519, -24.38725167], [-47.32873508, -24.38725758], [-47.32873591, -24.3873027], [-47.32873623, -24.3873086], [-47.32873628, -24.38730912], [-47.32874628, -24.38741286], [-47.32871798, -24.38747393], [-47.32871702, -24.38747606], [-47.32871485, -24.38748162], [-47.32871309, -24.3874873], [-47.3287124, -24.38749], [-47.32867824, -24.38763372], [-47.32862751, -24.3877307], [-47.32853619, -24.38775009], [-47.32853136, -24.38775124], [-47.32852522, -24.38775305], [-47.32851922, -24.38775522], [-47.32851339, -24.38775775], [-47.32850776, -24.38776062], [-47.32850234, -24.38776382], [-47.32849801, -24.38776673], [-47.3284591, -24.38779441], [-47.32845825, -24.38779502], [-47.32845333, -24.38779884], [-47.3284487, -24.38780295], [-47.32844437, -24.38780733], [-47.32844036, -24.38781196], [-47.32843669, -24.38781682], [-47.32843338, -24.38782188], [-47.32843044, -24.38782714], [-47.32842787, -24.38783256], [-47.3284257, -24.38783812], [-47.32842394, -24.3878438], [-47.3284226, -24.38784948], [-47.32841357, -24.38789475], [-47.32841355, -24.38789485], [-47.32841261, -24.38790069], [-47.32841208, -24.38790658], [-47.32841198, -24.38791248], [-47.3284123, -24.38791838], [-47.32841304, -24.38792425], [-47.3284142, -24.38793006], [-47.32841577, -24.38793579], [-47.32841774, -24.38794141], [-47.32841964, -24.38794589], [-47.32842126, -24.38794942], [-47.32838824, -24.38800181], [-47.32838742, -24.38800313], [-47.32838448, -24.38800838], [-47.32838192, -24.3880138], [-47.32837975, -24.38801936], [-47.32837798, -24.38802504], [-47.32837664, -24.38803072], [-47.32834589, -24.38818494], [-47.32827944, -24.38824787], [-47.32827511, -24.38825225], [-47.32827111, -24.38825688], [-47.32827047, -24.38825768], [-47.32821267, -24.38833078], [-47.32820964, -24.38833484], [-47.32820633, -24.38833991], [-47.32820339, -24.38834516], [-47.32820082, -24.38835058], [-47.32819865, -24.38835614], [-47.32819699, -24.38836143], [-47.32818658, -24.38839887], [-47.32817166, -24.3884525], [-47.32813779, -24.38851724], [-47.32813755, -24.38851769], [-47.32813499, -24.38852311], [-47.32813282, -24.38852867], [-47.32813105, -24.38853435], [-47.32812969, -24.38854012], [-47.32812875, -24.38854596], [-47.32812823, -24.38855185], [-47.32812812, -24.38855776], [-47.32812844, -24.38856365], [-47.32812918, -24.38856952], [-47.32813034, -24.38857533], [-47.32813147, -24.3885796], [-47.32815358, -24.38865518], [-47.32812172, -24.38871608], [-47.32812149, -24.38871652], [-47.3281202, -24.38871912], [-47.32807276, -24.38881914], [-47.32807148, -24.38882197], [-47.32806931, -24.38882753], [-47.32806765, -24.38883282], [-47.32804147, -24.38892691], [-47.32801763, -24.38898189], [-47.32799559, -24.38898475], [-47.32799496, -24.38898484], [-47.32798861, -24.3889859], [-47.32798236, -24.38898734], [-47.32797622, -24.38898915], [-47.32797022, -24.38899132], [-47.32796439, -24.38899385], [-47.32796391, -24.38899407], [-47.32790529, -24.38902206], [-47.32790013, -24.3890247], [-47.32789471, -24.3890279], [-47.32788954, -24.38903142], [-47.32788462, -24.38903524], [-47.32787999, -24.38903935], [-47.32787566, -24.38904373], [-47.32787165, -24.38904836], [-47.32786798, -24.38905322], [-47.32786549, -24.38905696], [-47.32783676, -24.38910254], [-47.32783594, -24.38910386], [-47.32783299, -24.38910912], [-47.32783043, -24.38911454], [-47.32782893, -24.38911825], [-47.32780811, -24.38917358], [-47.32780602, -24.38917438], [-47.32780019, -24.38917691], [-47.32779456, -24.38917978], [-47.32778914, -24.38918298], [-47.32778396, -24.3891865], [-47.32777904, -24.38919033], [-47.32777441, -24.38919443], [-47.32773566, -24.38923114], [-47.32773133, -24.38923552], [-47.32772732, -24.38924014], [-47.32772366, -24.389245], [-47.32772034, -24.38925007], [-47.3277174, -24.38925532], [-47.32771484, -24.38926074], [-47.32771267, -24.3892663], [-47.3277109, -24.38927198], [-47.32770954, -24.38927776], [-47.3277086, -24.3892836], [-47.32770807, -24.38928949], [-47.32770796, -24.3892939], [-47.32770381, -24.38929574], [-47.32769817, -24.38929861], [-47.32769284, -24.38930176], [-47.32762255, -24.38934625], [-47.32752544, -24.38936262], [-47.32752243, -24.38936317], [-47.32751617, -24.38936461], [-47.32751003, -24.38936641], [-47.32750404, -24.38936859], [-47.32749821, -24.38937112], [-47.32749773, -24.38937134], [-47.32736093, -24.38943663], [-47.32735578, -24.38943928], [-47.32735036, -24.38944248], [-47.32734518, -24.389446], [-47.32734027, -24.38944982], [-47.32733563, -24.38945393], [-47.32726782, -24.38951816], [-47.32726349, -24.38952254], [-47.32725948, -24.38952717], [-47.32725581, -24.38953203], [-47.3272525, -24.38953709], [-47.32724956, -24.38954235], [-47.32724699, -24.38954777], [-47.32724482, -24.38955333], [-47.32724306, -24.38955901], [-47.32724267, -24.38956049], [-47.32723181, -24.38960331], [-47.32720883, -24.38962073], [-47.32720546, -24.38962341], [-47.32720362, -24.38962497], [-47.32707751, -24.38973523], [-47.32707472, -24.38973778], [-47.32707039, -24.38974215], [-47.32706645, -24.38974669], [-47.32697006, -24.38986553], [-47.32696999, -24.38986561], [-47.32696633, -24.38987047], [-47.32696627, -24.38987055], [-47.32688943, -24.38998005], [-47.32688617, -24.38998504], [-47.32688322, -24.3899903], [-47.32688066, -24.38999572], [-47.32687849, -24.39000128], [-47.32687672, -24.39000696], [-47.32687634, -24.39000843], [-47.32684726, -24.39012308], [-47.32683461, -24.39013241], [-47.32679126, -24.39011338], [-47.32679077, -24.39011317], [-47.32678485, -24.39011082], [-47.32677878, -24.39010883], [-47.32677258, -24.39010721], [-47.32676628, -24.39010597], [-47.32676006, -24.39010512], [-47.32661192, -24.39008934], [-47.32661176, -24.39008933], [-47.32660533, -24.39008885], [-47.32659889, -24.39008875], [-47.32659245, -24.39008904], [-47.32658604, -24.39008972], [-47.32657969, -24.39009078], [-47.32657344, -24.39009222], [-47.3265673, -24.39009403], [-47.3265613, -24.3900962], [-47.32655548, -24.39009873], [-47.32654984, -24.3901016], [-47.32654442, -24.3901048], [-47.32653924, -24.39010832], [-47.32653433, -24.39011214], [-47.32652969, -24.39011625], [-47.32652537, -24.39012063], [-47.32652378, -24.39012239], [-47.32647551, -24.39017729], [-47.32647308, -24.39018016], [-47.32646942, -24.39018502], [-47.3264661, -24.39019009], [-47.32646316, -24.39019534], [-47.3264606, -24.39020076], [-47.32645843, -24.39020632], [-47.32645666, -24.390212], [-47.3264553, -24.39021778], [-47.32645435, -24.39022362], [-47.32645383, -24.39022951], [-47.32645373, -24.39023541], [-47.32645402, -24.39024104], [-47.32646003, -24.3903104], [-47.32645916, -24.39031062], [-47.32645303, -24.39031243], [-47.32645104, -24.3903131], [-47.32623822, -24.3903877], [-47.32609494, -24.39042948], [-47.32596627, -24.3903357], [-47.32596358, -24.39033381], [-47.32595827, -24.39033045], [-47.32595274, -24.39032742], [-47.325947, -24.39032472], [-47.32594108, -24.39032237], [-47.32593501, -24.39032039], [-47.32592881, -24.39031877], [-47.3259225, -24.39031752], [-47.32591613, -24.39031666], [-47.3259097, -24.39031618], [-47.32590325, -24.39031608], [-47.32589681, -24.39031638], [-47.32589391, -24.39031663], [-47.32568732, -24.39033786], [-47.32568381, -24.39033828], [-47.32567905, -24.39033904], [-47.32565665, -24.39034313], [-47.32557099, -24.39035875], [-47.3255694, -24.39035905], [-47.32556315, -24.39036049], [-47.32555701, -24.3903623], [-47.32555101, -24.39036447], [-47.32554518, -24.390367], [-47.32553955, -24.39036987], [-47.32553413, -24.39037307], [-47.32552895, -24.3903766], [-47.32552657, -24.39037838], [-47.3254675, -24.39042419], [-47.32544676, -24.39044026], [-47.32541967, -24.39046127], [-47.32541713, -24.3904633], [-47.32541665, -24.39046371], [-47.32533432, -24.39053302], [-47.3251974, -24.3906197], [-47.32510928, -24.39066549], [-47.32506927, -24.39067135], [-47.32505805, -24.39067299], [-47.32505278, -24.3906739], [-47.32504652, -24.39067534], [-47.32504039, -24.39067715], [-47.32503439, -24.39067932], [-47.32502856, -24.39068185], [-47.3250233, -24.39068451], [-47.32495734, -24.39072039], [-47.32489692, -24.39074923], [-47.3248816, -24.39075654], [-47.32487851, -24.39075808], [-47.32477111, -24.39081389], [-47.32476904, -24.390815], [-47.32476362, -24.3908182], [-47.32475845, -24.39082172], [-47.32475353, -24.39082554], [-47.3247489, -24.39082965], [-47.32474457, -24.39083403], [-47.32474056, -24.39083866], [-47.32473689, -24.39084351], [-47.32473358, -24.39084858], [-47.32473064, -24.39085384], [-47.32472807, -24.39085926], [-47.32472627, -24.39086378], [-47.32466996, -24.39101811], [-47.32466959, -24.39101914], [-47.32466782, -24.39102482], [-47.32466646, -24.39103059], [-47.32466552, -24.39103643], [-47.32466499, -24.39104232], [-47.32466489, -24.39104823], [-47.32466555, -24.39108432], [-47.32466587, -24.39109022], [-47.32466661, -24.39109609], [-47.32466777, -24.3911019], [-47.32466934, -24.39110763], [-47.32467131, -24.39111325], [-47.32467369, -24.39111874], [-47.32467645, -24.39112408], [-47.32467958, -24.39112924], [-47.32468308, -24.39113421], [-47.32468692, -24.39113895], [-47.32469109, -24.39114345], [-47.32469558, -24.39114769], [-47.32473566, -24.39118319], [-47.32474044, -24.39118715], [-47.32474549, -24.39119082], [-47.32475079, -24.39119418], [-47.32475633, -24.39119721], [-47.32476206, -24.39119991], [-47.32476798, -24.39120226], [-47.32477406, -24.39120425], [-47.32478026, -24.39120586], [-47.32478187, -24.39120622], [-47.32481001, -24.39121221], [-47.32483022, -24.39126058], [-47.3248571, -24.3913632], [-47.32485296, -24.39136647], [-47.32475193, -24.39141469], [-47.32472631, -24.39142692], [-47.32472115, -24.39142956], [-47.32471574, -24.39143276], [-47.32471056, -24.39143628], [-47.32470564, -24.39144011], [-47.32470101, -24.39144422], [-47.32469668, -24.39144859], [-47.32469306, -24.39145275], [-47.32462557, -24.39153503], [-47.32462518, -24.3915355], [-47.32462152, -24.39154036], [-47.3246182, -24.39154542], [-47.32461526, -24.39155068], [-47.3246127, -24.3915561], [-47.32461053, -24.39156166], [-47.32460876, -24.39156734], [-47.3246074, -24.39157311], [-47.32460646, -24.39157896], [-47.32460593, -24.39158484], [-47.32460583, -24.39159075], [-47.32460615, -24.39159665], [-47.32460689, -24.39160252], [-47.32460804, -24.39160833], [-47.32460961, -24.39161405], [-47.32461159, -24.39161968], [-47.32461396, -24.39162517], [-47.32461672, -24.39163051], [-47.32461985, -24.39163567], [-47.32462335, -24.39164063], [-47.3246272, -24.39164537], [-47.32463137, -24.39164988], [-47.32463223, -24.39165073], [-47.32471608, -24.39173324], [-47.32474144, -24.39177051], [-47.32476046, -24.39179846], [-47.32476732, -24.39184757], [-47.3247672, -24.39184831], [-47.32476589, -24.39185634], [-47.32476217, -24.39185928], [-47.32475856, -24.39186213], [-47.32468086, -24.3918698], [-47.32467693, -24.39187026], [-47.32467059, -24.39187132], [-47.32466433, -24.39187276], [-47.32465819, -24.39187457], [-47.3246522, -24.39187674], [-47.3246499, -24.39187769], [-47.32456188, -24.39191515], [-47.32455834, -24.39191673], [-47.32455271, -24.3919196], [-47.32454729, -24.3919228], [-47.32454211, -24.39192632], [-47.32453719, -24.39193015], [-47.32453256, -24.39193425], [-47.32452823, -24.39193863], [-47.32452423, -24.39194326], [-47.32452056, -24.39194812], [-47.32451725, -24.39195318], [-47.3245143, -24.39195844], [-47.32451174, -24.39196386], [-47.32451084, -24.39196601], [-47.32446372, -24.39208409], [-47.32446245, -24.39208749], [-47.32446068, -24.39209317], [-47.32445932, -24.39209895], [-47.32445838, -24.39210479], [-47.32445785, -24.39211068], [-47.32445775, -24.39211658], [-47.32446039, -24.39226097], [-47.32446097, -24.39229232], [-47.32446204, -24.39235122], [-47.32446236, -24.39235711], [-47.32446251, -24.39235865], [-47.3244572, -24.39236367], [-47.32445304, -24.39235974], [-47.32444877, -24.39235617], [-47.32435876, -24.39228533], [-47.32435826, -24.39228494], [-47.3243532, -24.39228127], [-47.3243479, -24.39227791], [-47.32434237, -24.39227488], [-47.32433663, -24.39227218], [-47.32433071, -24.39226983], [-47.32432464, -24.39226785], [-47.32432412, -24.3922677], [-47.32423816, -24.39224291], [-47.3242119, -24.39223534], [-47.32411885, -24.3921945], [-47.32411836, -24.39219429], [-47.32411244, -24.39219194], [-47.32410637, -24.39218996], [-47.32410366, -24.3921892], [-47.3239749, -24.39215507], [-47.32397141, -24.3921542], [-47.3239651, -24.39215296], [-47.32395873, -24.3921521], [-47.3239523, -24.39215162], [-47.32394585, -24.39215152], [-47.32393941, -24.39215181], [-47.323933, -24.39215249], [-47.32392666, -24.39215355], [-47.3239204, -24.39215499], [-47.32391426, -24.3921568], [-47.32390827, -24.39215897], [-47.32390244, -24.3921615], [-47.3238968, -24.39216437], [-47.32389138, -24.39216757], [-47.3238862, -24.39217109], [-47.32388129, -24.39217491], [-47.32387666, -24.39217902], [-47.32387233, -24.3921834], [-47.32386832, -24.39218803], [-47.32386465, -24.39219289], [-47.32386307, -24.39219522], [-47.32381512, -24.39226817], [-47.32381339, -24.3922709], [-47.32381045, -24.39227616], [-47.32380788, -24.39228158], [-47.32380571, -24.39228714], [-47.32380395, -24.39229282], [-47.32380259, -24.39229859], [-47.32380164, -24.39230444], [-47.32380112, -24.39231032], [-47.32380102, -24.39231623], [-47.32380133, -24.39232213], [-47.32380207, -24.39232799], [-47.32380224, -24.39232898], [-47.32381325, -24.39239199], [-47.32381424, -24.39239682], [-47.32381581, -24.39240255], [-47.32381779, -24.39240818], [-47.32382016, -24.39241367], [-47.32382292, -24.39241901], [-47.32382605, -24.39242417], [-47.32382949, -24.39242905], [-47.32386856, -24.39248083], [-47.32388328, -24.39250245], [-47.32388371, -24.39252601], [-47.32387343, -24.39254341], [-47.32380994, -24.39265097], [-47.32380753, -24.39265533], [-47.32380497, -24.39266075], [-47.3238028, -24.39266632], [-47.32380103, -24.39267199], [-47.32379967, -24.39267777], [-47.32379873, -24.39268361], [-47.3237982, -24.3926895], [-47.3237981, -24.3926954], [-47.32379842, -24.3927013], [-47.32379916, -24.39270717], [-47.32380031, -24.39271298], [-47.32380188, -24.39271871], [-47.32380386, -24.39272433], [-47.32380623, -24.39272982], [-47.32380899, -24.39273516], [-47.32381212, -24.39274032], [-47.32381299, -24.39274162], [-47.32382894, -24.39276507], [-47.32383401, -24.39304215], [-47.32379163, -24.39317408], [-47.32379057, -24.39317766], [-47.32378921, -24.39318344], [-47.32378827, -24.39318928], [-47.32378774, -24.39319517], [-47.32378764, -24.39320107], [-47.32378796, -24.39320697], [-47.3237887, -24.39321284], [-47.32378985, -24.39321865], [-47.32379142, -24.39322438], [-47.3237934, -24.39323], [-47.32379577, -24.39323549], [-47.3237968, -24.39323759], [-47.3238331, -24.39330913], [-47.32386074, -24.39342553], [-47.32386388, -24.39359708], [-47.3238642, -24.39360298], [-47.32386494, -24.39360885], [-47.32386577, -24.3936132], [-47.32388676, -24.39370971], [-47.3239199, -24.39392336], [-47.32391999, -24.39392395], [-47.32392115, -24.39392976], [-47.32392272, -24.39393549], [-47.32392469, -24.39394111], [-47.32392706, -24.3939466], [-47.32392845, -24.39394939], [-47.32397953, -24.3940479], [-47.32398091, -24.39405045], [-47.32398404, -24.39405561], [-47.32398754, -24.39406057], [-47.32399139, -24.39406532], [-47.32399556, -24.39406982], [-47.32400005, -24.39407406], [-47.32400483, -24.39407803], [-47.32400988, -24.3940817], [-47.32401518, -24.39408506], [-47.32402072, -24.39408809], [-47.32402597, -24.39409057], [-47.32402751, -24.39409125], [-47.32403358, -24.39409391], [-47.32411585, -24.39416014], [-47.3241256, -24.39418224], [-47.32415851, -24.39425685], [-47.32415948, -24.39425897], [-47.32416224, -24.39426431], [-47.32416249, -24.39426475], [-47.3242236, -24.39437214], [-47.32422648, -24.39437686], [-47.32422998, -24.39438182], [-47.32423383, -24.39438656], [-47.324238, -24.39439107], [-47.32424249, -24.39439531], [-47.32424727, -24.39439927], [-47.32424812, -24.39439993], [-47.3243013, -24.39444027], [-47.32431904, -24.39447448], [-47.32432261, -24.39448137], [-47.32434205, -24.39451887], [-47.32438224, -24.39460658], [-47.32438271, -24.3946076], [-47.32438547, -24.39461293], [-47.32438861, -24.3946181], [-47.32439043, -24.39462078], [-47.32443964, -24.39469026], [-47.32446421, -24.39472922], [-47.32451388, -24.39480795], [-47.32449382, -24.3948463], [-47.32448873, -24.39485602], [-47.3244885, -24.39485647], [-47.32448594, -24.39486189], [-47.32448376, -24.39486745], [-47.324482, -24.39487313], [-47.32448064, -24.39487891], [-47.32447969, -24.39488475], [-47.32447917, -24.39489064], [-47.32447907, -24.39489654], [-47.32447939, -24.39490244], [-47.32448013, -24.39490831], [-47.32448128, -24.39491412], [-47.32448285, -24.39491985], [-47.32448465, -24.394925], [-47.324495, -24.39495192], [-47.32449518, -24.39495239], [-47.32449755, -24.39495788], [-47.32450031, -24.39496322], [-47.32450344, -24.39496838], [-47.32450694, -24.39497334], [-47.32451078, -24.39497809], [-47.32451496, -24.39498259], [-47.32451945, -24.39498683], [-47.32452423, -24.3949908], [-47.32452928, -24.39499447], [-47.32453458, -24.39499783], [-47.32454012, -24.39500086], [-47.32454585, -24.39500356], [-47.32455066, -24.39500549], [-47.32462013, -24.39503151], [-47.32462125, -24.39503192], [-47.3246236, -24.39503274], [-47.32475253, -24.39507589], [-47.32475625, -24.39507706], [-47.32476245, -24.39507868], [-47.32476875, -24.39507992], [-47.32477513, -24.39508079], [-47.32478156, -24.39508127], [-47.32478801, -24.39508136], [-47.32479445, -24.39508107], [-47.32480022, -24.39508048], [-47.32482028, -24.39507787], [-47.32484934, -24.39507409], [-47.32497541, -24.39512941], [-47.32498597, -24.39514493], [-47.32498068, -24.39515162], [-47.32488604, -24.39519679], [-47.32480004, -24.39523339], [-47.32479651, -24.39523497], [-47.32479087, -24.39523784], [-47.32478546, -24.39524104], [-47.32478195, -24.39524343], [-47.32478028, -24.39524457], [-47.32477536, -24.39524839], [-47.32477073, -24.3952525], [-47.3247664, -24.39525687], [-47.32476239, -24.3952615], [-47.32475872, -24.39526636], [-47.32475541, -24.39527143], [-47.32475247, -24.39527668], [-47.32475035, -24.39528108], [-47.32472195, -24.39534471], [-47.3247215, -24.39534573], [-47.3247206, -24.39534788], [-47.32467348, -24.39546595], [-47.32467221, -24.39546936], [-47.32467044, -24.39547504], [-47.32466908, -24.39548082], [-47.32466814, -24.39548666], [-47.32466761, -24.39549254], [-47.32466751, -24.39549845], [-47.32466783, -24.39550435], [-47.32466799, -24.39550594], [-47.32466925, -24.39551749], [-47.32467512, -24.39557115], [-47.32467982, -24.39561408], [-47.3246804, -24.39561836], [-47.32468156, -24.39562417], [-47.32468313, -24.3956299], [-47.3246851, -24.39563552], [-47.32468748, -24.39564101], [-47.32469024, -24.39564635], [-47.32469337, -24.39565151], [-47.32469687, -24.39565647], [-47.32470071, -24.39566122], [-47.32470489, -24.39566572], [-47.32470937, -24.39566996], [-47.32471415, -24.39567392], [-47.32471921, -24.39567759], [-47.32472451, -24.39568095], [-47.32473005, -24.39568399], [-47.32473578, -24.39568668], [-47.3247417, -24.39568903], [-47.32474777, -24.39569102], [-47.32475398, -24.39569264], [-47.32476028, -24.39569388], [-47.32476666, -24.39569475], [-47.32477309, -24.39569523], [-47.32477954, -24.39569532], [-47.32484351, -24.39569434], [-47.32488191, -24.39572152], [-47.32488585, -24.39576244], [-47.32489028, -24.39580838], [-47.32489097, -24.39581372], [-47.32489213, -24.39581953], [-47.3248937, -24.39582525], [-47.32489567, -24.39583088], [-47.32489641, -24.3958327], [-47.32490625, -24.39585623], [-47.32488643, -24.39586569], [-47.32488127, -24.39586834], [-47.32487594, -24.39587149], [-47.32480769, -24.39591468], [-47.32466966, -24.39593171], [-47.32462132, -24.39593245], [-47.32459874, -24.39591647], [-47.32459715, -24.39591537], [-47.32459185, -24.39591201], [-47.32458871, -24.39591023], [-47.3245648, -24.39589726], [-47.32445929, -24.39584001], [-47.32445689, -24.39583875], [-47.32445115, -24.39583605], [-47.32444523, -24.3958337], [-47.32444064, -24.39583216], [-47.32432027, -24.39579486], [-47.32430298, -24.39578951], [-47.32417517, -24.39574673], [-47.32417145, -24.39574556], [-47.32416525, -24.39574394], [-47.32415894, -24.39574269], [-47.32415256, -24.39574183], [-47.32415058, -24.39574164], [-47.32406172, -24.39573398], [-47.32406116, -24.39573393], [-47.3238736, -24.39571875], [-47.32386973, -24.39571851], [-47.32386328, -24.39571842], [-47.32382094, -24.39571907], [-47.32372477, -24.39566965], [-47.32372439, -24.39566945], [-47.32371865, -24.39566676], [-47.32371273, -24.39566441], [-47.32370666, -24.39566242], [-47.32370046, -24.3956608], [-47.32369415, -24.39565956], [-47.32368777, -24.39565869], [-47.32368134, -24.39565821], [-47.3236749, -24.39565812], [-47.32366845, -24.39565841], [-47.32366205, -24.39565909], [-47.3236557, -24.39566015], [-47.32364945, -24.39566159], [-47.32364331, -24.39566339], [-47.32363731, -24.39566557], [-47.32363148, -24.39566809], [-47.32362585, -24.39567097], [-47.32362043, -24.39567417], [-47.32361525, -24.39567769], [-47.32361033, -24.39568151], [-47.3236057, -24.39568562], [-47.32360137, -24.39569], [-47.32359736, -24.39569463], [-47.3235937, -24.39569948], [-47.32359211, -24.39570182], [-47.32354416, -24.39577477], [-47.32354243, -24.3957775], [-47.32353949, -24.39578276], [-47.32353693, -24.39578818], [-47.32353476, -24.39579374], [-47.32353299, -24.39579942], [-47.32353163, -24.39580519], [-47.32353069, -24.39581103], [-47.32353016, -24.39581692], [-47.32353006, -24.39582283], [-47.32353038, -24.39582873], [-47.32353112, -24.39583459], [-47.32353227, -24.3958404], [-47.32353384, -24.39584613], [-47.32353582, -24.39585175], [-47.32353819, -24.39585725], [-47.32354095, -24.39586258], [-47.32354408, -24.39586775], [-47.32354752, -24.39587263], [-47.32358793, -24.39592617], [-47.32358799, -24.39592625], [-47.32359183, -24.39593099], [-47.32359601, -24.39593549], [-47.32360049, -24.39593974], [-47.32360527, -24.3959437], [-47.32361033, -24.39594737], [-47.3236112, -24.39594796], [-47.32365012, -24.39597377], [-47.3238128, -24.39608739], [-47.32383913, -24.39617208], [-47.32382749, -24.39622419], [-47.32379485, -24.39629946], [-47.32372359, -24.39634254], [-47.32367981, -24.39635665], [-47.32365158, -24.39636358], [-47.32355092, -24.39637352], [-47.32354699, -24.39637398], [-47.32354065, -24.39637504], [-47.32353439, -24.39637648], [-47.32352825, -24.39637829], [-47.32352226, -24.39638046], [-47.32351643, -24.39638299], [-47.32351595, -24.39638321], [-47.32350485, -24.39638851], [-47.32335032, -24.39643039], [-47.32327506, -24.39643154], [-47.32326862, -24.39643183], [-47.32326221, -24.39643251], [-47.32325587, -24.39643357], [-47.32324961, -24.39643501], [-47.32324347, -24.39643682], [-47.32323858, -24.39643856], [-47.3231407, -24.39647617], [-47.3231396, -24.3964766], [-47.32313377, -24.39647913], [-47.32312813, -24.396482], [-47.32312271, -24.3964852], [-47.32311754, -24.39648872], [-47.32311262, -24.39649254], [-47.32310799, -24.39649665], [-47.32310366, -24.39650103], [-47.32309965, -24.39650566], [-47.32309598, -24.39651052], [-47.32309267, -24.39651558], [-47.32308972, -24.39652084], [-47.32308716, -24.39652626], [-47.32308499, -24.39653182], [-47.32308363, -24.39653605], [-47.32306508, -24.39659953], [-47.32306467, -24.39660097], [-47.32306331, -24.39660675], [-47.32306237, -24.39661259], [-47.32306194, -24.39661688], [-47.32305601, -24.39669855], [-47.32303637, -24.3967225], [-47.32300612, -24.39675938], [-47.32300573, -24.39675985], [-47.32300206, -24.39676471], [-47.32299875, -24.39676978], [-47.32299604, -24.39677458], [-47.32291985, -24.39692018], [-47.32291962, -24.39692063], [-47.32291705, -24.39692605], [-47.32291488, -24.39693161], [-47.32291311, -24.39693729], [-47.32291175, -24.39694307], [-47.32291081, -24.39694891], [-47.32291029, -24.3969548], [-47.32291018, -24.3969607], [-47.3229105, -24.3969666], [-47.32291124, -24.39697247], [-47.32291207, -24.39697682], [-47.32293359, -24.39707579], [-47.32293392, -24.39707724], [-47.32293441, -24.39707921], [-47.32295048, -24.39714056], [-47.32297216, -24.39722332], [-47.32295864, -24.39729858], [-47.32293266, -24.39737413], [-47.32293106, -24.39737934], [-47.3229297, -24.39738511], [-47.32292876, -24.39739095], [-47.32292823, -24.39739684], [-47.32292813, -24.39740275], [-47.32292994, -24.39750201], [-47.32293026, -24.39750791], [-47.32293073, -24.39751196], [-47.32293858, -24.39756811], [-47.32292166, -24.39760323], [-47.32289268, -24.39766335], [-47.32289117, -24.39766666], [-47.32289074, -24.39766768], [-47.32285165, -24.39776171], [-47.32283929, -24.39779145], [-47.32281632, -24.39781866], [-47.32271594, -24.39789477], [-47.32271667, -24.3978885], [-47.32271754, -24.39788117], [-47.32274192, -24.39782656], [-47.32276909, -24.39776571], [-47.32276954, -24.39776469], [-47.32277171, -24.39775913], [-47.32277347, -24.39775345], [-47.32277483, -24.39774768], [-47.32277578, -24.39774183], [-47.3227763, -24.39773595], [-47.3227764, -24.39773004], [-47.32277609, -24.39772414], [-47.32277535, -24.39771828], [-47.32277419, -24.39771247], [-47.32277262, -24.39770674], [-47.32277064, -24.39770111], [-47.32276991, -24.39769929], [-47.32272867, -24.39760063], [-47.32272704, -24.39759696], [-47.32272428, -24.39759162], [-47.32272114, -24.39758646], [-47.32271765, -24.3975815], [-47.3227138, -24.39757675], [-47.32271255, -24.39757534], [-47.32263206, -24.3974863], [-47.32262914, -24.39748322], [-47.32262466, -24.39747898], [-47.32261988, -24.39747501], [-47.32261482, -24.39747134], [-47.32260952, -24.39746798], [-47.32260766, -24.39746691], [-47.32251017, -24.39741218], [-47.32248471, -24.39738641], [-47.32244937, -24.39735065], [-47.32244929, -24.39735057], [-47.32244481, -24.39734633], [-47.32244003, -24.39734237], [-47.32243497, -24.3973387], [-47.32242967, -24.39733534], [-47.32242414, -24.3973323], [-47.32242375, -24.39733211], [-47.32228447, -24.39726203], [-47.32227912, -24.39725953], [-47.3222732, -24.39725718], [-47.32227208, -24.39725678], [-47.32217288, -24.3972222], [-47.32216793, -24.39722061], [-47.32216172, -24.39721899], [-47.32215552, -24.39721776], [-47.32205665, -24.39720122], [-47.32205655, -24.39720121], [-47.32205017, -24.39720034], [-47.32204374, -24.39719986], [-47.32203729, -24.39719977], [-47.32194222, -24.39720122], [-47.3219318, -24.39718742], [-47.32193174, -24.39718734], [-47.3219279, -24.3971826], [-47.32192372, -24.3971781], [-47.32191924, -24.39717386], [-47.32191446, -24.39716989], [-47.3219094, -24.39716622], [-47.3219041, -24.39716286], [-47.32189856, -24.39715983], [-47.32189283, -24.39715713], [-47.32188691, -24.39715478], [-47.32188579, -24.39715439], [-47.32183619, -24.39713709], [-47.32183123, -24.3971355], [-47.32182503, -24.39713388], [-47.32181873, -24.39713264], [-47.32181235, -24.39713177], [-47.32180592, -24.39713129], [-47.32179947, -24.3971312], [-47.32179303, -24.39713149], [-47.32178662, -24.39713217], [-47.32178028, -24.39713323], [-47.32177402, -24.39713466], [-47.32176788, -24.39713647], [-47.32176189, -24.39713865], [-47.32175606, -24.39714117], [-47.32175042, -24.39714404], [-47.321745, -24.39714725], [-47.32173982, -24.39715077], [-47.32173491, -24.39715459], [-47.32173028, -24.3971587], [-47.32172059, -24.39716787], [-47.32171626, -24.39717225], [-47.32171225, -24.39717688], [-47.32170858, -24.39718174], [-47.32170527, -24.39718681], [-47.32170232, -24.39719206], [-47.32169976, -24.39719748], [-47.32169759, -24.39720304], [-47.32169657, -24.39720613], [-47.3216896, -24.3972288], [-47.32168855, -24.3972322], [-47.32165347, -24.39723273], [-47.32164703, -24.39723303], [-47.32164063, -24.3972337], [-47.32163428, -24.39723476], [-47.32163418, -24.39723478], [-47.32163202, -24.39723521], [-47.32158978, -24.39724362], [-47.32155323, -24.39724754], [-47.3214962, -24.39725365], [-47.32149314, -24.39725402], [-47.3214868, -24.39725508], [-47.32148054, -24.39725652], [-47.3214744, -24.39725832], [-47.32146841, -24.3972605], [-47.32146258, -24.39726302], [-47.32145694, -24.3972659], [-47.32145152, -24.3972691], [-47.32144634, -24.39727262], [-47.32144143, -24.39727644], [-47.3214368, -24.39728055], [-47.32143247, -24.39728493], [-47.32142966, -24.3972881], [-47.32135248, -24.39737955], [-47.32135128, -24.39738101], [-47.32134761, -24.39738587], [-47.32134429, -24.39739093], [-47.32134135, -24.39739619], [-47.32133879, -24.39740161], [-47.32133662, -24.39740717], [-47.32133485, -24.39741285], [-47.32133349, -24.39741862], [-47.32133338, -24.39741919], [-47.32131456, -24.39751767], [-47.32129232, -24.39763406], [-47.32127675, -24.39765375], [-47.32127372, -24.39765781], [-47.32127041, -24.39766287], [-47.32126747, -24.39766813], [-47.3212649, -24.39767355], [-47.32126447, -24.39767457], [-47.32124559, -24.39772], [-47.32124385, -24.39772453], [-47.32124208, -24.39773021], [-47.32124074, -24.39773589], [-47.32123948, -24.39774223], [-47.32121476, -24.39786619], [-47.32118843, -24.39794275], [-47.32118039, -24.39796614], [-47.32115463, -24.39802384], [-47.32113683, -24.39805784], [-47.3211366, -24.39805829], [-47.32113404, -24.39806371], [-47.32113187, -24.39806927], [-47.3211301, -24.39807495], [-47.32112874, -24.39808073], [-47.3211278, -24.39808657], [-47.32112727, -24.39809246], [-47.32112717, -24.39809836], [-47.32112774, -24.39812972], [-47.32111589, -24.39825255], [-47.32106038, -24.39828502], [-47.32102996, -24.39830281], [-47.32102689, -24.39830468], [-47.32102172, -24.3983082], [-47.3210168, -24.39831202], [-47.32101217, -24.39831613], [-47.32100784, -24.39832051], [-47.32100383, -24.39832513], [-47.32100016, -24.39832999], [-47.32099685, -24.39833506], [-47.3209939, -24.39834031], [-47.32099134, -24.39834573], [-47.32098917, -24.3983513], [-47.3209874, -24.39835698], [-47.32098604, -24.39836275], [-47.3209851, -24.39836859], [-47.32098457, -24.39837448], [-47.32098447, -24.39838038], [-47.32098479, -24.39838628], [-47.32098553, -24.39839215], [-47.32098669, -24.39839796], [-47.32098825, -24.39840369], [-47.32099023, -24.39840931], [-47.3209926, -24.3984148], [-47.32099536, -24.39842014], [-47.3209985, -24.3984253], [-47.32100199, -24.39843027], [-47.32100584, -24.39843501], [-47.32100624, -24.39843547], [-47.32107671, -24.39851563], [-47.32108048, -24.39851967], [-47.32108496, -24.39852391], [-47.32108974, -24.39852788], [-47.3210948, -24.39853155], [-47.3211001, -24.39853491], [-47.32110019, -24.39853496], [-47.32113008, -24.39855256], [-47.32113553, -24.39855554], [-47.32114127, -24.39855824], [-47.32114718, -24.39856058], [-47.32115326, -24.39856257], [-47.32115946, -24.39856419], [-47.32116576, -24.39856544], [-47.32117214, -24.3985663], [-47.32117857, -24.39856678], [-47.32118502, -24.39856687], [-47.32119146, -24.39856658], [-47.32119787, -24.3985659], [-47.3212012, -24.3985654], [-47.32137808, -24.3985356], [-47.3213811, -24.39853505], [-47.32138324, -24.3985346], [-47.32144951, -24.39852005], [-47.32146108, -24.39851751], [-47.32149086, -24.39851705], [-47.32153059, -24.39859816], [-47.32153061, -24.39859937], [-47.32150836, -24.3986566], [-47.32150737, -24.39865929], [-47.3215056, -24.39866497], [-47.32150521, -24.39866645], [-47.32149601, -24.3987027], [-47.32148682, -24.39873894], [-47.32148627, -24.39874126], [-47.32147862, -24.39877547], [-47.3214683, -24.39882162], [-47.32144101, -24.39892921], [-47.32144004, -24.39893351], [-47.3214391, -24.39893935], [-47.32143858, -24.39894524], [-47.32143852, -24.3989464], [-47.32143452, -24.39904861], [-47.32143192, -24.3991151], [-47.32141533, -24.39926592], [-47.32141497, -24.3992702], [-47.32141167, -24.39927982], [-47.32140083, -24.39931133], [-47.32139923, -24.39931654], [-47.32139787, -24.39932231], [-47.32139693, -24.39932816], [-47.3213964, -24.39933404], [-47.32139636, -24.39933494], [-47.32138947, -24.39949753], [-47.32138957, -24.39950173], [-47.32138941, -24.39950254], [-47.32138961, -24.39950338], [-47.32138973, -24.39950844], [-47.32139047, -24.3995143], [-47.32139163, -24.39952011], [-47.3213932, -24.39952584], [-47.32139517, -24.39953147], [-47.32139755, -24.39953696], [-47.32140031, -24.3995423], [-47.32140344, -24.39954746], [-47.32140694, -24.39955242], [-47.32141078, -24.39955716], [-47.32141204, -24.39955858], [-47.32146568, -24.39961792], [-47.32145521, -24.39970032], [-47.32142103, -24.39976564], [-47.3213875, -24.39977904], [-47.32133721, -24.39979914], [-47.32133157, -24.3998016], [-47.32132593, -24.39980447], [-47.32132052, -24.39980767], [-47.32131534, -24.39981119], [-47.32131042, -24.39981501], [-47.32130579, -24.39981912], [-47.32124765, -24.39987417], [-47.32124332, -24.39987855], [-47.32123931, -24.39988318], [-47.32123565, -24.39988804], [-47.32123233, -24.3998931], [-47.32122939, -24.39989836], [-47.32122683, -24.39990378], [-47.32122465, -24.39990934], [-47.32122289, -24.39991502], [-47.32122153, -24.39992079], [-47.32122058, -24.39992664], [-47.32122006, -24.39993252], [-47.32121996, -24.39993843], [-47.32122159, -24.40002779], [-47.3212192, -24.40003846], [-47.32120554, -24.40009961], [-47.32120512, -24.40010158], [-47.32120418, -24.40010743], [-47.32120365, -24.40011331], [-47.32120355, -24.40011922], [-47.32120387, -24.40012512], [-47.32120461, -24.40013098], [-47.32120576, -24.4001368], [-47.32120715, -24.40014195], [-47.3212392, -24.40024719], [-47.32126331, -24.4003264], [-47.32126098, -24.40033559], [-47.32125884, -24.40034404], [-47.32125694, -24.40034407], [-47.3212505, -24.40034436], [-47.32125039, -24.40034437], [-47.32110274, -24.40035566], [-47.3210995, -24.40035596], [-47.32105155, -24.4003611], [-47.32102485, -24.40033274], [-47.32099757, -24.40030376], [-47.32098791, -24.40019776], [-47.32098718, -24.400192], [-47.32098602, -24.40018619], [-47.32098445, -24.40018046], [-47.32098248, -24.40017483], [-47.3209801, -24.40016934], [-47.32097734, -24.400164], [-47.32097503, -24.40016013], [-47.32092535, -24.40008136], [-47.32089578, -24.40002941], [-47.3208929, -24.40002469], [-47.3208894, -24.40001972], [-47.32088865, -24.40001875], [-47.32077761, -24.39987602], [-47.32077452, -24.39987225], [-47.32077035, -24.39986775], [-47.32076586, -24.39986351], [-47.32076108, -24.39985954], [-47.32075602, -24.39985587], [-47.32075072, -24.39985251], [-47.32074519, -24.39984948], [-47.32073945, -24.39984678], [-47.32073353, -24.39984444], [-47.32072746, -24.39984245], [-47.32072126, -24.39984083], [-47.32071495, -24.39983958], [-47.32070857, -24.39983872], [-47.32070214, -24.39983824], [-47.32069569, -24.39983814], [-47.32068925, -24.39983844], [-47.32068285, -24.39983911], [-47.3206765, -24.39984017], [-47.32067025, -24.39984161], [-47.32066411, -24.39984342], [-47.32065811, -24.39984559], [-47.32065228, -24.39984812], [-47.32064664, -24.39985099], [-47.32064122, -24.39985419], [-47.32063605, -24.39985771], [-47.32063113, -24.39986154], [-47.3206265, -24.39986564], [-47.32062217, -24.39987002], [-47.32061816, -24.39987465], [-47.32061449, -24.39987951], [-47.32061118, -24.39988457], [-47.32060823, -24.39988983], [-47.32060567, -24.39989525], [-47.3206035, -24.39990081], [-47.32060173, -24.39990649], [-47.32060037, -24.39991226], [-47.32059943, -24.39991811], [-47.3205989, -24.39992399], [-47.3205988, -24.3999299], [-47.32059912, -24.3999358], [-47.32059986, -24.39994167], [-47.32060101, -24.39994748], [-47.32060258, -24.3999532], [-47.32060456, -24.39995883], [-47.32060693, -24.39996432], [-47.32060969, -24.39996966], [-47.32061283, -24.39997482], [-47.32061632, -24.39997978], [-47.32061707, -24.39998076], [-47.32071257, -24.40010351], [-47.32072414, -24.40011838], [-47.32075153, -24.40016652], [-47.32075359, -24.40016996], [-47.32076665, -24.40019065], [-47.32079331, -24.40023292], [-47.32079608, -24.40026328], [-47.3208038, -24.400348], [-47.32080454, -24.40035377], [-47.32080569, -24.40035958], [-47.32080726, -24.4003653], [-47.32080924, -24.40037093], [-47.32081161, -24.40037642], [-47.32081437, -24.40038176], [-47.3208175, -24.40038692], [-47.320821, -24.40039188], [-47.32082485, -24.40039662], [-47.32082737, -24.40039942], [-47.32091998, -24.40049779], [-47.3209279, -24.40050621], [-47.32092954, -24.40050791], [-47.32093403, -24.40051215], [-47.32094405, -24.40052102], [-47.32094883, -24.40052499], [-47.32095388, -24.40052866], [-47.32095919, -24.40053202], [-47.32096472, -24.40053505], [-47.32097046, -24.40053775], [-47.32097638, -24.4005401], [-47.32098245, -24.40054208], [-47.32098865, -24.4005437], [-47.32099496, -24.40054495], [-47.32100134, -24.40054581], [-47.32100777, -24.40054629], [-47.32101421, -24.40054639], [-47.32102066, -24.40054609], [-47.32102401, -24.40054579], [-47.32102545, -24.40054563], [-47.32112077, -24.40053543], [-47.32126353, -24.40052451], [-47.32133908, -24.40052335], [-47.32134552, -24.40052306], [-47.32135193, -24.40052238], [-47.32135827, -24.40052132], [-47.32136453, -24.40051989], [-47.32137067, -24.40051808], [-47.32137667, -24.4005159], [-47.32138249, -24.40051338], [-47.32138813, -24.40051051], [-47.32139355, -24.4005073], [-47.32139873, -24.40050378], [-47.32140365, -24.40049996], [-47.32140828, -24.40049585], [-47.32141261, -24.40049147], [-47.32141661, -24.40048684], [-47.32142028, -24.40048199], [-47.3214236, -24.40047692], [-47.32142654, -24.40047167], [-47.3214291, -24.40046624], [-47.32143127, -24.40046068], [-47.32143304, -24.400455], [-47.32143343, -24.40045353], [-47.32146101, -24.40034478], [-47.32146199, -24.40034048], [-47.32146293, -24.40033464], [-47.32146345, -24.40032876], [-47.32146356, -24.40032285], [-47.32146324, -24.40031695], [-47.3214625, -24.40031108], [-47.32146134, -24.40030527], [-47.32145995, -24.40030012], [-47.32143847, -24.40022956], [-47.32140342, -24.40011446], [-47.32141687, -24.40005429], [-47.32141729, -24.40005231], [-47.32141823, -24.40004647], [-47.32141876, -24.40004058], [-47.32141886, -24.40003467], [-47.32141773, -24.39997279], [-47.32143393, -24.39995744], [-47.32145882, -24.3999475], [-47.32153349, -24.39991765], [-47.32153913, -24.3999152], [-47.32154476, -24.39991233], [-47.32155018, -24.39990912], [-47.32155536, -24.3999056], [-47.32156028, -24.39990178], [-47.32156491, -24.39989767], [-47.32156924, -24.39989329], [-47.32157325, -24.39988867], [-47.32157692, -24.39988381], [-47.32158023, -24.39987874], [-47.32158294, -24.39987394], [-47.32164009, -24.39976474], [-47.32164032, -24.39976429], [-47.32164288, -24.39975887], [-47.32164505, -24.39975331], [-47.32164682, -24.39974763], [-47.32164818, -24.39974185], [-47.32164911, -24.39973616], [-47.32166634, -24.39960049], [-47.32166636, -24.39960034], [-47.32166688, -24.39959446], [-47.32166698, -24.39958855], [-47.32166667, -24.39958265], [-47.32166593, -24.39957678], [-47.32166477, -24.39957097], [-47.3216632, -24.39956524], [-47.32166122, -24.39955962], [-47.32165885, -24.39955413], [-47.32165609, -24.39954879], [-47.32165296, -24.39954363], [-47.32164946, -24.39953867], [-47.32164562, -24.39953393], [-47.32164436, -24.39953251], [-47.32161527, -24.39950033], [-47.3215879, -24.39947005], [-47.32159281, -24.39935401], [-47.32160757, -24.39931109], [-47.32160917, -24.39930589], [-47.32161053, -24.39930011], [-47.32161147, -24.39929427], [-47.321612, -24.39928838], [-47.3216121, -24.39928248], [-47.32161203, -24.39927874], [-47.32162836, -24.39913029], [-47.32162858, -24.3991254], [-47.32162879, -24.39912448], [-47.32163517, -24.39896157], [-47.3216606, -24.39886131], [-47.32166115, -24.39885899], [-47.3216688, -24.39882478], [-47.32167912, -24.39877863], [-47.32168802, -24.39874354], [-47.32169594, -24.3987123], [-47.3217223, -24.39864449], [-47.3217233, -24.3986418], [-47.32172506, -24.39863612], [-47.32172642, -24.39863034], [-47.32172737, -24.3986245], [-47.32172789, -24.39861861], [-47.321728, -24.39861271], [-47.32172733, -24.39857661], [-47.32172702, -24.39857071], [-47.32172628, -24.39856484], [-47.32172512, -24.39855903], [-47.32172355, -24.39855331], [-47.32172157, -24.39854768], [-47.3217192, -24.39854219], [-47.32171872, -24.39854118], [-47.32165728, -24.39841575], [-47.32165501, -24.39841142], [-47.32165187, -24.39840626], [-47.32164837, -24.39840129], [-47.32164453, -24.39839655], [-47.32164036, -24.39839205], [-47.32163587, -24.39838781], [-47.32160581, -24.39836119], [-47.32160103, -24.39835722], [-47.32159598, -24.39835355], [-47.32159067, -24.39835019], [-47.32158514, -24.39834716], [-47.32157029, -24.39834107], [-47.32156741, -24.39834013], [-47.32156121, -24.39833851], [-47.3215549, -24.39833726], [-47.32154853, -24.3983364], [-47.3215421, -24.39833592], [-47.32153565, -24.39833582], [-47.32144696, -24.39833718], [-47.32144052, -24.39833748], [-47.32143411, -24.39833815], [-47.32142777, -24.39833921], [-47.32142562, -24.39833966], [-47.3213891, -24.39834768], [-47.32133983, -24.39835851], [-47.32127923, -24.39836871], [-47.32128064, -24.39836746], [-47.32128497, -24.39836308], [-47.32128898, -24.39835845], [-47.32129265, -24.39835359], [-47.32129596, -24.39834853], [-47.32129891, -24.39834327], [-47.32130147, -24.39833785], [-47.32130364, -24.39833229], [-47.32130541, -24.39832661], [-47.32130677, -24.39832084], [-47.32130771, -24.39831499], [-47.32130797, -24.39831266], [-47.32132455, -24.39814089], [-47.32132481, -24.39813734], [-47.32132491, -24.39813144], [-47.32132464, -24.39811664], [-47.32133364, -24.39809946], [-47.32133387, -24.39809901], [-47.32133598, -24.39809461], [-47.32136439, -24.39803099], [-47.32136484, -24.39802997], [-47.32136701, -24.3980244], [-47.32136717, -24.39802393], [-47.32140461, -24.39791503], [-47.32140622, -24.39790983], [-47.32140756, -24.39790415], [-47.32140818, -24.39790104], [-47.32143302, -24.39777648], [-47.32144404, -24.39774996], [-47.3214653, -24.39772307], [-47.32146833, -24.39771902], [-47.32147164, -24.39771395], [-47.32147459, -24.39770869], [-47.32147715, -24.39770327], [-47.32147932, -24.39769771], [-47.32148109, -24.39769203], [-47.32148245, -24.39768626], [-47.32148256, -24.39768569], [-47.32152334, -24.39747229], [-47.32155635, -24.39743317], [-47.32156027, -24.39742853], [-47.32161747, -24.3974224], [-47.32162052, -24.39742203], [-47.32162686, -24.39742097], [-47.32162696, -24.39742095], [-47.32166653, -24.39741307], [-47.32176517, -24.39741156], [-47.32177161, -24.39741127], [-47.32177802, -24.39741059], [-47.32178436, -24.39740953], [-47.32179062, -24.39740809], [-47.32179676, -24.39740628], [-47.32180276, -24.39740411], [-47.32180858, -24.39740158], [-47.32181422, -24.39739871], [-47.32181964, -24.39739551], [-47.32182482, -24.39739199], [-47.32182973, -24.39738817], [-47.32183437, -24.39738406], [-47.3218387, -24.39737968], [-47.3218427, -24.39737505], [-47.32184501, -24.397372], [-47.32184903, -24.39737388], [-47.32185494, -24.39737623], [-47.32186102, -24.39737822], [-47.32186722, -24.39737984], [-47.32187352, -24.39738108], [-47.3218799, -24.39738195], [-47.32188633, -24.39738243], [-47.32189278, -24.39738252], [-47.32203083, -24.3973804], [-47.32211121, -24.39739385], [-47.32219556, -24.39742325], [-47.32231433, -24.39748302], [-47.32237352, -24.39754291], [-47.32237359, -24.39754299], [-47.32237808, -24.39754723], [-47.32238286, -24.39755119], [-47.32238792, -24.39755486], [-47.32239322, -24.39755822], [-47.32239508, -24.3975593], [-47.32242412, -24.3975756], [-47.32249067, -24.39761296], [-47.32255038, -24.39767901], [-47.32257188, -24.39773046], [-47.32252982, -24.39782464], [-47.32252971, -24.39782519], [-47.32252938, -24.39782566], [-47.32252721, -24.39783123], [-47.32252544, -24.39783691], [-47.32252408, -24.39784268], [-47.32252313, -24.39784852], [-47.32252306, -24.39784911], [-47.32251453, -24.39792146], [-47.32251418, -24.39792516], [-47.3225063, -24.3980336], [-47.3225062, -24.3980352], [-47.3225061, -24.3980411], [-47.32250642, -24.398047], [-47.32250716, -24.39805287], [-47.32250832, -24.39805868], [-47.32250988, -24.39806441], [-47.32251186, -24.39807003], [-47.32251423, -24.39807552], [-47.32251699, -24.39808086], [-47.32252013, -24.39808602], [-47.32252362, -24.39809099], [-47.32252747, -24.39809573], [-47.32253164, -24.39810023], [-47.32253613, -24.39810447], [-47.32254091, -24.39810844], [-47.32254596, -24.39811211], [-47.32255127, -24.39811547], [-47.3225568, -24.3981185], [-47.32256205, -24.39812098], [-47.32258192, -24.39812971], [-47.32258241, -24.39812992], [-47.32258833, -24.39813227], [-47.3225944, -24.39813425], [-47.32260061, -24.39813587], [-47.32260691, -24.39813712], [-47.32260994, -24.39813758], [-47.32266924, -24.3981457], [-47.32267258, -24.3981461], [-47.32267901, -24.39814658], [-47.32268546, -24.39814668], [-47.3226919, -24.39814638], [-47.32269831, -24.39814571], [-47.32270465, -24.39814465], [-47.32271091, -24.39814321], [-47.32271705, -24.3981414], [-47.32272304, -24.39813923], [-47.32272887, -24.3981367], [-47.32273451, -24.39813383], [-47.32273993, -24.39813063], [-47.3227451, -24.39812711], [-47.32275002, -24.39812328], [-47.32275465, -24.39811917], [-47.32275898, -24.3981148], [-47.3227597, -24.39811401], [-47.32278667, -24.3980842], [-47.32281176, -24.39805647], [-47.32286113, -24.39801904], [-47.32295046, -24.39795132], [-47.32295382, -24.39794864], [-47.32295845, -24.39794454], [-47.32296278, -24.39794016], [-47.32296559, -24.39793699], [-47.32300418, -24.39789126], [-47.32300538, -24.3978898], [-47.32300905, -24.39788495], [-47.32301236, -24.39787988], [-47.32301531, -24.39787462], [-47.32301787, -24.3978692], [-47.32301831, -24.39786818], [-47.32307404, -24.39773409], [-47.32312999, -24.39761801], [-47.3231315, -24.39761471], [-47.32313367, -24.39760915], [-47.32313544, -24.39760347], [-47.3231368, -24.39759769], [-47.32313774, -24.39759185], [-47.32313826, -24.39758596], [-47.32313837, -24.39758006], [-47.32313805, -24.39757416], [-47.32313758, -24.39757011], [-47.32312694, -24.39749399], [-47.32312548, -24.39741437], [-47.32314875, -24.39734666], [-47.32315036, -24.39734146], [-47.32315172, -24.39733568], [-47.32315199, -24.39733422], [-47.32316988, -24.39723465], [-47.32317055, -24.39723027], [-47.32317108, -24.39722438], [-47.32317118, -24.39721848], [-47.32317086, -24.39721258], [-47.32317012, -24.39720671], [-47.32316896, -24.3972009], [-47.32316847, -24.39719894], [-47.32312653, -24.39703881], [-47.3231118, -24.39697107], [-47.32312348, -24.39694874], [-47.32316957, -24.39686066], [-47.32323121, -24.39678552], [-47.32323159, -24.39678505], [-47.32323526, -24.39678019], [-47.32323857, -24.39677512], [-47.32324152, -24.39676987], [-47.32324408, -24.39676445], [-47.32324625, -24.39675889], [-47.32324802, -24.39675321], [-47.32324938, -24.39674744], [-47.32325032, -24.39674159], [-47.32325075, -24.3967373], [-47.32325798, -24.39663767], [-47.32326066, -24.39662851], [-47.32326154, -24.3966255], [-47.32329734, -24.39661174], [-47.32336705, -24.39661067], [-47.32337349, -24.39661038], [-47.3233799, -24.3966097], [-47.32338624, -24.39660864], [-47.3233925, -24.3966072], [-47.32339337, -24.39660697], [-47.32356991, -24.39655913], [-47.32357519, -24.39655755], [-47.32358118, -24.39655538], [-47.32358701, -24.39655285], [-47.32358749, -24.39655262], [-47.32359055, -24.39655116], [-47.32368029, -24.3965423], [-47.32368422, -24.39654184], [-47.32369057, -24.39654078], [-47.32369522, -24.39653975], [-47.32373447, -24.39653012], [-47.32373607, -24.39652971], [-47.3237417, -24.39652807], [-47.32380049, -24.39650911], [-47.32380101, -24.39650895], [-47.323807, -24.39650678], [-47.32381283, -24.39650425], [-47.32381847, -24.39650138], [-47.32382206, -24.3964993], [-47.3239293, -24.39643447], [-47.32393112, -24.39643334], [-47.3239363, -24.39642982], [-47.32394122, -24.396426], [-47.32394585, -24.39642189], [-47.32395018, -24.39641751], [-47.32395419, -24.39641288], [-47.32395786, -24.39640802], [-47.32396117, -24.39640296], [-47.32396411, -24.3963977], [-47.3239666, -24.39639246], [-47.32401389, -24.39628341], [-47.32401397, -24.39628323], [-47.32401614, -24.39627767], [-47.3240179, -24.39627199], [-47.32401885, -24.3962682], [-47.32403707, -24.39618668], [-47.32403748, -24.3961847], [-47.32403843, -24.39617886], [-47.32403895, -24.39617297], [-47.32403906, -24.39616706], [-47.32403874, -24.39616116], [-47.324038, -24.3961553], [-47.32403684, -24.39614949], [-47.3240353, -24.39614386], [-47.32399341, -24.3960091], [-47.32399338, -24.396009], [-47.3239914, -24.39600337], [-47.32398903, -24.39599788], [-47.32398627, -24.39599254], [-47.32398313, -24.39598738], [-47.32397964, -24.39598242], [-47.32397579, -24.39597768], [-47.32397162, -24.39597318], [-47.32396713, -24.39596893], [-47.32396235, -24.39596497], [-47.32395839, -24.39596205], [-47.32386896, -24.39589959], [-47.32404353, -24.39591372], [-47.32411944, -24.39592026], [-47.32414617, -24.39592921], [-47.32423643, -24.39595942], [-47.32423868, -24.39596015], [-47.32436769, -24.39600012], [-47.32448301, -24.3960627], [-47.32448938, -24.39606721], [-47.32452814, -24.39609464], [-47.32452973, -24.39609574], [-47.32453503, -24.3960991], [-47.32453821, -24.39610084], [-47.32454056, -24.39610214], [-47.3245463, -24.39610483], [-47.32455222, -24.39610718], [-47.32455829, -24.39610917], [-47.3245645, -24.39611079], [-47.3245708, -24.39611203], [-47.32457718, -24.39611289], [-47.32458361, -24.39611337], [-47.32459006, -24.39611347], [-47.32467874, -24.39611211], [-47.32468518, -24.39611181], [-47.32469024, -24.39611131], [-47.32485743, -24.39609069], [-47.32485878, -24.39609052], [-47.32486512, -24.39608946], [-47.32487138, -24.39608802], [-47.32487752, -24.39608621], [-47.32488352, -24.39608404], [-47.32488934, -24.39608151], [-47.32489498, -24.39607864], [-47.32490031, -24.39607549], [-47.32498296, -24.39602318], [-47.32505657, -24.39598804], [-47.32507523, -24.39597914], [-47.32508039, -24.3959765], [-47.32508581, -24.39597329], [-47.32509099, -24.39596977], [-47.3250959, -24.39596595], [-47.32510053, -24.39596184], [-47.32510486, -24.39595746], [-47.32510887, -24.39595283], [-47.32511254, -24.39594798], [-47.32511585, -24.39594291], [-47.3251188, -24.39593766], [-47.32512136, -24.39593224], [-47.32512353, -24.39592667], [-47.3251253, -24.39592099], [-47.32512666, -24.39591522], [-47.3251276, -24.39590938], [-47.32512813, -24.39590349], [-47.32512823, -24.39589759], [-47.32512791, -24.39589169], [-47.32512717, -24.39588582], [-47.32512601, -24.39588001], [-47.32512444, -24.39587428], [-47.32512247, -24.39586866], [-47.32512173, -24.39586684], [-47.32508542, -24.39577994], [-47.32508218, -24.39574643], [-47.32507446, -24.39566631], [-47.32507377, -24.39566097], [-47.32507261, -24.39565516], [-47.32507104, -24.39564943], [-47.32506907, -24.39564381], [-47.32506669, -24.39563831], [-47.32506393, -24.39563298], [-47.3250608, -24.39562781], [-47.3250573, -24.39562285], [-47.32505346, -24.39561811], [-47.32504928, -24.39561361], [-47.3250448, -24.39560936], [-47.32504002, -24.3956054], [-47.32503656, -24.39560283], [-47.32493669, -24.39553215], [-47.3249351, -24.39553105], [-47.3249298, -24.39552769], [-47.32492426, -24.39552465], [-47.32491853, -24.39552196], [-47.32491261, -24.39551961], [-47.32490653, -24.39551762], [-47.32490033, -24.395516], [-47.32489403, -24.39551476], [-47.32488765, -24.3955139], [-47.32488122, -24.39551342], [-47.32487477, -24.39551332], [-47.3248669, -24.39551344], [-47.32486636, -24.3955085], [-47.3249051, -24.39541145], [-47.32491817, -24.39538217], [-47.32497113, -24.39535963], [-47.32497466, -24.39535805], [-47.32497515, -24.39535782], [-47.3250924, -24.39530186], [-47.32509756, -24.39529921], [-47.32510298, -24.39529601], [-47.32510815, -24.39529249], [-47.32511307, -24.39528867], [-47.3251177, -24.39528456], [-47.32512203, -24.39528018], [-47.32512604, -24.39527555], [-47.32512668, -24.39527475], [-47.32518448, -24.39520165], [-47.32518751, -24.39519759], [-47.32519082, -24.39519253], [-47.32519377, -24.39518727], [-47.32519633, -24.39518185], [-47.3251985, -24.39517629], [-47.32520027, -24.39517061], [-47.32520163, -24.39516484], [-47.32520257, -24.39515899], [-47.32520309, -24.39515311], [-47.3252032, -24.3951472], [-47.32520288, -24.3951413], [-47.32520214, -24.39513543], [-47.32520098, -24.39512962], [-47.32519941, -24.3951239], [-47.32519744, -24.39511827], [-47.32519506, -24.39511278], [-47.3251923, -24.39510744], [-47.32518917, -24.39510228], [-47.3251883, -24.39510099], [-47.32512753, -24.39501165], [-47.3251249, -24.39500798], [-47.32512105, -24.39500324], [-47.32511688, -24.39499874], [-47.32511239, -24.3949945], [-47.32510761, -24.39499053], [-47.32510256, -24.39498686], [-47.32509725, -24.3949835], [-47.32509172, -24.39498047], [-47.32508647, -24.39497799], [-47.32505995, -24.39496634], [-47.32491727, -24.39490373], [-47.32490761, -24.39489949], [-47.32490712, -24.39489928], [-47.32490121, -24.39489693], [-47.32489513, -24.39489494], [-47.32488893, -24.39489332], [-47.32488263, -24.39489208], [-47.32487625, -24.39489122], [-47.32486982, -24.39489073], [-47.32486337, -24.39489064], [-47.32485693, -24.39489093], [-47.32485116, -24.39489152], [-47.32479697, -24.39489858], [-47.32476215, -24.39488692], [-47.32470172, -24.39486669], [-47.3247141, -24.39484303], [-47.32471433, -24.39484258], [-47.32471689, -24.39483716], [-47.32471906, -24.3948316], [-47.32472083, -24.39482592], [-47.32472219, -24.39482015], [-47.32472314, -24.39481431], [-47.32472366, -24.39480842], [-47.32472376, -24.39480251], [-47.32472344, -24.39479662], [-47.3247227, -24.39479075], [-47.32472155, -24.39478494], [-47.32471998, -24.39477921], [-47.324718, -24.39477359], [-47.32471563, -24.39476809], [-47.32471287, -24.39476276], [-47.32471056, -24.39475888], [-47.32460905, -24.39459795], [-47.32460822, -24.39459667], [-47.3246064, -24.39459399], [-47.32456059, -24.39452931], [-47.32452293, -24.39444711], [-47.32452246, -24.39444609], [-47.32452107, -24.39444331], [-47.32446999, -24.39434479], [-47.32446861, -24.39434224], [-47.32446548, -24.39433708], [-47.32446198, -24.39433212], [-47.32445814, -24.39432738], [-47.32445396, -24.39432287], [-47.32444947, -24.39431863], [-47.32444469, -24.39431467], [-47.32444384, -24.39431401], [-47.3243892, -24.39427255], [-47.32433949, -24.39418519], [-47.32428985, -24.39407267], [-47.32428888, -24.39407055], [-47.32428612, -24.39406521], [-47.32428299, -24.39406005], [-47.32427949, -24.39405509], [-47.32427564, -24.39405034], [-47.32427147, -24.39404584], [-47.32426698, -24.3940416], [-47.32426354, -24.39403869], [-47.32415349, -24.39395011], [-47.32415216, -24.39394906], [-47.32414711, -24.39394539], [-47.3241433, -24.39394293], [-47.32411293, -24.39388436], [-47.32408152, -24.39368184], [-47.32408097, -24.39368006], [-47.3240806, -24.39367691], [-47.32406081, -24.39358592], [-47.32405766, -24.39341357], [-47.32405734, -24.39340767], [-47.3240566, -24.39340181], [-47.32405544, -24.393396], [-47.32405542, -24.3933959], [-47.32402338, -24.39326099], [-47.32402183, -24.39325535], [-47.32401986, -24.39324973], [-47.32401748, -24.39324424], [-47.32401645, -24.39324214], [-47.32399121, -24.39319239], [-47.32402735, -24.39307989], [-47.32402841, -24.39307631], [-47.32402977, -24.39307053], [-47.32403071, -24.39306469], [-47.32403124, -24.3930588], [-47.32403134, -24.3930529], [-47.32402602, -24.39276242], [-47.32402556, -24.39273705], [-47.32402524, -24.39273115], [-47.3240245, -24.39272528], [-47.32402335, -24.39271947], [-47.32402178, -24.39271374], [-47.32402085, -24.3927111], [-47.3240198, -24.39270812], [-47.32401743, -24.39270263], [-47.32401467, -24.39269729], [-47.32401153, -24.39269213], [-47.32401067, -24.39269083], [-47.32401056, -24.39269068], [-47.32406937, -24.39259106], [-47.32407178, -24.3925867], [-47.32407435, -24.39258128], [-47.32407652, -24.39257572], [-47.32407829, -24.39257004], [-47.32407964, -24.39256426], [-47.32408059, -24.39255842], [-47.32408111, -24.39255253], [-47.32408121, -24.39254663], [-47.32407989, -24.39247443], [-47.32407957, -24.39246853], [-47.32407883, -24.39246267], [-47.32407768, -24.39245686], [-47.32407611, -24.39245113], [-47.32407413, -24.3924455], [-47.32407176, -24.39244001], [-47.324069, -24.39243467], [-47.32406587, -24.39242951], [-47.324065, -24.39242822], [-47.32403461, -24.39238355], [-47.32403204, -24.39237996], [-47.32401145, -24.39235268], [-47.32404103, -24.39236052], [-47.32413303, -24.3924009], [-47.32413352, -24.39240111], [-47.32413944, -24.39240346], [-47.32414551, -24.39240545], [-47.32414603, -24.3924056], [-47.32424564, -24.39243432], [-47.32431561, -24.39248938], [-47.32438176, -24.39255632], [-47.32438184, -24.3925564], [-47.32438632, -24.39256064], [-47.3243911, -24.3925646], [-47.32439616, -24.39256827], [-47.32440146, -24.39257163], [-47.32440699, -24.39257467], [-47.32441273, -24.39257736], [-47.32441865, -24.39257971], [-47.32442472, -24.3925817], [-47.32443092, -24.39258332], [-47.32443723, -24.39258456], [-47.32444361, -24.39258543], [-47.32445004, -24.39258591], [-47.32445648, -24.392586], [-47.32446293, -24.39258571], [-47.32446933, -24.39258503], [-47.32447568, -24.39258397], [-47.32448193, -24.39258253], [-47.32448807, -24.39258073], [-47.32449407, -24.39257855], [-47.3244999, -24.39257602], [-47.32450553, -24.39257315], [-47.32451095, -24.39256995], [-47.32451613, -24.39256643], [-47.32452105, -24.39256261], [-47.32452568, -24.3925585], [-47.32464194, -24.39244839], [-47.32464627, -24.39244401], [-47.32465028, -24.39243939], [-47.32465394, -24.39243453], [-47.32465726, -24.39242946], [-47.3246602, -24.39242421], [-47.32466276, -24.39241879], [-47.32466493, -24.39241322], [-47.3246667, -24.39240754], [-47.32466806, -24.39240177], [-47.32466901, -24.39239593], [-47.32466953, -24.39239004], [-47.32466963, -24.39238414], [-47.32466931, -24.39237824], [-47.32466857, -24.39237237], [-47.32466742, -24.39236656], [-47.32466629, -24.39236229], [-47.32465892, -24.39233708], [-47.32465747, -24.39225795], [-47.32465513, -24.39213031], [-47.32468196, -24.39206309], [-47.32471819, -24.39204767], [-47.32481022, -24.39203858], [-47.32481416, -24.39203812], [-47.3248205, -24.39203706], [-47.32482675, -24.39203563], [-47.32483289, -24.39203382], [-47.32483889, -24.39203164], [-47.32484472, -24.39202912], [-47.32485036, -24.39202625], [-47.32485577, -24.39202304], [-47.32486095, -24.39201952], [-47.32486401, -24.39201721], [-47.32492231, -24.39197117], [-47.32492416, -24.39196967], [-47.3249288, -24.39196556], [-47.32493313, -24.39196118], [-47.32493713, -24.39195656], [-47.3249408, -24.3919517], [-47.32494411, -24.39194663], [-47.32494706, -24.39194138], [-47.32494962, -24.39193596], [-47.32495179, -24.39193039], [-47.32495356, -24.39192471], [-47.32495492, -24.39191894], [-47.32495542, -24.39191616], [-47.32496428, -24.39186186], [-47.32496472, -24.3918588], [-47.32496525, -24.39185291], [-47.32496535, -24.39184701], [-47.32496503, -24.39184111], [-47.32496457, -24.39183706], [-47.32495323, -24.39175598], [-47.32495295, -24.39175417], [-47.3249518, -24.39174836], [-47.32495023, -24.39174264], [-47.32494825, -24.39173701], [-47.32494588, -24.39173152], [-47.32494312, -24.39172618], [-47.32493998, -24.39172102], [-47.32493912, -24.39171973], [-47.32490873, -24.39167506], [-47.32487834, -24.39163039], [-47.32487571, -24.39162672], [-47.32487187, -24.39162198], [-47.32486769, -24.39161748], [-47.32486684, -24.39161662], [-47.32485668, -24.39160663], [-47.32483271, -24.39158304], [-47.32483722, -24.39157754], [-47.32495419, -24.39152171], [-47.32495935, -24.39151907], [-47.32496477, -24.39151586], [-47.32496994, -24.39151234], [-47.32497144, -24.39151121], [-47.324973, -24.39151003], [-47.3250313, -24.39146399], [-47.32503316, -24.39146249], [-47.32503779, -24.39145838], [-47.32504212, -24.391454], [-47.32504612, -24.39144938], [-47.32504979, -24.39144452], [-47.32505311, -24.39143945], [-47.32505605, -24.3914342], [-47.32505861, -24.39142878], [-47.32506078, -24.39142321], [-47.32506255, -24.39141753], [-47.32506391, -24.39141176], [-47.32506485, -24.39140592], [-47.32506538, -24.39140003], [-47.32506548, -24.39139413], [-47.32506516, -24.39138823], [-47.32506442, -24.39138236], [-47.32506327, -24.39137655], [-47.32506278, -24.39137459], [-47.32502039, -24.39121275], [-47.32501931, -24.39120899], [-47.32501733, -24.39120336], [-47.3250166, -24.39120154], [-47.32497536, -24.39110288], [-47.32497373, -24.39109921], [-47.32497097, -24.39109387], [-47.32496783, -24.39108871], [-47.32496434, -24.39108375], [-47.32496049, -24.39107901], [-47.32495632, -24.3910745], [-47.32495183, -24.39107026], [-47.32494705, -24.3910663], [-47.324942, -24.39106263], [-47.32493669, -24.39105927], [-47.32493116, -24.39105623], [-47.32492542, -24.39105354], [-47.32491951, -24.39105119], [-47.32491343, -24.3910492], [-47.32490723, -24.39104758], [-47.32490562, -24.39104723], [-47.32486992, -24.39103963], [-47.32490124, -24.39095382], [-47.32497425, -24.39091588], [-47.32503536, -24.39088671], [-47.32505085, -24.39087931], [-47.32505563, -24.39087688], [-47.32510777, -24.39084852], [-47.32515251, -24.39084196], [-47.325158, -24.39084116], [-47.32516328, -24.39084025], [-47.32516953, -24.39083881], [-47.32517567, -24.390837], [-47.32518167, -24.39083483], [-47.3251875, -24.3908323], [-47.32519107, -24.39083053], [-47.32529847, -24.39077472], [-47.32530053, -24.39077362], [-47.32530587, -24.39077047], [-47.32545202, -24.39067796], [-47.3254521, -24.3906779], [-47.32545728, -24.39067438], [-47.3254622, -24.39067056], [-47.32546268, -24.39067015], [-47.32554856, -24.39059785], [-47.32563448, -24.39053123], [-47.32563717, -24.39053074], [-47.32571345, -24.39051682], [-47.32587541, -24.39050018], [-47.32601336, -24.39060072], [-47.32601605, -24.39060261], [-47.32602136, -24.39060597], [-47.32602689, -24.39060901], [-47.32603263, -24.3906117], [-47.32603855, -24.39061405], [-47.32604462, -24.39061604], [-47.32605082, -24.39061766], [-47.32605712, -24.3906189], [-47.3260635, -24.39061976], [-47.32606993, -24.39062025], [-47.32607638, -24.39062034], [-47.32608282, -24.39062005], [-47.32608923, -24.39061937], [-47.32609557, -24.39061831], [-47.32610183, -24.39061687], [-47.32610462, -24.3906161], [-47.3263007, -24.39055893], [-47.32630405, -24.39055789], [-47.32630603, -24.39055721], [-47.32651671, -24.39048336], [-47.32659026, -24.39046532], [-47.32659186, -24.39046491], [-47.326598, -24.3904631], [-47.326604, -24.39046093], [-47.32660983, -24.3904584], [-47.32661546, -24.39045553], [-47.32662088, -24.39045233], [-47.32662606, -24.39044881], [-47.32663097, -24.39044499], [-47.32663561, -24.39044088], [-47.32663994, -24.3904365], [-47.32664394, -24.39043187], [-47.32664761, -24.39042701], [-47.32665092, -24.39042195], [-47.32665387, -24.39041669], [-47.32665643, -24.39041127], [-47.3266586, -24.39040571], [-47.32666037, -24.39040003], [-47.32666173, -24.39039426], [-47.32666267, -24.39038842], [-47.3266632, -24.39038253], [-47.3266633, -24.39037662], [-47.326663, -24.390371], [-47.32665474, -24.39027563], [-47.32672093, -24.39028268], [-47.32680545, -24.39031977], [-47.32680594, -24.39031999], [-47.32681186, -24.39032233], [-47.32681793, -24.39032432], [-47.32682413, -24.39032594], [-47.32683043, -24.39032719], [-47.32683681, -24.39032805], [-47.32684324, -24.39032853], [-47.32684969, -24.39032862], [-47.32685613, -24.39032833], [-47.32686254, -24.39032765], [-47.32686888, -24.39032659], [-47.32687514, -24.39032516], [-47.32688128, -24.39032335], [-47.32688727, -24.39032118], [-47.3268931, -24.39031865], [-47.32689874, -24.39031578], [-47.32690415, -24.39031257], [-47.32690933, -24.39030905], [-47.32690984, -24.39030868], [-47.32699736, -24.39024415], [-47.32700177, -24.3902407], [-47.32700641, -24.39023659], [-47.32701073, -24.39023221], [-47.32701474, -24.39022758], [-47.32701841, -24.39022272], [-47.32702172, -24.39021766], [-47.32702467, -24.3902124], [-47.32702723, -24.39020698], [-47.3270294, -24.39020142], [-47.32703117, -24.39019574], [-47.32703156, -24.39019427], [-47.32706446, -24.3900645], [-47.32713027, -24.38997072], [-47.32721967, -24.3898605], [-47.3273372, -24.38975774], [-47.32738312, -24.38972292], [-47.32738649, -24.38972025], [-47.32739112, -24.38971614], [-47.32739545, -24.38971176], [-47.32739946, -24.38970714], [-47.32740313, -24.38970228], [-47.32740644, -24.38969721], [-47.32740938, -24.38969196], [-47.32741195, -24.38968654], [-47.32741412, -24.38968097], [-47.32741588, -24.3896753], [-47.32741627, -24.38967382], [-47.32742848, -24.38962567], [-47.32746621, -24.38958994], [-47.32757567, -24.38953769], [-47.32767901, -24.38952028], [-47.32768203, -24.38951973], [-47.32768828, -24.38951829], [-47.32769442, -24.38951648], [-47.32770042, -24.38951431], [-47.32770625, -24.38951178], [-47.32771188, -24.38950891], [-47.32771722, -24.38950576], [-47.32779225, -24.38945826], [-47.32784617, -24.38944325], [-47.32785075, -24.38944186], [-47.32785675, -24.38943969], [-47.32786258, -24.38943716], [-47.32786821, -24.38943429], [-47.32787363, -24.38943109], [-47.32787881, -24.38942757], [-47.32788373, -24.38942375], [-47.32788836, -24.38941964], [-47.32789269, -24.38941526], [-47.32789669, -24.38941063], [-47.32790036, -24.38940577], [-47.32790368, -24.38940071], [-47.32790662, -24.38939545], [-47.32790918, -24.38939003], [-47.32791135, -24.38938447], [-47.32791312, -24.38937879], [-47.32791448, -24.38937302], [-47.32791542, -24.38936717], [-47.32791595, -24.38936129], [-47.32791605, -24.38935538], [-47.32791573, -24.38934948], [-47.32791499, -24.38934362], [-47.32791483, -24.38934264], [-47.32791329, -24.38933386], [-47.32791774, -24.38933251], [-47.32792374, -24.38933034], [-47.32792957, -24.38932781], [-47.3279352, -24.38932494], [-47.32794062, -24.38932174], [-47.3279458, -24.38931822], [-47.32795072, -24.38931439], [-47.32795535, -24.38931029], [-47.32795968, -24.38930591], [-47.32796368, -24.38930128], [-47.32796735, -24.38929642], [-47.32797067, -24.38929135], [-47.32797361, -24.3892861], [-47.32797617, -24.38928068], [-47.32797767, -24.38927696], [-47.32801218, -24.38918529], [-47.32802183, -24.38916999], [-47.32804003, -24.3891613], [-47.32810198, -24.38915324], [-47.32810262, -24.38915315], [-47.32810897, -24.38915209], [-47.32811522, -24.38915065], [-47.32812136, -24.38914884], [-47.32812736, -24.38914667], [-47.32813318, -24.38914414], [-47.32813882, -24.38914127], [-47.32814424, -24.38913807], [-47.32814942, -24.38913455], [-47.32815433, -24.38913073], [-47.32815896, -24.38912662], [-47.32816329, -24.38912224], [-47.3281673, -24.38911761], [-47.32817097, -24.38911275], [-47.32817428, -24.38910769], [-47.32817722, -24.38910243], [-47.32817971, -24.38909719], [-47.32822699, -24.38898814], [-47.32822707, -24.38898796], [-47.32822924, -24.3889824], [-47.3282309, -24.38897711], [-47.32825669, -24.38888442], [-47.32830025, -24.38879258], [-47.32834708, -24.38870308], [-47.32834731, -24.38870263], [-47.32834987, -24.38869721], [-47.32835204, -24.38869165], [-47.32835381, -24.38868597], [-47.32835517, -24.3886802], [-47.32835611, -24.38867436], [-47.32835664, -24.38866847], [-47.32835674, -24.38866256], [-47.32835642, -24.38865666], [-47.32835568, -24.3886508], [-47.32835452, -24.38864499], [-47.32835339, -24.38864072], [-47.32833128, -24.38856513], [-47.32835362, -24.38852244], [-47.32835385, -24.38852199], [-47.32835642, -24.38851657], [-47.32835859, -24.38851101], [-47.32836025, -24.38850572], [-47.32838334, -24.3884227], [-47.328426, -24.38836874], [-47.32850832, -24.38829077], [-47.32851265, -24.38828639], [-47.32851666, -24.38828177], [-47.32852033, -24.38827691], [-47.32852364, -24.38827184], [-47.32852658, -24.38826659], [-47.32852914, -24.38826117], [-47.32853131, -24.3882556], [-47.32853308, -24.38824992], [-47.32853442, -24.38824424], [-47.32856746, -24.38807853], [-47.32861639, -24.38800092], [-47.32861721, -24.38799959], [-47.32862015, -24.38799434], [-47.32862272, -24.38798892], [-47.32862489, -24.38798336], [-47.32862665, -24.38797768], [-47.32862801, -24.3879719], [-47.32862896, -24.38796606], [-47.32862948, -24.38796018], [-47.32862958, -24.38795427], [-47.32862926, -24.38794837], [-47.32862852, -24.3879425], [-47.32862737, -24.38793669], [-47.3286258, -24.38793096], [-47.32862382, -24.38792534], [-47.32862192, -24.38792086], [-47.32862039, -24.38791751], [-47.32871817, -24.38789674], [-47.32872301, -24.3878956], [-47.32872915, -24.38789379], [-47.32873514, -24.38789161], [-47.32874097, -24.38788909], [-47.32874661, -24.38788622], [-47.32875203, -24.38788301], [-47.32875721, -24.38787949], [-47.32876212, -24.38787567], [-47.32876675, -24.38787156], [-47.32877108, -24.38786718], [-47.32877509, -24.38786255], [-47.32877876, -24.3878577], [-47.32878207, -24.38785263], [-47.32878478, -24.38784782], [-47.32886096, -24.38770222], [-47.32886119, -24.38770177], [-47.32886376, -24.38769635], [-47.32886593, -24.38769079], [-47.32886769, -24.38768511], [-47.32886838, -24.38768241], [-47.32890302, -24.38753667], [-47.32893733, -24.38746264], [-47.32893828, -24.38746051], [-47.32894045, -24.38745495], [-47.32894222, -24.38744927], [-47.32894358, -24.38744349], [-47.32894452, -24.38743765], [-47.32894504, -24.38743176], [-47.32894515, -24.38742586], [-47.32894483, -24.38741996], [-47.32894478, -24.38741943], [-47.32893476, -24.38731549], [-47.32899812, -24.3873433], [-47.32899861, -24.38734351], [-47.32900452, -24.38734586], [-47.3290106, -24.38734784], [-47.3290168, -24.38734946], [-47.3290231, -24.38735071], [-47.32902948, -24.38735157], [-47.32903591, -24.38735205], [-47.32904236, -24.38735215], [-47.3290488, -24.38735185], [-47.3290552, -24.38735118], [-47.32906155, -24.38735012], [-47.3290678, -24.38734868], [-47.32907394, -24.38734687], [-47.32907994, -24.3873447], [-47.32908577, -24.38734217], [-47.3290914, -24.3873393], [-47.32909682, -24.3873361], [-47.329102, -24.38733258], [-47.32910691, -24.38732875], [-47.32911155, -24.38732464], [-47.32911587, -24.38732027], [-47.32911988, -24.38731564], [-47.32912136, -24.38731376], [-47.32918023, -24.38723695], [-47.32932086, -24.3871916], [-47.32935565, -24.38720463], [-47.32935676, -24.38720504], [-47.32936283, -24.38720702], [-47.32936904, -24.38720864], [-47.32937534, -24.38720989], [-47.32938172, -24.38721075], [-47.32938815, -24.38721123], [-47.3293946, -24.38721133], [-47.32940104, -24.38721103], [-47.32940744, -24.38721036], [-47.32941379, -24.3872093], [-47.32941844, -24.38720826], [-47.32953619, -24.38717937], [-47.32953778, -24.38717897], [-47.32954392, -24.38717716], [-47.32954992, -24.38717498], [-47.32955575, -24.38717246], [-47.32956138, -24.38716959], [-47.3295668, -24.38716638], [-47.32957198, -24.38716286], [-47.3295769, -24.38715904], [-47.32958153, -24.38715493], [-47.32958586, -24.38715055], [-47.32958986, -24.38714592], [-47.32959353, -24.38714107], [-47.32959603, -24.38713732], [-47.32962365, -24.38709351], [-47.3297138, -24.38709697], [-47.32978666, -24.3871253], [-47.32978898, -24.38712617], [-47.32979506, -24.38712816], [-47.32980126, -24.38712978], [-47.32980756, -24.38713102], [-47.32981394, -24.38713189], [-47.32982037, -24.38713237], [-47.32982682, -24.38713246], [-47.32992535, -24.38713095], [-47.32993179, -24.38713065], [-47.3299382, -24.38712997], [-47.32994454, -24.38712892], [-47.3299508, -24.38712748], [-47.32995693, -24.38712567], [-47.32996293, -24.3871235], [-47.32996649, -24.387122], [-47.33009359, -24.38706589], [-47.33009586, -24.38706485], [-47.33010149, -24.38706198], [-47.33010691, -24.38705878], [-47.33011209, -24.38705526], [-47.33011701, -24.38705143], [-47.33012164, -24.38704732], [-47.33012597, -24.38704295], [-47.33012997, -24.38703832], [-47.33013364, -24.38703346], [-47.33013696, -24.38702839], [-47.3301399, -24.38702314], [-47.33014246, -24.38701772], [-47.33014463, -24.38701216], [-47.3301464, -24.38700648], [-47.33014679, -24.387005], [-47.33015106, -24.38698814], [-47.33016275, -24.38698581], [-47.33028642, -24.38702146], [-47.3302921, -24.38702293], [-47.33029841, -24.38702417], [-47.33030371, -24.38702492], [-47.33037285, -24.38703288], [-47.33037392, -24.387033], [-47.33038035, -24.38703348], [-47.3303868, -24.38703358], [-47.33039324, -24.38703328], [-47.33039965, -24.38703261], [-47.33040599, -24.38703155], [-47.33041225, -24.38703011], [-47.33041839, -24.3870283], [-47.33042438, -24.38702613], [-47.33043021, -24.3870236], [-47.33043585, -24.38702073], [-47.33043944, -24.38701865], [-47.33054, -24.38695785], [-47.33058736, -24.38693839], [-47.33067067, -24.38692946], [-47.33067372, -24.38692909], [-47.33068006, -24.38692803], [-47.33068632, -24.38692659], [-47.33069246, -24.38692479], [-47.33069845, -24.38692261], [-47.33070428, -24.38692008], [-47.33070476, -24.38691986], [-47.33079435, -24.3868771], [-47.33085422, -24.38686042], [-47.33085495, -24.38686022], [-47.33102163, -24.38681252], [-47.33102548, -24.38681134], [-47.33103148, -24.38680916], [-47.33103731, -24.38680664], [-47.33104294, -24.38680377], [-47.33104836, -24.38680056], [-47.33105086, -24.38679892], [-47.33125028, -24.38666377], [-47.33136436, -24.38660522], [-47.3315327, -24.38655093], [-47.33153321, -24.38655077], [-47.33153921, -24.38654859], [-47.33154504, -24.38654607], [-47.33155067, -24.3865432], [-47.33155609, -24.38653999], [-47.33155783, -24.38653886], [-47.33163882, -24.38648506], [-47.33185082, -24.38644119], [-47.331914, -24.38643297], [-47.33205456, -24.38644509], [-47.33210322, -24.38647581], [-47.33210578, -24.38647737], [-47.33211132, -24.3864804], [-47.33211705, -24.3864831], [-47.33212297, -24.38648544], [-47.33212904, -24.38648743], [-47.33213524, -24.38648905], [-47.33214155, -24.3864903], [-47.33214793, -24.38649116], [-47.33215436, -24.38649164], [-47.3321608, -24.38649173], [-47.33216724, -24.38649144], [-47.33217365, -24.38649076], [-47.33217999, -24.3864897], [-47.33218333, -24.38648899], [-47.33235017, -24.38645031], [-47.33235309, -24.38644959], [-47.33235923, -24.38644778], [-47.33236523, -24.38644561], [-47.33237105, -24.38644308], [-47.33237669, -24.38644021], [-47.33238211, -24.386437], [-47.33238729, -24.38643348], [-47.3323922, -24.38642966], [-47.33239683, -24.38642555], [-47.33240116, -24.38642117], [-47.33240517, -24.38641654], [-47.33240884, -24.38641169], [-47.33241215, -24.38640662], [-47.33241509, -24.38640137], [-47.33241765, -24.38639594], [-47.33241982, -24.38639038], [-47.33242118, -24.38638614], [-47.33243649, -24.38633378], [-47.33246005, -24.38629564], [-47.3324619, -24.38629693], [-47.3324672, -24.38630029], [-47.33247274, -24.38630332], [-47.33247847, -24.38630602], [-47.33248439, -24.38630837], [-47.33249046, -24.38631035], [-47.33249667, -24.38631197], [-47.33250297, -24.38631322], [-47.33250935, -24.38631408], [-47.33251578, -24.38631456], [-47.33252222, -24.38631466], [-47.33252867, -24.38631436], [-47.33253507, -24.38631368], [-47.33254142, -24.38631263], [-47.33254767, -24.38631119], [-47.33255381, -24.38630938], [-47.33255981, -24.38630721], [-47.33256563, -24.38630468], [-47.33257127, -24.38630181], [-47.33257669, -24.3862986], [-47.33258187, -24.38629508], [-47.33258678, -24.38629126], [-47.33259141, -24.38628715], [-47.33259574, -24.38628277], [-47.33259646, -24.38628199], [-47.33261215, -24.38626464], [-47.3326661, -24.3862802], [-47.33273302, -24.38630201], [-47.33275337, -24.38631399], [-47.33275881, -24.38631697], [-47.33276455, -24.38631967], [-47.33277047, -24.38632201], [-47.33277654, -24.386324], [-47.33278274, -24.38632562], [-47.33278905, -24.38632687], [-47.33279542, -24.38632773], [-47.33280185, -24.38632821], [-47.3328083, -24.3863283], [-47.33281474, -24.38632801], [-47.33282115, -24.38632733], [-47.33282749, -24.38632627], [-47.33283375, -24.38632484], [-47.33283988, -24.38632303], [-47.33284588, -24.38632085], [-47.33285171, -24.38631832], [-47.33285734, -24.38631545], [-47.33286276, -24.38631225], [-47.33286794, -24.38630873], [-47.33287286, -24.38630491], [-47.33287749, -24.3863008], [-47.33288182, -24.38629642], [-47.33288582, -24.38629179], [-47.33288778, -24.38628928], [-47.33293492, -24.38622664], [-47.33293797, -24.38622682], [-47.33294442, -24.38622691], [-47.33295086, -24.38622662], [-47.33295727, -24.38622594], [-47.33295834, -24.38622579], [-47.33302715, -24.3862157], [-47.33303242, -24.38621479], [-47.33303867, -24.38621336], [-47.33304481, -24.38621155], [-47.33305081, -24.38620937], [-47.3330531, -24.38620843], [-47.33314112, -24.38617096], [-47.33314465, -24.38616938], [-47.33314513, -24.38616915], [-47.33316565, -24.38615936], [-47.33319254, -24.38616813], [-47.33334591, -24.38626378], [-47.33350098, -24.38639251], [-47.33350344, -24.38639449], [-47.3335085, -24.38639816], [-47.3335138, -24.38640152], [-47.33351933, -24.38640455], [-47.33352507, -24.38640725], [-47.33353099, -24.38640959], [-47.33353706, -24.38641158], [-47.33354326, -24.3864132], [-47.33354957, -24.38641444], [-47.33355595, -24.38641531], [-47.33356238, -24.38641579], [-47.33356882, -24.38641588], [-47.33364765, -24.38641467], [-47.33365175, -24.38641452], [-47.33388806, -24.38640186], [-47.3338904, -24.3864017], [-47.33389681, -24.38640103], [-47.33390315, -24.38639997], [-47.33390941, -24.38639853], [-47.33391554, -24.38639672], [-47.33392154, -24.38639455], [-47.33392737, -24.38639202], [-47.33393094, -24.38639025], [-47.33401186, -24.38634819], [-47.33403809, -24.38635018], [-47.33406929, -24.38635256], [-47.33409607, -24.38636028], [-47.33416951, -24.38642532], [-47.33417429, -24.38642928], [-47.33417935, -24.38643295], [-47.33418465, -24.38643631], [-47.33419018, -24.38643935], [-47.33419592, -24.38644204], [-47.33420184, -24.38644439], [-47.33420791, -24.38644637], [-47.33421411, -24.38644799], [-47.33422042, -24.38644924], [-47.3342268, -24.3864501], [-47.33423322, -24.38645058], [-47.33423967, -24.38645068], [-47.33424611, -24.38645038], [-47.33425252, -24.3864497], [-47.33425886, -24.38644865], [-47.33426512, -24.38644721], [-47.33427126, -24.3864454], [-47.33427725, -24.38644323], [-47.33428308, -24.3864407], [-47.33428872, -24.38643783], [-47.33429405, -24.38643468], [-47.33430462, -24.38642798], [-47.33431131, -24.38645219], [-47.3343121, -24.38645487], [-47.33431407, -24.38646049], [-47.33431645, -24.38646598], [-47.33431921, -24.38647132], [-47.33432234, -24.38647648], [-47.33432584, -24.38648144], [-47.33432968, -24.38648619], [-47.33433386, -24.38649069], [-47.33433834, -24.38649493], [-47.33434312, -24.38649889], [-47.33434818, -24.38650256], [-47.33435348, -24.38650592], [-47.33435901, -24.38650896], [-47.33436475, -24.38651165], [-47.33437067, -24.386514], [-47.33437674, -24.38651599], [-47.33438294, -24.38651761], [-47.33438925, -24.38651885], [-47.33439563, -24.38651971], [-47.33440206, -24.38652019], [-47.33440596, -24.38652025], [-47.3344085, -24.38652029], [-47.33441494, -24.38652], [-47.33442135, -24.38651932], [-47.33442769, -24.38651826], [-47.33443384, -24.38651685], [-47.33451842, -24.38649479], [-47.33458097, -24.38647847], [-47.33458108, -24.38647844], [-47.33458722, -24.38647663], [-47.33459322, -24.38647446], [-47.33459905, -24.38647193], [-47.33460468, -24.38646906], [-47.3346101, -24.38646586], [-47.33461528, -24.38646234], [-47.33462019, -24.38645852], [-47.33462483, -24.38645441], [-47.33462915, -24.38645003], [-47.33463316, -24.3864454], [-47.33463683, -24.38644054], [-47.33464014, -24.38643548], [-47.33464225, -24.38643171], [-47.33464343, -24.38643236], [-47.33464917, -24.38643505], [-47.33465509, -24.3864374], [-47.33466116, -24.38643939], [-47.33466736, -24.38644101], [-47.33467367, -24.38644225], [-47.33468004, -24.38644311], [-47.33468647, -24.38644359], [-47.33469292, -24.38644369], [-47.33469936, -24.3864434], [-47.33470577, -24.38644272], [-47.33471211, -24.38644166], [-47.33471837, -24.38644022], [-47.3347245, -24.38643841], [-47.3347305, -24.38643624], [-47.33473633, -24.38643371], [-47.3347399, -24.38643194], [-47.33484729, -24.38637613], [-47.33484935, -24.38637502], [-47.33485477, -24.38637182], [-47.33485995, -24.3863683], [-47.334863, -24.38636598], [-47.33490234, -24.38633492], [-47.33505503, -24.38630449], [-47.33513451, -24.38631778], [-47.33513461, -24.38631779], [-47.33514099, -24.38631866], [-47.33514742, -24.38631914], [-47.33515387, -24.38631923], [-47.33516031, -24.38631894], [-47.33516671, -24.38631826], [-47.33517306, -24.3863172], [-47.33517931, -24.38631576], [-47.33518545, -24.38631395], [-47.33519145, -24.38631178], [-47.33519727, -24.38630925], [-47.33520291, -24.38630638], [-47.33520833, -24.38630318], [-47.3352135, -24.38629966], [-47.33521842, -24.38629584], [-47.33522305, -24.38629173], [-47.33522738, -24.38628735], [-47.33523139, -24.38628272], [-47.33523505, -24.38627786], [-47.33523837, -24.38627279], [-47.33524108, -24.38626799], [-47.33527105, -24.3862107], [-47.33527444, -24.3862096], [-47.33526579, -24.3862348], [-47.33526418, -24.38624001], [-47.33526282, -24.38624578], [-47.33526188, -24.38625162], [-47.33526136, -24.38625751], [-47.33526126, -24.38626341], [-47.33526157, -24.38626931], [-47.33526232, -24.38627518], [-47.33526347, -24.38628099], [-47.33526504, -24.38628672], [-47.33526684, -24.38629187], [-47.33527719, -24.3863188], [-47.33527737, -24.38631926], [-47.33527974, -24.38632475], [-47.3352825, -24.38633009], [-47.33528564, -24.38633525], [-47.33528913, -24.38634022], [-47.33529298, -24.38634496], [-47.33529715, -24.38634946], [-47.33530164, -24.3863537], [-47.33530642, -24.38635767], [-47.33531147, -24.38636134], [-47.33531678, -24.38636469], [-47.33532231, -24.38636773], [-47.33532805, -24.38637042], [-47.33533396, -24.38637277], [-47.33534004, -24.38637476], [-47.33534624, -24.38637638], [-47.33535254, -24.38637762], [-47.33535892, -24.38637849], [-47.33536535, -24.38637897], [-47.3353718, -24.38637906], [-47.33537824, -24.38637877], [-47.33538464, -24.38637809], [-47.33538993, -24.38637723], [-47.33553811, -24.38634941], [-47.3356669, -24.38634743], [-47.33567334, -24.38634713], [-47.33567974, -24.38634646], [-47.33568609, -24.3863454], [-47.33569074, -24.38634436], [-47.33584773, -24.38630584], [-47.33584933, -24.38630543], [-47.33585547, -24.38630362], [-47.33586146, -24.38630145], [-47.33586729, -24.38629892], [-47.33587293, -24.38629605], [-47.33587835, -24.38629285], [-47.33588352, -24.38628932], [-47.33588844, -24.3862855], [-47.33589307, -24.38628139], [-47.3359145, -24.38626109], [-47.33598404, -24.38628712], [-47.33598901, -24.38628898], [-47.33602367, -24.38630419], [-47.33623018, -24.38640809], [-47.33623554, -24.38641059], [-47.33624146, -24.38641293], [-47.33624753, -24.38641492], [-47.33624805, -24.38641507], [-47.33630407, -24.38643122], [-47.33643393, -24.38646865], [-47.33647291, -24.38650317], [-47.33653953, -24.38657895], [-47.3365433, -24.38658299], [-47.33654779, -24.38658723], [-47.33655257, -24.3865912], [-47.33655762, -24.38659486], [-47.33656293, -24.38659822], [-47.33656846, -24.38660126], [-47.3365742, -24.38660395], [-47.33658012, -24.3866063], [-47.33658619, -24.38660829], [-47.3365889, -24.38660904], [-47.33669077, -24.38663604], [-47.33669707, -24.38664242], [-47.3366789, -24.38665548], [-47.33627129, -24.3868396], [-47.33598813, -24.38693063], [-47.33508956, -24.38706436], [-47.33505436, -24.3870696], [-47.33472391, -24.38716226], [-47.33456922, -24.38727206], [-47.33456549, -24.38739127], [-47.33505292, -24.38758145], [-47.33535148, -24.38773752], [-47.33551715, -24.38784961], [-47.33570544, -24.38806605], [-47.33593468, -24.38841908], [-47.33603696, -24.38851409], [-47.33622589, -24.38860415], [-47.33635146, -24.38862568], [-47.33659559, -24.38860928], [-47.33703191, -24.38864587], [-47.33728746, -24.38882156], [-47.33734159, -24.38892454], [-47.33734542, -24.38918626], [-47.3369435, -24.38967991], [-47.33681039, -24.38989139], [-47.33666106, -24.39045336], [-47.33668661, -24.39055677], [-47.33676141, -24.39060437], [-47.33686768, -24.3905946], [-47.33715396, -24.39051165], [-47.33744939, -24.39039064], [-47.33771398, -24.39025386], [-47.33817241, -24.38988481], [-47.33841639, -24.38980702], [-47.33867614, -24.38978225], [-47.33891523, -24.38981285], [-47.33939237, -24.3899788], [-47.33969212, -24.39014568], [-47.33980189, -24.39016565], [-47.33999476, -24.39014822], [-47.34014473, -24.38999606], [-47.34020698, -24.38984435], [-47.3404742, -24.38936902], [-47.34082201, -24.38893486], [-47.34099442, -24.38877062], [-47.34117162, -24.38865234], [-47.34152393, -24.38846274], [-47.34172945, -24.38827632], [-47.3419611, -24.38811747], [-47.34236072, -24.38808872], [-47.34269665, -24.38813317], [-47.3429878, -24.38826136], [-47.34320102, -24.3884395], [-47.34329474, -24.38855089], [-47.34361651, -24.38884289], [-47.34371249, -24.38886307], [-47.34429004, -24.38870158], [-47.34498205, -24.38854734], [-47.34541577, -24.38828335], [-47.34554417, -24.38824436], [-47.34578838, -24.38823245], [-47.34592223, -24.38827551], [-47.34614312, -24.38844179], [-47.34637283, -24.38871174], [-47.34663248, -24.38894874], [-47.34670266, -24.3890659], [-47.34673423, -24.38922789], [-47.34673022, -24.38943738], [-47.34664347, -24.38964995], [-47.34650957, -24.38987138], [-47.34646822, -24.38998034], [-47.34646643, -24.39015007], [-47.34657939, -24.39023588], [-47.34665558, -24.39025185], [-47.34684566, -24.39035091], [-47.34725397, -24.39068489], [-47.34754092, -24.39079869], [-47.34775857, -24.390789], [-47.34794819, -24.39075627], [-47.3487118, -24.39052959], [-47.34883462, -24.39050873], [-47.34929307, -24.39051606], [-47.34977736, -24.39058798], [-47.35053528, -24.39053289], [-47.35084075, -24.39058231], [-47.35111351, -24.39072791], [-47.35127076, -24.39086358], [-47.3517289, -24.39138634], [-47.35175575, -24.39155834], [-47.35172089, -24.39169879], [-47.35092729, -24.39232855], [-47.35077205, -24.39240859], [-47.35049891, -24.39250852], [-47.3502942, -24.39263175], [-47.35010201, -24.3927918], [-47.34978432, -24.39320113], [-47.34926149, -24.39360372], [-47.34892776, -24.39378582], [-47.34876061, -24.39391479], [-47.3487149, -24.39400125], [-47.34872183, -24.39405621], [-47.34882792, -24.39419628], [-47.34887867, -24.39432909], [-47.34884732, -24.39455254], [-47.34893505, -24.3946595], [-47.34949147, -24.39479349], [-47.34985969, -24.39482388], [-47.35025753, -24.39480417], [-47.35096957, -24.39471909], [-47.35157685, -24.39472501], [-47.35223814, -24.39477341], [-47.35242123, -24.39476063], [-47.35297027, -24.39466135], [-47.35299941, -24.39465608], [-47.35311478, -24.39463522], [-47.35332953, -24.39457501], [-47.35379365, -24.39451544], [-47.35417763, -24.39454557], [-47.35429376, -24.3945889], [-47.354438, -24.39471303], [-47.35444101, -24.39487547], [-47.35417435, -24.39516577], [-47.35395238, -24.39531455], [-47.35326634, -24.39568629], [-47.3530335, -24.39583343], [-47.35270637, -24.39610571], [-47.3524444, -24.39638329], [-47.35202899, -24.3966786], [-47.35183862, -24.39677815], [-47.35111757, -24.39706918], [-47.35101517, -24.39712854], [-47.35071142, -24.39738601], [-47.35067703, -24.39744522], [-47.35067859, -24.39752914], [-47.35074999, -24.39760566], [-47.35117861, -24.39775698], [-47.35161409, -24.39801289], [-47.35205639, -24.39821093], [-47.35264824, -24.39855377], [-47.35285396, -24.39869771], [-47.35302442, -24.39885394], [-47.35324632, -24.39917906], [-47.35358882, -24.39957633], [-47.35409458, -24.40000717], [-47.35414035, -24.40013644], [-47.35417002, -24.40035443], [-47.35423483, -24.4004473], [-47.3547597, -24.40068557], [-47.35498106, -24.40082204], [-47.35519203, -24.4010363], [-47.35542558, -24.40135131], [-47.35564402, -24.40154289], [-47.35596638, -24.40170396], [-47.3561872, -24.4017583], [-47.35646411, -24.4018605], [-47.35674477, -24.40211159], [-47.35677126, -24.40231699], [-47.35671796, -24.40252543], [-47.35664233, -24.40264667], [-47.35641818, -24.40283792], [-47.35623393, -24.4029482], [-47.35597562, -24.40305152], [-47.35548215, -24.40312509], [-47.35498158, -24.4032412], [-47.35442033, -24.40348644], [-47.35403269, -24.40363238], [-47.35397637, -24.40373165], [-47.35396115, -24.4039738], [-47.35391731, -24.40416134], [-47.35347741, -24.40483797], [-47.35333303, -24.40529155], [-47.35314937, -24.40548758], [-47.35263105, -24.40586935], [-47.35248426, -24.4059276], [-47.35158912, -24.40613558], [-47.35117942, -24.40631526], [-47.35115318, -24.40638879], [-47.35115908, -24.40644105], [-47.35145456, -24.40674698], [-47.35144868, -24.4068554], [-47.35137451, -24.4071084], [-47.35124254, -24.40722148], [-47.35108384, -24.40727539], [-47.3505973, -24.4072983], [-47.35025321, -24.40734787], [-47.35001509, -24.40742469], [-47.34963381, -24.40748928], [-47.34951151, -24.40753902], [-47.34943276, -24.40759802], [-47.3494159, -24.40775264], [-47.34949682, -24.40791657], [-47.34951551, -24.40802099], [-47.34941596, -24.40828792], [-47.34941629, -24.40835923], [-47.34944485, -24.40841114], [-47.34968057, -24.40852393], [-47.35011457, -24.40859121], [-47.35039797, -24.40856424], [-47.35084575, -24.40847063], [-47.35144452, -24.40843966], [-47.35157193, -24.40845303], [-47.35180573, -24.40851529], [-47.35204209, -24.40861001], [-47.35226352, -24.40880245], [-47.35254124, -24.40926662], [-47.35265623, -24.40956723], [-47.35268445, -24.40991974], [-47.352639, -24.41033929], [-47.35252126, -24.41090078], [-47.35252228, -24.41090676], [-47.35254116, -24.41101691], [-47.35263416, -24.41108858], [-47.35337256, -24.41125042], [-47.35363502, -24.41121023], [-47.35429423, -24.41092917], [-47.35454895, -24.41089722], [-47.35467253, -24.41091606], [-47.35481347, -24.41096803], [-47.35498349, -24.41120549], [-47.35507749, -24.41159579], [-47.35514381, -24.41219504], [-47.3551741, -24.41281742], [-47.35521831, -24.41302164], [-47.35530831, -24.4131439], [-47.35546312, -24.413146], [-47.35564312, -24.41307099], [-47.35588943, -24.41301028], [-47.35632096, -24.41294399], [-47.35682211, -24.41280439], [-47.35723941, -24.4127681], [-47.35756013, -24.41278567], [-47.35778668, -24.41277582], [-47.35801167, -24.41273531], [-47.35838238, -24.41263204], [-47.35860448, -24.41248867], [-47.35889917, -24.41222049], [-47.35911703, -24.41190206], [-47.35926818, -24.41154856], [-47.3593838, -24.41135178], [-47.3595992, -24.41111373], [-47.3599183, -24.41088579], [-47.36032941, -24.41072863], [-47.36083966, -24.41060242], [-47.36140817, -24.41032185], [-47.3616695, -24.41027444], [-47.3618908, -24.41030077], [-47.36197654, -24.41034754], [-47.36199537, -24.41035782], [-47.36206956, -24.41047762], [-47.36208954, -24.41059736], [-47.36208436, -24.41079603], [-47.36196465, -24.41114362], [-47.36177081, -24.41148064], [-47.36171092, -24.41170543], [-47.36171346, -24.4118417], [-47.36174465, -24.41187551], [-47.36175537, -24.41197464], [-47.36184565, -24.4121646], [-47.36187456, -24.41239343], [-47.36182965, -24.41262882], [-47.36171513, -24.41293752], [-47.36137869, -24.41350514], [-47.36130181, -24.41371756], [-47.36126754, -24.41404757], [-47.3612786, -24.41427126], [-47.36123628, -24.41448676], [-47.36112271, -24.41468802], [-47.36098698, -24.41486345], [-47.36071067, -24.41511329], [-47.36056933, -24.41530506], [-47.36056733, -24.4154098], [-47.36065179, -24.41549875], [-47.36115594, -24.41551977], [-47.36133205, -24.41555403], [-47.36152717, -24.41555008], [-47.36170199, -24.41551486], [-47.36209304, -24.41533905], [-47.36276935, -24.4147589], [-47.36314035, -24.41451209], [-47.3636746, -24.41424468], [-47.36419366, -24.41390258], [-47.36487143, -24.41366632], [-47.3650268, -24.41359258], [-47.36522447, -24.41346131], [-47.36555242, -24.41317997], [-47.3660731, -24.41287214], [-47.36623915, -24.41273685], [-47.36637643, -24.41259208], [-47.36682622, -24.41191978], [-47.36698972, -24.41180619], [-47.3672781, -24.41178182], [-47.36756886, -24.41193795], [-47.36763706, -24.41205333], [-47.36775529, -24.41252538], [-47.3679163, -24.41296517], [-47.36795295, -24.41313339], [-47.36798162, -24.4134543], [-47.36796363, -24.41375788], [-47.36798333, -24.41391553], [-47.3680519, -24.41405076], [-47.3682889, -24.41433681], [-47.36861403, -24.41459079], [-47.36886369, -24.41492087], [-47.36888356, -24.41519316], [-47.36886252, -24.41533341], [-47.36874348, -24.41550497], [-47.36860165, -24.41561732], [-47.36821411, -24.41576962], [-47.36771352, -24.41604464], [-47.36739628, -24.41616064], [-47.36704132, -24.41620952], [-47.36636856, -24.41608103], [-47.36584669, -24.41606121], [-47.36567469, -24.41603592], [-47.3655049, -24.41597087], [-47.3651872, -24.41590362], [-47.3644349, -24.41600294], [-47.36442633, -24.41612494], [-47.36464895, -24.41653849], [-47.36500048, -24.41704572], [-47.36504841, -24.41744846], [-47.36503169, -24.41766175], [-47.36482822, -24.41811717], [-47.36436723, -24.41856037], [-47.36417981, -24.41887201], [-47.36405912, -24.41900839], [-47.36386594, -24.41916938], [-47.3635598, -24.41929964], [-47.36336864, -24.41935769], [-47.36319526, -24.41947052], [-47.3631194, -24.41963148], [-47.3631133, -24.41978051], [-47.36305094, -24.41992592], [-47.36301205, -24.42000776], [-47.36266469, -24.42035982], [-47.36219751, -24.42063069], [-47.36175739, -24.42108439], [-47.36154494, -24.42121679], [-47.36123383, -24.4212397], [-47.36106709, -24.42123237], [-47.3608914, -24.42116831], [-47.36047657, -24.42086246], [-47.36036119, -24.42080739], [-47.36024771, -24.42080194], [-47.36004295, -24.42097665], [-47.35978574, -24.42114133], [-47.35904702, -24.42144261], [-47.35900404, -24.42146302], [-47.35869717, -24.42160875], [-47.3579602, -24.42198561], [-47.35865612, -24.42264043], [-47.35938228, -24.42335434], [-47.35954667, -24.4237473], [-47.35958267, -24.42383335], [-47.35971386, -24.42414693], [-47.36008504, -24.4249389], [-47.36113134, -24.42582911], [-47.36172862, -24.42600109], [-47.36240103, -24.42595433], [-47.36323115, -24.42586884], [-47.3642176, -24.42567211], [-47.36500474, -24.42540598], [-47.36551877, -24.42536167], [-47.36595836, -24.42557237], [-47.36644362, -24.4261087], [-47.36700605, -24.42653504], [-47.36748659, -24.42681761], [-47.36840402, -24.42716586], [-47.36896917, -24.4277372], [-47.36957459, -24.42834416], [-47.37045312, -24.42872927], [-47.37098004, -24.42937372], [-47.37126873, -24.42998564], [-47.37135945, -24.43060066], [-47.37180449, -24.43110134], [-47.37252262, -24.43138017], [-47.37308102, -24.43158898], [-47.37392813, -24.4324097], [-47.37403385, -24.43252863], [-47.37405473, -24.43255212], [-47.37437319, -24.43291037]]]]}}]}