{"type": "FeatureCollection", "features": [{"type": "Feature", "properties": {"name": "Área de Proteção Ambiental Jundiaí"}, "geometry": {"type": "MultiPolygon", "coordinates": [[[[-46.95861661, -23.32733679], [-46.95885272, -23.3273047], [-46.95912509, -23.32717902], [-46.9593146, -23.32702725], [-46.95950427, -23.3267734], [-46.9596388, -23.32655155], [-46.95975298, -23.32631234], [-46.95981286, -23.32611778], [-46.95987835, -23.32585914], [-46.95996631, -23.32507585], [-46.96008496, -23.32469847], [-46.96014467, -23.32443165], [-46.96017641, -23.32412932], [-46.96021188, -23.32314048], [-46.96024473, -23.32282551], [-46.96032714, -23.32253993], [-46.96043056, -23.32230062], [-46.96059491, -23.32212331], [-46.9608369, -23.32200185], [-46.96108979, -23.32195547], [-46.96187487, -23.3219033], [-46.96231557, -23.32176836], [-46.96259199, -23.32162916], [-46.96299177, -23.32147938], [-46.96328496, -23.32141531], [-46.96358182, -23.32137296], [-46.96437725, -23.32126938], [-46.96477864, -23.32115032], [-46.96498569, -23.32109176], [-46.96554814, -23.32073935], [-46.96580263, -23.32063607], [-46.96589573, -23.32062069], [-46.96599932, -23.3206289], [-46.96669862, -23.32072585], [-46.96717139, -23.3206969], [-46.96745296, -23.32062187], [-46.96764178, -23.32053061], [-46.96789774, -23.32029454], [-46.96800835, -23.3201113], [-46.96834619, -23.31937103], [-46.96854078, -23.31902417], [-46.96871341, -23.31880447], [-46.96878501, -23.31869855], [-46.96896144, -23.31831268], [-46.96912451, -23.31807302], [-46.96947124, -23.31767791], [-46.96963199, -23.31747075], [-46.96971966, -23.31732704], [-46.9697894, -23.31712444], [-46.96980079, -23.31689058], [-46.96978862, -23.31657609], [-46.9697235, -23.31636138], [-46.96960398, -23.31611363], [-46.96946226, -23.3159271], [-46.96889543, -23.31544116], [-46.96870572, -23.31517197], [-46.96861463, -23.3150067], [-46.96852683, -23.31480894], [-46.96842522, -23.31453335], [-46.96838322, -23.31435138], [-46.96837027, -23.31419588], [-46.96833534, -23.31355235], [-46.96827691, -23.31299984], [-46.96822945, -23.31278078], [-46.9681223, -23.31256477], [-46.96787064, -23.31214865], [-46.96778926, -23.31190216], [-46.96764446, -23.31102272], [-46.96745728, -23.31052591], [-46.96715805, -23.31007862], [-46.9669612, -23.30983737], [-46.96687195, -23.30968295], [-46.96687127, -23.30956731], [-46.96694632, -23.30941535], [-46.96703845, -23.30930963], [-46.96786419, -23.30884769], [-46.96823735, -23.30862537], [-46.96840409, -23.30849506], [-46.96855086, -23.30831306], [-46.96863313, -23.30812594], [-46.96871116, -23.30788096], [-46.96873445, -23.30745569], [-46.96871323, -23.30725223], [-46.96861268, -23.30705887], [-46.96849256, -23.30695384], [-46.96788999, -23.30669611], [-46.96766478, -23.30654221], [-46.96749859, -23.30635816], [-46.96737235, -23.30618804], [-46.96730747, -23.30595255], [-46.96731964, -23.30573766], [-46.9673568, -23.30556186], [-46.96757925, -23.30508156], [-46.96810127, -23.30431141], [-46.96828632, -23.3040286], [-46.96840016, -23.30390501], [-46.96853919, -23.30380334], [-46.9692087, -23.30340315], [-46.97004478, -23.30288618], [-46.97067177, -23.30252714], [-46.97168285, -23.30183837], [-46.97195848, -23.3015004], [-46.97196674, -23.30128458], [-46.97179925, -23.30095236], [-46.97136641, -23.30064836], [-46.97089163, -23.30033403], [-46.97043668, -23.29999549], [-46.97016788, -23.29980505], [-46.96963768, -23.29946128], [-46.96941894, -23.29934268], [-46.96900561, -23.29913281], [-46.96859994, -23.29893746], [-46.96826188, -23.29881863], [-46.9676096, -23.29854868], [-46.96741452, -23.29841314], [-46.96724269, -23.29821006], [-46.96718934, -23.29799365], [-46.96715137, -23.29780178], [-46.96714868, -23.29760301], [-46.96714197, -23.29741414], [-46.9670419, -23.29664894], [-46.96698003, -23.29640716], [-46.96693903, -23.29622429], [-46.96684519, -23.29604363], [-46.96664994, -23.29583582], [-46.96641555, -23.29571797], [-46.96601381, -23.29561028], [-46.96578798, -23.29542566], [-46.96554363, -23.29514782], [-46.96547959, -23.29501441], [-46.96544726, -23.29484337], [-46.96540676, -23.29452681], [-46.96548484, -23.29427641], [-46.96558977, -23.29407505], [-46.96569453, -23.29397667], [-46.96592014, -23.29382704], [-46.9660656, -23.29367484], [-46.96616394, -23.29353756], [-46.96619259, -23.2934231], [-46.96623135, -23.2931913], [-46.96634443, -23.29225376], [-46.96662355, -23.29115971], [-46.9666664, -23.29082316], [-46.96666207, -23.29050874], [-46.96653284, -23.29008023], [-46.96640563, -23.28991009], [-46.96562367, -23.28908062], [-46.96541263, -23.28879857], [-46.96516728, -23.2884358], [-46.96492353, -23.28792941], [-46.96451657, -23.28706103], [-46.96433784, -23.28686421], [-46.96419549, -23.28673729], [-46.96353653, -23.28628297], [-46.96346782, -23.28621727], [-46.96338042, -23.28607461], [-46.96315804, -23.2856696], [-46.96304543, -23.2854192], [-46.96297108, -23.28506979], [-46.96296817, -23.2848918], [-46.96298079, -23.28419632], [-46.96299386, -23.28398776], [-46.9630377, -23.28373885], [-46.96342067, -23.28262862], [-46.96403152, -23.28151422], [-46.96453263, -23.28077098], [-46.96632905, -23.2786515], [-46.96711408, -23.27796424], [-46.96737825, -23.27759816], [-46.96745463, -23.27732335], [-46.96745224, -23.27718601], [-46.96743048, -23.27703223], [-46.96727217, -23.27675792], [-46.96710645, -23.27653502], [-46.96582969, -23.27518413], [-46.96564112, -23.27499354], [-46.96537057, -23.27478952], [-46.96498337, -23.27452207], [-46.96465187, -23.27434729], [-46.96450694, -23.27427816], [-46.96435889, -23.27422526], [-46.9632397, -23.27392196], [-46.96291101, -23.27375804], [-46.96273198, -23.27367775], [-46.96254442, -23.27357298], [-46.96244253, -23.27350245], [-46.96237977, -23.27343139], [-46.96234376, -23.27332807], [-46.96229134, -23.27267804], [-46.96219333, -23.27199416], [-46.96215421, -23.27181943], [-46.96208927, -23.27159207], [-46.96194133, -23.27126635], [-46.96176987, -23.27103346], [-46.96155048, -23.27080192], [-46.96126319, -23.27060857], [-46.96115388, -23.27050274], [-46.96116272, -23.27041068], [-46.96120489, -23.27031171], [-46.96139616, -23.27017079], [-46.96177018, -23.27012647], [-46.96231577, -23.27012894], [-46.96346738, -23.27032776], [-46.96426715, -23.27042297], [-46.9652105, -23.27044546], [-46.96586415, -23.27040287], [-46.96715391, -23.27004831], [-46.96977567, -23.26914261], [-46.97082939, -23.26864395], [-46.97108277, -23.26845483], [-46.97128863, -23.26823092], [-46.9713787, -23.26804387], [-46.97143159, -23.26785918], [-46.97142294, -23.26766848], [-46.97137815, -23.26747474], [-46.97128244, -23.26728683], [-46.97108882, -23.26702303], [-46.97096707, -23.26680416], [-46.97088748, -23.26657395], [-46.97082427, -23.26636558], [-46.97078003, -23.26612215], [-46.97074649, -23.26552922], [-46.97079572, -23.26496778], [-46.97110777, -23.26380536], [-46.97117813, -23.26345551], [-46.97116854, -23.26317266], [-46.97105057, -23.26287705], [-46.97084522, -23.26261313], [-46.97024537, -23.26203834], [-46.96975966, -23.2614872], [-46.96967626, -23.26133645], [-46.96966658, -23.26115117], [-46.96976606, -23.26082057], [-46.96987343, -23.26065988], [-46.97000965, -23.26054282], [-46.97033007, -23.26039137], [-46.97068441, -23.26026733], [-46.97112488, -23.26022361], [-46.97311878, -23.26019815], [-46.9742009, -23.26013156], [-46.97528084, -23.25990775], [-46.97602191, -23.25973495], [-46.97666124, -23.25965695], [-46.97710285, -23.25968639], [-46.97741768, -23.25977517], [-46.97790234, -23.25998028], [-46.97882122, -23.26044241], [-46.97928126, -23.26075297], [-46.97996994, -23.26116596], [-46.98037385, -23.2614236], [-46.98070018, -23.26153506], [-46.98091348, -23.2615208], [-46.98116446, -23.26145992], [-46.98141425, -23.26132856], [-46.98157517, -23.26118733], [-46.98171519, -23.26108024], [-46.98358424, -23.26075988], [-46.98444984, -23.26064421], [-46.98619934, -23.26025766], [-46.98713081, -23.26019771], [-46.98736908, -23.26013579], [-46.98801951, -23.25975702], [-46.98891807, -23.25939683], [-46.98920128, -23.25933804], [-46.98943099, -23.25934379], [-46.98971006, -23.25939518], [-46.99028335, -23.25963269], [-46.99080556, -23.25971344], [-46.9910334, -23.25980048], [-46.99125271, -23.26004192], [-46.99144356, -23.2604728], [-46.99193168, -23.26090103], [-46.99307543, -23.26118991], [-46.99357025, -23.26136164], [-46.99405303, -23.26156216], [-46.99464261, -23.26201211], [-46.99533487, -23.26236995], [-46.99643814, -23.26332694], [-46.99684731, -23.2636433], [-46.99742155, -23.26397656], [-46.9977749, -23.26412257], [-46.99823663, -23.26410155], [-46.99882902, -23.2639345], [-46.99909489, -23.26394148], [-46.99943397, -23.26405122], [-46.9996625, -23.26425569], [-46.99990572, -23.26472951], [-47.00012837, -23.26484539], [-47.00035049, -23.26483029], [-47.00042863, -23.26483733], [-47.00051817, -23.2648761], [-47.00062306, -23.26494121], [-47.00068504, -23.26499689], [-47.00147521, -23.26588681], [-47.00254313, -23.26695363], [-47.00330645, -23.2675271], [-47.00363324, -23.26768821], [-47.00406324, -23.26770935], [-47.00430709, -23.26767456], [-47.004504, -23.26754991], [-47.00475243, -23.26727215], [-47.00504306, -23.26734078], [-47.0055872, -23.26765837], [-47.00600052, -23.26786544], [-47.00634776, -23.26794453], [-47.00690541, -23.26791624], [-47.00748558, -23.26779421], [-47.00863158, -23.26715704], [-47.00899612, -23.26708271], [-47.00967699, -23.26705283], [-47.00983513, -23.26698563], [-47.01031549, -23.26668922], [-47.0104342, -23.26665237], [-47.01093734, -23.26660009], [-47.01111992, -23.26653401], [-47.01163315, -23.26599941], [-47.01250641, -23.26526214], [-47.01284626, -23.26493734], [-47.01337421, -23.26421406], [-47.0139717, -23.26320595], [-47.01412908, -23.26284604], [-47.01429832, -23.26229201], [-47.01441145, -23.2617727], [-47.0145122, -23.2608585], [-47.01449996, -23.260086], [-47.01439487, -23.25931084], [-47.01438789, -23.2590506], [-47.01444246, -23.2587033], [-47.01456188, -23.25832678], [-47.01478061, -23.25780664], [-47.0150843, -23.2572954], [-47.01537444, -23.25695387], [-47.01549545, -23.25670203], [-47.01553771, -23.25649915], [-47.01548383, -23.25605329], [-47.01550673, -23.25583308], [-47.0158638, -23.25490225], [-47.01595769, -23.25435295], [-47.01590354, -23.25356742], [-47.01594479, -23.25327691], [-47.01601573, -23.25313482], [-47.01620531, -23.25287006], [-47.01714896, -23.25212347], [-47.01728483, -23.25194404], [-47.01729879, -23.25182763], [-47.0170889, -23.25079495], [-47.01711639, -23.25060188], [-47.01711882, -23.25037515], [-47.01716998, -23.25016333], [-47.01719424, -23.24999733], [-47.01735657, -23.24962933], [-47.01745561, -23.24951008], [-47.0175707, -23.24944519], [-47.01779991, -23.24940392], [-47.01808025, -23.24942727], [-47.01857968, -23.24935053], [-47.01923297, -23.24914873], [-47.01974356, -23.248942], [-47.02021617, -23.24881352], [-47.02047038, -23.24881133], [-47.02125146, -23.2489097], [-47.02161303, -23.24892474], [-47.02183827, -23.24888976], [-47.02256867, -23.24860644], [-47.02277502, -23.24795969], [-47.02307923, -23.24767067], [-47.02350838, -23.24767368], [-47.02428057, -23.24778009], [-47.02500142, -23.24775052], [-47.0255245, -23.247655], [-47.02643627, -23.24723148], [-47.02655349, -23.24714944], [-47.02695763, -23.24573661], [-47.02715699, -23.24519368], [-47.02723038, -23.24399375], [-47.02738798, -23.24323995], [-47.02744744, -23.2425214], [-47.02752685, -23.2422249], [-47.02778718, -23.24155515], [-47.0278737, -23.24105004], [-47.02807769, -23.24080527], [-47.02816074, -23.24025857], [-47.02823394, -23.23925919], [-47.02824343, -23.23873441], [-47.02820207, -23.23811973], [-47.02826362, -23.23747979], [-47.0282326, -23.23690405], [-47.02817986, -23.23662352], [-47.02819923, -23.23627318], [-47.02891999, -23.23596987], [-47.02968016, -23.235638], [-47.03057397, -23.23524049], [-47.03120315, -23.23499867], [-47.03172198, -23.23483896], [-47.03204603, -23.23479401], [-47.03236772, -23.23478699], [-47.03247878, -23.23482233], [-47.03266167, -23.2349071], [-47.03282174, -23.23502237], [-47.03322115, -23.23533766], [-47.03384604, -23.23586999], [-47.03445969, -23.236264], [-47.03503218, -23.23648328], [-47.03545949, -23.23656484], [-47.03589411, -23.23660219], [-47.03634491, -23.2365891], [-47.03680434, -23.23668449], [-47.03732885, -23.23691146], [-47.03756917, -23.23711238], [-47.03781663, -23.23737659], [-47.03813161, -23.23763509], [-47.03844854, -23.23780237], [-47.03905041, -23.23792524], [-47.04037907, -23.23809802], [-47.04069554, -23.23812346], [-47.04096323, -23.23804637], [-47.04147909, -23.23770411], [-47.04198065, -23.23742045], [-47.04247989, -23.23707804], [-47.04282625, -23.23695649], [-47.04329976, -23.23692191], [-47.04353785, -23.23696379], [-47.04370718, -23.23703668], [-47.04401786, -23.23724003], [-47.04449072, -23.23763906], [-47.04475315, -23.23796935], [-47.04483575, -23.23820226], [-47.0448706, -23.23842029], [-47.04484376, -23.23874165], [-47.04482249, -23.23936931], [-47.04485942, -23.23976262], [-47.04489819, -23.24025892], [-47.04496768, -23.24062271], [-47.04524167, -23.24096936], [-47.04559284, -23.24122817], [-47.04606912, -23.24139686], [-47.04665551, -23.24150601], [-47.04765107, -23.24156553], [-47.04834773, -23.24160068], [-47.04882059, -23.24153626], [-47.04933682, -23.2412518], [-47.05000734, -23.24070313], [-47.05048936, -23.24023046], [-47.05103184, -23.23949273], [-47.05121164, -23.23910479], [-47.05134824, -23.23843632], [-47.05154534, -23.23784414], [-47.052262, -23.23691651], [-47.05260989, -23.23640904], [-47.05301284, -23.23579701], [-47.05328623, -23.23527426], [-47.05348439, -23.23475159], [-47.0536624, -23.23412535], [-47.05379594, -23.23308345], [-47.05361836, -23.23124833], [-47.05348959, -23.23017554], [-47.0534361, -23.22917039], [-47.05334067, -23.22778566], [-47.05343443, -23.22657092], [-47.05364636, -23.22573566], [-47.054155, -23.22468975], [-47.05459529, -23.22409439], [-47.05507528, -23.22360325], [-47.05547952, -23.22307788], [-47.05562206, -23.22262546], [-47.05557645, -23.22207076], [-47.05519182, -23.22145188], [-47.05481083, -23.2210063], [-47.05457769, -23.22045496], [-47.05419042, -23.21966275], [-47.05373475, -23.21925246], [-47.05331727, -23.21891119], [-47.05282722, -23.21874423], [-47.0525263, -23.21867863], [-47.05177714, -23.21868842], [-47.05106775, -23.21887104], [-47.05028421, -23.21912414], [-47.04975969, -23.21913098], [-47.04901001, -23.21910645], [-47.04859253, -23.21876517], [-47.04824921, -23.2183534], [-47.04816765, -23.21793821], [-47.04811944, -23.21721109], [-47.04810411, -23.21620634], [-47.04778892, -23.21520459], [-47.04762847, -23.21454845], [-47.04768782, -23.21350751], [-47.04751567, -23.21201903], [-47.04738697, -23.21094623], [-47.04721965, -23.20983872], [-47.04732246, -23.20921346], [-47.04757674, -23.20865576], [-47.04805467, -23.20809514], [-47.04890543, -23.20732109], [-47.04964288, -23.20654851], [-47.04996979, -23.20588602], [-47.05037083, -23.20515303], [-47.05047467, -23.20459638], [-47.05027544, -23.20376739], [-47.04977859, -23.20314995], [-47.04916995, -23.20256828], [-47.04848869, -23.20209228], [-47.04739485, -23.20165597], [-47.04634014, -23.20128776], [-47.04502117, -23.20082005], [-47.04400616, -23.20055604], [-47.04298912, -23.20022253], [-47.04272324, -23.20001741], [-47.04260672, -23.19974173], [-47.04267771, -23.19946361], [-47.04304648, -23.1991121], [-47.04356292, -23.19851578], [-47.04385281, -23.1979233], [-47.04391535, -23.19708999], [-47.04378882, -23.19615621], [-47.04366123, -23.19515201], [-47.04334878, -23.19432448], [-47.04299185, -23.19301174], [-47.04161795, -23.19136549], [-47.04061811, -23.18971437], [-47.03970551, -23.18879077], [-47.03894546, -23.18807196], [-47.03784862, -23.18742794], [-47.03690215, -23.18678105], [-47.03614109, -23.18599362], [-47.03545217, -23.1850671], [-47.0352176, -23.18441099], [-47.03490838, -23.18379107], [-47.03429991, -23.18321023], [-47.03391646, -23.18259036], [-47.03372479, -23.18231563], [-47.03345104, -23.18152188], [-47.03340406, -23.18093378], [-47.03358053, -23.18020284], [-47.03401137, -23.17898464], [-47.03433036, -23.17773266], [-47.03450376, -23.17686361], [-47.03437836, -23.17599842], [-47.03406916, -23.17537849], [-47.03357818, -23.17507242], [-47.03297499, -23.17483823], [-47.03199729, -23.17457275], [-47.03113145, -23.17434194], [-47.03052774, -23.17407252], [-47.03018564, -23.17373021], [-47.02995478, -23.17331694], [-47.02975842, -23.17272985], [-47.02963254, -23.17183035], [-47.02962313, -23.17120655], [-47.03002577, -23.17057743], [-47.03198306, -23.16871471], [-47.03276112, -23.16811505], [-47.03342383, -23.16737873], [-47.03397209, -23.16643622], [-47.0342906, -23.16521856], [-47.03424408, -23.16459524], [-47.03438403, -23.1639695], [-47.03496884, -23.1629913], [-47.03559126, -23.16204691], [-47.03595412, -23.16124494], [-47.03635408, -23.16044248], [-47.03645692, -23.15981722], [-47.03633835, -23.1594025], [-47.03572894, -23.15875214], [-47.0351603, -23.15834324], [-47.03473992, -23.15779427], [-47.03442599, -23.15679337], [-47.03448112, -23.15639592], [-47.03447965, -23.15595359], [-47.034333, -23.15561534], [-47.03387449, -23.15499733], [-47.03300301, -23.15438466], [-47.03221082, -23.15397863], [-47.03145268, -23.15343401], [-47.03110855, -23.15295357], [-47.03007885, -23.1517533], [-47.02931333, -23.15065346], [-47.02873685, -23.14965592], [-47.02850761, -23.14934645], [-47.02790246, -23.1489732], [-47.02684719, -23.14853622], [-47.02575489, -23.14816833], [-47.02428871, -23.14780613], [-47.02271535, -23.14747887], [-47.02266371, -23.14743926], [-47.02260101, -23.1473637], [-47.02247774, -23.14719725], [-47.02219769, -23.1467999], [-47.02163649, -23.14620123], [-47.02125183, -23.14581196], [-47.02089425, -23.14535608], [-47.02051885, -23.14455855], [-47.02030474, -23.14393324], [-47.02026342, -23.14332125], [-47.02025753, -23.14186127], [-47.02019835, -23.14100068], [-47.02008121, -23.14053525], [-47.01978817, -23.1399842], [-47.01908194, -23.13924868], [-47.01812395, -23.13848737], [-47.01680284, -23.13770104], [-47.01616653, -23.13746122], [-47.01592318, -23.1373804], [-47.01577225, -23.13733474], [-47.01547453, -23.1372227], [-47.01524915, -23.1371059], [-47.01514045, -23.13703986], [-47.01503587, -23.13695397], [-47.01495994, -23.13683764], [-47.01472184, -23.13608562], [-47.01454107, -23.13563496], [-47.01443877, -23.13515521], [-47.01441278, -23.134846], [-47.01443089, -23.13461489], [-47.01454211, -23.13371701], [-47.01445336, -23.13306664], [-47.01419442, -23.13234605], [-47.01398382, -23.13203605], [-47.01366076, -23.13164642], [-47.0133317, -23.13136153], [-47.01313248, -23.13126574], [-47.01262219, -23.13121046], [-47.01177751, -23.13127587], [-47.01104331, -23.1314218], [-47.0106752, -23.13140757], [-47.0101362, -23.13129691], [-47.00964522, -23.13117224], [-47.00930072, -23.13105252], [-47.00909059, -23.13097199], [-47.00888375, -23.13085806], [-47.00879951, -23.13078953], [-47.00873195, -23.13071302], [-47.00862629, -23.13054672], [-47.00855248, -23.1303256], [-47.00849732, -23.13009653], [-47.00848654, -23.12946494], [-47.00855613, -23.12880789], [-47.0085041, -23.12855988], [-47.00829404, -23.12829233], [-47.0079762, -23.12805542], [-47.00756401, -23.12787184], [-47.00711979, -23.12776023], [-47.00653624, -23.12779731], [-47.00594555, -23.12786233], [-47.0053319, -23.1279723], [-47.00478059, -23.12800876], [-47.0042908, -23.12795636], [-47.0041532, -23.12794424], [-47.00402362, -23.12791323], [-47.00387572, -23.12786037], [-47.00371282, -23.12774865], [-47.00359773, -23.12764279], [-47.00351136, -23.12750015], [-47.00346687, -23.12736874], [-47.00343253, -23.12720129], [-47.00341813, -23.12699789], [-47.00346137, -23.12679321], [-47.00365932, -23.12619156], [-47.00382637, -23.12573778], [-47.00394506, -23.12524019], [-47.00398575, -23.12472832], [-47.00405688, -23.12420228], [-47.00414483, -23.1240179], [-47.00434895, -23.12365841], [-47.00475075, -23.12308394], [-47.00520177, -23.12265446], [-47.00562285, -23.12228433], [-47.00599505, -23.12182702], [-47.00624208, -23.12147335], [-47.00636292, -23.12113659], [-47.0064204, -23.12069806], [-47.00634889, -23.12017431], [-47.00611961, -23.11960665], [-47.00577928, -23.11901267], [-47.00531227, -23.11839132], [-47.004689, -23.11785887], [-47.00410032, -23.11756072], [-47.00327491, -23.11720527], [-47.00270908, -23.11723846], [-47.00215228, -23.11734316], [-47.00167163, -23.11738123], [-47.00135754, -23.11735268], [-47.00081503, -23.11720991], [-47.00036293, -23.11706238], [-47.00011071, -23.11699576], [-46.99994414, -23.11692437], [-46.99932548, -23.11692913], [-46.99901615, -23.1169672], [-46.99873062, -23.11701955], [-46.99815843, -23.11683398], [-46.99772173, -23.11681492], [-46.9973886, -23.11686251], [-46.99717012, -23.11676786], [-46.99694529, -23.11684884], [-46.99677635, -23.11691308], [-46.99667641, -23.11698209], [-46.99654317, -23.11702254], [-46.99640278, -23.11707013], [-46.99624097, -23.11707727], [-46.99591023, -23.11704871], [-46.99564611, -23.11703681], [-46.99537247, -23.11698923], [-46.99492513, -23.1169345], [-46.9948014, -23.11694877], [-46.99467053, -23.11699874], [-46.99458963, -23.11708202], [-46.99441831, -23.1172938], [-46.99427792, -23.11739135], [-46.99407566, -23.11749605], [-46.99388055, -23.11767213], [-46.99378537, -23.11786011], [-46.99377347, -23.11792911], [-46.99377585, -23.11801953], [-46.99380916, -23.11822892], [-46.99383296, -23.11846687], [-46.99383296, -23.11868102], [-46.99379727, -23.11884996], [-46.99374968, -23.11894752], [-46.99364974, -23.1190308], [-46.99353791, -23.11906887], [-46.99343321, -23.11903318], [-46.99326665, -23.11890469], [-46.99316433, -23.11883093], [-46.9929478, -23.11875716], [-46.99260516, -23.11873099], [-46.99226727, -23.11865961], [-46.99211499, -23.11868102], [-46.99203647, -23.11870958], [-46.99188418, -23.11877144], [-46.99171048, -23.11885948], [-46.99148919, -23.118938], [-46.99130121, -23.11897607], [-46.9911632, -23.11897607], [-46.99101092, -23.11896894], [-46.99087053, -23.11898083], [-46.99066114, -23.11899035], [-46.99052313, -23.11897607], [-46.9903637, -23.11891183], [-46.99022332, -23.11883331], [-46.98999251, -23.11868578], [-46.9897736, -23.11867388], [-46.98960228, -23.11864057], [-46.98942382, -23.11851446], [-46.98934292, -23.11847163], [-46.9892406, -23.11844783], [-46.98908355, -23.11846211], [-46.98893127, -23.11853587], [-46.98879564, -23.11868578], [-46.9887195, -23.11878572], [-46.98859101, -23.11894038], [-46.98844586, -23.11908315], [-46.98831261, -23.11912598], [-46.98809132, -23.11917595], [-46.98783196, -23.11928778], [-46.98767253, -23.11944245], [-46.98758211, -23.11958284], [-46.98737034, -23.11972798], [-46.98716333, -23.11982078], [-46.98701342, -23.11982792], [-46.9868659, -23.11980413], [-46.9866803, -23.11980651], [-46.98643759, -23.11982078], [-46.9862163, -23.11984458], [-46.98604974, -23.11986837], [-46.98574517, -23.11998735], [-46.98553816, -23.12005397], [-46.98527404, -23.1200968], [-46.98520027, -23.12013249], [-46.98514317, -23.12023481], [-46.9850932, -23.12033713], [-46.98499564, -23.12051321], [-46.9848957, -23.12074877], [-46.98479339, -23.12095103], [-46.98469345, -23.12119849], [-46.98462682, -23.12126036], [-46.98441981, -23.12135316], [-46.98422707, -23.12137457], [-46.98408193, -23.12137219], [-46.98382495, -23.12131746], [-46.983518, -23.1212437], [-46.98328243, -23.12120087], [-46.98295406, -23.12121039], [-46.98280892, -23.12119373], [-46.98244724, -23.12113663], [-46.98227354, -23.1210819], [-46.98199514, -23.12084871], [-46.98188806, -23.12076305], [-46.98170485, -23.12064884], [-46.98152401, -23.12051321], [-46.98132651, -23.12038947], [-46.9811314, -23.12031333], [-46.9808411, -23.12026336], [-46.98047704, -23.12010394], [-46.98039376, -23.12005873], [-46.98022482, -23.11997545], [-46.97984649, -23.11988027], [-46.97973941, -23.11981602], [-46.97954905, -23.11968991], [-46.97908506, -23.11945911], [-46.97892802, -23.11941628], [-46.97884473, -23.11938772], [-46.97868293, -23.11939724], [-46.9785473, -23.11945673], [-46.9782808, -23.11954953], [-46.9781309, -23.11956618], [-46.9780262, -23.11962329], [-46.97776664, -23.11974079], [-46.97772857, -23.11974317], [-46.97764767, -23.11973603], [-46.97755011, -23.11970034], [-46.97745256, -23.11964323], [-46.97737403, -23.11958136], [-46.97727648, -23.11955281], [-46.97715512, -23.1194957], [-46.976984, -23.11937582], [-46.97687454, -23.11933061], [-46.97669608, -23.11927827], [-46.97642482, -23.1192045], [-46.97617736, -23.11916643], [-46.97596559, -23.11916167], [-46.97574668, -23.11918547], [-46.97562056, -23.11914264], [-46.9755468, -23.11903556], [-46.97551349, -23.11895942], [-46.97549445, -23.1187881], [-46.97549683, -23.11835028], [-46.97550397, -23.1181385], [-46.97553014, -23.11793387], [-46.97551587, -23.11758171], [-46.97562056, -23.11705347], [-46.97572764, -23.11687977], [-46.9758371, -23.1166799], [-46.97591086, -23.11644433], [-46.97592989, -23.11628253], [-46.97592276, -23.11616593], [-46.97586327, -23.11591371], [-46.97578951, -23.11566624], [-46.97569909, -23.1152665], [-46.97563722, -23.11506424], [-46.9755468, -23.11486199], [-46.97540403, -23.1147216], [-46.97518512, -23.11458597], [-46.97501142, -23.11445986], [-46.97485438, -23.1142933], [-46.97477348, -23.1141767], [-46.97470447, -23.1139911], [-46.97467592, -23.11379837], [-46.97463547, -23.11365322], [-46.97454029, -23.11348666], [-46.97440942, -23.1133082], [-46.97431424, -23.11311784], [-46.97429758, -23.11301077], [-46.97433803, -23.11284182], [-46.97434279, -23.11277996], [-46.97428569, -23.11253487], [-46.97424048, -23.11240876], [-46.9741453, -23.11227075], [-46.97398112, -23.11214226], [-46.97381217, -23.11196856], [-46.97369558, -23.11187338], [-46.97360992, -23.11186625], [-46.97342432, -23.11191621], [-46.97308882, -23.11206136], [-46.97292464, -23.11215892], [-46.97285087, -23.11221841], [-46.97269621, -23.11222792], [-46.97246778, -23.11212799], [-46.97230598, -23.11201615], [-46.97208706, -23.11190194], [-46.97196333, -23.11185911], [-46.97180867, -23.11182579], [-46.97159214, -23.11168541], [-46.97145651, -23.11156643], [-46.97137799, -23.11144984], [-46.97133516, -23.11135466], [-46.97134943, -23.11118096], [-46.97133278, -23.11097395], [-46.97131136, -23.1108526], [-46.97125187, -23.1107479], [-46.97109721, -23.11063844], [-46.97041192, -23.11060989], [-46.97015732, -23.11053375], [-46.96998124, -23.11043143], [-46.96991462, -23.11036956], [-46.96982658, -23.1102149], [-46.96976471, -23.11008641], [-46.96971236, -23.10990795], [-46.96969333, -23.10972235], [-46.96962432, -23.10964621], [-46.96954104, -23.10962717], [-46.96910798, -23.10966049], [-46.9690128, -23.10968428], [-46.96885576, -23.10963431], [-46.96866064, -23.10947489], [-46.96855832, -23.10936067], [-46.9683299, -23.10923694], [-46.96818237, -23.10925122], [-46.96800153, -23.1093226], [-46.96774693, -23.10945109], [-46.96743998, -23.1095201], [-46.96728769, -23.10962241], [-46.96709258, -23.10977946], [-46.96685939, -23.10990319], [-46.96665, -23.1099365], [-46.96653816, -23.10993412], [-46.96638826, -23.10987702], [-46.9662788, -23.10981991], [-46.96604799, -23.10974615], [-46.96588619, -23.10974853], [-46.9654912, -23.10982943], [-46.96535319, -23.10985084], [-46.96511286, -23.10992461], [-46.96485112, -23.11004358], [-46.96462983, -23.110134], [-46.96443948, -23.11015541], [-46.96416822, -23.11006975], [-46.963985, -23.11001502], [-46.96380892, -23.1100412], [-46.96354956, -23.11015065], [-46.96338062, -23.11019824], [-46.96330209, -23.11017207], [-46.96318312, -23.11006737], [-46.96306415, -23.10993888], [-46.96292138, -23.10970332], [-46.9627691, -23.1094963], [-46.96263347, -23.10942968], [-46.96248356, -23.10939874], [-46.9623164, -23.10943384], [-46.96212605, -23.10944574], [-46.96201302, -23.10943087], [-46.96191487, -23.10940112], [-46.96176913, -23.1092881], [-46.96161149, -23.10918697], [-46.96141221, -23.10914236], [-46.96101662, -23.10926728], [-46.96090657, -23.10933271], [-46.96063888, -23.10941005], [-46.96020761, -23.10949333], [-46.95990125, -23.10950225], [-46.95971387, -23.10952307], [-46.95960382, -23.10954984], [-46.95934505, -23.10959446], [-46.95918444, -23.10957363], [-46.95906546, -23.10948738], [-46.95799768, -23.10902933], [-46.95780435, -23.10893713], [-46.95738794, -23.10870216], [-46.95716784, -23.1086278], [-46.95692395, -23.10857426], [-46.95653134, -23.10857129], [-46.95634098, -23.10853559], [-46.95619524, -23.10844934], [-46.95597514, -23.10829765], [-46.95581155, -23.10812811], [-46.95575801, -23.10803293], [-46.95569258, -23.10785745], [-46.9555855, -23.10773848], [-46.95543381, -23.10767899], [-46.95524643, -23.10771468], [-46.95507392, -23.10786935], [-46.95487761, -23.10814001], [-46.95464264, -23.10831252], [-46.95450582, -23.10843149], [-46.95430357, -23.10857724], [-46.95409834, -23.10869918], [-46.95389906, -23.1087438], [-46.95368193, -23.10874975], [-46.95321199, -23.1088598], [-46.95297826, -23.10890448], [-46.95279028, -23.10896159], [-46.95267131, -23.10900918], [-46.95261182, -23.10909008], [-46.95249999, -23.10930185], [-46.95237625, -23.10940417], [-46.9522787, -23.10952314], [-46.95219303, -23.10975871], [-46.95204313, -23.10991575], [-46.95188608, -23.11004186], [-46.95173856, -23.11022746], [-46.95159817, -23.1104202], [-46.95157663, -23.11048231], [-46.95155189, -23.11056797], [-46.95157083, -23.11065286], [-46.95160652, -23.11078136], [-46.95168504, -23.11097409], [-46.95179925, -23.11109544], [-46.95191464, -23.11128394], [-46.95191702, -23.11138626], [-46.9518956, -23.11143385], [-46.95178615, -23.11150999], [-46.95162672, -23.11157899], [-46.95135546, -23.11174556], [-46.95103186, -23.11195971], [-46.95081533, -23.11200492], [-46.95059642, -23.11197874], [-46.95047982, -23.11192164], [-46.95037989, -23.11181218], [-46.95026567, -23.11169321], [-46.95007056, -23.11155996], [-46.94981833, -23.11149333], [-46.94973029, -23.11147668], [-46.94962084, -23.11146478], [-46.94936623, -23.11149095], [-46.94898076, -23.11155282], [-46.94889748, -23.11153378], [-46.94880706, -23.11142433], [-46.94851677, -23.11123159], [-46.94827168, -23.11111262], [-46.94811702, -23.11107693], [-46.94784338, -23.11102458], [-46.94758402, -23.11095558], [-46.94740794, -23.11094844], [-46.94713906, -23.11096747], [-46.94700581, -23.11098413], [-46.94665603, -23.11114355], [-46.94652992, -23.111184], [-46.9464395, -23.11120304], [-46.94628959, -23.11117211], [-46.94607068, -23.11116497], [-46.94593029, -23.11121018], [-46.94581608, -23.11131249], [-46.94562334, -23.11144337], [-46.94542347, -23.11149809], [-46.94537588, -23.11149333], [-46.94503324, -23.11125301], [-46.94485954, -23.11106027], [-46.94477388, -23.11086754], [-46.94470249, -23.11062721], [-46.94462873, -23.11032502], [-46.94461683, -23.1101299], [-46.94459066, -23.10986578], [-46.94455021, -23.1097135], [-46.9444931, -23.10954456], [-46.94438126, -23.10938037], [-46.9442956, -23.10920191], [-46.94412904, -23.10891162], [-46.94403862, -23.10866653], [-46.94392679, -23.10846428], [-46.94383161, -23.1083001], [-46.94371026, -23.10815495], [-46.94354845, -23.10800029], [-46.94335096, -23.10779327], [-46.94302021, -23.10726979], [-46.94288696, -23.10711988], [-46.94269661, -23.10683197], [-46.94250863, -23.10651788], [-46.94226354, -23.10601581], [-46.94216123, -23.10574456], [-46.94206605, -23.10539953], [-46.94178527, -23.10442633], [-46.941771, -23.10421932], [-46.94177575, -23.10403134], [-46.94175434, -23.10386954], [-46.94169485, -23.10372677], [-46.94160919, -23.10357211], [-46.94151639, -23.10341744], [-46.94141646, -23.10328895], [-46.94136887, -23.10316046], [-46.9412261, -23.10293203], [-46.94110475, -23.10274881], [-46.94085014, -23.10251325], [-46.9406122, -23.10224437], [-46.94042184, -23.10195645], [-46.94039329, -23.10186841], [-46.94038139, -23.10171851], [-46.94037901, -23.10162333], [-46.94040281, -23.10150912], [-46.94042184, -23.10135921], [-46.94043374, -23.1010594], [-46.9405075, -23.10085238], [-46.9406122, -23.10076196], [-46.94084301, -23.10060016], [-46.94090725, -23.1005145], [-46.94097863, -23.10037173], [-46.94098577, -23.10029797], [-46.94095484, -23.10016234], [-46.94079304, -23.10004099], [-46.94037425, -23.09984825], [-46.94004351, -23.09951037], [-46.93995785, -23.09938664], [-46.93991977, -23.09928432], [-46.93993643, -23.09909634], [-46.93997688, -23.09891788], [-46.93999592, -23.0987537], [-46.9399864, -23.09865376], [-46.93995785, -23.09848958], [-46.93988884, -23.09831588], [-46.93976749, -23.09814218], [-46.93965803, -23.09799941], [-46.93937726, -23.09770912], [-46.93925458, -23.09762167], [-46.93910229, -23.09753125], [-46.93894049, -23.097398], [-46.938812, -23.09727427], [-46.93867399, -23.09699349], [-46.93864543, -23.09683169], [-46.93859785, -23.09658898], [-46.93855634, -23.09611964], [-46.93848258, -23.09587693], [-46.9381743, -23.09568034], [-46.93771269, -23.09557565], [-46.93723679, -23.09565179], [-46.93628977, -23.09582787], [-46.93605182, -23.09590401], [-46.9359043, -23.09591829], [-46.93576629, -23.09597064], [-46.93549503, -23.09605154], [-46.93452554, -23.0962862], [-46.93361397, -23.09662112], [-46.93329274, -23.0968674], [-46.93298936, -23.09707798], [-46.93251109, -23.09730284], [-46.93136537, -23.09778111], [-46.93102773, -23.09793041], [-46.93073743, -23.0979542], [-46.93053042, -23.09793992], [-46.93036148, -23.09790185], [-46.93030675, -23.0978495], [-46.93029486, -23.09779716], [-46.93030437, -23.09770436], [-46.93026392, -23.09763059], [-46.93019492, -23.09753542], [-46.93005929, -23.09740692], [-46.9298499, -23.09730699], [-46.92961433, -23.09728081], [-46.92902184, -23.09727843], [-46.92876962, -23.09733316], [-46.92869522, -23.09740922], [-46.92862979, -23.09753117], [-46.92854948, -23.09769773], [-46.92843646, -23.0978286], [-46.92826989, -23.0979565], [-46.92801708, -23.09802491], [-46.9277137, -23.09810224], [-46.92754118, -23.09812901], [-46.92732529, -23.09820642], [-46.92709686, -23.09820166], [-46.92694219, -23.09822546], [-46.92657814, -23.09833729], [-46.92619266, -23.09841582], [-46.92587382, -23.09843247], [-46.92561683, -23.09840392], [-46.92550976, -23.09837299], [-46.92533126, -23.09822419], [-46.92528843, -23.09809808], [-46.9252504, -23.0978852], [-46.92519563, -23.09768405], [-46.92510283, -23.09749607], [-46.92500293, -23.09742834], [-46.92492441, -23.09734268], [-46.92477926, -23.09727843], [-46.9245556, -23.09724036], [-46.92445566, -23.09724512], [-46.9243581, -23.09723798], [-46.9241725, -23.0972594], [-46.92400356, -23.09727367], [-46.92388459, -23.09729509], [-46.92364902, -23.09737837], [-46.92350625, -23.0974212], [-46.92330047, -23.09745562], [-46.9230496, -23.09754209], [-46.9229336, -23.09762835], [-46.92279381, -23.09778004], [-46.92258263, -23.09799121], [-46.92244581, -23.09813993], [-46.92213648, -23.0985831], [-46.92177659, -23.09895192], [-46.92147181, -23.09907017], [-46.92128146, -23.09901544], [-46.92102447, -23.09891074], [-46.92086505, -23.09883936], [-46.92064376, -23.09879177], [-46.92034871, -23.09878463], [-46.92020118, -23.09881795], [-46.92009173, -23.09889409], [-46.92004652, -23.09895595], [-46.92001993, -23.09903086], [-46.91990572, -23.09927356], [-46.91977011, -23.09948234], [-46.91968445, -23.09971791], [-46.91945245, -23.09983926], [-46.91908483, -23.09988566], [-46.91881116, -23.09997788], [-46.91853991, -23.10022535], [-46.91827816, -23.10044664], [-46.91814729, -23.10056085], [-46.91797597, -23.10072741], [-46.91787128, -23.10088922], [-46.91779989, -23.10111051], [-46.9176595, -23.10140556], [-46.91754053, -23.10158164], [-46.91743584, -23.10169348], [-46.91728593, -23.10187669], [-46.9172193, -23.10201232], [-46.91714554, -23.10207657], [-46.91703133, -23.10206943], [-46.91674341, -23.10187907], [-46.91663158, -23.10175534], [-46.91655543, -23.10167682], [-46.91644836, -23.10168396], [-46.91639125, -23.1016792], [-46.91628656, -23.10167682], [-46.91617472, -23.10169824], [-46.91605813, -23.10172441], [-46.91590108, -23.10175058], [-46.91570359, -23.10176962], [-46.91557272, -23.10177438], [-46.91539426, -23.10179341], [-46.91531098, -23.10179579], [-46.91517059, -23.1017839], [-46.91499927, -23.10175534], [-46.9148327, -23.10168634], [-46.91466852, -23.10159354], [-46.91451624, -23.10153881], [-46.91435681, -23.10149598], [-46.9142307, -23.10143649], [-46.91408317, -23.10137939], [-46.91386664, -23.10126517], [-46.91362394, -23.10110575], [-46.91350735, -23.10100819], [-46.91335744, -23.10095108], [-46.91311473, -23.10090112], [-46.91292676, -23.10083925], [-46.91283872, -23.10075835], [-46.9125508, -23.10057275], [-46.91239614, -23.10025628], [-46.91232237, -23.10016348], [-46.91216533, -23.10005165], [-46.91207729, -23.10001596], [-46.91191073, -23.10000644], [-46.91175606, -23.10002072], [-46.91158712, -23.10006592], [-46.91141761, -23.10014205], [-46.91123558, -23.10018131], [-46.91106783, -23.10015276], [-46.9109322, -23.10009565], [-46.91076445, -23.10003854], [-46.91063595, -23.09999928], [-46.91049495, -23.09994933], [-46.91031411, -23.09999216], [-46.91019276, -23.10000406], [-46.91010234, -23.09993268], [-46.91004523, -23.0998375], [-46.91004523, -23.09973994], [-46.91004999, -23.09964476], [-46.91003333, -23.09952103], [-46.90997385, -23.09943061], [-46.90988105, -23.09934257], [-46.90978587, -23.09926881], [-46.90975494, -23.09923311], [-46.90971448, -23.0991308], [-46.90972162, -23.09906417], [-46.90975018, -23.0989214], [-46.90977873, -23.09866442], [-46.90987867, -23.09846217], [-46.9099786, -23.09819567], [-46.91008568, -23.09798152], [-46.91016182, -23.09786016], [-46.91021179, -23.09779116], [-46.91028318, -23.09767457], [-46.91039263, -23.09745566], [-46.91044022, -23.09731289], [-46.91047591, -23.09712729], [-46.91050447, -23.09702259], [-46.91049971, -23.09687745], [-46.91045688, -23.09666568], [-46.91040691, -23.09653005], [-46.91034028, -23.09641107], [-46.91020941, -23.09621834], [-46.91015231, -23.09610888], [-46.91005475, -23.0959566], [-46.90984535, -23.09573531], [-46.90975256, -23.09560444], [-46.90969307, -23.09556874], [-46.90957886, -23.09553781], [-46.90946702, -23.09556398], [-46.90918149, -23.09572341], [-46.90905775, -23.09573293], [-46.90889119, -23.09578052], [-46.90869132, -23.09580193], [-46.90854617, -23.09579717], [-46.90826063, -23.09572579], [-46.90809883, -23.09569485], [-46.90801793, -23.0956901], [-46.90792513, -23.09569723], [-46.90777998, -23.09572103], [-46.90755869, -23.09577814], [-46.90744448, -23.09578765], [-46.90730171, -23.09577576], [-46.90710184, -23.09569961], [-46.90696621, -23.09564013], [-46.90669257, -23.09553781], [-46.90654031, -23.09545406], [-46.90635233, -23.09540647], [-46.90614294, -23.09534699], [-46.90599541, -23.09530892], [-46.9058455, -23.09527798], [-46.90566942, -23.09523753], [-46.90541244, -23.09524705], [-46.90487704, -23.09536173], [-46.90476996, -23.09539742], [-46.90468906, -23.09545691], [-46.9046272, -23.09557112], [-46.90451298, -23.09569961], [-46.90423459, -23.0958281], [-46.90400854, -23.09588759], [-46.90380152, -23.09595898], [-46.90375156, -23.09596611], [-46.90367541, -23.09594232], [-46.90323283, -23.09571389], [-46.9031091, -23.09568058], [-46.90283784, -23.09559968], [-46.90260465, -23.09556636], [-46.90237623, -23.09551402], [-46.90220966, -23.09543787], [-46.90099138, -23.09539028], [-46.90053333, -23.0954117], [-46.90023114, -23.09548784], [-46.90017166, -23.09554019], [-46.90015024, -23.09566154], [-46.90013358, -23.09578527], [-46.90006696, -23.09595184], [-46.89984805, -23.09614933], [-46.89970528, -23.09627306], [-46.8994483, -23.09656812], [-46.89940785, -23.09687745], [-46.89937692, -23.09714633], [-46.89933647, -23.09740807], [-46.89926984, -23.09758891], [-46.89912707, -23.09792203], [-46.89904379, -23.09817663], [-46.89895099, -23.09839792], [-46.89884154, -23.09898327], [-46.89876302, -23.09954482], [-46.89872256, -23.09979943], [-46.8987297, -23.10002309], [-46.89872494, -23.10014445], [-46.89870829, -23.1002658], [-46.89869877, -23.10032529], [-46.89866546, -23.10037525], [-46.89843941, -23.10045616], [-46.89826809, -23.10044426], [-46.89815863, -23.10038239], [-46.8979659, -23.1002658], [-46.89783503, -23.10016586], [-46.89771367, -23.10003737], [-46.89762325, -23.09995409], [-46.89750426, -23.09986969], [-46.89734722, -23.09982686], [-46.89720716, -23.09979526], [-46.8970644, -23.09980121], [-46.89695732, -23.0998488], [-46.89680266, -23.09990234], [-46.89661825, -23.09991423], [-46.89651712, -23.09989639], [-46.89643979, -23.09987854], [-46.89625268, -23.09984939], [-46.89612895, -23.09976135], [-46.89594335, -23.09971376], [-46.89544843, -23.09985177], [-46.8953937, -23.09988033], [-46.89528662, -23.09988747], [-46.8950463, -23.0998018], [-46.89488925, -23.09970187], [-46.89473935, -23.09961145], [-46.89461324, -23.09952579], [-46.89453233, -23.09943537], [-46.89446333, -23.09936398], [-46.8944324, -23.09930926], [-46.89443953, -23.09910938], [-46.89443953, -23.09901182], [-46.89439432, -23.09888809], [-46.89434436, -23.09884288], [-46.89426107, -23.09880719], [-46.89385181, -23.09892854], [-46.89379708, -23.09896423], [-46.89361386, -23.099038], [-46.8934354, -23.09904752], [-46.89300948, -23.09896423], [-46.89293334, -23.09892854], [-46.89277153, -23.09884288], [-46.89265494, -23.09872867], [-46.89255976, -23.09862397], [-46.89253597, -23.09855021], [-46.89250027, -23.0984812], [-46.89243603, -23.09833844], [-46.89243365, -23.09824326], [-46.89244555, -23.09812191], [-46.89241937, -23.09797438], [-46.89244317, -23.09784351], [-46.89246458, -23.09775071], [-46.89246934, -23.09764839], [-46.89245268, -23.09751038], [-46.89237178, -23.09729623], [-46.89237416, -23.09719392], [-46.89235037, -23.09685365], [-46.89238844, -23.09645152], [-46.89238606, -23.09634445], [-46.89236702, -23.09625879], [-46.89234085, -23.09621358], [-46.89223139, -23.09604939], [-46.89211242, -23.09585904], [-46.89201962, -23.09567106], [-46.89196965, -23.09551877], [-46.89198869, -23.09543073], [-46.89199107, -23.09534745], [-46.89197203, -23.09527845], [-46.89193396, -23.09504526], [-46.89187685, -23.0948097], [-46.89184354, -23.09462648], [-46.89179119, -23.09454795], [-46.89172457, -23.09449323], [-46.89164605, -23.09444802], [-46.89151994, -23.09444564], [-46.89128675, -23.09440995], [-46.89105118, -23.09433856], [-46.89091317, -23.09428383], [-46.89082037, -23.09422197], [-46.89036828, -23.09386743], [-46.89022313, -23.09372704], [-46.89005419, -23.09359141], [-46.88987811, -23.09347006], [-46.88962351, -23.09333205], [-46.88945218, -23.09326067], [-46.88937842, -23.09326543], [-46.88912382, -23.09336774], [-46.88898819, -23.09344388], [-46.88878118, -23.09356524], [-46.88860985, -23.09371038], [-46.88850754, -23.09384601], [-46.88829577, -23.09406017], [-46.88822438, -23.09419342], [-46.88815062, -23.09428621], [-46.88806972, -23.0944147], [-46.88802927, -23.09448609], [-46.88792219, -23.09460506], [-46.88784129, -23.09463599], [-46.88776753, -23.09461696], [-46.88766283, -23.09454795], [-46.88752482, -23.09444564], [-46.88737016, -23.09430525], [-46.88731305, -23.09414345], [-46.88725356, -23.09404589], [-46.88719646, -23.09397213], [-46.88709414, -23.09387219], [-46.8869823, -23.0938127], [-46.88684192, -23.09377463], [-46.88667059, -23.09375084], [-46.88650879, -23.09375084], [-46.88636364, -23.09376035], [-46.88616853, -23.09374846], [-46.8859428, -23.09364713], [-46.88569057, -23.09357099], [-46.88552401, -23.09349484], [-46.88539076, -23.09342346], [-46.88524054, -23.09331539], [-46.88514774, -23.09317739], [-46.88508111, -23.09301558], [-46.88506446, -23.09270863], [-46.88504304, -23.09264201], [-46.88494073, -23.09258728], [-46.88485982, -23.09254921], [-46.88470278, -23.09251114], [-46.88451956, -23.09245165], [-46.88399608, -23.0924112], [-46.88378225, -23.09235746], [-46.88359665, -23.09228608], [-46.88347292, -23.09221469], [-46.8833825, -23.09213855], [-46.88328732, -23.09209572], [-46.88318262, -23.09204337], [-46.88296815, -23.09196386], [-46.88274448, -23.09197338], [-46.8825113, -23.09201383], [-46.88231142, -23.0920519], [-46.88218055, -23.09205428], [-46.88204968, -23.09204], [-46.88192595, -23.0920638], [-46.88154999, -23.09231126], [-46.88137153, -23.09243499], [-46.88130253, -23.09247069], [-46.88111931, -23.09249924], [-46.88096703, -23.09247782], [-46.88086233, -23.09242072], [-46.8807386, -23.09234457], [-46.88066959, -23.09228747], [-46.88056728, -23.09222322], [-46.88036978, -23.09204476], [-46.88021988, -23.09196386], [-46.88008663, -23.09192341], [-46.87998431, -23.09192103], [-46.87993196, -23.09193531], [-46.87988199, -23.09198052], [-46.87976778, -23.09206618], [-46.87967498, -23.09205904], [-46.87959646, -23.09203049], [-46.87949176, -23.09200193], [-46.879418, -23.09198765], [-46.87923002, -23.09199717], [-46.87914198, -23.09197814], [-46.87906108, -23.09193293], [-46.87888262, -23.09184965], [-46.8787803, -23.09179492], [-46.8786994, -23.09171402], [-46.87862564, -23.09161408], [-46.87854711, -23.09147131], [-46.87853522, -23.09121909], [-46.87848763, -23.09111201], [-46.87835676, -23.09091452], [-46.87833058, -23.09076699], [-46.87834724, -23.0905576], [-46.87837341, -23.09039104], [-46.87844004, -23.09006981], [-46.87843528, -23.08999367], [-46.87835676, -23.08983662], [-46.87801412, -23.08970337], [-46.87777617, -23.08969861], [-46.87762388, -23.08967958], [-46.87751443, -23.08961771], [-46.87742877, -23.08955823], [-46.8771932, -23.08935597], [-46.87691005, -23.08916799], [-46.87673159, -23.08908709], [-46.87656978, -23.08906806], [-46.87634373, -23.08902998], [-46.8761272, -23.0889586], [-46.87602489, -23.08881345], [-46.87599157, -23.08872779], [-46.87600347, -23.08859216], [-46.87600585, -23.08849699], [-46.8759535, -23.08842322], [-46.87586546, -23.08835184], [-46.87582263, -23.08825904], [-46.87585119, -23.08807344], [-46.87598919, -23.08782836], [-46.87605106, -23.08767369], [-46.87606534, -23.08758327], [-46.87604392, -23.08746906], [-46.87600585, -23.08737864], [-46.8759654, -23.08733819], [-46.8757679, -23.08737626], [-46.87565607, -23.08737626], [-46.87553948, -23.08735722], [-46.87542288, -23.08725967], [-46.87531819, -23.08692892], [-46.87523015, -23.08686943], [-46.87500172, -23.08673618], [-46.87488512, -23.08666242], [-46.87468287, -23.08656248], [-46.87441875, -23.08646731], [-46.87432595, -23.08644351], [-46.87411418, -23.08640544], [-46.8739143, -23.0863864], [-46.87364305, -23.08633881], [-46.8735669, -23.08630074], [-46.87345031, -23.08614132], [-46.87344317, -23.08603186], [-46.87346934, -23.08586768], [-46.87347886, -23.08565353], [-46.87342651, -23.08530851], [-46.8733242, -23.08511101], [-46.87328613, -23.08492303], [-46.8733242, -23.08468747], [-46.87335513, -23.08439242], [-46.87330278, -23.0841973], [-46.87328137, -23.08407357], [-46.87319571, -23.08369285], [-46.87318381, -23.08354533], [-46.87313146, -23.08340732], [-46.87308625, -23.08333356], [-46.87295062, -23.08317889], [-46.87261988, -23.0827839], [-46.87242476, -23.08256975], [-46.87227248, -23.08243412], [-46.87212495, -23.0822628], [-46.87203215, -23.08210813], [-46.87196315, -23.0820082], [-46.87190128, -23.08190112], [-46.87180134, -23.0817988], [-46.87163954, -23.08166555], [-46.87148487, -23.08149899], [-46.87141587, -23.08134908], [-46.87138732, -23.08123249], [-46.87142539, -23.0810112], [-46.87143728, -23.08083512], [-46.87135876, -23.08052103], [-46.87130166, -23.08042347], [-46.87121362, -23.08032592], [-46.87107561, -23.0802236], [-46.87090667, -23.08015697], [-46.87069965, -23.08008083], [-46.87054737, -23.08001183], [-46.87044981, -23.07991427], [-46.87037129, -23.07980006], [-46.87030704, -23.07974057], [-46.87017379, -23.07963111], [-46.86999771, -23.07954069], [-46.86964555, -23.07945027], [-46.8695123, -23.07938603], [-46.86929101, -23.07935986], [-46.86906258, -23.07930751], [-46.86898168, -23.07926944], [-46.86886509, -23.07920281], [-46.86873184, -23.07913619], [-46.86862476, -23.07913857], [-46.86844392, -23.07904101], [-46.86835112, -23.07898628], [-46.86825595, -23.07888396], [-46.8681917, -23.07878165], [-46.86817742, -23.07869123], [-46.86821074, -23.07856987], [-46.86818218, -23.078439], [-46.86821787, -23.07824865], [-46.86819884, -23.0780916], [-46.86815601, -23.07793218], [-46.86814887, -23.07784652], [-46.86811794, -23.07777513], [-46.86799896, -23.07762047], [-46.86795375, -23.07753719], [-46.86783359, -23.07740136], [-46.86768369, -23.07724907], [-46.86760278, -23.07708965], [-46.8675433, -23.07693975], [-46.86747429, -23.07682077], [-46.86730535, -23.07663042], [-46.86711737, -23.07656855], [-46.86682232, -23.07657331], [-46.86676521, -23.07655665], [-46.86667717, -23.0765162], [-46.86658199, -23.07645671], [-46.86606327, -23.07631633], [-46.86563904, -23.07690581], [-46.86532852, -23.07719848], [-46.86462896, -23.0776589], [-46.86439339, -23.07783023], [-46.86419348, -23.07794552], [-46.86383303, -23.07797656], [-46.86331906, -23.07788733], [-46.86284793, -23.07791946], [-46.86258002, -23.07805659], [-46.86228675, -23.07824967], [-46.86188559, -23.07864854], [-46.86118161, -23.07971651], [-46.86089786, -23.08026022], [-46.86078314, -23.08038283], [-46.86061723, -23.08045704], [-46.86041654, -23.08050017], [-46.86025979, -23.08054376], [-46.85952208, -23.08041793], [-46.85911044, -23.08046344], [-46.85864071, -23.08063214], [-46.85834536, -23.08083513], [-46.85810413, -23.08108564], [-46.85783015, -23.08162674], [-46.85763962, -23.0819663], [-46.85735162, -23.08220731], [-46.85645919, -23.08252981], [-46.855903, -23.08265877], [-46.85554031, -23.08269393], [-46.85515014, -23.08273966], [-46.8547455, -23.08285299], [-46.85421106, -23.08320622], [-46.8537732, -23.08373209], [-46.85306468, -23.08501048], [-46.85236521, -23.08667563], [-46.85202651, -23.0883038], [-46.85161474, -23.08934308], [-46.8511572, -23.09004219], [-46.85098199, -23.09024097], [-46.85046584, -23.09085909], [-46.84984036, -23.09180132], [-46.84922422, -23.09343388], [-46.84831612, -23.09514386], [-46.84732421, -23.09650967], [-46.84539345, -23.09839168], [-46.84501062, -23.09863711], [-46.84389649, -23.09886693], [-46.84323509, -23.09904898], [-46.8429752, -23.09914028], [-46.84248407, -23.09945777], [-46.84211004, -23.09953796], [-46.84182819, -23.09958657], [-46.84157869, -23.09954426], [-46.84106983, -23.09930325], [-46.84010513, -23.09879737], [-46.83948912, -23.09853357], [-46.83917369, -23.09845083], [-46.83885761, -23.09842229], [-46.83845684, -23.0984525], [-46.83797464, -23.09867612], [-46.83749458, -23.09896571], [-46.83675887, -23.09964296], [-46.83647696, -23.10002131], [-46.83626134, -23.10024766], [-46.83600299, -23.10037239], [-46.8356579, -23.10040046], [-46.83528469, -23.10033067], [-46.83496384, -23.10021173], [-46.83485472, -23.10002721], [-46.8347757, -23.09977705], [-46.83479398, -23.09947458], [-46.83505356, -23.09900385], [-46.83539506, -23.09829907], [-46.83541416, -23.09784755], [-46.83530027, -23.09757263], [-46.83506369, -23.09734885], [-46.83478928, -23.09718522], [-46.83442281, -23.09720584], [-46.83359619, -23.09748372], [-46.83314067, -23.0976814], [-46.83217533, -23.09796236], [-46.83141738, -23.09821383], [-46.83074871, -23.0985123], [-46.83056053, -23.09856818], [-46.8303499, -23.09854161], [-46.83010087, -23.09846044], [-46.82997593, -23.09837333], [-46.82973267, -23.09805642], [-46.82916412, -23.09742266], [-46.82866252, -23.09690613], [-46.82815662, -23.0966651], [-46.8278884, -23.09663704], [-46.82755744, -23.0966282], [-46.82671727, -23.09673334], [-46.82594107, -23.09704062], [-46.82535742, -23.0971719], [-46.82368041, -23.09742918], [-46.82263593, -23.09779238], [-46.82210863, -23.09818985], [-46.82158016, -23.09860266], [-46.82117367, -23.09878184], [-46.82057874, -23.09887686], [-46.82009412, -23.09889531], [-46.81989457, -23.09900166], [-46.81966278, -23.09918988], [-46.8195169, -23.09938079], [-46.81945662, -23.09960061], [-46.81944624, -23.09997272], [-46.81958724, -23.10058671], [-46.81978838, -23.1017172], [-46.81983614, -23.10212695], [-46.81971702, -23.103171], [-46.81952184, -23.10364147], [-46.81887039, -23.10460861], [-46.81834582, -23.10518046], [-46.81777873, -23.10555401], [-46.81684296, -23.1062074], [-46.81641662, -23.10657067], [-46.81606152, -23.10669797], [-46.81570484, -23.10671413], [-46.81537232, -23.10667092], [-46.81487025, -23.10651572], [-46.81442108, -23.10650743], [-46.81397269, -23.10659581], [-46.81352815, -23.10676916], [-46.81320692, -23.1068408], [-46.81282494, -23.10684946], [-46.81255707, -23.10679066], [-46.81212439, -23.10663166], [-46.81177545, -23.1064139], [-46.81153462, -23.10621986], [-46.81134106, -23.10575437], [-46.81133189, -23.10506495], [-46.81108198, -23.10425467], [-46.81092393, -23.10408046], [-46.8106649, -23.10393863], [-46.81028338, -23.10382985], [-46.81003641, -23.10373964], [-46.80886565, -23.10363977], [-46.80814312, -23.10330427], [-46.80757773, -23.10281773], [-46.80666551, -23.1022616], [-46.80572932, -23.10182899], [-46.80468465, -23.10132387], [-46.80372531, -23.10118733], [-46.80303518, -23.10131832], [-46.80210754, -23.10162389], [-46.80097533, -23.10212516], [-46.7998656, -23.10214694], [-46.79892846, -23.10171428], [-46.79833732, -23.10118045], [-46.79760856, -23.10040125], [-46.79680794, -23.10006668], [-46.79594584, -23.10004495], [-46.79497416, -23.10035725], [-46.79416321, -23.10086186], [-46.79361657, -23.10131504], [-46.79300603, -23.10188138], [-46.79194019, -23.102779], [-46.79157186, -23.10326478], [-46.79133861, -23.10317197], [-46.7906274, -23.10271454], [-46.7902461, -23.10227235], [-46.78977204, -23.10159247], [-46.78964772, -23.10129934], [-46.78961604, -23.10117614], [-46.78961111, -23.1010216], [-46.78967883, -23.1007576], [-46.79006068, -23.09996751], [-46.79026064, -23.09911768], [-46.79030706, -23.0987595], [-46.79033138, -23.09852938], [-46.79028288, -23.09818646], [-46.79014609, -23.09795259], [-46.79004101, -23.09787009], [-46.78986502, -23.0978077], [-46.78942273, -23.09787711], [-46.78912432, -23.09792093], [-46.78882706, -23.09795122], [-46.78830328, -23.09797639], [-46.78771031, -23.0979114], [-46.78707698, -23.09771316], [-46.78653577, -23.09764781], [-46.78594144, -23.0975349], [-46.78537318, -23.09744577], [-46.78493414, -23.0973318], [-46.78449626, -23.09736058], [-46.78400335, -23.09749629], [-46.78285605, -23.0979512], [-46.78243805, -23.09818799], [-46.78201344, -23.09848523], [-46.78114369, -23.0989241], [-46.78037329, -23.0991481], [-46.77998617, -23.09917832], [-46.77960006, -23.09912724], [-46.77897468, -23.09899772], [-46.77874732, -23.09890405], [-46.77789464, -23.09867544], [-46.77737632, -23.09841877], [-46.77677765, -23.09794802], [-46.77607255, -23.09724124], [-46.77559509, -23.09691905], [-46.7751584, -23.09677436], [-46.7748944, -23.09672095], [-46.77451434, -23.09673406], [-46.77412417, -23.09685277], [-46.77382353, -23.09707543], [-46.7735446, -23.09743654], [-46.77306124, -23.09782348], [-46.77221512, -23.09816679], [-46.77123998, -23.09843915], [-46.77031659, -23.09871297], [-46.76939466, -23.09910424], [-46.76857353, -23.09939991], [-46.76782568, -23.09958187], [-46.76775632, -23.09973089], [-46.7676878, -23.0999228], [-46.76763218, -23.10010097], [-46.76757856, -23.10025509], [-46.76761058, -23.10061324], [-46.76775486, -23.10104598], [-46.76787186, -23.10155669], [-46.76774227, -23.10217221], [-46.7671749, -23.1032017], [-46.76625199, -23.10444016], [-46.76546536, -23.10557505], [-46.76494959, -23.10629692], [-46.76446048, -23.10696793], [-46.76430357, -23.10766051], [-46.76428292, -23.10817185], [-46.76440091, -23.10875931], [-46.76468284, -23.10919142], [-46.7650104, -23.1098112], [-46.7647308, -23.11029258], [-46.76401345, -23.11078464], [-46.76351863, -23.11102044], [-46.76305147, -23.11120537], [-46.76137504, -23.1119402], [-46.76046701, -23.11223209], [-46.75969327, -23.112266], [-46.75872592, -23.11227679], [-46.7581451, -23.11220651], [-46.75742366, -23.11198427], [-46.7565916, -23.11173798], [-46.75576155, -23.11172103], [-46.75534901, -23.11182857], [-46.75507542, -23.1120357], [-46.75447327, -23.11250295], [-46.7533266, -23.11359031], [-46.75280841, -23.11413338], [-46.75209926, -23.11485736], [-46.75108521, -23.11555945], [-46.75048301, -23.11594993], [-46.75007478, -23.11646648], [-46.74989013, -23.11713407], [-46.74978844, -23.11779983], [-46.74957978, -23.1188], [-46.74931414, -23.11962201], [-46.74893619, -23.12029174], [-46.74753915, -23.12127889], [-46.74663731, -23.12205647], [-46.74622905, -23.12257301], [-46.74579311, -23.12306367], [-46.74541248, -23.12352844], [-46.74508488, -23.12386529], [-46.74484255, -23.12437909], [-46.74479284, -23.12476343], [-46.74477215, -23.12535244], [-46.74478968, -23.12670771], [-46.74513915, -23.12806021], [-46.7449634, -23.12941852], [-46.74511164, -23.13023503], [-46.74514625, -23.13072138], [-46.74498789, -23.13131102], [-46.74480054, -23.13177364], [-46.74475118, -23.13226002], [-46.74486746, -23.13271928], [-46.74512072, -23.1330497], [-46.7460392, -23.13355065], [-46.74667908, -23.13387678], [-46.74768386, -23.13455647], [-46.7484657, -23.13521244], [-46.74900058, -23.1359488], [-46.74939987, -23.13646903], [-46.74958235, -23.13668554], [-46.74976317, -23.1368497], [-46.74998464, -23.1369863], [-46.75050488, -23.13717208], [-46.75086059, -23.13741599], [-46.75036094, -23.13851819], [-46.74995497, -23.13921352], [-46.748921, -23.14042694], [-46.74829073, -23.14091977], [-46.74772339, -23.14189863], [-46.74770204, -23.14243617], [-46.74765831, -23.143281], [-46.74761228, -23.14402381], [-46.74723425, -23.14469263], [-46.7467966, -23.14505599], [-46.74638495, -23.14531611], [-46.7461966, -23.14570199], [-46.74611793, -23.14603608], [-46.7461812, -23.14662326], [-46.74643748, -23.14718391], [-46.74717335, -23.14850593], [-46.74762927, -23.1495502], [-46.74819619, -23.15064381], [-46.74854379, -23.15191865], [-46.7486341, -23.15248114], [-46.74858672, -23.15304426], [-46.74847904, -23.15325044], [-46.74820936, -23.15384131], [-46.74774302, -23.15410295], [-46.74735767, -23.15420927], [-46.74669369, -23.15421663], [-46.74638969, -23.15419472], [-46.74576966, -23.15420249], [-46.74502852, -23.15451051], [-46.7449105, -23.15467256], [-46.74486181, -23.15483474], [-46.7448782, -23.15519487], [-46.7448532, -23.15552656], [-46.74464911, -23.1559062], [-46.7441711, -23.15613281], [-46.74391044, -23.15610321], [-46.74358057, -23.1561204], [-46.74339751, -23.15623802], [-46.74285416, -23.15681385], [-46.74253696, -23.15735737], [-46.74234769, -23.15774958], [-46.74189906, -23.15817445], [-46.74144966, -23.15853973], [-46.74113226, -23.15899296], [-46.74097676, -23.15950489], [-46.74121183, -23.16016151], [-46.7420689, -23.16126277], [-46.74227175, -23.16191974], [-46.74218148, -23.16249056], [-46.74180175, -23.16318468], [-46.7413898, -23.16387915], [-46.74123391, -23.16436129], [-46.74111489, -23.16520243], [-46.74100247, -23.16655371], [-46.74110981, -23.16730205], [-46.74154235, -23.16819759], [-46.74223115, -23.16881939], [-46.74282173, -23.16932307], [-46.7429584, -23.16992117], [-46.74285008, -23.17151262], [-46.7427668, -23.17262337], [-46.74238782, -23.17337708], [-46.74159046, -23.17440634], [-46.74146367, -23.17464704], [-46.74153648, -23.17521696], [-46.74173665, -23.17566445], [-46.74164869, -23.17641495], [-46.7411402, -23.17720079], [-46.7399813, -23.17784393], [-46.73852824, -23.17824919], [-46.73762037, -23.17828992], [-46.73690898, -23.17841697], [-46.73658822, -23.17869052], [-46.73621153, -23.1796248], [-46.73539732, -23.18185345], [-46.73534293, -23.18263427], [-46.73561103, -23.18335103], [-46.73552555, -23.1842216], [-46.73530806, -23.18500422], [-46.73534919, -23.18569369], [-46.73552138, -23.18647201], [-46.73589103, -23.18748746], [-46.73662738, -23.18875984], [-46.73671644, -23.18899379], [-46.73676537, -23.18908161], [-46.73679118, -23.18911383], [-46.73685527, -23.18916008], [-46.73698222, -23.18915688], [-46.73726117, -23.189124], [-46.73742862, -23.1890797], [-46.73759924, -23.18897939], [-46.73788433, -23.18874055], [-46.73816893, -23.18843463], [-46.73857057, -23.18817653], [-46.73909338, -23.18796413], [-46.73951369, -23.18783396], [-46.73996904, -23.18799689], [-46.74033826, -23.18852289], [-46.74159454, -23.18996197], [-46.74193133, -23.19032126], [-46.74229514, -23.19042921], [-46.74280743, -23.19031156], [-46.74343915, -23.1901375], [-46.74415962, -23.18987757], [-46.74476131, -23.18964785], [-46.74524344, -23.18961451], [-46.74591012, -23.18980217], [-46.746517, -23.19004738], [-46.74718296, -23.19017905], [-46.74763579, -23.19014603], [-46.74805617, -23.18994631], [-46.74868424, -23.18949233], [-46.74925029, -23.18892706], [-46.74994036, -23.18858436], [-46.75027134, -23.1884967], [-46.75072707, -23.18868759], [-46.75100513, -23.18918658], [-46.75120365, -23.19055336], [-46.75164222, -23.19175041], [-46.75244132, -23.19280258], [-46.75293257, -23.19346805], [-46.75332629, -23.19354675], [-46.75380686, -23.19331834], [-46.75460833, -23.19230343], [-46.75525645, -23.19106718], [-46.75596876, -23.19010924], [-46.75673761, -23.18884365], [-46.75727226, -23.18819562], [-46.75772178, -23.18791066], [-46.75811259, -23.18776723], [-46.75877673, -23.18775981], [-46.75953218, -23.18786244], [-46.75992956, -23.18822101], [-46.76011525, -23.18852686], [-46.76041924, -23.18869052], [-46.76075131, -23.18868681], [-46.76138189, -23.18842871], [-46.76192013, -23.18829756], [-46.7626865, -23.18891709], [-46.76324015, -23.1897209], [-46.76357405, -23.18985622], [-46.76390943, -23.19010441], [-46.76445601, -23.19029333], [-46.76499905, -23.19028724], [-46.76551207, -23.1902264], [-46.76707758, -23.1899009], [-46.76782815, -23.18955744], [-46.7687273, -23.18907235], [-46.76944796, -23.18875722], [-46.7700209, -23.18872278], [-46.77062523, -23.18877197], [-46.7712309, -23.18884913], [-46.77207646, -23.1888947], [-46.77246836, -23.1888352], [-46.7730989, -23.18857615], [-46.77339775, -23.18834974], [-46.77381325, -23.18820432], [-46.77439543, -23.18844956], [-46.77475999, -23.18861341], [-46.77497096, -23.18861103], [-46.77518032, -23.18841362], [-46.77526611, -23.18810472], [-46.77562035, -23.18748667], [-46.77614811, -23.18625079], [-46.77643363, -23.18598032], [-46.77729177, -23.18601483], [-46.7782007, -23.18620052], [-46.7789879, -23.18641467], [-46.77962287, -23.18649147], [-46.7798348, -23.18648908], [-46.78004391, -23.18634674], [-46.78037043, -23.18592405], [-46.78093522, -23.18527561], [-46.7817987, -23.18431586], [-46.78254414, -23.18366446], [-46.78308332, -23.18329534], [-46.78341019, -23.18290063], [-46.78373299, -23.18219894], [-46.7839369, -23.18166565], [-46.78422497, -23.18062842], [-46.78439476, -23.17973251], [-46.78447929, -23.17925656], [-46.78456247, -23.17897091], [-46.78543996, -23.17885466], [-46.78598555, -23.17904443], [-46.78686764, -23.17956539], [-46.78763034, -23.18014279], [-46.78830038, -23.18058217], [-46.78890875, -23.18093827], [-46.78964047, -23.18146093], [-46.79014174, -23.18184262], [-46.79099049, -23.18394811], [-46.79117306, -23.18417087], [-46.79140923, -23.18467114], [-46.79174011, -23.18509924], [-46.79202942, -23.18549076], [-46.79249629, -23.18590674], [-46.79387312, -23.18670632], [-46.79444847, -23.18696444], [-46.79470071, -23.18703395], [-46.79511758, -23.18706725], [-46.79597069, -23.187069], [-46.79678462, -23.18699897], [-46.79709148, -23.18699768], [-46.7974685, -23.18709289], [-46.79817702, -23.1873298], [-46.79918504, -23.18792671], [-46.7992214, -23.18775093], [-46.79964779, -23.18716909], [-46.80005746, -23.1866747], [-46.80048811, -23.1863025], [-46.80101346, -23.18601621], [-46.80144642, -23.18585362], [-46.80167704, -23.18577473], [-46.80195648, -23.18577856], [-46.80218934, -23.18583521], [-46.80245117, -23.18599967], [-46.80275877, -23.18641666], [-46.80295323, -23.1868162], [-46.80343857, -23.18772109], [-46.80382364, -23.18827621], [-46.80418926, -23.18874439], [-46.80460572, -23.1891309], [-46.80518449, -23.18959047], [-46.80573781, -23.18981398], [-46.8065262, -23.18999478], [-46.80724437, -23.1900041], [-46.80775046, -23.18993441], [-46.80786618, -23.18982179], [-46.80812564, -23.18938182], [-46.8084773, -23.18883532], [-46.80896077, -23.18821701], [-46.8094439, -23.1875472], [-46.80989069, -23.18705137], [-46.810173, -23.18682034], [-46.8105308, -23.18672921], [-46.81076222, -23.18674427], [-46.81097304, -23.18676635], [-46.81133602, -23.1869716], [-46.81179815, -23.18738024], [-46.81211349, -23.18772592], [-46.81263744, -23.18819484], [-46.81309814, -23.1884011], [-46.81332103, -23.18847479], [-46.81354126, -23.18844637], [-46.81392655, -23.18826518], [-46.81421578, -23.18794658], [-46.81524288, -23.18698248], [-46.81614855, -23.18651941], [-46.81672821, -23.18634566], [-46.81756495, -23.18616554], [-46.81784812, -23.18602394], [-46.81790706, -23.18575714], [-46.81785144, -23.18518741], [-46.81776484, -23.18459477], [-46.81780672, -23.18420403], [-46.81797488, -23.18395643], [-46.8182222, -23.18370785], [-46.8185208, -23.18350226], [-46.8188952, -23.18333089], [-46.81959395, -23.18316559], [-46.82019651, -23.18303633], [-46.8205164, -23.18292762], [-46.82075993, -23.18274947], [-46.82098199, -23.18232716], [-46.82123898, -23.18176429], [-46.82130486, -23.18165024], [-46.82146322, -23.18148475], [-46.82167447, -23.18139027], [-46.82209993, -23.18135855], [-46.82234264, -23.18140894], [-46.82260145, -23.18158237], [-46.8228187, -23.18179873], [-46.82316469, -23.18219711], [-46.82336405, -23.18227686], [-46.82361927, -23.18226234], [-46.82424946, -23.18194815], [-46.82448187, -23.18180059], [-46.82479336, -23.18173967], [-46.82499101, -23.18179863], [-46.82524135, -23.18194577], [-46.82566205, -23.18230787], [-46.82692894, -23.18356497], [-46.82716379, -23.1836198], [-46.8273668, -23.18355956], [-46.8274431, -23.18347271], [-46.82751144, -23.18331623], [-46.82765015, -23.18307825], [-46.82787065, -23.18294502], [-46.827992, -23.18293001], [-46.82820751, -23.18304878], [-46.82851394, -23.18332567], [-46.82927603, -23.18430833], [-46.82944041, -23.18445276], [-46.82965759, -23.18451372], [-46.82982536, -23.18453985], [-46.83001628, -23.1845102], [-46.83054366, -23.18429339], [-46.83108918, -23.18411201], [-46.83176928, -23.1840341], [-46.83228001, -23.18406375], [-46.8325726, -23.18419234], [-46.83283407, -23.18438927], [-46.83316201, -23.1849103], [-46.83349001, -23.1853446], [-46.83402926, -23.18609005], [-46.83437362, -23.18638359], [-46.83471889, -23.18676386], [-46.83537276, -23.18789263], [-46.83595419, -23.18895199], [-46.83639851, -23.18962959], [-46.83685793, -23.1900264], [-46.83712761, -23.1903553], [-46.83747173, -23.19067051], [-46.83804482, -23.19104318], [-46.83922814, -23.19186929], [-46.84022362, -23.19271425], [-46.8405681, -23.19291834], [-46.84121338, -23.19313996], [-46.84173754, -23.19319321], [-46.84225369, -23.19318043], [-46.84364931, -23.19284871], [-46.84424468, -23.19258648], [-46.84487925, -23.1921512], [-46.84537681, -23.1918952], [-46.84575368, -23.19184304], [-46.84596247, -23.19187227], [-46.84626513, -23.19197835], [-46.8466328, -23.19220525], [-46.84685872, -23.19243702], [-46.84713351, -23.19283101], [-46.84781996, -23.19427082], [-46.84813616, -23.19471672], [-46.84839167, -23.19492621], [-46.84879941, -23.19515351], [-46.84919892, -23.19533465], [-46.84980928, -23.19570043], [-46.85044996, -23.1968832], [-46.85093934, -23.19813489], [-46.85108636, -23.19834507], [-46.85133376, -23.19857977], [-46.85252448, -23.19953505], [-46.85263148, -23.1996599], [-46.85338703, -23.20030991], [-46.85378544, -23.20058498], [-46.85424965, -23.20083362], [-46.85363837, -23.20078856], [-46.85316548, -23.20085964], [-46.85292316, -23.20093667], [-46.85214147, -23.20133255], [-46.85154997, -23.20176016], [-46.85136425, -23.20192631], [-46.85108866, -23.20208882], [-46.85025418, -23.20232063], [-46.84944955, -23.20234405], [-46.8492074, -23.20232442], [-46.84853318, -23.20222991], [-46.84806868, -23.20208876], [-46.84690523, -23.20195945], [-46.84660975, -23.20198624], [-46.84643213, -23.20196546], [-46.84525514, -23.20174294], [-46.8449678, -23.20166141], [-46.84435211, -23.20157652], [-46.84321203, -23.20153685], [-46.84245039, -23.20156158], [-46.84233571, -23.20158931], [-46.84224739, -23.20161913], [-46.84216582, -23.20165714], [-46.84208613, -23.20170059], [-46.84184166, -23.20187515], [-46.84161778, -23.20212582], [-46.84155173, -23.20225433], [-46.84146955, -23.20258775], [-46.84147842, -23.20282634], [-46.84544278, -23.20272415], [-46.84727415, -23.20543953], [-46.84835847, -23.20671355], [-46.84906203, -23.2072176], [-46.84957799, -23.20755351], [-46.85003523, -23.20773162], [-46.85039104, -23.20772802], [-46.85114503, -23.20761012], [-46.85191953, -23.20749334], [-46.85280247, -23.20746257], [-46.85398579, -23.20756856], [-46.85418609, -23.20757421], [-46.85406215, -23.20796864], [-46.85377984, -23.20869572], [-46.85350295, -23.2095412], [-46.8532769, -23.21071333], [-46.85358478, -23.21137053], [-46.85381477, -23.21233138], [-46.85443037, -23.21456453], [-46.85451655, -23.21512552], [-46.85453574, -23.21573099], [-46.85484459, -23.21754094], [-46.85438095, -23.21830864], [-46.85402097, -23.21866002], [-46.85352318, -23.2190109], [-46.8528098, -23.21940747], [-46.85238373, -23.21972746], [-46.85206828, -23.22011452], [-46.85186114, -23.22060025], [-46.85183077, -23.22076978], [-46.85179183, -23.22108467], [-46.85176443, -23.22182608], [-46.85181848, -23.22286826], [-46.85198223, -23.22389257], [-46.85207377, -23.22424945], [-46.85225577, -23.22554677], [-46.85230628, -23.22573791], [-46.8523131, -23.22647876], [-46.85216073, -23.22696053], [-46.85200015, -23.22722902], [-46.85103997, -23.22823467], [-46.85071066, -23.22863513], [-46.85049782, -23.22910545], [-46.85039948, -23.22948207], [-46.85032163, -23.22986251], [-46.8502072, -23.23060484], [-46.8501283, -23.23082718], [-46.84971114, -23.23195398], [-46.84958859, -23.2324749], [-46.84946008, -23.23325051], [-46.84929472, -23.23465542], [-46.84911632, -23.23567896], [-46.84895855, -23.23628444], [-46.84883188, -23.2370682], [-46.84879654, -23.23789987], [-46.84880912, -23.23848359], [-46.84881311, -23.23905006], [-46.84874535, -23.23948571], [-46.84859628, -23.23977057], [-46.84842796, -23.24003084], [-46.8482434, -23.24017711], [-46.84794456, -23.24023279], [-46.84769276, -23.2401977], [-46.84721963, -23.24003116], [-46.84667957, -23.23973927], [-46.8463343, -23.23967161], [-46.84594513, -23.23951496], [-46.84566735, -23.23952658], [-46.8453248, -23.23955921], [-46.84479734, -23.23976703], [-46.84432626, -23.24024643], [-46.84375468, -23.24111779], [-46.84307146, -23.2424939], [-46.84269182, -23.24301038], [-46.84203549, -23.24352853], [-46.84080784, -23.2444031], [-46.84001679, -23.24522973], [-46.83946597, -23.24575167], [-46.83873019, -23.24628887], [-46.83809202, -23.24667621], [-46.83766766, -23.2468435], [-46.83724393, -23.24687709], [-46.83672744, -23.24673809], [-46.83633894, -23.24660672], [-46.8343568, -23.24591152], [-46.83412944, -23.24587575], [-46.83381797, -23.24592314], [-46.83352614, -23.24604571], [-46.83304417, -23.24644999], [-46.83278152, -23.24682762], [-46.83268537, -23.24717985], [-46.83267844, -23.24807956], [-46.83263091, -23.24861569], [-46.83244463, -23.24914588], [-46.83219947, -23.2493692], [-46.83177947, -23.24957898], [-46.83119268, -23.24975633], [-46.83061697, -23.24982538], [-46.83021709, -23.24982668], [-46.82943628, -23.24987825], [-46.82863714, -23.24999016], [-46.82838903, -23.25005264], [-46.82812368, -23.25016644], [-46.82776847, -23.25027299], [-46.8275399, -23.25041788], [-46.82752863, -23.25054063], [-46.82746697, -23.25078933], [-46.82741875, -23.25089543], [-46.82730677, -23.25101985], [-46.82678717, -23.25154207], [-46.82673215, -23.25164448], [-46.82667656, -23.25179478], [-46.82664969, -23.25199596], [-46.82656766, -23.25214959], [-46.82611067, -23.25266793], [-46.82580208, -23.25320317], [-46.82560215, -23.25348477], [-46.82531976, -23.25379442], [-46.8251764, -23.25400614], [-46.82504364, -23.25431192], [-46.82492971, -23.25467752], [-46.82476445, -23.25508325], [-46.82458369, -23.25579957], [-46.82454754, -23.2559591], [-46.82443054, -23.2560934], [-46.82421675, -23.2562276], [-46.82388688, -23.25633982], [-46.82331454, -23.25661215], [-46.8231352, -23.25672683], [-46.82305727, -23.25678384], [-46.82295683, -23.25692282], [-46.82268483, -23.25726149], [-46.82255005, -23.25749136], [-46.82224372, -23.25824072], [-46.82214117, -23.25839323], [-46.82199555, -23.25854892], [-46.82136308, -23.25910247], [-46.82122817, -23.25918147], [-46.82100225, -23.25926676], [-46.820646, -23.25937599], [-46.82033379, -23.25940166], [-46.81981186, -23.25938631], [-46.81941831, -23.2593461], [-46.81900609, -23.25939512], [-46.81865579, -23.25949718], [-46.81843339, -23.25961502], [-46.81775502, -23.26000096], [-46.81761673, -23.26011696], [-46.81752935, -23.26022627], [-46.81743731, -23.26055867], [-46.81739132, -23.2606422], [-46.81730394, -23.26075241], [-46.81717567, -23.26084774], [-46.81692559, -23.26098969], [-46.81656046, -23.26110514], [-46.81644059, -23.26107228], [-46.81618834, -23.26091066], [-46.81608408, -23.26080117], [-46.81602949, -23.26070755], [-46.81582051, -23.260204], [-46.8157512, -23.25995394], [-46.81570085, -23.25983327], [-46.81564821, -23.25973967], [-46.81558273, -23.25965768], [-46.8154368, -23.25951704], [-46.81438861, -23.25855758], [-46.81400983, -23.25826907], [-46.81334027, -23.25777246], [-46.8126704, -23.25714124], [-46.81162208, -23.2562757], [-46.81103539, -23.25579982], [-46.81087512, -23.25571323], [-46.8106824, -23.25564257], [-46.81041594, -23.25560456], [-46.80976964, -23.25552645], [-46.80910731, -23.25548069], [-46.80841694, -23.25548884], [-46.80763889, -23.25547078], [-46.80750438, -23.25543685], [-46.80740682, -23.25534007], [-46.80732318, -23.25522356], [-46.80728212, -23.25506323], [-46.80714082, -23.25526502], [-46.80702571, -23.25540294], [-46.80688816, -23.25553791], [-46.80677363, -23.25562886], [-46.80667874, -23.25571279], [-46.80659805, -23.25575531], [-46.80639198, -23.25581639], [-46.80625585, -23.25583484], [-46.80612482, -23.25583618], [-46.80599173, -23.25584563], [-46.80570369, -23.25589412], [-46.80540748, -23.25597052], [-46.80506171, -23.2561015], [-46.80489651, -23.25617837], [-46.80475169, -23.2562681], [-46.80448721, -23.25638819], [-46.80421069, -23.25653255], [-46.80408002, -23.25658448], [-46.80393201, -23.25661455], [-46.80373675, -23.25673677], [-46.80348928, -23.25687002], [-46.80326561, -23.25704134], [-46.80313236, -23.25716031], [-46.80303944, -23.25729642], [-46.80303165, -23.25746741], [-46.80303357, -23.25761032], [-46.80302793, -23.25769117], [-46.80303242, -23.25777502], [-46.80304364, -23.25785878], [-46.80307478, -23.25792368], [-46.80309322, -23.25804465], [-46.80309094, -23.25812546], [-46.80309539, -23.2582062], [-46.80310976, -23.25827439], [-46.80313439, -23.2583549], [-46.80317221, -23.25841661], [-46.80323012, -23.25847187], [-46.80327135, -23.25853665], [-46.80329921, -23.2586078], [-46.80330042, -23.25869789], [-46.80329134, -23.25877257], [-46.80328927, -23.25886892], [-46.80327014, -23.25894682], [-46.80324907, -23.25913039], [-46.80326789, -23.25927932], [-46.8033063, -23.25938452], [-46.80334803, -23.25948658], [-46.80335916, -23.25956414], [-46.80332767, -23.25972297], [-46.80333258, -23.25983788], [-46.8033614, -23.25998048], [-46.80342095, -23.26015691], [-46.80343918, -23.26026234], [-46.80347129, -23.26039869], [-46.80347619, -23.2605136], [-46.80353687, -23.26077391], [-46.8035366, -23.26100385], [-46.80355106, -23.26107826], [-46.80358942, -23.26118036], [-46.80362384, -23.261239], [-46.80366204, -23.26132867], [-46.80368036, -23.26144032], [-46.80370532, -23.26154568], [-46.80381366, -23.26184894], [-46.80383841, -23.26193877], [-46.8038911, -23.26210595], [-46.80390244, -23.26219904], [-46.80392387, -23.26229201], [-46.80393071, -23.26254983], [-46.80395319, -23.26272047], [-46.8039781, -23.26282272], [-46.80398272, -23.26291589], [-46.80399398, -23.26300276], [-46.80398498, -23.26308365], [-46.80396274, -23.26318023], [-46.80395752, -23.26329215], [-46.80395915, -23.26341331], [-46.80393136, -23.26359696], [-46.8039092, -23.26369975], [-46.80388335, -23.26377773], [-46.80384421, -23.26386829], [-46.80379498, -23.26395897], [-46.80375589, -23.26405263], [-46.80368283, -23.26412183], [-46.8033877, -23.26443284], [-46.80332125, -23.26449264], [-46.80319888, -23.2646463], [-46.80313969, -23.26474641], [-46.80312439, -23.26485845], [-46.80313257, -23.26496711], [-46.80314383, -23.26505398], [-46.80324087, -23.26526727], [-46.80326873, -23.26533841], [-46.80328344, -23.26543146], [-46.80328768, -23.26549666], [-46.80329885, -23.26557732], [-46.80328649, -23.26565825], [-46.80330397, -23.26570777], [-46.80331519, -23.26579153], [-46.803313, -23.26587856], [-46.80329235, -23.2660932], [-46.80327633, -23.26615242], [-46.8032435, -23.26621183], [-46.80321756, -23.2662836], [-46.80320919, -23.26641109], [-46.80323365, -23.26647917], [-46.80327143, -23.26653777], [-46.8033844, -23.26668562], [-46.80343937, -23.26677199], [-46.80355592, -23.26693533], [-46.80358723, -23.26701265], [-46.80372046, -23.26716648], [-46.80377527, -23.26724043], [-46.80385176, -23.26742598], [-46.80389088, -23.267584], [-46.80388558, -23.26768971], [-46.8038427, -23.26775235], [-46.8037902, -23.26784927], [-46.80372827, -23.26799603], [-46.80369279, -23.26810829], [-46.80367719, -23.26819858], [-46.8036787, -23.26831043], [-46.80369054, -23.26844079], [-46.80367212, -23.26857151], [-46.80366329, -23.26866483], [-46.80362747, -23.26875224], [-46.80358144, -23.26883045], [-46.80353587, -23.26894284], [-46.80352712, -23.26904237], [-46.8035317, -23.26913242], [-46.80354362, -23.26926901], [-46.80356144, -23.26934337], [-46.80356623, -23.26944897], [-46.80354689, -23.26951133], [-46.80350464, -23.26962057], [-46.8034758, -23.26972655], [-46.80342358, -23.26984522], [-46.80334871, -23.27002941], [-46.80329944, -23.27011698], [-46.80324374, -23.27022637], [-46.80321771, -23.27029192], [-46.80319908, -23.2704071], [-46.80322674, -23.27046272], [-46.80326406, -23.27048714], [-46.8033219, -23.2705362], [-46.80339646, -23.27057884], [-46.80347767, -23.27061519], [-46.80359246, -23.27064805], [-46.80379158, -23.27069859], [-46.80387278, -23.27073494], [-46.80405239, -23.27083541], [-46.80413048, -23.27089044], [-46.80427003, -23.27101313], [-46.8043485, -23.27109612], [-46.80441012, -23.2711762], [-46.80448826, -23.27123434], [-46.80452256, -23.27128366], [-46.80457329, -23.27130483], [-46.80468813, -23.27134079], [-46.80474235, -23.27137124], [-46.80490897, -23.27150604], [-46.80494986, -23.27154596], [-46.80502107, -23.27158865], [-46.80508248, -23.27165319], [-46.8051301, -23.27169304], [-46.80520483, -23.27174811], [-46.80525258, -23.27179727], [-46.80526342, -23.27185308], [-46.80526779, -23.2719276], [-46.80527851, -23.27197409], [-46.80530936, -23.27201723], [-46.80535026, -23.27205716], [-46.80541133, -23.27209685], [-46.80547249, -23.27214275], [-46.80554689, -23.27217297], [-46.80561464, -23.27220947], [-46.8057431, -23.27225771], [-46.8058207, -23.27227546], [-46.80593196, -23.27229593], [-46.80600972, -23.27232611], [-46.80609106, -23.27237178], [-46.80615894, -23.27241761], [-46.80621644, -23.2724418], [-46.80635549, -23.2725272], [-46.80640307, -23.27256394], [-46.8064644, -23.27262227], [-46.80650878, -23.27267148], [-46.80653291, -23.2727147], [-46.80653711, -23.2727768], [-46.80651773, -23.27283606], [-46.80648839, -23.27290475], [-46.80646224, -23.27296099], [-46.80643916, -23.27299543], [-46.80641625, -23.2730423], [-46.80637005, -23.27310809], [-46.80624192, -23.27333328], [-46.80618584, -23.27341472], [-46.80613989, -23.27349914], [-46.80608718, -23.27358054], [-46.80604796, -23.27366488], [-46.80601866, -23.27373668], [-46.80597006, -23.27387396], [-46.80593403, -23.27394584], [-46.80588468, -23.2740272], [-46.80585201, -23.27409904], [-46.80579669, -23.2742364], [-46.80576768, -23.27432995], [-46.80573182, -23.27441426], [-46.80572946, -23.27448886], [-46.80573072, -23.27458206], [-46.80575926, -23.27470291], [-46.80576321, -23.27474637], [-46.80578393, -23.27478652], [-46.80593281, -23.27485317], [-46.80598675, -23.27486187], [-46.80604749, -23.2748767], [-46.80611483, -23.27488214], [-46.80615199, -23.27489414], [-46.80620932, -23.27490591], [-46.80625329, -23.27492405], [-46.80631067, -23.27493893], [-46.80645556, -23.27495901], [-46.80657999, -23.27495757], [-46.80664409, -23.27497237], [-46.80691988, -23.2749723], [-46.80699391, -23.27497456], [-46.80718853, -23.27494124], [-46.80725251, -23.27494672], [-46.80731283, -23.27493049], [-46.8074001, -23.27491705], [-46.80746399, -23.27491632], [-46.80753145, -23.27493108], [-46.80762233, -23.27493624], [-46.80771334, -23.27495073], [-46.80792159, -23.27492969], [-46.80801864, -23.27489439], [-46.80817943, -23.27484593], [-46.80827662, -23.27481995], [-46.80838061, -23.27480011], [-46.80857906, -23.27480092], [-46.80881437, -23.274792], [-46.80896536, -23.2747654], [-46.80902249, -23.27476163], [-46.80916373, -23.27476], [-46.8093151, -23.27476136], [-46.80938244, -23.2747668], [-46.80951733, -23.27479321], [-46.8096088, -23.27484187], [-46.80965966, -23.27487236], [-46.80968706, -23.27490933], [-46.80973145, -23.27495853], [-46.80979308, -23.27503861], [-46.80982061, -23.2750849], [-46.8099233, -23.27530018], [-46.80994198, -23.27535521], [-46.80994863, -23.27540484], [-46.80996731, -23.27545987], [-46.81000378, -23.27550364], [-46.8100519, -23.27552518], [-46.81010018, -23.27555777], [-46.81014823, -23.27557378], [-46.8101906, -23.27561196], [-46.81025771, -23.27571062], [-46.81030023, -23.27575984], [-46.81033079, -23.27580921], [-46.81041531, -23.27586899], [-46.81047592, -23.27592906], [-46.81055408, -23.2759613], [-46.81060811, -23.27597725], [-46.81075832, -23.27603075], [-46.81087198, -23.27603496], [-46.81101591, -23.27606645], [-46.8111236, -23.27607073], [-46.81117165, -23.27608674], [-46.8112555, -23.27609682], [-46.81135145, -23.27611781], [-46.81142356, -23.2761446], [-46.81151339, -23.27615461], [-46.81157953, -23.27618146], [-46.81169917, -23.27618561], [-46.81179482, -23.2761845], [-46.81190236, -23.27617773], [-46.81205197, -23.27618705], [-46.81214747, -23.2761749], [-46.81226106, -23.27617359], [-46.8124168, -23.27619389], [-46.81259017, -23.27619188], [-46.81266229, -23.27621867], [-46.81272827, -23.27623448], [-46.81279456, -23.27627238], [-46.81292153, -23.27637587], [-46.81313189, -23.27645629], [-46.81321589, -23.27647742], [-46.81333598, -23.2765147], [-46.81345002, -23.27654652], [-46.81358819, -23.27659464], [-46.81366016, -23.27661038], [-46.81373825, -23.2766371], [-46.8138579, -23.27664124], [-46.81398972, -23.27666181], [-46.81409741, -23.27666609], [-46.81427721, -23.27669715], [-46.81434334, -23.276724], [-46.81443347, -23.27675611], [-46.81450581, -23.27679946], [-46.81460214, -23.27684806], [-46.81463233, -23.27686981], [-46.81468688, -23.27692441], [-46.81474727, -23.27696791], [-46.81478366, -23.27700616], [-46.81483276, -23.27709949], [-46.81487581, -23.27718738], [-46.8149131, -23.2772919], [-46.81492603, -23.27736356], [-46.81492731, -23.27745745], [-46.81489816, -23.27751303], [-46.81486431, -23.27766257], [-46.81483532, -23.27772919], [-46.81481836, -23.2778012], [-46.8148017, -23.2778953], [-46.81479086, -23.27797828], [-46.81476246, -23.27808909], [-46.81469828, -23.27820584], [-46.8146222, -23.27832824], [-46.81459904, -23.27838375], [-46.81450488, -23.27849532], [-46.81446393, -23.27856208], [-46.81431073, -23.27872957], [-46.81418085, -23.2788526], [-46.81415776, -23.27891363], [-46.81404044, -23.2790807], [-46.81399948, -23.27914746], [-46.813953, -23.27924743], [-46.81393021, -23.27933056], [-46.81391945, -23.27941906], [-46.81387544, -23.27970129], [-46.8138528, -23.27979546], [-46.81384189, -23.27987292], [-46.81380154, -23.27998387], [-46.81378472, -23.28006692], [-46.8137564, -23.28018325], [-46.81372778, -23.28027749], [-46.81375334, -23.28039872], [-46.81380222, -23.28047549], [-46.81394997, -23.28078865], [-46.81399952, -23.28091512], [-46.81406118, -23.28105251], [-46.81413607, -23.28128365], [-46.81417396, -23.28143236], [-46.81421708, -23.28152576], [-46.81429772, -23.28174026], [-46.81434683, -23.2818336], [-46.81437104, -23.28185542], [-46.81442582, -23.28192659], [-46.81448045, -23.28198673], [-46.81449876, -23.28201413], [-46.81452343, -23.28206909], [-46.81457223, -23.28214033], [-46.81459076, -23.28218431], [-46.81463927, -23.28223347], [-46.8146877, -23.2822771], [-46.81475944, -23.28227627], [-46.81486085, -23.28225852], [-46.81497437, -23.28225168], [-46.81506427, -23.28226721], [-46.81516636, -23.28229918], [-46.81528033, -23.28232548], [-46.81535222, -23.28233569], [-46.81541261, -23.28237918], [-46.8154789, -23.28241708], [-46.81553308, -23.28244408], [-46.81561753, -23.28249834], [-46.81570183, -23.28254155], [-46.81586983, -23.2825838], [-46.81595974, -23.28259933], [-46.81613282, -23.28257523], [-46.81626405, -23.28255161], [-46.81638355, -23.28254471], [-46.81652659, -23.28250991], [-46.81681311, -23.28247344], [-46.81696243, -23.28246066], [-46.81723042, -23.28238022], [-46.81737331, -23.28233438], [-46.81748623, -23.28228335], [-46.81771782, -23.28216466], [-46.81787176, -23.2820524], [-46.81799036, -23.28197922], [-46.81810328, -23.28192819], [-46.81825207, -23.28187675], [-46.81841857, -23.28180853], [-46.81853134, -23.28174646], [-46.81875702, -23.28163337], [-46.81894721, -23.2815483], [-46.81904212, -23.28149196], [-46.81912485, -23.28141919], [-46.81924344, -23.281346], [-46.81936824, -23.28128932], [-46.81947481, -23.28121075], [-46.819552, -23.28117118], [-46.81961754, -23.28115385], [-46.81970722, -23.28115281], [-46.81979682, -23.28114625], [-46.81989846, -23.28114507], [-46.82005973, -23.28113215], [-46.82017317, -23.28111978], [-46.82028041, -23.28109092], [-46.82039341, -23.28104541], [-46.82053054, -23.2810162], [-46.8206318, -23.28098741], [-46.82087019, -23.2809294], [-46.82101307, -23.28088355], [-46.82111418, -23.28084371], [-46.82128696, -23.28079751], [-46.82137021, -23.2807634], [-46.8214415, -23.28072943], [-46.82152483, -23.28070084], [-46.82162578, -23.28064995], [-46.82176292, -23.28062074], [-46.82187598, -23.28058076], [-46.82200101, -23.28054064], [-46.82210832, -23.2805173], [-46.8221977, -23.28049416], [-46.8222929, -23.28045991], [-46.8223704, -23.28044244], [-46.82270982, -23.28033907], [-46.82300807, -23.28028588], [-46.82319968, -23.28030575], [-46.82330139, -23.28031009], [-46.82352298, -23.28033514], [-46.8235951, -23.28036192], [-46.82370301, -23.28038276], [-46.823769, -23.28039856], [-46.8238589, -23.28041409], [-46.82395471, -23.28042402], [-46.82405642, -23.28042836], [-46.82429541, -23.28041454], [-46.82437306, -23.28040811], [-46.82444465, -23.28039623], [-46.82456414, -23.28038931], [-46.8246595, -23.28036611], [-46.82477862, -23.28033158], [-46.82486194, -23.28030299], [-46.8251421, -23.28023897], [-46.82525555, -23.2802266], [-46.82537512, -23.28022521], [-46.82565558, -23.28018327], [-46.82578658, -23.28014308], [-46.82585772, -23.28009806], [-46.82595285, -23.28005829], [-46.82626328, -23.28002153], [-46.82646655, -23.28001916], [-46.82660383, -23.28000099], [-46.82667557, -23.28000015], [-46.82675299, -23.27997716], [-46.82683669, -23.27997618], [-46.82694423, -23.27996941], [-46.8270635, -23.27994592], [-46.8271173, -23.27994529], [-46.82722499, -23.27994956], [-46.82732663, -23.27994838], [-46.82744037, -23.2799581], [-46.82754798, -23.27995685], [-46.82763183, -23.27996692], [-46.8277455, -23.27997112], [-46.82784698, -23.27995889], [-46.82788861, -23.27994183], [-46.82796005, -23.2799189], [-46.82802558, -23.27990156], [-46.82810315, -23.27988961], [-46.82816861, -23.27986675], [-46.82828818, -23.27986536], [-46.82855033, -23.27979602], [-46.82878402, -23.27983196], [-46.82889179, -23.27984175], [-46.82901158, -23.27985692], [-46.82923279, -23.27985434], [-46.82931013, -23.27982582], [-46.82945316, -23.27979101], [-46.82957205, -23.27973991], [-46.8297446, -23.27967713], [-46.82986334, -23.27961498], [-46.82999403, -23.27955269], [-46.83015417, -23.27945692], [-46.83029084, -23.27939456], [-46.83039747, -23.27932151], [-46.8305987, -23.27917001], [-46.83068187, -23.27913037], [-46.83084178, -23.27901803], [-46.83093078, -23.27896728], [-46.83101947, -23.27889443], [-46.83111437, -23.27883808], [-46.83137621, -23.27874664], [-46.83148367, -23.27873434], [-46.83163321, -23.27873812], [-46.83175861, -23.2787256], [-46.83186039, -23.27873546], [-46.83194416, -23.27874001], [-46.83210603, -23.27877126], [-46.83213661, -23.27882062], [-46.83211935, -23.27887054], [-46.83207274, -23.27895946], [-46.83203823, -23.2790593], [-46.83203966, -23.27916423], [-46.83207674, -23.27925218], [-46.83208991, -23.27934041], [-46.83211443, -23.27938432], [-46.83213319, -23.27944486], [-46.83215794, -23.27950533], [-46.8322131, -23.27960412], [-46.83227425, -23.27970284], [-46.83233494, -23.27976841], [-46.83241902, -23.27979505], [-46.83253882, -23.27981022], [-46.83269426, -23.27980841], [-46.83296367, -23.27983288], [-46.83302338, -23.27982665], [-46.83310708, -23.27982568], [-46.83317299, -23.27983595], [-46.83329294, -23.27986217], [-46.83341273, -23.27987734], [-46.83350877, -23.27990384], [-46.83362266, -23.2799246], [-46.83374193, -23.27990111], [-46.83384318, -23.27987231], [-46.83394474, -23.2798656], [-46.83405788, -23.27983113], [-46.83426047, -23.27977905], [-46.8343142, -23.27977289], [-46.83440357, -23.27974975], [-46.83451724, -23.27975395], [-46.83459534, -23.27978065], [-46.83464982, -23.27982973], [-46.83469281, -23.27991209], [-46.83474752, -23.27997773], [-46.8347787, -23.28007128], [-46.83485809, -23.28019187], [-46.83490107, -23.28027423], [-46.83493816, -23.28036218], [-46.83496949, -23.28046676], [-46.83500127, -23.28060449], [-46.83501444, -23.28069272], [-46.83503972, -23.28079185], [-46.83508876, -23.28087966], [-46.8351322, -23.28099515], [-46.83515134, -23.28108331], [-46.83517079, -23.28119356], [-46.83520856, -23.28133122], [-46.83520394, -23.2814307], [-46.83520546, -23.28154116], [-46.83518911, -23.28165735], [-46.83514333, -23.28180703], [-46.8350846, -23.28188506], [-46.8349975, -23.28207389], [-46.83496882, -23.28216261], [-46.83492266, -23.28228467], [-46.83487127, -23.28246204], [-46.83482496, -23.28257306], [-46.83476025, -23.28265115], [-46.83466558, -23.28272407], [-46.83458324, -23.28282446], [-46.83447722, -23.2829417], [-46.83442545, -23.28309145], [-46.83441569, -23.28325176], [-46.83447101, -23.28336159], [-46.83452686, -23.28351008], [-46.83455275, -23.2836534], [-46.83455487, -23.28380804], [-46.83453769, -23.28386348], [-46.83450272, -23.28393018], [-46.83446269, -23.28406322], [-46.83445346, -23.28426219], [-46.83445853, -23.28463223], [-46.8344854, -23.28484735], [-46.83450485, -23.2849576], [-46.83451204, -23.28504589], [-46.83455556, -23.28516691], [-46.83456933, -23.28529932], [-46.83457077, -23.28540426], [-46.83460854, -23.28554191], [-46.83469073, -23.28586686], [-46.83485579, -23.28613008], [-46.8349348, -23.28622306], [-46.8349715, -23.28628339], [-46.83500253, -23.28636589], [-46.83505717, -23.28642601], [-46.83513543, -23.28646376], [-46.83521951, -23.2864904], [-46.83537579, -23.28654933], [-46.83545352, -23.28654842], [-46.83564514, -23.28656827], [-46.8357828, -23.28657771], [-46.83590866, -23.28659833], [-46.83601673, -23.28663021], [-46.83617869, -23.28666698], [-46.83624483, -23.28669383], [-46.83637054, -23.2867034], [-46.8364905, -23.28672962], [-46.83658653, -23.28675611], [-46.83664034, -23.28675548], [-46.83686799, -23.28678596], [-46.83715626, -23.28687649], [-46.83727032, -23.2869083], [-46.8373905, -23.28695108], [-46.83749282, -23.28699959], [-46.83760127, -23.28705908], [-46.83770405, -23.28714074], [-46.83784292, -23.28723854], [-46.83790339, -23.28728755], [-46.83795774, -23.28732558], [-46.83800632, -23.28738025], [-46.8380369, -23.2874296], [-46.83809147, -23.2874842], [-46.83816995, -23.28753852], [-46.83821877, -23.28760976], [-46.83831572, -23.28770253], [-46.83836446, -23.28776824], [-46.83839504, -23.2878176], [-46.83844976, -23.28788325], [-46.83852862, -23.28796518], [-46.83877928, -23.28778746], [-46.83898017, -23.28767118], [-46.83948687, -23.28717228], [-46.83975963, -23.28693568], [-46.83989322, -23.28680515], [-46.84063898, -23.28569802], [-46.841206, -23.28497931], [-46.8416221, -23.28436837], [-46.84211338, -23.28368592], [-46.84256399, -23.28321354], [-46.84287446, -23.28292944], [-46.84344587, -23.28249534], [-46.84401894, -23.28216784], [-46.84439575, -23.28197837], [-46.84474806, -23.28187447], [-46.84508865, -23.28185084], [-46.84540335, -23.28186671], [-46.84562964, -23.28191509], [-46.8461001, -23.28207166], [-46.84621493, -23.2821189], [-46.84635661, -23.28220979], [-46.84642574, -23.28231709], [-46.84645129, -23.28238872], [-46.84653476, -23.2828503], [-46.84665802, -23.28341888], [-46.84674479, -23.28409549], [-46.84682088, -23.28435644], [-46.84690344, -23.28448557], [-46.84760698, -23.28502393], [-46.84852395, -23.28546058], [-46.84901012, -23.28561279], [-46.84927002, -23.28563169], [-46.84964354, -23.2856364], [-46.84996388, -23.28558908], [-46.85032031, -23.28546894], [-46.85063343, -23.28528964], [-46.85085106, -23.28508137], [-46.85101265, -23.28489782], [-46.85127011, -23.28454722], [-46.85149088, -23.28440312], [-46.85169275, -23.28436813], [-46.85241453, -23.28452634], [-46.8525719, -23.28453246], [-46.85277491, -23.28448393], [-46.85310617, -23.28434095], [-46.85387344, -23.2839639], [-46.85584757, -23.28324769], [-46.85653811, -23.28299], [-46.85819077, -23.28257946], [-46.85946838, -23.28237559], [-46.85995855, -23.28227305], [-46.86027004, -23.28214701], [-46.8607241, -23.28187337], [-46.86099242, -23.28175864], [-46.86128213, -23.28157276], [-46.86146879, -23.28141746], [-46.86160087, -23.28124716], [-46.86167579, -23.28111421], [-46.86204279, -23.27968606], [-46.86212486, -23.27919726], [-46.8622231, -23.27882877], [-46.86238508, -23.27861088], [-46.86256376, -23.27846814], [-46.86283304, -23.27843744], [-46.86310475, -23.27853233], [-46.86364919, -23.27888292], [-46.86411695, -23.27926797], [-46.86452327, -23.27955664], [-46.8648155, -23.27965263], [-46.86515633, -23.27960819], [-46.86536071, -23.27952534], [-46.86581353, -23.27935555], [-46.86608231, -23.27920107], [-46.86623074, -23.27905351], [-46.86683603, -23.27806138], [-46.86700528, -23.27797184], [-46.86716327, -23.27792555], [-46.86748907, -23.27791167], [-46.86783753, -23.27804888], [-46.86813043, -23.27817018], [-46.86835437, -23.27833594], [-46.86865484, -23.27864522], [-46.86893162, -23.27913944], [-46.86920229, -23.27965439], [-46.86926223, -23.27996124], [-46.86929932, -23.28063102], [-46.86930782, -23.28123637], [-46.86930094, -23.28157145], [-46.86932094, -23.28169993], [-46.86935391, -23.28180596], [-46.86940544, -23.28191489], [-46.86946342, -23.28197329], [-46.86966758, -23.28215782], [-46.86998157, -23.28231727], [-46.8703008, -23.28244605], [-46.87056081, -23.282539], [-46.87074452, -23.28255079], [-46.87094617, -23.28253384], [-46.87190465, -23.28227336], [-46.87275247, -23.28219245], [-46.87306945, -23.28218027], [-46.87338583, -23.28221958], [-46.87387163, -23.28232112], [-46.87400784, -23.2823803], [-46.87413991, -23.28245932], [-46.87453224, -23.28277583], [-46.8751956, -23.28332993], [-46.87543024, -23.28358432], [-46.87582358, -23.28414927], [-46.87609572, -23.28445824], [-46.87629752, -23.28476199], [-46.87640364, -23.28505214], [-46.8764715, -23.28535274], [-46.87650114, -23.2857433], [-46.87654415, -23.28657755], [-46.87655243, -23.28720548], [-46.87652565, -23.28748707], [-46.8764968, -23.28769546], [-46.87641233, -23.28789336], [-46.87554762, -23.28924247], [-46.87545963, -23.28940691], [-46.87538726, -23.28965642], [-46.87533564, -23.28997208], [-46.87536186, -23.29015392], [-46.87545218, -23.29037435], [-46.87562057, -23.29060821], [-46.87585807, -23.29087076], [-46.87624697, -23.29114838], [-46.8765083, -23.29129735], [-46.87677311, -23.29139937], [-46.87703789, -23.29142009], [-46.87723477, -23.29139406], [-46.87742549, -23.29130924], [-46.87789867, -23.29098967], [-46.87830932, -23.29091428], [-46.87876214, -23.29074536], [-46.87905625, -23.29060105], [-46.87967501, -23.29012484], [-46.87995616, -23.28983405], [-46.88026691, -23.28943696], [-46.8806296, -23.28919758], [-46.88102908, -23.28899018], [-46.8812402, -23.2889164], [-46.88145568, -23.28888874], [-46.88246239, -23.28918878], [-46.88343785, -23.2895698], [-46.88401073, -23.28975439], [-46.88462277, -23.28993574], [-46.88525207, -23.29023019], [-46.88568286, -23.29052357], [-46.88589957, -23.29072537], [-46.88610493, -23.29106167], [-46.88616642, -23.29140647], [-46.8859774, -23.29151389], [-46.88587419, -23.29164295], [-46.88580884, -23.291963], [-46.88590535, -23.29224039], [-46.88597833, -23.29235585], [-46.88626477, -23.29261616], [-46.88651873, -23.29289513], [-46.88683067, -23.2933174], [-46.88690767, -23.29350697], [-46.88694533, -23.29380004], [-46.88694172, -23.29419297], [-46.8867875, -23.29492137], [-46.88679599, -23.29561886], [-46.88683501, -23.29596253], [-46.88729015, -23.29651812], [-46.88783775, -23.29694454], [-46.88828883, -23.29742962], [-46.88863986, -23.29777188], [-46.88934327, -23.29808873], [-46.88946881, -23.2983104], [-46.88962197, -23.29918368], [-46.88971351, -23.29938514], [-46.88988175, -23.29963524], [-46.89005521, -23.29977337], [-46.89044352, -23.29993893], [-46.89134112, -23.30021073], [-46.89165714, -23.30036925], [-46.89180403, -23.30043665], [-46.8920109, -23.30047755], [-46.89279398, -23.30050519], [-46.8930621, -23.30066233], [-46.89343578, -23.30099215], [-46.89394293, -23.3010315], [-46.89414502, -23.30114733], [-46.89428545, -23.30126616], [-46.89451555, -23.30141208], [-46.89464808, -23.30145404], [-46.89512855, -23.30151662], [-46.89556156, -23.30187593], [-46.89584912, -23.30229614], [-46.89594165, -23.30258252], [-46.89603211, -23.30313086], [-46.89611394, -23.3033277], [-46.89623656, -23.30346532], [-46.89667738, -23.30382652], [-46.89687211, -23.30407145], [-46.89704593, -23.30417977], [-46.89731677, -23.30418696], [-46.89746823, -23.3041984], [-46.8976037, -23.30424039], [-46.89791242, -23.30452349], [-46.89812945, -23.30470089], [-46.8983616, -23.30483959], [-46.89882976, -23.30495262], [-46.89917793, -23.30495425], [-46.89968339, -23.30488698], [-46.9003301, -23.30486897], [-46.90068058, -23.30492482], [-46.90088162, -23.30504786], [-46.90116422, -23.30539122], [-46.901437, -23.30590703], [-46.90157264, -23.30635734], [-46.90156191, -23.3067782], [-46.90159795, -23.30704415], [-46.90172343, -23.30735796], [-46.90180058, -23.30745267], [-46.90194367, -23.3075128], [-46.90224479, -23.3075239], [-46.90302457, -23.30733284], [-46.90319094, -23.30732454], [-46.90341716, -23.30738459], [-46.90373124, -23.30762888], [-46.90405177, -23.3080765], [-46.90417774, -23.30817891], [-46.90435181, -23.30826645], [-46.90468843, -23.30833751], [-46.90489431, -23.30846511], [-46.90501043, -23.30848884], [-46.90543228, -23.30846318], [-46.90590861, -23.30863318], [-46.90615306, -23.3086392], [-46.90631911, -23.30857398], [-46.90661726, -23.30816407], [-46.90676473, -23.30809867], [-46.90686732, -23.30810781], [-46.90716136, -23.30822453], [-46.9073803, -23.30840735], [-46.90761587, -23.30867526], [-46.90779966, -23.3087683], [-46.90809733, -23.30873961], [-46.90831948, -23.30864332], [-46.90858614, -23.3084201], [-46.90890812, -23.30806372], [-46.90897006, -23.30803542], [-46.90920737, -23.30806756], [-46.90967357, -23.30835308], [-46.91030244, -23.30852638], [-46.91065987, -23.30857415], [-46.91096797, -23.30857446], [-46.91168084, -23.30850285], [-46.9119998, -23.30857915], [-46.91232387, -23.30872145], [-46.91272756, -23.30882929], [-46.91305247, -23.30881259], [-46.9136729, -23.30844377], [-46.91430595, -23.30816811], [-46.91453342, -23.30811975], [-46.91502195, -23.30807936], [-46.91540226, -23.30809392], [-46.9157237, -23.30820998], [-46.91620556, -23.3083249], [-46.91638657, -23.30840436], [-46.91675073, -23.30863376], [-46.91696832, -23.30884999], [-46.91735642, -23.30955118], [-46.91762747, -23.31022503], [-46.9177666, -23.31037454], [-46.91802332, -23.31050532], [-46.91828457, -23.31049703], [-46.91856654, -23.31038777], [-46.91877798, -23.31020193], [-46.91907871, -23.30973421], [-46.91932452, -23.30945114], [-46.91989654, -23.30895173], [-46.9206052, -23.30822149], [-46.92090927, -23.30797422], [-46.92133393, -23.30778775], [-46.92165067, -23.30771585], [-46.92216726, -23.30770191], [-46.92249382, -23.30779814], [-46.92286352, -23.30814231], [-46.92314998, -23.3084956], [-46.92348589, -23.3088015], [-46.92364517, -23.30890061], [-46.9238993, -23.30900155], [-46.92411249, -23.30909035], [-46.92455418, -23.30938372], [-46.92547589, -23.31012621], [-46.92587602, -23.31037581], [-46.92676302, -23.31081804], [-46.92745637, -23.31108675], [-46.9277684, -23.3112578], [-46.92795736, -23.31132739], [-46.9283214, -23.31139777], [-46.92904743, -23.31145901], [-46.93023412, -23.31135126], [-46.93048821, -23.31137089], [-46.93075229, -23.31145746], [-46.93086877, -23.31153628], [-46.93126162, -23.31199809], [-46.93154422, -23.31243625], [-46.93167716, -23.31278804], [-46.93191057, -23.31385446], [-46.93204677, -23.31400574], [-46.93285871, -23.31451587], [-46.93307637, -23.31472845], [-46.933261, -23.3150952], [-46.93330179, -23.31520671], [-46.93336048, -23.3157249], [-46.93331896, -23.3163677], [-46.93336121, -23.31678275], [-46.93341583, -23.31688265], [-46.93354377, -23.31698597], [-46.9337528, -23.31701238], [-46.93401108, -23.31692183], [-46.93430589, -23.31671419], [-46.93456896, -23.31671944], [-46.93469759, -23.31676224], [-46.93484234, -23.31702291], [-46.93500438, -23.31722502], [-46.93548374, -23.31739135], [-46.93572691, -23.31759876], [-46.93586651, -23.31779614], [-46.93593148, -23.31801899], [-46.93582867, -23.31837393], [-46.93583569, -23.31853208], [-46.9359145, -23.3186557], [-46.93614774, -23.31870312], [-46.93632872, -23.31878797], [-46.93634333, -23.31887936], [-46.93627527, -23.31918946], [-46.93634467, -23.31945301], [-46.93650218, -23.31953763], [-46.93678215, -23.31960447], [-46.93691166, -23.31974303], [-46.93690266, -23.31993356], [-46.9367994, -23.32006897], [-46.93680306, -23.32017741], [-46.9368201, -23.32022816], [-46.93697396, -23.32037599], [-46.93695263, -23.32061879], [-46.93697136, -23.32077887], [-46.93707262, -23.32090631], [-46.93726509, -23.32101386], [-46.93733345, -23.32111028], [-46.93734843, -23.32125587], [-46.93725811, -23.32145825], [-46.93726484, -23.32155498], [-46.93743512, -23.32163431], [-46.93788023, -23.32163137], [-46.93818556, -23.3217924], [-46.93836163, -23.32196574], [-46.9384691, -23.32223688], [-46.93845715, -23.32234246], [-46.93842526, -23.32239455], [-46.93812179, -23.32258765], [-46.93810645, -23.32273385], [-46.9382142, -23.32280716], [-46.93846384, -23.32278878], [-46.93865816, -23.32281956], [-46.93869358, -23.32288766], [-46.93871074, -23.32310011], [-46.93876727, -23.32320545], [-46.93883697, -23.32327026], [-46.93893078, -23.32327839], [-46.93906294, -23.323183], [-46.93916177, -23.32300599], [-46.93931291, -23.32287555], [-46.93969779, -23.32274918], [-46.93982686, -23.32257968], [-46.94000772, -23.3216356], [-46.9403974, -23.32108288], [-46.94081491, -23.32014468], [-46.94091791, -23.32003185], [-46.94109051, -23.31999286], [-46.94133483, -23.32001237], [-46.94143515, -23.32005038], [-46.94151554, -23.32012161], [-46.94157272, -23.32025496], [-46.94157347, -23.32044919], [-46.94153118, -23.32055628], [-46.94122528, -23.32087945], [-46.94121055, -23.32105818], [-46.941244, -23.32112716], [-46.94129064, -23.32115561], [-46.94161131, -23.32108371], [-46.94179505, -23.32109813], [-46.94192856, -23.32140204], [-46.94205212, -23.32154867], [-46.94216862, -23.32153985], [-46.94241638, -23.32142841], [-46.94262454, -23.32144486], [-46.94289181, -23.32185936], [-46.94301572, -23.3220611], [-46.94314133, -23.32219962], [-46.94328977, -23.32256871], [-46.94347431, -23.32268521], [-46.943711, -23.32268839], [-46.94387002, -23.32263842], [-46.94401382, -23.32255127], [-46.94427953, -23.32249601], [-46.94453105, -23.32248487], [-46.94468332, -23.32251434], [-46.94473084, -23.32255002], [-46.94480849, -23.32269079], [-46.94484792, -23.32301186], [-46.94491993, -23.32321942], [-46.94524265, -23.32348811], [-46.94534251, -23.32374111], [-46.94533093, -23.32398761], [-46.94511436, -23.32445709], [-46.94508052, -23.32468261], [-46.94510937, -23.32481387], [-46.94522219, -23.32495859], [-46.94550949, -23.32489811], [-46.9463738, -23.32449988], [-46.94672894, -23.32449515], [-46.94693495, -23.32461728], [-46.94705618, -23.3247973], [-46.94710778, -23.32499292], [-46.94703983, -23.32546925], [-46.94706132, -23.32555889], [-46.94729963, -23.32567951], [-46.94781569, -23.32571788], [-46.94830087, -23.32597998], [-46.94867123, -23.32601424], [-46.94891117, -23.32598944], [-46.94922691, -23.32583437], [-46.94943292, -23.32560779], [-46.94941469, -23.32531493], [-46.94928448, -23.32497582], [-46.9492168, -23.32464274], [-46.94926677, -23.32437401], [-46.94932352, -23.32428603], [-46.94956609, -23.32411309], [-46.94991581, -23.32398093], [-46.9501294, -23.32395046], [-46.95061933, -23.32396327], [-46.95112621, -23.32412259], [-46.95128041, -23.3242415], [-46.95172725, -23.32478327], [-46.951933, -23.32492887], [-46.95219294, -23.32503976], [-46.95258655, -23.3250932], [-46.95284917, -23.32505234], [-46.95298587, -23.3249868], [-46.95332832, -23.32471725], [-46.95364375, -23.32459018], [-46.95374661, -23.3245767], [-46.95403331, -23.32465623], [-46.95444883, -23.32511277], [-46.9545324, -23.32516235], [-46.95471977, -23.32520298], [-46.95499119, -23.32524893], [-46.95538485, -23.32521113], [-46.95568372, -23.32516519], [-46.95592807, -23.32518288], [-46.95603968, -23.32526253], [-46.95613823, -23.32537188], [-46.95625523, -23.32549404], [-46.95635785, -23.32558987], [-46.9564558, -23.32566578], [-46.95658995, -23.32574114], [-46.95710796, -23.32604327], [-46.95734653, -23.3261413], [-46.95763084, -23.32617291], [-46.95796623, -23.32609751], [-46.95827046, -23.32609679], [-46.9585045, -23.32624988], [-46.95872973, -23.32666667], [-46.95862803, -23.32692677], [-46.95861661, -23.32733679]]]]}}]}