{"type": "FeatureCollection", "features": [{"type": "Feature", "properties": {"name": "Área de Proteção Ambiental Quilombos do Médio Ribeira"}, "geometry": {"type": "MultiPolygon", "coordinates": [[[[-48.51272935, -24.7409188], [-48.51404134, -24.74011984], [-48.51509933, -24.73942179], [-48.51591132, -24.73911084], [-48.51693033, -24.73915986], [-48.51808332, -24.73949985], [-48.51876332, -24.73948684], [-48.51947736, -24.73899079], [-48.52012738, -24.73860783], [-48.52102535, -24.73840278], [-48.52167837, -24.73778984], [-48.5220954, -24.73701182], [-48.52265635, -24.73663983], [-48.52398342, -24.73638283], [-48.52567544, -24.73686875], [-48.52624839, -24.73721174], [-48.52672045, -24.73831281], [-48.5272884, -24.73897878], [-48.52826843, -24.73979981], [-48.52902044, -24.73999477], [-48.53006845, -24.73985981], [-48.53082244, -24.73929479], [-48.53171746, -24.7385128], [-48.53239848, -24.73776274], [-48.53299248, -24.73694176], [-48.53334748, -24.73613976], [-48.5331095, -24.73535273], [-48.53232842, -24.73464979], [-48.53149744, -24.73391174], [-48.5312794, -24.73272174], [-48.53058347, -24.73218174], [-48.53077645, -24.73122773], [-48.53144442, -24.73053476], [-48.53237342, -24.7299717], [-48.53356643, -24.72945874], [-48.53440945, -24.72883776], [-48.53530543, -24.72799773], [-48.53617048, -24.72751472], [-48.53761344, -24.72715572], [-48.53928351, -24.72669666], [-48.54094146, -24.72629369], [-48.54203453, -24.72641368], [-48.54299049, -24.72647366], [-48.54363252, -24.72649465], [-48.54403055, -24.72608571], [-48.54434555, -24.72535268], [-48.54482655, -24.7245067], [-48.54496654, -24.72371369], [-48.54540455, -24.7232017], [-48.54624352, -24.72274067], [-48.54689852, -24.72202467], [-48.54705849, -24.72150867], [-48.54696655, -24.72101164], [-48.54633552, -24.72041465], [-48.5463595, -24.71976964], [-48.54658549, -24.71906962], [-48.54698554, -24.71852263], [-48.54791352, -24.71874365], [-48.54939955, -24.7187416], [-48.55061353, -24.7185056], [-48.55146158, -24.71826461], [-48.55217757, -24.71761862], [-48.55300355, -24.71653565], [-48.55315253, -24.71593861], [-48.55294354, -24.71492159], [-48.55272956, -24.71416864], [-48.55280858, -24.71329457], [-48.55263957, -24.71216261], [-48.55256751, -24.71123961], [-48.55251888, -24.71104273], [-48.55251636, -24.71103914], [-48.55217998, -24.71113243], [-48.55198328, -24.71113249], [-48.5517925, -24.71120927], [-48.55153622, -24.71121839], [-48.5511817, -24.71106054], [-48.55086481, -24.71080341], [-48.55018306, -24.70997776], [-48.54928637, -24.70902582], [-48.54904178, -24.70892209], [-48.54884843, -24.70876419], [-48.54861459, -24.70843483], [-48.5484091, -24.7079836], [-48.54815828, -24.70768131], [-48.54807422, -24.70747826], [-48.54799503, -24.70703602], [-48.54789334, -24.70672466], [-48.54755071, -24.70611101], [-48.54742922, -24.70570488], [-48.54592512, -24.70479804], [-48.54437971, -24.70389395], [-48.54404245, -24.70372467], [-48.5437448, -24.70367961], [-48.54355369, -24.70370224], [-48.54329653, -24.70382415], [-48.54255876, -24.70431625], [-48.54235132, -24.70441558], [-48.5421386, -24.70447431], [-48.54168781, -24.70443833], [-48.54106778, -24.70426699], [-48.54044593, -24.70419042], [-48.53983084, -24.70400103], [-48.53941709, -24.70394247], [-48.53904342, -24.70365373], [-48.53890506, -24.70350935], [-48.53836635, -24.70265654], [-48.53807048, -24.70233619], [-48.53784319, -24.70214219], [-48.53730866, -24.70182641], [-48.53712542, -24.70176186], [-48.53712537, -24.68932947], [-48.53465508, -24.68932946], [-48.53465513, -24.68579957], [-48.5321849, -24.68579951], [-48.53218503, -24.68226962], [-48.5291912, -24.6822695], [-48.52919145, -24.67798126], [-48.52326914, -24.6779827], [-48.52139439, -24.67797959], [-48.51953278, -24.67798404], [-48.51637348, -24.6779801], [-48.51636402, -24.67796836], [-48.51637326, -24.67797999], [-48.51140692, -24.67797933], [-48.51140584, -24.68335994], [-48.50871828, -24.68335946], [-48.50871704, -24.68892965], [-48.50595032, -24.68892911], [-48.50594896, -24.69447221], [-48.50318212, -24.69447162], [-48.50318069, -24.69981611], [-48.50881344, -24.69981726], [-48.50881256, -24.70376243], [-48.51444549, -24.70376337], [-48.51444479, -24.70770853], [-48.51776299, -24.70770899], [-48.51687174, -24.70849409], [-48.51690631, -24.7092066], [-48.51704637, -24.71114889], [-48.51709949, -24.71127524], [-48.51714891, -24.71131586], [-48.51724713, -24.71164528], [-48.51750534, -24.71216874], [-48.517602, -24.71238083], [-48.51797072, -24.7127012], [-48.51826472, -24.71303965], [-48.51840493, -24.71329686], [-48.51850071, -24.71364884], [-48.51819236, -24.71466755], [-48.51662513, -24.71486128], [-48.51364372, -24.71360358], [-48.51234311, -24.71248348], [-48.50927785, -24.71276511], [-48.50951038, -24.71303587], [-48.50987012, -24.71334273], [-48.51027836, -24.71392035], [-48.5106026, -24.71421367], [-48.51094013, -24.71477323], [-48.5114738, -24.71586079], [-48.51175573, -24.71609545], [-48.51229427, -24.71634361], [-48.51245485, -24.71651509], [-48.51263588, -24.71745375], [-48.51278847, -24.71797722], [-48.51300372, -24.71823444], [-48.51345706, -24.71864958], [-48.51357287, -24.71883461], [-48.5136365, -24.71906024], [-48.51354822, -24.71937614], [-48.51346147, -24.71956118], [-48.51341426, -24.71990867], [-48.51124691, -24.72047555], [-48.51117518, -24.71981541], [-48.51097155, -24.71938564], [-48.51089673, -24.71888049], [-48.51082345, -24.71829784], [-48.5103275, -24.71763065], [-48.51008608, -24.71696769], [-48.50959091, -24.71626174], [-48.50909266, -24.7157108], [-48.50854658, -24.71543039], [-48.50782553, -24.71538265], [-48.50381917, -24.7167908], [-48.5037673, -24.71702096], [-48.50361569, -24.71724208], [-48.50332852, -24.71751738], [-48.50318958, -24.71774302], [-48.50311702, -24.71800929], [-48.50315349, -24.71876744], [-48.50296328, -24.71962941], [-48.50293118, -24.72008972], [-48.50314148, -24.72103739], [-48.50318659, -24.72180007], [-48.50329561, -24.72218817], [-48.50344722, -24.7224499], [-48.50355191, -24.7225898], [-48.50310664, -24.72269361], [-48.50276942, -24.72271167], [-48.50236305, -24.72266203], [-48.50163924, -24.72234163], [-48.50080272, -24.72216564], [-48.50063998, -24.7221521], [-48.50047694, -24.72217467], [-48.50026356, -24.72217917], [-48.50001004, -24.72215209], [-48.49959471, -24.72205281], [-48.49842995, -24.72217917], [-48.49803159, -24.72218367], [-48.49755573, -24.72212049], [-48.49725159, -24.7221566], [-48.49696533, -24.72213853], [-48.49668031, -24.72206632], [-48.49658675, -24.72199411], [-48.49652177, -24.72188686], [-48.49635361, -24.72169176], [-48.49618131, -24.7215654], [-48.49583145, -24.72152477], [-48.49533645, -24.72157439], [-48.49485876, -24.72158791], [-48.49454256, -24.72148863], [-48.49425292, -24.72124943], [-48.49344918, -24.72042806], [-48.49262968, -24.71970147], [-48.49221066, -24.71941714], [-48.49184908, -24.71920953], [-48.49124914, -24.7189252], [-48.49101385, -24.71878077], [-48.48959194, -24.71819853], [-48.48862949, -24.71775169], [-48.48768527, -24.71718301], [-48.48771129, -24.71745538], [-48.48743118, -24.71942792], [-48.48745915, -24.72170937], [-48.48734794, -24.72212454], [-48.48728333, -24.72293684], [-48.48719405, -24.72344227], [-48.48717023, -24.72383489], [-48.48719676, -24.72409664], [-48.48734649, -24.72455243], [-48.48786951, -24.72547761], [-48.48802235, -24.72578449], [-48.48813503, -24.7261365], [-48.48812419, -24.72627188], [-48.48800552, -24.72641049], [-48.48788702, -24.72658326], [-48.48766126, -24.72674569], [-48.48724713, -24.72714729], [-48.48714732, -24.72763016], [-48.48721986, -24.7280995], [-48.48720686, -24.72836123], [-48.48709162, -24.72892532], [-48.48702455, -24.72950748], [-48.48682591, -24.73025208], [-48.48663965, -24.73080713], [-48.48656673, -24.73124487], [-48.48660868, -24.73159236], [-48.48669452, -24.73169164], [-48.48705582, -24.73193987], [-48.48720589, -24.7320527], [-48.48735504, -24.73220615], [-48.48743007, -24.73234606], [-48.48760763, -24.73255817], [-48.48896709, -24.7329459], [-48.49039913, -24.73336984], [-48.49137814, -24.73375585], [-48.4923581, -24.73399289], [-48.49279411, -24.73464089], [-48.49317816, -24.73549484], [-48.49323612, -24.73615185], [-48.49344317, -24.73699391], [-48.49405011, -24.73670989], [-48.49439414, -24.73611392], [-48.49541216, -24.73638488], [-48.49625014, -24.73539984], [-48.49675712, -24.73499988], [-48.49758917, -24.73484386], [-48.4981942, -24.73475588], [-48.49873518, -24.73478187], [-48.49859122, -24.7355419], [-48.49829814, -24.73606888], [-48.49906418, -24.7362349], [-48.49974222, -24.73655086], [-48.50019319, -24.73686484], [-48.50011516, -24.73713986], [-48.49944621, -24.73742387], [-48.49985123, -24.73804688], [-48.5007162, -24.73849085], [-48.5018282, -24.73839587], [-48.50246322, -24.73811688], [-48.50312221, -24.73784983], [-48.50329923, -24.73711489], [-48.50355723, -24.73612781], [-48.50479527, -24.7359268], [-48.50556425, -24.73589287], [-48.50661929, -24.73605788], [-48.50724227, -24.73640186], [-48.50769023, -24.7373988], [-48.50831426, -24.73842285], [-48.50917927, -24.73935687], [-48.50909324, -24.73924083], [-48.51038733, -24.74014688], [-48.51145829, -24.74081982], [-48.51189427, -24.74110283], [-48.51272935, -24.7409188]]], [[[-48.66587843, -24.70608321], [-48.66727843, -24.70521524], [-48.66859049, -24.70430022], [-48.66912944, -24.70371919], [-48.66942544, -24.70334322], [-48.66988243, -24.70310719], [-48.67109646, -24.7035392], [-48.67219744, -24.70396918], [-48.67322947, -24.70325716], [-48.67376352, -24.70298721], [-48.6749885, -24.70275116], [-48.67578248, -24.70200114], [-48.6761965, -24.7013492], [-48.67636747, -24.70085612], [-48.67714054, -24.69985316], [-48.67751554, -24.69923518], [-48.67751152, -24.69870518], [-48.67699046, -24.69823712], [-48.67626152, -24.69819316], [-48.67528145, -24.69881314], [-48.67432748, -24.6993652], [-48.67345744, -24.69939918], [-48.67249148, -24.69922418], [-48.67200747, -24.69874513], [-48.6721285, -24.69830912], [-48.67288446, -24.69751314], [-48.67346195, -24.69675631], [-48.67356406, -24.69666332], [-48.67477548, -24.6958791], [-48.67683149, -24.69416709], [-48.67742851, -24.69312612], [-48.67757751, -24.69249416], [-48.6774375, -24.69178914], [-48.67656748, -24.69114412], [-48.67525548, -24.69046914], [-48.67402145, -24.68970312], [-48.67332843, -24.68901308], [-48.67301242, -24.68832916], [-48.67298641, -24.68758015], [-48.67332142, -24.68638613], [-48.67396639, -24.68547307], [-48.67466841, -24.68488308], [-48.67566842, -24.68457413], [-48.67579147, -24.68398807], [-48.67566443, -24.68328307], [-48.67471838, -24.68262513], [-48.67372243, -24.68196604], [-48.67304244, -24.68123009], [-48.67245038, -24.68046211], [-48.67211938, -24.67995005], [-48.6720614, -24.67963807], [-48.67288939, -24.67902711], [-48.67473241, -24.67801503], [-48.67609339, -24.6771921], [-48.67707642, -24.67637604], [-48.67795146, -24.67522402], [-48.67772243, -24.67463306], [-48.67692042, -24.67440306], [-48.67632137, -24.67406104], [-48.6764844, -24.67332507], [-48.67720241, -24.67259704], [-48.67807241, -24.67173302], [-48.67880641, -24.67147805], [-48.68050746, -24.67142104], [-48.68243643, -24.67129704], [-48.68384649, -24.67125906], [-48.68494144, -24.67131999], [-48.68616949, -24.67092197], [-48.68720844, -24.67048601], [-48.68789752, -24.66995396], [-48.68817348, -24.66924299], [-48.68789448, -24.66861697], [-48.68739045, -24.66786096], [-48.68728845, -24.667191], [-48.68771444, -24.66655102], [-48.68736746, -24.66542894], [-48.68736349, -24.66493296], [-48.68815544, -24.66421793], [-48.68923049, -24.66317198], [-48.6901805, -24.66285096], [-48.69088847, -24.66186893], [-48.69209445, -24.66049096], [-48.69295148, -24.65968394], [-48.69381152, -24.65868194], [-48.69487249, -24.65772796], [-48.6954085, -24.65649093], [-48.69680149, -24.65525286], [-48.69686746, -24.65428586], [-48.69762848, -24.6531899], [-48.69834753, -24.65233489], [-48.6993125, -24.65104584], [-48.7000905, -24.64963885], [-48.70067346, -24.64867886], [-48.70176948, -24.64783988], [-48.70236849, -24.64736386], [-48.70295748, -24.64678489], [-48.70347552, -24.64590385], [-48.70343851, -24.6450738], [-48.70313955, -24.64414788], [-48.70362248, -24.64307082], [-48.70462552, -24.64254284], [-48.70559752, -24.64239379], [-48.70659749, -24.64201584], [-48.70772849, -24.64137382], [-48.70875658, -24.64086885], [-48.70957156, -24.64026884], [-48.71035359, -24.63943881], [-48.71135259, -24.63915178], [-48.71185552, -24.63839782], [-48.71223055, -24.63781582], [-48.71345658, -24.63673677], [-48.71405959, -24.6360308], [-48.71474555, -24.63561282], [-48.71562557, -24.63489878], [-48.71719459, -24.63365171], [-48.71802361, -24.63295971], [-48.71837555, -24.63223872], [-48.71844193, -24.6318794], [-48.71840917, -24.63184927], [-48.71801401, -24.63143268], [-48.71779305, -24.63080635], [-48.71797485, -24.63012286], [-48.7179565, -24.6296914], [-48.71783596, -24.62924884], [-48.71759627, -24.62884949], [-48.71731793, -24.62865791], [-48.7167624, -24.6287094], [-48.71600412, -24.62913958], [-48.71509849, -24.62950775], [-48.71399247, -24.62976863], [-48.71311834, -24.6298074], [-48.71230621, -24.62956942], [-48.71172851, -24.62897052], [-48.7111698, -24.6283719], [-48.71075859, -24.62747206], [-48.71039304, -24.62689355], [-48.70996333, -24.62660119], [-48.70967592, -24.62654308], [-48.70868148, -24.62661437], [-48.70740539, -24.62674677], [-48.70613117, -24.62677795], [-48.70503215, -24.62652244], [-48.70417053, -24.62625031], [-48.70355516, -24.62580912], [-48.70313559, -24.62572183], [-48.70276768, -24.6258214], [-48.70270023, -24.62605922], [-48.70269085, -24.62657213], [-48.70242228, -24.62681549], [-48.70211894, -24.6271549], [-48.70191479, -24.62806487], [-48.70180047, -24.62859834], [-48.7015912, -24.62917815], [-48.7012327, -24.62971753], [-48.7006631, -24.63054152], [-48.69947176, -24.63209249], [-48.69783748, -24.63363668], [-48.69675203, -24.63512645], [-48.696433, -24.63574134], [-48.69603419, -24.6362015], [-48.69553178, -24.6365014], [-48.69515434, -24.63662421], [-48.69484448, -24.63689808], [-48.69487406, -24.63784159], [-48.69493914, -24.63881673], [-48.69517184, -24.63954439], [-48.69524097, -24.64008776], [-48.69525149, -24.64048329], [-48.69519114, -24.64064551], [-48.69483687, -24.64084401], [-48.69430689, -24.64082649], [-48.69388433, -24.64064294], [-48.69341332, -24.64052971], [-48.69222035, -24.64087293], [-48.69098651, -24.64128782], [-48.69052768, -24.64155138], [-48.69015777, -24.64185235], [-48.69000225, -24.64208811], [-48.68980232, -24.64237653], [-48.68969497, -24.64241291], [-48.68862998, -24.64152947], [-48.68731659, -24.64069225], [-48.6865939, -24.63986157], [-48.68656802, -24.63983899], [-48.6858609, -24.63886119], [-48.68532445, -24.63800022], [-48.68440006, -24.63707482], [-48.68309373, -24.63583984], [-48.68178553, -24.63470605], [-48.68022638, -24.63366961], [-48.67863302, -24.63298696], [-48.67726299, -24.63220651], [-48.67594929, -24.63137631], [-48.67505473, -24.63068152], [-48.67453799, -24.62983592], [-48.67296815, -24.62788812], [-48.67215182, -24.62711618], [-48.67122748, -24.62662823], [-48.67023115, -24.62617528], [-48.6695604, -24.62585562], [-48.66878239, -24.62533562], [-48.66782443, -24.62456879], [-48.66656811, -24.62363817], [-48.66566788, -24.62291553], [-48.66441063, -24.62203548], [-48.66326602, -24.62105593], [-48.66246935, -24.62067617], [-48.66133119, -24.62041455], [-48.66074402, -24.61995811], [-48.6603097, -24.61929013], [-48.65970573, -24.61847949], [-48.65884437, -24.61764631], [-48.65748784, -24.61615725], [-48.65640529, -24.61482432], [-48.65537528, -24.61364402], [-48.6539605, -24.61285484], [-48.65284532, -24.61230878], [-48.65146591, -24.61213167], [-48.65016648, -24.61222806], [-48.64828652, -24.61198959], [-48.64421029, -24.6046337], [-48.64374186, -24.60483385], [-48.64261391, -24.60526786], [-48.64161182, -24.60574888], [-48.64077186, -24.60559889], [-48.63993589, -24.60514988], [-48.63832887, -24.60419385], [-48.63749381, -24.60370992], [-48.63689078, -24.60363285], [-48.63582183, -24.6043319], [-48.6346918, -24.60567587], [-48.63375376, -24.60610089], [-48.63257678, -24.60795193], [-48.6319448, -24.60888795], [-48.63106876, -24.60932593], [-48.63002382, -24.60936895], [-48.62869174, -24.61000693], [-48.62768477, -24.61077692], [-48.62669776, -24.61179991], [-48.62621076, -24.61234598], [-48.62558873, -24.61266095], [-48.62484775, -24.61259294], [-48.62400272, -24.61193496], [-48.62314677, -24.61120894], [-48.62256774, -24.61123499], [-48.62232469, -24.61143898], [-48.62145276, -24.61313302], [-48.62084375, -24.61416194], [-48.62043171, -24.61544703], [-48.62089975, -24.61753903], [-48.62119472, -24.61944501], [-48.62163277, -24.62183598], [-48.62255379, -24.62392404], [-48.6233158, -24.62500605], [-48.62438379, -24.62583903], [-48.62577181, -24.62636598], [-48.62767586, -24.62763701], [-48.62833082, -24.62837203], [-48.62885187, -24.62882905], [-48.62899184, -24.62947597], [-48.62801681, -24.62983105], [-48.62614686, -24.63024302], [-48.62158883, -24.63110204], [-48.61872975, -24.63192602], [-48.61700372, -24.63202907], [-48.61586497, -24.63235179], [-48.61653629, -24.63267781], [-48.61721108, -24.63305794], [-48.61770691, -24.63355065], [-48.61860241, -24.63428059], [-48.6193521, -24.63470807], [-48.61999765, -24.63505262], [-48.62025267, -24.63519685], [-48.62041038, -24.63520577], [-48.62074832, -24.63525516], [-48.62162624, -24.63524104], [-48.62238024, -24.63496512], [-48.62284537, -24.634703], [-48.62313171, -24.63464863], [-48.623868, -24.63462099], [-48.62442492, -24.63451677], [-48.62497891, -24.6342591], [-48.62553654, -24.63391567], [-48.62575116, -24.63373949], [-48.62670449, -24.6328271], [-48.62718404, -24.63248824], [-48.62751837, -24.63230294], [-48.6279692, -24.63195507], [-48.62836034, -24.63178779], [-48.62867419, -24.63180108], [-48.62959334, -24.63197637], [-48.62982756, -24.63196715], [-48.63003116, -24.6318993], [-48.63025693, -24.63176373], [-48.63045546, -24.63156047], [-48.63053248, -24.63143404], [-48.63063992, -24.63083822], [-48.6313164, -24.63152819], [-48.631513, -24.63156414], [-48.63176891, -24.63164968], [-48.6321336, -24.63191115], [-48.63233882, -24.63223593], [-48.63248919, -24.63265102], [-48.63252991, -24.63294886], [-48.63247688, -24.63330995], [-48.63226872, -24.63377949], [-48.63211818, -24.6341542], [-48.63203633, -24.63440249], [-48.63194212, -24.63462371], [-48.63181242, -24.63484947], [-48.63167276, -24.63498949], [-48.63130213, -24.63531925], [-48.63096882, -24.63560384], [-48.63076344, -24.63575745], [-48.63044512, -24.6359247], [-48.63015051, -24.63603325], [-48.62918376, -24.63612878], [-48.62854375, -24.63616089], [-48.62831732, -24.6362423], [-48.62815815, -24.63633268], [-48.62798369, -24.63654493], [-48.62788049, -24.63672554], [-48.62783476, -24.63694832], [-48.62790982, -24.63741603], [-48.62813393, -24.63781301], [-48.6286563, -24.63868364], [-48.62877928, -24.63885052], [-48.62916564, -24.63949559], [-48.62958792, -24.6399195], [-48.63007089, -24.64024857], [-48.63067547, -24.64058657], [-48.63129014, -24.64082077], [-48.63318164, -24.64179859], [-48.63397909, -24.6433685], [-48.63421469, -24.64381962], [-48.63442253, -24.64426625], [-48.63450818, -24.6447581], [-48.63463427, -24.64524542], [-48.63493935, -24.64572356], [-48.63530087, -24.64615652], [-48.63578237, -24.64651265], [-48.63633712, -24.64678537], [-48.63572169, -24.64805778], [-48.63532896, -24.64879044], [-48.63538303, -24.64932791], [-48.63571947, -24.64990456], [-48.63585357, -24.6501606], [-48.63598349, -24.65063878], [-48.63597632, -24.65101956], [-48.63593561, -24.65133634], [-48.63582607, -24.65162029], [-48.63540523, -24.65183586], [-48.63453421, -24.65198085], [-48.6341864, -24.65200712], [-48.63283609, -24.65237612], [-48.63156735, -24.65275939], [-48.6311441, -24.65310187], [-48.63030779, -24.65324739], [-48.62985641, -24.65324027], [-48.6295074, -24.65332999], [-48.6290141, -24.6537031], [-48.62615038, -24.65723465], [-48.62532139, -24.65796162], [-48.6245814, -24.65852126], [-48.62394497, -24.65911428], [-48.62331394, -24.65942171], [-48.62310483, -24.65883099], [-48.62268286, -24.65794965], [-48.62218462, -24.65688488], [-48.62159283, -24.65654751], [-48.62080103, -24.65624341], [-48.6191452, -24.6562695], [-48.61858868, -24.65630685], [-48.61788326, -24.65620331], [-48.61693272, -24.65570338], [-48.61671023, -24.65544587], [-48.61653781, -24.65521226], [-48.61603621, -24.65501959], [-48.61565779, -24.65499049], [-48.61549365, -24.65421913], [-48.61533332, -24.65351828], [-48.61533935, -24.65320096], [-48.61510535, -24.65272112], [-48.61507605, -24.65243498], [-48.61501385, -24.6520531], [-48.6146376, -24.65151101], [-48.61426273, -24.65129728], [-48.61375894, -24.65122001], [-48.61335529, -24.65119051], [-48.61279528, -24.65141248], [-48.61243467, -24.65177617], [-48.61179538, -24.6521816], [-48.61128147, -24.65263521], [-48.61053675, -24.65326983], [-48.6102249, -24.65372663], [-48.60953638, -24.65406201], [-48.60915315, -24.6542868], [-48.60884744, -24.65442047], [-48.60836494, -24.6545513], [-48.6079648, -24.65433715], [-48.60776715, -24.65410311], [-48.60741798, -24.65386666], [-48.6066865, -24.65193743], [-48.60627674, -24.65144729], [-48.60571129, -24.65063018], [-48.60533951, -24.65025485], [-48.605067, -24.64997344], [-48.60439391, -24.64950095], [-48.60392421, -24.64896241], [-48.60347447, -24.64870128], [-48.60307305, -24.64855634], [-48.60247047, -24.64836201], [-48.60040501, -24.6467715], [-48.59973222, -24.64650565], [-48.59901957, -24.64623915], [-48.59835445, -24.64557253], [-48.59776698, -24.64501648], [-48.59502549, -24.64270182], [-48.59459973, -24.6425103], [-48.59376815, -24.64240463], [-48.59288959, -24.64211351], [-48.59208238, -24.6420544], [-48.59163002, -24.6419317], [-48.59103104, -24.64155268], [-48.59045643, -24.64122024], [-48.58955619, -24.64074403], [-48.58880346, -24.640478], [-48.5876306, -24.64012071], [-48.58735529, -24.63995079], [-48.58710708, -24.63981948], [-48.58664952, -24.63971028], [-48.58603535, -24.63977681], [-48.58535893, -24.63963769], [-48.58473295, -24.63935056], [-48.58418673, -24.63885694], [-48.58365952, -24.63868684], [-48.58293121, -24.63846733], [-48.58257858, -24.63841548], [-48.58197073, -24.63849805], [-48.58141341, -24.63858144], [-48.58096466, -24.63827406], [-48.58038829, -24.63803392], [-48.57953817, -24.63758154], [-48.57893302, -24.63752562], [-48.57794507, -24.63767132], [-48.57741256, -24.63777818], [-48.5767974, -24.63801436], [-48.57610322, -24.6383313], [-48.57558107, -24.63903382], [-48.57530328, -24.64102544], [-48.57426476, -24.64212978], [-48.57317646, -24.64271377], [-48.57176867, -24.64280041], [-48.570214, -24.64274794], [-48.56924042, -24.64230297], [-48.56909181, -24.64196906], [-48.56849757, -24.64103509], [-48.5682984, -24.64081854], [-48.56774981, -24.64043064], [-48.56698489, -24.64005637], [-48.56615729, -24.63960089], [-48.56527132, -24.63903709], [-48.56457063, -24.63871694], [-48.56361817, -24.63848715], [-48.56314469, -24.6383023], [-48.56281469, -24.63810835], [-48.56243739, -24.6376978], [-48.56217615, -24.63734588], [-48.56206986, -24.63705257], [-48.56203054, -24.63678631], [-48.5618429, -24.6360733], [-48.56178259, -24.63576192], [-48.56203544, -24.63531051], [-48.56209926, -24.63518862], [-48.56272849, -24.63451593], [-48.56288953, -24.63440304], [-48.56316436, -24.63413666], [-48.56322788, -24.6340193], [-48.56323904, -24.63372092], [-48.56326385, -24.63366011], [-48.56246106, -24.63308957], [-48.56236465, -24.63323473], [-48.56225582, -24.63337428], [-48.56152539, -24.63340615], [-48.56139637, -24.63334301], [-48.56122192, -24.63311742], [-48.56098131, -24.63264364], [-48.56067531, -24.63222403], [-48.56053549, -24.63216541], [-48.56037686, -24.6321429], [-48.56019327, -24.63218358], [-48.56006771, -24.63225132], [-48.55997243, -24.63242737], [-48.55990003, -24.63269819], [-48.55981613, -24.63279753], [-48.55961, -24.63282918], [-48.55885108, -24.63268017], [-48.55841905, -24.63262651], [-48.55812374, -24.63264016], [-48.5578411, -24.63270345], [-48.55756247, -24.63280283], [-48.5573706, -24.63297893], [-48.55738581, -24.63315494], [-48.55743893, -24.63327675], [-48.55742632, -24.63336252], [-48.55725201, -24.63348443], [-48.55688266, -24.63358836], [-48.55662409, -24.6336381], [-48.55637968, -24.63365172], [-48.55569038, -24.63386859], [-48.5549795, -24.6341667], [-48.5544855, -24.63432933], [-48.55368939, -24.63449658], [-48.55316046, -24.63452834], [-48.55280742, -24.63449686], [-48.55223461, -24.63429849], [-48.55175099, -24.63422642], [-48.55130754, -24.63423557], [-48.55087306, -24.63428536], [-48.55056292, -24.63427644], [-48.5485275, -24.63126489], [-48.54468158, -24.63153646], [-48.54171012, -24.63251481], [-48.53959057, -24.63390621], [-48.54079546, -24.64043887], [-48.54164686, -24.64063972], [-48.54304623, -24.64029643], [-48.5447143, -24.63987034], [-48.54730051, -24.64029618], [-48.54745819, -24.64199014], [-48.5475103, -24.64322901], [-48.54775457, -24.6448546], [-48.54849798, -24.64475818], [-48.54900861, -24.64459205], [-48.54962494, -24.64461199], [-48.55072257, -24.64491665], [-48.55173987, -24.64490356], [-48.55435324, -24.64579624], [-48.55614155, -24.64770228], [-48.55747765, -24.64939238], [-48.55856959, -24.65191276], [-48.557981, -24.65479057], [-48.5575158, -24.65459217], [-48.55725836, -24.65452906], [-48.55712781, -24.65452459], [-48.55696918, -24.65456075], [-48.55681799, -24.65467363], [-48.55673563, -24.654791], [-48.55669383, -24.65521523], [-48.55671535, -24.65573424], [-48.5566297, -24.65612239], [-48.55644214, -24.65636616], [-48.55612992, -24.65668218], [-48.55602233, -24.65697557], [-48.55599653, -24.65729149], [-48.55587225, -24.65753525], [-48.55561867, -24.65787831], [-48.5553916, -24.65810856], [-48.55513119, -24.65833882], [-48.55487421, -24.65863225], [-48.55405497, -24.65921019], [-48.5538649, -24.65937724], [-48.55330344, -24.66010402], [-48.55272659, -24.66097975], [-48.55230947, -24.66144923], [-48.55205799, -24.6616208], [-48.55188578, -24.66169307], [-48.55159751, -24.66174281], [-48.5509654, -24.66179265], [-48.55066326, -24.66189203], [-48.55044509, -24.66202749], [-48.54999799, -24.66242026], [-48.54985634, -24.66249702], [-48.54952487, -24.66256934], [-48.54939034, -24.66268672], [-48.54923059, -24.66307488], [-48.54905167, -24.66337731], [-48.54870822, -24.66362563], [-48.54845302, -24.66379271], [-48.54810033, -24.66410419], [-48.54789268, -24.6643615], [-48.54777829, -24.66470903], [-48.5478444, -24.66486696], [-48.54802902, -24.66497071], [-48.54812969, -24.66507452], [-48.54817294, -24.6651873], [-48.54813039, -24.66534076], [-48.54795116, -24.66562062], [-48.54783853, -24.66572445], [-48.54729566, -24.66595477], [-48.54712671, -24.66597525], [-48.54711365, -24.66596137], [-48.54731146, -24.66903977], [-48.54731713, -24.66904706], [-48.54803818, -24.67066368], [-48.548626, -24.67267932], [-48.55026752, -24.67534265], [-48.55211877, -24.6761232], [-48.55365863, -24.67723534], [-48.55347843, -24.67741141], [-48.5532131, -24.67779058], [-48.55279003, -24.67817432], [-48.55258883, -24.67840911], [-48.5522431, -24.67916735], [-48.55212245, -24.67932084], [-48.55171913, -24.67969103], [-48.55146806, -24.68025071], [-48.55161583, -24.68082382], [-48.55153436, -24.68170388], [-48.55139475, -24.68234476], [-48.55147364, -24.68278249], [-48.55118093, -24.68261109], [-48.55104692, -24.68254795], [-48.55087369, -24.68249696], [-48.55066904, -24.68246232], [-48.55015904, -24.68242638], [-48.54909011, -24.68476513], [-48.55189126, -24.68508397], [-48.55321866, -24.68813431], [-48.55398795, -24.68800769], [-48.55431947, -24.68791732], [-48.55468708, -24.68771863], [-48.55504781, -24.68734394], [-48.55533443, -24.68693633], [-48.56057044, -24.68805503], [-48.56695929, -24.6873395], [-48.56906776, -24.68723031], [-48.57143995, -24.68738078], [-48.57220912, -24.68656513], [-48.57348793, -24.68613284], [-48.5752292, -24.68582125], [-48.57657244, -24.68606236], [-48.57830413, -24.68547964], [-48.57852807, -24.68568713], [-48.5788801, -24.68586296], [-48.57911446, -24.68594409], [-48.57852557, -24.6861655], [-48.57823482, -24.68625591], [-48.5780259, -24.68640944], [-48.57787533, -24.68656747], [-48.57770938, -24.68681126], [-48.5776971, -24.68685246], [-48.57848863, -24.6864784], [-48.57951564, -24.68608941], [-48.57991167, -24.68573744], [-48.58001667, -24.68475935], [-48.57977163, -24.68291235], [-48.57995863, -24.68231542], [-48.58058161, -24.68125337], [-48.58114363, -24.68007437], [-48.58094263, -24.67933338], [-48.58079961, -24.67884737], [-48.58100066, -24.6773864], [-48.58119864, -24.67615632], [-48.58142765, -24.67459238], [-48.58128459, -24.67335734], [-48.58124763, -24.67263037], [-48.58155466, -24.67163234], [-48.58195265, -24.67115432], [-48.5826976, -24.67104936], [-48.58377661, -24.67127231], [-48.58474868, -24.67180433], [-48.58565862, -24.67238236], [-48.58608864, -24.67296431], [-48.58619865, -24.67388837], [-48.58618765, -24.67527137], [-48.58651265, -24.67686634], [-48.58723669, -24.67867438], [-48.58785072, -24.67955836], [-48.58863073, -24.68033039], [-48.58950571, -24.68068836], [-48.59033569, -24.68076937], [-48.59112575, -24.68019331], [-48.59154476, -24.67856236], [-48.59160272, -24.67741132], [-48.59146572, -24.67656732], [-48.59239571, -24.67593528], [-48.59342769, -24.67524729], [-48.59463772, -24.67442335], [-48.59554877, -24.67345626], [-48.59671276, -24.67235532], [-48.59768874, -24.67201132], [-48.59883773, -24.67183224], [-48.59938179, -24.67164331], [-48.59997473, -24.67084528], [-48.60060478, -24.67011723], [-48.60219081, -24.66935527], [-48.60444476, -24.66863825], [-48.60669182, -24.66898128], [-48.60801784, -24.66950724], [-48.60903581, -24.66963626], [-48.61008483, -24.67012323], [-48.61125784, -24.67075124], [-48.61211583, -24.67133921], [-48.61307188, -24.67141028], [-48.61368286, -24.67103825], [-48.6145089, -24.6698512], [-48.6153299, -24.66894121], [-48.61607992, -24.66852518], [-48.61664792, -24.66842924], [-48.61731094, -24.66866926], [-48.61786394, -24.66949521], [-48.61846796, -24.67100223], [-48.61875094, -24.67211223], [-48.6189929, -24.6726802], [-48.61940193, -24.67305525], [-48.62093296, -24.67336424], [-48.62182096, -24.67446018], [-48.62274794, -24.67546423], [-48.62336099, -24.6764522], [-48.62368795, -24.67721725], [-48.62441698, -24.67800021], [-48.62572298, -24.67898624], [-48.62705502, -24.67985823], [-48.62827802, -24.68049719], [-48.62923006, -24.68081022], [-48.63018607, -24.68085826], [-48.63122306, -24.6805612], [-48.63189902, -24.68005223], [-48.63228708, -24.67945822], [-48.63217702, -24.67852325], [-48.63207504, -24.6778762], [-48.63228304, -24.67749918], [-48.63266107, -24.6774352], [-48.63317804, -24.67744218], [-48.63471507, -24.67812015], [-48.63520406, -24.6782542], [-48.63630605, -24.67784316], [-48.63752707, -24.6778372], [-48.63855913, -24.67792022], [-48.63943509, -24.67822117], [-48.64016, -24.67878161], [-48.64142778, -24.68055281], [-48.64186461, -24.68062015], [-48.64193614, -24.68071022], [-48.64286114, -24.68113817], [-48.64444217, -24.68144817], [-48.64519415, -24.6816772], [-48.6457824, -24.68215887], [-48.64589487, -24.68247027], [-48.64575022, -24.68306814], [-48.64528618, -24.68367219], [-48.64398719, -24.68454218], [-48.6429632, -24.68554219], [-48.64218515, -24.6861302], [-48.64180718, -24.68690823], [-48.64174918, -24.68810624], [-48.64174513, -24.68907425], [-48.64186114, -24.6896412], [-48.64250917, -24.69004125], [-48.64333119, -24.68988026], [-48.64460321, -24.68986323], [-48.64616925, -24.69032225], [-48.64785626, -24.69032316], [-48.64941823, -24.69031019], [-48.65066023, -24.69060417], [-48.65227828, -24.69097216], [-48.65363628, -24.69110622], [-48.65469528, -24.6910282], [-48.6548246, -24.69102149], [-48.65756534, -24.69143892], [-48.65769109, -24.69150523], [-48.65914104, -24.69292267], [-48.6591943, -24.69304914], [-48.65903532, -24.69428016], [-48.65896534, -24.69547818], [-48.65923933, -24.69641516], [-48.66048037, -24.69751523], [-48.66108133, -24.6984342], [-48.66160839, -24.69930618], [-48.66187637, -24.70062318], [-48.6621604, -24.7016872], [-48.66235639, -24.70281925], [-48.66221437, -24.70374018], [-48.66139442, -24.70459323], [-48.66060541, -24.70505427], [-48.66015639, -24.70555526], [-48.66019442, -24.70629327], [-48.66060042, -24.70686428], [-48.6617644, -24.70734125], [-48.66295739, -24.70753023], [-48.66467844, -24.70701221], [-48.66587843, -24.70608321]]], [[[-48.48402923, -24.67932924], [-48.48428037, -24.67921983], [-48.48461217, -24.67913275], [-48.48487801, -24.67902282], [-48.48501288, -24.67900086], [-48.48528301, -24.67898301], [-48.48543244, -24.67896248], [-48.48551971, -24.6790281], [-48.48562852, -24.6791171], [-48.48573287, -24.67918872], [-48.48577682, -24.67927613], [-48.48584456, -24.67931974], [-48.48592704, -24.67931909], [-48.48605749, -24.67925691], [-48.48616691, -24.67917456], [-48.48621094, -24.67909887], [-48.48627437, -24.67893915], [-48.48627278, -24.67882355], [-48.48627826, -24.67869562], [-48.48632613, -24.67852808], [-48.48634623, -24.67839015], [-48.48638233, -24.6782861], [-48.48642287, -24.67819941], [-48.4864899, -24.67801639], [-48.48656075, -24.67775295], [-48.48671277, -24.67743356], [-48.48679279, -24.67727664], [-48.48692851, -24.67715506], [-48.4870604, -24.6771139], [-48.4871757, -24.6770814], [-48.48733048, -24.67710748], [-48.48742335, -24.6771512], [-48.48752724, -24.67720821], [-48.48770647, -24.67728831], [-48.48784041, -24.67737741], [-48.48801726, -24.67741865], [-48.48812291, -24.6774053], [-48.48826832, -24.677382], [-48.4884118, -24.6773345], [-48.48868339, -24.67708889], [-48.48892472, -24.67687631], [-48.48909549, -24.67673475], [-48.48926643, -24.67658417], [-48.48938619, -24.676523], [-48.48966484, -24.67641935], [-48.48989449, -24.67629682], [-48.48997475, -24.67623499], [-48.49004568, -24.67614591], [-48.49016707, -24.67600353], [-48.49027804, -24.67588805], [-48.49039942, -24.67574567], [-48.4905305, -24.67561247], [-48.4907316, -24.67543532], [-48.4908519, -24.67534707], [-48.49094168, -24.67530344], [-48.49102068, -24.67530476], [-48.49113863, -24.67533381], [-48.49128548, -24.67539945], [-48.491423, -24.67543785], [-48.49155155, -24.67543097], [-48.49167059, -24.67540588], [-48.49176126, -24.67531714], [-48.49182358, -24.67516474], [-48.4917954, -24.67509207], [-48.49174784, -24.67500101], [-48.4916807, -24.67490061], [-48.49159526, -24.67472769], [-48.49152903, -24.67458217], [-48.49148219, -24.67445502], [-48.49141631, -24.67429146], [-48.49140951, -24.67413791], [-48.49144202, -24.67399404], [-48.49146502, -24.67383196], [-48.49155804, -24.67362592], [-48.49162054, -24.6734645], [-48.4916728, -24.67332096], [-48.49174626, -24.67310557], [-48.49181863, -24.67294431], [-48.49187125, -24.67278272], [-48.49201418, -24.67255044], [-48.49212695, -24.67234473], [-48.49226881, -24.67216659], [-48.49246111, -24.67193513], [-48.49263294, -24.67173943], [-48.49276401, -24.67160623], [-48.49289527, -24.67146401], [-48.49299672, -24.67133032], [-48.49311918, -24.67113379], [-48.493191, -24.67099961], [-48.49328384, -24.67080259], [-48.49330738, -24.67061344], [-48.49331297, -24.67033373], [-48.49332735, -24.67010832], [-48.4933006, -24.66992066], [-48.49331735, -24.66962076], [-48.49336961, -24.66947722], [-48.49340356, -24.66926117], [-48.49347629, -24.66908187], [-48.49357791, -24.66893915], [-48.49371867, -24.66881514], [-48.49383969, -24.6686908], [-48.49399966, -24.66859418], [-48.49421923, -24.66848051], [-48.49450684, -24.66842213], [-48.49488421, -24.66832012], [-48.49511204, -24.66828782], [-48.49549784, -24.66825815], [-48.49572458, -24.66827998], [-48.49602782, -24.66835695], [-48.49650085, -24.66848247], [-48.49672669, -24.66854942], [-48.49716616, -24.66880044], [-48.49744011, -24.66893137], [-48.49767474, -24.66905262], [-48.49793954, -24.66914729], [-48.49819429, -24.66925082], [-48.49849858, -24.66934615], [-48.49871509, -24.66938586], [-48.49904991, -24.66943657], [-48.49945295, -24.66953354], [-48.49987808, -24.66951354], [-48.50012475, -24.66952668], [-48.50023373, -24.66951044], [-48.5003822, -24.66949486], [-48.50056643, -24.66943237], [-48.50066084, -24.66939119], [-48.500991, -24.66918006], [-48.50120195, -24.66900306], [-48.50138328, -24.66882556], [-48.50150483, -24.66867414], [-48.50165725, -24.66846006], [-48.50174828, -24.66835326], [-48.50187952, -24.66821103], [-48.50201022, -24.66809587], [-48.50208975, -24.66807012], [-48.50268435, -24.6679717], [-48.50284161, -24.66801042], [-48.50293964, -24.66804815], [-48.50300875, -24.6680493], [-48.50312688, -24.66806931], [-48.50322562, -24.66807096], [-48.503324, -24.66809065], [-48.50342221, -24.66811935], [-48.50350084, -24.66813872], [-48.50362902, -24.66814987], [-48.50374715, -24.66816989], [-48.50385523, -24.66819876], [-48.50400316, -24.66821025], [-48.5041913, -24.6681863], [-48.50427999, -24.6681968], [-48.504636, -24.66817564], [-48.50480421, -24.66816038], [-48.50490367, -24.66812593], [-48.50503257, -24.668101], [-48.50513203, -24.66806654], [-48.50533113, -24.66798862], [-48.50534495, -24.66779028], [-48.50616328, -24.66464136], [-48.50712233, -24.66363815], [-48.50532287, -24.66393586], [-48.5044895, -24.66410521], [-48.50427281, -24.66398685], [-48.50403831, -24.66340885], [-48.50393733, -24.66225497], [-48.5038007, -24.66120669], [-48.50405285, -24.65860896], [-48.50407361, -24.65753153], [-48.50436428, -24.65659496], [-48.50486369, -24.65606594], [-48.50494164, -24.65597602], [-48.50501921, -24.65590643], [-48.5051493, -24.65585865], [-48.50527581, -24.65583677], [-48.50542666, -24.65578634], [-48.50560625, -24.65562136], [-48.50570956, -24.65546612], [-48.50594403, -24.65521882], [-48.50621845, -24.65455506], [-48.50628453, -24.65431696], [-48.50628678, -24.65370897], [-48.50610015, -24.65318047], [-48.50556231, -24.65229443], [-48.5052816, -24.6513284], [-48.50509184, -24.65030666], [-48.50512684, -24.64954353], [-48.50568774, -24.64790473], [-48.50580477, -24.64645293], [-48.50577571, -24.6456328], [-48.50612069, -24.64408103], [-48.50694792, -24.64300523], [-48.50751221, -24.6415906], [-48.50817703, -24.64095983], [-48.50880122, -24.64010531], [-48.50937354, -24.63923126], [-48.5101123, -24.63800383], [-48.51047167, -24.63704924], [-48.51071592, -24.63623475], [-48.51083433, -24.6354257], [-48.51126226, -24.63488971], [-48.51172719, -24.63418144], [-48.5119672, -24.63342398], [-48.51165456, -24.63235066], [-48.51029686, -24.63174754], [-48.50982739, -24.63124996], [-48.50921572, -24.63051785], [-48.50824627, -24.62938324], [-48.5085525, -24.62840819], [-48.50896054, -24.62746836], [-48.50977122, -24.62686983], [-48.51042043, -24.62641438], [-48.51240044, -24.62529832], [-48.51359838, -24.62329452], [-48.51423709, -24.62194805], [-48.51453173, -24.62066568], [-48.51522192, -24.62016441], [-48.51701498, -24.62019463], [-48.518338, -24.62036667], [-48.51930707, -24.62038266], [-48.52079366, -24.61983596], [-48.52131231, -24.61855497], [-48.52152321, -24.61752957], [-48.52187012, -24.6163235], [-48.52239698, -24.61547771], [-48.52305756, -24.6146136], [-48.52432449, -24.61393429], [-48.52476787, -24.61353064], [-48.52524307, -24.61264403], [-48.52581033, -24.61169838], [-48.52606728, -24.61098323], [-48.52677231, -24.61019193], [-48.52793173, -24.60988983], [-48.52898261, -24.60989169], [-48.53110691, -24.60890376], [-48.52983957, -24.60859308], [-48.5281461, -24.60871433], [-48.52430879, -24.6061087], [-48.52417069, -24.60548413], [-48.52413682, -24.60543386], [-48.52407556, -24.60503571], [-48.52427435, -24.60396488], [-48.52453688, -24.60316588], [-48.52479515, -24.60258344], [-48.52505502, -24.60191979], [-48.52516561, -24.60131687], [-48.52522462, -24.60032497], [-48.52528043, -24.5994955], [-48.52523978, -24.59905255], [-48.52510766, -24.59874349], [-48.52492566, -24.59846069], [-48.52458576, -24.59817529], [-48.52444217, -24.59794728], [-48.524429, -24.5976131], [-48.52452758, -24.59711829], [-48.52465364, -24.59673224], [-48.52494764, -24.59633993], [-48.52529855, -24.5960659], [-48.52558001, -24.59580877], [-48.52578519, -24.595415], [-48.52590102, -24.59504684], [-48.52602654, -24.59468786], [-48.52603577, -24.59421866], [-48.52588409, -24.59390025], [-48.52566191, -24.5936529], [-48.52531002, -24.59347561], [-48.52461203, -24.59332874], [-48.52395227, -24.59324568], [-48.52260102, -24.59318733], [-48.52184259, -24.59310264], [-48.52133317, -24.5929047], [-48.52082713, -24.59253532], [-48.52028287, -24.59210213], [-48.51985614, -24.59171601], [-48.51927544, -24.59112877], [-48.51888854, -24.59072525], [-48.51843435, -24.59023035], [-48.51802666, -24.58988064], [-48.51757593, -24.58971074], [-48.51715232, -24.58966765], [-48.51675618, -24.58973332], [-48.51631824, -24.58991564], [-48.5158434, -24.59046741], [-48.51546795, -24.59098472], [-48.51509392, -24.59142985], [-48.51473279, -24.59172174], [-48.51416763, -24.5918478], [-48.51321078, -24.59181393], [-48.51191913, -24.59173843], [-48.51047838, -24.5917146], [-48.50885966, -24.59170586], [-48.50726103, -24.59167939], [-48.50569398, -24.59155414], [-48.50479167, -24.59125938], [-48.50379947, -24.59101727], [-48.50286971, -24.59061373], [-48.5020405, -24.59021145], [-48.5012954, -24.58957696], [-48.50076426, -24.5890738], [-48.50066361, -24.58899362], [-48.50022379, -24.58886618], [-48.5000526, -24.58682352], [-48.49973424, -24.58642502], [-48.49940395, -24.58532188], [-48.49795637, -24.58437763], [-48.49698947, -24.5827578], [-48.49616797, -24.58250095], [-48.49509514, -24.58187183], [-48.49439999, -24.58140674], [-48.4942653, -24.58131248], [-48.49286714, -24.5801244], [-48.49198664, -24.57942819], [-48.49110434, -24.57882281], [-48.49057336, -24.57804154], [-48.4902853, -24.57753694], [-48.49019773, -24.57694481], [-48.48991058, -24.57639478], [-48.48982483, -24.5757118], [-48.48913498, -24.5747397], [-48.48839445, -24.57403064], [-48.48707828, -24.57263497], [-48.48538325, -24.57185738], [-48.48429211, -24.57162106], [-48.48319943, -24.5716028], [-48.48227045, -24.57153588], [-48.4813707, -24.57124478], [-48.48066809, -24.57079923], [-48.47922322, -24.57045298], [-48.47802105, -24.56947324], [-48.47719, -24.56934101], [-48.47656515, -24.56967889], [-48.47604425, -24.57020912], [-48.47542962, -24.57111242], [-48.4747519, -24.57265222], [-48.47440407, -24.57315248], [-48.47431681, -24.57354412], [-48.47381376, -24.57385374], [-48.47336128, -24.57411876], [-48.47261079, -24.57437878], [-48.47185574, -24.5748659], [-48.47145384, -24.57508633], [-48.47110251, -24.57526217], [-48.47055252, -24.57543468], [-48.46999978, -24.57574344], [-48.46955094, -24.57582677], [-48.46910027, -24.57600094], [-48.46860359, -24.57599259], [-48.46820167, -24.57621301], [-48.46775649, -24.57611465], [-48.46735914, -24.57610797], [-48.46671437, -24.57605168], [-48.4664191, -24.57591041], [-48.46592425, -24.57581121], [-48.46547723, -24.57580368], [-48.46443695, -24.57564986], [-48.46399085, -24.57559691], [-48.4634445, -24.5755877], [-48.46314375, -24.57571894], [-48.46224057, -24.57615808], [-48.46188923, -24.5763339], [-48.46076789, -24.5768207], [-48.46019097, -24.57691613], [-48.45968803, -24.57690765], [-48.45923565, -24.57688687], [-48.45819342, -24.57653407], [-48.45722812, -24.57664265], [-48.45703201, -24.5767445], [-48.45605808, -24.57728015], [-48.4548771, -24.57739164], [-48.45454761, -24.5774057], [-48.45382065, -24.57738692], [-48.45244726, -24.57706134], [-48.45098088, -24.57706939], [-48.45031655, -24.57722245], [-48.44975892, -24.5774299], [-48.4491941, -24.57798807], [-48.44853048, -24.57833266], [-48.44792718, -24.57810004], [-48.44745267, -24.57751376], [-48.44702678, -24.5769283], [-48.44659954, -24.57640953], [-48.44624209, -24.57604763], [-48.44576353, -24.57566143], [-48.44562623, -24.57523655], [-48.4452179, -24.57498498], [-48.44471098, -24.57479846], [-48.44422656, -24.57470127], [-48.44359673, -24.57457938], [-48.44292008, -24.57436773], [-48.44248564, -24.57420467], [-48.44229929, -24.57385141], [-48.44153218, -24.5732544], [-48.44119544, -24.57307076], [-48.44013616, -24.57254123], [-48.43881536, -24.57171814], [-48.43807214, -24.57119398], [-48.43725464, -24.57073527], [-48.43706559, -24.57046517], [-48.43696971, -24.57015253], [-48.43699345, -24.56898597], [-48.43742215, -24.56794965], [-48.43873486, -24.56752484], [-48.43971106, -24.5676159], [-48.4412042, -24.56770312], [-48.44254021, -24.56878212], [-48.44300126, -24.56795133], [-48.44421005, -24.56503288], [-48.4452451, -24.56423804], [-48.44665833, -24.56411864], [-48.44708328, -24.56502868], [-48.44704009, -24.56583657], [-48.44657208, -24.56769141], [-48.44649989, -24.56853539], [-48.44649565, -24.56913115], [-48.44655335, -24.56984428], [-48.44654896, -24.57004739], [-48.44649518, -24.57032268], [-48.44641088, -24.57058443], [-48.44624895, -24.57085121], [-48.44624745, -24.57085769], [-48.44720415, -24.57191746], [-48.44808113, -24.5712632], [-48.44911892, -24.56993736], [-48.44894839, -24.56843449], [-48.45056385, -24.568653], [-48.45074706, -24.57003946], [-48.45129178, -24.57131577], [-48.45102613, -24.57235499], [-48.45165174, -24.5732986], [-48.45273658, -24.57361195], [-48.45340148, -24.57273545], [-48.45420502, -24.57205978], [-48.45495637, -24.57015824], [-48.45383347, -24.56975968], [-48.4533019, -24.56891439], [-48.45333016, -24.56725052], [-48.45344638, -24.56553806], [-48.45290015, -24.56433604], [-48.4516915, -24.5636448], [-48.45155569, -24.56230081], [-48.4516643, -24.56096085], [-48.45241412, -24.56015351], [-48.45340083, -24.55972305], [-48.45399824, -24.55839134], [-48.45564317, -24.55722304], [-48.45591386, -24.55732717], [-48.46195263, -24.55688386], [-48.46224863, -24.55677033], [-48.46294204, -24.55665559], [-48.46339989, -24.5566554], [-48.46381377, -24.55669397], [-48.46429499, -24.55682059], [-48.46477351, -24.55708148], [-48.46523619, -24.55727099], [-48.46587223, -24.55743182], [-48.4665329, -24.55765626], [-48.46704661, -24.55788613], [-48.46739014, -24.55798672], [-48.46928567, -24.55866648], [-48.46980113, -24.55880946], [-48.47025965, -24.55833666], [-48.46922703, -24.55707721], [-48.46823253, -24.55631877], [-48.46802933, -24.55612466], [-48.4677506, -24.55575901], [-48.4676203, -24.55511357], [-48.4675528, -24.55493753], [-48.46709035, -24.55419273], [-48.46668592, -24.5533396], [-48.46649301, -24.55269867], [-48.46643781, -24.55262194], [-48.46847904, -24.55195887], [-48.47192198, -24.55117867], [-48.47080942, -24.55035702], [-48.47055804, -24.55008977], [-48.47231011, -24.54739522], [-48.47591091, -24.54675871], [-48.47734681, -24.54764689], [-48.47836509, -24.54825041], [-48.47918129, -24.54917126], [-48.47965026, -24.55000631], [-48.4807206, -24.55096328], [-48.48107674, -24.55146431], [-48.48133237, -24.55174418], [-48.48156737, -24.55183899], [-48.48238557, -24.55197899], [-48.48267021, -24.55206027], [-48.48343317, -24.55250266], [-48.48370422, -24.55285473], [-48.48424072, -24.55405409], [-48.48480447, -24.55511079], [-48.48555302, -24.5562008], [-48.48644654, -24.55683735], [-48.48706746, -24.55751078], [-48.48773286, -24.5582264], [-48.48821708, -24.558939], [-48.48921031, -24.55912133], [-48.48990709, -24.55826265], [-48.4919183, -24.55738443], [-48.49215468, -24.55689104], [-48.49239848, -24.5560248], [-48.4926859, -24.55524218], [-48.49368735, -24.5550102], [-48.49481481, -24.55527759], [-48.49598757, -24.55554575], [-48.49684161, -24.5558915], [-48.4975724, -24.55621363], [-48.49767462, -24.55608262], [-48.49837846, -24.55344679], [-48.49845233, -24.55223235], [-48.50065059, -24.55153623], [-48.5007992, -24.55145186], [-48.50078007, -24.55161435], [-48.50084114, -24.55207471], [-48.50100645, -24.55253959], [-48.50129328, -24.55281492], [-48.50220958, -24.55348289], [-48.50241776, -24.55373564], [-48.50265371, -24.55422308], [-48.50274964, -24.55491815], [-48.50597498, -24.55475456], [-48.50824194, -24.55425942], [-48.50937754, -24.5544191], [-48.51061367, -24.55471372], [-48.51166579, -24.55565161], [-48.51110626, -24.55670418], [-48.51234761, -24.5579935], [-48.5150807, -24.55954466], [-48.51531515, -24.5596928], [-48.51603277, -24.55877645], [-48.51666626, -24.55812906], [-48.51720231, -24.557426], [-48.51971521, -24.55901591], [-48.5192624, -24.56026191], [-48.51886141, -24.56145184], [-48.52398886, -24.56346153], [-48.52399006, -24.56341267], [-48.52447768, -24.56137406], [-48.52702375, -24.55713445], [-48.52792138, -24.55790818], [-48.52931326, -24.55914912], [-48.53050048, -24.5599497], [-48.53001879, -24.56098126], [-48.52817004, -24.56396508], [-48.52739626, -24.56607345], [-48.52739039, -24.56607932], [-48.53206551, -24.56998878], [-48.53419486, -24.56950831], [-48.53792902, -24.57095889], [-48.53955154, -24.5720962], [-48.54241015, -24.57334652], [-48.54411168, -24.5740052], [-48.54579609, -24.57668756], [-48.54708238, -24.577633], [-48.5474277, -24.57693084], [-48.54883386, -24.57664931], [-48.55087719, -24.57535687], [-48.55317591, -24.57547596], [-48.553235, -24.57484907], [-48.55341904, -24.57442503], [-48.55415004, -24.57430903], [-48.55504404, -24.574299], [-48.55571505, -24.57402003], [-48.55595601, -24.57322898], [-48.55625401, -24.57270301], [-48.55650505, -24.57203801], [-48.55701603, -24.57160799], [-48.55682504, -24.57098202], [-48.55613505, -24.57018904], [-48.55557905, -24.56960498], [-48.55480202, -24.56939798], [-48.55348701, -24.56977], [-48.55241199, -24.57010105], [-48.55148699, -24.56981104], [-48.550865, -24.56939898], [-48.55085298, -24.56866104], [-48.55155597, -24.56797904], [-48.55250097, -24.56645998], [-48.55357, -24.56502398], [-48.55437395, -24.564413], [-48.555193, -24.56428596], [-48.55500898, -24.563293], [-48.55565196, -24.56251795], [-48.55654603, -24.56246198], [-48.55756704, -24.56236095], [-48.55809702, -24.56152793], [-48.55873404, -24.56036192], [-48.55900399, -24.55929392], [-48.55863001, -24.55838894], [-48.55985504, -24.55808391], [-48.55979197, -24.55735696], [-48.56062598, -24.55645891], [-48.55974103, -24.55453294], [-48.55959996, -24.55394289], [-48.56019604, -24.55293793], [-48.56093197, -24.55185391], [-48.56131602, -24.55074092], [-48.56113898, -24.54935587], [-48.56090896, -24.54813087], [-48.56108902, -24.54717692], [-48.56253696, -24.54566484], [-48.56647698, -24.54254089], [-48.57023706, -24.5396788], [-48.572184, -24.53834684], [-48.57276502, -24.53750185], [-48.57345101, -24.53710878], [-48.57499107, -24.53604683], [-48.57676007, -24.53481582], [-48.5781101, -24.53385583], [-48.5790261, -24.53326977], [-48.57949305, -24.53244674], [-48.57909711, -24.53203681], [-48.57811606, -24.53205778], [-48.57572002, -24.53242682], [-48.57017901, -24.53285481], [-48.56421693, -24.53365779], [-48.56220095, -24.53385885], [-48.56050697, -24.53436488], [-48.5588499, -24.53130981], [-48.55825717, -24.53028371], [-48.55758258, -24.5298899], [-48.55734409, -24.52888302], [-48.55736626, -24.52773806], [-48.55709331, -24.52682958], [-48.55605698, -24.52608067], [-48.55487983, -24.52543749], [-48.55389702, -24.52421658], [-48.55382272, -24.52345964], [-48.55377325, -24.5231922], [-48.55378389, -24.52277953], [-48.55389398, -24.52241427], [-48.55405484, -24.52211033], [-48.5540583, -24.52144289], [-48.55358994, -24.52114374], [-48.55308301, -24.52105463], [-48.55237245, -24.52072572], [-48.55189605, -24.51930483], [-48.55129412, -24.51806792], [-48.55041927, -24.51707199], [-48.54944777, -24.51650998], [-48.54896309, -24.51576299], [-48.54865039, -24.51469854], [-48.54801622, -24.51401116], [-48.54741842, -24.51383217], [-48.54682741, -24.51325043], [-48.54671209, -24.51289287], [-48.54667213, -24.51248225], [-48.54685731, -24.511882], [-48.54651595, -24.51087289], [-48.54649747, -24.50980577], [-48.54604826, -24.50875091], [-48.54531226, -24.50839905], [-48.54399546, -24.50788483], [-48.54311111, -24.50664524], [-48.54288483, -24.50598374], [-48.54289376, -24.50566433], [-48.54322859, -24.50505199], [-48.54322035, -24.50426181], [-48.54246801, -24.50384952], [-48.54169708, -24.50324027], [-48.54149776, -24.50245131], [-48.54167007, -24.50153015], [-48.54139804, -24.50095684], [-48.54079356, -24.50039699], [-48.53989581, -24.50019902], [-48.53850397, -24.49965252], [-48.53724575, -24.49885938], [-48.53674718, -24.49829216], [-48.53661908, -24.49668855], [-48.53653298, -24.49583894], [-48.53658521, -24.49528942], [-48.53683242, -24.49455028], [-48.53752692, -24.49373756], [-48.53816108, -24.49285356], [-48.53827126, -24.49190431], [-48.53824756, -24.49102557], [-48.53770033, -24.48999313], [-48.53663472, -24.48894481], [-48.53504148, -24.48793978], [-48.53407082, -24.48742701], [-48.53335019, -24.48708706], [-48.53221702, -24.48644016], [-48.53189255, -24.48608606], [-48.53181124, -24.48568422], [-48.5317348, -24.48499118], [-48.53169088, -24.4843769], [-48.53189319, -24.48391542], [-48.53299371, -24.4828958], [-48.53358138, -24.48241513], [-48.53456601, -24.48127033], [-48.5352808, -24.48010549], [-48.53623882, -24.47952134], [-48.53695245, -24.4787043], [-48.53712779, -24.47831481], [-48.5374184, -24.47762449], [-48.53748962, -24.47657585], [-48.53762234, -24.47613674], [-48.53788655, -24.47573056], [-48.53754395, -24.47522653], [-48.53546562, -24.47337476], [-48.53466399, -24.47176859], [-48.5340467, -24.46985113], [-48.53361101, -24.46897333], [-48.53365742, -24.46838358], [-48.53323863, -24.46779123], [-48.53142723, -24.46674736], [-48.53049529, -24.46599906], [-48.52980596, -24.46496628], [-48.52963832, -24.46402598], [-48.52937424, -24.4637567], [-48.52887441, -24.46357339], [-48.52876836, -24.46284864], [-48.5290747, -24.46231049], [-48.52898113, -24.46150925], [-48.52867376, -24.46047127], [-48.52804798, -24.45896157], [-48.52741505, -24.4578183], [-48.52613947, -24.45603139], [-48.5256083, -24.45541865], [-48.52504175, -24.45442915], [-48.52449267, -24.4537761], [-48.52393651, -24.45279647], [-48.52392834, -24.45182561], [-48.52406264, -24.45136001], [-48.52468874, -24.45114318], [-48.52508281, -24.45070845], [-48.52481118, -24.44981058], [-48.52394405, -24.44874304], [-48.52291907, -24.44700954], [-48.52204401, -24.4459048], [-48.5211005, -24.44486356], [-48.52075573, -24.44462628], [-48.51975339, -24.4432653], [-48.51902106, -24.4421492], [-48.5186413, -24.44123853], [-48.5186352, -24.44063697], [-48.51866276, -24.43966697], [-48.5183825, -24.43837562], [-48.51814911, -24.43781236], [-48.51744126, -24.43651401], [-48.51709444, -24.43550132], [-48.51701438, -24.43483214], [-48.51713078, -24.4340579], [-48.5171905, -24.43294677], [-48.51679798, -24.43231477], [-48.51570189, -24.43140247], [-48.51430028, -24.42997287], [-48.51347415, -24.42888909], [-48.51323367, -24.42827701], [-48.5128968, -24.42676096], [-48.51274098, -24.4253598], [-48.51246298, -24.42395661], [-48.51174881, -24.42267465], [-48.51023068, -24.42202411], [-48.50970355, -24.4214163], [-48.50986346, -24.42010664], [-48.51012075, -24.41877119], [-48.5096401, -24.4166624], [-48.50917064, -24.41608704], [-48.50859751, -24.41563739], [-48.50748507, -24.41479427], [-48.50715398, -24.41459431], [-48.50758038, -24.41450852], [-48.50816085, -24.41456717], [-48.50847422, -24.41463926], [-48.50893115, -24.41480625], [-48.509279, -24.41486491], [-48.50955968, -24.41482427], [-48.50984497, -24.41460759], [-48.51012164, -24.41451729], [-48.51030558, -24.41454437], [-48.51062016, -24.41464365], [-48.51115905, -24.41495056], [-48.51161136, -24.41506789], [-48.51184213, -24.41516718], [-48.5119469, -24.41524842], [-48.51195738, -24.41531162], [-48.51200729, -24.41533418], [-48.51217769, -24.41555084], [-48.51253149, -24.41650324], [-48.51266155, -24.41695011], [-48.51284644, -24.41727961], [-48.51333578, -24.41786186], [-48.51372343, -24.41841252], [-48.51431568, -24.41897671], [-48.51462043, -24.41916626], [-48.51494025, -24.41923846], [-48.51528072, -24.41927454], [-48.51613788, -24.41914355], [-48.51625896, -24.4190984], [-48.5168045, -24.41891285], [-48.51681168, -24.41892342], [-48.51736345, -24.41873409], [-48.5185838, -24.41838404], [-48.51934111, -24.41812026], [-48.51998189, -24.41781666], [-48.52022289, -24.41764099], [-48.52037215, -24.41746923], [-48.52044866, -24.41703451], [-48.52080157, -24.4168327], [-48.52098368, -24.41664432], [-48.52104534, -24.41661645], [-48.52108577, -24.41636348], [-48.52102176, -24.41620898], [-48.52078885, -24.41602103], [-48.51970083, -24.41565479], [-48.51925157, -24.41539017], [-48.51913653, -24.41522401], [-48.51906397, -24.41500258], [-48.51913574, -24.4148106], [-48.51927077, -24.41466027], [-48.51956243, -24.41451522], [-48.52041551, -24.41439381], [-48.52071699, -24.41430126], [-48.52092443, -24.4141783], [-48.52105949, -24.41397561], [-48.52115793, -24.41357917], [-48.52141238, -24.41321958], [-48.52145888, -24.41321042], [-48.52156593, -24.41302894], [-48.52158608, -24.41265378], [-48.52176584, -24.41223159], [-48.52262829, -24.41162922], [-48.52287064, -24.41133352], [-48.52296859, -24.41106253], [-48.52292886, -24.41087594], [-48.52280231, -24.41069334], [-48.52207649, -24.41000359], [-48.52160546, -24.40939112], [-48.52148435, -24.40918243], [-48.52120482, -24.4085054], [-48.52107554, -24.40826486], [-48.5006718, -24.41260902], [-48.49952605, -24.4127862], [-48.4983265, -24.41297882], [-48.49734261, -24.4130933], [-48.49594645, -24.41329899], [-48.49021846, -24.41594964], [-48.47590029, -24.41828945], [-48.47117476, -24.41561136], [-48.46793094, -24.41195636], [-48.46451512, -24.41197786], [-48.45841892, -24.41729043], [-48.45805988, -24.41679565], [-48.45745834, -24.41619827], [-48.45682227, -24.41593223], [-48.456211, -24.4158198], [-48.45554041, -24.41588515], [-48.45497775, -24.41613103], [-48.45430662, -24.41622187], [-48.45360969, -24.41621014], [-48.45283167, -24.41606937], [-48.45191583, -24.41584967], [-48.45135827, -24.41584027], [-48.45077028, -24.41595804], [-48.45009507, -24.41625307], [-48.44903736, -24.41684809], [-48.44821453, -24.41754919], [-48.44759299, -24.41794726], [-48.44703285, -24.41806546], [-48.44636381, -24.41805417], [-48.44585841, -24.41822439], [-48.44503555, -24.41892543], [-48.44424313, -24.41949937], [-48.44362107, -24.41992294], [-48.44325814, -24.41994235], [-48.43950636, -24.41653386], [-48.43713886, -24.41639163], [-48.43495099, -24.4121924], [-48.4291637, -24.4101791], [-48.42813287, -24.40875718], [-48.42690894, -24.40860869], [-48.42606133, -24.40835732], [-48.42579155, -24.40823945], [-48.42537204, -24.40843331], [-48.42487346, -24.4080901], [-48.42448324, -24.40797948], [-48.42412342, -24.40763626], [-48.4238719, -24.40740819], [-48.42334728, -24.40683012], [-48.42309583, -24.40660206], [-48.42259718, -24.40625659], [-48.42234571, -24.40603079], [-48.42198588, -24.40591565], [-48.42159567, -24.40557017], [-48.42120976, -24.4049966], [-48.42071117, -24.40465339], [-48.42020827, -24.40442535], [-48.41970966, -24.40431248], [-48.41921113, -24.40431253], [-48.41857384, -24.40443454], [-48.4180753, -24.4045475], [-48.4175724, -24.40466724], [-48.41732534, -24.4048976], [-48.41696551, -24.40501733], [-48.41657534, -24.4051348], [-48.41607683, -24.40536745], [-48.41571701, -24.40548265], [-48.41546557, -24.40560236], [-48.41482828, -24.40560468], [-48.4145768, -24.40538114], [-48.4140782, -24.40514632], [-48.41371835, -24.40491827], [-48.41321977, -24.40491832], [-48.41282961, -24.40492287], [-48.41221838, -24.40492519], [-48.41171981, -24.40515784], [-48.41132963, -24.40515788], [-48.41096979, -24.4052776], [-48.41019382, -24.40527768], [-48.40983398, -24.4053974], [-48.4094438, -24.40539744], [-48.40894525, -24.40540426], [-48.40844672, -24.40552173], [-48.40783545, -24.40575666], [-48.40744526, -24.40575443], [-48.40719815, -24.40587189], [-48.40669965, -24.40610228], [-48.40619676, -24.40656979], [-48.40583701, -24.40680017], [-48.4055899, -24.40703506], [-48.40522583, -24.40761321], [-48.40484001, -24.40807394], [-48.40458857, -24.40830431], [-48.40434151, -24.40842628], [-48.40409007, -24.40865891], [-48.40397739, -24.40900444], [-48.40347887, -24.40935226], [-48.40298034, -24.40958491], [-48.40236909, -24.40981983], [-48.4019833, -24.41016538], [-48.40161916, -24.41062611], [-48.40123339, -24.41097843], [-48.40087358, -24.41132624], [-48.40062218, -24.41166953], [-48.40023203, -24.41179151], [-48.39973346, -24.41190447], [-48.39923493, -24.41213938], [-48.39862371, -24.41248722], [-48.3983766, -24.41271758], [-48.39812516, -24.41283729], [-48.39787375, -24.41306992], [-48.39748793, -24.41318513], [-48.39698943, -24.41342004], [-48.39662528, -24.41376785], [-48.39612672, -24.41399598], [-48.39576691, -24.41423314], [-48.39526841, -24.41457645], [-48.39382193, -24.41513903], [-48.39354898, -24.41557945], [-48.39321308, -24.41629269], [-48.3929812, -24.41715482], [-48.39333131, -24.4174877], [-48.39389113, -24.41803661], [-48.39428939, -24.41863177], [-48.39517565, -24.42023219], [-48.39542821, -24.42097192], [-48.3957514, -24.42174555], [-48.39619649, -24.42266836], [-48.3965591, -24.42326291], [-48.39716813, -24.4240251], [-48.39852743, -24.42519242], [-48.39909066, -24.42557797], [-48.39983299, -24.42593392], [-48.40103957, -24.42628148], [-48.40199971, -24.4264614], [-48.40288915, -24.42660742], [-48.40370763, -24.42677122], [-48.40573292, -24.43381516], [-48.40421926, -24.43709968], [-48.4101662, -24.44019257], [-48.41352097, -24.4438345], [-48.41469775, -24.45154879], [-48.42128064, -24.4545718], [-48.42512255, -24.45526564], [-48.42736768, -24.45831762], [-48.42717607, -24.46199514], [-48.43319015, -24.46147604], [-48.43360478, -24.46255617], [-48.43390627, -24.46368004], [-48.43407659, -24.4651213], [-48.43402713, -24.46633053], [-48.43377593, -24.46755095], [-48.43349045, -24.4681936], [-48.43307641, -24.46887456], [-48.43280555, -24.46936918], [-48.43303336, -24.47436973], [-48.43339479, -24.47464519], [-48.43396798, -24.4749298], [-48.43325485, -24.47526804], [-48.43314322, -24.47599921], [-48.43320385, -24.47622041], [-48.43351888, -24.47679377], [-48.43363033, -24.47708271], [-48.43364407, -24.47737611], [-48.43354237, -24.47796733], [-48.43355728, -24.47835553], [-48.43369572, -24.4788566], [-48.43387154, -24.4792358], [-48.43396261, -24.47965111], [-48.43392076, -24.48016564], [-48.4337125, -24.48119468], [-48.43365429, -24.48173631], [-48.43375079, -24.48231861], [-48.43374965, -24.48276095], [-48.43371921, -24.48289832], [-48.43371931, -24.48290742], [-48.43367363, -24.48310395], [-48.43365385, -24.48315304], [-48.4335972, -24.48336567], [-48.43334631, -24.48382171], [-48.43297253, -24.48416736], [-48.43322869, -24.48451472], [-48.43348044, -24.48474462], [-48.43373258, -24.48520017], [-48.43386178, -24.48554535], [-48.43411355, -24.48577529], [-48.43436566, -24.48623086], [-48.4346221, -24.48668651], [-48.43487393, -24.48703375], [-48.43512571, -24.48726367], [-48.4353816, -24.48783665], [-48.43575865, -24.48805968], [-48.43601044, -24.4882896], [-48.43626255, -24.48874516], [-48.43640683, -24.4890674], [-48.43654324, -24.48905724], [-48.43707708, -24.4890663], [-48.43750167, -24.48919568], [-48.43798544, -24.48944281], [-48.43854145, -24.4897048], [-48.43889837, -24.48979971], [-48.43911198, -24.48982238], [-48.43954174, -24.4897819], [-48.43995514, -24.48978207], [-48.44033674, -24.48983186], [-48.44054726, -24.48989964], [-48.44079352, -24.49002611], [-48.44165118, -24.49062222], [-48.44177724, -24.49068545], [-48.44209534, -24.49075326], [-48.44230713, -24.49076238], [-48.44287037, -24.49072196], [-48.44319527, -24.49074914], [-48.44362955, -24.49092534], [-48.44398213, -24.4911466], [-48.44432794, -24.4913047], [-48.44548731, -24.49143599], [-48.44594505, -24.49153544], [-48.44635839, -24.49167551], [-48.44678249, -24.49191036], [-48.44722101, -24.49227609], [-48.44748509, -24.49259213], [-48.44790379, -24.49324223], [-48.44830774, -24.49380205], [-48.44871884, -24.49420389], [-48.44893643, -24.49432131], [-48.44911121, -24.49435297], [-48.44949122, -24.4943531], [-48.44908492, -24.49463281], [-48.44898003, -24.49484039], [-48.44877272, -24.49519239], [-48.44867301, -24.49553539], [-48.44865747, -24.49587392], [-48.44876643, -24.49638849], [-48.44876751, -24.49677214], [-48.44862855, -24.4973995], [-48.44862258, -24.49770192], [-48.44871987, -24.49800888], [-48.44897065, -24.49848287], [-48.44929512, -24.49893434], [-48.44984118, -24.49953031], [-48.44982959, -24.49982421], [-48.44955723, -24.50013269], [-48.44924757, -24.50040576], [-48.44927117, -24.50064968], [-48.44975998, -24.50091885], [-48.4503394, -24.50118695], [-48.45120838, -24.50143998], [-48.45137455, -24.50151676], [-48.45160911, -24.50167481], [-48.45196877, -24.50197731], [-48.45237687, -24.50223923], [-48.45273813, -24.50241987], [-48.45417807, -24.50277688], [-48.45465313, -24.50284922], [-48.45531997, -24.50289905], [-48.45574663, -24.50300748], [-48.4560629, -24.50312944], [-48.45653485, -24.50335524], [-48.45767596, -24.50404612], [-48.45811116, -24.5044299], [-48.45842829, -24.5048407], [-48.45984769, -24.50701209], [-48.46031151, -24.50764412], [-48.46043537, -24.50790141], [-48.46062125, -24.50808652], [-48.46089858, -24.50850634], [-48.46166761, -24.50936863], [-48.4619028, -24.50954019], [-48.46209917, -24.50963052], [-48.46269633, -24.50977508], [-48.463526, -24.50985652], [-48.46400296, -24.50984308], [-48.46419504, -24.509798], [-48.46480528, -24.50948217], [-48.46496439, -24.50945963], [-48.46517278, -24.50950481], [-48.46545207, -24.50974408], [-48.46530889, -24.51014577], [-48.46525549, -24.51043914], [-48.46519636, -24.51136894], [-48.46521416, -24.51172098], [-48.46517887, -24.51229871], [-48.46504766, -24.51288095], [-48.46487861, -24.51334579], [-48.46480634, -24.51380616], [-48.46487777, -24.51422594], [-48.46498809, -24.51447421], [-48.46504165, -24.51475405], [-48.46517785, -24.5150926], [-48.46538587, -24.51544472], [-48.4659934, -24.51618958], [-48.4655149, -24.51610372], [-48.46500646, -24.51611713], [-48.464671, -24.51616221], [-48.46356427, -24.51664492], [-48.46269441, -24.51684332], [-48.46249336, -24.51692453], [-48.4622923, -24.51705988], [-48.46193608, -24.51741186], [-48.46171774, -24.51756525], [-48.46115713, -24.51777728], [-48.46048648, -24.51792607], [-48.45938752, -24.51801605], [-48.45884671, -24.51802043], [-48.45819584, -24.51795708], [-48.45720914, -24.51802902], [-48.45670162, -24.5179973], [-48.45614698, -24.51786628], [-48.45550048, -24.5176359], [-48.45515429, -24.51742819], [-48.45476625, -24.51701285], [-48.45431077, -24.5163086], [-48.45387633, -24.51539675], [-48.45348924, -24.51488208], [-48.45317731, -24.51458409], [-48.45256789, -24.51419577], [-48.45098903, -24.51309398], [-48.44970917, -24.5123263], [-48.44920058, -24.51196505], [-48.44890706, -24.51189725], [-48.44817669, -24.51186994], [-48.4479319, -24.51177959], [-48.44785425, -24.51170284], [-48.44780613, -24.5116938], [-48.44752662, -24.51131908], [-48.44741599, -24.51124231], [-48.44045448, -24.50925609], [-48.43885413, -24.50096384], [-48.43865357, -24.49955122], [-48.43843214, -24.49861894], [-48.43824956, -24.49818603], [-48.43808623, -24.49803653], [-48.43782932, -24.49781556], [-48.43757807, -24.49746831], [-48.43719994, -24.49723625], [-48.43669654, -24.49701108], [-48.43619367, -24.49666859], [-48.43569404, -24.49656082], [-48.43531672, -24.49656343], [-48.43469163, -24.49656182], [-48.43431335, -24.49633879], [-48.4340584, -24.49599145], [-48.43368072, -24.49576843], [-48.43342852, -24.49519551], [-48.43317243, -24.49496552], [-48.4330463, -24.49462041], [-48.43266907, -24.4941627], [-48.4324129, -24.49381536], [-48.43216155, -24.49359446], [-48.43166214, -24.49347766], [-48.43140666, -24.49324768], [-48.43115448, -24.49267476], [-48.4310243, -24.49210392], [-48.43089376, -24.49164139], [-48.43064218, -24.49106848], [-48.43038576, -24.49061283], [-48.43000789, -24.49003779], [-48.4299618, -24.49004856], [-48.42798829, -24.49289616], [-48.42067161, -24.49348406], [-48.41320309, -24.49209986], [-48.40950999, -24.49349916], [-48.40778945, -24.493755], [-48.40634756, -24.49373023], [-48.40515339, -24.49303189], [-48.40411221, -24.49247888], [-48.40323202, -24.49167893], [-48.40159063, -24.48956592], [-48.3958185, -24.48983214], [-48.39219113, -24.48926685], [-48.39106182, -24.48837975], [-48.39042988, -24.48756976], [-48.39031869, -24.48716754], [-48.39059319, -24.48691047], [-48.39132065, -24.48671757], [-48.39234974, -24.48641573], [-48.39320755, -24.48595109], [-48.39379481, -24.48529913], [-48.39418441, -24.48455245], [-48.39430015, -24.48377818], [-48.3940884, -24.48315811], [-48.39360516, -24.48239633], [-48.39284383, -24.48181243], [-48.39200629, -24.48129569], [-48.39102084, -24.48097323], [-48.39034439, -24.48083318], [-48.38952238, -24.48077329], [-48.38863196, -24.48091292], [-48.38770683, -24.48110718], [-48.38690458, -24.4812988], [-48.38625621, -24.48128756], [-48.3854869, -24.4810916], [-48.38450308, -24.48041247], [-48.38300831, -24.47910803], [-48.38171401, -24.4777614], [-48.38120375, -24.47732838], [-48.38036754, -24.47652802], [-48.37935932, -24.47582561], [-48.3782321, -24.47484714], [-48.37757348, -24.47412796], [-48.37693555, -24.47361461], [-48.37641709, -24.47335446], [-48.37559799, -24.47315758], [-48.37489929, -24.47316827], [-48.37358875, -24.47321397], [-48.37259225, -24.47315097], [-48.37172327, -24.47295321], [-48.37078472, -24.47250309], [-48.36916126, -24.47140178], [-48.36834231, -24.47063373], [-48.36761072, -24.47039303], [-48.36587048, -24.47011156], [-48.36452873, -24.46985984], [-48.36331735, -24.46933643], [-48.36228198, -24.46874758], [-48.36173216, -24.46836693], [-48.36131942, -24.46765773], [-48.36077021, -24.46648379], [-48.3601457, -24.46533134], [-48.3596829, -24.46479814], [-48.35906861, -24.46435362], [-48.35821947, -24.46381118], [-48.35775867, -24.4634629], [-48.3574089, -24.4632059], [-48.35684398, -24.46309406], [-48.35610269, -24.46299288], [-48.35539928, -24.46269129], [-48.35446372, -24.46210414], [-48.35335603, -24.46139984], [-48.35244496, -24.46083595], [-48.35188486, -24.46018687], [-48.35147674, -24.45942631], [-48.35135295, -24.4581913], [-48.35140844, -24.45673111], [-48.35130287, -24.45581606], [-48.3508713, -24.45498659], [-48.35046703, -24.45404343], [-48.35029681, -24.45344798], [-48.35014903, -24.45255389], [-48.35024006, -24.45177926], [-48.35058279, -24.45089487], [-48.35112353, -24.45008247], [-48.35153533, -24.44947326], [-48.35182769, -24.44861082], [-48.35204707, -24.44758337], [-48.3520341, -24.44701404], [-48.35184714, -24.44648793], [-48.35148322, -24.44600211], [-48.35111452, -24.44574453], [-48.35034645, -24.44550275], [-48.34950121, -24.44537377], [-48.3488324, -24.44515656], [-48.34824267, -24.44473528], [-48.34792911, -24.44422747], [-48.34759393, -24.44355955], [-48.34730096, -24.44266402], [-48.34719303, -24.44186305], [-48.34726787, -24.44077497], [-48.34755964, -24.43983758], [-48.34800208, -24.43895497], [-48.34826903, -24.4381149], [-48.34833846, -24.43718007], [-48.34845398, -24.4366537], [-48.34877248, -24.43591929], [-48.34929854, -24.4353933], [-48.34995622, -24.43494824], [-48.35096003, -24.43464618], [-48.35185934, -24.43457063], [-48.35305543, -24.4346144], [-48.35412773, -24.43469498], [-48.35641453, -24.43496997], [-48.35719112, -24.43480091], [-48.35762441, -24.43435185], [-48.35784867, -24.43376219], [-48.35792232, -24.43262194], [-48.3577562, -24.43102091], [-48.35753404, -24.42971567], [-48.35748591, -24.42843633], [-48.35763053, -24.42747996], [-48.35799901, -24.42655036], [-48.35884203, -24.42558336], [-48.35987816, -24.42432293], [-48.36077102, -24.42335682], [-48.36116385, -24.42297498], [-48.36035835, -24.42310102], [-48.35900144, -24.42347598], [-48.35898094, -24.4234379], [-48.35882558, -24.42321716], [-48.35831594, -24.42302366], [-48.35775284, -24.42296743], [-48.35721657, -24.42300704], [-48.35671325, -24.42307173], [-48.3559518, -24.42299718], [-48.35517646, -24.42294689], [-48.35439417, -24.42290871], [-48.35357491, -24.4229091], [-48.35260845, -24.42276548], [-48.35061824, -24.42190706], [-48.34972366, -24.42163798], [-48.34851826, -24.42133177], [-48.34714909, -24.42057922], [-48.34594702, -24.42011467], [-48.34537191, -24.41947107], [-48.34511227, -24.41864294], [-48.34461368, -24.41765224], [-48.34361531, -24.41695167], [-48.34252043, -24.41633061], [-48.34180891, -24.41558957], [-48.34141286, -24.41466401], [-48.34125707, -24.41383771], [-48.34078717, -24.41313258], [-48.34039193, -24.41271913], [-48.3398189, -24.41252956], [-48.33924764, -24.41225555], [-48.33908479, -24.411767], [-48.3391573, -24.41106085], [-48.33928705, -24.41037683], [-48.33930677, -24.40998651], [-48.33860131, -24.40950952], [-48.3382434, -24.40931494], [-48.33770807, -24.4091314], [-48.33712685, -24.40886725], [-48.33652354, -24.4085229], [-48.33605451, -24.40820268], [-48.33566262, -24.40798539], [-48.33517241, -24.40754146], [-48.33470918, -24.40732291], [-48.3341164, -24.40723266], [-48.33348096, -24.4070384], [-48.3331666, -24.40681068], [-48.33303977, -24.40657357], [-48.33266286, -24.40635109], [-48.33237905, -24.40632069], [-48.33204935, -24.40649263], [-48.33157188, -24.40676352], [-48.33146892, -24.40704102], [-48.33106106, -24.40730045], [-48.33066427, -24.40769337], [-48.33026108, -24.40806079], [-48.32954516, -24.40852919], [-48.32900943, -24.40888853], [-48.3282216, -24.4093388], [-48.3268677, -24.40993803], [-48.32605957, -24.41003185], [-48.32571543, -24.41013344], [-48.32496203, -24.41037443], [-48.32416527, -24.410644], [-48.32393962, -24.41069869], [-48.32374458, -24.4108224], [-48.32294534, -24.41120928], [-48.32250121, -24.41148508], [-48.32224226, -24.41159787], [-48.3216715, -24.41230179], [-48.3212409, -24.4129495], [-48.32075706, -24.41358649], [-48.32029871, -24.41423989], [-48.31994937, -24.41470986], [-48.31974001, -24.41519472], [-48.31969118, -24.41536362], [-48.31951794, -24.41579047], [-48.31939198, -24.41608815], [-48.31932333, -24.41638209], [-48.31900451, -24.41669539], [-48.31856666, -24.41697802], [-48.31831488, -24.41707353], [-48.31804441, -24.41706874], [-48.31754297, -24.41715981], [-48.31673086, -24.41717874], [-48.31616746, -24.41705487], [-48.31552936, -24.41689683], [-48.314948, -24.4165833], [-48.31455028, -24.41633157], [-48.31432793, -24.41622981], [-48.31388833, -24.41629047], [-48.31330607, -24.41652466], [-48.31286087, -24.41684931], [-48.31238299, -24.41720272], [-48.31204755, -24.41739238], [-48.31166118, -24.41746376], [-48.31123246, -24.41751483], [-48.31094371, -24.41751948], [-48.31060807, -24.41771891], [-48.30957244, -24.41849971], [-48.3092865, -24.41887609], [-48.30876668, -24.41918961], [-48.3080048, -24.41932277], [-48.30682467, -24.41951695], [-48.30618118, -24.41961308], [-48.30558223, -24.41971383], [-48.30504622, -24.41978253], [-48.30461034, -24.41966717], [-48.30434837, -24.41941797], [-48.30392309, -24.41880397], [-48.30368653, -24.41832463], [-48.30326967, -24.41781837], [-48.30282178, -24.41726265], [-48.30257084, -24.41649525], [-48.30223253, -24.41581433], [-48.30187736, -24.41532155], [-48.30158118, -24.41467072], [-48.30132401, -24.41419664], [-48.30085331, -24.41370897], [-48.30037027, -24.41329933], [-48.29999285, -24.41295026], [-48.29985643, -24.41283046], [-48.29951384, -24.41285368], [-48.29926535, -24.4129764], [-48.29884505, -24.41313517], [-48.29833127, -24.41316512], [-48.29800756, -24.41330606], [-48.29740115, -24.41316807], [-48.29703823, -24.41314202], [-48.2966282, -24.41332054], [-48.29617685, -24.41373078], [-48.2957237, -24.41416932], [-48.29528187, -24.41467188], [-48.29507264, -24.41496976], [-48.29488279, -24.4152506], [-48.29477471, -24.4155619], [-48.29480419, -24.41630266], [-48.29480721, -24.41716344], [-48.29487827, -24.41782655], [-48.29496778, -24.41814114], [-48.294884, -24.41856023], [-48.29458462, -24.41906348], [-48.29441409, -24.4195397], [-48.29448853, -24.42005942], [-48.29491563, -24.42109944], [-48.29502567, -24.42145352], [-48.29496681, -24.42170677], [-48.29489685, -24.42197939], [-48.2946339, -24.4222779], [-48.294491, -24.42246118], [-48.29396275, -24.42266691], [-48.29343699, -24.42275531], [-48.29307301, -24.42277814], [-48.29244982, -24.42292348], [-48.29189389, -24.42292331], [-48.29099764, -24.42283879], [-48.29060619, -24.42264594], [-48.29023598, -24.42262534], [-48.28839414, -24.42286416], [-48.28742037, -24.42300111], [-48.28596732, -24.42318094], [-48.2847073, -24.42354437], [-48.28383465, -24.42393224], [-48.28338381, -24.42446669], [-48.28315585, -24.42476669], [-48.28287279, -24.42505302], [-48.28267495, -24.42523953], [-48.28243612, -24.42539995], [-48.28222634, -24.42549754], [-48.2819194, -24.42560606], [-48.28159048, -24.42570692], [-48.28137947, -24.42579877], [-48.28125717, -24.42587751], [-48.2811508, -24.42596389], [-48.28101778, -24.42616751], [-48.28091787, -24.42632758], [-48.28085592, -24.42659135], [-48.28081873, -24.42682612], [-48.28081399, -24.42704677], [-48.28085622, -24.42732712], [-48.28092382, -24.42754907], [-48.28103225, -24.42774232], [-48.2812056, -24.4279073], [-48.28138005, -24.42802081], [-48.28163536, -24.42811369], [-48.28228371, -24.42825042], [-48.28276422, -24.42833999], [-48.28296406, -24.42839509], [-48.2832274, -24.42848811], [-48.28344252, -24.42858027], [-48.28410355, -24.42897006], [-48.28438422, -24.42907642], [-48.28462848, -24.42915961], [-48.28546253, -24.4292759], [-48.28573211, -24.42932577], [-48.28603762, -24.42942131], [-48.28615915, -24.42949103], [-48.28627899, -24.42963953], [-48.28631323, -24.42976398], [-48.28633373, -24.42995572], [-48.28623464, -24.43056183], [-48.28614856, -24.43113441], [-48.28604416, -24.43141397], [-48.28589176, -24.43163638], [-48.28556528, -24.43194572], [-48.28529208, -24.43206465], [-48.28497065, -24.43213768], [-48.28477413, -24.43212289], [-48.28456579, -24.43208537], [-48.28424677, -24.43204587], [-48.28396296, -24.4320858], [-48.28380237, -24.43211669], [-48.28352893, -24.43224686], [-48.28329238, -24.4323777], [-48.28276306, -24.43282626], [-48.28254917, -24.43304756], [-48.28228633, -24.43325672], [-48.28205002, -24.4333763], [-48.2817773, -24.43347272], [-48.28118266, -24.43366466], [-48.28094755, -24.43372797], [-48.28066228, -24.43383541], [-48.28050048, -24.43392256], [-48.28042452, -24.43402251], [-48.28043441, -24.43413526], [-48.28057811, -24.43431796], [-48.28083275, -24.4344914], [-48.28131839, -24.43479282], [-48.28169576, -24.43497972], [-48.2820372, -24.43512095], [-48.28241603, -24.43524033], [-48.2832219, -24.43552499], [-48.28366005, -24.43574675], [-48.28391517, -24.43589768], [-48.28414545, -24.43605942], [-48.28431305, -24.43627632], [-48.28442011, -24.4364471], [-48.28448932, -24.43666223], [-48.2845501, -24.43736916], [-48.28464269, -24.437641], [-48.2847623, -24.43780075], [-48.28512401, -24.43814497], [-48.28541435, -24.43837532], [-48.2856198, -24.43854787], [-48.28575171, -24.43870784], [-48.28585902, -24.43886737], [-48.28594149, -24.43903771], [-48.28594945, -24.43924049], [-48.28593378, -24.43939781], [-48.28569891, -24.440024], [-48.28529812, -24.44092864], [-48.28468632, -24.44249367], [-48.28445058, -24.44308289], [-48.28429672, -24.44337282], [-48.28408137, -24.44366163], [-48.28390653, -24.44378232], [-48.28368322, -24.44386837], [-48.28332607, -24.44388446], [-48.28296917, -24.44388931], [-48.28264795, -24.44395107], [-48.28241306, -24.44400314], [-48.28214201, -24.44402078], [-48.28176195, -24.44395766], [-48.28145472, -24.44394087], [-48.28118391, -24.44394726], [-48.28091237, -24.4439874], [-48.28054051, -24.4441158], [-48.2797717, -24.44439465], [-48.27935112, -24.44449965], [-48.27903038, -24.44453891], [-48.27873521, -24.44453359], [-48.27825604, -24.44450245], [-48.27791143, -24.4445075], [-48.27765243, -24.44453661], [-48.27737968, -24.44463301], [-48.27667636, -24.44487226], [-48.27611977, -24.44500857], [-48.27574839, -24.44511445], [-48.27543825, -24.44523269], [-48.27531357, -24.44530924], [-48.27505021, -24.4455409], [-48.27465853, -24.44601789], [-48.27444509, -24.44621667], [-48.27416943, -24.4464481], [-48.2735829, -24.44683153], [-48.27314565, -24.44713884], [-48.2726855, -24.44736694], [-48.27233579, -24.44760828], [-48.27222171, -24.44776382], [-48.27218263, -24.44786443], [-48.2721298, -24.44803234], [-48.27211168, -24.44830218], [-48.2721184, -24.44856122], [-48.27217578, -24.44875363], [-48.27222206, -24.44888955], [-48.27251928, -24.4492517], [-48.27274811, -24.44948097], [-48.27286407, -24.44980952], [-48.27288407, -24.45002377], [-48.27287849, -24.45028259], [-48.27283626, -24.45052948], [-48.27277665, -24.45101246], [-48.27275877, -24.45127106], [-48.27276598, -24.45150759], [-48.27279852, -24.4517108], [-48.2729352, -24.45221985], [-48.27307529, -24.45257135], [-48.27338005, -24.45327479], [-48.27347238, -24.45355789], [-48.27355291, -24.45381826], [-48.27358351, -24.45411149], [-48.27356636, -24.45433633], [-48.27350844, -24.45474054], [-48.27332291, -24.45535634], [-48.27320676, -24.45561195], [-48.27312835, -24.45582442], [-48.27307309, -24.45610485], [-48.27304122, -24.45644199], [-48.27307757, -24.45703927], [-48.27316094, -24.45773873], [-48.27332847, -24.45852975], [-48.27343384, -24.45877931], [-48.27354957, -24.45911912], [-48.27364361, -24.45932344], [-48.27375019, -24.45951674], [-48.27417895, -24.46017739], [-48.27433432, -24.46048027], [-48.27442642, -24.46077462], [-48.27455228, -24.46121592], [-48.27460651, -24.46155461], [-48.27466626, -24.46220861], [-48.2747463, -24.46249148], [-48.27482732, -24.46272934], [-48.27488591, -24.46286549], [-48.27501589, -24.46311549], [-48.27515937, -24.46330945], [-48.27530262, -24.46351466], [-48.27552527, -24.46372468], [-48.27587544, -24.46403494], [-48.2762401, -24.46424415], [-48.27643425, -24.46437148], [-48.2773047, -24.46452226], [-48.27783315, -24.4645543], [-48.2781889, -24.46460574], [-48.27858059, -24.46470285], [-48.27892308, -24.46479908], [-48.27945008, -24.46489863], [-48.27964689, -24.46490217], [-48.2800779, -24.46488742], [-48.28049685, -24.4648612], [-48.28071851, -24.46485393], [-48.28098888, -24.46487005], [-48.28129447, -24.46496561], [-48.2815974, -24.46518495], [-48.28197099, -24.46555191], [-48.2822949, -24.46594048], [-48.28253222, -24.46635001], [-48.28279774, -24.46716531], [-48.28293859, -24.46748305], [-48.28312439, -24.46778594], [-48.28351101, -24.46811936], [-48.28415356, -24.46856995], [-48.28450401, -24.46886894], [-48.28473556, -24.46897441], [-48.28505491, -24.46900267], [-48.28542443, -24.4689868], [-48.28565671, -24.46905852], [-48.28586293, -24.46919731], [-48.2859324, -24.46940119], [-48.28592684, -24.46966001], [-48.2858687, -24.47007548], [-48.28573676, -24.47048963], [-48.28531075, -24.47199044], [-48.28525575, -24.47225962], [-48.2852115, -24.47259421], [-48.28526745, -24.47285413], [-48.28536152, -24.47305845], [-48.28561936, -24.47365972], [-48.2857127, -24.4738978], [-48.28577951, -24.47422546], [-48.2857865, -24.47447325], [-48.28570882, -24.47465197], [-48.28559545, -24.47477376], [-48.28533518, -24.47485914], [-48.28503873, -24.47491009], [-48.28477942, -24.47495046], [-48.28435874, -24.47505546], [-48.28309719, -24.47534797], [-48.28234121, -24.47559329], [-48.28186939, -24.47578742], [-48.28176759, -24.47594319], [-48.28172536, -24.47619009], [-48.28180398, -24.47654048], [-48.28184714, -24.47682268], [-48.28183217, -24.47694625], [-48.2817048, -24.47714658], [-48.28150458, -24.47730058], [-48.28114299, -24.47751921], [-48.28049481, -24.47790154], [-48.28029507, -24.47803303], [-48.28022969, -24.47821196], [-48.28030854, -24.4785511], [-48.28034279, -24.47867555], [-48.28038366, -24.47878852], [-48.28032889, -24.47904645], [-48.28020272, -24.47919052], [-48.28011418, -24.47930149], [-48.27998583, -24.47954684], [-48.27972289, -24.47975599], [-48.27949902, -24.47986453], [-48.27896712, -24.47999003], [-48.2786955, -24.48003016], [-48.27823741, -24.48015699], [-48.27797713, -24.48024236], [-48.27780272, -24.48034052], [-48.27770236, -24.48042877], [-48.27770066, -24.48050754], [-48.27774576, -24.48069973], [-48.27824375, -24.48214963], [-48.27826448, -24.48233011], [-48.278236, -24.48250971], [-48.27808279, -24.48276587], [-48.27794529, -24.4828647], [-48.2777699, -24.48300788], [-48.27747197, -24.48312634], [-48.27733471, -24.48321392], [-48.27710963, -24.48337872], [-48.27690251, -24.48361902], [-48.27584654, -24.48464688], [-48.27573315, -24.48476867], [-48.27571818, -24.48489222], [-48.27572442, -24.48517377], [-48.27572054, -24.48535381], [-48.27569205, -24.48553341], [-48.27560278, -24.48567814], [-48.27542351, -24.48600137], [-48.27532169, -24.48615713], [-48.2747281, -24.48742973], [-48.27453652, -24.48775273], [-48.27425712, -24.48815294], [-48.27397942, -24.48847438], [-48.2737285, -24.48869499], [-48.27365129, -24.4888512], [-48.27361074, -24.48901932], [-48.27361891, -24.48921084], [-48.27366254, -24.48947054], [-48.27380557, -24.48968701], [-48.27409599, -24.4899174], [-48.27432552, -24.49007813], [-48.27444636, -24.49018163], [-48.27461594, -24.49030852], [-48.27467551, -24.49039965], [-48.27468563, -24.49050115], [-48.2746586, -24.49061323], [-48.2745949, -24.49071339], [-48.27438259, -24.4908559], [-48.27413167, -24.49107651], [-48.27398136, -24.49119763], [-48.27380693, -24.49129579], [-48.2736822, -24.49137234], [-48.2733343, -24.49152365], [-48.27314684, -24.49165535], [-48.27293526, -24.4917641], [-48.27268482, -24.4919622], [-48.27253378, -24.49211707], [-48.27218175, -24.49245968], [-48.27196871, -24.49263595], [-48.27183046, -24.49276853], [-48.27170256, -24.49299136], [-48.27164849, -24.49321553], [-48.27161732, -24.49351891], [-48.27162185, -24.49387922], [-48.27165293, -24.49414995], [-48.27170837, -24.49443238], [-48.2718017, -24.49467047], [-48.27192037, -24.49487524], [-48.27213722, -24.49509305], [-48.27234347, -24.49523186], [-48.27253814, -24.49533669], [-48.27307392, -24.49560529], [-48.27337884, -24.49573463], [-48.27379328, -24.49592223], [-48.27408263, -24.49608283], [-48.27419191, -24.49615235], [-48.27425197, -24.49622097], [-48.27429949, -24.49630063], [-48.27429657, -24.49643567], [-48.27426808, -24.49661526], [-48.2742162, -24.49673816], [-48.27404127, -24.49685882], [-48.27390423, -24.49693515], [-48.27382822, -24.49703509], [-48.27375076, -24.49720255], [-48.27368754, -24.49728021], [-48.2736605, -24.49739229], [-48.27360959, -24.49747017], [-48.2735951, -24.49757122], [-48.27360473, -24.49769522], [-48.27362545, -24.49787571], [-48.27365945, -24.49801141], [-48.27373586, -24.49846308], [-48.27371846, -24.49869916], [-48.27366536, -24.49887832], [-48.27361274, -24.49903497], [-48.27353431, -24.49924744], [-48.27347011, -24.4993701], [-48.27335719, -24.49946938], [-48.27315911, -24.49952208], [-48.27298443, -24.4996315], [-48.27278562, -24.49971796], [-48.27264833, -24.49980554], [-48.27232429, -24.49999105], [-48.27214912, -24.50012297], [-48.27204777, -24.50025622], [-48.27189623, -24.5004336], [-48.27184482, -24.50053398], [-48.27174347, -24.50066723], [-48.27165321, -24.50085697], [-48.2716235, -24.50109283], [-48.27164106, -24.50141961], [-48.27163693, -24.5016109], [-48.27148262, -24.50189598], [-48.27127919, -24.50219624], [-48.27115275, -24.50235156], [-48.27111243, -24.50250843], [-48.27109624, -24.50268825], [-48.27113048, -24.5028127], [-48.27125085, -24.5029387], [-48.27161633, -24.50311417], [-48.27182259, -24.50325298], [-48.2720894, -24.50343792], [-48.27227057, -24.5035988], [-48.27242688, -24.50377048], [-48.27249731, -24.50392936], [-48.27247027, -24.50404144], [-48.27233151, -24.50419653], [-48.27222967, -24.50435229], [-48.27216572, -24.5044637], [-48.27216159, -24.504655], [-48.27210897, -24.50481165], [-48.2720438, -24.50497932], [-48.272017, -24.50508015], [-48.27203456, -24.50540693], [-48.27215521, -24.50557479], [-48.27224927, -24.50577912], [-48.2723694, -24.50591638], [-48.27251244, -24.50613285], [-48.27255947, -24.50623501], [-48.27267094, -24.50642633], [-48.27267722, -24.5065752], [-48.27257212, -24.50675396], [-48.27248452, -24.50692513], [-48.27245714, -24.50704987], [-48.27236985, -24.50717428], [-48.2721711, -24.50735975], [-48.27192827, -24.50762301], [-48.27148734, -24.50828062], [-48.27147188, -24.50828576], [-48.2714194, -24.50838195], [-48.27130051, -24.50855926], [-48.27131868, -24.50856652], [-48.27122049, -24.50874647], [-48.27083466, -24.50897911], [-48.27058325, -24.50921399], [-48.27008469, -24.50921856], [-48.26958617, -24.50945572], [-48.26922636, -24.50957319], [-48.26883622, -24.50980357], [-48.26833768, -24.51004299], [-48.2679779, -24.5103908], [-48.26747505, -24.51062797], [-48.26722797, -24.51108867], [-48.26697658, -24.51143872], [-48.26675554, -24.51190168], [-48.26675562, -24.51270787], [-48.26689445, -24.51339663], [-48.26700721, -24.51385729], [-48.26728476, -24.51454377], [-48.26739319, -24.51500444], [-48.26753198, -24.51535219], [-48.26767075, -24.51569317], [-48.26792224, -24.51615157], [-48.26816943, -24.51672514], [-48.26816947, -24.51707065], [-48.26830825, -24.51742066], [-48.2681999, -24.51788135], [-48.26794859, -24.51891565], [-48.26770154, -24.5194983], [-48.26745018, -24.52007418], [-48.26722912, -24.52053714], [-48.26772768, -24.52053257], [-48.26808751, -24.52064544], [-48.26883753, -24.52075377], [-48.26922772, -24.52074695], [-48.26958754, -24.52074691], [-48.27036357, -24.52085523], [-48.27111358, -24.52084838], [-48.27161214, -24.52095898], [-48.27197198, -24.52095217], [-48.27272197, -24.52094758], [-48.27311212, -24.52082785], [-48.27347193, -24.52070813], [-48.27385778, -24.52070809], [-48.27499796, -24.52069216], [-48.27560926, -24.52080276], [-48.27599508, -24.52080046], [-48.27635493, -24.52091334], [-48.27699657, -24.52113684], [-48.27738241, -24.52113228], [-48.27774228, -24.52136032], [-48.27799374, -24.52147547], [-48.2784923, -24.52158381], [-48.27912964, -24.52192475], [-48.27951984, -24.52226796], [-48.27987969, -24.52237632], [-48.28037826, -24.52260209], [-48.28076845, -24.52271496], [-48.28101992, -24.52282559], [-48.2814058, -24.52317106], [-48.2819044, -24.52350975], [-48.28215588, -24.5237378], [-48.28229468, -24.5243159], [-48.28229476, -24.52500466], [-48.28193495, -24.52512664], [-48.28118492, -24.52512672], [-48.28090747, -24.52501609], [-48.28029617, -24.52491227], [-48.27979764, -24.52514492], [-48.27943785, -24.52549272], [-48.27918645, -24.52572986], [-48.2789394, -24.52630348], [-48.27843655, -24.5266513], [-48.27818947, -24.52688844], [-48.27769094, -24.52723852], [-48.27732685, -24.52758858], [-48.27743964, -24.52827733], [-48.2775784, -24.52862056], [-48.27796862, -24.52896378], [-48.27821577, -24.52919183], [-48.27860595, -24.52930245], [-48.2788531, -24.52964793], [-48.27910458, -24.52987147], [-48.27946441, -24.52998435], [-48.27999337, -24.53044046], [-48.28035326, -24.53089658], [-48.28063076, -24.53124206], [-48.28112931, -24.53135041], [-48.28162793, -24.53180878], [-48.28201817, -24.53215199], [-48.28226961, -24.53226262], [-48.28251677, -24.5326081], [-48.28276825, -24.53294907], [-48.2830154, -24.5332923], [-48.28326688, -24.53351809], [-48.28376545, -24.53374613], [-48.28415567, -24.53408934], [-48.28440281, -24.53431739], [-48.28479302, -24.53465609], [-48.2849318, -24.5350061], [-48.28529167, -24.53534932], [-48.28556918, -24.53580545], [-48.28532213, -24.53626841], [-48.28568198, -24.53637903], [-48.28631927, -24.53648962], [-48.2866791, -24.53660023], [-48.28695659, -24.53671312], [-48.2877066, -24.53693435], [-48.28795808, -24.53716692], [-48.28834393, -24.53716237], [-48.2888425, -24.53738814], [-48.28909398, -24.53761394], [-48.28934544, -24.53772908], [-48.28959257, -24.53795939], [-48.28998276, -24.53818518], [-48.29034264, -24.53841322], [-48.29073282, -24.53852158], [-48.2912314, -24.53874735], [-48.29161725, -24.53886023], [-48.29198144, -24.53908375], [-48.29261878, -24.53953985], [-48.29300467, -24.5398808], [-48.29336883, -24.53999368], [-48.29375472, -24.54022172], [-48.29439204, -24.54067556], [-48.29475622, -24.54066875], [-48.29528082, -24.54101421], [-48.29577941, -24.54135515], [-48.29614359, -24.54146577], [-48.29652944, -24.54169155], [-48.29678095, -24.54203478], [-48.29727954, -24.54249089], [-48.29766977, -24.54294701], [-48.29805567, -24.54329022], [-48.29841553, -24.54363118], [-48.29880573, -24.54386374], [-48.29919597, -24.5443176], [-48.29930437, -24.54465632], [-48.29944317, -24.54523893], [-48.29972072, -24.54581023], [-48.30021933, -24.5462686], [-48.3005835, -24.54637922], [-48.30096934, -24.54648758], [-48.30135952, -24.54648528], [-48.30197082, -24.54671104], [-48.30260814, -24.54693228], [-48.30299403, -24.5472755], [-48.30324553, -24.54785132], [-48.30324557, -24.54819908], [-48.30288577, -24.54854237], [-48.30249566, -24.54889469], [-48.30224856, -24.54912731], [-48.30199716, -24.54935768], [-48.30199719, -24.5497077], [-48.30252612, -24.54993347], [-48.30302468, -24.54992439], [-48.30352323, -24.54991982], [-48.30413454, -24.55014559], [-48.30463312, -24.55037136], [-48.30491058, -24.5504865], [-48.30516205, -24.55071004], [-48.30566066, -24.55105324], [-48.3060205, -24.55116611], [-48.30629799, -24.55139642], [-48.30718678, -24.55196089], [-48.30768536, -24.55218892], [-48.30818394, -24.55229953], [-48.30893393, -24.55228816], [-48.30929374, -24.5521707], [-48.31004376, -24.55216385], [-48.31057268, -24.55239187], [-48.31093254, -24.55261992], [-48.31131845, -24.55330412], [-48.31145721, -24.55364736], [-48.31156999, -24.55399511], [-48.3118475, -24.55445351], [-48.31209897, -24.55479447], [-48.31223774, -24.55513771], [-48.31248489, -24.55548093], [-48.31273636, -24.55570899], [-48.31287515, -24.55616965], [-48.3131223, -24.55639319], [-48.31348649, -24.55662575], [-48.31373361, -24.55684929], [-48.31401112, -24.55730768], [-48.31426263, -24.55765316], [-48.31476124, -24.55811153], [-48.31515142, -24.55833506], [-48.3161486, -24.5587866], [-48.31653878, -24.55889948], [-48.31689866, -24.55935334], [-48.31717617, -24.55981173], [-48.31728459, -24.56015949], [-48.31767481, -24.56061335], [-48.31806501, -24.56084365], [-48.31842489, -24.56106492], [-48.31881074, -24.56129748], [-48.31981225, -24.56174451], [-48.32031085, -24.56208997], [-48.32058833, -24.56231802], [-48.32108691, -24.56254379], [-48.32158551, -24.56288248], [-48.32197568, -24.56299309], [-48.32247427, -24.56322112], [-48.32272573, -24.56344917], [-48.32308557, -24.56355753], [-48.32352786, -24.56417398], [-48.32372297, -24.56435914], [-48.32436031, -24.56481072], [-48.32461176, -24.56504555], [-48.32538783, -24.56526678], [-48.3256596, -24.56539108], [-48.32564551, -24.56539428], [-48.32556776, -24.56543085], [-48.32543943, -24.56560939], [-48.32538158, -24.56568034], [-48.32531613, -24.56577877], [-48.32527322, -24.56587494], [-48.32525801, -24.56592761], [-48.32523019, -24.56600547], [-48.32519742, -24.566065], [-48.32516707, -24.56614973], [-48.32515664, -24.56626656], [-48.32515634, -24.56635132], [-48.32518111, -24.56642925], [-48.32519832, -24.56652091], [-48.32523563, -24.56659197], [-48.32530043, -24.56668369], [-48.32547261, -24.5668626], [-48.325545, -24.56693142], [-48.32560993, -24.56698419], [-48.32573228, -24.56709203], [-48.32579703, -24.5671975], [-48.32584942, -24.56725943], [-48.32594429, -24.56734662], [-48.3260141, -24.56744065], [-48.32605386, -24.56753465], [-48.32612354, -24.56766535], [-48.32622802, -24.56787632], [-48.32626523, -24.56798407], [-48.32630479, -24.56813538], [-48.32636451, -24.56825234], [-48.32644176, -24.56837391], [-48.32649642, -24.56850691], [-48.32655118, -24.56861012], [-48.3266335, -24.56871566], [-48.32673581, -24.56883497], [-48.32680058, -24.56894279], [-48.32687543, -24.56903686], [-48.32695779, -24.56913095], [-48.32706271, -24.56922277], [-48.32719014, -24.56932608], [-48.32727248, -24.56942935], [-48.32735486, -24.56952114], [-48.32746533, -24.56971444], [-48.32752373, -24.56977562], [-48.32759006, -24.56986645], [-48.32765416, -24.56997559], [-48.32772139, -24.57012814], [-48.327779, -24.57030594], [-48.32778321, -24.57042251], [-48.32778741, -24.57087975], [-48.32778203, -24.57102384], [-48.32775402, -24.571159], [-48.32771129, -24.57148406], [-48.32767241, -24.57155988], [-48.32763163, -24.57167686], [-48.32757839, -24.57179626], [-48.32752289, -24.57193167], [-48.32746142, -24.57200085], [-48.32731804, -24.57210969], [-48.32724464, -24.57221784], [-48.32710214, -24.5723861], [-48.32705593, -24.57247341], [-48.3269699, -24.57257254], [-48.32687938, -24.57270601], [-48.32680096, -24.57281192], [-48.32669524, -24.57293181], [-48.32665724, -24.57306704], [-48.32661951, -24.57322055], [-48.32651109, -24.57349588], [-48.32647187, -24.57371796], [-48.32640632, -24.57384888], [-48.32631584, -24.57398461], [-48.32628065, -24.57414036], [-48.32618325, -24.574315], [-48.32606329, -24.57448529], [-48.32581216, -24.57474371], [-48.3256429, -24.57496018], [-48.32551717, -24.57507796], [-48.3254012, -24.57517965], [-48.32528259, -24.57527222], [-48.32518061, -24.57547431], [-48.32509744, -24.57559624], [-48.32500417, -24.57571141], [-48.32490165, -24.57587694], [-48.32478707, -24.57607229], [-48.32464953, -24.57623587], [-48.32457444, -24.57639655], [-48.32446922, -24.57654839], [-48.32438143, -24.57669548], [-48.32428686, -24.57689061], [-48.32417979, -24.57708586], [-48.32411391, -24.57719389], [-48.3240443, -24.57738649], [-48.32401735, -24.57759007], [-48.32402031, -24.57778878], [-48.32403273, -24.57795084], [-48.32406189, -24.57806248], [-48.32410929, -24.57822419], [-48.3241814, -24.57836737], [-48.32423404, -24.57854501], [-48.32431416, -24.57872236], [-48.32442732, -24.57910493], [-48.32450038, -24.57931203], [-48.32455865, -24.57953297], [-48.32458544, -24.57965373], [-48.32460524, -24.57980882], [-48.32459176, -24.58007841], [-48.3245747, -24.58027497], [-48.32457711, -24.58043707], [-48.32458877, -24.58054883], [-48.32461805, -24.58066956], [-48.32464707, -24.58077201], [-48.32470383, -24.58089245], [-48.3247922, -24.58112216], [-48.32483138, -24.58123592], [-48.32497295, -24.5815153], [-48.32503374, -24.58173841], [-48.32503837, -24.58188219], [-48.32505489, -24.58198475], [-48.32507218, -24.5821398], [-48.32508448, -24.5822949], [-48.32507905, -24.5824342], [-48.32510104, -24.58256865], [-48.32508585, -24.58305955], [-48.32502587, -24.58322678], [-48.3249107, -24.58378916], [-48.32484296, -24.58392606], [-48.32475258, -24.58412685], [-48.32471483, -24.58424554], [-48.32460194, -24.58446683], [-48.32452139, -24.58472476], [-48.32450607, -24.58485037], [-48.32450289, -24.58510165], [-48.32451513, -24.58518621], [-48.32454487, -24.5852594], [-48.3246095, -24.5853441], [-48.32472657, -24.58541982], [-48.32479877, -24.58547485], [-48.32485352, -24.58552526], [-48.32493563, -24.58560773], [-48.32523953, -24.58579134], [-48.32531916, -24.58587152], [-48.32537598, -24.58607729], [-48.32537805, -24.58623265], [-48.32538782, -24.58631035], [-48.32539474, -24.58651369], [-48.32541184, -24.58664853], [-48.32542138, -24.58680618], [-48.32543353, -24.58692501], [-48.32547814, -24.5870348], [-48.32557768, -24.58713331], [-48.32576666, -24.58737373], [-48.32587364, -24.58749055], [-48.3259807, -24.58757538], [-48.32609273, -24.58767166], [-48.32625969, -24.58775209], [-48.32640665, -24.58785304], [-48.32655121, -24.58791514], [-48.32670079, -24.5879704], [-48.32684034, -24.58804163], [-48.32703218, -24.58815869], [-48.32722889, -24.5883169], [-48.32727622, -24.58834902], [-48.3273459, -24.58842233], [-48.32740553, -24.58851846], [-48.32758712, -24.58897809], [-48.32763936, -24.58913104], [-48.32764446, -24.58934517], [-48.32787885, -24.58922184], [-48.32799576, -24.58917261], [-48.32806023, -24.58912581], [-48.32811042, -24.58902543], [-48.3281381, -24.58894326], [-48.32821584, -24.58881097], [-48.32825088, -24.58877223], [-48.32831342, -24.58872215], [-48.32835346, -24.58868114], [-48.32838599, -24.58865382], [-48.32843346, -24.58863568], [-48.3284934, -24.58862215], [-48.32875807, -24.58858179], [-48.32896286, -24.58853897], [-48.32935486, -24.5884944], [-48.32943729, -24.58847408], [-48.32974946, -24.58841785], [-48.3299418, -24.58837043], [-48.33013896, -24.5883847], [-48.3302238, -24.58839409], [-48.33028368, -24.58840568], [-48.33053074, -24.58843381], [-48.33062806, -24.5884478], [-48.33089002, -24.58850568], [-48.33096735, -24.58852647], [-48.33101972, -24.58854718], [-48.33114947, -24.58857041], [-48.33130409, -24.58863026], [-48.33136146, -24.58864871], [-48.33145872, -24.58868555], [-48.33175563, -24.58875267], [-48.33185295, -24.58876666], [-48.33193034, -24.58876917], [-48.33200257, -24.58883108], [-48.33207744, -24.58884272], [-48.33217479, -24.58884985], [-48.33228954, -24.58888675], [-48.33238421, -24.58896015], [-48.33245638, -24.58904719], [-48.33248619, -24.58910212], [-48.33250352, -24.58915473], [-48.3325208, -24.58922562], [-48.33252067, -24.58927361], [-48.33251289, -24.58937641], [-48.33252262, -24.58947013], [-48.33254979, -24.58957761], [-48.33255961, -24.58963705], [-48.33257943, -24.58969424], [-48.3326139, -24.5898703], [-48.33265364, -24.58994582], [-48.3326783, -24.59005558], [-48.3326855, -24.590163], [-48.33268518, -24.59027954], [-48.33269496, -24.59035269], [-48.33270462, -24.59047155], [-48.33272429, -24.59058129], [-48.33274657, -24.59064991], [-48.3327638, -24.59074137], [-48.33280101, -24.5908306], [-48.33282067, -24.59094262], [-48.33285285, -24.59104555], [-48.33286253, -24.59115298], [-48.33292718, -24.59125143], [-48.33300914, -24.59140935], [-48.33306123, -24.5915329], [-48.33309095, -24.59162211], [-48.33311063, -24.59172957], [-48.33315032, -24.59182338], [-48.33318499, -24.59192631], [-48.33324711, -24.59203847], [-48.33332154, -24.59221007], [-48.3333737, -24.59230849], [-48.33346566, -24.59246416], [-48.33354534, -24.59254666], [-48.33362247, -24.59264744], [-48.3336522, -24.5927298], [-48.33378153, -24.59291529], [-48.33396321, -24.5931375], [-48.33407026, -24.59325209], [-48.3341399, -24.59335513], [-48.33421209, -24.59343533], [-48.33426184, -24.59350632], [-48.33432395, -24.59362306], [-48.33437359, -24.5937329], [-48.33442335, -24.59379932], [-48.3344806, -24.59386577], [-48.33453271, -24.59398476], [-48.3345823, -24.59411288], [-48.33461189, -24.5942478], [-48.33466157, -24.59434393], [-48.33472841, -24.59455666], [-48.33496184, -24.59522214], [-48.33506239, -24.59535977], [-48.33507511, -24.59545163], [-48.33514305, -24.59558014], [-48.33520347, -24.59570866], [-48.33529178, -24.5960025], [-48.33547796, -24.59633521], [-48.33557846, -24.59644987], [-48.33570663, -24.59660352], [-48.33575696, -24.59669989], [-48.33583238, -24.59680541], [-48.33592277, -24.59687185], [-48.33603579, -24.5969704], [-48.33619392, -24.59706198], [-48.33641736, -24.59721315], [-48.33654034, -24.59727494], [-48.33690919, -24.59741205], [-48.33698445, -24.59743258], [-48.33711991, -24.59745989], [-48.33718768, -24.59749422], [-48.33725041, -24.59751936], [-48.3373257, -24.59755597], [-48.33739603, -24.59761786], [-48.33745879, -24.59766138], [-48.33752906, -24.59769111], [-48.33768963, -24.59773904], [-48.33778239, -24.59772968], [-48.33785759, -24.59771805], [-48.33797036, -24.59767879], [-48.33804066, -24.59765874], [-48.3380404, -24.598602], [-48.33796455, -24.59860215], [-48.33787675, -24.59858623], [-48.33782403, -24.59855188], [-48.33774623, -24.59851757], [-48.33760818, -24.59843974], [-48.33743254, -24.59837805], [-48.33735979, -24.59835752], [-48.33721926, -24.59829806], [-48.33712394, -24.59827987], [-48.33703112, -24.59825477], [-48.33694836, -24.59824574], [-48.33682298, -24.59824138], [-48.33673521, -24.59823466], [-48.33667753, -24.59822787], [-48.33644176, -24.59818697], [-48.33635394, -24.59815498], [-48.33603364, -24.59797972], [-48.33566342, -24.59826292], [-48.33556477, -24.59835232], [-48.33552518, -24.59841414], [-48.33548802, -24.59846452], [-48.33540894, -24.59860415], [-48.33536955, -24.59869795], [-48.33534009, -24.59878257], [-48.33531807, -24.59885803], [-48.33530354, -24.59893346], [-48.33529906, -24.599018], [-48.3352476, -24.59918036], [-48.33523822, -24.5992809], [-48.33523644, -24.59939969], [-48.3352122, -24.59952084], [-48.33514573, -24.59967868], [-48.33506722, -24.59991194], [-48.33502327, -24.60007655], [-48.33500381, -24.60016341], [-48.33495202, -24.60027095], [-48.33485307, -24.6004266], [-48.33480381, -24.60054097], [-48.33472716, -24.60066686], [-48.33462778, -24.6007517], [-48.33454096, -24.60084792], [-48.33447201, -24.60100803], [-48.33440787, -24.60113844], [-48.33437846, -24.60122989], [-48.33433412, -24.60133054], [-48.33421333, -24.60158902], [-48.3341341, -24.60170119], [-48.33405498, -24.60183164], [-48.33399604, -24.60199398], [-48.33393173, -24.60209468], [-48.33386735, -24.60218396], [-48.33377578, -24.602319], [-48.33364404, -24.60241764], [-48.33355956, -24.60248643], [-48.33345286, -24.60259639], [-48.33335847, -24.60267662], [-48.33329137, -24.60272937], [-48.33323449, -24.60281861], [-48.33317257, -24.60290103], [-48.33312069, -24.60299254], [-48.33306899, -24.60311145], [-48.33302691, -24.60317324], [-48.33298761, -24.60327841], [-48.33294314, -24.6033562], [-48.33291375, -24.60344991], [-48.33285945, -24.60355285], [-48.33283514, -24.60366025], [-48.33282089, -24.60377904], [-48.33281631, -24.60384756], [-48.33281879, -24.604254], [-48.33283427, -24.60433616], [-48.33283964, -24.6043978], [-48.33284011, -24.60447543], [-48.33285103, -24.60462838], [-48.33285777, -24.60491379], [-48.33286843, -24.60502336], [-48.33286927, -24.60516264], [-48.3328876, -24.60530187], [-48.33288944, -24.60560326], [-48.33287226, -24.60565126], [-48.32882138, -24.60463225], [-48.32868434, -24.60477227], [-48.32862037, -24.60492105], [-48.32859998, -24.6049863], [-48.3285606, -24.60507545], [-48.32851618, -24.60515548], [-48.32845188, -24.60524927], [-48.32838279, -24.60537732], [-48.32830862, -24.60548939], [-48.32817051, -24.60575232], [-48.32812161, -24.60591453], [-48.32806275, -24.60608134], [-48.32798897, -24.60625504], [-48.32791298, -24.60647667], [-48.32785124, -24.60657957], [-48.32776455, -24.60668254], [-48.32769777, -24.6067786], [-48.32762876, -24.60691575], [-48.32759435, -24.60700031], [-48.32755735, -24.60706889], [-48.32750563, -24.60717859], [-48.32747377, -24.60727227], [-48.32744205, -24.60738648], [-48.32736048, -24.60750996], [-48.32730845, -24.60756946], [-48.32725923, -24.60767915], [-48.32723006, -24.60780476], [-48.32721323, -24.60790752], [-48.32720395, -24.60801938], [-48.32716506, -24.60818609], [-48.32712333, -24.60829576], [-48.32708179, -24.60843738], [-48.3270384, -24.60868398], [-48.32703915, -24.60880493], [-48.32703224, -24.60889852], [-48.32699606, -24.60909945], [-48.32698785, -24.60938474], [-48.32698857, -24.60950113], [-48.32698217, -24.60967687], [-48.32693288, -24.60977513], [-48.3269211, -24.60988699], [-48.3268644, -24.60999668], [-48.32678003, -24.61006994], [-48.32670828, -24.61016598], [-48.3266637, -24.61021859], [-48.32660915, -24.61027122], [-48.32655721, -24.61034439], [-48.32650758, -24.6103856], [-48.32643566, -24.61045425], [-48.32627653, -24.61053912], [-48.32617729, -24.6106261], [-48.32613033, -24.61069468], [-48.32606466, -24.6109664], [-48.32606035, -24.61107594], [-48.32596679, -24.6112747], [-48.32593569, -24.61148928], [-48.32587207, -24.61168795], [-48.32585286, -24.61180894], [-48.3257942, -24.61200304], [-48.32576719, -24.61207156], [-48.32575541, -24.61218339], [-48.32575378, -24.61232258], [-48.32574452, -24.61243896], [-48.32574034, -24.61256903], [-48.32572895, -24.61274474], [-48.32574013, -24.61293865], [-48.32574139, -24.61314171], [-48.32576505, -24.61333786], [-48.325746, -24.61348393], [-48.32576672, -24.61360708], [-48.32579751, -24.61374617], [-48.32584822, -24.61387837], [-48.32591108, -24.61396035], [-48.32596439, -24.6141108], [-48.32604225, -24.6141973], [-48.3261152, -24.61429751], [-48.32618069, -24.61440001], [-48.32622887, -24.61452765], [-48.32630958, -24.61467119], [-48.32635994, -24.61474864], [-48.32640291, -24.61483979], [-48.32643844, -24.61493781], [-48.32646898, -24.61503584], [-48.32650694, -24.61512472], [-48.32656251, -24.61523638], [-48.32661833, -24.6153891], [-48.32667675, -24.61555779], [-48.32670245, -24.61568092], [-48.32678327, -24.61584271], [-48.32691891, -24.61599524], [-48.32702463, -24.61614785], [-48.32719876, -24.61647368], [-48.32728688, -24.6166058], [-48.3273928, -24.61679035], [-48.32750336, -24.61692013], [-48.32755403, -24.61704549], [-48.32763733, -24.617205], [-48.32770292, -24.61732348], [-48.32776106, -24.61744654], [-48.32780155, -24.61753999], [-48.32791062, -24.61783176], [-48.32796858, -24.61792517], [-48.32802127, -24.61797523], [-48.3280615, -24.61802534], [-48.3280993, -24.61808685], [-48.32816963, -24.61816426], [-48.32824488, -24.61823025], [-48.32832505, -24.61828482], [-48.32844775, -24.61835755], [-48.32855051, -24.61843488], [-48.32874619, -24.61861012], [-48.32893166, -24.61874659], [-48.329107, -24.61885799], [-48.32915966, -24.61890122], [-48.32925753, -24.61899226], [-48.32943284, -24.6190991], [-48.32960387, -24.61919035], [-48.32971791, -24.61929859], [-48.32981574, -24.61944688], [-48.32979298, -24.61959226], [-48.3297975, -24.61973078], [-48.32981037, -24.61995424], [-48.32977649, -24.62007095], [-48.32976302, -24.62023554], [-48.32974137, -24.62032477], [-48.32970489, -24.62043005], [-48.32967865, -24.62056271], [-48.32966688, -24.62063766], [-48.32931057, -24.62067003], [-48.33003118, -24.62198328], [-48.33065817, -24.62224557], [-48.33127646, -24.62234709], [-48.33343252, -24.62184502], [-48.3332956, -24.62292062], [-48.33427124, -24.6232107], [-48.33513144, -24.62359516], [-48.33563542, -24.62380827], [-48.33566724, -24.62381566], [-48.33558008, -24.62441328], [-48.33563545, -24.62451305], [-48.33597097, -24.62462037], [-48.33629464, -24.62469294], [-48.33696252, -24.62518554], [-48.33721032, -24.62538187], [-48.33743672, -24.625597], [-48.33770347, -24.62588963], [-48.33804692, -24.62629962], [-48.33828099, -24.62637969], [-48.33860189, -24.62612164], [-48.33871053, -24.62592665], [-48.33899834, -24.62570687], [-48.33953263, -24.62567162], [-48.34014184, -24.62576006], [-48.34043284, -24.62589956], [-48.34072465, -24.62600069], [-48.3410298, -24.6259677], [-48.34169101, -24.62548037], [-48.34202643, -24.62550549], [-48.34223032, -24.6255511], [-48.34242197, -24.62566603], [-48.34287744, -24.62600405], [-48.34375993, -24.6256781], [-48.34420408, -24.62537772], [-48.34504711, -24.62519269], [-48.34560467, -24.62508889], [-48.34648904, -24.62497014], [-48.34742646, -24.62504117], [-48.34774818, -24.62535507], [-48.34808884, -24.62563599], [-48.34899314, -24.62565194], [-48.3494519, -24.62595518], [-48.34981729, -24.62636149], [-48.35018564, -24.62705941], [-48.35058118, -24.62776614], [-48.35113611, -24.62826741], [-48.35414364, -24.62991909], [-48.35433616, -24.63030568], [-48.35419746, -24.63082806], [-48.35419027, -24.63116948], [-48.35397248, -24.63154884], [-48.35396546, -24.63188194], [-48.35434249, -24.63207098], [-48.35463162, -24.63220685], [-48.35523853, -24.63255222], [-48.35555437, -24.63269813], [-48.35578823, -24.63281021], [-48.35659648, -24.63306574], [-48.3576846, -24.63478211], [-48.35815798, -24.63620375], [-48.35868727, -24.63653961], [-48.35942002, -24.63655249], [-48.3603081, -24.63598029], [-48.36081606, -24.63563001], [-48.3617856, -24.63543477], [-48.36283549, -24.63396737], [-48.36342591, -24.63354252], [-48.3639837, -24.6333727], [-48.36452567, -24.63310463], [-48.36520096, -24.63244703], [-48.36633473, -24.63209137], [-48.36672139, -24.6318198], [-48.36784225, -24.63071602], [-48.36790247, -24.63064933], [-48.36916372, -24.63018157], [-48.37048619, -24.63020472], [-48.37152658, -24.63089236], [-48.37258099, -24.6309108], [-48.37371538, -24.6300919], [-48.37594965, -24.63054113], [-48.37723451, -24.63066713], [-48.37873975, -24.63091437], [-48.37964609, -24.63075001], [-48.38150192, -24.62948558], [-48.38301968, -24.6287852], [-48.38471812, -24.62833477], [-48.38562801, -24.62851928], [-48.38671816, -24.62853824], [-48.38736526, -24.62836988], [-48.38789765, -24.62803581], [-48.38800652, -24.62697528], [-48.38810026, -24.62668651], [-48.38825596, -24.62646999], [-48.38871086, -24.62601446], [-48.38911825, -24.6255544], [-48.38947266, -24.62497695], [-48.38954041, -24.62476036], [-48.38957958, -24.62439934], [-48.38967715, -24.62393454], [-48.38987869, -24.62311059], [-48.39196475, -24.62288104], [-48.39533546, -24.62298574], [-48.3973611, -24.62271591], [-48.39719777, -24.62314542], [-48.39711196, -24.62346157], [-48.39694855, -24.62371572], [-48.39684791, -24.62391268], [-48.39674228, -24.62410503], [-48.39657881, -24.62438439], [-48.39643057, -24.62458127], [-48.39631721, -24.62488131], [-48.39621143, -24.62514699], [-48.39615179, -24.62524668], [-48.3954564, -24.62646389], [-48.39537477, -24.62670473], [-48.39533284, -24.62685605], [-48.39535786, -24.62694958], [-48.39541404, -24.62703204], [-48.39563797, -24.62714096], [-48.39643745, -24.62741224], [-48.39656592, -24.62750557], [-48.39673676, -24.62753916], [-48.39706281, -24.62749878], [-48.39751708, -24.62749676], [-48.39826531, -24.62756442], [-48.39848687, -24.62770543], [-48.39871339, -24.62783495], [-48.39882702, -24.62797412], [-48.39885287, -24.62812516], [-48.3988134, -24.62826274], [-48.39867582, -24.62835265], [-48.3984731, -24.62846577], [-48.39830295, -24.62856501], [-48.39818564, -24.62869606], [-48.39811673, -24.62896888], [-48.39814835, -24.62926874], [-48.39824063, -24.62965305], [-48.39826969, -24.62994375], [-48.39840618, -24.63082048], [-48.39865425, -24.63134028], [-48.3990204, -24.63184062], [-48.39959514, -24.63249494], [-48.40006355, -24.63320231], [-48.40013903, -24.63343654], [-48.40013714, -24.6335278], [-48.40012554, -24.63355945], [-48.40038298, -24.63372585], [-48.40044891, -24.63381375], [-48.40047403, -24.63399271], [-48.40087681, -24.63390961], [-48.40122282, -24.63386379], [-48.40150405, -24.63383851], [-48.40183899, -24.63383219], [-48.4021297, -24.63384009], [-48.40246465, -24.63387326], [-48.40273008, -24.63391276], [-48.40290704, -24.63394752], [-48.40313297, -24.63399808], [-48.40336364, -24.63406285], [-48.40370807, -24.63417819], [-48.40409989, -24.63434566], [-48.40432109, -24.63445784], [-48.4046197, -24.63462847], [-48.405021, -24.63490969], [-48.40531329, -24.635153], [-48.40560986, -24.63544576], [-48.40584889, -24.63572178], [-48.40601163, -24.63593981], [-48.40620912, -24.63624316], [-48.4063687, -24.63654492], [-48.40650141, -24.63684669], [-48.40658831, -24.63709], [-48.40667521, -24.63738229], [-48.40672419, -24.637594], [-48.40675895, -24.63780887], [-48.40677475, -24.63794], [-48.40680319, -24.63831761], [-48.40679213, -24.63870785], [-48.40675105, -24.6390744], [-48.40669576, -24.63934615], [-48.4065583, -24.63983119], [-48.40644455, -24.6401061], [-48.40640663, -24.64018667], [-48.40627516, -24.64045356], [-48.40615061, -24.64067006], [-48.40597835, -24.64092147], [-48.40579677, -24.64116008], [-48.40562101, -24.64136261], [-48.40541965, -24.64156863], [-48.40517406, -24.64178513], [-48.40495407, -24.64196089], [-48.40467472, -24.64215061], [-48.40446404, -24.6422833], [-48.40432553, -24.64235779], [-48.40409042, -24.64247652], [-48.40380292, -24.64260223], [-48.40350262, -24.64271164], [-48.40327348, -24.64278243], [-48.40302625, -24.64284662], [-48.40250012, -24.64293849], [-48.40226656, -24.64296668], [-48.40177125, -24.64298682], [-48.40132426, -24.64296266], [-48.40096586, -24.64291836], [-48.40055109, -24.64285393], [-48.39993096, -24.64266462], [-48.39941147, -24.64244319], [-48.39912555, -24.64228614], [-48.39885977, -24.64212104], [-48.39864635, -24.64196802], [-48.39823962, -24.64163379], [-48.39801814, -24.64142439], [-48.3977282, -24.64109015], [-48.39745034, -24.64069552], [-48.39716443, -24.64015994], [-48.39700335, -24.63974114], [-48.39689462, -24.63934248], [-48.39681005, -24.63884716], [-48.39678919, -24.63833524], [-48.39679935, -24.63812187], [-48.39683999, -24.63775405], [-48.39687047, -24.63758539], [-48.39691517, -24.63738015], [-48.39694972, -24.63724603], [-48.39704116, -24.63697372], [-48.39712245, -24.63675629], [-48.39723398, -24.63652637], [-48.39672293, -24.63633537], [-48.39649471, -24.63632142], [-48.39630091, -24.63635591], [-48.39611237, -24.63640952], [-48.3958503, -24.63650653], [-48.39555727, -24.63663611], [-48.39537716, -24.6367606], [-48.39508688, -24.63693827], [-48.39497687, -24.63702578], [-48.39476898, -24.63711375], [-48.39453337, -24.63718354], [-48.39431755, -24.63719368], [-48.39409633, -24.63713057], [-48.39389512, -24.63705133], [-48.39367354, -24.63691492], [-48.39348939, -24.63673027], [-48.39340816, -24.63654971], [-48.39326415, -24.63636029], [-48.39310814, -24.63628771], [-48.39297743, -24.63624936], [-48.39286456, -24.6362682], [-48.39241111, -24.63645118], [-48.39217031, -24.63648892], [-48.39178878, -24.63649751], [-48.39145726, -24.63646695], [-48.39127425, -24.63651359], [-48.39098828, -24.6365584], [-48.39078496, -24.63656162], [-48.39059174, -24.63657852], [-48.39044877, -24.63660665], [-48.39028101, -24.63669673], [-48.39019875, -24.63681162], [-48.39015405, -24.63691031], [-48.39006906, -24.63698397], [-48.38966787, -24.63708657], [-48.3895678, -24.63715343], [-48.3894803, -24.6372317], [-48.38942549, -24.63731668], [-48.38943111, -24.63743576], [-48.38949198, -24.63755917], [-48.38957327, -24.63775575], [-48.38978126, -24.63818538], [-48.38986257, -24.63838428], [-48.38988629, -24.63861089], [-48.3898724, -24.63884915], [-48.38982332, -24.63907841], [-48.38969866, -24.63925304], [-48.38954392, -24.63943926], [-48.38941411, -24.63958643], [-48.38931937, -24.63972199], [-48.38924739, -24.6398895], [-48.38917013, -24.64000665], [-48.38907759, -24.64007578], [-48.38894478, -24.64012678], [-48.38876678, -24.64017798], [-48.38865669, -24.64025636], [-48.38853952, -24.64042637], [-48.38833178, -24.64055788], [-48.38815419, -24.64069152], [-48.38799677, -24.6408434], [-48.38781143, -24.64093587], [-48.38763848, -24.64099391], [-48.3874556, -24.64107949], [-48.38728523, -24.64114899], [-48.38712017, -24.64128029], [-48.38692992, -24.64139796], [-48.38673439, -24.64146299], [-48.386579, -24.64152095], [-48.38647628, -24.64156495], [-48.38628854, -24.64168262], [-48.38614367, -24.64183673], [-48.38600411, -24.64205038], [-48.38582696, -24.64227794], [-48.38569259, -24.64252592], [-48.38559348, -24.64279664], [-48.38555163, -24.64296861], [-48.38547749, -24.64321173], [-48.3854482, -24.64338364], [-48.38536126, -24.64357416], [-48.38523152, -24.64374424], [-48.38506397, -24.64388473], [-48.38484599, -24.64397964], [-48.3846153, -24.64404712], [-48.38434939, -24.64410101], [-48.38415886, -24.64416144], [-48.38375031, -24.64431449], [-48.38356238, -24.64440011], [-48.38333176, -24.64448132], [-48.38316135, -24.64455312], [-48.38298591, -24.64462034], [-48.38278027, -24.64467396], [-48.3826096, -24.64469537], [-48.3823987, -24.64470321], [-48.38226574, -24.64472901], [-48.38216566, -24.64480506], [-48.38210617, -24.64496567], [-48.38205891, -24.6450598], [-48.38199432, -24.64520211], [-48.38189208, -24.64535147], [-48.3817698, -24.64550778], [-48.38165467, -24.64558847], [-48.38146673, -24.64567179], [-48.38126106, -24.64572543], [-48.38113806, -24.64573515], [-48.38081405, -24.64572289], [-48.38079738, -24.6459108], [-48.38088619, -24.64610051], [-48.38098273, -24.64632683], [-48.38106897, -24.64650281], [-48.38108488, -24.64667681], [-48.38103315, -24.64688319], [-48.38101619, -24.64700925], [-48.38108496, -24.64720591], [-48.38121397, -24.64739774], [-48.38137284, -24.64753215], [-48.38156691, -24.64768013], [-48.38169827, -24.64783528], [-48.38188312, -24.6481528], [-48.38209551, -24.648445], [-48.38220469, -24.64869187], [-48.38231406, -24.64897767], [-48.38236531, -24.64918357], [-48.38242699, -24.64947417], [-48.38246122, -24.64980156], [-48.38243543, -24.65017502], [-48.3824367, -24.65043613], [-48.38253068, -24.65065329], [-48.38266758, -24.65092064], [-48.38273892, -24.65112874], [-48.3829074, -24.65168911], [-48.38302177, -24.6519703], [-48.3831056, -24.65216688], [-48.38316895, -24.6522834], [-48.38317978, -24.65244367], [-48.3832623, -24.65288763], [-48.38324816, -24.65307781], [-48.38324662, -24.6532748], [-48.38327554, -24.65354264], [-48.38333684, -24.65375307], [-48.38347415, -24.65410287], [-48.38362835, -24.65430827], [-48.38374955, -24.65444284], [-48.38388556, -24.65452465], [-48.38403424, -24.65463387], [-48.38415344, -24.6548738], [-48.38422715, -24.6550521], [-48.38430034, -24.65512962], [-48.38458425, -24.65515577], [-48.38478513, -24.65515252], [-48.38495111, -24.65520441], [-48.38511503, -24.65534564], [-48.38526088, -24.65538616], [-48.38559763, -24.65543953], [-48.38576368, -24.65550286], [-48.3858773, -24.65562829], [-48.38602653, -24.65584746], [-48.38616559, -24.65603918], [-48.38633455, -24.65618953], [-48.38668136, -24.65624514], [-48.38702548, -24.65626639], [-48.38733923, -24.65623969], [-48.38769072, -24.65622656], [-48.38807237, -24.65622473], [-48.38837629, -24.65624388], [-48.38871824, -24.65633842], [-48.38909774, -24.6564099], [-48.38940161, -24.65641989], [-48.38972789, -24.65639083], [-48.38990617, -24.65639227], [-48.39007735, -24.65648306], [-48.39018108, -24.65664287], [-48.3902672, -24.6567936], [-48.39036574, -24.65692366], [-48.39057704, -24.65700052], [-48.39103221, -24.65714489], [-48.39132652, -24.65726028], [-48.39161341, -24.657394], [-48.39175701, -24.65749178], [-48.3918727, -24.65753244], [-48.39214383, -24.65752656], [-48.39243746, -24.65750452], [-48.39258785, -24.65745342], [-48.3927931, -24.65732647], [-48.39300852, -24.65722464], [-48.39324655, -24.65712961], [-48.3933871, -24.65711976], [-48.39358058, -24.65715546], [-48.39377898, -24.65716595], [-48.39401985, -24.65713503], [-48.394238, -24.65708358], [-48.39442368, -24.65706207], [-48.39455176, -24.65707289], [-48.39464248, -24.65714115], [-48.39474097, -24.65725748], [-48.39481201, -24.65741056], [-48.39486081, -24.65763016], [-48.39483407, -24.65780663], [-48.39476011, -24.65808179], [-48.39472322, -24.6582354], [-48.39471908, -24.65841405], [-48.39472476, -24.65854684], [-48.39479823, -24.65868161], [-48.39498226, -24.65883413], [-48.395136, -24.65895477], [-48.39527198, -24.65903653], [-48.39544293, -24.65908608], [-48.3955811, -24.65910372], [-48.39570649, -24.65907793], [-48.39580659, -24.65901331], [-48.39589171, -24.6589671], [-48.39599221, -24.65898492], [-48.39610563, -24.6590714], [-48.39624242, -24.65932033], [-48.3963481, -24.6593702], [-48.39675477, -24.65936821], [-48.39691811, -24.65940174], [-48.39706153, -24.65946517], [-48.39712707, -24.6595198], [-48.39717545, -24.65965696], [-48.39727926, -24.65983508], [-48.39740789, -24.6599581], [-48.39751119, -24.66003316], [-48.39764966, -24.66011491], [-48.3978082, -24.66018971], [-48.39792871, -24.6601937], [-48.3980364, -24.66014278], [-48.39816675, -24.66010779], [-48.39839032, -24.66013876], [-48.39862674, -24.66022691], [-48.39889811, -24.66028281], [-48.39929734, -24.66030144], [-48.39960403, -24.66038924], [-48.39990334, -24.66050912], [-48.40009996, -24.66067531], [-48.40030134, -24.66079111], [-48.40045251, -24.66090256], [-48.40057088, -24.66098211], [-48.40068946, -24.6611006], [-48.4008205, -24.66120529], [-48.40094409, -24.66132145], [-48.40106798, -24.66150173], [-48.40120679, -24.66165446], [-48.40148134, -24.66184316], [-48.40174336, -24.66203879], [-48.40201494, -24.66213589], [-48.40229179, -24.66228563], [-48.40252619, -24.66247682], [-48.40273996, -24.66256275], [-48.4030092, -24.66269652], [-48.40322262, -24.66270917], [-48.40339076, -24.66272902], [-48.40349306, -24.6626423], [-48.40352112, -24.66253281], [-48.40351454, -24.66236197], [-48.40347345, -24.66217672], [-48.40345254, -24.66201425], [-48.40349664, -24.66179649], [-48.40360872, -24.6616242], [-48.40374601, -24.6614724], [-48.40391352, -24.66134334], [-48.40408832, -24.66116845], [-48.40435079, -24.66095421], [-48.4045279, -24.6607358], [-48.40487224, -24.66033796], [-48.40497195, -24.66020239], [-48.4050715, -24.66003245], [-48.40521117, -24.65986004], [-48.40534845, -24.65971052], [-48.40545536, -24.65950849], [-48.40549984, -24.6593686], [-48.40551134, -24.65916248], [-48.4055983, -24.65898803], [-48.40573059, -24.65884313], [-48.40586777, -24.65867529], [-48.40601284, -24.65857612], [-48.40614036, -24.65848161], [-48.40626983, -24.6582772], [-48.40628646, -24.65809394], [-48.4063131, -24.65789919], [-48.40634484, -24.65769761], [-48.40637453, -24.65745087], [-48.4063695, -24.65714102], [-48.40641063, -24.6568363], [-48.40643978, -24.6566461], [-48.40648447, -24.65654972], [-48.40658429, -24.65643705], [-48.40677973, -24.65637654], [-48.40723898, -24.65637658], [-48.40741482, -24.65641006], [-48.40753553, -24.65645983], [-48.40765394, -24.65655311], [-48.40778996, -24.65665091], [-48.40803227, -24.65692675], [-48.40822367, -24.65706089], [-48.40847745, -24.65712604], [-48.40876124, -24.65717042], [-48.40897962, -24.65718308], [-48.40947896, -24.65717602], [-48.40987769, -24.65712367], [-48.41022114, -24.65705559], [-48.41043904, -24.65697666], [-48.41058403, -24.65686833], [-48.41074416, -24.65677825], [-48.41085424, -24.65671131], [-48.41096219, -24.65671992], [-48.41109289, -24.65676507], [-48.41128107, -24.65676185], [-48.41137612, -24.65670184], [-48.41155879, -24.6566025], [-48.41179412, -24.65649829], [-48.41196175, -24.65640131], [-48.41215699, -24.65630647], [-48.41236941, -24.65613828], [-48.41251647, -24.65594525], [-48.41269621, -24.65576349], [-48.41316838, -24.6553605], [-48.41333604, -24.65527266], [-48.41353138, -24.65520302], [-48.41378986, -24.65521089], [-48.41399831, -24.65525107], [-48.41427198, -24.65528863], [-48.41445274, -24.65530834], [-48.41464563, -24.65525244], [-48.41481832, -24.65516687], [-48.41500098, -24.65506981], [-48.41531643, -24.65493776], [-48.41570467, -24.6548145], [-48.41597264, -24.65471929], [-48.41619269, -24.65457626], [-48.4163481, -24.65454803], [-48.41649616, -24.65455645], [-48.41695581, -24.65466404], [-48.41723581, -24.65476906], [-48.4178002, -24.65494372], [-48.41777818, -24.65505373], [-48.41775394, -24.65521638], [-48.41775213, -24.65535603], [-48.4177781, -24.6555299], [-48.41781922, -24.6557197], [-48.4178918, -24.6558435], [-48.41820804, -24.65619851], [-48.41928411, -24.65838954], [-48.41997702, -24.65978991], [-48.4207326, -24.65948519], [-48.42163586, -24.65871677], [-48.42308761, -24.6581815], [-48.42566652, -24.65715488], [-48.4272694, -24.6568877], [-48.42734633, -24.65672937], [-48.4273509, -24.65664466], [-48.42731525, -24.65654183], [-48.42722164, -24.65638437], [-48.42717058, -24.65621296], [-48.42719997, -24.65607317], [-48.4272519, -24.65593328], [-48.42751127, -24.65565271], [-48.42765559, -24.65543225], [-48.42779286, -24.65530338], [-48.42796005, -24.65513772], [-48.42810184, -24.65491499], [-48.42814837, -24.65469959], [-48.42818744, -24.65449568], [-48.42824703, -24.65438093], [-48.42832195, -24.65431874], [-48.42841956, -24.65428392], [-48.42886221, -24.65404364], [-48.4291501, -24.65394147], [-48.42974342, -24.65374392], [-48.430074, -24.65365758], [-48.4302341, -24.65357895], [-48.43042467, -24.65357569], [-48.43062545, -24.65360901], [-48.43078387, -24.65369061], [-48.4310453, -24.65381061], [-48.43267431, -24.65435629], [-48.43292456, -24.65448315], [-48.43301549, -24.65461088], [-48.4331365, -24.65473156], [-48.43329744, -24.65482001], [-48.4335484, -24.65485993], [-48.43374652, -24.6548635], [-48.43404229, -24.6548414], [-48.43426781, -24.6548105], [-48.43452815, -24.65472907], [-48.43563429, -24.65431104], [-48.43653909, -24.65350531], [-48.43821944, -24.65299661], [-48.43951552, -24.65268504], [-48.44055294, -24.65240829], [-48.44277499, -24.65201432], [-48.44318321, -24.65179018], [-48.44330197, -24.65179221], [-48.44341597, -24.65177609], [-48.44367618, -24.65171382], [-48.44389042, -24.65169753], [-48.44416325, -24.65173899], [-48.44437881, -24.65180772], [-48.4445757, -24.65193499], [-48.44497847, -24.65228266], [-48.44515004, -24.65239804], [-48.44534119, -24.6524873], [-48.44572277, -24.65260471], [-48.44591963, -24.65271457], [-48.44610478, -24.65285626], [-48.44644773, -24.65317338], [-48.4465052, -24.65321244], [-48.44655738, -24.65323067], [-48.44673202, -24.65322397], [-48.44680614, -24.65320149], [-48.44685835, -24.65316963], [-48.44693424, -24.65308498], [-48.44708642, -24.65281346], [-48.4471848, -24.65268119], [-48.44725618, -24.65261409], [-48.44740482, -24.65250297], [-48.44759232, -24.65239786], [-48.44775354, -24.65233714], [-48.44797303, -24.65228176], [-48.44835672, -24.65222763], [-48.4490733, -24.65205279], [-48.44912236, -24.65204928], [-48.4491646, -24.65205976], [-48.44925747, -24.65212082], [-48.44956373, -24.65240743], [-48.44969055, -24.65253838], [-48.44971618, -24.65258872], [-48.449709, -24.65284448], [-48.44979619, -24.65313722], [-48.4498212, -24.65338819], [-48.44980382, -24.65350514], [-48.44977504, -24.65358461], [-48.44971904, -24.65367167], [-48.44961227, -24.65378899], [-48.44958119, -24.65386049], [-48.44955128, -24.65420025], [-48.44957741, -24.65433265], [-48.44960527, -24.65439115], [-48.44968567, -24.6544539], [-48.44992286, -24.654562], [-48.45007823, -24.6545955], [-48.4503962, -24.6546166], [-48.45056279, -24.65468044], [-48.45065805, -24.65474054], [-48.45108048, -24.65506938], [-48.45122706, -24.65515627], [-48.45154095, -24.65530032], [-48.45161799, -24.65536823], [-48.45165151, -24.6554346], [-48.45166685, -24.65586032], [-48.45174034, -24.65615157], [-48.45186375, -24.65647975], [-48.4518657, -24.65657808], [-48.45183604, -24.65663804], [-48.4517819, -24.65668777], [-48.45162499, -24.65676389], [-48.45137544, -24.65694297], [-48.45104276, -24.65708597], [-48.45097905, -24.6571358], [-48.45090394, -24.65723092], [-48.45085987, -24.65731916], [-48.45083395, -24.65740826], [-48.45081291, -24.65770016], [-48.45077683, -24.65788167], [-48.45058855, -24.65843762], [-48.45055244, -24.65875643], [-48.45055551, -24.65895449], [-48.45058228, -24.65905657], [-48.45062891, -24.65909988], [-48.45087306, -24.6592405], [-48.45097148, -24.65933052], [-48.45100521, -24.6593857], [-48.45112406, -24.65968511], [-48.45125472, -24.65989438], [-48.45132051, -24.65997664], [-48.45138054, -24.66001657], [-48.4514479, -24.6600066], [-48.45183254, -24.65970264], [-48.45192085, -24.65965379], [-48.45198285, -24.65963471], [-48.45212858, -24.65962282], [-48.45252107, -24.65962244], [-48.45289487, -24.65966697], [-48.45312163, -24.65972579], [-48.45335233, -24.65982366], [-48.4538723, -24.66011181], [-48.45417469, -24.66024456], [-48.45441844, -24.66029843], [-48.45474688, -24.66031988], [-48.45486818, -24.6603436], [-48.45514929, -24.66044457], [-48.45539402, -24.66058131], [-48.45562503, -24.66067881], [-48.45573935, -24.66070999], [-48.45602662, -24.66075565], [-48.45613075, -24.66075463], [-48.45621302, -24.66073554], [-48.45646967, -24.66055621], [-48.45659883, -24.66050009], [-48.45692879, -24.66045649], [-48.45725623, -24.66039614], [-48.4575976, -24.66037351], [-48.4577344, -24.66030126], [-48.4577439, -24.66044538], [-48.457808, -24.66055774], [-48.45786461, -24.66061611], [-48.45795135, -24.66066867], [-48.45803438, -24.66069876], [-48.45811589, -24.66070772], [-48.45821903, -24.66070082], [-48.45833447, -24.66065277], [-48.45845636, -24.66057973], [-48.45870229, -24.66036971], [-48.45882035, -24.6602903], [-48.45924108, -24.66009993], [-48.45950212, -24.65996753], [-48.45961469, -24.65994047], [-48.45968552, -24.65994861], [-48.4597515, -24.66001677], [-48.45987148, -24.66019382], [-48.46014408, -24.66065594], [-48.4602291, -24.66076451], [-48.46036277, -24.66090378], [-48.46044608, -24.66102298], [-48.46081042, -24.6617651], [-48.46094628, -24.66192805], [-48.4610025, -24.66195185], [-48.46107518, -24.66193764], [-48.46124239, -24.6618401], [-48.46144035, -24.66174551], [-48.46175126, -24.6616477], [-48.46241812, -24.66148242], [-48.46278071, -24.66137474], [-48.46289926, -24.66136763], [-48.46316005, -24.66137943], [-48.46331003, -24.66135776], [-48.46420488, -24.66103405], [-48.46432085, -24.66101363], [-48.46439068, -24.66102322], [-48.46445415, -24.66105958], [-48.46450919, -24.66111151], [-48.4645506, -24.66116916], [-48.46459143, -24.66125983], [-48.46462096, -24.6613716], [-48.46465831, -24.66165952], [-48.46476003, -24.66203067], [-48.46480963, -24.66212782], [-48.46496381, -24.66229342], [-48.46584857, -24.66304548], [-48.46605979, -24.66319923], [-48.46611055, -24.66321904], [-48.46614757, -24.66321957], [-48.46621485, -24.66318056], [-48.46628749, -24.66305135], [-48.46634017, -24.66281984], [-48.46636944, -24.66275336], [-48.46646327, -24.66264653], [-48.46659477, -24.66257538], [-48.46679478, -24.66252667], [-48.46696487, -24.66251166], [-48.46708651, -24.66251309], [-48.46733728, -24.66254242], [-48.46750722, -24.66257904], [-48.46764672, -24.66262544], [-48.46774408, -24.66267067], [-48.46801018, -24.6628266], [-48.46836631, -24.66308677], [-48.46864521, -24.66327397], [-48.46890145, -24.66343833], [-48.46902764, -24.66350318], [-48.46914947, -24.66354017], [-48.46951398, -24.66356688], [-48.469721, -24.66361054], [-48.46994927, -24.66368875], [-48.47047495, -24.66397027], [-48.47065244, -24.66404404], [-48.47097295, -24.66415133], [-48.47181882, -24.66434167], [-48.47212411, -24.66443436], [-48.47258599, -24.66462382], [-48.47275747, -24.66470595], [-48.47303621, -24.66487275], [-48.47328021, -24.66507063], [-48.47354121, -24.66524932], [-48.47398192, -24.66547036], [-48.47431249, -24.66569589], [-48.4748325, -24.66599282], [-48.47508257, -24.6661123], [-48.47528006, -24.6662309], [-48.47575433, -24.66670959], [-48.47608525, -24.66699373], [-48.47628275, -24.66711233], [-48.47644888, -24.66722079], [-48.47660605, -24.66725225], [-48.47674102, -24.66734098], [-48.47698936, -24.66754688], [-48.47739689, -24.66781621], [-48.47762768, -24.66784891], [-48.47782459, -24.66799632], [-48.47799015, -24.66813359], [-48.47819797, -24.66826196], [-48.47831191, -24.66835033], [-48.47871646, -24.66863571], [-48.47888337, -24.66870576], [-48.4790608, -24.66877598], [-48.47924991, -24.66878876], [-48.47935643, -24.66872331], [-48.47952604, -24.66865891], [-48.47968418, -24.66864235], [-48.47977844, -24.66866315], [-48.47988225, -24.66873213], [-48.48001839, -24.66876324], [-48.48016446, -24.66882333], [-48.48035928, -24.66893731], [-48.48053895, -24.66908938], [-48.4807192, -24.66922178], [-48.4809527, -24.66938502], [-48.48126093, -24.66961395], [-48.48133668, -24.66968604], [-48.4814596, -24.66979625], [-48.48157533, -24.66995312], [-48.48162317, -24.67008914], [-48.48172015, -24.67028753], [-48.48186615, -24.67055975], [-48.48210727, -24.67098321], [-48.48215772, -24.67124133], [-48.48218087, -24.67139189], [-48.4821285, -24.67184583], [-48.4820805, -24.67235143], [-48.48206917, -24.67256997], [-48.4821019, -24.67271276], [-48.48218048, -24.67283834], [-48.48233909, -24.67294725], [-48.4824873, -24.6731636], [-48.48265769, -24.67336079], [-48.48273672, -24.67364134], [-48.48266936, -24.6739159], [-48.48259078, -24.67409394], [-48.48245622, -24.67430516], [-48.48229753, -24.67466306], [-48.48201351, -24.67503515], [-48.48186475, -24.67528242], [-48.48161124, -24.67556089], [-48.48154455, -24.67564112], [-48.48135183, -24.67580093], [-48.48124805, -24.67599028], [-48.48118622, -24.67612538], [-48.48121944, -24.67627132], [-48.48125497, -24.67632721], [-48.48131333, -24.67647324], [-48.48143902, -24.67664827], [-48.48152293, -24.67683185], [-48.48150175, -24.67699769], [-48.48143506, -24.67707792], [-48.48134922, -24.67717362], [-48.4812101, -24.67724995], [-48.48085192, -24.67724464], [-48.48097521, -24.6773808], [-48.48103178, -24.6774683], [-48.48107891, -24.67751781], [-48.48112955, -24.67756689], [-48.48126157, -24.67765462], [-48.48140882, -24.67770127], [-48.48150136, -24.67770751], [-48.48158121, -24.677748], [-48.48170384, -24.67778635], [-48.48188327, -24.67783219], [-48.48199839, -24.67785678], [-48.4821557, -24.6778989], [-48.48233279, -24.67789446], [-48.48242869, -24.67794596], [-48.48251898, -24.67801938], [-48.48261712, -24.67815543], [-48.48270298, -24.67835177], [-48.48281523, -24.67847462], [-48.4828362, -24.6786048], [-48.48289916, -24.67881004], [-48.48303996, -24.67903701], [-48.4832708, -24.67923485], [-48.48346912, -24.67938111], [-48.48382721, -24.67936669], [-48.48402923, -24.67932924]]]]}}]}