{"type": "FeatureCollection", "features": [{"type": "Feature", "properties": {"name": "Área de Proteção Ambiental Cuesta Parananapanema"}, "geometry": {"type": "MultiPolygon", "coordinates": [[[[-49.369562, -23.68534525], [-49.36983427, -23.68537069], [-49.37012414, -23.68532137], [-49.37082748, -23.68498201], [-49.37141453, -23.68484731], [-49.37167166, -23.68482835], [-49.37208733, -23.68491399], [-49.37248883, -23.68495523], [-49.3730517, -23.68487265], [-49.37332426, -23.68487552], [-49.37346793, -23.68491315], [-49.37373963, -23.6850641], [-49.37490023, -23.68596395], [-49.37528372, -23.68611516], [-49.37559123, -23.68614548], [-49.37577967, -23.6861312], [-49.3761236, -23.68575464], [-49.37649891, -23.68521857], [-49.37667101, -23.68493954], [-49.37689872, -23.68468366], [-49.37710928, -23.684545], [-49.37745514, -23.68440865], [-49.37778705, -23.68444825], [-49.43152689, -23.67251568], [-49.50346905, -23.67466601], [-49.50406427, -23.67423107], [-49.50429815, -23.67401298], [-49.50437981, -23.673816], [-49.50440526, -23.67364737], [-49.50440219, -23.67322833], [-49.50444564, -23.67294248], [-49.50475268, -23.67258512], [-49.50508256, -23.67228759], [-49.50541227, -23.6720921], [-49.50658874, -23.67158328], [-49.5072602, -23.67125291], [-49.50811941, -23.67096589], [-49.50896699, -23.6707537], [-49.50946126, -23.67074401], [-49.50987562, -23.67077689], [-49.51017113, -23.67074271], [-49.51048307, -23.67064367], [-49.51117465, -23.67017982], [-49.51136673, -23.67010129], [-49.5120374, -23.67001201], [-49.51247015, -23.66989335], [-49.51267051, -23.66986277], [-49.51278963, -23.66982056], [-49.51292701, -23.66972345], [-49.51296874, -23.66967508], [-49.51301114, -23.66956712], [-49.51301268, -23.66943078], [-49.51298637, -23.66924269], [-49.51282395, -23.66886636], [-49.51263504, -23.66857827], [-49.51235244, -23.66825226], [-49.51206769, -23.66802918], [-49.51156116, -23.66773805], [-49.51147384, -23.66765684], [-49.51141152, -23.66753162], [-49.51138092, -23.6673769], [-49.51141693, -23.66705395], [-49.51154584, -23.66675266], [-49.51166606, -23.66661294], [-49.51214418, -23.66620935], [-49.51262582, -23.6659277], [-49.51292999, -23.66582045], [-49.51334575, -23.66572872], [-49.51398554, -23.66550728], [-49.5146439, -23.66511715], [-49.51527575, -23.66490286], [-49.51586616, -23.66488594], [-49.51627366, -23.66483114], [-49.51672888, -23.6647181], [-49.51720017, -23.66465669], [-49.51784185, -23.66452737], [-49.51813314, -23.66443172], [-49.51832107, -23.66428542], [-49.51842549, -23.66415457], [-49.51848352, -23.66396368], [-49.51850316, -23.66370017], [-49.51848774, -23.66358985], [-49.51839422, -23.66344898], [-49.51817237, -23.66329966], [-49.5178853, -23.66328246], [-49.51741407, -23.66342516], [-49.51716423, -23.66358441], [-49.51674871, -23.66374208], [-49.51641295, -23.66378222], [-49.51577485, -23.66376888], [-49.51523546, -23.66360929], [-49.51490985, -23.66344542], [-49.51421192, -23.66317414], [-49.51371209, -23.66289752], [-49.51289747, -23.66236864], [-49.51201406, -23.66150767], [-49.51163689, -23.66104891], [-49.51124456, -23.66045815], [-49.5109403, -23.65988178], [-49.51085367, -23.65965338], [-49.51086582, -23.65936], [-49.51093335, -23.6591105], [-49.51103886, -23.65888394], [-49.51160553, -23.65810372], [-49.511939, -23.65757141], [-49.51221329, -23.65724352], [-49.51247431, -23.65687577], [-49.51256288, -23.65667253], [-49.51278215, -23.65557471], [-49.51283428, -23.654953], [-49.51301858, -23.65451949], [-49.5131367, -23.65404381], [-49.51309512, -23.65373275], [-49.51289531, -23.6535439], [-49.51258089, -23.65352012], [-49.51215186, -23.65366139], [-49.51165379, -23.65392572], [-49.51117803, -23.65421194], [-49.51077296, -23.65422791], [-49.51039067, -23.65422424], [-49.50978671, -23.65397009], [-49.50915994, -23.65365341], [-49.50898079, -23.65363092], [-49.50871028, -23.6537114], [-49.50843645, -23.65399865], [-49.5072515, -23.65535537], [-49.50650121, -23.6560733], [-49.50609401, -23.65627708], [-49.50553185, -23.6563132], [-49.50497107, -23.65614163], [-49.50470456, -23.65586995], [-49.5042192, -23.65501549], [-49.50378342, -23.65376687], [-49.50321075, -23.6527463], [-49.50261299, -23.65184938], [-49.5022569, -23.65155623], [-49.50153944, -23.6513222], [-49.50088311, -23.65126844], [-49.5004654, -23.65113102], [-49.50005998, -23.65106487], [-49.49979043, -23.65107646], [-49.49871707, -23.65124925], [-49.49749094, -23.65171923], [-49.49678743, -23.65205592], [-49.4964401, -23.65216012], [-49.49608617, -23.65216409], [-49.49586695, -23.65208505], [-49.49479789, -23.65108813], [-49.49419118, -23.65070889], [-49.49268652, -23.64994494], [-49.4920993, -23.64941202], [-49.49192806, -23.64891359], [-49.4919581, -23.64859187], [-49.49213556, -23.64818253], [-49.49246842, -23.64770451], [-49.49311301, -23.64708368], [-49.49410435, -23.64628189], [-49.49662197, -23.64476533], [-49.49687896, -23.64464453], [-49.49706607, -23.64462351], [-49.49722432, -23.64467854], [-49.49744208, -23.64496352], [-49.49784274, -23.64559511], [-49.49811313, -23.64583551], [-49.49834258, -23.64597501], [-49.49862536, -23.64603107], [-49.49894521, -23.64592704], [-49.49911054, -23.64574087], [-49.49921874, -23.64551982], [-49.49928462, -23.64527555], [-49.49921838, -23.64479364], [-49.49885453, -23.64410131], [-49.49868413, -23.64358753], [-49.49868217, -23.64331567], [-49.49875876, -23.64292592], [-49.49893799, -23.64262946], [-49.49940297, -23.642259], [-49.50019569, -23.64179258], [-49.50046486, -23.64173131], [-49.5008127, -23.64170297], [-49.50166809, -23.64136171], [-49.50281823, -23.64110804], [-49.50392631, -23.64113642], [-49.50455642, -23.64123098], [-49.50484272, -23.64123372], [-49.50516917, -23.64109532], [-49.50538436, -23.64062251], [-49.50542735, -23.64019954], [-49.50532156, -23.63940537], [-49.50484061, -23.63636993], [-49.50455475, -23.63467636], [-49.50435097, -23.63402189], [-49.50391557, -23.63373645], [-49.50353355, -23.63364488], [-49.5031305, -23.63376388], [-49.50214892, -23.6344058], [-49.50159055, -23.63473621], [-49.50072741, -23.63494836], [-49.50046567, -23.63495088], [-49.50010909, -23.63485462], [-49.49952733, -23.63466311], [-49.49881546, -23.63424027], [-49.49779039, -23.63334606], [-49.49695116, -23.63239109], [-49.49646383, -23.63197047], [-49.49618019, -23.63179067], [-49.49579283, -23.63163769], [-49.49506649, -23.63151478], [-49.49305059, -23.63133654], [-49.49259172, -23.63119031], [-49.49208316, -23.63081407], [-49.49133812, -23.63013578], [-49.49023195, -23.62926731], [-49.49008089, -23.62898191], [-49.49009612, -23.62864492], [-49.49029623, -23.62811622], [-49.49065379, -23.62767146], [-49.49107678, -23.62746385], [-49.49152962, -23.62731838], [-49.49204185, -23.62725203], [-49.49290177, -23.62727839], [-49.49390461, -23.62741135], [-49.49465928, -23.62765873], [-49.49529032, -23.62802699], [-49.49601956, -23.6286891], [-49.49656327, -23.62904434], [-49.49682946, -23.62911677], [-49.49705555, -23.62906571], [-49.49726165, -23.62896238], [-49.49752044, -23.62868983], [-49.49755601, -23.62818561], [-49.49748081, -23.6275475], [-49.49748127, -23.62666234], [-49.49737509, -23.62607681], [-49.49698049, -23.62519227], [-49.49648105, -23.62417831], [-49.49596741, -23.62336766], [-49.49581333, -23.62293686], [-49.49582731, -23.62256465], [-49.49591218, -23.62237084], [-49.49613932, -23.62219693], [-49.49760932, -23.62173178], [-49.49797781, -23.62171868], [-49.49869356, -23.62187506], [-49.49945701, -23.62225513], [-49.50019755, -23.62285483], [-49.50046424, -23.62326686], [-49.50059738, -23.62351353], [-49.50066173, -23.62359984], [-49.50095099, -23.62388077], [-49.50183884, -23.62438019], [-49.50394867, -23.62589361], [-49.5054033, -23.62762241], [-49.5059523, -23.62816184], [-49.50648253, -23.62827959], [-49.50696815, -23.62806071], [-49.507435, -23.62741924], [-49.50763338, -23.62693118], [-49.50764058, -23.62630701], [-49.50738686, -23.62525814], [-49.50672598, -23.62389295], [-49.50653776, -23.6233558], [-49.50651932, -23.62297746], [-49.50661949, -23.6225993], [-49.50691852, -23.6217999], [-49.50726789, -23.6207789], [-49.50722476, -23.62037724], [-49.50710713, -23.6201088], [-49.5068199, -23.61983872], [-49.50655489, -23.61979158], [-49.50621668, -23.61978916], [-49.50532081, -23.61993651], [-49.50490989, -23.61991015], [-49.50467085, -23.61979602], [-49.50445536, -23.61954897], [-49.50438577, -23.61928114], [-49.50438905, -23.61905893], [-49.50453643, -23.61883673], [-49.50492433, -23.61866271], [-49.50702876, -23.61850426], [-49.50820165, -23.61830641], [-49.50863937, -23.6181095], [-49.50917398, -23.61775844], [-49.50953931, -23.61758365], [-49.51033778, -23.6175245], [-49.51082108, -23.61752962], [-49.51142511, -23.6174238], [-49.51181364, -23.61733828], [-49.51231998, -23.61741009], [-49.5137166, -23.61777983], [-49.51490034, -23.61785825], [-49.51557823, -23.61779801], [-49.51661948, -23.61756208], [-49.51732513, -23.6171467], [-49.51786198, -23.61657159], [-49.51911374, -23.61484581], [-49.51979763, -23.61427339], [-49.52033285, -23.61387803], [-49.52060192, -23.61354667], [-49.52065532, -23.61321304], [-49.52051494, -23.6127876], [-49.52015712, -23.6123834], [-49.51960601, -23.61195511], [-49.51902861, -23.61168235], [-49.51782118, -23.61144063], [-49.51712175, -23.61136733], [-49.51579707, -23.61090956], [-49.51519811, -23.61050324], [-49.51496137, -23.61016691], [-49.51491627, -23.60976526], [-49.51530836, -23.60936719], [-49.51567105, -23.60923667], [-49.51664377, -23.60875639], [-49.51674082, -23.60866422], [-49.58097041, -23.6138703], [-49.58184032, -23.61390715], [-49.58224551, -23.61404992], [-49.58242718, -23.61419879], [-49.58258471, -23.61440613], [-49.58269129, -23.61488393], [-49.582832, -23.61510557], [-49.58302168, -23.61523915], [-49.58341079, -23.61541971], [-49.58356955, -23.61542116], [-49.58392965, -23.61529169], [-49.58434021, -23.61493601], [-49.58454033, -23.61482766], [-49.58474848, -23.61479253], [-49.58495567, -23.6148468], [-49.58505596, -23.61490822], [-49.58519945, -23.61505402], [-49.58553669, -23.61559262], [-49.58596194, -23.61605978], [-49.586389, -23.61635717], [-49.58676907, -23.61655931], [-49.58706295, -23.61666404], [-49.58734938, -23.61673348], [-49.5878513, -23.61672269], [-49.58852174, -23.61662584], [-49.58930343, -23.61657425], [-49.58946363, -23.61653235], [-49.59033991, -23.61652496], [-49.59068972, -23.61662387], [-49.59099089, -23.61678103], [-49.5912275, -23.61701798], [-49.59142412, -23.61732862], [-49.59173909, -23.61766201], [-49.59246664, -23.61818247], [-49.59273454, -23.61842693], [-49.59307292, -23.61886348], [-49.59320448, -23.61920965], [-49.59324128, -23.61952606], [-49.5932136, -23.61991504], [-49.5931138, -23.62026634], [-49.5931105, -23.62057517], [-49.59314818, -23.62081031], [-49.59326492, -23.62107597], [-49.59370519, -23.62160827], [-49.59392542, -23.62218734], [-49.59409654, -23.62231713], [-49.59469539, -23.62296104], [-49.59520102, -23.6233404], [-49.59552028, -23.62373342], [-49.59564209, -23.62379955], [-49.59595062, -23.62409584], [-49.59614628, -23.62440647], [-49.59628537, -23.62478251], [-49.59656783, -23.62522577], [-49.59692318, -23.62554416], [-49.59723958, -23.6257457], [-49.59788365, -23.6259204], [-49.59848988, -23.6258744], [-49.59935008, -23.62591107], [-49.59954134, -23.62589835], [-49.59970736, -23.62586372], [-49.59986578, -23.62580555], [-49.60025953, -23.62583168], [-49.60056136, -23.62593013], [-49.60141469, -23.62661334], [-49.60181612, -23.62711636], [-49.60194825, -23.62741106], [-49.60200822, -23.6277638], [-49.60214079, -23.62810998], [-49.60256449, -23.62873151], [-49.60269113, -23.6288058], [-49.60294518, -23.62888124], [-49.60324709, -23.62887944], [-49.60338552, -23.62885811], [-49.60372825, -23.62870496], [-49.60416722, -23.62862763], [-49.60455027, -23.62864643], [-49.60482008, -23.62871478], [-49.60504377, -23.62869512], [-49.60522768, -23.62863717], [-49.60557312, -23.6284127], [-49.60588164, -23.62787994], [-49.60599667, -23.62747639], [-49.60599045, -23.62732281], [-49.60590634, -23.62702764], [-49.60593126, -23.62689602], [-49.60602133, -23.62672072], [-49.60620709, -23.62648759], [-49.60634119, -23.62604176], [-49.60646773, -23.62577535], [-49.60635477, -23.62568426], [-49.60602434, -23.62523246], [-49.60590585, -23.62495161], [-49.60587894, -23.62464376], [-49.6060328, -23.62439252], [-49.60627948, -23.62422645], [-49.60701122, -23.62403721], [-49.6085645, -23.6238541], [-49.61023746, -23.62392487], [-49.61242429, -23.62414114], [-49.61294351, -23.62397771], [-49.6135266, -23.62359075], [-49.61374431, -23.62311597], [-49.61384287, -23.62233129], [-49.61375923, -23.62168515], [-49.61361511, -23.62095453], [-49.61359128, -23.62030979], [-49.61365756, -23.61977733], [-49.6139659, -23.61935883], [-49.6144872, -23.61897048], [-49.61516016, -23.6186687], [-49.61552906, -23.61822359], [-49.61565453, -23.61785963], [-49.61568936, -23.61743939], [-49.6156325, -23.61707488], [-49.61545332, -23.61673649], [-49.61484996, -23.6163098], [-49.61391162, -23.61579326], [-49.61349084, -23.61539692], [-49.61343269, -23.61511551], [-49.61346699, -23.61475037], [-49.61365378, -23.6143327], [-49.61402109, -23.6140547], [-49.61478466, -23.6138092], [-49.61621596, -23.61370905], [-49.61725078, -23.6135511], [-49.61972379, -23.6128151], [-49.62058061, -23.61234584], [-49.6211339, -23.61167815], [-49.62138549, -23.61103512], [-49.62139905, -23.60968921], [-49.62123627, -23.607752], [-49.62121555, -23.60677033], [-49.6212244, -23.60592936], [-49.62108491, -23.60480579], [-49.62008047, -23.60193683], [-49.61936581, -23.60047129], [-49.61898174, -23.59940089], [-49.61883612, -23.59872718], [-49.61873282, -23.59698735], [-49.6185695, -23.59521904], [-49.61824239, -23.59440205], [-49.61742286, -23.59304922], [-49.61616144, -23.59146639], [-49.61507649, -23.59061667], [-49.61395424, -23.5902414], [-49.61295368, -23.5900089], [-49.61204223, -23.58988779], [-49.61073294, -23.59001688], [-49.60969807, -23.59014769], [-49.60917981, -23.5901711], [-49.6085459, -23.58982859], [-49.60809234, -23.58948845], [-49.6077935, -23.58900907], [-49.60743547, -23.58835937], [-49.60729011, -23.58771003], [-49.60726548, -23.58720528], [-49.60693814, -23.58647228], [-49.60633707, -23.58582243], [-49.60576191, -23.5855924], [-49.60491416, -23.58522062], [-49.60342897, -23.58467432], [-49.60176621, -23.58373359], [-49.60134565, -23.58322521], [-49.60113661, -23.58294211], [-49.60117125, -23.58249387], [-49.60129832, -23.5819619], [-49.60154973, -23.58129179], [-49.60189183, -23.58056507], [-49.60196209, -23.57966858], [-49.60200196, -23.57877139], [-49.60192446, -23.57741163], [-49.6017181, -23.57684941], [-49.60138975, -23.57622839], [-49.60121301, -23.57569397], [-49.60106377, -23.57541227], [-49.60103863, -23.57496352], [-49.60119502, -23.57454426], [-49.60165809, -23.57387543], [-49.60224033, -23.5734036], [-49.6030362, -23.57293393], [-49.60374177, -23.57232305], [-49.60473132, -23.57083229], [-49.60534967, -23.56985619], [-49.60590119, -23.56946856], [-49.60651476, -23.5689974], [-49.60737112, -23.56850019], [-49.60771051, -23.56805438], [-49.60796004, -23.56752338], [-49.60803502, -23.56612193], [-49.60801856, -23.5648042], [-49.60778188, -23.56412838], [-49.60736158, -23.56364801], [-49.60666841, -23.56310898], [-49.6056723, -23.56242658], [-49.60262123, -23.56049179], [-49.60098809, -23.55966466], [-49.60032565, -23.55904139], [-49.59981456, -23.5584758], [-49.59945738, -23.55779536], [-49.59925305, -23.5568682], [-49.59904566, -23.55641798], [-49.59874746, -23.55588257], [-49.5985993, -23.55548794], [-49.59849317, -23.5539721], [-49.59862197, -23.55341302], [-49.5990193, -23.55310774], [-49.60078914, -23.55253483], [-49.60137173, -23.552119], [-49.60170905, -23.55178521], [-49.60189836, -23.55119862], [-49.60214607, -23.55080764], [-49.60267056, -23.55011128], [-49.60411396, -23.5486662], [-49.60472946, -23.54795747], [-49.60497904, -23.54731446], [-49.60507637, -23.54686669], [-49.60523302, -23.54636341], [-49.60545117, -23.54583262], [-49.60558372, -23.54476768], [-49.60568091, -23.5441799], [-49.60580687, -23.54375993], [-49.60584897, -23.54277871], [-49.60570399, -23.54204805], [-49.60546707, -23.54145713], [-49.60465359, -23.54080509], [-49.60066838, -23.53813232], [-49.60046079, -23.5376541], [-49.60040741, -23.53697972], [-49.60053476, -23.53636464], [-49.60099768, -23.53569128], [-49.60182637, -23.53494138], [-49.60598735, -23.53253931], [-49.60922436, -23.53110904], [-49.6097446, -23.5307496], [-49.61011629, -23.53019155], [-49.61051768, -23.5295502], [-49.61106933, -23.52907854], [-49.61165021, -23.52883068], [-49.61250239, -23.52869838], [-49.6135056, -23.52870777], [-49.61381089, -23.52854218], [-49.61486197, -23.52817276], [-49.61632487, -23.52785017], [-49.61906878, -23.5270048], [-49.62102423, -23.52618017], [-49.62264522, -23.52518531], [-49.62362819, -23.52415602], [-49.62421629, -23.52323603], [-49.62560278, -23.52148131], [-49.62627843, -23.52072963], [-49.62655638, -23.52033929], [-49.62841362, -23.51710263], [-49.62894068, -23.51615324], [-49.62950127, -23.51475289], [-49.62975576, -23.51377287], [-49.62979469, -23.51290366], [-49.62942218, -23.51071311], [-49.62909485, -23.51009213], [-49.62849228, -23.50947035], [-49.62652705, -23.50858344], [-49.62449736, -23.50783696], [-49.6235602, -23.50737916], [-49.6231982, -23.50706733], [-49.62295864, -23.50675736], [-49.62259815, -23.50638951], [-49.6220838, -23.50613202], [-49.6214171, -23.50592978], [-49.6207777, -23.50595226], [-49.62019813, -23.50622815], [-49.61930666, -23.5071737], [-49.61577956, -23.51019956], [-49.61501626, -23.51052908], [-49.61419381, -23.51069009], [-49.61355642, -23.51060052], [-49.61310461, -23.51020347], [-49.61286642, -23.50969656], [-49.61275121, -23.50913461], [-49.61275544, -23.50868656], [-49.61288345, -23.50804255], [-49.6138085, -23.50675988], [-49.6146698, -23.50595367], [-49.61568096, -23.50515004], [-49.61794691, -23.50351488], [-49.61865567, -23.50262479], [-49.61905925, -23.50178648], [-49.61934455, -23.50037179], [-49.61937859, -23.49985849], [-49.61930474, -23.49908489], [-49.61925978, -23.49885577], [-49.61910681, -23.49835009], [-49.61909557, -23.49732495], [-49.61915189, -23.49702377], [-49.6192935, -23.4966118], [-49.61997202, -23.49550061], [-49.62046688, -23.4948098], [-49.62149435, -23.49373774], [-49.62176306, -23.49341973], [-49.62182893, -23.49320972], [-49.62188691, -23.49275226], [-49.62180443, -23.49248546], [-49.62053339, -23.49142114], [-49.61955433, -23.49085341], [-49.61908995, -23.49071209], [-49.61833912, -23.49063236], [-49.61683687, -23.49039882], [-49.61603484, -23.49016316], [-49.6155949, -23.48977416], [-49.61520658, -23.48934867], [-49.61494514, -23.48899006], [-49.61440794, -23.48868302], [-49.6141571, -23.4884237], [-49.61381371, -23.48786151], [-49.61344162, -23.48689665], [-49.61332439, -23.48596075], [-49.6131906, -23.48357791], [-49.61263586, -23.48194226], [-49.61254829, -23.48128256], [-49.61257261, -23.48089759], [-49.61283368, -23.48024092], [-49.6135026, -23.47915691], [-49.61427578, -23.47800985], [-49.61461638, -23.47689557], [-49.61485931, -23.47593552], [-49.61505067, -23.47489362], [-49.61539882, -23.47398885], [-49.61550917, -23.47358703], [-49.61560215, -23.47285473], [-49.61556174, -23.4725795], [-49.61539568, -23.4722663], [-49.61526922, -23.47212806], [-49.61514357, -23.47209009], [-49.61430643, -23.47210126], [-49.61387176, -23.47223522], [-49.61342396, -23.47244153], [-49.61249601, -23.47309284], [-49.61106941, -23.4738397], [-49.60964312, -23.47450434], [-49.60855971, -23.47482428], [-49.60788965, -23.47515765], [-49.60261088, -23.47850775], [-49.60225986, -23.47869711], [-49.60151611, -23.47888192], [-49.60089137, -23.47888616], [-49.60051095, -23.47882731], [-49.59976138, -23.47852709], [-49.59899353, -23.47814478], [-49.598625, -23.47785732], [-49.59840569, -23.47761763], [-49.59827025, -23.4773322], [-49.5982426, -23.47705779], [-49.59825717, -23.4766729], [-49.59843092, -23.47623453], [-49.59886057, -23.47558848], [-49.60014454, -23.47438203], [-49.60127447, -23.47363187], [-49.60166958, -23.47332387], [-49.6020666, -23.4728885], [-49.60226991, -23.47259627], [-49.60245605, -23.47199432], [-49.60243487, -23.47105866], [-49.60236722, -23.47043495], [-49.60189906, -23.46858187], [-49.60158959, -23.46771682], [-49.60149077, -23.46711229], [-49.60140473, -23.4662692], [-49.60137495, -23.4651141], [-49.60148953, -23.46327422], [-49.60149555, -23.46267892], [-49.60143977, -23.46194582], [-49.60133909, -23.4614768], [-49.60102926, -23.46068671], [-49.60073627, -23.46029035], [-49.6003799, -23.46004888], [-49.5988915, -23.45954138], [-49.59844842, -23.45935469], [-49.59806007, -23.45903033], [-49.5978108, -23.4585885], [-49.59775195, -23.45808396], [-49.59782806, -23.45792808], [-49.59868117, -23.45734962], [-49.59908824, -23.45695032], [-49.59949588, -23.45637667], [-49.59966951, -23.45604941], [-49.60014278, -23.45535699], [-49.60084709, -23.45478585], [-49.60163551, -23.45432524], [-49.60255053, -23.45390351], [-49.60294511, -23.45365965], [-49.60321349, -23.45330464], [-49.60334387, -23.45295779], [-49.60335919, -23.45254669], [-49.60320542, -23.45205002], [-49.60270849, -23.45100106], [-49.60187595, -23.44961022], [-49.60110283, -23.44866972], [-49.60033611, -23.44803991], [-49.59889448, -23.44712019], [-49.59839164, -23.44667556], [-49.59794207, -23.44615921], [-49.59755824, -23.44541388], [-49.59727441, -23.44419274], [-49.59662234, -23.44283136], [-49.59638706, -23.4420507], [-49.59621079, -23.44093451], [-49.59603365, -23.44032598], [-49.59572532, -23.43971563], [-49.59521551, -23.43888171], [-49.5949247, -23.43850429], [-49.59447475, -23.43818214], [-49.59387466, -23.43781403], [-49.59340497, -23.43759408], [-49.59204637, -23.43675504], [-49.59089682, -23.43585676], [-49.59038156, -23.43556756], [-49.58998853, -23.43550787], [-49.58954156, -23.43556056], [-49.5889093, -23.435703], [-49.58789592, -23.43605667], [-49.58497459, -23.43679074], [-49.58222732, -23.43712886], [-49.58128334, -23.43709631], [-49.57988137, -23.43683466], [-49.57876731, -23.43671019], [-49.57826801, -23.43670629], [-49.57788662, -23.43675941], [-49.57747934, -23.43688044], [-49.57714467, -23.43740025], [-49.57688116, -23.43875966], [-49.57692679, -23.43946393], [-49.57634805, -23.44195635], [-49.57603639, -23.44291862], [-49.57584714, -23.44338236], [-49.57525219, -23.4437964], [-49.57481747, -23.44391761], [-49.57434501, -23.44397042], [-49.57345298, -23.44395104], [-49.5726304, -23.44354638], [-49.57225159, -23.44330409], [-49.5715991, -23.44299135], [-49.57092117, -23.44255321], [-49.57042749, -23.44214095], [-49.56924504, -23.44102776], [-49.56888167, -23.44062728], [-49.56876751, -23.44029653], [-49.56877497, -23.43961539], [-49.56884381, -23.4392762], [-49.56899194, -23.43893649], [-49.56937594, -23.438588], [-49.57092955, -23.43807913], [-49.57141812, -23.43783382], [-49.57184189, -23.43743989], [-49.57216306, -23.43694367], [-49.572299, -23.43642247], [-49.57228467, -23.43533228], [-49.57148589, -23.433951], [-49.57098103, -23.43335545], [-49.56864141, -23.43121109], [-49.56727728, -23.42988138], [-49.56663062, -23.42904647], [-49.56633843, -23.42835104], [-49.56624078, -23.42774828], [-49.56631493, -23.42695469], [-49.56654641, -23.42612755], [-49.56684912, -23.42577689], [-49.56723201, -23.42554222], [-49.56777168, -23.42545556], [-49.56879496, -23.42549941], [-49.56944656, -23.42583476], [-49.57060467, -23.42685598], [-49.57239505, -23.4287456], [-49.57405306, -23.4307255], [-49.57470361, -23.4312984], [-49.57535551, -23.43166805], [-49.57585159, -23.43188788], [-49.57651961, -23.4320641], [-49.57805326, -23.43227161], [-49.57919558, -23.4322586], [-49.57962938, -23.43215003], [-49.57991988, -23.43199363], [-49.58038437, -23.43155424], [-49.58080855, -23.43109254], [-49.58120843, -23.43052802], [-49.58147704, -23.42995173], [-49.58161508, -23.42932844], [-49.58160957, -23.42862481], [-49.58147047, -23.42811266], [-49.58116405, -23.42723489], [-49.58081902, -23.42642602], [-49.58017506, -23.42531834], [-49.5795967, -23.42408648], [-49.57900375, -23.42311576], [-49.57869737, -23.42223888], [-49.57863847, -23.4215907], [-49.57863439, -23.42081841], [-49.57872243, -23.41993349], [-49.5791808, -23.41758636], [-49.57950129, -23.41576136], [-49.57975902, -23.41504784], [-49.58006435, -23.41466461], [-49.58032901, -23.41446322], [-49.58059269, -23.41438649], [-49.5809723, -23.41436589], [-49.5813935, -23.41440464], [-49.582335, -23.41464044], [-49.58349799, -23.41516111], [-49.58513096, -23.41582316], [-49.5862049, -23.41609419], [-49.58706917, -23.41621486], [-49.58775066, -23.41624462], [-49.58871015, -23.41615056], [-49.58939466, -23.41594182], [-49.59005334, -23.41568537], [-49.59063673, -23.41519186], [-49.59114303, -23.41448026], [-49.59145231, -23.41373386], [-49.59178051, -23.41253296], [-49.59226408, -23.41018652], [-49.59241265, -23.40855234], [-49.59262919, -23.40783908], [-49.59284486, -23.40738687], [-49.59321572, -23.40700498], [-49.59365242, -23.40665607], [-49.59432272, -23.40651425], [-49.5948875, -23.40651947], [-49.59716263, -23.40719874], [-49.59998394, -23.40849485], [-49.6008215, -23.40870686], [-49.60150402, -23.40874739], [-49.60206835, -23.40869478], [-49.60267397, -23.40854162], [-49.60317571, -23.40825096], [-49.60390517, -23.4074285], [-49.60454799, -23.4062986], [-49.60469811, -23.4057321], [-49.60475621, -23.40516443], [-49.60467762, -23.40390394], [-49.60442896, -23.40254977], [-49.60422397, -23.40212841], [-49.60380748, -23.40181689], [-49.60333701, -23.40160872], [-49.60094, -23.40122394], [-49.60028659, -23.40102513], [-49.59943643, -23.40069938], [-49.59882641, -23.40017146], [-49.59850494, -23.39949887], [-49.59841875, -23.39899811], [-49.59846124, -23.39867986], [-49.59866132, -23.39836415], [-49.59892556, -23.39811666], [-49.59937407, -23.39790495], [-49.59992934, -23.39758051], [-49.60104064, -23.39665882], [-49.60179351, -23.39620114], [-49.60253056, -23.3959685], [-49.60367496, -23.39576379], [-49.60467536, -23.39542005], [-49.60582295, -23.39476003], [-49.6071571, -23.39393253], [-49.6080926, -23.39355397], [-49.60867101, -23.3934344], [-49.60899977, -23.39342583], [-49.6093798, -23.39346388], [-49.61013496, -23.39402689], [-49.61057742, -23.39440506], [-49.61172751, -23.39479012], [-49.61266642, -23.39532025], [-49.61439532, -23.39684582], [-49.61496862, -23.39730528], [-49.61585531, -23.39778968], [-49.61701976, -23.39812944], [-49.61779265, -23.39821535], [-49.61820052, -23.39818544], [-49.61996107, -23.3979285], [-49.62031745, -23.39770382], [-49.6207028, -23.39731002], [-49.6213032, -23.39628242], [-49.62169155, -23.3955363], [-49.6218137, -23.39515155], [-49.62181882, -23.39469715], [-49.62160258, -23.3939796], [-49.62164886, -23.39292963], [-49.62139677, -23.39044726], [-49.62121241, -23.38979814], [-49.62093107, -23.38913615], [-49.62069798, -23.38887309], [-49.62042424, -23.38866631], [-49.62014876, -23.38860679], [-49.6187065, -23.38851467], [-49.61780233, -23.38840438], [-49.61700256, -23.38837556], [-49.61014023, -23.38713185], [-49.60824458, -23.38651249], [-49.60675667, -23.38572773], [-49.6059849, -23.38552704], [-49.6056192, -23.38531997], [-49.60497244, -23.38447435], [-49.60436052, -23.38407022], [-49.60352425, -23.38375704], [-49.6027388, -23.38355643], [-49.60121804, -23.38343036], [-49.59952506, -23.38355025], [-49.59840702, -23.38385863], [-49.59769565, -23.38411276], [-49.59706107, -23.38454975], [-49.59620922, -23.3857235], [-49.59518758, -23.38683786], [-49.59462811, -23.38761669], [-49.59391875, -23.38886986], [-49.59346848, -23.3892288], [-49.59310059, -23.38936226], [-49.59281126, -23.38940576], [-49.59241924, -23.38933343], [-49.59194926, -23.38905657], [-49.5915735, -23.38856498], [-49.59116789, -23.38726694], [-49.59076373, -23.38330139], [-49.59086589, -23.38235944], [-49.59101452, -23.38184897], [-49.59192031, -23.38056377], [-49.59339243, -23.3791239], [-49.59490145, -23.37789875], [-49.59557964, -23.37704234], [-49.596062, -23.37604724], [-49.59640112, -23.37500522], [-49.59645638, -23.37346107], [-49.59625304, -23.37286897], [-49.59582924, -23.37199109], [-49.59552692, -23.37076191], [-49.59506042, -23.36906501], [-49.59500191, -23.36834907], [-49.59500862, -23.36771398], [-49.59518382, -23.36722681], [-49.59575506, -23.36658521], [-49.59652137, -23.36611391], [-49.59775085, -23.36519414], [-49.59880971, -23.3643532], [-49.60035396, -23.36340146], [-49.60133, -23.36285374], [-49.60237554, -23.36194241], [-49.60314471, -23.36122264], [-49.60349252, -23.36054459], [-49.60380179, -23.35982073], [-49.60461358, -23.35868152], [-49.60548496, -23.35814352], [-49.60763353, -23.35716411], [-49.61033914, -23.35562169], [-49.61304187, -23.35421383], [-49.61412625, -23.35340604], [-49.61465689, -23.35284323], [-49.61587166, -23.35207066], [-49.61668734, -23.35179314], [-49.61807919, -23.35174831], [-49.61853695, -23.35185446], [-49.61878289, -23.35214183], [-49.61899885, -23.3528359], [-49.61913331, -23.35373379], [-49.6193223, -23.35459877], [-49.61970392, -23.35569188], [-49.62027628, -23.35617482], [-49.62177944, -23.35669829], [-49.62327341, -23.35681351], [-49.62411431, -23.35662792], [-49.62595563, -23.3561436], [-49.62696863, -23.35594777], [-49.62784701, -23.35592089], [-49.62875037, -23.3560772], [-49.62978339, -23.35641598], [-49.63139264, -23.35674802], [-49.63223208, -23.35674397], [-49.63365188, -23.35640343], [-49.6342077, -23.35605628], [-49.63473668, -23.35553858], [-49.6356125, -23.35460473], [-49.63678763, -23.35259381], [-49.63759219, -23.35085106], [-49.63793307, -23.34959485], [-49.63815295, -23.34849485], [-49.63822274, -23.34687107], [-49.63822572, -23.34521344], [-49.63793502, -23.34293908], [-49.63752455, -23.34203862], [-49.63690383, -23.34114777], [-49.63620716, -23.34006233], [-49.63570055, -23.33960337], [-49.63535952, -23.33953169], [-49.63515026, -23.33954219], [-49.63477955, -23.33978778], [-49.63407584, -23.34070236], [-49.63320821, -23.34214744], [-49.63267317, -23.34323338], [-49.63204947, -23.34388633], [-49.6314437, -23.34422117], [-49.63074676, -23.34429469], [-49.63040698, -23.34425731], [-49.63000221, -23.34404876], [-49.62939102, -23.34360044], [-49.62849065, -23.34308188], [-49.62800847, -23.34273745], [-49.6275542, -23.34233592], [-49.62682978, -23.34131838], [-49.62666803, -23.34055709], [-49.62669898, -23.34003384], [-49.62665262, -23.33938648], [-49.6265384, -23.33905575], [-49.62620093, -23.33870037], [-49.62571854, -23.33844717], [-49.62520841, -23.33827186], [-49.6246737, -23.33796121], [-49.62397162, -23.33739878], [-49.62313981, -23.33664123], [-49.62267446, -23.33595611], [-49.62239539, -23.3350791], [-49.62234843, -23.3344769], [-49.62218314, -23.33399837], [-49.6220712, -23.33346437], [-49.6216244, -23.33229041], [-49.62155168, -23.33176788], [-49.62178173, -23.3310653], [-49.62233337, -23.32972996], [-49.62309271, -23.32855669], [-49.62338787, -23.32792321], [-49.6234566, -23.32759392], [-49.62343549, -23.32692198], [-49.6232879, -23.32609374], [-49.623043, -23.32496626], [-49.62287992, -23.32379576], [-49.62292147, -23.32276928], [-49.6231345, -23.32069735], [-49.6232092, -23.31977903], [-49.62362233, -23.31789722], [-49.62401262, -23.31693607], [-49.62460026, -23.31582811], [-49.62552696, -23.31504028], [-49.62672827, -23.31422344], [-49.62802373, -23.31319998], [-49.62856767, -23.31261534], [-49.62870182, -23.31227565], [-49.62873305, -23.31178763], [-49.62861137, -23.31090049], [-49.62861577, -23.31048041], [-49.62905063, -23.30899679], [-49.62923883, -23.3085673], [-49.6295321, -23.30807022], [-49.6301004, -23.30759833], [-49.63061383, -23.30735265], [-49.63091854, -23.30705965], [-49.63119806, -23.30667648], [-49.631295, -23.30621149], [-49.63129877, -23.30583657], [-49.63151701, -23.30489647], [-49.63172895, -23.30354629], [-49.63177329, -23.30298952], [-49.63172725, -23.30250204], [-49.63074783, -23.29946098], [-49.62936948, -23.29582648], [-49.6290618, -23.29515382], [-49.62728253, -23.29091324], [-49.6260942, -23.28789437], [-49.62592885, -23.28740409], [-49.62584418, -23.28673349], [-49.62577915, -23.28547196], [-49.62579884, -23.28476721], [-49.62617696, -23.28364713], [-49.62681814, -23.28252884], [-49.62775133, -23.28136605], [-49.62804134, -23.28083557], [-49.6281258, -23.28028032], [-49.62815231, -23.27897479], [-49.62824947, -23.27841946], [-49.62870227, -23.27770717], [-49.62908698, -23.27727901], [-49.63100237, -23.27581938], [-49.63303586, -23.27433902], [-49.6347302, -23.27276345], [-49.63548717, -23.27182769], [-49.63563459, -23.27144364], [-49.63552079, -23.27115897], [-49.63524879, -23.27078147], [-49.63491139, -23.27041616], [-49.63461449, -23.26998192], [-49.63455121, -23.2697773], [-49.63454175, -23.26945848], [-49.63456939, -23.26937157], [-49.63485056, -23.26872279], [-49.63519625, -23.26819281], [-49.6357269, -23.26756216], [-49.63637942, -23.26653408], [-49.63718215, -23.26498551], [-49.63735888, -23.26436185], [-49.63738904, -23.26398675], [-49.63727886, -23.26319166], [-49.63728518, -23.26253307], [-49.63739491, -23.26220438], [-49.63762264, -23.26171858], [-49.63839075, -23.26083963], [-49.63901571, -23.25991381], [-49.63984902, -23.2579332], [-49.64028036, -23.25676754], [-49.64089633, -23.25546687], [-49.64160202, -23.2544953], [-49.64226221, -23.25393418], [-49.64307818, -23.25353185], [-49.64538245, -23.25257517], [-49.64662035, -23.25200633], [-49.647345, -23.25155855], [-49.64763726, -23.25119784], [-49.64778685, -23.25084627], [-49.64783378, -23.25061016], [-49.64783333, -23.25032019], [-49.64778719, -23.25018049], [-49.64682209, -23.24839144], [-49.64629136, -23.24640237], [-49.64628503, -23.2451657], [-49.64632166, -23.24392422], [-49.64626634, -23.24338259], [-49.6455666, -23.24234686], [-49.64480607, -23.24176143], [-49.64457726, -23.2413999], [-49.64439768, -23.24096303], [-49.64433315, -23.2401351], [-49.6444225, -23.23982732], [-49.64459565, -23.23960568], [-49.64496576, -23.23932302], [-49.64551958, -23.23903093], [-49.64657769, -23.23860428], [-49.64807546, -23.23815012], [-49.64888056, -23.23786436], [-49.64951941, -23.23769], [-49.65130337, -23.2369736], [-49.65214032, -23.2365241], [-49.65242455, -23.236261], [-49.65269831, -23.23579653], [-49.65293821, -23.23514078], [-49.6530406, -23.2346423], [-49.65314522, -23.23335425], [-49.65334876, -23.23255964], [-49.65369791, -23.23082268], [-49.6538891, -23.23007062], [-49.65412049, -23.2295685], [-49.65448618, -23.22887843], [-49.65462725, -23.22856395], [-49.65472906, -23.22823078], [-49.6548839, -23.22792705], [-49.65495823, -23.22769797], [-49.65500683, -23.22743022], [-49.6549517, -23.22691569], [-49.6546652, -23.22549854], [-49.6542094, -23.22405729], [-49.65376634, -23.22308751], [-49.65368938, -23.22218107], [-49.65361558, -23.22176966], [-49.6535091, -23.22142533], [-49.65341099, -23.22114689], [-49.65317729, -23.22078449], [-49.65305879, -23.22063989], [-49.65264031, -23.22003671], [-49.65219523, -23.21917354], [-49.65211349, -23.21874863], [-49.65210605, -23.21832409], [-49.65214632, -23.21787844], [-49.65241489, -23.2162089], [-49.65256812, -23.21547788], [-49.65280829, -23.21356914], [-49.65293405, -23.21317799], [-49.6540282, -23.21100571], [-49.65481107, -23.20983477], [-49.65631363, -23.20835606], [-49.65709495, -23.20735405], [-49.65832197, -23.20588903], [-49.6596447, -23.20407009], [-49.66001787, -23.20346758], [-49.66077507, -23.20239255], [-49.66113624, -23.2017585], [-49.66131233, -23.20131367], [-49.66155893, -23.2005359], [-49.66181639, -23.19930726], [-49.66188301, -23.19874488], [-49.66194429, -23.19743092], [-49.6619973, -23.19710984], [-49.66229859, -23.19586372], [-49.66233444, -23.19547772], [-49.66238576, -23.19518917], [-49.66255915, -23.19465674], [-49.66283952, -23.19359777], [-49.66319306, -23.1931065], [-49.66364911, -23.19283491], [-49.66471721, -23.19248305], [-49.66498845, -23.19231578], [-49.66522414, -23.19198886], [-49.66537675, -23.19142766], [-49.66566336, -23.18972091], [-49.66583192, -23.18931318], [-49.66615494, -23.18891336], [-49.66795074, -23.18736918], [-49.67003575, -23.18570997], [-49.67067866, -23.18512173], [-49.67128616, -23.18427719], [-49.67220996, -23.18316566], [-49.67264432, -23.18253195], [-49.67280555, -23.18218569], [-49.67303414, -23.18194735], [-49.67333599, -23.18159013], [-49.67367362, -23.18107365], [-49.67394648, -23.18075639], [-49.67417151, -23.180444], [-49.67466404, -23.17941237], [-49.67573713, -23.17736292], [-49.67606043, -23.1768881], [-49.6766213, -23.17631218], [-49.67696358, -23.17600164], [-49.67710723, -23.17588767], [-49.67734147, -23.17574142], [-49.6777368, -23.17534919], [-49.67808708, -23.17494553], [-49.67830818, -23.17486262], [-49.67918831, -23.17471799], [-49.67974757, -23.17475909], [-49.68110509, -23.17490819], [-49.68165595, -23.17488068], [-49.68197505, -23.17483137], [-49.68254537, -23.17468086], [-49.68287767, -23.17446072], [-49.68312627, -23.1741662], [-49.68327651, -23.17379562], [-49.68326906, -23.17338192], [-49.68311292, -23.17306236], [-49.68268161, -23.17244307], [-49.68194227, -23.17168059], [-49.6816494, -23.17148127], [-49.68145534, -23.17118276], [-49.68118709, -23.17089292], [-49.68075623, -23.17055368], [-49.68009964, -23.1699812], [-49.67878084, -23.16852099], [-49.67839425, -23.16798628], [-49.67812938, -23.16751754], [-49.67796272, -23.16653406], [-49.67798986, -23.16616347], [-49.67818941, -23.16584583], [-49.6785857, -23.1654563], [-49.67905317, -23.16516381], [-49.6797539, -23.16484071], [-49.68193968, -23.1641689], [-49.6825777, -23.1639411], [-49.68286043, -23.16386948], [-49.68331274, -23.16386256], [-49.68366108, -23.16392325], [-49.68425867, -23.16410859], [-49.68512482, -23.16450878], [-49.68589149, -23.16492866], [-49.68642921, -23.16508191], [-49.68740626, -23.16519581], [-49.688105, -23.16521326], [-49.68910367, -23.16511379], [-49.6899594, -23.16509485], [-49.69159852, -23.16527793], [-49.69345627, -23.16554791], [-49.6949183, -23.16570335], [-49.69547199, -23.16578147], [-49.69608975, -23.16581124], [-49.69701079, -23.16577371], [-49.69770974, -23.16558877], [-49.69831264, -23.16525728], [-49.69863355, -23.16496943], [-49.69896973, -23.16452609], [-49.69917262, -23.1638109], [-49.69920139, -23.16318464], [-49.69926789, -23.16228978], [-49.699539, -23.16189389], [-49.7002444, -23.16110362], [-49.70073834, -23.16071511], [-49.70098416, -23.1605579], [-49.70232442, -23.15985866], [-49.70305281, -23.15935548], [-49.70381249, -23.15863163], [-49.70399844, -23.15833122], [-49.70409037, -23.15800532], [-49.70411205, -23.15791391], [-49.7041155, -23.15763745], [-49.70400844, -23.15723443], [-49.70385245, -23.15693566], [-49.70356215, -23.15658278], [-49.70284638, -23.15595121], [-49.70198567, -23.1550524], [-49.70138126, -23.15430435], [-49.70106365, -23.15361742], [-49.70103107, -23.15312802], [-49.70117988, -23.15293901], [-49.7013652, -23.15279128], [-49.70190449, -23.15267887], [-49.7024177, -23.15271481], [-49.70297921, -23.15291119], [-49.70361333, -23.15325609], [-49.70392889, -23.1534805], [-49.70434141, -23.15384512], [-49.70501724, -23.1548275], [-49.70547768, -23.1553092], [-49.70584205, -23.15564074], [-49.70618196, -23.15585592], [-49.70669472, -23.15606169], [-49.70801987, -23.15643756], [-49.70980253, -23.15684523], [-49.7105726, -23.1569795], [-49.71120927, -23.15694221], [-49.7117004, -23.15679671], [-49.71272799, -23.15621535], [-49.71324621, -23.15581669], [-49.71407569, -23.15492785], [-49.71432508, -23.15473446], [-49.71478929, -23.1544175], [-49.71507263, -23.15419675], [-49.71553067, -23.15373348], [-49.71572906, -23.15340677], [-49.7158919, -23.15303696], [-49.71643479, -23.15066868], [-49.71692908, -23.14977422], [-49.71770551, -23.14874663], [-49.71728366, -23.14854564], [-49.71686899, -23.14838434], [-49.71599694, -23.14809006], [-49.71542785, -23.14791998], [-49.71384878, -23.14765719], [-49.71237221, -23.14727437], [-49.71194405, -23.14713213], [-49.71162928, -23.14688606], [-49.71106284, -23.14623623], [-49.70976101, -23.14482853], [-49.70904542, -23.14410122], [-49.70876215, -23.14376908], [-49.70842261, -23.1433696], [-49.70815726, -23.14296415], [-49.70765132, -23.14207898], [-49.70724588, -23.14151557], [-49.7066466, -23.14090301], [-49.7061119, -23.14052757], [-49.70574682, -23.14033425], [-49.70443766, -23.14020578], [-49.70253909, -23.13969773], [-49.70172182, -23.13940387], [-49.7003928, -23.13901081], [-49.69959901, -23.13871858], [-49.69916057, -23.13851314], [-49.69829829, -23.13786908], [-49.69813015, -23.13751709], [-49.69797585, -23.13707105], [-49.69774724, -23.13593807], [-49.69743361, -23.13547965], [-49.69716642, -23.13530727], [-49.69682395, -23.13524115], [-49.69623683, -23.13523645], [-49.69583379, -23.13516897], [-49.69526126, -23.13493108], [-49.69496858, -23.13474805], [-49.69474998, -23.13454549], [-49.69453319, -23.13421374], [-49.6944141, -23.13388397], [-49.69412491, -23.13342537], [-49.6938345, -23.13305169], [-49.69341069, -23.13261306], [-49.69304267, -23.13207463], [-49.69285081, -23.13157466], [-49.69274882, -23.13073434], [-49.6925175, -23.12939539], [-49.69212009, -23.12805044], [-49.69184526, -23.12744267], [-49.6914835, -23.12683463], [-49.68948692, -23.1238744], [-49.68908574, -23.12356387], [-49.68868518, -23.12332651], [-49.68822257, -23.12314199], [-49.68772629, -23.12301735], [-49.68723875, -23.12300106], [-49.6865843, -23.1228839], [-49.68634175, -23.1227339], [-49.6861602, -23.12252022], [-49.68601312, -23.1218844], [-49.6860288, -23.12086344], [-49.68621707, -23.11980959], [-49.68627104, -23.11926896], [-49.68622776, -23.11866399], [-49.68603389, -23.11723983], [-49.68585505, -23.11677137], [-49.68563682, -23.11649382], [-49.68528538, -23.11617207], [-49.68448759, -23.11573615], [-49.68346572, -23.11525036], [-49.68273318, -23.11502083], [-49.68214569, -23.11496279], [-49.68159498, -23.11497946], [-49.68094545, -23.1150908], [-49.6803446, -23.11529845], [-49.67986381, -23.11561273], [-49.67860837, -23.11694537], [-49.67781966, -23.11757536], [-49.67689641, -23.11811961], [-49.67569341, -23.11850236], [-49.67374846, -23.11904316], [-49.67319562, -23.11927212], [-49.67272979, -23.11939565], [-49.67175033, -23.11941901], [-49.67121256, -23.11935063], [-49.67087164, -23.11923113], [-49.66979944, -23.11868149], [-49.66854387, -23.11758298], [-49.66812027, -23.11703857], [-49.66735621, -23.11515326], [-49.66715187, -23.11478072], [-49.66703277, -23.11467136], [-49.66657533, -23.11381914], [-49.66619087, -23.11316513], [-49.665915, -23.11287983], [-49.66583932, -23.11282347], [-49.6651671, -23.11255999], [-49.66498738, -23.11255858], [-49.66414315, -23.1126297], [-49.66354831, -23.11285802], [-49.66302801, -23.11312194], [-49.66283276, -23.11336546], [-49.66263204, -23.11342201], [-49.66229959, -23.1136096], [-49.66180625, -23.11394559], [-49.66133936, -23.11417479], [-49.66099563, -23.11429922], [-49.66063823, -23.11454028], [-49.66031812, -23.11480276], [-49.66002092, -23.11511837], [-49.65922092, -23.1161576], [-49.65856702, -23.11680009], [-49.65760302, -23.11761915], [-49.65607371, -23.11881625], [-49.65524955, -23.11930727], [-49.65493595, -23.11953265], [-49.65449055, -23.11976529], [-49.65419909, -23.11995256], [-49.6540092, -23.12013912], [-49.65364821, -23.12042084], [-49.65352697, -23.12064033], [-49.65329642, -23.12122196], [-49.65325733, -23.12145441], [-49.65301041, -23.12229814], [-49.6527588, -23.12304886], [-49.65241408, -23.12387974], [-49.65208895, -23.12448191], [-49.65188903, -23.12498924], [-49.6511143, -23.12661636], [-49.65083987, -23.12709169], [-49.65071607, -23.12723892], [-49.6503461, -23.12750173], [-49.64927015, -23.12802883], [-49.64826299, -23.12837024], [-49.64413921, -23.12887102], [-49.64316031, -23.12885264], [-49.64258548, -23.12879437], [-49.64196342, -23.12857652], [-49.64149915, -23.12854095], [-49.64048239, -23.12866917], [-49.63956216, -23.12889518], [-49.63907812, -23.12895008], [-49.63857601, -23.12894549], [-49.63746383, -23.1288729], [-49.63675391, -23.12889867], [-49.63629939, -23.12897955], [-49.63567381, -23.12916462], [-49.63520637, -23.1294579], [-49.63451473, -23.13004544], [-49.63383916, -23.13092647], [-49.63351683, -23.13128557], [-49.63298223, -23.13208702], [-49.63243328, -23.1331641], [-49.6318984, -23.13405137], [-49.63154719, -23.13482261], [-49.63121056, -23.13546728], [-49.63088801, -23.13592124], [-49.63047975, -23.13628816], [-49.63002498, -23.13658133], [-49.62955691, -23.13680051], [-49.62915281, -23.13683946], [-49.6287863, -23.13681582], [-49.62799391, -23.1364365], [-49.6276796, -23.13610533], [-49.62743667, -23.13590195], [-49.62701279, -23.13543152], [-49.62644575, -23.13465222], [-49.62610852, -23.1342652], [-49.62563191, -23.13379514], [-49.6251522, -23.13366387], [-49.62462692, -23.13357447], [-49.62342124, -23.13366053], [-49.6227703, -23.13385567], [-49.62226689, -23.13405429], [-49.62181105, -23.1343366], [-49.62152976, -23.13494473], [-49.6214643, -23.13530474], [-49.62145866, -23.1358143], [-49.62149394, -23.13606971], [-49.6216226, -23.136516], [-49.62164244, -23.13703622], [-49.6216141, -23.13739688], [-49.62148816, -23.13776724], [-49.62132627, -23.13804119], [-49.62107905, -23.13827327], [-49.62045148, -23.13870311], [-49.62005765, -23.13880521], [-49.61976968, -23.13882979], [-49.6189256, -23.13882207], [-49.61721499, -23.13856377], [-49.61586018, -23.13821176], [-49.61443929, -23.13778069], [-49.61285745, -23.13749887], [-49.61221152, -23.13746989], [-49.61090511, -23.13754752], [-49.6097755, -23.13738001], [-49.60887337, -23.13695166], [-49.60735402, -23.13593038], [-49.60601566, -23.13518609], [-49.60572369, -23.13507697], [-49.60534495, -23.13498922], [-49.6048311, -23.1349846], [-49.60448766, -23.13503482], [-49.60416816, -23.13514812], [-49.60386664, -23.13531098], [-49.6036185, -23.13555298], [-49.60333425, -23.1359226], [-49.60277338, -23.13688221], [-49.60198984, -23.1380963], [-49.60159365, -23.13851636], [-49.60116281, -23.13875689], [-49.60052317, -23.13902774], [-49.59960905, -23.13930136], [-49.59838361, -23.13949126], [-49.59766102, -23.13952778], [-49.59707196, -23.13965012], [-49.59651947, -23.13982551], [-49.59610059, -23.14009756], [-49.5955078, -23.14061199], [-49.59492594, -23.14127541], [-49.59462751, -23.14170834], [-49.59454961, -23.14210998], [-49.59458523, -23.14278548], [-49.59452938, -23.14350586], [-49.59440297, -23.14395028], [-49.59405392, -23.14453082], [-49.59354554, -23.14509978], [-49.59294091, -23.14560344], [-49.59222627, -23.14603286], [-49.59143834, -23.14646006], [-49.58932155, -23.14710488], [-49.58804566, -23.14734835], [-49.58742007, -23.14742753], [-49.58642932, -23.14740799], [-49.5845171, -23.14710914], [-49.58367499, -23.14685821], [-49.5827097, -23.14672194], [-49.58155055, -23.14640356], [-49.58004523, -23.14579117], [-49.57836297, -23.14516098], [-49.57796213, -23.14487005], [-49.57761096, -23.14455981], [-49.57727272, -23.14415373], [-49.57698591, -23.14345099], [-49.57651911, -23.14183882], [-49.57638081, -23.1411378], [-49.57605866, -23.14028624], [-49.57574792, -23.13964599], [-49.57543461, -23.1391765], [-49.57509549, -23.13878035], [-49.5747927, -23.13853393], [-49.57442845, -23.13829695], [-49.57328119, -23.13798928], [-49.57259652, -23.13787728], [-49.57179687, -23.13767479], [-49.57149003, -23.13766056], [-49.57081823, -23.13757015], [-49.5702941, -23.13737397], [-49.56956399, -23.13694245], [-49.56913757, -23.13687571], [-49.56875738, -23.13685021], [-49.56841651, -23.13673051], [-49.56811309, -23.13652653], [-49.56790736, -23.13632282], [-49.56771295, -23.13606664], [-49.56754539, -23.13574613], [-49.56735277, -23.13546916], [-49.56712246, -23.13524392], [-49.56649767, -23.13478731], [-49.56555708, -23.13467245], [-49.56486046, -23.13452797], [-49.56428824, -23.13430047], [-49.56378823, -23.13406255], [-49.56318068, -23.1336853], [-49.5624875, -23.13335018], [-49.5612368, -23.13292024], [-49.56046929, -23.13270032], [-49.55832024, -23.13218229], [-49.55752873, -23.13188844], [-49.55680936, -23.13157424], [-49.55600089, -23.13110523], [-49.55560284, -23.13065703], [-49.55531396, -23.1301765], [-49.5549777, -23.12950476], [-49.55472774, -23.12887672], [-49.554553, -23.12812081], [-49.55444752, -23.12709704], [-49.55439234, -23.12536649], [-49.55422269, -23.12412362], [-49.55403151, -23.12364516], [-49.55380189, -23.12337744], [-49.55352212, -23.12319406], [-49.55301667, -23.12300402], [-49.55247894, -23.12293525], [-49.55141126, -23.12317978], [-49.55074782, -23.12353551], [-49.54948943, -23.12439378], [-49.54877417, -23.12500279], [-49.54805481, -23.1258449], [-49.54766242, -23.12652589], [-49.54737197, -23.12738329], [-49.5472782, -23.12802892], [-49.54720788, -23.13061309], [-49.54706797, -23.13109912], [-49.54644823, -23.13181501], [-49.54606336, -23.13233153], [-49.54586264, -23.13278633], [-49.54575903, -23.13329471], [-49.54580162, -23.13388887], [-49.54597181, -23.13456531], [-49.54650732, -23.13601361], [-49.54655132, -23.13640721], [-49.54653703, -23.13671355], [-49.54642253, -23.13707384], [-49.54620967, -23.13747452], [-49.54569162, -23.13794853], [-49.54518726, -23.1381668], [-49.54465978, -23.13829939], [-49.54398676, -23.13830373], [-49.54336293, -23.13822464], [-49.54204535, -23.13786183], [-49.54110634, -23.13756705], [-49.5400545, -23.13694776], [-49.53944543, -23.13675112], [-49.53903, -23.13671494], [-49.53835477, -23.13681503], [-49.5371867, -23.13736727], [-49.53667036, -23.13755306], [-49.53625435, -23.13757018], [-49.53589957, -23.13754535], [-49.53504923, -23.13735023], [-49.53479233, -23.13722179], [-49.53448763, -23.13710087], [-49.53422293, -23.13697338], [-49.53333526, -23.1364876], [-49.5329956, -23.13639491], [-49.53254205, -23.13635535], [-49.53207074, -23.13642249], [-49.53085025, -23.13676001], [-49.53018476, -23.13698829], [-49.52966279, -23.13707382], [-49.52930724, -23.13720888], [-49.5285813, -23.13758389], [-49.5279279, -23.13799276], [-49.52674298, -23.13891542], [-49.52530321, -23.13959034], [-49.52381301, -23.13992138], [-49.52254742, -23.14037656], [-49.52180957, -23.14073084], [-49.52085034, -23.14113619], [-49.51991775, -23.14144561], [-49.51803745, -23.14160379], [-49.51703147, -23.14176369], [-49.51609739, -23.14213724], [-49.51493313, -23.14229541], [-49.51350816, -23.14220406], [-49.51311691, -23.14213605], [-49.51136357, -23.14135564], [-49.51033996, -23.14097448], [-49.5086867, -23.14051864], [-49.50738895, -23.14045445], [-49.50691436, -23.14034358], [-49.50582875, -23.13989773], [-49.50529314, -23.13972308], [-49.50464446, -23.13971717], [-49.50371249, -23.13984582], [-49.5033395, -23.13986981], [-49.50264869, -23.13984699], [-49.50215648, -23.13972898], [-49.50160057, -23.13944876], [-49.50116682, -23.1390404], [-49.50046403, -23.13816936], [-49.50010009, -23.13768739], [-49.49904532, -23.13677244], [-49.49833567, -23.13643624], [-49.49735328, -23.13620832], [-49.49644076, -23.13618684], [-49.49469545, -23.1363656], [-49.49337235, -23.13657247], [-49.49169782, -23.1366785], [-49.49082505, -23.13688801], [-49.49021667, -23.13718805], [-49.48983421, -23.13752555], [-49.48897953, -23.13849198], [-49.48819464, -23.13951941], [-49.48782593, -23.13986947], [-49.48741558, -23.14013396], [-49.48676831, -23.1401885], [-49.48532213, -23.13999224], [-49.48445096, -23.14002012], [-49.48398592, -23.14014942], [-49.48361693, -23.14046243], [-49.48336927, -23.14121556], [-49.48333218, -23.14204419], [-49.48340797, -23.14281252], [-49.48386103, -23.14374387], [-49.48397857, -23.14447581], [-49.4839518, -23.14565761], [-49.48326187, -23.14713703], [-49.48317129, -23.14758747], [-49.48278734, -23.14799813], [-49.48237679, -23.14823822], [-49.48158607, -23.14859624], [-49.48052457, -23.14920704], [-49.47963588, -23.1495277], [-49.47840968, -23.14978355], [-49.47616296, -23.14967696], [-49.47561579, -23.14952578], [-49.47498684, -23.14927572], [-49.47375296, -23.14899497], [-49.47337689, -23.1487235], [-49.47304265, -23.14842739], [-49.47301379, -23.14833227], [-49.46945774, -23.18736756], [-49.4244221, -23.21353883], [-49.42436224, -23.21397713], [-49.42442759, -23.21440314], [-49.4245786, -23.21485709], [-49.42515467, -23.21555914], [-49.4256322, -23.21666478], [-49.42588617, -23.21700508], [-49.42609471, -23.21713631], [-49.42632758, -23.21719192], [-49.42660137, -23.21717479], [-49.42705504, -23.21698336], [-49.42732148, -23.21692552], [-49.42772541, -23.21697652], [-49.42793469, -23.21712762], [-49.42810266, -23.21738578], [-49.42819889, -23.21784641], [-49.42815572, -23.21894684], [-49.4282006, -23.21970407], [-49.42833007, -23.21999616], [-49.42868538, -23.22027696], [-49.42912858, -23.22039608], [-49.43155144, -23.2205151], [-49.43286087, -23.22050829], [-49.434543, -23.22063342], [-49.4352584, -23.22078865], [-49.43577816, -23.2209627], [-49.43653873, -23.22126738], [-49.43700334, -23.22156279], [-49.43753551, -23.22201421], [-49.438001, -23.22282258], [-49.43909655, -23.22448882], [-49.43926219, -23.22495014], [-49.43933604, -23.22532204], [-49.43936727, -23.22599786], [-49.4392935, -23.22696343], [-49.43908166, -23.22778584], [-49.43892231, -23.22871625], [-49.4389533, -23.22941283], [-49.43905658, -23.22985908], [-49.43928573, -23.23032103], [-49.43963836, -23.23083748], [-49.44011633, -23.23124771], [-49.44061936, -23.23160401], [-49.44123226, -23.23184037], [-49.44201342, -23.23231411], [-49.44546976, -23.23476681], [-49.44600096, -23.23539339], [-49.44665234, -23.23635982], [-49.4493092, -23.24120313], [-49.44982326, -23.2426396], [-49.45019076, -23.24314354], [-49.45069308, -23.24356753], [-49.45122081, -23.24382289], [-49.45283644, -23.24431835], [-49.4536512, -23.2446849], [-49.4549169, -23.24510194], [-49.45549481, -23.24507421], [-49.46665437, -23.24408358], [-49.467332, -23.24413805], [-49.46817996, -23.24425379], [-49.46903469, -23.2445466], [-49.46992664, -23.24491924], [-49.47212975, -23.24592777], [-49.47332336, -23.2465887], [-49.47352327, -23.24679926], [-49.47372338, -23.24707845], [-49.47390541, -23.24748571], [-49.47437048, -23.24913115], [-49.47440815, -23.24932882], [-49.5303166, -23.25671949], [-49.48660429, -23.29777679], [-49.43914381, -23.28498143], [-49.43859336, -23.28439979], [-49.43831267, -23.28415858], [-49.43812927, -23.28404207], [-49.43744147, -23.28375436], [-49.43675474, -23.28354252], [-49.43633876, -23.28325119], [-49.43582877, -23.28297338], [-49.43511553, -23.2827721], [-49.43401357, -23.28262474], [-49.43373996, -23.2825308], [-49.43351878, -23.282385], [-49.43341153, -23.28227737], [-49.43282517, -23.28117608], [-49.43250399, -23.28072043], [-49.43173482, -23.28003814], [-49.43111073, -23.27957223], [-49.43091909, -23.27932558], [-49.43082917, -23.27907363], [-49.43071937, -23.27843315], [-49.43049544, -23.27802272], [-49.42994778, -23.27754222], [-49.42945751, -23.27733683], [-49.42914913, -23.27712513], [-49.428996, -23.27692944], [-49.42894329, -23.27675642], [-49.42894254, -23.27615316], [-49.42887719, -23.27580753], [-49.42876394, -23.27546232], [-49.4285776, -23.27418169], [-49.42824174, -23.27364732], [-49.42806878, -23.27314257], [-49.42777286, -23.27253635], [-49.42751272, -23.27213097], [-49.42691601, -23.2713357], [-49.426848, -23.27113364], [-49.42689963, -23.27073228], [-49.42675695, -23.27031363], [-49.42640395, -23.26990822], [-49.4263138, -23.26967794], [-49.42633332, -23.26934761], [-49.42637346, -23.26917552], [-49.42655637, -23.26883238], [-49.42672127, -23.26869044], [-49.42708849, -23.26855053], [-49.42722153, -23.26845885], [-49.42725374, -23.2683797], [-49.42726392, -23.26817842], [-49.42712106, -23.26777512], [-49.42710589, -23.26748507], [-49.36942796, -23.27905256], [-49.36942401, -23.27873464], [-49.36925529, -23.27790027], [-49.36922839, -23.27754057], [-49.36956343, -23.27563408], [-49.3696016, -23.27498788], [-49.36955484, -23.27441305], [-49.36934878, -23.2734338], [-49.36941724, -23.27230659], [-49.36936396, -23.27178497], [-49.36929784, -23.27175629], [-49.36912923, -23.27163533], [-49.36882456, -23.27120953], [-49.36858517, -23.27104178], [-49.36815006, -23.27097224], [-49.36753108, -23.27075087], [-49.36729847, -23.27074845], [-49.36690818, -23.27085186], [-49.36650382, -23.27082598], [-49.36633303, -23.2708847], [-49.36618522, -23.2709816], [-49.36612704, -23.27110381], [-49.36606685, -23.27139035], [-49.36606367, -23.27189152], [-49.36598278, -23.2721923], [-49.36542286, -23.27281861], [-49.36483825, -23.2735449], [-49.36475234, -23.27361625], [-49.36433467, -23.27379883], [-49.36386178, -23.27378126], [-49.36349217, -23.27363111], [-49.36317418, -23.27341647], [-49.36314658, -23.27335478], [-49.36315062, -23.2730243], [-49.36307357, -23.27293048], [-49.36296561, -23.27288601], [-49.36223515, -23.27282872], [-49.36195678, -23.27273189], [-49.36158597, -23.27252032], [-49.36118786, -23.27206283], [-49.3609714, -23.27193865], [-49.36027255, -23.2718555], [-49.3600708, -23.27180733], [-49.35982422, -23.27166839], [-49.35934652, -23.27132566], [-49.35885881, -23.27116252], [-49.35860317, -23.27104516], [-49.35832445, -23.27097723], [-49.35767422, -23.27091443], [-49.35715873, -23.27094426], [-49.35690979, -23.27099854], [-49.3563624, -23.27123754], [-49.35548965, -23.27138643], [-49.35502082, -23.27159644], [-49.35464588, -23.27172165], [-49.35422762, -23.27179312], [-49.35377427, -23.27177753], [-49.35358919, -23.27172502], [-49.3534193, -23.27163022], [-49.35321982, -23.27139785], [-49.35302148, -23.27107247], [-49.35285985, -23.27094164], [-49.35263514, -23.27085349], [-49.35241985, -23.27071487], [-49.35238226, -23.27059256], [-49.35258697, -23.27031928], [-49.35262592, -23.27017249], [-49.35262291, -23.27001984], [-49.35247842, -23.26976727], [-49.35191881, -23.26909314], [-49.35191951, -23.26903625], [-49.35179884, -23.26875504], [-49.35156204, -23.26837869], [-49.35140841, -23.26823349], [-49.35109219, -23.26803601], [-49.35063524, -23.26791652], [-49.35019945, -23.26790471], [-49.34993521, -23.26793083], [-49.3497076, -23.26799978], [-49.349506, -23.2680988], [-49.34893225, -23.2685741], [-49.34862022, -23.26867105], [-49.34820033, -23.26871721], [-49.34781287, -23.26859031], [-49.34735212, -23.26822424], [-49.34717235, -23.26821783], [-49.34674357, -23.26827111], [-49.34612235, -23.26823567], [-49.34487867, -23.268265], [-49.3444613, -23.26834458], [-49.34405141, -23.2685299], [-49.34366138, -23.26861157], [-49.34350652, -23.26856659], [-49.34317743, -23.26854145], [-49.34300051, -23.26838335], [-49.34273319, -23.26826403], [-49.34251694, -23.26812539], [-49.34228807, -23.26782135], [-49.342044, -23.26763997], [-49.34172358, -23.26754628], [-49.34135038, -23.2675315], [-49.34109673, -23.26733466], [-49.34084911, -23.26720291], [-49.34043136, -23.26707658], [-49.34014697, -23.26683607], [-49.33981271, -23.26643971], [-49.33964189, -23.26642164], [-49.33946543, -23.26654259], [-49.3394458, -23.26662818], [-49.3394672, -23.26710973], [-49.33941931, -23.26718779], [-49.33933268, -23.26723744], [-49.33906054, -23.26727068], [-49.33887299, -23.26734004], [-49.33839436, -23.26770884], [-49.33735797, -23.26789111], [-49.33684317, -23.26802292], [-49.33637334, -23.26831234], [-49.33588059, -23.26855816], [-49.33546441, -23.26893393], [-49.33504238, -23.26907304], [-49.33472154, -23.26924934], [-49.33421385, -23.26943811], [-49.33384123, -23.26945583], [-49.33332921, -23.2693637], [-49.33256734, -23.26932039], [-49.33234984, -23.26936052], [-49.33191181, -23.26952835], [-49.33172325, -23.26975662], [-49.33158221, -23.27040803], [-49.33124912, -23.27093909], [-49.33091847, -23.27119565], [-49.33046279, -23.27128924], [-49.32994678, -23.27128194], [-49.32931297, -23.27100157], [-49.32904873, -23.27102765], [-49.32875803, -23.27113744], [-49.32866823, -23.27112745], [-49.32849476, -23.2710073], [-49.3282813, -23.27095898], [-49.3278053, -23.27095752], [-49.32763624, -23.27079768], [-49.32752848, -23.27073874], [-49.32715487, -23.27075643], [-49.32709456, -23.27065464], [-49.32679383, -23.27039317], [-49.32649175, -23.27031861], [-49.3263609, -23.27023052], [-49.32630157, -23.27005018], [-49.32610267, -23.26977534], [-49.32600974, -23.269703], [-49.3257314, -23.26960612], [-49.32560854, -23.26950457], [-49.32550186, -23.26928038], [-49.32546985, -23.26879149], [-49.32542402, -23.26870521], [-49.32528533, -23.26861794], [-49.32508753, -23.26864653], [-49.32496332, -23.268731], [-49.32470351, -23.2691066], [-49.32450444, -23.26947111], [-49.32408742, -23.26991186], [-49.32382579, -23.27035427], [-49.32347141, -23.2707099], [-49.32322003, -23.27087969], [-49.32302536, -23.27089206], [-49.32286296, -23.27082531], [-49.32238627, -23.27041113], [-49.32173872, -23.26998068], [-49.32142973, -23.26983379], [-49.32110466, -23.26972195], [-49.32056189, -23.26958881], [-49.32071479, -23.26979002], [-49.32082703, -23.27019308], [-49.32100902, -23.27056798], [-49.3209833, -23.27074832], [-49.32088859, -23.27081864], [-49.32052899, -23.2709656], [-49.32040371, -23.27105728], [-49.32017505, -23.27136367], [-49.32009434, -23.27156418], [-49.32000956, -23.27216651], [-49.31981695, -23.27263855], [-49.3194684, -23.27315136], [-49.31935568, -23.27340932], [-49.31934679, -23.27349502], [-49.31942236, -23.27370443], [-49.31941274, -23.27384791], [-49.31918517, -23.27398906], [-49.31899777, -23.27404484], [-49.31868382, -23.27429253], [-49.318509, -23.27459227], [-49.3184449, -23.27479296], [-49.31839393, -23.27511571], [-49.31800231, -23.27539868], [-49.31784341, -23.27559745], [-49.31783872, -23.27597126], [-49.3179071, -23.27613002], [-49.31791303, -23.2762809], [-49.31776275, -23.27649421], [-49.31758603, -23.27694474], [-49.31729597, -23.27715746], [-49.31706659, -23.27744216], [-49.31692519, -23.27757069], [-49.31679164, -23.27761892], [-49.31611087, -23.27773082], [-49.31585417, -23.27785539], [-49.31556214, -23.27806899], [-49.31527496, -23.27836391], [-49.31510103, -23.27859141], [-49.31503558, -23.27882098], [-49.31502545, -23.27962549], [-49.31485848, -23.28054299], [-49.31485559, -23.28077233], [-49.3149308, -23.28101064], [-49.31507712, -23.28111245], [-49.31512907, -23.28125659], [-49.31502245, -23.28172864], [-49.31506668, -23.28194223], [-49.31504085, -23.28213069], [-49.31474851, -23.28252308], [-49.31470507, -23.28286758], [-49.31469784, -23.28344184], [-49.31474222, -23.28364369], [-49.31480236, -23.28375902], [-49.31500178, -23.28399144], [-49.31508867, -23.28446647], [-49.31520344, -23.28466818], [-49.31529959, -23.28502862], [-49.3152652, -23.285664], [-49.31509916, -23.28611825], [-49.3152122, -23.2864572], [-49.31505057, -23.28687177], [-49.31499722, -23.28722699], [-49.31505126, -23.28743888], [-49.31504257, -23.28812871], [-49.31491084, -23.28873053], [-49.31490759, -23.28898876], [-49.3149988, -23.28919835], [-49.31499726, -23.28932024], [-49.31484316, -23.28983513], [-49.31486347, -23.29000782], [-49.31495514, -23.29018129], [-49.31496861, -23.29035392], [-49.31491627, -23.2907841], [-49.31484353, -23.29097025], [-49.31481538, -23.29126524], [-49.31485487, -23.29193302], [-49.31491292, -23.29229215], [-49.3150629, -23.29272541], [-49.31526909, -23.29304279], [-49.31535942, -23.29324514], [-49.31545504, -23.29364802], [-49.31547469, -23.29395075], [-49.31541226, -23.2946391], [-49.31543931, -23.29489766], [-49.31535648, -23.29534197], [-49.31535394, -23.29554332], [-49.31541397, -23.29574534], [-49.31559868, -23.29590536], [-49.31565384, -23.29633851], [-49.31584475, -23.29655006], [-49.3158147, -23.29722883], [-49.31569716, -23.29794548], [-49.31573157, -23.29824024], [-49.31576977, -23.2983129], [-49.31600177, -23.29844452], [-49.31607, -23.29853827], [-49.31610657, -23.29874004], [-49.31618233, -23.29893501], [-49.31636668, -23.29912392], [-49.31654887, -23.29948528], [-49.3165857, -23.30020992], [-49.3164384, -23.30080525], [-49.3164507, -23.30107087], [-49.31654068, -23.30130121], [-49.31667109, -23.30150399], [-49.31679036, -23.30189267], [-49.31691989, -23.30208822], [-49.31696473, -23.30225396], [-49.3169273, -23.3027421], [-49.31701384, -23.30324602], [-49.31713364, -23.30367083], [-49.31724457, -23.30386798], [-49.31737481, -23.30424053], [-49.31738755, -23.30447094], [-49.31730863, -23.3049153], [-49.31729905, -23.30528815], [-49.31743931, -23.30649612], [-49.31750091, -23.30680652], [-49.31754844, -23.30776877], [-49.31768875, -23.30835183], [-49.31779346, -23.30865457], [-49.31801333, -23.30913103], [-49.31817387, -23.30934858], [-49.31817737, -23.30969267], [-49.31807918, -23.31003658], [-49.3181276, -23.31054009], [-49.31809908, -23.31094164], [-49.31833139, -23.31229418], [-49.31826069, -23.31294], [-49.31832154, -23.31307701], [-49.318262, -23.31345745], [-49.31841392, -23.31373902], [-49.31849124, -23.31381119], [-49.3185733, -23.31404957], [-49.31858606, -23.31427908], [-49.31855333, -23.31439342], [-49.31854927, -23.31471666], [-49.31866298, -23.31492649], [-49.31880178, -23.31508601], [-49.31888842, -23.31558271], [-49.31908718, -23.315872], [-49.31964826, -23.31635212], [-49.31973951, -23.3165608], [-49.31968824, -23.31690521], [-49.31974037, -23.31711437], [-49.31997052, -23.31731821], [-49.32041511, -23.31757583], [-49.32053202, -23.31768816], [-49.32057769, -23.31778889], [-49.32097897, -23.31814718], [-49.32133518, -23.31828013], [-49.32148936, -23.31838292], [-49.32158853, -23.31850589], [-49.32193743, -23.31922032], [-49.32222909, -23.31951061], [-49.32234559, -23.31957688], [-49.32279406, -23.31968282], [-49.3232586, -23.31990994], [-49.32370815, -23.32000777], [-49.32456434, -23.31996003], [-49.32526365, -23.3200244], [-49.32651814, -23.32041889], [-49.32678247, -23.32047138], [-49.32717096, -23.32044753], [-49.32771546, -23.32045967], [-49.328181, -23.32052966], [-49.3290631, -23.32091292], [-49.32955667, -23.3210094], [-49.32981467, -23.32109974], [-49.33050122, -23.32155948], [-49.33081025, -23.32171358], [-49.3312758, -23.32178356], [-49.33193901, -23.32176444], [-49.33220906, -23.32182962], [-49.33251835, -23.32196205], [-49.33282375, -23.3221721], [-49.33321672, -23.32273075], [-49.33335474, -23.3228758], [-49.33383281, -23.32319695], [-49.33424697, -23.32362488], [-49.33453445, -23.32417428], [-49.33470346, -23.32434404], [-49.33476893, -23.32434835], [-49.3352645, -23.32412876], [-49.33572917, -23.32403527], [-49.33611692, -23.32407189], [-49.33631906, -23.32417247], [-49.3366553, -23.32449753], [-49.33695196, -23.32501812], [-49.33715026, -23.32566319], [-49.33751417, -23.32604453], [-49.33832585, -23.32643332], [-49.33889718, -23.32680602], [-49.33943849, -23.32699779], [-49.33985517, -23.32730382], [-49.34037771, -23.3278268], [-49.34053966, -23.32793598], [-49.34077212, -23.32803687], [-49.34124389, -23.32815927], [-49.34233511, -23.32816721], [-49.34320465, -23.32807256], [-49.34343807, -23.3280958], [-49.34390303, -23.3282163], [-49.34413653, -23.32823322], [-49.34552869, -23.32818291], [-49.38457805, -23.33551819], [-49.38478152, -23.33576108], [-49.38504003, -23.33589559], [-49.38532352, -23.33598611], [-49.38546611, -23.33600203], [-49.38575136, -23.33594718], [-49.38594211, -23.33586155], [-49.38651687, -23.33539969], [-49.38763741, -23.33420022], [-49.38801331, -23.33384558], [-49.38856333, -23.33340603], [-49.38884989, -23.33324191], [-49.38931033, -23.33309313], [-49.38945327, -23.33308015], [-49.38972964, -23.33311189], [-49.39020907, -23.33333536], [-49.3907421, -23.3336551], [-49.39131525, -23.33405473], [-49.39212871, -23.33472051], [-49.39240975, -23.33501508], [-49.39279838, -23.33555188], [-49.39304531, -23.33607999], [-49.39332442, -23.33653529], [-49.39369021, -23.33702037], [-49.39410355, -23.33745537], [-49.39455724, -23.33786911], [-49.39508636, -23.33851661], [-49.39508426, -23.33869179], [-49.39498062, -23.3387711], [-49.39464779, -23.33879748], [-49.39389196, -23.33854139], [-49.39304516, -23.33804324], [-49.39214876, -23.33760328], [-49.39170665, -23.33744703], [-49.39119439, -23.33734965], [-49.38983613, -23.3373384], [-49.38957425, -23.33740163], [-49.38925789, -23.3375221], [-49.3890098, -23.33773899], [-49.38889764, -23.337876], [-49.38870159, -23.33839957], [-49.3886906, -23.33866224], [-49.38872654, -23.33892541], [-49.38892502, -23.33949728], [-49.38913503, -23.3398426], [-49.38972691, -23.34055578], [-49.39034734, -23.34149683], [-49.39067155, -23.34218649], [-49.39069475, -23.3428577], [-49.39063506, -23.34326617], [-49.39044649, -23.34381871], [-49.39042926, -23.34394948], [-49.38997149, -23.34517113], [-49.38940496, -23.34624536], [-49.38933902, -23.34652282], [-49.38941259, -23.34691009], [-49.38972458, -23.34723479], [-49.39019561, -23.34750964], [-49.3904946, -23.34761476], [-49.39071439, -23.34779944], [-49.39068872, -23.3479816], [-49.39055209, -23.34811926], [-49.38999595, -23.34833208], [-49.3896537, -23.34856968], [-49.38946099, -23.34881514], [-49.38937922, -23.34902651], [-49.3893765, -23.34925225], [-49.38945236, -23.34953027], [-49.38966862, -23.34992713], [-49.38994158, -23.3502442], [-49.39042766, -23.35056979], [-49.39085193, -23.35074934], [-49.39127859, -23.35081243], [-49.39156378, -23.35076479], [-49.39188133, -23.35062898], [-49.39242342, -23.35028416], [-49.3927872, -23.35020752], [-49.3930885, -23.35020339], [-49.39338038, -23.35024974], [-49.39352104, -23.350346], [-49.39355877, -23.35054326], [-49.39350978, -23.35063125], [-49.39318231, -23.35094125], [-49.39313414, -23.3510428], [-49.39298117, -23.3518874], [-49.39273209, -23.35218466], [-49.39246051, -23.35240131], [-49.39199192, -23.35265206], [-49.39152922, -23.35298234], [-49.39127224, -23.35328584], [-49.39115055, -23.35356273], [-49.39091019, -23.3545157], [-49.39071016, -23.35471863], [-49.39056738, -23.35471717], [-49.3903875, -23.35454735], [-49.39032026, -23.35428386], [-49.39028501, -23.35388164], [-49.39020729, -23.35375712], [-49.39007428, -23.35367538], [-49.38994776, -23.35370388], [-49.38983523, -23.35386979], [-49.38969216, -23.35454019], [-49.38962782, -23.35468492], [-49.38909, -23.35532237], [-49.38888883, -23.35561921], [-49.38876117, -23.35574251], [-49.38864116, -23.35579907], [-49.38849935, -23.35579761], [-49.38833388, -23.35573089], [-49.38824052, -23.35560531], [-49.38813319, -23.35534141], [-49.38805749, -23.35504894], [-49.38791166, -23.35473318], [-49.3878182, -23.35461572], [-49.38758276, -23.35443088], [-49.38701561, -23.35425707], [-49.38625777, -23.35416166], [-49.38568797, -23.35420725], [-49.38540259, -23.35427023], [-49.38510939, -23.3544126], [-49.38482153, -23.35467964], [-49.38457895, -23.35508532], [-49.38449655, -23.35534726], [-49.38447612, -23.35574169], [-49.38456891, -23.35655991], [-49.38448617, -23.35693111], [-49.38431797, -23.35709012], [-49.3841662, -23.35718428], [-49.38392873, -23.35716647], [-49.38364529, -23.35706873], [-49.38317361, -23.35684531], [-49.38303225, -23.35680683], [-49.38288947, -23.35680535], [-49.38260488, -23.35688278], [-49.38234989, -23.35701922], [-49.38230083, -23.357193], [-49.38232279, -23.35731785], [-49.3824311, -23.35750139], [-49.38299356, -23.35806168], [-49.38321923, -23.3583268], [-49.38356885, -23.35885599], [-49.38366641, -23.35928053], [-49.38362565, -23.36006125], [-49.38375663, -23.36031094], [-49.38391365, -23.36042906], [-49.38406249, -23.36049652], [-49.38437813, -23.36052145], [-49.3851093, -23.36023731], [-49.38568071, -23.36006079], [-49.38602291, -23.3599108], [-49.38630111, -23.3597159], [-49.3871727, -23.3589004], [-49.38744429, -23.35868466], [-49.38789833, -23.35842654], [-49.38832659, -23.35827744], [-49.3887705, -23.35820886], [-49.38919638, -23.35825749], [-49.38935419, -23.35831059], [-49.38943245, -23.35839087], [-49.38947043, -23.35848608], [-49.38944493, -23.35865379], [-49.38938768, -23.35877782], [-49.38843742, -23.35962865], [-49.3881805, -23.35992491], [-49.38802769, -23.36018613], [-49.387978, -23.36033191], [-49.38788328, -23.36096579], [-49.38798218, -23.36128107], [-49.38826966, -23.36169311], [-49.38862179, -23.36201733], [-49.38875481, -23.36209907], [-49.38917938, -23.36225696], [-49.39066386, -23.36244743], [-49.39149816, -23.3627775], [-49.39197145, -23.36286996], [-49.39288919, -23.36276921], [-49.39330832, -23.36281054], [-49.39342545, -23.36291289], [-49.39341568, -23.36307444], [-49.39317467, -23.3633492], [-49.39239409, -23.36383696], [-49.39147616, -23.36460145], [-49.39135623, -23.36473116], [-49.3911868, -23.3649922], [-49.39102201, -23.36551609], [-49.39100161, -23.36590961], [-49.39107572, -23.36633391], [-49.3911596, -23.36659756], [-49.39136023, -23.36699426], [-49.39195901, -23.36787548], [-49.39211955, -23.36827176], [-49.39212263, -23.36866553], [-49.391999, -23.36910224], [-49.39177319, -23.36949455], [-49.39160999, -23.36988661], [-49.39126487, -23.37035807], [-49.39095279, -23.3706032], [-49.39075601, -23.37053525], [-49.39066282, -23.37039522], [-49.39063372, -23.37021251], [-49.39065476, -23.36911822], [-49.39063446, -23.36885522], [-49.39055217, -23.36845974], [-49.390437, -23.36819576], [-49.39025086, -23.36789493], [-49.38983751, -23.36737323], [-49.38935236, -23.36696638], [-49.38815326, -23.36606361], [-49.38702293, -23.36538009], [-49.38644158, -23.36508241], [-49.38570252, -23.36480477], [-49.38527573, -23.36474889], [-49.38499102, -23.36475408], [-49.38467415, -23.36483028], [-49.38437168, -23.36500957], [-49.38429967, -23.36514067], [-49.38423132, -23.3655337], [-49.38421873, -23.3659273], [-49.38429105, -23.36649788], [-49.38428786, -23.36676063], [-49.38415478, -23.36724871], [-49.38401823, -23.36745862], [-49.38364258, -23.36778345], [-49.38349917, -23.36783254], [-49.38302375, -23.36791522], [-49.38216909, -23.36797231], [-49.38169296, -23.36811368], [-49.38148695, -23.36824249], [-49.38123018, -23.36852429], [-49.38108499, -23.36880003], [-49.38094488, -23.36922211], [-49.3809088, -23.36961547], [-49.3809754, -23.37001079], [-49.38106691, -23.37028898], [-49.38133795, -23.37076588], [-49.38187468, -23.37143609], [-49.38204542, -23.37171509], [-49.38216805, -23.37200804], [-49.38219395, -23.37253389], [-49.38214124, -23.37292708], [-49.38215352, -23.37320534], [-49.3822372, -23.37348345], [-49.38236117, -23.37374752], [-49.3827255, -23.37427686], [-49.38282483, -23.37455513], [-49.38280423, -23.37496309], [-49.38272332, -23.37510133], [-49.38262203, -23.37516242], [-49.36367768, -23.36178124], [-49.36348812, -23.36219986], [-49.36304817, -23.3627398], [-49.3619671, -23.36379318], [-49.36126142, -23.36438541], [-49.35997559, -23.36530388], [-49.35905471, -23.36581619], [-49.35793265, -23.36630109], [-49.35684135, -23.36690822], [-49.35638618, -23.36733148], [-49.35597621, -23.36797556], [-49.35576089, -23.36877791], [-49.35569309, -23.36935786], [-49.3556927, -23.36962786], [-49.35581642, -23.37006533], [-49.3561272, -23.37064384], [-49.35608619, -23.37095496], [-49.35582635, -23.37148141], [-49.35517319, -23.37256814], [-49.35239803, -23.37668029], [-49.3522807, -23.37715044], [-49.35227061, -23.37757115], [-49.35232501, -23.37870956], [-49.35242799, -23.37892557], [-49.35280487, -23.37930069], [-49.35289161, -23.37956439], [-49.35290515, -23.38021021], [-49.35283704, -23.38057613], [-49.35271578, -23.38096858], [-49.35256937, -23.38125782], [-49.35224251, -23.38158398], [-49.35190124, -23.38180886], [-49.35102378, -23.38212018], [-49.35074665, -23.38230058], [-49.35053725, -23.38254129], [-49.35042681, -23.38290352], [-49.35032673, -23.38295176], [-49.35001284, -23.38317782], [-49.34961847, -23.38358183], [-49.34914867, -23.38446818], [-49.34891213, -23.38476729], [-49.34868358, -23.38497348], [-49.34837839, -23.38512829], [-49.34733236, -23.38538273], [-49.34692462, -23.38568094], [-49.34639621, -23.38624246], [-49.34601089, -23.38654723], [-49.34563482, -23.3867365], [-49.34461945, -23.38704181], [-49.34429023, -23.3872397], [-49.34417204, -23.38738204], [-49.34425914, -23.3879311], [-49.3442251, -23.38815109], [-49.34401211, -23.38836375], [-49.34374559, -23.38855508], [-49.34341672, -23.38872408], [-49.3429453, -23.38902792], [-49.34263723, -23.38941296], [-49.34254945, -23.38962696], [-49.34248041, -23.39014367], [-49.34238426, -23.39040092], [-49.34223334, -23.39065758], [-49.34207547, -23.39084284], [-49.34176012, -23.39110499], [-49.34158695, -23.39134065], [-49.34151238, -23.39151505], [-49.34140789, -23.39197088], [-49.34132785, -23.39211361], [-49.34072157, -23.39271763], [-49.34047628, -23.39300942], [-49.34026167, -23.3933512], [-49.34020572, -23.39352308], [-49.34017807, -23.39448543], [-49.3400884, -23.39477164], [-49.33984283, -23.39516456], [-49.33940089, -23.39561229], [-49.33914722, -23.3960259], [-49.3388715, -23.39632458], [-49.33862745, -23.39651614], [-49.3379648, -23.39693081], [-49.33784875, -23.39690068], [-49.33740114, -23.3968616], [-49.33722958, -23.39688868], [-49.33702527, -23.39710955], [-49.33688342, -23.39718661], [-49.33646375, -23.39718214], [-49.33623687, -23.39725197], [-49.33606343, -23.39750839], [-49.33594714, -23.39804536], [-49.33581948, -23.39831762], [-49.3357171, -23.39844567], [-49.33549688, -23.39860858], [-49.33501217, -23.39879757], [-49.3347162, -23.39883685], [-49.33342498, -23.3987373], [-49.3329892, -23.39876877], [-49.33275557, -23.3988304], [-49.33237871, -23.39907832], [-49.33192433, -23.39926672], [-49.33164373, -23.39932875], [-49.33122343, -23.39937393], [-49.33015073, -23.39924778], [-49.32987067, -23.39926646], [-49.32955858, -23.39934259], [-49.32927791, -23.39933237], [-49.32797356, -23.39910982], [-49.32773675, -23.3991127], [-49.32745238, -23.39916294], [-49.32730374, -23.39923539], [-49.32727085, -23.39936056], [-49.32726364, -23.39993482], [-49.3272074, -23.4000498], [-49.32704241, -23.40017717], [-49.32691798, -23.40019029], [-49.32662291, -23.40015823], [-49.32652071, -23.40019326], [-49.32644244, -23.40027098], [-49.32629641, -23.40075796], [-49.32613132, -23.40089255], [-49.32594329, -23.40098445], [-49.32582436, -23.40110509], [-49.32578431, -23.40125546], [-49.32564288, -23.40137586], [-49.32532882, -23.40153052], [-49.32499801, -23.40185026], [-49.32476502, -23.40193807], [-49.32459979, -23.40192817], [-49.32409811, -23.40167536], [-49.32388068, -23.40161523], [-49.32368582, -23.40162759], [-49.3235532, -23.40166951], [-49.32339542, -23.40176806], [-49.32308141, -23.40207352], [-49.3229406, -23.40214426], [-49.32276904, -23.40217131], [-49.32255097, -23.40216175], [-49.32190002, -23.40195338], [-49.32121622, -23.40186657], [-49.32101461, -23.40179306], [-49.32071334, -23.4016318], [-49.31984976, -23.40098317], [-49.31940949, -23.40074906], [-49.31897588, -23.40060804], [-49.31836956, -23.4005076], [-49.31776575, -23.40028618], [-49.31732378, -23.40018751], [-49.31695255, -23.40037495], [-49.31643693, -23.40083897], [-49.31630298, -23.40090887], [-49.31546983, -23.40095046], [-49.31523529, -23.40100572], [-49.31512589, -23.40106866], [-49.31500784, -23.40119652], [-49.31491254, -23.40138242], [-49.31464324, -23.40171002], [-49.3139448, -23.4027798], [-49.31383968, -23.40312272], [-49.31382803, -23.40404188], [-49.31372435, -23.40427103], [-49.31348745, -23.4045123], [-49.31322823, -23.40466121], [-49.31254566, -23.4049401], [-49.31235811, -23.40514757], [-49.31227227, -23.40520354], [-49.31195981, -23.40530762], [-49.31138996, -23.40541615], [-49.31124787, -23.40558709], [-49.31112026, -23.4058512], [-49.3109221, -23.40612268], [-49.310609, -23.40627732], [-49.31020423, -23.40632983], [-49.30982878, -23.40646213], [-49.30959996, -23.4066827], [-49.30918079, -23.40725249], [-49.30895953, -23.40749391], [-49.30870866, -23.40767812], [-49.3081782, -23.4077663], [-49.30795802, -23.40792194], [-49.30783324, -23.40796303], [-49.30758349, -23.407982], [-49.30726519, -23.40792888], [-49.3069803, -23.40770997], [-49.3068021, -23.40764302], [-49.30623387, -23.40762332], [-49.30598593, -23.40757729], [-49.30578443, -23.40749563], [-49.30551593, -23.40722001], [-49.30536957, -23.40711096], [-49.30513676, -23.40702897], [-49.30495118, -23.40692672], [-49.30467504, -23.40663656], [-49.30443648, -23.40646872], [-49.30421104, -23.40642293], [-49.30377389, -23.4064832], [-49.30343762, -23.40684256], [-49.30327826, -23.40706207], [-49.30284451, -23.40739239], [-49.30264081, -23.40748318], [-49.30209476, -23.4076425], [-49.3018754, -23.40773403], [-49.30165549, -23.407868], [-49.30141172, -23.40810917], [-49.30133935, -23.40825919], [-49.3012908, -23.40846003], [-49.3013414, -23.40871162], [-49.30140292, -23.40879808], [-49.30151466, -23.40916592], [-49.30149644, -23.4093671], [-49.30130702, -23.40956551], [-49.30094592, -23.40979908], [-49.30089783, -23.40996381], [-49.30098747, -23.41022305], [-49.30100875, -23.41039576], [-49.30094809, -23.41085474], [-49.30101587, -23.41106407], [-49.30119216, -23.41128091], [-49.30131375, -23.41149083], [-49.3013425, -23.41169162], [-49.30129297, -23.41189245], [-49.30119782, -23.41206389], [-49.30096816, -23.41234856], [-49.30014906, -23.41312257], [-49.29985729, -23.41344267], [-49.29963517, -23.41374909], [-49.29952947, -23.41474578], [-49.29942561, -23.4149099], [-49.29915225, -23.41501439], [-49.29842052, -23.41499919], [-49.29771604, -23.41530125], [-49.29712401, -23.41538059], [-49.29645627, -23.41525862], [-49.29619902, -23.41532715], [-49.29591593, -23.41550377], [-49.29490232, -23.41633342], [-49.29445418, -23.41663736], [-49.29417906, -23.41687817], [-49.29363202, -23.4172632], [-49.29398418, -23.41750093], [-49.29419113, -23.41776868], [-49.29434549, -23.41786428], [-49.29458645, -23.41784524], [-49.29468775, -23.41788156], [-49.29480159, -23.41808418], [-49.29493939, -23.41825094], [-49.29536737, -23.41829895], [-49.29586735, -23.41868458], [-49.29619321, -23.41876038], [-49.29715981, -23.41869868], [-49.29859157, -23.41868539], [-49.29902668, -23.4187118], [-49.29930656, -23.41878709], [-49.29951463, -23.41896815], [-49.29972696, -23.41935154], [-49.30002504, -23.41976386], [-49.30002247, -23.4199652], [-49.29980877, -23.42030061], [-49.29975969, -23.42046533], [-49.29979755, -23.42056597], [-49.30005722, -23.42092098], [-49.30007768, -23.42115779], [-49.30004307, -23.42141568], [-49.30007954, -23.42162468], [-49.30019395, -23.42178395], [-49.30027833, -23.42184266], [-49.30071269, -23.42200542], [-49.30155086, -23.42219424], [-49.30288174, -23.42280471], [-49.30312963, -23.42285707], [-49.3040003, -23.42295321], [-49.30411619, -23.42299692], [-49.30455493, -23.42335386], [-49.30506732, -23.42346056], [-49.30523825, -23.42356265], [-49.30531438, -23.42373144], [-49.30531479, -23.42400687], [-49.30510029, -23.424559], [-49.30512867, -23.42478958], [-49.3052187, -23.42501992], [-49.30526273, -23.42525067], [-49.30525198, -23.42547992], [-49.3051165, -23.42574394], [-49.30517527, -23.42604709], [-49.30535978, -23.42623512], [-49.30581474, -23.42654889], [-49.30599888, -23.42676671], [-49.30613441, -23.42711223], [-49.30627951, -23.4273224], [-49.3064886, -23.42742491], [-49.30694667, -23.42749489], [-49.30709204, -23.4276834], [-49.30718953, -23.42794272], [-49.30728201, -23.4280584], [-49.30751341, -23.4281765], [-49.30776257, -23.42820719], [-49.30782165, -23.42840921], [-49.30797576, -23.42852556], [-49.30841307, -23.42845896], [-49.30859132, -23.42852501], [-49.30862835, -23.42869066], [-49.3086236, -23.42906447], [-49.30867641, -23.4291436], [-49.30882315, -23.42922466], [-49.30908751, -23.42929164], [-49.30918691, -23.42940107], [-49.30927056, -23.42959523], [-49.30937743, -23.42973364], [-49.30957726, -23.42987217], [-49.30999583, -23.43004827], [-49.31010422, -23.43014336], [-49.31024123, -23.43037421], [-49.31026864, -23.43060478], [-49.31021828, -23.43094829], [-49.31001771, -23.43140576], [-49.30984291, -23.4316847], [-49.30978757, -23.43172655], [-49.30972882, -23.43188304], [-49.30967192, -23.43227885], [-49.30945314, -23.43293659], [-49.30935141, -23.4336254], [-49.30936122, -23.43408514], [-49.30941065, -23.43443064], [-49.30958388, -23.43489215], [-49.30978224, -23.4352239], [-49.30993362, -23.43555605], [-49.31010274, -23.4363408], [-49.3102868, -23.43656584], [-49.31054126, -23.4367194], [-49.31094164, -23.43678785], [-49.31139563, -23.43679728], [-49.31149507, -23.43682725], [-49.31161987, -23.43701824], [-49.31166376, -23.43718396], [-49.31171052, -23.43843335], [-49.31182992, -23.43874167], [-49.3118492, -23.43899563], [-49.31174145, -23.43908025], [-49.31122769, -23.43969236], [-49.31113019, -23.43997125], [-49.31110805, -23.44048121], [-49.31115192, -23.44072551], [-49.3112504, -23.44098574], [-49.3116012, -23.44149162], [-49.31175412, -23.44178043], [-49.31179046, -23.44192441], [-49.31178224, -23.44257088], [-49.31188673, -23.44297476], [-49.31199262, -23.44319083], [-49.31208194, -23.44347896], [-49.31207901, -23.44370919], [-49.31204722, -23.44382354], [-49.31180576, -23.4442634], [-49.31174267, -23.44445236], [-49.31172482, -23.44462464], [-49.31166171, -23.44473864], [-49.31132265, -23.44507993], [-49.31031585, -23.44590162], [-49.31013383, -23.44612992], [-49.30992615, -23.44652951], [-49.30983163, -23.4466504], [-49.30961121, -23.44682049], [-49.30896821, -23.44720182], [-49.30883418, -23.44735117], [-49.3086588, -23.44767255], [-49.30850564, -23.44809441], [-49.30815127, -23.44840663], [-49.30799984, -23.44869214], [-49.30790004, -23.4491507], [-49.30789272, -23.44972494], [-49.30784325, -23.44999712], [-49.30772142, -23.45034075], [-49.30751518, -23.45062568], [-49.30730319, -23.45082475], [-49.30648562, -23.45146154], [-49.30635815, -23.45163263], [-49.30610372, -23.45208951], [-49.30564541, -23.4526453], [-49.30545409, -23.45298728], [-49.30543477, -23.45327423], [-49.30550768, -23.45361997], [-49.30575967, -23.45404623], [-49.30595157, -23.45427136], [-49.30605654, -23.45455966], [-49.30607771, -23.45520194], [-49.30618486, -23.4554731], [-49.30643922, -23.45571336], [-49.30659973, -23.45594447], [-49.30668194, -23.45617563], [-49.30674654, -23.45663597], [-49.30685862, -23.45698124], [-49.30695741, -23.45714034], [-49.30725013, -23.45736656], [-49.30803324, -23.45766945], [-49.30846244, -23.45816986], [-49.30867969, -23.45825078], [-49.30878659, -23.4583883], [-49.30880871, -23.45849599], [-49.30879918, -23.45924359], [-49.30889285, -23.45980448], [-49.30904496, -23.46015831], [-49.30948201, -23.4606579], [-49.3095564, -23.46088898], [-49.30954909, -23.46146322], [-49.30957675, -23.46175068], [-49.30970884, -23.46236978], [-49.30965406, -23.4630591], [-49.3098611, -23.46386503], [-49.30974166, -23.46471167], [-49.30973874, -23.46494101], [-49.30979772, -23.46522881], [-49.31014287, -23.46602901], [-49.31022363, -23.46637484], [-49.31021662, -23.46654092], [-49.31015106, -23.46676958], [-49.30999196, -23.46704057], [-49.30989165, -23.4676147], [-49.3100101, -23.46807563], [-49.31023182, -23.46842208], [-49.3103449, -23.4686897], [-49.31034618, -23.4688965], [-49.31029508, -23.46914247], [-49.31016943, -23.46940028], [-49.3102131, -23.46973758], [-49.31037369, -23.47011859], [-49.31043879, -23.47046425], [-49.31041352, -23.47075746], [-49.3103128, -23.47120968], [-49.31028891, -23.47185598], [-49.31041501, -23.47233144], [-49.31042064, -23.47250397], [-49.310324, -23.47279009], [-49.31013715, -23.47312399], [-49.27271876, -23.52788301], [-49.27324743, -23.528046], [-49.27353374, -23.52824422], [-49.27405687, -23.52875751], [-49.27431334, -23.52906647], [-49.27510182, -23.53018501], [-49.27540009, -23.53044296], [-49.27566121, -23.53062194], [-49.27634881, -23.53091491], [-49.27682356, -23.53138431], [-49.27706024, -23.5315594], [-49.27832843, -23.53201772], [-49.27859864, -23.53217512], [-49.27884273, -23.53238371], [-49.27922224, -23.53264617], [-49.28005144, -23.53304814], [-49.28073813, -23.53326252], [-49.28164715, -23.53362744], [-49.28188602, -23.5337854], [-49.2823691, -23.53421875], [-49.28293508, -23.53452841], [-49.2836582, -23.53503124], [-49.28414367, -23.53528131], [-49.28457487, -23.53541158], [-49.28492731, -23.53542269], [-49.28557016, -23.53531871], [-49.28611394, -23.53537707], [-49.28656953, -23.53551483], [-49.28692763, -23.53576981], [-49.28714038, -23.53597894], [-49.28755008, -23.53656047], [-49.28780798, -23.53706538], [-49.28800183, -23.53760029], [-49.28812265, -23.53878366], [-49.28837195, -23.53934807], [-49.28867918, -23.53975058], [-49.28940945, -23.540537], [-49.28961178, -23.54079568], [-49.29007484, -23.54157013], [-49.29019892, -23.54189658], [-49.29028132, -23.54234086], [-49.29024769, -23.5431243], [-49.29029128, -23.54346431], [-49.29073811, -23.54488875], [-49.29087767, -23.54523072], [-49.29109677, -23.54563225], [-49.29139867, -23.54584236], [-49.29176519, -23.54597913], [-49.29272634, -23.54610797], [-49.29322162, -23.54621003], [-49.2935568, -23.54634645], [-49.29420917, -23.54672294], [-49.29431366, -23.54674666], [-49.29463974, -23.54690555], [-49.2948564, -23.54696662], [-49.2954989, -23.54731013], [-49.32424897, -23.58771499], [-49.32435457, -23.58773239], [-49.3250388, -23.58770545], [-49.32534301, -23.58774576], [-49.32587028, -23.58796636], [-49.32631728, -23.58810392], [-49.32704601, -23.58820026], [-49.32742054, -23.58841199], [-49.32775516, -23.58852667], [-49.32870162, -23.58852873], [-49.32924674, -23.58857884], [-49.32956615, -23.58865632], [-49.33041145, -23.58906454], [-49.33096439, -23.58927096], [-49.33159555, -23.58933553], [-49.33249405, -23.58925668], [-49.33300637, -23.58934346], [-49.3334704, -23.5896076], [-49.33372074, -23.58995704], [-49.33381339, -23.59022443], [-49.33383731, -23.59089021], [-49.33399966, -23.59137958], [-49.33422209, -23.59161133], [-49.33475635, -23.59182385], [-49.3350901, -23.59208659], [-49.3354725, -23.59253136], [-49.33563766, -23.5926433], [-49.33583281, -23.5927077], [-49.35502459, -23.66623995], [-49.35529133, -23.66631231], [-49.35545824, -23.66629241], [-49.35600174, -23.66610674], [-49.35621889, -23.66606841], [-49.3565627, -23.66617139], [-49.35665097, -23.66624637], [-49.35671766, -23.66640149], [-49.35669735, -23.66661439], [-49.35658355, -23.66685609], [-49.35656531, -23.66698142], [-49.35659331, -23.66717315], [-49.35669231, -23.66740989], [-49.35689185, -23.66760345], [-49.35728101, -23.66784326], [-49.35745217, -23.66787668], [-49.35789919, -23.66803674], [-49.35830563, -23.66830653], [-49.35873115, -23.66893232], [-49.35891647, -23.6694806], [-49.35896738, -23.66972134], [-49.35895322, -23.66983497], [-49.35861703, -23.67014115], [-49.35855221, -23.67038608], [-49.35877014, -23.67091304], [-49.3588222, -23.67129828], [-49.35864094, -23.67168104], [-49.35857328, -23.67191691], [-49.35865505, -23.67243521], [-49.35864407, -23.67268613], [-49.35853747, -23.67289992], [-49.3581464, -23.67336082], [-49.35801465, -23.67362582], [-49.35798719, -23.67386211], [-49.35801224, -23.67413238], [-49.3580975, -23.67444934], [-49.35828006, -23.67482603], [-49.35848591, -23.6750648], [-49.3590112, -23.67547672], [-49.35912101, -23.6756332], [-49.35918313, -23.67584065], [-49.35922674, -23.676196], [-49.35921348, -23.67655074], [-49.35925921, -23.67673634], [-49.35933896, -23.67686632], [-49.35991163, -23.67725346], [-49.3604484, -23.67792376], [-49.36082122, -23.67829794], [-49.36086926, -23.67829845], [-49.36117203, -23.67847142], [-49.36150799, -23.67857792], [-49.36222939, -23.67867495], [-49.362948, -23.67891823], [-49.36342898, -23.67895312], [-49.36365391, -23.67899974], [-49.36386143, -23.67910578], [-49.36405165, -23.67926311], [-49.36443842, -23.6797774], [-49.36450304, -23.6797853], [-49.36457396, -23.67983753], [-49.36560029, -23.67993686], [-49.36584053, -23.68001344], [-49.36606348, -23.68014131], [-49.36647214, -23.68055198], [-49.36663236, -23.68083541], [-49.36688429, -23.6818648], [-49.36696959, -23.68210229], [-49.36715987, -23.68233366], [-49.36762788, -23.68278288], [-49.36782467, -23.68304321], [-49.36822565, -23.68375721], [-49.36841047, -23.68434973], [-49.36856048, -23.6845879], [-49.36885306, -23.68495129], [-49.36902666, -23.68502716], [-49.36928003, -23.68523211], [-49.369562, -23.68534525]], [[-49.57555123, -23.2205836], [-49.5977765, -23.18767724], [-49.63697831, -23.19670567], [-49.63659255, -23.19682036], [-49.63611761, -23.1971206], [-49.63577786, -23.19748072], [-49.63489913, -23.19809627], [-49.63452603, -23.19827637], [-49.63415415, -23.19833636], [-49.63329292, -23.1981907], [-49.63305703, -23.19823291], [-49.63290005, -23.19829657], [-49.63269433, -23.19844651], [-49.63237985, -23.19929905], [-49.63215037, -23.19947859], [-49.63192498, -23.19954527], [-49.63164031, -23.19957982], [-49.63091182, -23.19944614], [-49.63031596, -23.19943373], [-49.62956231, -23.19956444], [-49.62934146, -23.19966457], [-49.6286936, -23.20015204], [-49.62828694, -23.20036344], [-49.62786485, -23.20065148], [-49.62747729, -23.20100303], [-49.62727938, -23.20124786], [-49.62711146, -23.20152186], [-49.62686801, -23.20230275], [-49.6268149, -23.20291101], [-49.62680719, -23.20366506], [-49.62637992, -23.20465027], [-49.62596597, -23.20538272], [-49.62559953, -23.20595933], [-49.62512522, -23.20638328], [-49.62473761, -23.20664089], [-49.62351852, -23.20699239], [-49.6232585, -23.20709849], [-49.62299112, -23.20725601], [-49.62275374, -23.20744178], [-49.62239732, -23.20780172], [-49.62202845, -23.208232], [-49.62164719, -23.20901258], [-49.62154141, -23.20941807], [-49.6214247, -23.21012691], [-49.62126279, -23.21057525], [-49.6211676, -23.21099619], [-49.62117276, -23.21125453], [-49.62129993, -23.21152659], [-49.62129496, -23.21201062], [-49.62117504, -23.21227058], [-49.62087332, -23.21263009], [-49.62042212, -23.21298829], [-49.61983818, -23.21333178], [-49.61961754, -23.21350325], [-49.61925831, -23.2138487], [-49.61906147, -23.21398606], [-49.61871691, -23.21414018], [-49.61808778, -23.21431618], [-49.61781985, -23.21443033], [-49.61712513, -23.21490198], [-49.6155377, -23.21590314], [-49.61475586, -23.21648329], [-49.61304929, -23.217664], [-49.61237678, -23.21825323], [-49.61194275, -23.21855286], [-49.61081831, -23.21956527], [-49.61072074, -23.21973962], [-49.61067939, -23.21986389], [-49.6103651, -23.22011218], [-49.61008986, -23.2202696], [-49.60990061, -23.22033295], [-49.6092975, -23.22044593], [-49.60906411, -23.22052515], [-49.60884799, -23.22063522], [-49.60881732, -23.22057715], [-49.60815696, -23.22055686], [-49.60792185, -23.22051865], [-49.60706269, -23.22025726], [-49.60657821, -23.22004976], [-49.60559181, -23.21990283], [-49.60504254, -23.21991241], [-49.60452242, -23.22012545], [-49.60437284, -23.22022618], [-49.60389744, -23.22064914], [-49.60360521, -23.22084252], [-49.60336868, -23.22094157], [-49.60281962, -23.2210243], [-49.60250606, -23.22101338], [-49.60219309, -23.22094557], [-49.60194355, -23.22079163], [-49.60173379, -23.22057211], [-49.60140095, -23.22002036], [-49.57555123, -23.2205836]], [[-49.39441386, -23.47675911], [-49.37993735, -23.43771845], [-49.37998957, -23.4375198], [-49.38014937, -23.4371765], [-49.38039458, -23.43689187], [-49.38054514, -23.43666406], [-49.38059911, -23.43609029], [-49.38072681, -23.43581076], [-49.38086049, -23.43568301], [-49.38128328, -23.43552214], [-49.38217011, -23.43551057], [-49.3823579, -23.43544027], [-49.3827031, -23.4352217], [-49.38321557, -23.43468789], [-49.38378802, -23.43429196], [-49.3839772, -23.43410699], [-49.38419918, -23.43379954], [-49.38487742, -23.43242851], [-49.38520071, -23.43207966], [-49.38584507, -23.43156256], [-49.3859799, -23.43142037], [-49.38613114, -23.43113476], [-49.38634231, -23.43034678], [-49.38649558, -23.4299745], [-49.3865661, -23.42988944], [-49.38695112, -23.42961347], [-49.38716149, -23.42953618], [-49.38773958, -23.42939856], [-49.38797447, -23.42923573], [-49.38834653, -23.42873657], [-49.38877747, -23.42854777], [-49.38912343, -23.42826417], [-49.38929728, -23.42805013], [-49.38949766, -23.42758532], [-49.38967844, -23.42736504], [-49.38984558, -23.42722047], [-49.39028035, -23.42719876], [-49.39076928, -23.42731126], [-49.39092556, -23.42725508], [-49.39134099, -23.42697219], [-49.39159937, -23.42688906], [-49.39342142, -23.42682113], [-49.39482399, -23.4266423], [-49.39516578, -23.42670271], [-49.39555288, -23.42690084], [-49.3958137, -23.42718347], [-49.39604106, -23.42772493], [-49.39610211, -23.42777522], [-49.39621944, -23.42778365], [-49.39633987, -23.42745437], [-49.39652754, -23.42739218], [-49.39665181, -23.42739346], [-49.3969148, -23.4274964], [-49.39727189, -23.42758676], [-49.39780126, -23.42759219], [-49.39819193, -23.42749506], [-49.39888835, -23.42720058], [-49.39914748, -23.42697386], [-49.3993172, -23.42645093], [-49.39942009, -23.42635897], [-49.39971732, -23.42621843], [-49.3999977, -23.42617796], [-49.40029485, -23.42604464], [-49.40053939, -23.42580964], [-49.40078982, -23.42565508], [-49.40120474, -23.42549407], [-49.40213918, -23.42542416], [-49.40248251, -23.42535633], [-49.40303047, -23.42511721], [-49.40320326, -23.42498984], [-49.40347942, -23.4246477], [-49.40396002, -23.42415051], [-49.40440871, -23.42386522], [-49.40448918, -23.42384617], [-49.404877, -23.42390342], [-49.40530006, -23.42404139], [-49.40591902, -23.42432856], [-49.4064754, -23.42469275], [-49.40708052, -23.42482806], [-49.40736087, -23.42478848], [-49.40797136, -23.4245572], [-49.40849677, -23.42423926], [-49.40878254, -23.42415639], [-49.40890588, -23.42415313], [-49.40921188, -23.424261], [-49.40982112, -23.42470609], [-49.4101612, -23.42491003], [-49.4104709, -23.4250351], [-49.41084357, -23.42513281], [-49.41109128, -23.42528614], [-49.4112141, -23.4254093], [-49.41150454, -23.42583579], [-49.41176783, -23.42599651], [-49.41197654, -23.42605642], [-49.41209268, -23.42616507], [-49.41247463, -23.4267144], [-49.41272854, -23.42700506], [-49.4129213, -23.42717227], [-49.41321613, -23.42723216], [-49.41349649, -23.42719257], [-49.41368305, -23.42722246], [-49.41422346, -23.42745191], [-49.4143556, -23.42744964], [-49.41486505, -23.42732116], [-49.41523957, -23.42718137], [-49.41558355, -23.42714152], [-49.41586289, -23.4271877], [-49.41629645, -23.42735013], [-49.41651457, -23.42735957], [-49.4167324, -23.42731121], [-49.41710544, -23.42737911], [-49.41727547, -23.42748197], [-49.41746161, -23.42754798], [-49.41783677, -23.42743709], [-49.41811688, -23.42741826], [-49.41825365, -23.42743861], [-49.41846379, -23.42754278], [-49.41866012, -23.42757457], [-49.41887777, -23.42754155], [-49.41895709, -23.42745566], [-49.41903785, -23.42724788], [-49.41914791, -23.42712708], [-49.41926444, -23.42712103], [-49.41935028, -23.42714448], [-49.41938003, -23.42719445], [-49.41939381, -23.42735262], [-49.41945464, -23.42750405], [-49.41953082, -23.42751656], [-49.41964197, -23.42746982], [-49.41994863, -23.42719298], [-49.42009656, -23.42718003], [-49.42018965, -23.42725231], [-49.42018538, -23.42761168], [-49.42026957, -23.427692], [-49.42044822, -23.42772903], [-49.42056517, -23.42768777], [-49.42082526, -23.42746012], [-49.42105849, -23.42743358], [-49.42138403, -23.42754524], [-49.42160267, -23.42751133], [-49.4217278, -23.42744035], [-49.42193453, -23.42709025], [-49.42204365, -23.42704891], [-49.42237099, -23.42700887], [-49.4225264, -23.42702489], [-49.42277507, -23.42709964], [-49.42296069, -23.42720898], [-49.42308267, -23.42740347], [-49.42310938, -23.42779205], [-49.42320089, -23.42791489], [-49.4232944, -23.42795196], [-49.42396996, -23.42800935], [-49.42407761, -23.42817479], [-49.42406093, -23.42826132], [-49.42396554, -23.42838227], [-49.42373145, -23.42848105], [-49.4236673, -23.42860954], [-49.42373571, -23.42878271], [-49.4238502, -23.42894823], [-49.42386423, -23.42908563], [-49.42374567, -23.42926324], [-49.42376012, -23.42936453], [-49.42382913, -23.42948714], [-49.42398255, -23.42958893], [-49.42426982, -23.42962795], [-49.42481579, -23.4295549], [-49.42514263, -23.42955819], [-49.42534522, -23.42963971], [-49.42540274, -23.42974143], [-49.42613869, -23.42957546], [-49.42635793, -23.42949098], [-49.42680723, -23.42923542], [-49.42717329, -23.42914881], [-49.42771664, -23.4291317], [-49.42809032, -23.42906322], [-49.42834946, -23.42891502], [-49.42839982, -23.42862835], [-49.42858128, -23.4284288], [-49.42906454, -23.42836232], [-49.42915801, -23.42831991], [-49.42925322, -23.4282134], [-49.42934582, -23.42799579], [-49.42929835, -23.42762416], [-49.42906135, -23.42730661], [-49.42906339, -23.42713414], [-49.42913626, -23.4268477], [-49.42921625, -23.42670402], [-49.42934996, -23.426569], [-49.42946716, -23.42650606], [-49.42998896, -23.42648963], [-49.43022343, -23.42644142], [-49.43030123, -23.42639976], [-49.43056947, -23.42614328], [-49.43079961, -23.42571483], [-49.4310452, -23.42538677], [-49.43131211, -23.42516008], [-49.43157923, -23.4249975], [-49.43207991, -23.42478038], [-49.43273576, -23.42460003], [-49.43382958, -23.42420823], [-49.43414319, -23.42400368], [-49.43427021, -23.42385414], [-49.43442136, -23.42356758], [-49.43476657, -23.42325587], [-49.43483905, -23.42308411], [-49.43490734, -23.42260346], [-49.43498793, -23.42232432], [-49.43525065, -23.42195308], [-49.43561811, -23.42166236], [-49.43577712, -23.42145535], [-49.43606018, -23.42118546], [-49.43670296, -23.42078281], [-49.43704931, -23.42045575], [-49.43734936, -23.42007134], [-49.43755318, -23.41996501], [-49.43764629, -23.41995239], [-49.43820578, -23.42005823], [-49.43839267, -23.4200601], [-49.4386104, -23.42001893], [-49.43882448, -23.419705], [-49.43898983, -23.41954139], [-49.43981349, -23.4189834], [-49.44006697, -23.41864728], [-49.44039655, -23.41841397], [-49.44065393, -23.41832984], [-49.44088744, -23.41836107], [-49.44135451, -23.41833684], [-49.44158098, -23.41821718], [-49.44181745, -23.41799648], [-49.44229881, -23.41741971], [-49.44253476, -23.41724326], [-49.44318449, -23.41691199], [-49.4433734, -23.41674138], [-49.44341346, -23.41666231], [-49.44348881, -23.41616096], [-49.44355311, -23.41601801], [-49.44366331, -23.41588275], [-49.44392968, -23.41569847], [-49.44441476, -23.41563918], [-49.4448551, -23.41580792], [-49.44519696, -23.4158619], [-49.44546248, -23.41574985], [-49.44572234, -23.4155366], [-49.44586452, -23.41534386], [-49.4460029, -23.41480701], [-49.44607207, -23.41424689], [-49.44614346, -23.41408324], [-49.44622274, -23.41399734], [-49.44649643, -23.41385647], [-49.44722916, -23.41370572], [-49.44750382, -23.41356486], [-49.44788859, -23.41329596], [-49.44829536, -23.41307062], [-49.44891982, -23.41288989], [-49.44926986, -23.41274526], [-49.44939041, -23.41256133], [-49.44941396, -23.41196824], [-49.44945346, -23.41185304], [-49.44959512, -23.41170454], [-49.44976034, -23.41163393], [-49.44996231, -23.41159981], [-49.45021173, -23.41160951], [-49.45045949, -23.41167699], [-49.45083091, -23.41188116], [-49.45107934, -23.41189085], [-49.45120508, -23.41184965], [-49.45159653, -23.41159435], [-49.45184618, -23.41158328], [-49.45213459, -23.41152111], [-49.45231607, -23.4113143], [-49.45231983, -23.41099104], [-49.4523603, -23.41087675], [-49.45248631, -23.41072719], [-49.45297117, -23.41051706], [-49.45337933, -23.41025469], [-49.45366199, -23.41001366], [-49.45372636, -23.40986349], [-49.45371212, -23.40974143], [-49.45350694, -23.40946216], [-49.4534683, -23.40925046], [-49.45358805, -23.40905026], [-49.4537762, -23.40885796], [-49.45400404, -23.40870308], [-49.45424607, -23.40858988], [-49.45462107, -23.40848612], [-49.45480136, -23.40838044], [-49.45496692, -23.40819514], [-49.45529263, -23.40761679], [-49.45543672, -23.40742676], [-49.45560843, -23.40730203], [-49.45587383, -23.40719809], [-49.45661342, -23.40712683], [-49.45683235, -23.40706487], [-49.45713865, -23.40680872], [-49.45753853, -23.40658328], [-49.45766396, -23.40648338], [-49.45783243, -23.40604705], [-49.45800613, -23.40583383], [-49.4586024, -23.40538005], [-49.45880975, -23.40496488], [-49.45898379, -23.40472277], [-49.45927393, -23.40450979], [-49.45952449, -23.40441925], [-49.45974211, -23.40438527], [-49.46006847, -23.40442461], [-49.46039425, -23.40451361], [-49.46059519, -23.40465286], [-49.46071101, -23.40479036], [-49.46073261, -23.40486914], [-49.46070586, -23.40523553], [-49.46075669, -23.40549431], [-49.46103333, -23.40585646], [-49.46129541, -23.40603875], [-49.46154285, -23.4061342], [-49.46179192, -23.40617278], [-49.46235272, -23.40607715], [-49.4626795, -23.40608037], [-49.4634732, -23.4061532], [-49.46397269, -23.40602897], [-49.46433162, -23.40587446], [-49.46456736, -23.40571151], [-49.46499271, -23.40531292], [-49.46551801, -23.40490176], [-49.46576111, -23.40477862], [-49.46636817, -23.40474485], [-49.4664784, -23.40468904], [-49.46672931, -23.40448289], [-49.46697905, -23.40437787], [-49.46716715, -23.40435804], [-49.46725944, -23.40441584], [-49.46728234, -23.40446664], [-49.46725564, -23.40474633], [-49.46703183, -23.4052327], [-49.4670385, -23.40533301], [-49.46716102, -23.40548502], [-49.46737104, -23.40551598], [-49.46755025, -23.40550329], [-49.46799543, -23.40533607], [-49.46824559, -23.40528073], [-49.46911709, -23.40522425], [-49.46949033, -23.40527125], [-49.46998643, -23.40544137], [-49.47060687, -23.40560548], [-49.47085611, -23.4056296], [-49.47104339, -23.40559531], [-49.47121659, -23.40542451], [-49.47121766, -23.40533151], [-49.4711403, -23.40525128], [-49.47073688, -23.40519044], [-49.47068284, -23.40512489], [-49.47060852, -23.40486588], [-49.47053157, -23.40474953], [-49.47019128, -23.40456017], [-49.4701697, -23.40439469], [-49.47023314, -23.40432307], [-49.47038969, -23.40423881], [-49.47063911, -23.40416178], [-49.47126357, -23.40406042], [-49.4715129, -23.40399152], [-49.47231263, -23.40345298], [-49.47272969, -23.40326199], [-49.47287068, -23.40299877], [-49.47314431, -23.40285785], [-49.47351878, -23.40279739], [-49.47414094, -23.40281069], [-49.47426552, -23.40278301], [-49.47442355, -23.40265451], [-49.4744247, -23.40255428], [-49.47426485, -23.40224387], [-49.47424269, -23.40212896], [-49.47426098, -23.40189885], [-49.47438786, -23.40167071], [-49.47475006, -23.40131482], [-49.47480493, -23.40122234], [-49.47483813, -23.4010574], [-49.47481597, -23.40094249], [-49.47465653, -23.40059596], [-49.47463609, -23.40041605], [-49.47477138, -23.40013742], [-49.47494522, -23.39990883], [-49.47499383, -23.39967992], [-49.47496614, -23.39944937], [-49.47472325, -23.39887264], [-49.47462123, -23.39829728], [-49.47470173, -23.39801811], [-49.47491675, -23.39761112], [-49.47489541, -23.39742397], [-49.47455127, -23.3968887], [-49.47440098, -23.39642757], [-49.47438013, -23.39619798], [-49.47447017, -23.39585388], [-49.4749682, -23.3951697], [-49.47504812, -23.39494019], [-49.47502437, -23.3943656], [-49.4749031, -23.39401944], [-49.47480356, -23.393911], [-49.47467336, -23.39366139], [-49.47469354, -23.39352251], [-49.47477028, -23.39340044], [-49.47494351, -23.39322513], [-49.47507608, -23.39318217], [-49.47523722, -23.39320812], [-49.47539267, -23.39330356], [-49.47562429, -23.39332659], [-49.47573354, -23.39326986], [-49.47590639, -23.39304216], [-49.47586709, -23.39280066], [-49.47575198, -23.39259905], [-49.4753571, -23.3924796], [-49.47526515, -23.39230712], [-49.47525898, -23.39216257], [-49.47534761, -23.39194128], [-49.47534852, -23.39186181], [-49.47518711, -23.39168865], [-49.47518044, -23.39158744], [-49.47527575, -23.39146646], [-49.4753916, -23.39143147], [-49.47551682, -23.39143269], [-49.47587192, -23.39160864], [-49.47607443, -23.39161061], [-49.47623153, -23.39147578], [-49.47624941, -23.39128179], [-49.47618867, -23.39120263], [-49.47606387, -23.39116529], [-49.47581703, -23.39101929], [-49.47578028, -23.39081032], [-49.47585261, -23.39064577], [-49.47605503, -23.39056917], [-49.47642701, -23.39072361], [-49.47666024, -23.39077646], [-49.47696433, -23.39070717], [-49.47716131, -23.39050771], [-49.47720958, -23.39039349], [-49.47720742, -23.38989767], [-49.4772389, -23.38979774], [-49.47745062, -23.38967788], [-49.47757469, -23.38969354], [-49.47791487, -23.38989102], [-49.4781636, -23.38995756], [-49.47833488, -23.389952], [-49.47861671, -23.38977503], [-49.47883938, -23.38938255], [-49.48118801, -23.35995721], [-49.52329823, -23.3517524], [-49.57333595, -23.39489809], [-49.54198875, -23.40470009], [-49.50331422, -23.41688008], [-49.50326035, -23.41691586], [-49.50311945, -23.41691451], [-49.50282076, -23.41684662], [-49.50213184, -23.41649865], [-49.50199038, -23.41646027], [-49.50128351, -23.41640291], [-49.50099282, -23.41632065], [-49.50084394, -23.41624607], [-49.50061049, -23.41603342], [-49.50048714, -23.41577756], [-49.50046449, -23.41567081], [-49.50051799, -23.41512402], [-49.50060802, -23.4148639], [-49.50094627, -23.41419886], [-49.50162552, -23.41331855], [-49.50258207, -23.41223138], [-49.50298187, -23.41166085], [-49.50315212, -23.41122719], [-49.50315539, -23.41093643], [-49.50306343, -23.41067365], [-49.50290097, -23.41050141], [-49.50271305, -23.41041833], [-49.50242367, -23.41039479], [-49.50184575, -23.41044614], [-49.49980668, -23.41098859], [-49.49927531, -23.41129746], [-49.49886882, -23.41159248], [-49.4987646, -23.41172333], [-49.49859382, -23.41211543], [-49.49855023, -23.41250966], [-49.49880598, -23.41360665], [-49.49884932, -23.41401527], [-49.49874814, -23.41456969], [-49.49861015, -23.41483116], [-49.4983624, -23.41510603], [-49.4974277, -23.41589988], [-49.49731508, -23.41608122], [-49.49727981, -23.41643127], [-49.49734934, -23.41659992], [-49.49767511, -23.41712864], [-49.49800384, -23.4173946], [-49.49827119, -23.4175507], [-49.49853023, -23.41775006], [-49.4987564, -23.41799968], [-49.49888064, -23.41826367], [-49.49890907, -23.41921309], [-49.49872097, -23.41975132], [-49.49865506, -23.42004238], [-49.498609, -23.42056753], [-49.49872147, -23.42109421], [-49.49905408, -23.4217982], [-49.49912255, -23.42206165], [-49.49914925, -23.42247101], [-49.4990494, -23.42290714], [-49.49885511, -23.42329992], [-49.49867014, -23.42356094], [-49.49835564, -23.42411241], [-49.49826558, -23.42437434], [-49.49825626, -23.4245061], [-49.49830028, -23.42476842], [-49.49856344, -23.42529654], [-49.49875657, -23.42639384], [-49.49885635, -23.42665759], [-49.49909011, -23.42692986], [-49.49922457, -23.42698263], [-49.49950884, -23.42702871], [-49.49965106, -23.42700118], [-49.49984971, -23.42691549], [-49.49998591, -23.42681384], [-49.50024151, -23.42653905], [-49.50105739, -23.42595988], [-49.50130252, -23.42583129], [-49.50174532, -23.42570459], [-49.50193426, -23.42569918], [-49.50206685, -23.4257447], [-49.50211382, -23.42583185], [-49.50212767, -23.42599183], [-49.50200591, -23.42628868], [-49.50189492, -23.42641134], [-49.50184387, -23.42668629], [-49.50188178, -23.42688262], [-49.50196642, -23.42701438], [-49.50205954, -23.42708842], [-49.5025219, -23.4273105], [-49.50262359, -23.4274054], [-49.50267708, -23.42752241], [-49.50265171, -23.42768923], [-49.50227104, -23.42794748], [-49.50195414, -23.42810428], [-49.50151231, -23.42823099], [-49.50094482, -23.42821832], [-49.50070866, -23.42824495], [-49.50008869, -23.4280526], [-49.499701, -23.42821269], [-49.49948586, -23.42837137], [-49.49934916, -23.42860305], [-49.4993064, -23.42883654], [-49.4993799, -23.42934839], [-49.49951816, -23.42975791], [-49.49992207, -23.43039034], [-49.50012511, -23.43061084], [-49.50028961, -23.43083399], [-49.50098589, -23.43230064], [-49.50026791, -23.43261344], [-49.49958527, -23.43274325], [-49.49919055, -23.43277016], [-49.49881077, -23.43277373], [-49.49803671, -23.43267869], [-49.49737431, -23.43248989], [-49.49710074, -23.43227503], [-49.49697517, -23.43212843], [-49.49685224, -23.43183464], [-49.49672477, -23.43125003], [-49.49659775, -23.42984722], [-49.49626611, -23.42914324], [-49.49603228, -23.42879059], [-49.49556353, -23.42826861], [-49.49502937, -23.42790584], [-49.49453261, -23.42778365], [-49.49390079, -23.42774866], [-49.49250715, -23.42783725], [-49.49225534, -23.42777612], [-49.49202776, -23.4276502], [-49.49199788, -23.42743769], [-49.49202366, -23.42732144], [-49.49239597, -23.42650775], [-49.49241526, -23.42627404], [-49.49238619, -23.42598929], [-49.49229243, -23.42588633], [-49.49181875, -23.42580138], [-49.49105865, -23.42585997], [-49.49096424, -23.4258148], [-49.49083183, -23.42566813], [-49.49073265, -23.4253529], [-49.49073795, -23.42488606], [-49.49091093, -23.42430343], [-49.49093188, -23.42383674], [-49.49090225, -23.42360256], [-49.49071639, -23.42325037], [-49.49054394, -23.42309608], [-49.49002604, -23.42276958], [-49.48979831, -23.4226581], [-49.48921788, -23.42223617], [-49.48905335, -23.42207473], [-49.4888128, -23.42171388], [-49.48853468, -23.4211278], [-49.48832429, -23.42078259], [-49.48809764, -23.4205763], [-49.48767261, -23.42034551], [-49.48756237, -23.42031555], [-49.48725638, -23.42011571], [-49.48696722, -23.41981309], [-49.48667905, -23.41942378], [-49.48646049, -23.41919499], [-49.48617008, -23.41900253], [-49.48594829, -23.41897148], [-49.48569436, -23.41901327], [-49.48556755, -23.41906261], [-49.48455847, -23.41984843], [-49.48420519, -23.42002111], [-49.48366398, -23.42019647], [-49.4828327, -23.42032115], [-49.48265786, -23.42037725], [-49.48233156, -23.4205863], [-49.48188212, -23.42120867], [-49.48133047, -23.4216124], [-49.48098093, -23.42179864], [-49.48066337, -23.4219274], [-49.47999863, -23.42194983], [-49.47935063, -23.4218776], [-49.47871263, -23.42161672], [-49.47821599, -23.42148726], [-49.47789985, -23.4214914], [-49.47774041, -23.42157022], [-49.47753284, -23.42175062], [-49.47746114, -23.42185919], [-49.47739469, -23.42210689], [-49.47741809, -23.42211434], [-49.47741692, -23.42221638], [-49.47750816, -23.42253876], [-49.47768649, -23.42286109], [-49.47787406, -23.4230607], [-49.47836945, -23.42329942], [-49.47986697, -23.42370775], [-49.48033939, -23.42390199], [-49.48079571, -23.4242207], [-49.48095083, -23.42443353], [-49.48113592, -23.42485075], [-49.48133441, -23.42546587], [-49.48144315, -23.42562767], [-49.48172548, -23.42584264], [-49.48204022, -23.4259622], [-49.48256201, -23.4260332], [-49.48322727, -23.42596651], [-49.48406657, -23.42582836], [-49.48441475, -23.42584709], [-49.48490335, -23.42599723], [-49.48520109, -23.42623402], [-49.48618685, -23.42724329], [-49.48650084, -23.42742875], [-49.48660901, -23.42764112], [-49.4866141, -23.42788229], [-49.48642694, -23.42833292], [-49.48590046, -23.42875858], [-49.4849137, -23.42929628], [-49.48441006, -23.42969326], [-49.48428192, -23.42985908], [-49.48414435, -23.4301648], [-49.48413411, -23.43037602], [-49.48425743, -23.43063278], [-49.48436635, -23.43078014], [-49.48460157, -23.43100819], [-49.48501781, -23.43123891], [-49.48536429, -23.43132264], [-49.48571242, -23.43134769], [-49.48606013, -23.43140976], [-49.48637472, -23.43154376], [-49.48652417, -23.43165539], [-49.48669611, -23.43185392], [-49.48674176, -23.43197086], [-49.48683753, -23.43258498], [-49.48711499, -23.43322976], [-49.48749753, -23.43367146], [-49.48773168, -23.43399432], [-49.48804663, -23.43478576], [-49.48854568, -23.43539656], [-49.48899142, -23.43587589], [-49.48946115, -23.43631121], [-49.48990776, -23.4366289], [-49.49042769, -23.43686782], [-49.49091698, -23.43696015], [-49.49158222, -23.43690066], [-49.4929141, -23.43657036], [-49.49319195, -23.43658026], [-49.49341146, -23.43672868], [-49.493466, -23.43683848], [-49.4934219, -23.43718845], [-49.49344091, -23.43766997], [-49.49355436, -23.43810906], [-49.49387292, -23.43858625], [-49.49403754, -23.43874227], [-49.49469576, -23.43921551], [-49.4948215, -23.43934767], [-49.49503879, -23.43969294], [-49.49502881, -23.43988249], [-49.49478976, -23.43999036], [-49.49445758, -23.44002328], [-49.49243243, -23.44003263], [-49.49190901, -23.44010072], [-49.49140139, -23.44024211], [-49.49092393, -23.44048494], [-49.4904851, -23.44085999], [-49.49024321, -23.44130287], [-49.49007152, -23.441769], [-49.4899826, -23.44192798], [-49.48961481, -23.44225314], [-49.48941578, -23.44236862], [-49.48871655, -23.44266077], [-49.48804954, -23.44287375], [-49.48652633, -23.44323828], [-49.48619309, -23.4432784], [-49.48537134, -23.44324153], [-49.48485128, -23.44309831], [-49.48453587, -23.44294895], [-49.48404989, -23.44256403], [-49.48380864, -23.44226277], [-49.48352918, -23.44179316], [-49.48319128, -23.44086964], [-49.48300508, -23.44054724], [-49.48277867, -23.44031837], [-49.48235208, -23.4402194], [-49.48196345, -23.44031044], [-49.48185944, -23.4404196], [-49.48129717, -23.44123052], [-49.48062582, -23.44182272], [-49.48033686, -23.44218475], [-49.48025575, -23.44234471], [-49.48017314, -23.4426356], [-49.48017028, -23.44357025], [-49.4799847, -23.44464852], [-49.4797815, -23.44512788], [-49.47963627, -23.44533146], [-49.47896564, -23.44585774], [-49.47794701, -23.4463445], [-49.47767746, -23.44637799], [-49.47743455, -23.4462221], [-49.47748593, -23.44592368], [-49.47800861, -23.44515485], [-49.47830026, -23.44455895], [-49.47843484, -23.44391818], [-49.47868939, -23.4423737], [-49.47890193, -23.44176258], [-49.47972788, -23.44006291], [-49.47990909, -23.43945149], [-49.47993775, -23.43899933], [-49.47991978, -23.43851691], [-49.47986832, -23.43822471], [-49.47968347, -23.43778492], [-49.4794973, -23.43746161], [-49.47907531, -23.43696171], [-49.47889513, -23.43679921], [-49.47840068, -23.4364738], [-49.47781099, -23.43617545], [-49.47715228, -23.43566602], [-49.47700991, -23.43562038], [-49.4768358, -23.43561145], [-49.47659855, -23.43564616], [-49.47631203, -23.43579599], [-49.47565835, -23.43621315], [-49.47538188, -23.4362547], [-49.4752241, -23.43618723], [-49.47512462, -23.43590089], [-49.47510201, -23.43514208], [-49.47515417, -23.43469015], [-49.47508141, -23.4342072], [-49.47478055, -23.43347458], [-49.47424021, -23.43237477], [-49.4740216, -23.43206559], [-49.47367732, -23.43170551], [-49.47336292, -23.43155614], [-49.47303977, -23.43148705], [-49.47281094, -23.43147036], [-49.47279406, -23.43149187], [-49.472358, -23.43153908], [-49.47201077, -23.43152123], [-49.47136434, -23.43130991], [-49.47101769, -23.43124149], [-49.47049505, -23.4312436], [-49.46964889, -23.43137889], [-49.46881911, -23.43136624], [-49.46779154, -23.43110781], [-49.46734261, -23.43091286], [-49.46692428, -23.4308654], [-49.46662252, -23.43097894], [-49.46622239, -23.43139042], [-49.46592221, -23.43204491], [-49.46582072, -23.43261284], [-49.46583318, -23.43289021], [-49.46588574, -23.43316887], [-49.46597764, -23.43343167], [-49.46619594, -23.43368216], [-49.46718314, -23.43447301], [-49.46784151, -23.43509266], [-49.46808237, -23.43542374], [-49.46815962, -23.4355997], [-49.46826533, -23.43602337], [-49.46827013, -23.43628621], [-49.4681955, -23.43656273], [-49.46768113, -23.43728826], [-49.46747891, -23.43768002], [-49.46716871, -23.43852405], [-49.46697431, -23.43891588], [-49.46649176, -23.43959748], [-49.46535261, -23.44094359], [-49.46506293, -23.44136429], [-49.46483721, -23.44175581], [-49.46452101, -23.44243903], [-49.46428904, -23.44337052], [-49.46421884, -23.44393967], [-49.46434634, -23.44450986], [-49.46456242, -23.44503757], [-49.46458439, -23.44516963], [-49.46452726, -23.44528557], [-49.46447202, -23.44532205], [-49.46373547, -23.44536537], [-49.46341754, -23.44543539], [-49.46321885, -23.44551923], [-49.46282795, -23.44588925], [-49.46262009, -23.4460046], [-49.46233403, -23.44611105], [-49.46192274, -23.44612867], [-49.4617429, -23.44593725], [-49.46172877, -23.44580527], [-49.46186301, -23.44520063], [-49.46192114, -23.44423763], [-49.46180588, -23.44125907], [-49.46169285, -23.44003159], [-49.46144216, -23.43919739], [-49.46081038, -23.43839555], [-49.46042338, -23.43766928], [-49.46021473, -23.43658715], [-49.46002081, -23.43617615], [-49.45980235, -23.435941], [-49.45962126, -23.43585884], [-49.45926522, -23.43584087], [-49.45888299, -23.43605564], [-49.45845208, -23.43641623], [-49.45795066, -23.43669665], [-49.45704433, -23.43703718], [-49.4566146, -23.43729572], [-49.45629504, -23.43759148], [-49.45613933, -23.4380207], [-49.4561157, -23.4387068], [-49.45594154, -23.43937606], [-49.45590377, -23.43993107], [-49.45593454, -23.44006232], [-49.45608905, -23.44032664], [-49.45646442, -23.44070332], [-49.45657324, -23.44085702], [-49.45670337, -23.44128184], [-49.45685771, -23.44156061], [-49.45769073, -23.44205831], [-49.45773475, -23.44231341], [-49.4576371, -23.44254634], [-49.45716596, -23.44291465], [-49.4561652, -23.44329127], [-49.45554368, -23.44362828], [-49.45512947, -23.44398089], [-49.45469636, -23.44444439], [-49.45421729, -23.44481894], [-49.45361367, -23.44504685], [-49.45318447, -23.44517354], [-49.45289814, -23.44530255], [-49.45261944, -23.44553278], [-49.45243435, -23.44579374], [-49.45231287, -23.44605532], [-49.45226185, -23.44631761], [-49.45233619, -23.44674189], [-49.45234845, -23.4470337], [-49.45229841, -23.44729599], [-49.45208391, -23.4479802], [-49.45206656, -23.44812542], [-49.45210327, -23.44841838], [-49.45219498, -23.44869653], [-49.45234165, -23.44896078], [-49.4525442, -23.44921835], [-49.45289654, -23.44955779], [-49.45291773, -23.44975487], [-49.45281336, -23.449892], [-49.45251153, -23.45000641], [-49.45221124, -23.44998898], [-49.45189542, -23.44987567], [-49.45148674, -23.44966752], [-49.45106147, -23.44953958], [-49.45076145, -23.44949958], [-49.45030227, -23.44950946], [-49.44973317, -23.44946046], [-49.44944906, -23.44939894], [-49.44915795, -23.4492651], [-49.44901617, -23.44916887], [-49.44878972, -23.44894718], [-49.44840097, -23.44837438], [-49.44815131, -23.4474589], [-49.44795822, -23.44706324], [-49.44773896, -23.44681272], [-49.44748833, -23.44665038], [-49.44717975, -23.44658861], [-49.44682241, -23.44667987], [-49.44591464, -23.44721809], [-49.44577107, -23.44727536], [-49.44504246, -23.44739182], [-49.44472447, -23.4475494], [-49.44454846, -23.44770117], [-49.44386226, -23.44887643], [-49.44376238, -23.44929807], [-49.44379737, -23.44973641], [-49.44389534, -23.45014647], [-49.44390792, -23.45040939], [-49.44386994, -23.45097794], [-49.44396483, -23.45165077], [-49.44409584, -23.45191486], [-49.44443955, -23.45232016], [-49.44464924, -23.45263561], [-49.44474893, -23.4528994], [-49.44482359, -23.45329388], [-49.44480469, -23.45357093], [-49.44458231, -23.45425504], [-49.44440599, -23.45451607], [-49.44409731, -23.45521377], [-49.44400251, -23.45586935], [-49.4440355, -23.45639526], [-49.44421717, -23.45709785], [-49.44432469, -23.45736172], [-49.44452663, -23.45767077], [-49.44480956, -23.45783434], [-49.44509387, -23.45788052], [-49.4454106, -23.45783311], [-49.44633303, -23.45747024], [-49.44676071, -23.45739412], [-49.44723515, -23.45742052], [-49.44737656, -23.45746527], [-49.44750286, -23.4575469], [-49.44751708, -23.45767077], [-49.4474126, -23.45781602], [-49.44700483, -23.45819847], [-49.4468846, -23.4583508], [-49.4467371, -23.45874306], [-49.44673444, -23.45896971], [-49.44678827, -23.45913821], [-49.44699686, -23.45954847], [-49.44699576, -23.45964329], [-49.4468917, -23.45975242], [-49.44673271, -23.45978696], [-49.44613192, -23.45976653], [-49.44550096, -23.45956337], [-49.44521622, -23.45955331], [-49.44475615, -23.45963632], [-49.44459788, -23.45969344], [-49.44402421, -23.46003088], [-49.44382547, -23.4601165], [-49.44359598, -23.46006996], [-49.44348747, -23.45997405], [-49.44335728, -23.45955644], [-49.44333435, -23.45884099], [-49.44329828, -23.45857784], [-49.44317567, -23.45818197], [-49.44289564, -23.45777099], [-49.44226855, -23.45723915], [-49.44197256, -23.45693728], [-49.44177071, -23.456621], [-49.44138408, -23.45578542], [-49.44122176, -23.455521], [-49.44094751, -23.45528527], [-49.44053752, -23.45510598], [-49.43965237, -23.45504565], [-49.43935242, -23.4549984], [-49.43906872, -23.45490074], [-49.43880111, -23.45476712], [-49.43833002, -23.45445627], [-49.43804694, -23.45430714], [-49.43774775, -23.45419487], [-49.43746346, -23.45414777], [-49.43671816, -23.45426493], [-49.43627647, -23.4542018], [-49.43599252, -23.45412581], [-49.43556465, -23.45413597], [-49.43497808, -23.45423935], [-49.43454947, -23.4543958], [-49.43425451, -23.4545897], [-49.43406231, -23.45478464], [-49.43382089, -23.45516963], [-49.43368901, -23.45556204], [-49.43357221, -23.45608645], [-49.43336151, -23.45652232], [-49.43312001, -23.45691363], [-49.43292393, -23.45743724], [-49.43291437, -23.45758344], [-49.43298157, -23.45786135], [-49.43330918, -23.45830263], [-49.43344799, -23.45856681], [-49.43349285, -23.45883005], [-49.4335037, -23.45923834], [-49.43345189, -23.45964691], [-49.43336168, -23.4599088], [-49.43312702, -23.46030017], [-49.43281552, -23.46056706], [-49.43235311, -23.46084778], [-49.43192102, -23.46129587], [-49.43176718, -23.46155711], [-49.43168291, -23.46197889], [-49.43173585, -23.46222054], [-49.431953, -23.46256589], [-49.43225765, -23.46296268], [-49.43267982, -23.46335434], [-49.43308058, -23.46357059], [-49.43338022, -23.46364584], [-49.43366478, -23.46367128], [-49.43409265, -23.46358075], [-49.43449906, -23.46340151], [-49.43485479, -23.46336896], [-49.43513892, -23.46343051], [-49.43532868, -23.46352633], [-49.43532567, -23.46378187], [-49.43515617, -23.46404296], [-49.43478715, -23.46445556], [-49.43460122, -23.46478241], [-49.434495, -23.46507303], [-49.4344747, -23.46546656], [-49.4345123, -23.46559879], [-49.43485301, -23.46625873], [-49.43495165, -23.46661011], [-49.43472493, -23.46707472], [-49.43430819, -23.46746517], [-49.43409886, -23.46778365], [-49.43403293, -23.46806113], [-49.43404705, -23.46819222], [-49.43415455, -23.46845609], [-49.43426362, -23.46858813], [-49.43453872, -23.46875254], [-49.43483871, -23.4687989], [-49.43511701, -23.46869242], [-49.43547482, -23.46848469], [-49.43561816, -23.46844911], [-49.43585512, -23.46844426], [-49.43607548, -23.46851962], [-49.43623405, -23.46852121], [-49.43644038, -23.46845735], [-49.43688852, -23.46805999], [-49.43704646, -23.46803267], [-49.43732166, -23.46818895], [-49.43754833, -23.46847568], [-49.43787968, -23.46926738], [-49.4379965, -23.46940671], [-49.43815313, -23.46948956], [-49.43829614, -23.46948286], [-49.43843867, -23.46943372], [-49.43945158, -23.46879366], [-49.43968179, -23.46869753], [-49.44002408, -23.46864316], [-49.4403188, -23.46863798], [-49.44097015, -23.46869235], [-49.44196167, -23.46862189], [-49.4425922, -23.46878171], [-49.4428766, -23.46882158], [-49.44341548, -23.46878271], [-49.44396767, -23.46886137], [-49.44425242, -23.46887143], [-49.4444258, -23.46894631], [-49.44450338, -23.46909248], [-49.44450269, -23.46915117], [-49.44439795, -23.4693181], [-49.44422201, -23.46946173], [-49.4439123, -23.46957604], [-49.44337299, -23.46965103], [-49.44308686, -23.46975744], [-49.44282418, -23.46995169], [-49.4424235, -23.47039289], [-49.44215984, -23.47058713], [-49.44182557, -23.47070841], [-49.44154003, -23.47076425], [-49.44123016, -23.4708921], [-49.44104645, -23.47102934], [-49.44074273, -23.47138301], [-49.44031179, -23.47164962], [-49.44017632, -23.47176475], [-49.44012707, -23.47187353], [-49.44015731, -23.47204903], [-49.44052359, -23.47245365], [-49.44059273, -23.47265121], [-49.4405423, -23.4729433], [-49.4405634, -23.4731476], [-49.44072629, -23.47344814], [-49.44092098, -23.47362619], [-49.4411339, -23.47375203], [-49.44140959, -23.47378459], [-49.44185337, -23.47375923], [-49.44240655, -23.4738379], [-49.44313295, -23.4740059], [-49.44318708, -23.47406424], [-49.44316894, -23.47427538], [-49.44312161, -23.4743047], [-49.44309628, -23.4743776], [-49.44272028, -23.47471701], [-49.44204953, -23.47522866], [-49.44177712, -23.47558265], [-49.44167959, -23.47580112], [-49.44160351, -23.47619409], [-49.44160722, -23.47654452], [-49.44167508, -23.47685223], [-49.44201636, -23.47746882], [-49.44208411, -23.47770249], [-49.44208954, -23.47790664], [-49.44197703, -23.47806716], [-49.44173128, -23.47773509], [-49.44144493, -23.47694205], [-49.44127717, -23.47663875], [-49.44098526, -23.47631976], [-49.44085564, -23.47610353], [-49.4408127, -23.47575813], [-49.44088925, -23.47524235], [-49.44082266, -23.47491116], [-49.43999017, -23.47419122], [-49.43976849, -23.47389461], [-49.43959138, -23.47372035], [-49.43924297, -23.47354528], [-49.43880808, -23.47339734], [-49.43836199, -23.47295398], [-49.43778315, -23.47256077], [-49.43767597, -23.47235109], [-49.43765451, -23.47217839], [-49.43773823, -23.47171957], [-49.4376948, -23.47141752], [-49.43752552, -23.47124424], [-49.43741107, -23.47107061], [-49.43738177, -23.47089783], [-49.43740713, -23.47074005], [-49.43738986, -23.47046083], [-49.43713199, -23.4703282], [-49.43671186, -23.47025897], [-49.43650864, -23.4703075], [-49.43613367, -23.47047623], [-49.43553622, -23.47091544], [-49.43530232, -23.47099166], [-49.43515572, -23.47097123], [-49.43492235, -23.47083704], [-49.43459361, -23.47032351], [-49.4344709, -23.47018591], [-49.43422138, -23.47017618], [-49.43378359, -23.47035872], [-49.43353433, -23.47032732], [-49.43313209, -23.4701517], [-49.43245106, -23.46979266], [-49.43226436, -23.46976911], [-49.4318901, -23.46979424], [-49.43157977, -23.46971165], [-49.43127837, -23.46953613], [-49.43087002, -23.46921595], [-49.43052895, -23.46908338], [-49.43024176, -23.46903083], [-49.42979333, -23.46878881], [-49.42936992, -23.46808738], [-49.42917682, -23.46794275], [-49.39441386, -23.47675911]]]]}}]}