{"type": "FeatureCollection", "features": [{"type": "Feature", "properties": {"name": "Área de Proteção Ambiental Serra do Mar"}, "geometry": {"type": "MultiPolygon", "coordinates": [[[[-48.29458397, -24.63951918], [-48.29489261, -24.63950151], [-48.29522554, -24.63953804], [-48.29538614, -24.639457], [-48.29572596, -24.63921823], [-48.296756, -24.63865537], [-48.29708984, -24.63870543], [-48.29737962, -24.63891339], [-48.29751347, -24.63897223], [-48.29767239, -24.63898145], [-48.297832, -24.63894103], [-48.29808956, -24.63881498], [-48.29832716, -24.63883332], [-48.29846501, -24.63889394], [-48.29893418, -24.63820882], [-48.30039914, -24.63766095], [-48.29821535, -24.63554241], [-48.29692061, -24.63439631], [-48.29797386, -24.63302213], [-48.29832128, -24.63167682], [-48.29935391, -24.63125873], [-48.30224887, -24.63203848], [-48.30374429, -24.63231484], [-48.30458476, -24.63131105], [-48.30221845, -24.62916546], [-48.30036172, -24.62804326], [-48.29647865, -24.62785885], [-48.29554377, -24.62469006], [-48.29856541, -24.62411401], [-48.29609568, -24.62235034], [-48.29502317, -24.61975216], [-48.29667345, -24.6188076], [-48.29844285, -24.6181517], [-48.30070743, -24.61779122], [-48.30245097, -24.61833829], [-48.30787626, -24.61996548], [-48.31097185, -24.61749855], [-48.31088301, -24.61725587], [-48.31070893, -24.61684496], [-48.31046779, -24.61602042], [-48.31027112, -24.61534793], [-48.3101755, -24.615021], [-48.31012382, -24.61446582], [-48.31007186, -24.61391094], [-48.31007183, -24.61391063], [-48.31007146, -24.61390936], [-48.31001318, -24.61370747], [-48.30992953, -24.61350428], [-48.30952731, -24.61297125], [-48.30920566, -24.61241124], [-48.30917856, -24.61214944], [-48.30922493, -24.61187418], [-48.30941847, -24.61136893], [-48.3094896, -24.61123612], [-48.30963347, -24.6109675], [-48.30974373, -24.61066073], [-48.30976948, -24.61056147], [-48.30974822, -24.61023498], [-48.30974857, -24.61023044], [-48.31003273, -24.60943598], [-48.31006653, -24.60905996], [-48.31025625, -24.60861612], [-48.31080629, -24.60817873], [-48.31158242, -24.60800429], [-48.31281616, -24.60776226], [-48.31311246, -24.60749025], [-48.31327241, -24.60723418], [-48.31358678, -24.60698087], [-48.31408181, -24.60670725], [-48.31443287, -24.60647439], [-48.31631927, -24.60650806], [-48.31892614, -24.60768975], [-48.32054597, -24.60858118], [-48.32091123, -24.60909901], [-48.32108676, -24.6093294], [-48.32166242, -24.60980832], [-48.32201723, -24.61007356], [-48.32216564, -24.61035867], [-48.32246296, -24.61090536], [-48.32253366, -24.61121262], [-48.32260742, -24.61132535], [-48.32265833, -24.61140315], [-48.32272352, -24.61196924], [-48.322717, -24.61227513], [-48.32271149, -24.61253396], [-48.32273171, -24.61279324], [-48.32368388, -24.61523469], [-48.32375558, -24.61549489], [-48.32387676, -24.61585013], [-48.32399894, -24.61615831], [-48.32383899, -24.61641439], [-48.32377352, -24.61652849], [-48.32373203, -24.61660079], [-48.3236468, -24.6169759], [-48.32366552, -24.61730577], [-48.32373271, -24.61777774], [-48.32406735, -24.61813322], [-48.32428544, -24.61842313], [-48.32456256, -24.61871053], [-48.3247907, -24.61887936], [-48.32529998, -24.61914734], [-48.32594146, -24.61925291], [-48.32643001, -24.61928514], [-48.32694279, -24.61938841], [-48.32784567, -24.61931031], [-48.32870524, -24.61957789], [-48.32930481, -24.62067055], [-48.32966688, -24.62063766], [-48.32967865, -24.62056271], [-48.32970489, -24.62043005], [-48.32974137, -24.62032477], [-48.32976302, -24.62023554], [-48.32977649, -24.62007095], [-48.32981037, -24.61995424], [-48.32980485, -24.61985002], [-48.3297975, -24.61973078], [-48.32979298, -24.61959226], [-48.32981574, -24.61944688], [-48.32971791, -24.61929859], [-48.32960387, -24.61919035], [-48.32943284, -24.6190991], [-48.32925753, -24.61899226], [-48.32915966, -24.61890122], [-48.329107, -24.61885799], [-48.32893166, -24.61874659], [-48.32874619, -24.61861012], [-48.32855051, -24.61843488], [-48.32844775, -24.61835755], [-48.32832505, -24.61828482], [-48.32824488, -24.61823025], [-48.32820935, -24.61819909], [-48.32816963, -24.61816426], [-48.3280993, -24.61808685], [-48.3280615, -24.61802534], [-48.32802127, -24.61797523], [-48.32796858, -24.61792517], [-48.32791062, -24.61783176], [-48.32780155, -24.61753999], [-48.32776106, -24.61744654], [-48.32770292, -24.61732348], [-48.32763733, -24.617205], [-48.32755403, -24.61704549], [-48.32750336, -24.61692013], [-48.3273928, -24.61679035], [-48.32728688, -24.6166058], [-48.32719876, -24.61647368], [-48.32711547, -24.61631646], [-48.32702463, -24.61614785], [-48.32691891, -24.61599524], [-48.32678327, -24.61584271], [-48.32670245, -24.61568092], [-48.32667675, -24.61555779], [-48.32661833, -24.6153891], [-48.32656251, -24.61523638], [-48.32650694, -24.61512472], [-48.32646898, -24.61503584], [-48.32643844, -24.61493781], [-48.32640291, -24.61483979], [-48.32635994, -24.61474864], [-48.32630958, -24.61467119], [-48.32622887, -24.61452765], [-48.32618069, -24.61440001], [-48.3261152, -24.61429751], [-48.32604225, -24.6141973], [-48.32596439, -24.6141108], [-48.32591108, -24.61396035], [-48.32584822, -24.61387837], [-48.32579751, -24.61374617], [-48.32576672, -24.61360708], [-48.325746, -24.61348393], [-48.32576505, -24.61333786], [-48.32574139, -24.61314171], [-48.32574013, -24.61293865], [-48.32572895, -24.61274474], [-48.32574034, -24.61256903], [-48.32574452, -24.61243896], [-48.32575378, -24.61232258], [-48.32575541, -24.61218339], [-48.32576719, -24.61207156], [-48.3257942, -24.61200304], [-48.32582112, -24.61191854], [-48.32585286, -24.61180894], [-48.32587207, -24.61168795], [-48.32593569, -24.61148928], [-48.32596679, -24.6112747], [-48.32601355, -24.6111719], [-48.32606035, -24.61107594], [-48.32606466, -24.6109664], [-48.32609142, -24.6108568], [-48.32611082, -24.61076775], [-48.32613033, -24.61069468], [-48.32617729, -24.6106261], [-48.3262294, -24.61058032], [-48.32627653, -24.61053912], [-48.32643566, -24.61045425], [-48.32650758, -24.6103856], [-48.32655721, -24.61034439], [-48.32660915, -24.61027122], [-48.3266637, -24.61021859], [-48.32670828, -24.61016598], [-48.32678003, -24.61006994], [-48.3268644, -24.60999668], [-48.3269211, -24.60988699], [-48.32693288, -24.60977513], [-48.32698217, -24.60967687], [-48.32698857, -24.60950113], [-48.32698785, -24.60938474], [-48.32699198, -24.60924552], [-48.32699606, -24.60909945], [-48.32703224, -24.60889852], [-48.32703915, -24.60880493], [-48.3270384, -24.60868398], [-48.32706735, -24.60852414], [-48.32708179, -24.60843738], [-48.32710132, -24.60836885], [-48.32712333, -24.60829576], [-48.32716506, -24.60818609], [-48.32720395, -24.60801938], [-48.32721323, -24.60790752], [-48.32723006, -24.60780476], [-48.32725923, -24.60767915], [-48.32730845, -24.60756946], [-48.32736048, -24.60750996], [-48.32744205, -24.60738648], [-48.32747377, -24.60727227], [-48.32750563, -24.60717859], [-48.32755735, -24.60706889], [-48.32759435, -24.60700031], [-48.32762876, -24.60691575], [-48.32769777, -24.6067786], [-48.32776455, -24.60668254], [-48.32785124, -24.60657957], [-48.32791298, -24.60647667], [-48.32798897, -24.60625504], [-48.32806275, -24.60608134], [-48.32812161, -24.60591453], [-48.32817051, -24.60575232], [-48.32822724, -24.60564486], [-48.32830862, -24.60548939], [-48.32838279, -24.60537732], [-48.32845188, -24.60524927], [-48.32851618, -24.60515548], [-48.3285606, -24.60507545], [-48.32859998, -24.6049863], [-48.32862037, -24.60492105], [-48.32868434, -24.60477227], [-48.32882138, -24.60463225], [-48.33277413, -24.60562658], [-48.33287226, -24.60565126], [-48.33288944, -24.60560326], [-48.33288848, -24.60544571], [-48.3328876, -24.60530187], [-48.33286927, -24.60516264], [-48.33286843, -24.60502336], [-48.33285777, -24.60491379], [-48.3328548, -24.60483616], [-48.33285164, -24.60472657], [-48.33285103, -24.60462838], [-48.33284011, -24.60447543], [-48.33283964, -24.6043978], [-48.33283427, -24.60433616], [-48.33281879, -24.604254], [-48.33281806, -24.60413527], [-48.33281736, -24.60401881], [-48.33281673, -24.60391606], [-48.33281631, -24.60384756], [-48.33282089, -24.60377904], [-48.33283514, -24.60366025], [-48.33285945, -24.60355285], [-48.33291375, -24.60344991], [-48.33294314, -24.6033562], [-48.33298761, -24.60327841], [-48.33302691, -24.60317324], [-48.33306899, -24.60311145], [-48.33312069, -24.60299254], [-48.33317257, -24.60290103], [-48.33323449, -24.60281861], [-48.33329137, -24.60272937], [-48.33335847, -24.60267662], [-48.33345286, -24.60259639], [-48.33355956, -24.60248643], [-48.33364404, -24.60241764], [-48.33377578, -24.602319], [-48.33386735, -24.60218396], [-48.33393173, -24.60209468], [-48.33399604, -24.60199398], [-48.33405498, -24.60183164], [-48.3341341, -24.60170119], [-48.33421333, -24.60158902], [-48.33425771, -24.60149523], [-48.33433412, -24.60133054], [-48.33437846, -24.60122989], [-48.33440787, -24.60113844], [-48.33447201, -24.60100803], [-48.33454096, -24.60084792], [-48.33462778, -24.6007517], [-48.33472716, -24.60066686], [-48.33480381, -24.60054097], [-48.33485307, -24.6004266], [-48.33490007, -24.60035335], [-48.33495202, -24.60027095], [-48.33500381, -24.60016341], [-48.33502327, -24.60007655], [-48.33506722, -24.59991194], [-48.33510158, -24.59981132], [-48.33514573, -24.59967868], [-48.3352122, -24.59952084], [-48.33523644, -24.59939969], [-48.33523822, -24.5992809], [-48.3352476, -24.59918036], [-48.33529906, -24.599018], [-48.33530354, -24.59893346], [-48.33531807, -24.59885803], [-48.33534009, -24.59878257], [-48.33536955, -24.59869795], [-48.3353696, -24.59869783], [-48.33540894, -24.59860415], [-48.33544599, -24.59853549], [-48.33548802, -24.59846452], [-48.3355154, -24.59842739], [-48.33552518, -24.59841414], [-48.33553777, -24.59839448], [-48.33555609, -24.59836588], [-48.33556477, -24.59835232], [-48.33566342, -24.59826292], [-48.33590238, -24.59808013], [-48.33603364, -24.59797972], [-48.33610295, -24.59801764], [-48.33619581, -24.598068], [-48.33627111, -24.5981115], [-48.33635394, -24.59815498], [-48.33644176, -24.59818697], [-48.3365772, -24.59820969], [-48.33667753, -24.59822787], [-48.33673521, -24.59823466], [-48.33682298, -24.59824138], [-48.33694836, -24.59824574], [-48.33703112, -24.59825477], [-48.33712394, -24.59827987], [-48.33721926, -24.59829806], [-48.33735979, -24.59835752], [-48.33743254, -24.59837805], [-48.33751033, -24.59840547], [-48.33760818, -24.59843974], [-48.33766842, -24.59847178], [-48.33774623, -24.59851757], [-48.33782403, -24.59855188], [-48.33787675, -24.59858623], [-48.33796455, -24.59860215], [-48.3380404, -24.598602], [-48.33804066, -24.59765874], [-48.33797036, -24.59767879], [-48.33785759, -24.59771805], [-48.33778239, -24.59772968], [-48.33768963, -24.59773904], [-48.33761687, -24.5977185], [-48.33752906, -24.59769111], [-48.33745879, -24.59766138], [-48.33739603, -24.59761786], [-48.33734579, -24.59757431], [-48.3373257, -24.59755597], [-48.33725041, -24.59751936], [-48.33718768, -24.59749422], [-48.33711991, -24.59745989], [-48.33698445, -24.59743258], [-48.33690919, -24.59741205], [-48.33683392, -24.59738463], [-48.33674358, -24.59735035], [-48.33654034, -24.59727494], [-48.33641736, -24.59721315], [-48.33630941, -24.59713985], [-48.33619392, -24.59706198], [-48.33603579, -24.5969704], [-48.33592277, -24.59687185], [-48.33583238, -24.59680541], [-48.33575696, -24.59669989], [-48.33570663, -24.59660352], [-48.33563124, -24.59651408], [-48.33557846, -24.59644987], [-48.33547796, -24.59633521], [-48.33539744, -24.59618836], [-48.33534461, -24.59609658], [-48.33529178, -24.5960025], [-48.33524131, -24.59583262], [-48.33520347, -24.59570866], [-48.33514305, -24.59558014], [-48.33507511, -24.59545163], [-48.33506239, -24.59535977], [-48.33496184, -24.59522214], [-48.33472841, -24.59455666], [-48.33466157, -24.59434393], [-48.33461189, -24.5942478], [-48.3345823, -24.59411288], [-48.33453271, -24.59398476], [-48.3344806, -24.59386577], [-48.33442335, -24.59379932], [-48.33437359, -24.5937329], [-48.33432395, -24.59362306], [-48.33426184, -24.59350632], [-48.33421209, -24.59343533], [-48.3341399, -24.59335513], [-48.33407026, -24.59325209], [-48.33396321, -24.5931375], [-48.3338761, -24.59303212], [-48.33378153, -24.59291529], [-48.33371438, -24.59281911], [-48.3336522, -24.5927298], [-48.33362247, -24.59264744], [-48.33354534, -24.59254666], [-48.33346566, -24.59246416], [-48.3333737, -24.59230849], [-48.33332154, -24.59221007], [-48.33328928, -24.59213914], [-48.33324711, -24.59203847], [-48.33318499, -24.59192631], [-48.33315032, -24.59182338], [-48.33311063, -24.59172957], [-48.33309095, -24.59162211], [-48.33306123, -24.5915329], [-48.33300914, -24.59140935], [-48.33292718, -24.59125143], [-48.33286253, -24.59115298], [-48.33285285, -24.59104555], [-48.33282067, -24.59094262], [-48.33280101, -24.5908306], [-48.3327638, -24.59074137], [-48.33274657, -24.59064991], [-48.33272429, -24.59058129], [-48.33270462, -24.59047155], [-48.33269496, -24.59035269], [-48.33268518, -24.59027954], [-48.3326855, -24.590163], [-48.3326783, -24.59005558], [-48.33265364, -24.58994582], [-48.3326139, -24.5898703], [-48.33259175, -24.58975141], [-48.33257943, -24.58969424], [-48.33255961, -24.58963705], [-48.33254979, -24.58957761], [-48.33253248, -24.58951586], [-48.33252262, -24.58947013], [-48.33251775, -24.58942441], [-48.33251289, -24.58937641], [-48.33251804, -24.58932158], [-48.33252067, -24.58927361], [-48.3325208, -24.58922562], [-48.33250352, -24.58915473], [-48.33248619, -24.58910212], [-48.33245638, -24.58904719], [-48.33238421, -24.58896015], [-48.33228954, -24.58888675], [-48.33217479, -24.58884985], [-48.33207744, -24.58884272], [-48.33200257, -24.58883108], [-48.33193034, -24.58876917], [-48.33185295, -24.58876666], [-48.33175563, -24.58875267], [-48.33165832, -24.58872954], [-48.33155603, -24.5887064], [-48.33145872, -24.58868555], [-48.33136146, -24.58864871], [-48.33130409, -24.58863026], [-48.3312193, -24.58859574], [-48.33114947, -24.58857041], [-48.3310771, -24.58855878], [-48.33101972, -24.58854718], [-48.33096735, -24.58852647], [-48.33089002, -24.58850568], [-48.33078275, -24.58848024], [-48.33069542, -24.58846171], [-48.33062806, -24.5884478], [-48.33053074, -24.58843381], [-48.3304434, -24.58842442], [-48.33037103, -24.58841507], [-48.33028368, -24.58840568], [-48.3302238, -24.58839409], [-48.33013896, -24.5883847], [-48.33006908, -24.58837993], [-48.32999171, -24.58837514], [-48.3299418, -24.58837043], [-48.32984188, -24.58839527], [-48.32974946, -24.58841785], [-48.32963957, -24.5884381], [-48.32953718, -24.58845609], [-48.32943729, -24.58847408], [-48.32935486, -24.5884944], [-48.3291651, -24.5885167], [-48.32896286, -24.58853897], [-48.32885798, -24.58855923], [-48.32875807, -24.58858179], [-48.32861325, -24.58860421], [-48.3284934, -24.58862215], [-48.32843346, -24.58863568], [-48.32838599, -24.58865382], [-48.32835346, -24.58868114], [-48.32831342, -24.58872215], [-48.32825088, -24.58877223], [-48.32821584, -24.58881097], [-48.32816819, -24.5888908], [-48.3281381, -24.58894326], [-48.32811042, -24.58902543], [-48.32808532, -24.58907562], [-48.32806023, -24.58912581], [-48.32799576, -24.58917261], [-48.32787885, -24.58922184], [-48.32764446, -24.58934517], [-48.32763936, -24.58913104], [-48.32758712, -24.58897809], [-48.32752697, -24.58882268], [-48.32746997, -24.58868086], [-48.32740553, -24.58851846], [-48.3273459, -24.58842233], [-48.32727622, -24.58834902], [-48.32722889, -24.5883169], [-48.32703218, -24.58815869], [-48.32684034, -24.58804163], [-48.32670079, -24.5879704], [-48.32655121, -24.58791514], [-48.32640665, -24.58785304], [-48.32625969, -24.58775209], [-48.32609273, -24.58767166], [-48.3259807, -24.58757538], [-48.32587364, -24.58749055], [-48.32576666, -24.58737373], [-48.32565726, -24.58723178], [-48.32557768, -24.58713331], [-48.32547814, -24.5870348], [-48.32543353, -24.58692501], [-48.32542138, -24.58680618], [-48.32541184, -24.58664853], [-48.32539474, -24.58651369], [-48.32538782, -24.58631035], [-48.32537805, -24.58623265], [-48.32537574, -24.58616639], [-48.32537598, -24.58607729], [-48.3253488, -24.58598126], [-48.32531916, -24.58587152], [-48.32523953, -24.58579134], [-48.32511498, -24.58571789], [-48.32503527, -24.58566741], [-48.32493563, -24.58560773], [-48.32485352, -24.58552526], [-48.32479877, -24.58547485], [-48.32472657, -24.58541982], [-48.3246095, -24.5853441], [-48.32454487, -24.5852594], [-48.32451513, -24.58518621], [-48.32450289, -24.58510165], [-48.32450578, -24.58495774], [-48.32450607, -24.58485037], [-48.32452139, -24.58472476], [-48.32455664, -24.58460835], [-48.32460194, -24.58446683], [-48.3246521, -24.58437102], [-48.32471483, -24.58424554], [-48.32475258, -24.58412685], [-48.32480278, -24.58401961], [-48.32484296, -24.58392606], [-48.32487307, -24.58386445], [-48.32489064, -24.58382566], [-48.3249107, -24.58378916], [-48.32502587, -24.58322678], [-48.32508585, -24.58305955], [-48.32509086, -24.58289288], [-48.32509389, -24.58276047], [-48.32510104, -24.58256865], [-48.32507905, -24.5824342], [-48.32508448, -24.5822949], [-48.32507218, -24.5821398], [-48.32505489, -24.58198475], [-48.32503837, -24.58188219], [-48.32503374, -24.58173841], [-48.32499676, -24.5816041], [-48.32497295, -24.5815153], [-48.32492666, -24.58142673], [-48.32483138, -24.58123592], [-48.3247922, -24.58112216], [-48.32474797, -24.58100388], [-48.32470383, -24.58089245], [-48.32464707, -24.58077201], [-48.32461805, -24.58066956], [-48.32458877, -24.58054883], [-48.32457711, -24.58043707], [-48.3245747, -24.58027497], [-48.32459176, -24.58007841], [-48.32460524, -24.57980882], [-48.32458544, -24.57965373], [-48.32455865, -24.57953297], [-48.32450038, -24.57931203], [-48.32442732, -24.57910493], [-48.32436686, -24.57890455], [-48.32431416, -24.57872236], [-48.32423404, -24.57854501], [-48.3241814, -24.57836737], [-48.32410929, -24.57822419], [-48.32406189, -24.57806248], [-48.32403273, -24.57795084], [-48.32402031, -24.57778878], [-48.32401735, -24.57759007], [-48.3240443, -24.57738649], [-48.32411391, -24.57719389], [-48.32417732, -24.57708817], [-48.32417979, -24.57708586], [-48.32428686, -24.57689061], [-48.32438143, -24.57669548], [-48.32446922, -24.57654839], [-48.32457444, -24.57639655], [-48.32464953, -24.57623587], [-48.32478707, -24.57607229], [-48.32490165, -24.57587694], [-48.32500417, -24.57571141], [-48.32509744, -24.57559624], [-48.32518061, -24.57547431], [-48.32528259, -24.57527222], [-48.3254012, -24.57517965], [-48.32551717, -24.57507796], [-48.3256429, -24.57496018], [-48.32581216, -24.57474371], [-48.32593526, -24.57461681], [-48.32606329, -24.57448529], [-48.32618325, -24.574315], [-48.32628065, -24.57414036], [-48.32631584, -24.57398461], [-48.32640632, -24.57384888], [-48.32647187, -24.57371796], [-48.32651109, -24.57349588], [-48.32656644, -24.57335135], [-48.32661951, -24.57322055], [-48.32665724, -24.57306704], [-48.32669524, -24.57293181], [-48.32680096, -24.57281192], [-48.32687938, -24.57270601], [-48.3269699, -24.57257254], [-48.32705593, -24.57247341], [-48.32710214, -24.5723861], [-48.32717337, -24.57230083], [-48.32724464, -24.57221784], [-48.32731804, -24.57210969], [-48.32746142, -24.57200085], [-48.32752289, -24.57193167], [-48.32757839, -24.57179626], [-48.32763163, -24.57167686], [-48.32767241, -24.57155988], [-48.32771129, -24.57148406], [-48.3277361, -24.57130092], [-48.32775402, -24.571159], [-48.32778203, -24.57102384], [-48.32778741, -24.57087975], [-48.3277853, -24.57073573], [-48.32778413, -24.57065572], [-48.32778512, -24.57055282], [-48.32778321, -24.57042251], [-48.327779, -24.57030594], [-48.32772139, -24.57012814], [-48.32765416, -24.56997559], [-48.32759006, -24.56986645], [-48.32752373, -24.56977562], [-48.32746533, -24.56971444], [-48.32735486, -24.56952114], [-48.32727248, -24.56942935], [-48.32719014, -24.56932608], [-48.32706271, -24.56922277], [-48.32695779, -24.56913095], [-48.32687543, -24.56903686], [-48.32680058, -24.56894279], [-48.32673581, -24.56883497], [-48.3266335, -24.56871566], [-48.32655118, -24.56861012], [-48.32649642, -24.56850691], [-48.32644176, -24.56837391], [-48.32636451, -24.56825234], [-48.32630479, -24.56813538], [-48.32626523, -24.56798407], [-48.32622802, -24.56787632], [-48.32617329, -24.56776854], [-48.32612354, -24.56766535], [-48.32605386, -24.56753465], [-48.3260141, -24.56744065], [-48.32594429, -24.56734662], [-48.32584942, -24.56725943], [-48.32579703, -24.5671975], [-48.32573228, -24.56709203], [-48.32560993, -24.56698419], [-48.325545, -24.56693142], [-48.32547261, -24.5668626], [-48.32539525, -24.56678232], [-48.32530043, -24.56668369], [-48.32523563, -24.56659197], [-48.32519832, -24.56652091], [-48.32518111, -24.56642925], [-48.32515634, -24.56635132], [-48.32515664, -24.56626656], [-48.32516707, -24.56614973], [-48.32519742, -24.566065], [-48.32523019, -24.56600547], [-48.32525801, -24.56592761], [-48.32527322, -24.56587494], [-48.32531613, -24.56577877], [-48.32538158, -24.56568034], [-48.32543943, -24.56560939], [-48.32550989, -24.56551096], [-48.32553506, -24.56547434], [-48.32556776, -24.56543085], [-48.32564551, -24.56539428], [-48.3256596, -24.56539108], [-48.32538783, -24.56526678], [-48.32500195, -24.56515616], [-48.32461176, -24.56504555], [-48.32436031, -24.56481072], [-48.32372297, -24.56435914], [-48.32352786, -24.56417398], [-48.32308557, -24.56355753], [-48.32272573, -24.56344917], [-48.32247427, -24.56322112], [-48.32197568, -24.56299309], [-48.32158551, -24.56288248], [-48.32108691, -24.56254379], [-48.32058833, -24.56231802], [-48.32031085, -24.56208997], [-48.31981225, -24.56174451], [-48.31931367, -24.56152325], [-48.31881074, -24.56129748], [-48.31842489, -24.56106492], [-48.31806501, -24.56084365], [-48.31767481, -24.56061335], [-48.31728459, -24.56015949], [-48.31717617, -24.55981173], [-48.31689866, -24.55935334], [-48.31653878, -24.55889948], [-48.3161486, -24.5587866], [-48.31565001, -24.55856083], [-48.31515142, -24.55833506], [-48.31476124, -24.55811153], [-48.31450975, -24.55788122], [-48.31426263, -24.55765316], [-48.31401112, -24.55730768], [-48.31373361, -24.55684929], [-48.31348649, -24.55662575], [-48.3131223, -24.55639319], [-48.31287515, -24.55616965], [-48.31273636, -24.55570899], [-48.31248489, -24.55548093], [-48.31223774, -24.55513771], [-48.31209897, -24.55479447], [-48.3118475, -24.55445351], [-48.31156999, -24.55399511], [-48.31145721, -24.55364736], [-48.31131845, -24.55330412], [-48.31093254, -24.55261992], [-48.31057268, -24.55239187], [-48.31004376, -24.55216385], [-48.30968392, -24.55216614], [-48.30929374, -24.5521707], [-48.30893393, -24.55228816], [-48.30854376, -24.55229497], [-48.30818394, -24.55229953], [-48.30768536, -24.55218892], [-48.30718678, -24.55196089], [-48.30665784, -24.55162447], [-48.30629799, -24.55139642], [-48.3060205, -24.55116611], [-48.30566066, -24.55105324], [-48.30516205, -24.55071004], [-48.30491058, -24.5504865], [-48.30463312, -24.55037136], [-48.30413454, -24.55014559], [-48.30352323, -24.54991982], [-48.30302468, -24.54992439], [-48.30252612, -24.54993347], [-48.30199719, -24.5497077], [-48.30199716, -24.54935768], [-48.30224856, -24.54912731], [-48.30249566, -24.54889469], [-48.30288577, -24.54854237], [-48.30324557, -24.54819908], [-48.30324553, -24.54785132], [-48.30299403, -24.5472755], [-48.30260814, -24.54693228], [-48.30197082, -24.54671104], [-48.30135952, -24.54648528], [-48.30096934, -24.54648758], [-48.3005835, -24.54637922], [-48.30021933, -24.5462686], [-48.29972072, -24.54581023], [-48.29944317, -24.54523893], [-48.29930437, -24.54465632], [-48.29919597, -24.5443176], [-48.29880573, -24.54386374], [-48.29841553, -24.54363118], [-48.29805567, -24.54329022], [-48.29766977, -24.54294701], [-48.29727954, -24.54249089], [-48.29702808, -24.54226283], [-48.29678095, -24.54203478], [-48.29652944, -24.54169155], [-48.29614359, -24.54146577], [-48.29577941, -24.54135515], [-48.29528082, -24.54101421], [-48.29475622, -24.54066875], [-48.29439204, -24.54067556], [-48.29375472, -24.54022172], [-48.29336883, -24.53999368], [-48.29300467, -24.5398808], [-48.29261878, -24.53953985], [-48.29198144, -24.53908375], [-48.29161725, -24.53886023], [-48.2912314, -24.53874735], [-48.29073282, -24.53852158], [-48.29034264, -24.53841322], [-48.28998276, -24.53818518], [-48.28959257, -24.53795939], [-48.28934544, -24.53772908], [-48.28909398, -24.53761394], [-48.2888425, -24.53738814], [-48.28834393, -24.53716237], [-48.28795808, -24.53716692], [-48.2877066, -24.53693435], [-48.28695659, -24.53671312], [-48.2866791, -24.53660023], [-48.28631927, -24.53648962], [-48.28568198, -24.53637903], [-48.28532213, -24.53626841], [-48.28556918, -24.53580545], [-48.28529167, -24.53534932], [-48.2849318, -24.5350061], [-48.28479302, -24.53465609], [-48.28440281, -24.53431739], [-48.28415567, -24.53408934], [-48.28376545, -24.53374613], [-48.28326688, -24.53351809], [-48.2830154, -24.5332923], [-48.28276825, -24.53294907], [-48.28251677, -24.5326081], [-48.28226961, -24.53226262], [-48.28201817, -24.53215199], [-48.28162793, -24.53180878], [-48.2813808, -24.53158298], [-48.28112931, -24.53135041], [-48.28063076, -24.53124206], [-48.28035326, -24.53089658], [-48.27999337, -24.53044046], [-48.27946441, -24.52998435], [-48.27910458, -24.52987147], [-48.2788531, -24.52964793], [-48.27860595, -24.52930245], [-48.27821577, -24.52919183], [-48.27796862, -24.52896378], [-48.2775784, -24.52862056], [-48.27743964, -24.52827733], [-48.27732685, -24.52758858], [-48.27769094, -24.52723852], [-48.27818947, -24.52688844], [-48.27843655, -24.5266513], [-48.2789394, -24.52630348], [-48.27918645, -24.52572986], [-48.27943785, -24.52549272], [-48.27979764, -24.52514492], [-48.28029617, -24.52491227], [-48.28090747, -24.52501609], [-48.28118492, -24.52512672], [-48.28154475, -24.52512668], [-48.28193495, -24.52512664], [-48.28229476, -24.52500466], [-48.28229472, -24.52465915], [-48.28229468, -24.5243159], [-48.28215588, -24.5237378], [-48.2819044, -24.52350975], [-48.2814058, -24.52317106], [-48.28101992, -24.52282559], [-48.28076845, -24.52271496], [-48.28037826, -24.52260209], [-48.27987969, -24.52237632], [-48.27951984, -24.52226796], [-48.27912964, -24.52192475], [-48.2784923, -24.52158381], [-48.27799374, -24.52147547], [-48.27774228, -24.52136032], [-48.27738241, -24.52113228], [-48.27699657, -24.52113684], [-48.27635493, -24.52091334], [-48.27599508, -24.52080046], [-48.27560926, -24.52080276], [-48.27499796, -24.52069216], [-48.27436069, -24.52070126], [-48.27385778, -24.52070809], [-48.27347193, -24.52070813], [-48.27311212, -24.52082785], [-48.27272197, -24.52094758], [-48.27236215, -24.52094987], [-48.27197198, -24.52095217], [-48.27161214, -24.52095898], [-48.27111358, -24.52084838], [-48.27036357, -24.52085523], [-48.26958754, -24.52074691], [-48.26922772, -24.52074695], [-48.26883753, -24.52075377], [-48.26808751, -24.52064544], [-48.26772768, -24.52053257], [-48.26722912, -24.52053714], [-48.26745018, -24.52007418], [-48.26770154, -24.5194983], [-48.26794859, -24.51891565], [-48.26806124, -24.51845722], [-48.2681999, -24.51788135], [-48.26830825, -24.51742066], [-48.26816947, -24.51707065], [-48.26816943, -24.51672514], [-48.26792224, -24.51615157], [-48.26767075, -24.51569317], [-48.26753198, -24.51535219], [-48.26739319, -24.51500444], [-48.26728476, -24.51454377], [-48.26700721, -24.51385729], [-48.26689445, -24.51339663], [-48.26675562, -24.51270787], [-48.26675559, -24.51235785], [-48.26675554, -24.51190168], [-48.26697658, -24.51143872], [-48.26722797, -24.51108867], [-48.26747505, -24.51062797], [-48.2679779, -24.5103908], [-48.26833768, -24.51004299], [-48.26883622, -24.50980357], [-48.26922636, -24.50957319], [-48.26958617, -24.50945572], [-48.27008469, -24.50921856], [-48.27058325, -24.50921399], [-48.27083466, -24.50897911], [-48.27122049, -24.50874647], [-48.27131868, -24.50856652], [-48.27130051, -24.50855926], [-48.2714194, -24.50838195], [-48.27147188, -24.50828576], [-48.27148734, -24.50828062], [-48.27192827, -24.50762301], [-48.2721711, -24.50735975], [-48.27236985, -24.50717428], [-48.27245714, -24.50704987], [-48.27248452, -24.50692513], [-48.27257212, -24.50675396], [-48.27267722, -24.5065752], [-48.27267094, -24.50642633], [-48.27255947, -24.50623501], [-48.27251244, -24.50613285], [-48.2723694, -24.50591638], [-48.27224927, -24.50577912], [-48.27215521, -24.50557479], [-48.27203456, -24.50540693], [-48.27202615, -24.50522666], [-48.272017, -24.50508015], [-48.2720438, -24.50497932], [-48.27210897, -24.50481165], [-48.27216159, -24.504655], [-48.27216572, -24.5044637], [-48.27222967, -24.50435229], [-48.27233151, -24.50419653], [-48.27247027, -24.50404144], [-48.27249731, -24.50392936], [-48.27242688, -24.50377048], [-48.27227057, -24.5035988], [-48.2720894, -24.50343792], [-48.27182259, -24.50325298], [-48.27161633, -24.50311417], [-48.27144577, -24.50303229], [-48.27125085, -24.5029387], [-48.27113048, -24.5028127], [-48.27109624, -24.50268825], [-48.27111243, -24.50250843], [-48.27115275, -24.50235156], [-48.27127919, -24.50219624], [-48.27148262, -24.50189598], [-48.27163693, -24.5016109], [-48.27164106, -24.50141961], [-48.2716324, -24.50125059], [-48.2716235, -24.50109283], [-48.27165321, -24.50085697], [-48.27174347, -24.50066723], [-48.27184482, -24.50053398], [-48.27189623, -24.5004336], [-48.27204777, -24.50025622], [-48.27214912, -24.50012297], [-48.27232429, -24.49999105], [-48.27247388, -24.4999037], [-48.27264833, -24.49980554], [-48.27278562, -24.49971796], [-48.27298443, -24.4996315], [-48.27315911, -24.49952208], [-48.27335719, -24.49946938], [-48.27347011, -24.4993701], [-48.27353431, -24.49924744], [-48.27361274, -24.49903497], [-48.27366536, -24.49887832], [-48.27371846, -24.49869916], [-48.27373586, -24.49846308], [-48.27371393, -24.49833885], [-48.27365945, -24.49801141], [-48.27362545, -24.49787571], [-48.27360473, -24.49769522], [-48.2735951, -24.49757122], [-48.27360959, -24.49747017], [-48.2736605, -24.49739229], [-48.27368754, -24.49728021], [-48.27375076, -24.49720255], [-48.27382822, -24.49703509], [-48.27390423, -24.49693515], [-48.27404127, -24.49685882], [-48.2742162, -24.49673816], [-48.27426808, -24.49661526], [-48.27429657, -24.49643567], [-48.27429949, -24.49630063], [-48.27425197, -24.49622097], [-48.27419191, -24.49615235], [-48.27408263, -24.49608283], [-48.27379328, -24.49592223], [-48.27337884, -24.49573463], [-48.27307392, -24.49560529], [-48.27253814, -24.49533669], [-48.27234347, -24.49523186], [-48.27213722, -24.49509305], [-48.27192037, -24.49487524], [-48.2718017, -24.49467047], [-48.27170837, -24.49443238], [-48.27165293, -24.49414995], [-48.27162185, -24.49387922], [-48.27161732, -24.49351891], [-48.27164849, -24.49321553], [-48.27170256, -24.49299136], [-48.27183046, -24.49276853], [-48.27196871, -24.49263595], [-48.27218175, -24.49245968], [-48.27253378, -24.49211707], [-48.27268482, -24.4919622], [-48.27293526, -24.4917641], [-48.27314684, -24.49165535], [-48.2733343, -24.49152365], [-48.2736822, -24.49137234], [-48.27380693, -24.49129579], [-48.27398136, -24.49119763], [-48.27413167, -24.49107651], [-48.27438259, -24.4908559], [-48.2745949, -24.49071339], [-48.2746586, -24.49061323], [-48.27468563, -24.49050115], [-48.27467551, -24.49039965], [-48.27461594, -24.49030852], [-48.27444636, -24.49018163], [-48.27432552, -24.49007813], [-48.27409599, -24.4899174], [-48.27380557, -24.48968701], [-48.27366254, -24.48947054], [-48.27361891, -24.48921084], [-48.27361074, -24.48901932], [-48.27365129, -24.4888512], [-48.2737285, -24.48869499], [-48.27397942, -24.48847438], [-48.27425712, -24.48815294], [-48.27453652, -24.48775273], [-48.2747281, -24.48742973], [-48.27532169, -24.48615713], [-48.27542351, -24.48600137], [-48.27560278, -24.48567814], [-48.27569205, -24.48553341], [-48.27570606, -24.48545487], [-48.27572054, -24.48535381], [-48.27572442, -24.48517377], [-48.27571818, -24.48489222], [-48.27573315, -24.48476867], [-48.27584654, -24.48464688], [-48.27690251, -24.48361902], [-48.27710963, -24.48337872], [-48.27733471, -24.48321392], [-48.27747197, -24.48312634], [-48.2777699, -24.48300788], [-48.27794529, -24.4828647], [-48.27808279, -24.48276587], [-48.278236, -24.48250971], [-48.27826448, -24.48233011], [-48.27824375, -24.48214963], [-48.27816272, -24.48191176], [-48.27774576, -24.48069973], [-48.27770066, -24.48050754], [-48.27770236, -24.48042877], [-48.27780272, -24.48034052], [-48.27797713, -24.48024236], [-48.27823741, -24.48015699], [-48.2786955, -24.48003016], [-48.27896712, -24.47999003], [-48.27949902, -24.47986453], [-48.27972289, -24.47975599], [-48.27998583, -24.47954684], [-48.28011418, -24.47930149], [-48.28020272, -24.47919052], [-48.28032889, -24.47904645], [-48.28038366, -24.47878852], [-48.28034279, -24.47867555], [-48.28030854, -24.4785511], [-48.28022969, -24.47821196], [-48.28029507, -24.47803303], [-48.28049481, -24.47790154], [-48.28079393, -24.47772681], [-48.28114299, -24.47751921], [-48.28150458, -24.47730058], [-48.2817048, -24.47714658], [-48.28183217, -24.47694625], [-48.28184714, -24.47682268], [-48.28180398, -24.47654048], [-48.28172536, -24.47619009], [-48.28176759, -24.47594319], [-48.28186939, -24.47578742], [-48.28234121, -24.47559329], [-48.28309719, -24.47534797], [-48.28435874, -24.47505546], [-48.28477942, -24.47495046], [-48.28503873, -24.47491009], [-48.28533518, -24.47485914], [-48.28559545, -24.47477376], [-48.28570882, -24.47465197], [-48.2857865, -24.47447325], [-48.28577951, -24.47422546], [-48.2857127, -24.4738978], [-48.28561936, -24.47365972], [-48.28536152, -24.47305845], [-48.28526745, -24.47285413], [-48.2852115, -24.47259421], [-48.28525575, -24.47225962], [-48.28531075, -24.47199044], [-48.28573676, -24.47048963], [-48.2858687, -24.47007548], [-48.28592684, -24.46966001], [-48.2859324, -24.46940119], [-48.28586293, -24.46919731], [-48.28565671, -24.46905852], [-48.28542443, -24.4689868], [-48.28505491, -24.46900267], [-48.28473556, -24.46897441], [-48.28450401, -24.46886894], [-48.28415356, -24.46856995], [-48.28383832, -24.46835039], [-48.28351101, -24.46811936], [-48.28312439, -24.46778594], [-48.28293859, -24.46748305], [-48.28279774, -24.46716531], [-48.28264773, -24.46670107], [-48.28253222, -24.46635001], [-48.2822949, -24.46594048], [-48.28197099, -24.46555191], [-48.2815974, -24.46518495], [-48.28129447, -24.46496561], [-48.28098888, -24.46487005], [-48.28071851, -24.46485393], [-48.28049685, -24.4648612], [-48.2800779, -24.46488742], [-48.27964689, -24.46490217], [-48.27945008, -24.46489863], [-48.27892308, -24.46479908], [-48.27858059, -24.46470285], [-48.2781889, -24.46460574], [-48.27783315, -24.4645543], [-48.2773047, -24.46452226], [-48.27686332, -24.46444676], [-48.27643425, -24.46437148], [-48.2762401, -24.46424415], [-48.27587544, -24.46403494], [-48.27552527, -24.46372468], [-48.27530262, -24.46351466], [-48.27515937, -24.46330945], [-48.27501589, -24.46311549], [-48.27488591, -24.46286549], [-48.27482732, -24.46272934], [-48.2747463, -24.46249148], [-48.27466626, -24.46220861], [-48.27463614, -24.46189286], [-48.27460651, -24.46155461], [-48.27455228, -24.46121592], [-48.27450647, -24.46105749], [-48.27442642, -24.46077462], [-48.27433432, -24.46048027], [-48.27417895, -24.46017739], [-48.27375019, -24.45951674], [-48.27364361, -24.45932344], [-48.27354957, -24.45911912], [-48.27343384, -24.45877931], [-48.27332847, -24.45852975], [-48.27316094, -24.45773873], [-48.27307757, -24.45703927], [-48.27304122, -24.45644199], [-48.27307309, -24.45610485], [-48.27312835, -24.45582442], [-48.27320676, -24.45561195], [-48.27332291, -24.45535634], [-48.27350844, -24.45474054], [-48.27356636, -24.45433633], [-48.27358351, -24.45411149], [-48.27355291, -24.45381826], [-48.27347238, -24.45355789], [-48.27338005, -24.45327479], [-48.27307529, -24.45257135], [-48.2729352, -24.45221985], [-48.27279852, -24.4517108], [-48.27276598, -24.45150759], [-48.27275877, -24.45127106], [-48.27277665, -24.45101246], [-48.27283626, -24.45052948], [-48.27287849, -24.45028259], [-48.27288407, -24.45002377], [-48.27286407, -24.44980952], [-48.2727944, -24.44961689], [-48.27274811, -24.44948097], [-48.27251928, -24.4492517], [-48.27222206, -24.44888955], [-48.27217578, -24.44875363], [-48.2721184, -24.44856122], [-48.27211168, -24.44830218], [-48.2721298, -24.44803234], [-48.27218263, -24.44786443], [-48.27222171, -24.44776382], [-48.27233579, -24.44760828], [-48.2726855, -24.44736694], [-48.27314565, -24.44713884], [-48.2735829, -24.44683153], [-48.27416943, -24.4464481], [-48.27444509, -24.44621667], [-48.27465853, -24.44601789], [-48.27505021, -24.4455409], [-48.27531357, -24.44530924], [-48.27543825, -24.44523269], [-48.27574839, -24.44511445], [-48.27611977, -24.44500857], [-48.27667636, -24.44487226], [-48.27737968, -24.44463301], [-48.27765243, -24.44453661], [-48.27791143, -24.4445075], [-48.27825604, -24.44450245], [-48.27873521, -24.44453359], [-48.27903038, -24.44453891], [-48.27935112, -24.44449965], [-48.2797717, -24.44439465], [-48.28054051, -24.4441158], [-48.28091237, -24.4439874], [-48.28118391, -24.44394726], [-48.28145472, -24.44394087], [-48.28176195, -24.44395766], [-48.28214201, -24.44402078], [-48.28241306, -24.44400314], [-48.28264795, -24.44395107], [-48.28296917, -24.44388931], [-48.28332607, -24.44388446], [-48.28368322, -24.44386837], [-48.28390653, -24.44378232], [-48.28408137, -24.44366163], [-48.28429672, -24.44337282], [-48.28445058, -24.44308289], [-48.28468632, -24.44249367], [-48.28529812, -24.44092864], [-48.28569891, -24.440024], [-48.28593378, -24.43939781], [-48.28594945, -24.43924049], [-48.28594149, -24.43903771], [-48.28585902, -24.43886737], [-48.28575171, -24.43870784], [-48.2856198, -24.43854787], [-48.28541435, -24.43837532], [-48.28512401, -24.43814497], [-48.2849311, -24.43796138], [-48.2847623, -24.43780075], [-48.28464269, -24.437641], [-48.2845501, -24.43736916], [-48.28451849, -24.43702299], [-48.28448932, -24.43666223], [-48.28442011, -24.4364471], [-48.28431305, -24.43627632], [-48.28414545, -24.43605942], [-48.28391517, -24.43589768], [-48.28366005, -24.43574675], [-48.2832219, -24.43552499], [-48.28241603, -24.43524033], [-48.2820372, -24.43512095], [-48.28169576, -24.43497972], [-48.28131839, -24.43479282], [-48.28083275, -24.4344914], [-48.28057811, -24.43431796], [-48.28043441, -24.43413526], [-48.28042452, -24.43402251], [-48.28050048, -24.43392256], [-48.28066228, -24.43383541], [-48.28094755, -24.43372797], [-48.28118266, -24.43366466], [-48.28147998, -24.43356869], [-48.2817773, -24.43347272], [-48.28205002, -24.4333763], [-48.28228633, -24.43325672], [-48.28254917, -24.43304756], [-48.28276306, -24.43282626], [-48.28329238, -24.4323777], [-48.28352893, -24.43224686], [-48.28380237, -24.43211669], [-48.28396296, -24.4320858], [-48.28424677, -24.43204587], [-48.28456579, -24.43208537], [-48.28477413, -24.43212289], [-48.28497065, -24.43213768], [-48.28529208, -24.43206465], [-48.28556528, -24.43194572], [-48.28589176, -24.43163638], [-48.28604416, -24.43141397], [-48.28614856, -24.43113441], [-48.28623464, -24.43056183], [-48.2862913, -24.43021387], [-48.28633373, -24.42995572], [-48.28631323, -24.42976398], [-48.28627899, -24.42963953], [-48.28615915, -24.42949103], [-48.28603762, -24.42942131], [-48.28573211, -24.42932577], [-48.28546253, -24.4292759], [-48.28462848, -24.42915961], [-48.28438422, -24.42907642], [-48.28410355, -24.42897006], [-48.28372691, -24.42874941], [-48.28344252, -24.42858027], [-48.2832274, -24.42848811], [-48.28296406, -24.42839509], [-48.28276422, -24.42833999], [-48.28228371, -24.42825042], [-48.28163536, -24.42811369], [-48.28138005, -24.42802081], [-48.2812056, -24.4279073], [-48.28103225, -24.42774232], [-48.28092382, -24.42754907], [-48.28085622, -24.42732712], [-48.28081399, -24.42704677], [-48.28081873, -24.42682612], [-48.28085592, -24.42659135], [-48.28091787, -24.42632758], [-48.28101778, -24.42616751], [-48.2811508, -24.42596389], [-48.28125717, -24.42587751], [-48.28137947, -24.42579877], [-48.28159048, -24.42570692], [-48.2819194, -24.42560606], [-48.28222634, -24.42549754], [-48.28243612, -24.42539995], [-48.28267495, -24.42523953], [-48.28287279, -24.42505302], [-48.28315585, -24.42476669], [-48.28338381, -24.42446669], [-48.28383465, -24.42393224], [-48.2847073, -24.42354437], [-48.28596732, -24.42318094], [-48.28742037, -24.42300111], [-48.28839414, -24.42286416], [-48.28935355, -24.42273981], [-48.29023598, -24.42262534], [-48.29060619, -24.42264594], [-48.29099764, -24.42283879], [-48.29189389, -24.42292331], [-48.29244982, -24.42292348], [-48.29307301, -24.42277814], [-48.29343699, -24.42275531], [-48.29396275, -24.42266691], [-48.294491, -24.42246118], [-48.2946339, -24.4222779], [-48.29489685, -24.42197939], [-48.29496681, -24.42170677], [-48.29502567, -24.42145352], [-48.29491563, -24.42109944], [-48.29448853, -24.42005942], [-48.29441409, -24.4195397], [-48.29458462, -24.41906348], [-48.294884, -24.41856023], [-48.29496778, -24.41814114], [-48.29487827, -24.41782655], [-48.29480721, -24.41716344], [-48.29480419, -24.41630266], [-48.29477471, -24.4155619], [-48.29488279, -24.4152506], [-48.29507264, -24.41496976], [-48.29528187, -24.41467188], [-48.2957237, -24.41416932], [-48.29617685, -24.41373078], [-48.2966282, -24.41332054], [-48.29703823, -24.41314202], [-48.29740115, -24.41316807], [-48.29800756, -24.41330606], [-48.29833127, -24.41316512], [-48.29884505, -24.41313517], [-48.29926535, -24.4129764], [-48.29951384, -24.41285368], [-48.29985643, -24.41283046], [-48.29999285, -24.41295026], [-48.30037027, -24.41329933], [-48.30085331, -24.41370897], [-48.30132401, -24.41419664], [-48.30158118, -24.41467072], [-48.30187736, -24.41532155], [-48.30223253, -24.41581433], [-48.30257084, -24.41649525], [-48.30282178, -24.41726265], [-48.30326967, -24.41781837], [-48.30368653, -24.41832463], [-48.30392309, -24.41880397], [-48.30434837, -24.41941797], [-48.30461034, -24.41966717], [-48.30504622, -24.41978253], [-48.30558223, -24.41971383], [-48.30618118, -24.41961308], [-48.30682467, -24.41951695], [-48.3080048, -24.41932277], [-48.30876668, -24.41918961], [-48.3092865, -24.41887609], [-48.30957244, -24.41849971], [-48.31060807, -24.41771891], [-48.31094371, -24.41751948], [-48.31123246, -24.41751483], [-48.31166118, -24.41746376], [-48.31204755, -24.41739238], [-48.31238299, -24.41720272], [-48.31286087, -24.41684931], [-48.31330607, -24.41652466], [-48.31388833, -24.41629047], [-48.31432793, -24.41622981], [-48.31455028, -24.41633157], [-48.314948, -24.4165833], [-48.31552936, -24.41689683], [-48.31616746, -24.41705487], [-48.31673086, -24.41717874], [-48.31754297, -24.41715981], [-48.31804441, -24.41706874], [-48.31831488, -24.41707353], [-48.31856666, -24.41697802], [-48.31900451, -24.41669539], [-48.31932333, -24.41638209], [-48.31939198, -24.41608815], [-48.31951794, -24.41579047], [-48.31969118, -24.41536362], [-48.31974001, -24.41519472], [-48.31994937, -24.41470986], [-48.32029871, -24.41423989], [-48.32075706, -24.41358649], [-48.3212409, -24.4129495], [-48.3216715, -24.41230179], [-48.32224226, -24.41159787], [-48.32250121, -24.41148508], [-48.32294534, -24.41120928], [-48.32374458, -24.4108224], [-48.32393962, -24.41069869], [-48.32416527, -24.410644], [-48.32496203, -24.41037443], [-48.32571543, -24.41013344], [-48.32605957, -24.41003185], [-48.3268677, -24.40993803], [-48.3275341, -24.40964459], [-48.3282216, -24.4093388], [-48.32900943, -24.40888853], [-48.32954516, -24.40852919], [-48.33026108, -24.40806079], [-48.33066427, -24.40769337], [-48.33106106, -24.40730045], [-48.33146892, -24.40704102], [-48.33157188, -24.40676352], [-48.33204935, -24.40649263], [-48.33237905, -24.40632069], [-48.33266286, -24.40635109], [-48.33303977, -24.40657357], [-48.3331666, -24.40681068], [-48.33348096, -24.4070384], [-48.3341164, -24.40723266], [-48.33470918, -24.40732291], [-48.33517241, -24.40754146], [-48.33566262, -24.40798539], [-48.33605451, -24.40820268], [-48.33652354, -24.4085229], [-48.33712685, -24.40886725], [-48.33770807, -24.4091314], [-48.3382434, -24.40931494], [-48.33860131, -24.40950952], [-48.33930677, -24.40998651], [-48.33928705, -24.41037683], [-48.3391573, -24.41106085], [-48.33908479, -24.411767], [-48.33924764, -24.41225555], [-48.3398189, -24.41252956], [-48.34039193, -24.41271913], [-48.34078717, -24.41313258], [-48.34125707, -24.41383771], [-48.34141286, -24.41466401], [-48.34180891, -24.41558957], [-48.34252043, -24.41633061], [-48.34361531, -24.41695167], [-48.34461368, -24.41765224], [-48.34511227, -24.41864294], [-48.34537191, -24.41947107], [-48.34594702, -24.42011467], [-48.34714909, -24.42057922], [-48.34851826, -24.42133177], [-48.34972366, -24.42163798], [-48.35061824, -24.42190706], [-48.35161335, -24.42233627], [-48.35260845, -24.42276548], [-48.35357491, -24.4229091], [-48.35439417, -24.42290871], [-48.35517646, -24.42294689], [-48.3559518, -24.42299718], [-48.35671325, -24.42307173], [-48.35721657, -24.42300704], [-48.35775284, -24.42296743], [-48.35831594, -24.42302366], [-48.35882558, -24.42321716], [-48.35898094, -24.4234379], [-48.35900144, -24.42347598], [-48.36035835, -24.42310102], [-48.36116322, -24.42297515], [-48.36131268, -24.42294906], [-48.36129772, -24.42317427], [-48.36112745, -24.4238494], [-48.36076382, -24.42462186], [-48.36036305, -24.42506659], [-48.3599279, -24.42538941], [-48.35954713, -24.42555609], [-48.35908653, -24.42569201], [-48.35851853, -24.42575472], [-48.3581062, -24.42591957], [-48.35773718, -24.42617292], [-48.35750699, -24.42660244], [-48.35735562, -24.42709071], [-48.35735224, -24.42749424], [-48.35732425, -24.42786887], [-48.35737303, -24.42836905], [-48.35751112, -24.42927103], [-48.35752048, -24.42974951], [-48.35747853, -24.43026766], [-48.3576701, -24.43095212], [-48.3579526, -24.4314209], [-48.35821335, -24.43196098], [-48.35845432, -24.43255341], [-48.35844599, -24.43298221], [-48.35825805, -24.43354899], [-48.35793917, -24.43391885], [-48.357143, -24.43431808], [-48.35642791, -24.43449891], [-48.35578601, -24.43446945], [-48.35510575, -24.43435059], [-48.35458328, -24.43421652], [-48.35398608, -24.43388467], [-48.35343696, -24.43377675], [-48.3529152, -24.43390177], [-48.35254817, -24.43410095], [-48.35250772, -24.43411806], [-48.35193854, -24.43432157], [-48.35075593, -24.43461119], [-48.35012583, -24.43461422], [-48.34960207, -24.4347636], [-48.34934544, -24.43498996], [-48.34892168, -24.43566122], [-48.34856798, -24.43627929], [-48.34834757, -24.43674852], [-48.34829579, -24.43720256], [-48.34821215, -24.43792921], [-48.34825321, -24.43824702], [-48.34851004, -24.43874288], [-48.34855212, -24.4390327], [-48.34844912, -24.43943433], [-48.34800692, -24.43982031], [-48.34775038, -24.43995819], [-48.34745021, -24.44030999], [-48.34737013, -24.44049498], [-48.34731221, -24.44114852], [-48.34722666, -24.44181017], [-48.34719361, -24.44227325], [-48.34716164, -24.44263703], [-48.34718981, -24.44302434], [-48.34732539, -24.44347856], [-48.34753194, -24.44395811], [-48.34801977, -24.44424203], [-48.34883315, -24.44440529], [-48.34946224, -24.44446003], [-48.35019969, -24.44463223], [-48.35051318, -24.4447237], [-48.35117072, -24.4449229], [-48.35164096, -24.44506145], [-48.35189721, -24.44520161], [-48.35210578, -24.44565137], [-48.35216936, -24.44613802], [-48.35219149, -24.44664448], [-48.35224421, -24.44713653], [-48.35218468, -24.44747772], [-48.35210553, -24.44771147], [-48.35184889, -24.44793782], [-48.35135057, -24.44821362], [-48.35085816, -24.44850837], [-48.35069923, -24.44865357], [-48.35061205, -24.44901278], [-48.35051545, -24.44987753], [-48.35037779, -24.45040823], [-48.3502895, -24.4508839], [-48.3503315, -24.45125858], [-48.35044441, -24.45171999], [-48.3504105, -24.45206662], [-48.35033413, -24.45246376], [-48.35033935, -24.45310201], [-48.35036037, -24.453715], [-48.35058064, -24.45430921], [-48.35107609, -24.45487027], [-48.35188914, -24.45540724], [-48.35206836, -24.45565837], [-48.35209172, -24.45593734], [-48.35195086, -24.45670004], [-48.35192969, -24.45712702], [-48.35206091, -24.45798655], [-48.35212243, -24.45855263], [-48.35210931, -24.45883247], [-48.35204153, -24.45949593], [-48.35190638, -24.46044279], [-48.35193269, -24.4607317], [-48.35208829, -24.4609494], [-48.35237805, -24.46113111], [-48.35288475, -24.46135545], [-48.35353444, -24.46159616], [-48.35423141, -24.46189289], [-48.35473406, -24.46221471], [-48.35513613, -24.46252561], [-48.35552155, -24.46272907], [-48.35618118, -24.46290027], [-48.35681725, -24.46297486], [-48.35746627, -24.46292306], [-48.35831571, -24.46266562], [-48.35854545, -24.4627254], [-48.35871495, -24.46286005], [-48.35900159, -24.46321869], [-48.3594557, -24.46376524], [-48.35987836, -24.46421246], [-48.36051375, -24.46496048], [-48.36112379, -24.46542411], [-48.3615011, -24.46585594], [-48.36181917, -24.46635813], [-48.36196764, -24.46680782], [-48.36199492, -24.46714547], [-48.36193539, -24.46749659], [-48.36179787, -24.46791625], [-48.36176813, -24.46806427], [-48.36181719, -24.46831437], [-48.36192954, -24.46840384], [-48.36208634, -24.46843106], [-48.36262381, -24.46850192], [-48.36312556, -24.46877858], [-48.36354537, -24.46914274], [-48.36404907, -24.46945009], [-48.36435468, -24.46960291], [-48.36543637, -24.46991344], [-48.36576869, -24.46998503], [-48.36629924, -24.47007303], [-48.36671741, -24.47011219], [-48.36745225, -24.47007668], [-48.36766133, -24.4700967], [-48.36794727, -24.47019714], [-48.36837915, -24.470332], [-48.36905853, -24.47053656], [-48.36948144, -24.470768], [-48.36992, -24.47114389], [-48.3701495, -24.47147628], [-48.37038482, -24.47191971], [-48.37077708, -24.47223598], [-48.37121183, -24.47247736], [-48.37158456, -24.47258869], [-48.37204028, -24.47255655], [-48.37228492, -24.47252875], [-48.37291624, -24.47245973], [-48.37330192, -24.47243475], [-48.37387111, -24.47236207], [-48.37456052, -24.47240864], [-48.3749609, -24.47248749], [-48.37598951, -24.47264805], [-48.37657027, -24.47285522], [-48.37792789, -24.47350802], [-48.37819603, -24.47366439], [-48.37852228, -24.47392643], [-48.3786169, -24.47400684], [-48.37871541, -24.47415406], [-48.37895747, -24.47481234], [-48.37917705, -24.47523317], [-48.3794855, -24.47555929], [-48.38059548, -24.47632111], [-48.38104195, -24.47672857], [-48.38124295, -24.476986], [-48.381499, -24.47745741], [-48.38168416, -24.47777982], [-48.3819296, -24.47797409], [-48.38252401, -24.47841325], [-48.3833866, -24.47899432], [-48.38382924, -24.47928802], [-48.38426986, -24.47963408], [-48.38461773, -24.48002251], [-48.38507792, -24.48056628], [-48.38529278, -24.48077044], [-48.38559346, -24.4809828], [-48.38594258, -24.48106158], [-48.38640221, -24.48109891], [-48.3872427, -24.48100651], [-48.38798763, -24.4807696], [-48.38867728, -24.48056786], [-48.3891785, -24.48040842], [-48.38945571, -24.48036708], [-48.38986112, -24.48037367], [-48.39016592, -24.48036124], [-48.3904253, -24.48042009], [-48.39060678, -24.48044098], [-48.39106629, -24.48062634], [-48.39136114, -24.48073396], [-48.39162048, -24.48084337], [-48.3920918, -24.48107297], [-48.39307277, -24.48171456], [-48.39355674, -24.48216353], [-48.393676, -24.4822936], [-48.39379817, -24.48247603], [-48.39392811, -24.48281735], [-48.39405303, -24.48328324], [-48.39417208, -24.48367872], [-48.39426841, -24.48411119], [-48.3942573, -24.48445331], [-48.39419498, -24.48468618], [-48.39400638, -24.48492257], [-48.39377439, -24.48515894], [-48.39263348, -24.48591468], [-48.39187259, -24.48636555], [-48.39140587, -24.48652502], [-48.39073209, -24.48658596], [-48.39055442, -24.48671854], [-48.39049706, -24.48690175], [-48.39053835, -24.48707872], [-48.39084491, -24.48735425], [-48.39113378, -24.48755666], [-48.39138222, -24.48773827], [-48.39182182, -24.48819173], [-48.39207996, -24.48858459], [-48.39231127, -24.48922839], [-48.39232481, -24.48928768], [-48.39330414, -24.48944031], [-48.39485118, -24.4896814], [-48.3958185, -24.48983214], [-48.39804136, -24.48972962], [-48.40159063, -24.48956592], [-48.4021688, -24.49031024], [-48.40323202, -24.49167893], [-48.40411221, -24.49247888], [-48.40515339, -24.49303189], [-48.40582436, -24.49342428], [-48.40634756, -24.49373023], [-48.40778945, -24.493755], [-48.40950999, -24.49349916], [-48.41320309, -24.49209986], [-48.41679686, -24.49276597], [-48.42067161, -24.49348406], [-48.4276522, -24.49292319], [-48.42797346, -24.49289737], [-48.42798829, -24.49289616], [-48.4299618, -24.49004856], [-48.43000789, -24.49003779], [-48.43038576, -24.49061283], [-48.43064218, -24.49106848], [-48.43089376, -24.49164139], [-48.43098264, -24.49195631], [-48.4310243, -24.49210392], [-48.43115448, -24.49267476], [-48.43140666, -24.49324768], [-48.43166214, -24.49347766], [-48.43216155, -24.49359446], [-48.4324129, -24.49381536], [-48.43266907, -24.4941627], [-48.4330463, -24.49462041], [-48.43317243, -24.49496552], [-48.43342852, -24.49519551], [-48.43368072, -24.49576843], [-48.4340584, -24.49599145], [-48.43431335, -24.49633879], [-48.43469163, -24.49656182], [-48.43531672, -24.49656343], [-48.43569404, -24.49656082], [-48.43619367, -24.49666859], [-48.43669654, -24.49701108], [-48.43719994, -24.49723625], [-48.43757807, -24.49746831], [-48.43782932, -24.49781556], [-48.43808623, -24.49803653], [-48.43824956, -24.49818603], [-48.43843214, -24.49861894], [-48.43852317, -24.49900218], [-48.43865357, -24.49955122], [-48.43885413, -24.50096384], [-48.43970577, -24.50537668], [-48.44045448, -24.50925609], [-48.44741599, -24.51124231], [-48.44752662, -24.51131908], [-48.44780613, -24.5116938], [-48.44785425, -24.51170284], [-48.4479319, -24.51177959], [-48.44808009, -24.5118343], [-48.44817669, -24.51186994], [-48.44852142, -24.51188284], [-48.44890706, -24.51189725], [-48.44908421, -24.51193818], [-48.44920058, -24.51196505], [-48.44970917, -24.5123263], [-48.45009308, -24.51255658], [-48.45098903, -24.51309398], [-48.45158561, -24.51351028], [-48.45256789, -24.51419577], [-48.45317731, -24.51458409], [-48.45333564, -24.51473534], [-48.45348924, -24.51488208], [-48.4536919, -24.51515154], [-48.45387633, -24.51539675], [-48.45401998, -24.51569826], [-48.45431077, -24.5163086], [-48.45476625, -24.51701285], [-48.45498965, -24.51725195], [-48.45515429, -24.51742819], [-48.45526968, -24.51749742], [-48.45550048, -24.5176359], [-48.45614698, -24.51786628], [-48.45670162, -24.5179973], [-48.45720914, -24.51802902], [-48.45819584, -24.51795708], [-48.45884671, -24.51802043], [-48.45938752, -24.51801605], [-48.45990097, -24.51797399], [-48.46048648, -24.51792607], [-48.46115713, -24.51777728], [-48.46156849, -24.51762171], [-48.46171774, -24.51756525], [-48.46193608, -24.51741186], [-48.46205811, -24.51729123], [-48.4622923, -24.51705988], [-48.46249336, -24.51692453], [-48.46260238, -24.51688048], [-48.46269441, -24.51684332], [-48.46294845, -24.51678486], [-48.46312549, -24.51674412], [-48.46356427, -24.51664492], [-48.464671, -24.51616221], [-48.46500646, -24.51611713], [-48.4655149, -24.51610372], [-48.4659934, -24.51618958], [-48.46538587, -24.51544472], [-48.46527147, -24.51525107], [-48.46517785, -24.5150926], [-48.46514087, -24.51500066], [-48.46504165, -24.51475405], [-48.46498809, -24.51447421], [-48.46487777, -24.51422594], [-48.46480634, -24.51380616], [-48.4648599, -24.51346493], [-48.46487861, -24.51334579], [-48.46496313, -24.51311336], [-48.46504766, -24.51288095], [-48.46517887, -24.51229871], [-48.46521416, -24.51172098], [-48.46519636, -24.51136894], [-48.46525549, -24.51043914], [-48.46530889, -24.51014577], [-48.46545207, -24.50974408], [-48.46517278, -24.50950481], [-48.46511085, -24.50949139], [-48.46496439, -24.50945963], [-48.46480528, -24.50948217], [-48.46445086, -24.50966559], [-48.46419504, -24.509798], [-48.46400296, -24.50984308], [-48.463526, -24.50985652], [-48.46326301, -24.50983069], [-48.46269633, -24.50977508], [-48.46236846, -24.50969571], [-48.46209917, -24.50963052], [-48.46195819, -24.50956567], [-48.4619028, -24.50954019], [-48.46166761, -24.50936863], [-48.46149924, -24.50917983], [-48.46089858, -24.50850634], [-48.46062125, -24.50808652], [-48.46043537, -24.50790141], [-48.46037345, -24.50777276], [-48.46031151, -24.50764412], [-48.45984769, -24.50701209], [-48.45842829, -24.5048407], [-48.45811116, -24.5044299], [-48.4577564, -24.50411836], [-48.45767596, -24.50404612], [-48.45653485, -24.50335524], [-48.4560629, -24.50312944], [-48.45574663, -24.50300748], [-48.45556608, -24.50296159], [-48.45531997, -24.50289905], [-48.45465313, -24.50284922], [-48.45417807, -24.50277688], [-48.45273813, -24.50241987], [-48.45237687, -24.50223923], [-48.45222373, -24.50214093], [-48.45196877, -24.50197731], [-48.45160911, -24.50167481], [-48.45137455, -24.50151676], [-48.45128208, -24.50147403], [-48.45120838, -24.50143998], [-48.4503394, -24.50118695], [-48.44975998, -24.50091885], [-48.44966344, -24.50086569], [-48.44927117, -24.50064968], [-48.44924757, -24.50040576], [-48.44955723, -24.50013269], [-48.44973308, -24.49993351], [-48.44982959, -24.49982421], [-48.4498336, -24.49972267], [-48.44984118, -24.49953031], [-48.44929512, -24.49893434], [-48.44917883, -24.49877252], [-48.44897065, -24.49848287], [-48.44884526, -24.49824588], [-48.44871987, -24.49800888], [-48.44865308, -24.49779821], [-48.44862258, -24.49770192], [-48.44862402, -24.49762862], [-48.44862855, -24.4973995], [-48.44869343, -24.4971065], [-48.44876751, -24.49677214], [-48.44876643, -24.49638849], [-48.44865747, -24.49587392], [-48.4486614, -24.49578834], [-48.44867301, -24.49553539], [-48.44875095, -24.49526726], [-48.44877272, -24.49519239], [-48.44880868, -24.49513135], [-48.44898003, -24.49484039], [-48.44908492, -24.49463281], [-48.44949122, -24.4943531], [-48.44930115, -24.49435302], [-48.44911121, -24.49435297], [-48.44893643, -24.49432131], [-48.44886909, -24.49428495], [-48.44871884, -24.49420389], [-48.44839659, -24.49388891], [-48.44830774, -24.49380205], [-48.44790379, -24.49324223], [-48.44761057, -24.49278696], [-48.44748509, -24.49259213], [-48.44722101, -24.49227609], [-48.44678249, -24.49191036], [-48.44662196, -24.49182147], [-48.44635839, -24.49167551], [-48.44594505, -24.49153544], [-48.44548731, -24.49143599], [-48.44432794, -24.4913047], [-48.44398213, -24.4911466], [-48.44362955, -24.49092534], [-48.44319527, -24.49074914], [-48.44287037, -24.49072196], [-48.44272429, -24.49073244], [-48.44230713, -24.49076238], [-48.442199, -24.49075772], [-48.44209534, -24.49075326], [-48.44184729, -24.49070039], [-48.44177724, -24.49068545], [-48.44165118, -24.49062222], [-48.44127811, -24.49036293], [-48.44079352, -24.49002611], [-48.4406436, -24.48994913], [-48.44054726, -24.48989964], [-48.44033674, -24.48983186], [-48.44019236, -24.48981301], [-48.43995514, -24.48978207], [-48.43954174, -24.4897819], [-48.43932687, -24.48980214], [-48.43911198, -24.48982238], [-48.43889837, -24.48979971], [-48.43854145, -24.4897048], [-48.43798544, -24.48944281], [-48.43750167, -24.48919568], [-48.43739553, -24.48916334], [-48.43707708, -24.4890663], [-48.43684996, -24.48906245], [-48.43654324, -24.48905724], [-48.43652772, -24.4890584], [-48.43652125, -24.48905888], [-48.43640683, -24.4890674], [-48.43626255, -24.48874516], [-48.43601044, -24.4882896], [-48.43575865, -24.48805968], [-48.4353816, -24.48783665], [-48.43512571, -24.48726367], [-48.43487393, -24.48703375], [-48.4346221, -24.48668651], [-48.43436566, -24.48623086], [-48.43411355, -24.48577529], [-48.43386178, -24.48554535], [-48.43373258, -24.48520017], [-48.43348044, -24.48474462], [-48.43322869, -24.48451472], [-48.43297253, -24.48416736], [-48.43334631, -24.48382171], [-48.4335972, -24.48336567], [-48.43365385, -24.48315304], [-48.43367363, -24.48310395], [-48.43370043, -24.48298307], [-48.43370674, -24.4829546], [-48.43371931, -24.48290742], [-48.43371921, -24.48289832], [-48.43374965, -24.48276095], [-48.43374988, -24.48267232], [-48.43375079, -24.48231861], [-48.43371111, -24.48207922], [-48.43365429, -24.48173631], [-48.43367937, -24.48150288], [-48.43370633, -24.48125217], [-48.4337125, -24.48119468], [-48.43374389, -24.48103957], [-48.4338267, -24.48063038], [-48.43392076, -24.48016564], [-48.43395093, -24.47979473], [-48.43396261, -24.47965111], [-48.43391332, -24.47942633], [-48.43387154, -24.4792358], [-48.43382319, -24.47913145], [-48.43369572, -24.4788566], [-48.43355728, -24.47835553], [-48.43354237, -24.47796733], [-48.43359193, -24.47767913], [-48.43364407, -24.47737611], [-48.43363842, -24.47725544], [-48.43363033, -24.47708271], [-48.43351888, -24.47679377], [-48.43320385, -24.47622041], [-48.43318237, -24.47614208], [-48.43314322, -24.47599921], [-48.43317863, -24.47576729], [-48.43325485, -24.47526804], [-48.43396798, -24.4749298], [-48.43339479, -24.47464519], [-48.43303336, -24.47436973], [-48.43285586, -24.47047361], [-48.43280555, -24.46936918], [-48.43307641, -24.46887456], [-48.43349045, -24.4681936], [-48.43377593, -24.46755095], [-48.43387849, -24.46705272], [-48.43402713, -24.46633053], [-48.43407659, -24.4651213], [-48.43390627, -24.46368004], [-48.43373615, -24.46304595], [-48.43360478, -24.46255617], [-48.43335734, -24.46191158], [-48.43319015, -24.46147604], [-48.42717607, -24.46199514], [-48.42736768, -24.45831762], [-48.42512255, -24.45526564], [-48.42128064, -24.4545718], [-48.41469775, -24.45154879], [-48.41352097, -24.4438345], [-48.4101662, -24.44019257], [-48.40421926, -24.43709968], [-48.40488717, -24.43565041], [-48.40573292, -24.43381516], [-48.40370763, -24.42677122], [-48.40288915, -24.42660742], [-48.40199971, -24.4264614], [-48.40137738, -24.42634479], [-48.40103957, -24.42628148], [-48.39983299, -24.42593392], [-48.39909066, -24.42557797], [-48.39894845, -24.42548063], [-48.39852743, -24.42519242], [-48.39786976, -24.42462548], [-48.39716813, -24.4240251], [-48.3965591, -24.42326291], [-48.39619649, -24.42266836], [-48.3957514, -24.42174555], [-48.39542821, -24.42097192], [-48.39530634, -24.42061502], [-48.39517565, -24.42023219], [-48.39476258, -24.41948969], [-48.39428939, -24.41863177], [-48.39398461, -24.41817631], [-48.39389113, -24.41803661], [-48.39333131, -24.4174877], [-48.3929812, -24.41715482], [-48.39317337, -24.41644033], [-48.39321308, -24.41629269], [-48.39354898, -24.41557945], [-48.39389971, -24.41501353], [-48.39435646, -24.41449847], [-48.39515554, -24.41382587], [-48.39608807, -24.41317192], [-48.3968162, -24.41264782], [-48.39737418, -24.41224622], [-48.39801216, -24.41172831], [-48.39851754, -24.41131805], [-48.39893405, -24.41093782], [-48.3995542, -24.41037172], [-48.4000073, -24.40987686], [-48.4003939, -24.40945466], [-48.40067156, -24.40896917], [-48.40088152, -24.40830276], [-48.4010971, -24.40775995], [-48.40122961, -24.40742627], [-48.40167951, -24.40637179], [-48.40195813, -24.40583728], [-48.40228594, -24.40551605], [-48.4024503, -24.40527556], [-48.4025067, -24.40519303], [-48.40260183, -24.4049696], [-48.40276915, -24.40457655], [-48.4029966, -24.40392676], [-48.40327623, -24.40334327], [-48.40357034, -24.40292341], [-48.40386016, -24.40275356], [-48.40422055, -24.40254236], [-48.40436293, -24.40247663], [-48.40486912, -24.402243], [-48.40548856, -24.4020575], [-48.40722394, -24.40184212], [-48.40892365, -24.40162612], [-48.41056529, -24.40147358], [-48.41085459, -24.4014467], [-48.41181817, -24.40136817], [-48.41267782, -24.40129814], [-48.41291619, -24.40127083], [-48.41379575, -24.40117015], [-48.41465667, -24.40095607], [-48.41531678, -24.40080751], [-48.41580403, -24.40069788], [-48.41703823, -24.4005555], [-48.41807389, -24.40052415], [-48.41825307, -24.40052721], [-48.41900151, -24.40053998], [-48.4193748, -24.4006117], [-48.42008437, -24.40081992], [-48.42046854, -24.40099213], [-48.4206149, -24.40105775], [-48.4211411, -24.40150795], [-48.42144013, -24.40176279], [-48.42164982, -24.40194151], [-48.42182561, -24.40210617], [-48.42225399, -24.40250741], [-48.42270752, -24.40302177], [-48.42291891, -24.40334038], [-48.42303651, -24.40351762], [-48.423313, -24.40396356], [-48.42365752, -24.40457408], [-48.42393001, -24.40521606], [-48.42406516, -24.40547554], [-48.42423918, -24.40580963], [-48.42435358, -24.40612255], [-48.42450969, -24.40654964], [-48.42478387, -24.40710994], [-48.42503853, -24.40775159], [-48.42547757, -24.40810223], [-48.42586018, -24.40826944], [-48.42606133, -24.40835732], [-48.42690894, -24.40860869], [-48.42717071, -24.40864045], [-48.42813287, -24.40875718], [-48.4291637, -24.4101791], [-48.43495099, -24.4121924], [-48.43713886, -24.41639163], [-48.43950636, -24.41653386], [-48.44325814, -24.41994235], [-48.44362107, -24.41992294], [-48.44424313, -24.41949937], [-48.44503555, -24.41892543], [-48.44585841, -24.41822439], [-48.44596565, -24.41818827], [-48.44636381, -24.41805417], [-48.44703285, -24.41806546], [-48.44759299, -24.41794726], [-48.44821453, -24.41754919], [-48.44903736, -24.41684809], [-48.45009507, -24.41625307], [-48.45077028, -24.41595804], [-48.45103976, -24.41590408], [-48.45135827, -24.41584027], [-48.45163346, -24.41584491], [-48.45191583, -24.41584967], [-48.45234785, -24.4159533], [-48.45283167, -24.41606937], [-48.45329809, -24.41615375], [-48.45360969, -24.41621014], [-48.453888, -24.41621482], [-48.45430662, -24.41622187], [-48.45469398, -24.41616942], [-48.45497775, -24.41613103], [-48.45514856, -24.41605636], [-48.45554041, -24.41588515], [-48.45598625, -24.4158417], [-48.456211, -24.4158198], [-48.4564736, -24.4158681], [-48.45682227, -24.41593223], [-48.45718875, -24.41608551], [-48.45745834, -24.41619827], [-48.45805988, -24.41679565], [-48.45841892, -24.41729043], [-48.46451512, -24.41197786], [-48.46793094, -24.41195636], [-48.47117476, -24.41561136], [-48.47590029, -24.41828945], [-48.49021846, -24.41594964], [-48.49315733, -24.4145897], [-48.49594645, -24.41329899], [-48.49644763, -24.4132256], [-48.49701083, -24.41314234], [-48.49731977, -24.41309668], [-48.49734261, -24.4130933], [-48.49787402, -24.41303147], [-48.4983265, -24.41297882], [-48.49923447, -24.41283303], [-48.49952605, -24.4127862], [-48.49968311, -24.41276192], [-48.5006019, -24.41261984], [-48.50064202, -24.41261363], [-48.5006718, -24.41260902], [-48.50721706, -24.41121611], [-48.51863394, -24.4087857], [-48.52066308, -24.40835364], [-48.52097342, -24.40828755], [-48.5210533, -24.40827054], [-48.52107675, -24.40826711], [-48.52083482, -24.40781695], [-48.52079964, -24.40765029], [-48.52079807, -24.40757896], [-48.52078987, -24.4071916], [-48.52090117, -24.40659047], [-48.52086853, -24.40649516], [-48.52058124, -24.40651843], [-48.52016191, -24.40664064], [-48.51883333, -24.40728951], [-48.51863779, -24.40735851], [-48.51845423, -24.40736994], [-48.51828339, -24.40733555], [-48.51798316, -24.40721419], [-48.51782827, -24.40712048], [-48.51779871, -24.4070189], [-48.51783048, -24.40695714], [-48.51826575, -24.40667544], [-48.51830034, -24.40662005], [-48.51840177, -24.40657478], [-48.51866401, -24.40637057], [-48.51916265, -24.40587238], [-48.51930233, -24.40558492], [-48.51932261, -24.40525309], [-48.51927854, -24.40503664], [-48.51913742, -24.40484388], [-48.51890975, -24.40474176], [-48.51818302, -24.40455473], [-48.51769881, -24.40421463], [-48.51739768, -24.40388745], [-48.51731997, -24.40372822], [-48.51738198, -24.40348102], [-48.51751886, -24.40333614], [-48.51788419, -24.40310203], [-48.51809998, -24.40290428], [-48.5181552, -24.4027012], [-48.51803878, -24.40250523], [-48.51757627, -24.40201383], [-48.5172311, -24.40177169], [-48.51708615, -24.40172418], [-48.51693244, -24.40172166], [-48.51661552, -24.40179859], [-48.51600292, -24.40212702], [-48.51585128, -24.40216967], [-48.51555146, -24.40217919], [-48.51450669, -24.40182536], [-48.51421365, -24.40179076], [-48.5136289, -24.40180372], [-48.51301793, -24.40194803], [-48.51239901, -24.40214546], [-48.51192538, -24.40237326], [-48.51155712, -24.40240421], [-48.51133402, -24.40237166], [-48.51120113, -24.40231261], [-48.51069767, -24.40184941], [-48.51063281, -24.40178967], [-48.5105575, -24.40160881], [-48.51033044, -24.40127562], [-48.51022141, -24.40105539], [-48.51022616, -24.40076302], [-48.51025921, -24.40073649], [-48.51028086, -24.40063756], [-48.51051847, -24.40038241], [-48.51102986, -24.40034028], [-48.51119237, -24.40029601], [-48.51127821, -24.40024146], [-48.51129161, -24.4001108], [-48.51078549, -24.39968367], [-48.51029148, -24.39919174], [-48.51016798, -24.39900557], [-48.50991148, -24.3984652], [-48.50957234, -24.3978666], [-48.5095056, -24.39785196], [-48.50933884, -24.39761093], [-48.50931391, -24.39757531], [-48.50902367, -24.39754888], [-48.50889783, -24.39758291], [-48.50887932, -24.39762232], [-48.50881101, -24.39763744], [-48.50870246, -24.39774487], [-48.50860002, -24.39779193], [-48.50839962, -24.39775794], [-48.50829177, -24.39757835], [-48.50810678, -24.39691008], [-48.50798054, -24.39676358], [-48.50756964, -24.39645714], [-48.50742573, -24.3962571], [-48.50744646, -24.39605435], [-48.50752142, -24.39590124], [-48.50768432, -24.39578658], [-48.50840542, -24.39540311], [-48.50869585, -24.39516869], [-48.50887776, -24.39493881], [-48.50890668, -24.39472086], [-48.50882643, -24.39459136], [-48.50835681, -24.39416392], [-48.50797221, -24.39392381], [-48.50767587, -24.39385755], [-48.50739742, -24.39388366], [-48.50709346, -24.39405466], [-48.50683232, -24.39435364], [-48.50654143, -24.39476225], [-48.50642596, -24.3950212], [-48.50612444, -24.39592066], [-48.5059188, -24.39615375], [-48.50568263, -24.39618506], [-48.5053552, -24.39614537], [-48.5048587, -24.39593229], [-48.50460006, -24.39585311], [-48.50446474, -24.39576784], [-48.50436655, -24.39559834], [-48.50435388, -24.39544107], [-48.50438971, -24.39527287], [-48.50454028, -24.39493326], [-48.50504236, -24.39400914], [-48.50512978, -24.39372355], [-48.50514011, -24.39349897], [-48.50516004, -24.39303625], [-48.50500575, -24.39206069], [-48.50501995, -24.39168905], [-48.50512066, -24.39117802], [-48.50503402, -24.39052129], [-48.50487695, -24.39033908], [-48.50460559, -24.39010535], [-48.50343319, -24.38923214], [-48.50314552, -24.38892593], [-48.50291212, -24.38856645], [-48.50285632, -24.38839674], [-48.50285181, -24.38822517], [-48.50304259, -24.3873943], [-48.50304542, -24.38720028], [-48.50297803, -24.38686791], [-48.50291197, -24.38676934], [-48.50284697, -24.38671682], [-48.5027936, -24.38667442], [-48.50252602, -24.38654995], [-48.50219006, -24.38644422], [-48.5016975, -24.38638375], [-48.50137966, -24.38640919], [-48.50116727, -24.38648511], [-48.50091193, -24.38663976], [-48.50079495, -24.38677503], [-48.50071349, -24.38690817], [-48.5005143, -24.38716394], [-48.50045579, -24.38723247], [-48.50037139, -24.38731502], [-48.50029869, -24.38740318], [-48.50019889, -24.38756671], [-48.49995652, -24.38806366], [-48.49979534, -24.38824152], [-48.49928737, -24.38866278], [-48.49903726, -24.38880216], [-48.49842176, -24.38897883], [-48.49775997, -24.38925403], [-48.49741516, -24.38929707], [-48.49690875, -24.38923905], [-48.49626602, -24.38894681], [-48.49603341, -24.388748], [-48.49592221, -24.38859001], [-48.49557629, -24.38778999], [-48.49545509, -24.38763905], [-48.49532696, -24.38753945], [-48.49519976, -24.38749312], [-48.494898, -24.38745293], [-48.4941287, -24.38748262], [-48.49381864, -24.38746304], [-48.49340833, -24.38732989], [-48.4931977, -24.38716664], [-48.49312705, -24.386901], [-48.49316993, -24.38682589], [-48.49332701, -24.38670664], [-48.4936165, -24.38656972], [-48.49438081, -24.38639283], [-48.49462858, -24.38627236], [-48.4948215, -24.38613475], [-48.49496731, -24.38588714], [-48.49502652, -24.38563358], [-48.49502468, -24.38542685], [-48.49482776, -24.38496778], [-48.49458299, -24.38468662], [-48.49409799, -24.38449356], [-48.49352004, -24.38446595], [-48.49329839, -24.38441173], [-48.4932498, -24.38437663], [-48.49320412, -24.38434428], [-48.49307685, -24.38415172], [-48.49306865, -24.384018], [-48.49321461, -24.38381281], [-48.49372753, -24.38353969], [-48.49380703, -24.38340652], [-48.49373751, -24.3829342], [-48.49349613, -24.38253125], [-48.49340904, -24.38225], [-48.49333784, -24.38181286], [-48.49331515, -24.38141444], [-48.49319389, -24.38111727], [-48.49302849, -24.38087087], [-48.49270374, -24.38038707], [-48.49259593, -24.38010728], [-48.49251763, -24.37978014], [-48.49237799, -24.37946553], [-48.4921575, -24.37930302], [-48.49175722, -24.37901297], [-48.49131402, -24.37860035], [-48.49011778, -24.37729793], [-48.48991261, -24.37695875], [-48.48986612, -24.37681808], [-48.48990696, -24.37664636], [-48.49010963, -24.37651342], [-48.4902088, -24.37648167], [-48.4904825, -24.37649433], [-48.49065261, -24.37656304], [-48.49091404, -24.37674789], [-48.49102692, -24.37687071], [-48.49130323, -24.37735006], [-48.49150636, -24.37749333], [-48.49166653, -24.37751674], [-48.4918202, -24.37746964], [-48.49194944, -24.37736257], [-48.49203228, -24.37705976], [-48.49202768, -24.37649375], [-48.49193144, -24.3761275], [-48.49163923, -24.37555491], [-48.49153741, -24.37527161], [-48.49147871, -24.37495021], [-48.49149288, -24.37463183], [-48.49158865, -24.37427327], [-48.49161208, -24.3741843], [-48.49170346, -24.37399807], [-48.49194383, -24.37370238], [-48.49211609, -24.37356172], [-48.49229563, -24.37325239], [-48.49238283, -24.37297854], [-48.49238915, -24.37295788], [-48.49237957, -24.3727438], [-48.49211963, -24.37213385], [-48.49199816, -24.3719477], [-48.49180703, -24.37174596], [-48.49102852, -24.37134856], [-48.49073154, -24.37091851], [-48.49055344, -24.37045613], [-48.49052185, -24.37010991], [-48.49056572, -24.36988408], [-48.49066252, -24.36967267], [-48.49096292, -24.36943033], [-48.49127836, -24.36932453], [-48.49152954, -24.36932959], [-48.49165516, -24.36930549], [-48.49207831, -24.36938381], [-48.49228618, -24.36938635], [-48.49264448, -24.36930562], [-48.49291591, -24.36918285], [-48.49306045, -24.36904895], [-48.49315529, -24.3688366], [-48.49325906, -24.36782197], [-48.49333718, -24.3675579], [-48.49358107, -24.36733267], [-48.4942152, -24.36700558], [-48.49443869, -24.36681521], [-48.49453735, -24.36665889], [-48.49457435, -24.36643114], [-48.49447754, -24.36619395], [-48.49445323, -24.36577745], [-48.49459211, -24.36548008], [-48.49471189, -24.36535208], [-48.49495556, -24.36518732], [-48.4958268, -24.36482804], [-48.49609782, -24.36467546], [-48.49626156, -24.3645166], [-48.49639243, -24.3643256], [-48.49650218, -24.36400609], [-48.49659858, -24.36336411], [-48.49657989, -24.36256138], [-48.49690012, -24.36206121], [-48.49719935, -24.36182696], [-48.49754682, -24.3616946], [-48.49803995, -24.3616206], [-48.49870467, -24.3616397], [-48.49894062, -24.36161651], [-48.49917173, -24.36153909], [-48.49934582, -24.36140477], [-48.50003982, -24.36028524], [-48.50017625, -24.36021167], [-48.5002797, -24.36011228], [-48.50037566, -24.36004256], [-48.50039383, -24.36002029], [-48.50045554, -24.35998882], [-48.50054384, -24.35995778], [-48.50058945, -24.35994319], [-48.50091155, -24.3599485], [-48.50141685, -24.35995683], [-48.501792, -24.35991969], [-48.50213748, -24.35973764], [-48.50243625, -24.35952594], [-48.50285878, -24.35928378], [-48.50300637, -24.3591436], [-48.50317489, -24.35904167], [-48.50328423, -24.35889273], [-48.50353728, -24.3585503], [-48.50367201, -24.35831242], [-48.5037352, -24.35770329], [-48.50378064, -24.35754698], [-48.50391692, -24.35728025], [-48.50514033, -24.35573976], [-48.50533173, -24.35542519], [-48.50539949, -24.35523585], [-48.50548078, -24.35500973], [-48.50541586, -24.35450139], [-48.50532452, -24.35423542], [-48.50511907, -24.35380961], [-48.50469741, -24.35315459], [-48.50394526, -24.35222063], [-48.50341201, -24.35162966], [-48.50278333, -24.3510317], [-48.50236772, -24.35072247], [-48.5020953, -24.3504463], [-48.50197262, -24.35032152], [-48.5019124, -24.35022756], [-48.50164192, -24.34980248], [-48.50163328, -24.34977712], [-48.50149233, -24.34974887], [-48.50115442, -24.35008476], [-48.50102591, -24.3500622], [-48.50079217, -24.34999449], [-48.50049364, -24.34984304], [-48.49969553, -24.34957942], [-48.49933368, -24.34939886], [-48.49891918, -24.3491235], [-48.49853947, -24.34879396], [-48.49820257, -24.34844186], [-48.49747089, -24.34748034], [-48.49701359, -24.34717789], [-48.49698187, -24.34714178], [-48.49685469, -24.34699281], [-48.49681867, -24.34687995], [-48.49679501, -24.34642808], [-48.49678947, -24.34631523], [-48.4966894, -24.34584124], [-48.49622195, -24.3450648], [-48.49610648, -24.34476687], [-48.49608063, -24.34443282], [-48.49610466, -24.34401301], [-48.49604339, -24.34356159], [-48.49575856, -24.34297926], [-48.49553008, -24.34261813], [-48.49540476, -24.34227956], [-48.49540631, -24.34195455], [-48.4954982, -24.34157616], [-48.49549839, -24.34157536], [-48.49584175, -24.34134966], [-48.49627564, -24.34112397], [-48.49644285, -24.34099306], [-48.49658882, -24.34083055], [-48.49669999, -24.34063645], [-48.49674096, -24.34005864], [-48.49691556, -24.33975168], [-48.49708986, -24.33955306], [-48.49783753, -24.33895269], [-48.49799704, -24.33875859], [-48.49834778, -24.33819432], [-48.49846172, -24.33806793], [-48.49865695, -24.33791445], [-48.4989812, -24.33779708], [-48.49952716, -24.33783771], [-48.49984895, -24.33796411], [-48.50025541, -24.33823947], [-48.50034102, -24.33827558], [-48.50042252, -24.33834427], [-48.50058988, -24.338369], [-48.50075114, -24.33840221], [-48.50104768, -24.3383029], [-48.50120749, -24.33808171], [-48.50118286, -24.33778829], [-48.50093281, -24.33727819], [-48.50077146, -24.33702991], [-48.50071634, -24.3369306], [-48.50066768, -24.33682678], [-48.50060764, -24.33652884], [-48.50059778, -24.33647919], [-48.50061841, -24.33637536], [-48.50066614, -24.33625799], [-48.50068708, -24.33613611], [-48.50070432, -24.33589686], [-48.50069662, -24.33566212], [-48.50072865, -24.33548156], [-48.50073116, -24.3353117], [-48.50073449, -24.33517911], [-48.50104303, -24.33457872], [-48.50119576, -24.33436656], [-48.5014036, -24.33421759], [-48.5019246, -24.33397833], [-48.50224946, -24.33379325], [-48.5025897, -24.33352239], [-48.50274458, -24.33330571], [-48.50279816, -24.33308452], [-48.50279052, -24.33284706], [-48.50276936, -24.33218905], [-48.50275779, -24.33182958], [-48.50286093, -24.33118856], [-48.50278487, -24.33089515], [-48.50258534, -24.33057013], [-48.50241783, -24.33037602], [-48.50208497, -24.33007358], [-48.50181369, -24.32973953], [-48.5016077, -24.32963571], [-48.5009229, -24.32944612], [-48.500849, -24.32940098], [-48.50079019, -24.32911207], [-48.50074677, -24.32897664], [-48.50071475, -24.3288999], [-48.50067693, -24.32874509], [-48.50057429, -24.32859215], [-48.50056781, -24.32858599], [-48.50047671, -24.32851794], [-48.50046595, -24.32846677], [-48.50039687, -24.32840318], [-48.49984736, -24.32785285], [-48.4997553, -24.32772193], [-48.49958995, -24.32727503], [-48.49950312, -24.32687778], [-48.49940675, -24.32616454], [-48.49929037, -24.32576729], [-48.49911733, -24.32546033], [-48.49877876, -24.32512283], [-48.49866902, -24.32501342], [-48.49850558, -24.32476016], [-48.49847439, -24.32450728], [-48.4984743, -24.32450354], [-48.49843474, -24.32417902], [-48.49846184, -24.32395331], [-48.49863242, -24.32350189], [-48.49901609, -24.32289129], [-48.49930613, -24.32241279], [-48.49947978, -24.32219159], [-48.49952936, -24.32188463], [-48.49941944, -24.32150543], [-48.49941698, -24.32127521], [-48.49947732, -24.32112624], [-48.49974119, -24.32071996], [-48.49976551, -24.32033626], [-48.49952813, -24.31963655], [-48.49950873, -24.31941084], [-48.49955184, -24.31923028], [-48.49964913, -24.31909485], [-48.49992777, -24.31889622], [-48.50031688, -24.31877961], [-48.500483, -24.31871205], [-48.50069186, -24.31863739], [-48.50078615, -24.3186103], [-48.50128366, -24.318436], [-48.50151304, -24.31835475], [-48.50182185, -24.31827349], [-48.50193299, -24.318278], [-48.50197671, -24.31830508], [-48.50213867, -24.31847211], [-48.50225382, -24.31854885], [-48.50238005, -24.31856239], [-48.50250536, -24.31853079], [-48.5025811, -24.31849919], [-48.50264914, -24.31842244], [-48.50272303, -24.31827799], [-48.50271502, -24.31802971], [-48.50237511, -24.31753315], [-48.50206137, -24.31725327], [-48.50135785, -24.3167206], [-48.50114448, -24.31649489], [-48.50090803, -24.31630078], [-48.50074978, -24.31619244], [-48.50064037, -24.3160965], [-48.50045869, -24.31596828], [-48.50036548, -24.31581627], [-48.50029836, -24.31574855], [-48.50022478, -24.31564021], [-48.50012749, -24.3154777], [-48.5001044, -24.31529713], [-48.50010908, -24.31525642], [-48.50013888, -24.31499468], [-48.50013426, -24.31498565], [-48.4999443, -24.31472383], [-48.49971185, -24.3145252], [-48.49902683, -24.31415052], [-48.49863059, -24.31380292], [-48.49837814, -24.31336955], [-48.49821713, -24.31279173], [-48.49795328, -24.31244413], [-48.49760508, -24.31216425], [-48.49709904, -24.31186305], [-48.49690416, -24.31175019], [-48.49626904, -24.31122653], [-48.49626658, -24.31122201], [-48.49589468, -24.31075253], [-48.49588021, -24.31073447], [-48.49542058, -24.31041395], [-48.49493016, -24.30990834], [-48.49414666, -24.3094298], [-48.49393639, -24.30926277], [-48.49371382, -24.30895579], [-48.49371506, -24.30874362], [-48.49376772, -24.3085134], [-48.4940251, -24.30821998], [-48.4943844, -24.30781823], [-48.49460792, -24.30750675], [-48.49471568, -24.30729007], [-48.49481051, -24.30687476], [-48.49500201, -24.30655426], [-48.4952363, -24.30626084], [-48.49540194, -24.30610736], [-48.49592254, -24.30577332], [-48.4959447, -24.30574623], [-48.49603737, -24.30564241], [-48.49606785, -24.30553858], [-48.4960617, -24.30540767], [-48.49597797, -24.30515938], [-48.49569721, -24.30475761], [-48.49569562, -24.30475623], [-48.49559024, -24.30466466], [-48.49558952, -24.30466404], [-48.49558907, -24.30466365], [-48.49548418, -24.30457252], [-48.49547539, -24.30456463], [-48.49547497, -24.30456425], [-48.49547326, -24.30456272], [-48.49525761, -24.30436937], [-48.49524943, -24.30435915], [-48.49509507, -24.30416623], [-48.49505505, -24.30405337], [-48.49508246, -24.30381411], [-48.49518129, -24.30364709], [-48.49534045, -24.30351167], [-48.4959771, -24.30319568], [-48.4963179, -24.30293838], [-48.49660667, -24.3026269], [-48.49709248, -24.30185949], [-48.49778576, -24.30115979], [-48.49793384, -24.30088442], [-48.49795935, -24.30078095], [-48.49807854, -24.30029757], [-48.4981081, -24.29969266], [-48.49810688, -24.29968609], [-48.49797112, -24.29932946], [-48.49766359, -24.29904054], [-48.49743981, -24.29888046], [-48.4974387, -24.29887967], [-48.4974376, -24.29887888], [-48.49738592, -24.29884191], [-48.49666987, -24.29860469], [-48.49634726, -24.29843315], [-48.49598771, -24.29818937], [-48.49568665, -24.29792302], [-48.49531356, -24.29751672], [-48.49478471, -24.29701111], [-48.49420014, -24.29678989], [-48.49334866, -24.29661832], [-48.49319721, -24.29660477], [-48.49307623, -24.29659573], [-48.49283243, -24.29652801], [-48.49269883, -24.29646029], [-48.49244857, -24.29627068], [-48.49187572, -24.29564768], [-48.49143604, -24.29529063], [-48.49116773, -24.29520073], [-48.4904708, -24.29507429], [-48.49019991, -24.29497496], [-48.48977912, -24.29474922], [-48.48923059, -24.29435193], [-48.48839547, -24.29398622], [-48.48816492, -24.29380112], [-48.4877891, -24.29338577], [-48.48760227, -24.29311942], [-48.48725079, -24.29246482], [-48.48722586, -24.29241967], [-48.48693192, -24.29204497], [-48.48674785, -24.29190049], [-48.48648682, -24.29180567], [-48.4861436, -24.29177856], [-48.48561505, -24.29190943], [-48.48542881, -24.29192295], [-48.48540911, -24.29192295], [-48.48513514, -24.29198613], [-48.48475837, -24.29190935], [-48.48412796, -24.29171066], [-48.48375549, -24.29167903], [-48.48338055, -24.29176025], [-48.48300375, -24.29194078], [-48.48276085, -24.29212584], [-48.48237755, -24.29253208], [-48.48223346, -24.29280744], [-48.48211581, -24.29322274], [-48.4820936, -24.29360645], [-48.48216774, -24.29398115], [-48.4822973, -24.29426105], [-48.48247827, -24.29452289], [-48.48307435, -24.29519067], [-48.48347735, -24.2956922], [-48.48366786, -24.29607141], [-48.48370929, -24.29625611], [-48.48375124, -24.29643708], [-48.48379578, -24.29722708], [-48.48373939, -24.29773719], [-48.48355156, -24.2981254], [-48.48331603, -24.29837366], [-48.48330895, -24.29838269], [-48.48256671, -24.29866701], [-48.48229057, -24.29874372], [-48.48179062, -24.29882944], [-48.48055062, -24.29886992], [-48.47887813, -24.29879297], [-48.47812452, -24.29885156], [-48.47775572, -24.29891471], [-48.47723389, -24.29910875], [-48.47582968, -24.29990758], [-48.47549103, -24.30003844], [-48.47494489, -24.30012413], [-48.47460196, -24.30008345], [-48.47383916, -24.29990727], [-48.47340392, -24.29973025], [-48.473085, -24.29959567], [-48.47245367, -24.29928408], [-48.47236933, -24.29924343], [-48.47174722, -24.29906727], [-48.47148309, -24.29903111], [-48.47120018, -24.29904461], [-48.47071468, -24.29918898], [-48.47011586, -24.29949132], [-48.470086, -24.29950486], [-48.46987574, -24.29953191], [-48.46950172, -24.29947315], [-48.4691779, -24.29931509], [-48.46865559, -24.29889065], [-48.46827639, -24.2986423], [-48.46806152, -24.29860163], [-48.46804798, -24.29859259], [-48.46763943, -24.2987776], [-48.46757475, -24.29891753], [-48.46752664, -24.2992922], [-48.46745795, -24.29943213], [-48.46727166, -24.29964427], [-48.4670586, -24.29976159], [-48.46671318, -24.29983827], [-48.46595741, -24.29991485], [-48.46584195, -24.29997352], [-48.46561475, -24.3000141], [-48.46475056, -24.30028025], [-48.4643996, -24.30035241], [-48.46357944, -24.30058245], [-48.46305761, -24.30067714], [-48.46194013, -24.30065882], [-48.46085629, -24.30088383], [-48.46085645, -24.30088428], [-48.46083097, -24.30088617], [-48.46049134, -24.30091128], [-48.45949557, -24.30081395], [-48.45948708, -24.30081313], [-48.45946087, -24.30081056], [-48.45836141, -24.3007031], [-48.45829771, -24.30069932], [-48.45806326, -24.30068542], [-48.45736708, -24.30064415], [-48.4570283, -24.3005711], [-48.45669633, -24.30049952], [-48.45614595, -24.30034138], [-48.45549186, -24.30009743], [-48.45526991, -24.30006125], [-48.45494825, -24.29988455], [-48.45464606, -24.29945219], [-48.4555761, -24.29801495], [-48.45639872, -24.29728808], [-48.45655622, -24.29686155], [-48.45611243, -24.29605836], [-48.45620377, -24.29554078], [-48.44974614, -24.30280748], [-48.44927524, -24.30341069], [-48.44898227, -24.30368016], [-48.44813089, -24.30429406], [-48.44785048, -24.30457546], [-48.44763165, -24.30492921], [-48.44741854, -24.30553849], [-48.44719013, -24.3058298], [-48.44690469, -24.3060669], [-48.44596962, -24.30667847], [-48.44565481, -24.30675892], [-48.44561463, -24.30674921], [-48.44519312, -24.30665006], [-48.44457011, -24.30658], [-48.4443066, -24.30646003], [-48.44426299, -24.306425], [-48.44337048, -24.30569872], [-48.44314056, -24.3055739], [-48.44280947, -24.30548438], [-48.44257068, -24.30545779], [-48.4422354, -24.30547922], [-48.44121149, -24.30565783], [-48.44089152, -24.30565243], [-48.44064157, -24.30559316], [-48.44038603, -24.30546881], [-48.44003983, -24.30524905], [-48.43944162, -24.3047299], [-48.43904364, -24.30444068], [-48.43860457, -24.3042356], [-48.43839793, -24.30417796], [-48.43817048, -24.30417502], [-48.43774101, -24.30427699], [-48.43757011, -24.30435173], [-48.43749757, -24.3043839], [-48.43668169, -24.30484579], [-48.43603659, -24.30504249], [-48.43594491, -24.305096], [-48.43561604, -24.30528811], [-48.43559501, -24.30535455], [-48.43516064, -24.3057976], [-48.43457287, -24.30617939], [-48.43390314, -24.30652279], [-48.43339066, -24.30683364], [-48.43201627, -24.30798286], [-48.43171073, -24.30818979], [-48.43094711, -24.30854874], [-48.43070802, -24.30873243], [-48.43043865, -24.30900135], [-48.43002843, -24.3092706], [-48.42950692, -24.30944228], [-48.42918045, -24.30946564], [-48.42822347, -24.30944942], [-48.42777869, -24.30952763], [-48.42755726, -24.30961684], [-48.42733302, -24.30938601], [-48.42732406, -24.30937451], [-48.42590903, -24.3075595], [-48.4257777, -24.30739105], [-48.42492982, -24.30630347], [-48.42391145, -24.30499718], [-48.41998286, -24.29995757], [-48.41812065, -24.29756855], [-48.41798847, -24.29724797], [-48.41795901, -24.29709447], [-48.41800243, -24.29655729], [-48.41815392, -24.29598405], [-48.41816344, -24.29550103], [-48.41810791, -24.29518952], [-48.41811933, -24.29461621], [-48.41829219, -24.29382178], [-48.41827115, -24.29349223], [-48.41806447, -24.29318967], [-48.41695291, -24.29265191], [-48.41693137, -24.29264287], [-48.41659879, -24.29233573], [-48.41643027, -24.29205576], [-48.41625908, -24.29160875], [-48.41620938, -24.29133787], [-48.41628779, -24.28995654], [-48.41627706, -24.28989785], [-48.41619761, -24.28944186], [-48.41601041, -24.28900839], [-48.41574434, -24.28818665], [-48.41550351, -24.28787956], [-48.41435193, -24.28694125], [-48.41369299, -24.28630763], [-48.41332256, -24.28602755], [-48.41275761, -24.28572028], [-48.41237609, -24.28545373], [-48.41222627, -24.2853137], [-48.41203592, -24.2850292], [-48.41192744, -24.28475377], [-48.41188271, -24.28442871], [-48.41197385, -24.28390059], [-48.41203564, -24.28354399], [-48.41204285, -24.2828533], [-48.41197744, -24.28261852], [-48.4117358, -24.28215793], [-48.4115859, -24.28168385], [-48.41153226, -24.28132267], [-48.41156719, -24.28110149], [-48.41164952, -24.28087582], [-48.4118862, -24.28042], [-48.41293617, -24.27883393], [-48.41314148, -24.27850121], [-48.39425253, -24.26086543], [-48.39420165, -24.26075519], [-48.38752245, -24.24628387], [-48.38711571, -24.24657251], [-48.38671057, -24.24674377], [-48.38635634, -24.24684284], [-48.38613934, -24.24686978], [-48.38591414, -24.24685156], [-48.38541429, -24.24659841], [-48.38503925, -24.24650786], [-48.38470167, -24.24650762], [-48.38440406, -24.24657061], [-48.38412215, -24.24657944], [-48.38389693, -24.24652511], [-48.3834072, -24.24636224], [-48.38325338, -24.24632602], [-48.38320089, -24.2461454], [-48.3830403, -24.24576608], [-48.38275137, -24.24535958], [-48.38215586, -24.24469103], [-48.38183332, -24.24438382], [-48.38146956, -24.24411269], [-48.3813496, -24.24405843], [-48.38113423, -24.2440041], [-48.38021265, -24.24396731], [-48.38009458, -24.24386791], [-48.37967476, -24.24359674], [-48.37939513, -24.24350625], [-48.378688, -24.24318967], [-48.37807361, -24.24300864], [-48.37710409, -24.24257453], [-48.37680301, -24.24237567], [-48.37625177, -24.24185159], [-48.37557408, -24.24129129], [-48.37425269, -24.24036031], [-48.37357183, -24.23991738], [-48.37352512, -24.23982705], [-48.3731175, -24.23942044], [-48.37267219, -24.2388061], [-48.37235702, -24.23852596], [-48.37196734, -24.23833605], [-48.37125159, -24.23804656], [-48.37102218, -24.23791095], [-48.37087726, -24.23791987], [-48.37076525, -24.23791075], [-48.37057969, -24.23794672], [-48.36992497, -24.23818094], [-48.36924915, -24.23826166], [-48.36865138, -24.23846885], [-48.36823794, -24.23865812], [-48.36799476, -24.23880238], [-48.36761167, -24.23910909], [-48.36736526, -24.2393617], [-48.36698448, -24.23986392], [-48.36540353, -24.24032617], [-48.36493095, -24.24032578], [-48.36466535, -24.24036168], [-48.363746, -24.24060469], [-48.36356681, -24.24070386], [-48.36336199, -24.24089329], [-48.36333599, -24.24093067], [-48.36207781, -24.24129851], [-48.36189159, -24.24101846], [-48.36167573, -24.24060295], [-48.36152632, -24.24045836], [-48.36128829, -24.2403137], [-48.36112404, -24.24025036], [-48.36074559, -24.24018684], [-48.35983975, -24.24014092], [-48.35932146, -24.23997795], [-48.35902775, -24.23980615], [-48.35880409, -24.23976985], [-48.35848188, -24.23982374], [-48.35804533, -24.23999491], [-48.35733144, -24.24001234], [-48.35716482, -24.23987677], [-48.35691073, -24.23980431], [-48.3567255, -24.23980415], [-48.35614403, -24.23997519], [-48.3559834, -24.2399931], [-48.35581508, -24.23999295], [-48.35554409, -24.23991145], [-48.35493366, -24.2395317], [-48.35444452, -24.23914303], [-48.35417005, -24.23886285], [-48.35409774, -24.2388357], [-48.35383811, -24.23820345], [-48.35359058, -24.23775179], [-48.35352982, -24.23758922], [-48.35353976, -24.23749894], [-48.35324809, -24.23689375], [-48.35274589, -24.23633351], [-48.35264104, -24.23597227], [-48.3526828, -24.23548475], [-48.35260127, -24.23519575], [-48.35240749, -24.23485248], [-48.35210105, -24.23452717], [-48.35152592, -24.23403002], [-48.35142486, -24.23386741], [-48.35126712, -24.23374086], [-48.35098565, -24.23340654], [-48.35081903, -24.23327998], [-48.35076597, -24.23312644], [-48.35011157, -24.23221393], [-48.34992988, -24.23206028], [-48.34925653, -24.2316353], [-48.34894941, -24.23135513], [-48.34875461, -24.2311202], [-48.34868201, -24.23109304], [-48.33618107, -24.20573233], [-48.33616593, -24.20573657], [-48.33612905, -24.20573653], [-48.33611805, -24.20573652], [-48.33590106, -24.2057363], [-48.33570914, -24.20569999], [-48.33495397, -24.20537419], [-48.33461408, -24.205112], [-48.33439437, -24.20488606], [-48.33410974, -24.20471422], [-48.33393352, -24.20466889], [-48.33320571, -24.20461398], [-48.33290281, -24.20451435], [-48.33244508, -24.20450485], [-48.33211749, -24.20446835], [-48.33168698, -24.20435058], [-48.33132011, -24.20424185], [-48.33098713, -24.20406996], [-48.33074121, -24.20392524], [-48.33009305, -24.20342792], [-48.32984035, -24.2032832], [-48.32971244, -24.20323796], [-48.32942782, -24.20305704], [-48.32875934, -24.2027945], [-48.32864103, -24.20271312], [-48.32838971, -24.20244198], [-48.32831729, -24.20205366], [-48.32839317, -24.20190025], [-48.32848786, -24.20118705], [-48.3284061, -24.20090707], [-48.32820917, -24.20071725], [-48.32798621, -24.20065382], [-48.32721364, -24.20075232], [-48.3265566, -24.20074259], [-48.32597477, -24.20057042], [-48.32591441, -24.20039881], [-48.3259422, -24.19981195], [-48.32590813, -24.19951396], [-48.32585572, -24.19934235], [-48.32558305, -24.19897187], [-48.32520345, -24.19872764], [-48.32457597, -24.19843803], [-48.32437037, -24.19829335], [-48.32423872, -24.19804942], [-48.32421447, -24.1972729], [-48.32414614, -24.19709225], [-48.32390251, -24.1968482], [-48.32372052, -24.19675771], [-48.32351228, -24.1967304], [-48.32312418, -24.1968925], [-48.32281869, -24.19692829], [-48.32246717, -24.19683762], [-48.32183973, -24.19652995], [-48.3217937, -24.1964396], [-48.3215894, -24.19626783], [-48.32141677, -24.196069], [-48.32109042, -24.19558108], [-48.32082901, -24.19503905], [-48.3207504, -24.19493964], [-48.32074633, -24.19476809], [-48.32061666, -24.19443382], [-48.32055162, -24.19334124], [-48.32048428, -24.19307932], [-48.32039384, -24.1928535], [-48.32025355, -24.19262762], [-48.31987761, -24.19222089], [-48.31979734, -24.19219372], [-48.31896188, -24.19149756], [-48.31895554, -24.19142532], [-48.31865125, -24.19100964], [-48.31852578, -24.19052193], [-48.31853064, -24.1898718], [-48.3186944, -24.18933024], [-48.31864855, -24.18884262], [-48.3184355, -24.18830064], [-48.31823958, -24.18807469], [-48.31776475, -24.18776717], [-48.3174792, -24.18763142], [-48.31692111, -24.18745924], [-48.31661194, -24.18727831], [-48.31612645, -24.18711524], [-48.31558206, -24.18708754], [-48.31526057, -24.18711426], [-48.31499137, -24.18696046], [-48.31477613, -24.18689702], [-48.314455, -24.18687859], [-48.31422947, -24.18693251], [-48.31405358, -24.18692328], [-48.31370946, -24.18685969], [-48.31351716, -24.18687752], [-48.31319733, -24.18683201], [-48.3122646, -24.18693929], [-48.31197638, -24.18693896], [-48.31162395, -24.18690244], [-48.31116978, -24.18678453], [-48.31076366, -24.18663057], [-48.31038883, -24.18653984], [-48.30994681, -24.18655739], [-48.30895583, -24.18717021], [-48.30863973, -24.18732333], [-48.30813131, -24.18749429], [-48.30784923, -24.18753007], [-48.30764068, -24.18752983], [-48.30721856, -24.18739389], [-48.30658612, -24.18695072], [-48.30616566, -24.18674255], [-48.3060537, -24.18673339], [-48.30541362, -24.1862902], [-48.30528863, -24.18615462], [-48.30521872, -24.18601007], [-48.30514497, -24.185721], [-48.30513399, -24.18545915], [-48.30521609, -24.18501682], [-48.305221, -24.18440285], [-48.30515233, -24.18420412], [-48.30482737, -24.18366199], [-48.30466979, -24.18352636], [-48.30454189, -24.18349009], [-48.30437166, -24.18358018], [-48.30411914, -24.18380561], [-48.30402988, -24.18383259], [-48.30388502, -24.18383241], [-48.30362948, -24.18377793], [-48.30303584, -24.18379527], [-48.3027413, -24.18372269], [-48.30266269, -24.1836323], [-48.30258138, -24.18328007], [-48.30244496, -24.18293679], [-48.30252697, -24.18282854], [-48.3025216, -24.18270213], [-48.30246827, -24.18258469], [-48.30193348, -24.18209647], [-48.30160727, -24.18155432], [-48.30117708, -24.18104812], [-48.30111105, -24.1807862], [-48.30113703, -24.18067788], [-48.30121162, -24.18057865], [-48.30130057, -24.18057876], [-48.30139395, -24.18060571], [-48.30148701, -24.18068718], [-48.30179185, -24.18086444], [-48.30184727, -24.18085933], [-48.30192893, -24.18076011], [-48.30214604, -24.18035406], [-48.30236818, -24.18008345], [-48.30272523, -24.17991233], [-48.30292877, -24.17976811], [-48.30301202, -24.17960569], [-48.30301192, -24.17923549], [-48.30291295, -24.17897353], [-48.30272674, -24.17865729], [-48.30271596, -24.17843154], [-48.30288317, -24.17809767], [-48.30313821, -24.17780904], [-48.30345697, -24.17752952], [-48.30348463, -24.17733995], [-48.30346355, -24.17722254], [-48.30341793, -24.17709608], [-48.30322336, -24.17680687], [-48.30320106, -24.17668946], [-48.30264062, -24.17630049], [-48.30242602, -24.17621901], [-48.30200134, -24.17619141], [-48.30167923, -24.17626325], [-48.3014787, -24.17625398], [-48.30125676, -24.17615438], [-48.30117751, -24.17607303], [-48.30113188, -24.17595559], [-48.30121367, -24.17553132], [-48.30120804, -24.17537782], [-48.30115474, -24.17524232], [-48.30082815, -24.1747724], [-48.30062397, -24.17456448], [-48.30050532, -24.17450113], [-48.30043043, -24.17460939], [-48.30059134, -24.17498881], [-48.30062243, -24.17538613], [-48.30045527, -24.17572001], [-48.30021073, -24.17591835], [-48.2997151, -24.17623376], [-48.29926348, -24.17634156], [-48.29876702, -24.17632289], [-48.29842335, -24.1762412], [-48.29816883, -24.17613254], [-48.29764109, -24.17568945], [-48.29745478, -24.17541835], [-48.29732517, -24.17509314], [-48.29723091, -24.17498467], [-48.29664456, -24.17466792], [-48.29636069, -24.17445087], [-48.29613252, -24.17422485], [-48.29555709, -24.17338442], [-48.29535017, -24.17292367], [-48.29514585, -24.17235454], [-48.29482467, -24.17200199], [-48.29408173, -24.17150445], [-48.29367168, -24.17116083], [-48.29338061, -24.17087152], [-48.29318031, -24.17049204], [-48.29317192, -24.1701399], [-48.29338338, -24.17000473], [-48.29406155, -24.16978888], [-48.29459883, -24.16941033], [-48.29461583, -24.16934715], [-48.29456916, -24.16927486], [-48.29420009, -24.16928342], [-48.2939183, -24.16934627], [-48.2935812, -24.16934585], [-48.29328604, -24.1692913], [-48.29310286, -24.16921883], [-48.29281801, -24.16904692], [-48.29188824, -24.16826922], [-48.29158244, -24.16793471], [-48.29145849, -24.16774493], [-48.2914531, -24.16763658], [-48.29153441, -24.16754639], [-48.29167131, -24.16754656], [-48.29190915, -24.16764619], [-48.29210966, -24.1676645], [-48.29224654, -24.16764662], [-48.29241677, -24.16754751], [-48.29316124, -24.16681709], [-48.29371538, -24.16642051], [-48.29375704, -24.16632124], [-48.29370406, -24.16617671], [-48.29349054, -24.16603197], [-48.29318867, -24.1659413], [-48.29279131, -24.16575118], [-48.29169035, -24.1651087], [-48.29111008, -24.1648732], [-48.29091258, -24.16471042], [-48.29078292, -24.16443035], [-48.29071167, -24.164349], [-48.29063269, -24.16432181], [-48.29041587, -24.16433959], [-48.29027733, -24.16442067], [-48.29007251, -24.16461905], [-48.28989429, -24.16471814], [-48.28961348, -24.16474487], [-48.28941427, -24.16468141], [-48.2892501, -24.16448255], [-48.28916278, -24.16404904], [-48.28912541, -24.16354331], [-48.28913572, -24.16342594], [-48.28921093, -24.16330866], [-48.28909174, -24.16322724], [-48.28874261, -24.16308232], [-48.28854247, -24.16305497], [-48.28843215, -24.16297357], [-48.28782667, -24.16275608], [-48.28739626, -24.1626562], [-48.28692365, -24.16261947], [-48.2865955, -24.16261001], [-48.28623112, -24.16240186], [-48.28605585, -24.16235648], [-48.28586304, -24.1623472], [-48.28563721, -24.16242817], [-48.28546335, -24.16269882], [-48.28540846, -24.16337598], [-48.28524759, -24.16378208], [-48.28497217, -24.16428736], [-48.28447557, -24.16503613], [-48.28405725, -24.16545092], [-48.28369947, -24.16572132], [-48.28312427, -24.1659824], [-48.28281048, -24.16603616], [-48.28269785, -24.1660631], [-48.28187275, -24.16642317], [-48.28158641, -24.16664852], [-48.28115172, -24.16711745], [-48.28082662, -24.16732469], [-48.28001853, -24.16761253], [-48.27978829, -24.16791023], [-48.27970008, -24.16826225], [-48.27960213, -24.16837047], [-48.27947193, -24.16844253], [-48.27835772, -24.16879316], [-48.27787205, -24.16901823], [-48.27635842, -24.17005452], [-48.27589367, -24.1704715], [-48.27553385, -24.17070172], [-48.27535407, -24.17077876], [-48.27510631, -24.17082145], [-48.27472316, -24.17082878], [-48.27439334, -24.17087347], [-48.27365454, -24.17092662], [-48.27315491, -24.17101622], [-48.27290503, -24.17109713], [-48.27239807, -24.17116866], [-48.27172815, -24.17140248], [-48.27143573, -24.17154654], [-48.27125729, -24.17169981], [-48.26301813, -24.1695889], [-48.25837884, -24.16840008], [-48.25837791, -24.16834941], [-48.25829002, -24.16796107], [-48.25816286, -24.1675184], [-48.25803959, -24.16730152], [-48.25802562, -24.16721121], [-48.25782378, -24.16690391], [-48.25768998, -24.16675022], [-48.25735886, -24.16651497], [-48.25720695, -24.16648765], [-48.25684921, -24.16634265], [-48.25660136, -24.16632423], [-48.25625636, -24.16630565], [-48.25608041, -24.16632345], [-48.25592654, -24.16638642], [-48.25534697, -24.16646682], [-48.25492921, -24.16652037], [-48.25461615, -24.16651087], [-48.25432232, -24.16640207], [-48.25418774, -24.16632964], [-48.25392804, -24.16607643], [-48.25363484, -24.16596764], [-48.25344903, -24.16599444], [-48.2531972, -24.1661295], [-48.25297936, -24.16619237], [-48.25242769, -24.16614639], [-48.25201337, -24.16601935], [-48.25183613, -24.16607326], [-48.25148176, -24.16611787], [-48.25109464, -24.16625272], [-48.25041806, -24.16631757], [-48.24998099, -24.16619502], [-48.24976783, -24.16604119], [-48.24962115, -24.16586489], [-48.24933847, -24.16538591], [-48.24926695, -24.165142], [-48.24927651, -24.16495692], [-48.24919397, -24.16468591], [-48.24907926, -24.16451418], [-48.24886426, -24.16436486], [-48.24877635, -24.16433764], [-48.24859675, -24.16433285], [-48.24791502, -24.16445369], [-48.24715914, -24.16475952], [-48.24688359, -24.16475006], [-48.24668026, -24.16460979], [-48.24659271, -24.16438844], [-48.24648283, -24.16427089], [-48.24612061, -24.16423421], [-48.24576038, -24.16412078], [-48.24540583, -24.16393512], [-48.24490106, -24.16382147], [-48.2445319, -24.16355001], [-48.2441828, -24.16340499], [-48.24379634, -24.16317865], [-48.24357539, -24.16292097], [-48.24350679, -24.16276736], [-48.24351378, -24.16264999], [-48.24356678, -24.16259139], [-48.24363817, -24.16256892], [-48.24370954, -24.16256001], [-48.24422607, -24.16262854], [-48.24437496, -24.1626062], [-48.24445625, -24.16255215], [-48.24450248, -24.16250256], [-48.24453149, -24.16244843], [-48.24453161, -24.16238071], [-48.24448624, -24.16230389], [-48.24377108, -24.16155333], [-48.24348678, -24.16131295], [-48.24332708, -24.16117791], [-48.24299015, -24.16078009], [-48.24285489, -24.16075279], [-48.24253194, -24.16077485], [-48.24232535, -24.1607339], [-48.24205414, -24.16039035], [-48.24189385, -24.16026369], [-48.2418877, -24.16025916], [-48.24131495, -24.15967135], [-48.2410966, -24.15935046], [-48.24089996, -24.15925534], [-48.24068235, -24.15919179], [-48.24052743, -24.15915091], [-48.24031368, -24.15899707], [-48.24031097, -24.15880293], [-48.24044732, -24.15857741], [-48.2406147, -24.15853705], [-48.24072613, -24.15847853], [-48.24084589, -24.15824848], [-48.24083465, -24.15800918], [-48.24054163, -24.15749404], [-48.24055159, -24.15743085], [-48.24088712, -24.15725531], [-48.24102944, -24.15712912], [-48.24116457, -24.15689457], [-48.24137782, -24.15666015], [-48.24139574, -24.15661503], [-48.24140205, -24.15653377], [-48.24140896, -24.15645703], [-48.24137459, -24.15641635], [-48.24133033, -24.15640273], [-48.2409602, -24.15633894], [-48.24080721, -24.15625292], [-48.24060287, -24.15600429], [-48.2404968, -24.15550299], [-48.24049436, -24.15548944], [-48.24013024, -24.15517283], [-48.2398481, -24.1550866], [-48.23951102, -24.15510864], [-48.23935856, -24.15506776], [-48.23914601, -24.15493649], [-48.2389354, -24.15475106], [-48.23869641, -24.15464232], [-48.23840189, -24.15456014], [-48.23805325, -24.15453523], [-48.23818622, -24.15446091], [-48.23806273, -24.154393], [-48.237797, -24.15409008], [-48.23754742, -24.15370142], [-48.23716826, -24.15321322], [-48.23713399, -24.15312287], [-48.23712878, -24.15295582], [-48.23706252, -24.15286993], [-48.23706191, -24.15286542], [-48.23642487, -24.15279667], [-48.23609555, -24.15262006], [-48.23570068, -24.15263297], [-48.2355636, -24.15259663], [-48.23516385, -24.15258244], [-48.23499726, -24.15254153], [-48.2349948, -24.15254153], [-48.23469653, -24.15221147], [-48.23454117, -24.15208932], [-48.23414776, -24.15198033], [-48.23394542, -24.15197548], [-48.23348676, -24.15189798], [-48.23309004, -24.15159936], [-48.23294777, -24.15138243], [-48.23287079, -24.15112045], [-48.23290983, -24.15096701], [-48.23302146, -24.15080918], [-48.23302052, -24.15066019], [-48.23298748, -24.15056984], [-48.23276192, -24.15049272], [-48.23275578, -24.1504882], [-48.23266554, -24.15040227], [-48.23259883, -24.15023512], [-48.23260218, -24.15009065], [-48.23269277, -24.14967996], [-48.23284362, -24.1492784], [-48.23295346, -24.14908896], [-48.23309755, -24.14868287], [-48.23321728, -24.14815033], [-48.23321913, -24.14814582], [-48.23345584, -24.14786629], [-48.23345994, -24.14765411], [-48.23334038, -24.14746429], [-48.23298644, -24.14731021], [-48.23288696, -24.14722879], [-48.23270965, -24.14701179], [-48.23236834, -24.14668617], [-48.23218986, -24.14643757], [-48.23216735, -24.14631112], [-48.23220173, -24.14602675], [-48.23233151, -24.1457019], [-48.23242973, -24.14548084], [-48.23244399, -24.14542217], [-48.23246764, -24.14432964], [-48.23250421, -24.14418072], [-48.23264246, -24.14392812], [-48.23269102, -24.14362571], [-48.23263299, -24.14342245], [-48.23252861, -24.1433365], [-48.2323792, -24.1433182], [-48.23191342, -24.14343933], [-48.23131499, -24.14346092], [-48.23074824, -24.14332454], [-48.23066898, -24.1432883], [-48.2306113, -24.14322048], [-48.23044704, -24.14294029], [-48.23040499, -24.14274158], [-48.23043125, -24.14252491], [-48.23047197, -24.14245726], [-48.23093309, -24.14220068], [-48.2310614, -24.14200224], [-48.2311024, -24.14179012], [-48.23101311, -24.14153715], [-48.23085056, -24.14132468], [-48.23068229, -24.14120251], [-48.23041007, -24.14109371], [-48.22946584, -24.14090252], [-48.22900827, -24.14091531], [-48.22889004, -24.14099186], [-48.2286269, -24.14127134], [-48.22838173, -24.1414741], [-48.22815591, -24.14153693], [-48.22803953, -24.14161348], [-48.22795077, -24.14171266], [-48.22790196, -24.14182996], [-48.2279187, -24.14207378], [-48.2278909, -24.14213694], [-48.22784345, -24.14218201], [-48.22776897, -24.14221801], [-48.22765456, -24.14223136], [-48.22754448, -24.14222666], [-48.22737057, -24.14216316], [-48.22726066, -24.1420772], [-48.22716495, -24.14195966], [-48.22710247, -24.14183765], [-48.22700953, -24.14156661], [-48.22695589, -24.14101573], [-48.22672689, -24.14050969], [-48.22673018, -24.14040134], [-48.22678818, -24.14030663], [-48.22729806, -24.14027588], [-48.22746173, -24.14023101], [-48.22765075, -24.14011845], [-48.22779506, -24.13991102], [-48.22787731, -24.1396809], [-48.22799888, -24.13946891], [-48.22813449, -24.13930661], [-48.22829639, -24.13922561], [-48.22868759, -24.13918563], [-48.22883207, -24.13920393], [-48.22928236, -24.13944847], [-48.22945198, -24.13950744], [-48.2295811, -24.1395212], [-48.22969123, -24.1394943], [-48.22976573, -24.13944927], [-48.22981445, -24.13937712], [-48.22973193, -24.13912416], [-48.22951608, -24.13880777], [-48.22830961, -24.13751454], [-48.2281656, -24.13726148], [-48.22813938, -24.13714856], [-48.22818256, -24.13708091], [-48.22837097, -24.13696384], [-48.22842058, -24.13675625], [-48.22839388, -24.1365711], [-48.22843954, -24.13649442], [-48.22850305, -24.13640875], [-48.22870535, -24.13641812], [-48.22889734, -24.13635523], [-48.22897864, -24.13629216], [-48.22900529, -24.13618836], [-48.22893246, -24.13601216], [-48.22876185, -24.13583581], [-48.22855096, -24.13550588], [-48.22851759, -24.13527557], [-48.22859431, -24.13504093], [-48.22858499, -24.13490583], [-48.22857936, -24.1348242], [-48.22853448, -24.1347684], [-48.22772484, -24.1337618], [-48.22757318, -24.13364417], [-48.22750441, -24.13358988], [-48.22746718, -24.13359786], [-48.22749536, -24.13358611], [-48.22716647, -24.13344935], [-48.2268741, -24.1332773], [-48.22675623, -24.13317778], [-48.22663297, -24.13300601], [-48.22657257, -24.13276663], [-48.22669475, -24.13255013], [-48.22684144, -24.13238332], [-48.22680649, -24.13202208], [-48.22673363, -24.13186395], [-48.22665753, -24.13178707], [-48.22638466, -24.13170534], [-48.22587484, -24.13172706], [-48.22580663, -24.13169986], [-48.22559242, -24.13150085], [-48.22527305, -24.13099466], [-48.22479405, -24.13036178], [-48.22426651, -24.13002228], [-48.22394516, -24.12958381], [-48.22394333, -24.12957929], [-48.2238074, -24.12929011], [-48.22357802, -24.12898724], [-48.22326929, -24.12870228], [-48.22285883, -24.12854808], [-48.22269796, -24.12843042], [-48.22269489, -24.12843042], [-48.22259438, -24.1282632], [-48.22253507, -24.12809605], [-48.22239015, -24.12768948], [-48.22218131, -24.12726925], [-48.22179001, -24.12676744], [-48.22166541, -24.12665436], [-48.22123417, -24.12613894], [-48.22059355, -24.12547868], [-48.2204296, -24.12536553], [-48.22016761, -24.12538314], [-48.22003699, -24.12550933], [-48.22000164, -24.12565826], [-48.21986652, -24.12588377], [-48.21977051, -24.12592423], [-48.21962176, -24.12589238], [-48.21959497, -24.1257614], [-48.21961551, -24.12564405], [-48.21972167, -24.12544558], [-48.21973048, -24.12535079], [-48.21950091, -24.12515174], [-48.21922242, -24.12511966], [-48.21850347, -24.12518163], [-48.21831232, -24.12516347], [-48.21806516, -24.1248242], [-48.21770903, -24.12517123], [-48.21714488, -24.12560367], [-48.21654635, -24.12600896], [-48.21643668, -24.12611713], [-48.21605986, -24.12635575], [-48.2149532, -24.12685948], [-48.21435199, -24.12707062], [-48.21388807, -24.12720074], [-48.2136283, -24.12733573], [-48.2134821, -24.1275567], [-48.21344735, -24.12770562], [-48.21354245, -24.12810309], [-48.21374798, -24.12862265], [-48.21373559, -24.12896575], [-48.21373366, -24.12900638], [-48.21371135, -24.12908761], [-48.21360469, -24.12922286], [-48.2132882, -24.12942096], [-48.21306921, -24.12945669], [-48.21284113, -24.1294292], [-48.21254249, -24.12932935], [-48.21213582, -24.12912998], [-48.21134854, -24.12862745], [-48.21118083, -24.1285504], [-48.21077949, -24.12845488], [-48.21043748, -24.12850845], [-48.21021283, -24.12860287], [-48.20999915, -24.12874696], [-48.20969715, -24.12907149], [-48.20952498, -24.12936013], [-48.20952065, -24.12937366], [-48.20918887, -24.13040244], [-48.20905167, -24.13072726], [-48.20867134, -24.13116], [-48.20833997, -24.13141223], [-48.20795497, -24.13201201], [-48.20780359, -24.1320614], [-48.20756815, -24.13202486], [-48.20739946, -24.13182591], [-48.20710916, -24.13127459], [-48.20690863, -24.13101237], [-48.20658299, -24.13088537], [-48.20648276, -24.13088519], [-48.2061123, -24.13101094], [-48.2058277, -24.13124519], [-48.20573137, -24.13143012], [-48.20572952, -24.13143464], [-48.2057114, -24.13185448], [-48.20575381, -24.13215253], [-48.2059655, -24.13265405], [-48.20608501, -24.13284388], [-48.20629181, -24.13304742], [-48.20666216, -24.1332648], [-48.20695712, -24.13336465], [-48.20761852, -24.13349676], [-48.20791084, -24.13368239], [-48.20804209, -24.13384516], [-48.20808817, -24.13415225], [-48.20801808, -24.13443655], [-48.20769756, -24.13478813], [-48.20753155, -24.13506323], [-48.2074072, -24.13541516], [-48.2073927, -24.13558218], [-48.20721658, -24.13598368], [-48.20711432, -24.13606476], [-48.20701096, -24.13608715], [-48.20681854, -24.13605971], [-48.20661581, -24.13596454], [-48.20636594, -24.13576996], [-48.20617968, -24.1357335], [-48.20600993, -24.13574674], [-48.20574336, -24.1358817], [-48.20557129, -24.13611616], [-48.20552325, -24.13643662], [-48.20554125, -24.13664433], [-48.20554366, -24.13666691], [-48.2057658, -24.13775085], [-48.20599141, -24.13865421], [-48.20601894, -24.13900641], [-48.20599143, -24.13921855], [-48.20579887, -24.13953875], [-48.20560404, -24.13977317], [-48.20523063, -24.14011562], [-48.20496454, -24.14031378], [-48.20470231, -24.14043069], [-48.20406854, -24.14058756], [-48.20392404, -24.14058278], [-48.20363393, -24.14050551], [-48.20342267, -24.14036968], [-48.20319439, -24.14014353], [-48.20267019, -24.13940215], [-48.20243938, -24.13921211], [-48.20219126, -24.13905816], [-48.20181095, -24.13889494], [-48.20155401, -24.13884029], [-48.20129331, -24.13881724], [-48.20106936, -24.13886649], [-48.2008809, -24.13899256], [-48.20069591, -24.13922247], [-48.20055124, -24.13957436], [-48.20044477, -24.14017462], [-48.20031165, -24.14058973], [-48.20022525, -24.14072953], [-48.20022486, -24.14119004], [-48.2002458, -24.14131042], [-48.20028377, -24.14152875], [-48.2005397, -24.14204841], [-48.20060806, -24.14228782], [-48.20059699, -24.14256771], [-48.20047025, -24.14287448], [-48.20052725, -24.1432448], [-48.20065541, -24.14341659], [-48.20108107, -24.14366117], [-48.20164947, -24.1438744], [-48.20182115, -24.144114], [-48.20184952, -24.14435784], [-48.20183471, -24.14466482], [-48.20172135, -24.14504385], [-48.20150706, -24.14544978], [-48.20089772, -24.14624326], [-48.20072278, -24.14665378], [-48.20058246, -24.14697858], [-48.20047696, -24.14741632], [-48.20049304, -24.14765563], [-48.20060738, -24.14796284], [-48.20073302, -24.14816172], [-48.20100056, -24.14844212], [-48.20114895, -24.14864555], [-48.20118346, -24.14889393], [-48.20110625, -24.14904729], [-48.20064676, -24.14936247], [-48.20033337, -24.14952443], [-48.19987784, -24.14971321], [-48.19966273, -24.14992952], [-48.19964459, -24.15006944], [-48.19966553, -24.15033585], [-48.19978236, -24.15084073], [-48.1997503, -24.15135591], [-48.19956446, -24.15176321], [-48.19936842, -24.15216076], [-48.19919507, -24.15247278], [-48.1991738, -24.15279019], [-48.17417345, -24.15238742], [-48.17398634, -24.15251591], [-48.17389521, -24.15255729], [-48.17355433, -24.15262433], [-48.17331629, -24.15263289], [-48.17267803, -24.15257291], [-48.17244052, -24.15261759], [-48.17219315, -24.15241393], [-48.17199438, -24.15230541], [-48.17186945, -24.1522372], [-48.17175644, -24.15217377], [-48.17148029, -24.15191587], [-48.17105661, -24.15137326], [-48.17082854, -24.15081297], [-48.1706797, -24.15055985], [-48.17008071, -24.15003041], [-48.16972554, -24.14989877], [-48.16894946, -24.14987011], [-48.1687378, -24.14991031], [-48.16811725, -24.14990905], [-48.16783611, -24.14968274], [-48.16757578, -24.14899597], [-48.16751028, -24.1486166], [-48.16756851, -24.14818782], [-48.1674998, -24.14811545], [-48.16735716, -24.14784427], [-48.16721046, -24.14772659], [-48.16661952, -24.14743644], [-48.16652063, -24.14738658], [-48.16569982, -24.14678896], [-48.16543812, -24.14666652], [-48.16505335, -24.14657544], [-48.16505274, -24.14657544], [-48.16476433, -24.14656582], [-48.16450896, -24.14662398], [-48.16417957, -24.14677229], [-48.163861, -24.14701994], [-48.16368215, -24.14697443], [-48.1634947, -24.14692438], [-48.16335586, -24.14686089], [-48.16334788, -24.14685636], [-48.16293493, -24.14672006], [-48.16262166, -24.1465614], [-48.16243079, -24.14640299], [-48.16224083, -24.14612268], [-48.16208172, -24.14579729], [-48.16198586, -24.14551718], [-48.16180398, -24.14520077], [-48.16143149, -24.14487042], [-48.16115841, -24.14463058], [-48.16085522, -24.14413333], [-48.16036263, -24.14362665], [-48.15997893, -24.14335497], [-48.15965395, -24.14321433], [-48.1586625, -24.14300458], [-48.15849648, -24.14299069], [-48.15800829, -24.14294904], [-48.15775667, -24.14298463], [-48.15708958, -24.14291551], [-48.15683088, -24.14282918], [-48.15654347, -24.14267056], [-48.15622862, -24.14241256], [-48.15610965, -24.14228138], [-48.15603498, -24.14213675], [-48.15597163, -24.14189282], [-48.15614141, -24.14113922], [-48.15612597, -24.14091796], [-48.1560679, -24.14077788], [-48.15582574, -24.14047488], [-48.1557599, -24.14024449], [-48.15575562, -24.13999166], [-48.1558827, -24.1395856], [-48.15628445, -24.13902662], [-48.15624937, -24.13879177], [-48.15605257, -24.13854756], [-48.15599861, -24.13848424], [-48.15592896, -24.13830351], [-48.15505819, -24.13756125], [-48.15495828, -24.13743011], [-48.1548032, -24.13722662], [-48.15479099, -24.13694668], [-48.15472128, -24.13678851], [-48.15456007, -24.13658049], [-48.15417164, -24.13624558], [-48.15398278, -24.13602847], [-48.15395232, -24.13591553], [-48.15395047, -24.13518414], [-48.15391945, -24.13504863], [-48.15391763, -24.1350396], [-48.15376213, -24.13476387], [-48.15344106, -24.13430268], [-48.15303145, -24.13383679], [-48.15284045, -24.13349326], [-48.15259659, -24.13314059], [-48.15246047, -24.1329868], [-48.15218516, -24.13267017], [-48.15209697, -24.13252551], [-48.15205117, -24.132399], [-48.15197762, -24.13230404], [-48.15193154, -24.1320466], [-48.1519833, -24.13151848], [-48.15195678, -24.13130623], [-48.15189447, -24.13114356], [-48.15171729, -24.13093099], [-48.15135517, -24.13065933], [-48.15116954, -24.13062733], [-48.15099804, -24.13059987], [-48.15089433, -24.13051839], [-48.15089878, -24.1304597], [-48.15094014, -24.13039658], [-48.15100547, -24.13033803], [-48.15123372, -24.13029337], [-48.1513341, -24.13023941], [-48.15141613, -24.13014026], [-48.15144409, -24.13002745], [-48.15138623, -24.1298061], [-48.15139691, -24.12972034], [-48.15155569, -24.12942722], [-48.15179005, -24.12915232], [-48.15195272, -24.12878246], [-48.15235857, -24.12829573], [-48.15238229, -24.12815582], [-48.15232794, -24.12800671], [-48.15217584, -24.12784837], [-48.15183352, -24.12777089], [-48.15077151, -24.12803048], [-48.15064484, -24.12803021], [-48.15032343, -24.12771348], [-48.15001984, -24.12715751], [-48.14967715, -24.12674593], [-48.14952464, -24.12651084], [-48.14928173, -24.12603626], [-48.14904693, -24.12575584], [-48.14902613, -24.12571516], [-48.14899615, -24.12565641], [-48.1484443, -24.12456264], [-48.14841732, -24.12453098], [-48.14793793, -24.12400182], [-48.14784909, -24.12390375], [-48.14775289, -24.12379756], [-48.14769194, -24.12373029], [-48.14750344, -24.12338676], [-48.14750939, -24.12322424], [-48.14761354, -24.12313417], [-48.14809139, -24.12286431], [-48.14821037, -24.12274267], [-48.14820222, -24.12256658], [-48.14807591, -24.12242634], [-48.14781013, -24.12224066], [-48.14762158, -24.12215448], [-48.14738858, -24.12213591], [-48.14679878, -24.1221843], [-48.14656024, -24.12216573], [-48.14634154, -24.1220885], [-48.14613473, -24.12193003], [-48.14597596, -24.12174007], [-48.14590084, -24.12154125], [-48.14582815, -24.1211167], [-48.14579536, -24.12048004], [-48.14561821, -24.12026295], [-48.14538722, -24.1201857], [-48.14511733, -24.12016705], [-48.1447498, -24.12009853], [-48.14378681, -24.11989326], [-48.14335245, -24.11975235], [-48.14295875, -24.11958444], [-48.1425941, -24.11935791], [-48.14231312, -24.11911349], [-48.14226116, -24.11899599], [-48.14225322, -24.11873863], [-48.14230387, -24.11864844], [-48.14250665, -24.11846378], [-48.1427946, -24.11839218], [-48.14293132, -24.11830669], [-48.14298995, -24.11822556], [-48.14300958, -24.11800437], [-48.14297452, -24.11777404], [-48.14300286, -24.11727747], [-48.14301844, -24.11719808], [-48.14304055, -24.11708539], [-48.14312063, -24.11667726], [-48.1431322, -24.11648315], [-48.14309565, -24.11635214], [-48.14290515, -24.11607632], [-48.14261487, -24.11586349], [-48.14241766, -24.11579985], [-48.1421292, -24.11559605], [-48.14208269, -24.11551468], [-48.14208409, -24.11544696], [-48.14222108, -24.11525764], [-48.14318485, -24.11444256], [-48.14349335, -24.11402788], [-48.14350489, -24.11384731], [-48.14347025, -24.11368921], [-48.14343164, -24.1137097], [-48.14329231, -24.11378364], [-48.1431778, -24.11377924], [-48.14304271, -24.11377406], [-48.14264396, -24.11366032], [-48.14142843, -24.11340933], [-48.14106799, -24.11322343], [-48.14092333, -24.11305607], [-48.14055974, -24.11290176], [-48.14019713, -24.11284227], [-48.13994113, -24.11269272], [-48.13956466, -24.11229006], [-48.13941425, -24.11220395], [-48.13917097, -24.11212666], [-48.13905413, -24.11213543], [-48.13880054, -24.11223871], [-48.13868498, -24.11222491], [-48.13852291, -24.11212974], [-48.1382967, -24.11187641], [-48.13815386, -24.11171807], [-48.13802836, -24.11151011], [-48.1379632, -24.11127068], [-48.13778566, -24.11098134], [-48.13732808, -24.11056496], [-48.13706891, -24.11045602], [-48.13682984, -24.11041486], [-48.13608621, -24.1102913], [-48.13557042, -24.11026758], [-48.13471057, -24.11029613], [-48.13455154, -24.11030142], [-48.13381008, -24.11028621], [-48.13349407, -24.11028098], [-48.13332936, -24.11025352], [-48.1331157, -24.11014017], [-48.13292891, -24.10986435], [-48.132932, -24.10962958], [-48.13300773, -24.10935886], [-48.13320035, -24.10906132], [-48.13335815, -24.10868243], [-48.13343815, -24.108195], [-48.13339596, -24.10787435], [-48.1330498, -24.10764783], [-48.13227612, -24.10773187], [-48.13169724, -24.10785247], [-48.13125154, -24.1078334], [-48.13072494, -24.10771934], [-48.13044945, -24.10773678], [-48.13027505, -24.10788537], [-48.13014727, -24.1080747], [-48.13009479, -24.10815585], [-48.1298235, -24.10912593], [-48.12945898, -24.11023575], [-48.12935393, -24.11065991], [-48.12931155, -24.111328], [-48.12927445, -24.11140467], [-48.12895576, -24.1114807], [-48.12875722, -24.11145767], [-48.12862215, -24.11138513], [-48.12843203, -24.11120862], [-48.1281894, -24.11089203], [-48.12799453, -24.11042656], [-48.12744842, -24.10934175], [-48.12726695, -24.1091472], [-48.12711462, -24.10909267], [-48.12700515, -24.10910145], [-48.12691461, -24.10915993], [-48.12683031, -24.10963831], [-48.12681852, -24.10990466], [-48.1268087, -24.11012587], [-48.12687878, -24.11058203], [-48.12702792, -24.11113318], [-48.12703202, -24.11143568], [-48.12691818, -24.11169728], [-48.12676451, -24.11190913], [-48.12621318, -24.11251737], [-48.12536874, -24.11328295], [-48.12426135, -24.11419691], [-48.12390604, -24.11439475], [-48.12371657, -24.11442591], [-48.12362984, -24.11443926], [-48.12345222, -24.11441176], [-48.1231722, -24.1142847], [-48.12265795, -24.11391781], [-48.12231484, -24.11392604], [-48.12220831, -24.11398449], [-48.12210595, -24.11408809], [-48.12207688, -24.11415123], [-48.12202748, -24.11425737], [-48.12193834, -24.11444889], [-48.12192865, -24.11448974], [-48.12192747, -24.11449473], [-48.12192671, -24.11449458], [-48.12184239, -24.1148504], [-48.12173943, -24.11495852], [-48.12163834, -24.11504406], [-48.12149487, -24.11511598], [-48.12139208, -24.11515184], [-48.12109175, -24.11525498], [-48.12086155, -24.11534926], [-48.12072946, -24.11542857], [-48.12061638, -24.11549647], [-48.1205844, -24.11551566], [-48.12047775, -24.11561475], [-48.12033351, -24.11574985], [-48.12032649, -24.11575936], [-48.12025018, -24.11586253], [-48.12020323, -24.11593916], [-48.12015141, -24.11607717], [-48.12014563, -24.11609255], [-48.12013407, -24.11617798], [-48.12009667, -24.1164536], [-48.12011702, -24.116587], [-48.1201897, -24.11706331], [-48.12023814, -24.11777225], [-48.12024468, -24.11780993], [-48.12025691, -24.11788067], [-48.12028363, -24.11803194], [-48.12029203, -24.11807939], [-48.12046648, -24.11858545], [-48.1204702, -24.11869655], [-48.12047614, -24.11887442], [-48.12029838, -24.11933904], [-48.12012413, -24.11964564], [-48.11989867, -24.11991494], [-48.1198638, -24.11995655], [-48.11954688, -24.12027665], [-48.11948027, -24.12034393], [-48.11928108, -24.12066264], [-48.11927459, -24.12067302], [-48.11923, -24.12086208], [-48.11914147, -24.12123708], [-48.11915004, -24.12139733], [-48.11915841, -24.12155313], [-48.11923699, -24.12203639], [-48.11923089, -24.12223956], [-48.11926109, -24.12243827], [-48.11932601, -24.12270084], [-48.11937055, -24.12288099], [-48.11936721, -24.12298031], [-48.11931952, -24.12310209], [-48.11923435, -24.12321476], [-48.11900597, -24.12330001], [-48.11887676, -24.12330413], [-48.1188744, -24.1233042], [-48.1187277, -24.12324192], [-48.1180514, -24.12295465], [-48.11739252, -24.12284475], [-48.11695519, -24.12289789], [-48.11665508, -24.12298136], [-48.11664935, -24.12298295], [-48.11639998, -24.12310429], [-48.11634945, -24.1231493], [-48.1161793, -24.12330241], [-48.11591339, -24.12362233], [-48.11551533, -24.12391487], [-48.11505132, -24.12449165], [-48.11474854, -24.1247575], [-48.11468209, -24.12481585], [-48.11449612, -24.12491018], [-48.11422603, -24.12497279], [-48.11421323, -24.12497249], [-48.11399728, -24.12496772], [-48.11356829, -24.12485689], [-48.11352106, -24.1248447], [-48.11351082, -24.12484445], [-48.1133114, -24.1248397], [-48.11308193, -24.12487979], [-48.1129581, -24.12496526], [-48.11288618, -24.12510467], [-48.11286041, -24.12515466], [-48.11289836, -24.12542562], [-48.11295154, -24.12553863], [-48.11312006, -24.12575122], [-48.11340297, -24.12594151], [-48.11389076, -24.12615219], [-48.11396004, -24.12618211], [-48.11403602, -24.12623054], [-48.1142516, -24.12636791], [-48.11447134, -24.12650815], [-48.1145143, -24.1265356], [-48.11455656, -24.12655863], [-48.11503803, -24.12682125], [-48.11519033, -24.12695334], [-48.11529384, -24.12704309], [-48.11540353, -24.12717879], [-48.11549581, -24.12737764], [-48.11549755, -24.12739237], [-48.11551562, -24.12754471], [-48.11550037, -24.12765448], [-48.1154874, -24.12774783], [-48.11548379, -24.12776938], [-48.11548365, -24.1277704], [-48.11545149, -24.1278473], [-48.11539884, -24.12797335], [-48.11525017, -24.12822887], [-48.11482171, -24.12896525], [-48.11466395, -24.12918266], [-48.11463528, -24.12922217], [-48.1142036, -24.12966357], [-48.11387696, -24.13015038], [-48.11330908, -24.13025741], [-48.11317134, -24.13024803], [-48.11261662, -24.13004808], [-48.11170469, -24.12961702], [-48.11169547, -24.12961506], [-48.111229, -24.12951657], [-48.11113181, -24.12952985], [-48.11052325, -24.12945619], [-48.10992961, -24.12917845], [-48.10981518, -24.12912493], [-48.10950351, -24.12894239], [-48.10945913, -24.12891638], [-48.10935666, -24.1288179], [-48.10919542, -24.12866291], [-48.10901301, -24.12835999], [-48.10896602, -24.12824599], [-48.10890494, -24.12809788], [-48.10882162, -24.12796035], [-48.10874335, -24.12783113], [-48.10864347, -24.12766715], [-48.10861116, -24.12761411], [-48.10841998, -24.12715313], [-48.10825012, -24.12699472], [-48.1080203, -24.12694], [-48.10745455, -24.12695667], [-48.10720259, -24.1269019], [-48.10687441, -24.12682886], [-48.10651143, -24.12689121], [-48.10639297, -24.1270354], [-48.10639864, -24.12707099], [-48.1064117, -24.12715282], [-48.10652057, -24.12735625], [-48.10681039, -24.1277136], [-48.10711704, -24.12799426], [-48.10750424, -24.12849182], [-48.10751947, -24.12854604], [-48.10749029, -24.12866604], [-48.10747778, -24.1287175], [-48.10739679, -24.1288753], [-48.10736216, -24.12894295], [-48.10714566, -24.12916817], [-48.10679119, -24.12969104], [-48.10661324, -24.13000899], [-48.10654645, -24.13012836], [-48.10649535, -24.13035849], [-48.10653059, -24.13115318], [-48.10662493, -24.13127981], [-48.10678682, -24.13165043], [-48.10768743, -24.13305216], [-48.10790962, -24.1335122], [-48.10791665, -24.13352677], [-48.10798241, -24.13375266], [-48.10792709, -24.13396473], [-48.10791653, -24.13398002], [-48.10782458, -24.13411345], [-48.10753382, -24.13428884], [-48.10724571, -24.13439649], [-48.10706574, -24.13454054], [-48.10696109, -24.13478858], [-48.10694456, -24.13488732], [-48.10692104, -24.13502781], [-48.10694298, -24.13510458], [-48.10699346, -24.1351937], [-48.10701211, -24.13522665], [-48.10715507, -24.13534438], [-48.10727053, -24.1353943], [-48.10728185, -24.13539513], [-48.10746419, -24.13540834], [-48.10824354, -24.13533797], [-48.10842087, -24.1353836], [-48.10843835, -24.13538813], [-48.10851681, -24.13542492], [-48.10867048, -24.13549701], [-48.10882557, -24.1356524], [-48.10890533, -24.13573234], [-48.10935611, -24.13637453], [-48.10953324, -24.13680383], [-48.10956485, -24.13715156], [-48.10939456, -24.13755294], [-48.10916936, -24.13782331], [-48.1087899, -24.13805715], [-48.10846288, -24.13813706], [-48.10836894, -24.13815999], [-48.10829843, -24.13824858], [-48.10825416, -24.13830419], [-48.10825396, -24.13830574], [-48.10825355, -24.13830868], [-48.1082511, -24.13838436], [-48.1082495, -24.1384351], [-48.10837181, -24.13889139], [-48.10839722, -24.13918953], [-48.10841882, -24.13944229], [-48.10837815, -24.13962957], [-48.10835712, -24.13972656], [-48.10826193, -24.13995942], [-48.10819485, -24.14012347], [-48.10819184, -24.14013224], [-48.10818863, -24.14014152], [-48.1078655, -24.14067348], [-48.10778262, -24.14084033], [-48.10754588, -24.14130303], [-48.10745733, -24.14147612], [-48.10731265, -24.14196337], [-48.10715791, -24.14232915], [-48.10703031, -24.14263087], [-48.10653874, -24.14312629], [-48.10618371, -24.14361302], [-48.10591562, -24.14381103], [-48.10584911, -24.14384701], [-48.10565202, -24.14395487], [-48.10556935, -24.14404046], [-48.10544346, -24.14410636], [-48.105432, -24.14411237], [-48.10541011, -24.14412929], [-48.10494941, -24.14448592], [-48.10437886, -24.14484571], [-48.10437826, -24.14484571], [-48.1042482, -24.1449821], [-48.10415064, -24.14508443], [-48.10394541, -24.14545414], [-48.1036434, -24.14632024], [-48.10342996, -24.14676218], [-48.10331965, -24.14693109], [-48.10314457, -24.14719938], [-48.1029272, -24.14749684], [-48.10274733, -24.14781242], [-48.10243029, -24.14856111], [-48.10202963, -24.14929149], [-48.10197569, -24.14944036], [-48.10187253, -24.14959361], [-48.10178216, -24.14972572], [-48.10137904, -24.15031476], [-48.10125698, -24.15041829], [-48.10048681, -24.15106779], [-48.10039752, -24.15114304], [-48.09983892, -24.15141256], [-48.09942349, -24.15151088], [-48.09938867, -24.15151245], [-48.09914178, -24.15152372], [-48.09899836, -24.15156853], [-48.09890221, -24.1516315], [-48.09888283, -24.15166562], [-48.09877427, -24.15185691], [-48.09871464, -24.1520509], [-48.09870827, -24.15233984], [-48.09877894, -24.15257476], [-48.0987907, -24.15272814], [-48.09879316, -24.1527599], [-48.098761, -24.15285789], [-48.09872364, -24.15297192], [-48.0986856, -24.15302379], [-48.09856494, -24.15318824], [-48.09846427, -24.15324245], [-48.09839801, -24.15327812], [-48.09832947, -24.15328693], [-48.09788119, -24.15334456], [-48.09765707, -24.15343431], [-48.09753743, -24.15353333], [-48.09748587, -24.15360543], [-48.09747045, -24.15362698], [-48.09740528, -24.15371813], [-48.09722148, -24.15411046], [-48.09709432, -24.15425911], [-48.09688403, -24.15436533], [-48.09679192, -24.15441185], [-48.09676062, -24.15442408], [-48.09629745, -24.15460475], [-48.09615687, -24.15473084], [-48.09584275, -24.15529439], [-48.09579158, -24.15550931], [-48.09578797, -24.1555245], [-48.09573224, -24.1556598], [-48.09567356, -24.15574093], [-48.09564995, -24.15580247], [-48.0954746, -24.15625962], [-48.09544793, -24.15674714], [-48.09550839, -24.15689537], [-48.09565251, -24.15724879], [-48.09566329, -24.15732518], [-48.09567478, -24.15740685], [-48.09564327, -24.15767315], [-48.09554838, -24.15793474], [-48.09560235, -24.15831285], [-48.09563156, -24.15851734], [-48.09561116, -24.15861773], [-48.09558849, -24.15872945], [-48.0953514, -24.15903587], [-48.09515676, -24.15913921], [-48.09488171, -24.15916561], [-48.09463391, -24.15914693], [-48.09461805, -24.1591502], [-48.09443762, -24.15918707], [-48.09429305, -24.1592438], [-48.09417467, -24.15929028], [-48.09365715, -24.15957792], [-48.09360348, -24.15958994], [-48.09331741, -24.15965382], [-48.09311041, -24.15977068], [-48.0930263, -24.15988328], [-48.09293874, -24.1600005], [-48.09283142, -24.16031174], [-48.09246972, -24.16073974], [-48.09245541, -24.16081105], [-48.09245162, -24.16082999], [-48.09245333, -24.16083533], [-48.09247476, -24.16090229], [-48.09255449, -24.16098374], [-48.09274748, -24.1610384], [-48.09284944, -24.16108381], [-48.09292194, -24.16111107], [-48.09299005, -24.1611609], [-48.09301225, -24.1612773], [-48.09301244, -24.16127836], [-48.09301044, -24.16130192], [-48.09300164, -24.16140471], [-48.09297785, -24.16146652], [-48.09296691, -24.16149493], [-48.09286553, -24.16158799], [-48.09286391, -24.16158947], [-48.09278865, -24.16166605], [-48.09265248, -24.16174695], [-48.09251039, -24.16179163], [-48.09246717, -24.1618052], [-48.09234602, -24.16179587], [-48.09232478, -24.16179007], [-48.09222927, -24.16176396], [-48.09194368, -24.1616233], [-48.09179075, -24.16154618], [-48.0917296, -24.16152963], [-48.09170654, -24.16152339], [-48.09163093, -24.16151417], [-48.09152836, -24.16146878], [-48.0913644, -24.16137806], [-48.09123304, -24.16125888], [-48.09121473, -24.16124225], [-48.09099684, -24.16088053], [-48.09081867, -24.16079882], [-48.09076823, -24.16079804], [-48.09047859, -24.16079346], [-48.0904405, -24.1607677], [-48.0903245, -24.16068922], [-48.09017509, -24.16049327], [-48.09007273, -24.160359], [-48.08999756, -24.16019631], [-48.08993687, -24.15992077], [-48.08991582, -24.15989254], [-48.08988968, -24.15985746], [-48.08982402, -24.15981211], [-48.08979946, -24.15980345], [-48.08970789, -24.15977119], [-48.08961803, -24.15978901], [-48.08940992, -24.15986976], [-48.08928912, -24.1599462], [-48.08926995, -24.1599512], [-48.08911677, -24.15999093], [-48.08898826, -24.15998156], [-48.08896367, -24.15997608], [-48.08888623, -24.15995875], [-48.08870387, -24.15984541], [-48.08855131, -24.1596554], [-48.08845067, -24.15957841], [-48.08764501, -24.15996466], [-48.08753607, -24.15999147], [-48.08702247, -24.15999918], [-48.08686199, -24.16004954], [-48.08672266, -24.16009323], [-48.0865618, -24.16020118], [-48.08646712, -24.16038603], [-48.08644823, -24.16053497], [-48.08648257, -24.16077119], [-48.08654405, -24.16119436], [-48.0865408, -24.16137562], [-48.0865396, -24.16144267], [-48.08646309, -24.16152824], [-48.08644521, -24.16153496], [-48.08618782, -24.16163137], [-48.08599347, -24.16163089], [-48.08544306, -24.16146673], [-48.08530643, -24.16142599], [-48.08527242, -24.16142517], [-48.08509979, -24.16142097], [-48.08486407, -24.16146549], [-48.08431204, -24.16144506], [-48.08420849, -24.16144125], [-48.08415558, -24.16143494], [-48.0838605, -24.16139972], [-48.08359761, -24.16137998], [-48.08354935, -24.16137636], [-48.08351515, -24.16136724], [-48.0833957, -24.16133535], [-48.083303, -24.16129585], [-48.08327836, -24.16128536], [-48.0832648, -24.16126842], [-48.08319874, -24.16118585], [-48.08314126, -24.16106381], [-48.08308596, -24.16084696], [-48.08308857, -24.16069791], [-48.08309337, -24.16042261], [-48.08307619, -24.16037382], [-48.08306473, -24.16034126], [-48.08305273, -24.16030736], [-48.08303912, -24.16026897], [-48.08303721, -24.16026666], [-48.08296435, -24.16017849], [-48.08286623, -24.16010487], [-48.08281339, -24.16006523], [-48.08272668, -24.16004014], [-48.08257742, -24.1599969], [-48.08226672, -24.16002318], [-48.08131232, -24.16038192], [-48.08090187, -24.16043503], [-48.08072344, -24.16037497], [-48.08061801, -24.1603395], [-48.08052247, -24.16026986], [-48.08046887, -24.16023076], [-48.08032005, -24.16002726], [-48.08021607, -24.1600034], [-48.08018052, -24.15999527], [-48.08008016, -24.16003565], [-48.08001968, -24.16008756], [-48.0799858, -24.16011666], [-48.07975595, -24.16043794], [-48.07961828, -24.16063038], [-48.07948329, -24.16071131], [-48.07913856, -24.16080974], [-48.07889141, -24.16078203], [-48.07870317, -24.16070963], [-48.07864321, -24.16068657], [-48.07860791, -24.16064612], [-48.07854454, -24.16057345], [-48.07853012, -24.16053028], [-48.07851284, -24.16047857], [-48.07855554, -24.16029653], [-48.07857952, -24.16019432], [-48.07870283, -24.16004155], [-48.07881229, -24.159906], [-48.07902686, -24.15973947], [-48.07911524, -24.15959974], [-48.07911553, -24.15950043], [-48.07906032, -24.15944612], [-48.07894177, -24.15939613], [-48.078804, -24.15939578], [-48.07876501, -24.15939995], [-48.07859913, -24.15941782], [-48.07844525, -24.15945356], [-48.07829513, -24.15946218], [-48.0780009, -24.15955722], [-48.07797624, -24.1595652], [-48.07794758, -24.15956942], [-48.07770487, -24.15960516], [-48.07754512, -24.15957789], [-48.07751675, -24.15957306], [-48.07750132, -24.15956243], [-48.07731237, -24.15943256], [-48.07717076, -24.15928772], [-48.07702507, -24.15899344], [-48.07692686, -24.15879498], [-48.07675353, -24.15856879], [-48.07647857, -24.15836944], [-48.07636488, -24.15833303], [-48.0762903, -24.15828582], [-48.07595666, -24.15807463], [-48.07585686, -24.15794442], [-48.07577288, -24.15783487], [-48.07568539, -24.15749153], [-48.07569577, -24.15738418], [-48.07570634, -24.15727488], [-48.07577161, -24.15703326], [-48.07579409, -24.15695007], [-48.07581347, -24.15691538], [-48.0758924, -24.15677425], [-48.0759345, -24.156722], [-48.07606652, -24.15655797], [-48.07606964, -24.15648218], [-48.07607317, -24.15639548], [-48.07603613, -24.15631321], [-48.0760182, -24.15627344], [-48.07597573, -24.15624541], [-48.07587395, -24.15617827], [-48.07573325, -24.15613275], [-48.07573017, -24.15613275], [-48.07552404, -24.15614384], [-48.07549026, -24.15614566], [-48.07513884, -24.15622599], [-48.07442688, -24.15653114], [-48.07403235, -24.15682807], [-48.07387159, -24.15686916], [-48.07352515, -24.1569577], [-48.07343945, -24.1570576], [-48.0734208, -24.15707931], [-48.07338279, -24.15725077], [-48.07343515, -24.15756572], [-48.07348117, -24.15784244], [-48.07344215, -24.15793264], [-48.07328742, -24.1580155], [-48.07326595, -24.15802701], [-48.07308199, -24.15805358], [-48.07304065, -24.15805283], [-48.07279783, -24.15804833], [-48.07248574, -24.15797438], [-48.07235472, -24.15794335], [-48.07227186, -24.15789162], [-48.07210059, -24.15778466], [-48.07165471, -24.15737717], [-48.07150147, -24.15729411], [-48.07149568, -24.15729097], [-48.07148001, -24.1572872], [-48.07132605, -24.1572499], [-48.07106772, -24.15726747], [-48.07100676, -24.15727164], [-48.07086321, -24.15737903], [-48.07066398, -24.15752806], [-48.07063666, -24.15760279], [-48.07055668, -24.15782124], [-48.07063026, -24.15848509], [-48.0706712, -24.15856646], [-48.07078053, -24.15878043], [-48.07079593, -24.15881054], [-48.07088774, -24.15890502], [-48.07126677, -24.15929489], [-48.07127916, -24.15933997], [-48.07129413, -24.1593943], [-48.07128162, -24.15963206], [-48.07127845, -24.15969223], [-48.07115576, -24.16017949], [-48.0711286, -24.1606954], [-48.07110869, -24.16107326], [-48.07080162, -24.16170904], [-48.0707878, -24.16173415], [-48.07047935, -24.16229509], [-48.07027115, -24.16278663], [-48.06997554, -24.1632915], [-48.07036483, -24.163902], [-48.07060212, -24.16413738], [-48.07075015, -24.16421003], [-48.07131866, -24.16434694], [-48.07172649, -24.16449315], [-48.07178805, -24.16451523], [-48.07198502, -24.16467374], [-48.07202237, -24.1647344], [-48.07209086, -24.16484559], [-48.07210266, -24.16499137], [-48.07210806, -24.16505783], [-48.07204078, -24.16533757], [-48.07185142, -24.16569373], [-48.07165506, -24.16594153], [-48.07142308, -24.16636076], [-48.07138549, -24.16653105], [-48.07137129, -24.16659538], [-48.0714917, -24.16673633], [-48.07151044, -24.16675827], [-48.07153001, -24.16677074], [-48.07158899, -24.16680817], [-48.0716616, -24.16681119], [-48.07193217, -24.1668226], [-48.07198877, -24.16684488], [-48.07203603, -24.1668635], [-48.07219992, -24.16704276], [-48.07225115, -24.16709883], [-48.07234457, -24.16728299], [-48.07242539, -24.16744239], [-48.07243214, -24.16763127], [-48.07243729, -24.16777653], [-48.07241429, -24.16789357], [-48.07238852, -24.16802468], [-48.07232775, -24.16820702], [-48.0721706, -24.16867875], [-48.0721628, -24.16908143], [-48.07215959, -24.16924755], [-48.07223236, -24.1693832], [-48.07228817, -24.16944898], [-48.07243584, -24.16962299], [-48.07251454, -24.1697619], [-48.07251781, -24.16976769], [-48.07257247, -24.1699474], [-48.07260854, -24.17006589], [-48.07261414, -24.17015432], [-48.0726314, -24.17042713], [-48.07288662, -24.17076915], [-48.07294871, -24.17085233], [-48.07293808, -24.17096841], [-48.07292515, -24.1711096], [-48.07284878, -24.17124571], [-48.07275567, -24.17141165], [-48.07274266, -24.17166226], [-48.07273996, -24.17171409], [-48.07287174, -24.17215064], [-48.07288181, -24.17218399], [-48.07303464, -24.17289318], [-48.07304869, -24.17331308], [-48.07294694, -24.17359273], [-48.07295409, -24.17379679], [-48.07295768, -24.17389973], [-48.07295879, -24.17394041], [-48.07301109, -24.17403363], [-48.07311354, -24.17421617], [-48.07331214, -24.17444514], [-48.07335687, -24.17449673], [-48.07340484, -24.17453186], [-48.07352995, -24.17462361], [-48.0735867, -24.17465177], [-48.07374922, -24.1747325], [-48.07386861, -24.17477005], [-48.07411119, -24.17484633], [-48.07425387, -24.17485572], [-48.07460686, -24.17508239], [-48.07486078, -24.17531779], [-48.07515527, -24.17568405], [-48.07519905, -24.17573851], [-48.07531549, -24.17580994], [-48.07569453, -24.17604232], [-48.07588708, -24.17623244], [-48.07600027, -24.17643135], [-48.07602208, -24.17665981], [-48.07602827, -24.17672488], [-48.07600109, -24.17678253], [-48.07594531, -24.17690074], [-48.07594396, -24.17690247], [-48.07568467, -24.17724318], [-48.07556467, -24.17745506], [-48.0755175, -24.17759036], [-48.07548364, -24.17779343], [-48.07548789, -24.17780483], [-48.07554588, -24.17796065], [-48.07560666, -24.17807561], [-48.07562478, -24.17810981], [-48.07577074, -24.17824644], [-48.07588116, -24.17834978], [-48.07633772, -24.17864519], [-48.07642755, -24.17870332], [-48.07663226, -24.17898409], [-48.07705416, -24.17956273], [-48.07714102, -24.17963218], [-48.07722969, -24.17970315], [-48.07728078, -24.17971227], [-48.07730654, -24.17971688], [-48.07740879, -24.17976394], [-48.07761247, -24.17985761], [-48.07779939, -24.18001827], [-48.07781798, -24.18003425], [-48.07801894, -24.18030111], [-48.07821857, -24.18079825], [-48.07833924, -24.18096559], [-48.07836982, -24.18099541], [-48.07843675, -24.18106066], [-48.07872816, -24.1811246], [-48.0789687, -24.18111622], [-48.07912877, -24.18107145], [-48.0794205, -24.18088783], [-48.07949302, -24.18084215], [-48.0796778, -24.18077944], [-48.07974658, -24.1807678], [-48.07991473, -24.1807394], [-48.08018963, -24.1807672], [-48.08047481, -24.1808492], [-48.08067951, -24.18109351], [-48.08070698, -24.18116582], [-48.08071961, -24.18126067], [-48.0807304, -24.1817618], [-48.08076567, -24.18188828], [-48.08081706, -24.18197872], [-48.08086731, -24.18202836], [-48.08089497, -24.18205569], [-48.08092224, -24.18206765], [-48.08098834, -24.18209655], [-48.0811192, -24.18215108], [-48.08117659, -24.18218233], [-48.08119415, -24.1821919], [-48.08123984, -24.18223266], [-48.08124995, -24.18224169], [-48.08128042, -24.1822828], [-48.08131369, -24.18232763], [-48.08135819, -24.18245865], [-48.08139792, -24.18294635], [-48.08137069, -24.18340227], [-48.08138286, -24.18344308], [-48.08155275, -24.18401221], [-48.08154768, -24.18409086], [-48.08153727, -24.18425142], [-48.08151423, -24.18434167], [-48.08129186, -24.18456855], [-48.08113904, -24.18472446], [-48.08060762, -24.1855041], [-48.08045805, -24.18572494], [-48.0803581, -24.18594702], [-48.08020226, -24.18629311], [-48.08010657, -24.18656407], [-48.07998879, -24.18689753], [-48.07996931, -24.18705135], [-48.07992764, -24.18738045], [-48.07993498, -24.1875387], [-48.07993746, -24.18759264], [-48.07995489, -24.18768187], [-48.08003377, -24.18808499], [-48.0802248, -24.18837892], [-48.08046542, -24.18864414], [-48.08094339, -24.18917083], [-48.08180656, -24.18975995], [-48.08200978, -24.18997871], [-48.08203772, -24.19000883], [-48.08207769, -24.19011725], [-48.08209264, -24.19015796], [-48.08204725, -24.19071766], [-48.08199074, -24.19147935], [-48.08219398, -24.19214702], [-48.08260188, -24.19231974], [-48.0830009, -24.19221689], [-48.08326344, -24.19189177], [-48.08356108, -24.19151008], [-48.08385664, -24.1912201], [-48.08432761, -24.19103542], [-48.08481149, -24.19104011], [-48.08527903, -24.19122694], [-48.08573702, -24.1916129], [-48.08632346, -24.19221541], [-48.08692888, -24.192961], [-48.08739731, -24.19337774], [-48.08814693, -24.19364694], [-48.08910277, -24.19364482], [-48.08971493, -24.19360555], [-48.09023613, -24.19365629], [-48.09042773, -24.19374031], [-48.09049213, -24.19376855], [-48.09086031, -24.19371967], [-48.08923393, -24.19581328], [-48.08908927, -24.19598674], [-48.08880869, -24.19620273], [-48.08830284, -24.19644426], [-48.08820677, -24.19649014], [-48.08818698, -24.19649671], [-48.08792348, -24.19658423], [-48.08758703, -24.19676396], [-48.0873697, -24.1970162], [-48.0873697, -24.19701623], [-48.08721987, -24.19733187], [-48.08660975, -24.19829193], [-48.08652808, -24.198371], [-48.08605626, -24.19882775], [-48.08588326, -24.19906658], [-48.08576357, -24.19918366], [-48.08559637, -24.19934576], [-48.08559635, -24.19934578], [-48.08543233, -24.19947176], [-48.08510269, -24.19983208], [-48.0849848, -24.19989649], [-48.0849135, -24.19993545], [-48.08407921, -24.2001455], [-48.08373367, -24.20028005], [-48.08347032, -24.20048706], [-48.08322954, -24.20076184], [-48.08302005, -24.20086062], [-48.08282687, -24.2008601], [-48.082656, -24.20080552], [-48.08245532, -24.20064247], [-48.08225972, -24.20042076], [-48.08206443, -24.20030288], [-48.08187219, -24.20029833], [-48.08163688, -24.20029275], [-48.08159729, -24.20031367], [-48.08133924, -24.20044999], [-48.08123956, -24.20054548], [-48.08117424, -24.20060803], [-48.0810807, -24.20069764], [-48.08053902, -24.20102948], [-48.08053682, -24.20103453], [-48.08051891, -24.20103853], [-48.08006634, -24.20123678], [-48.08001517, -24.20123802], [-48.07989652, -24.20124086], [-48.07965362, -24.20123174], [-48.07963733, -24.20123538], [-48.07950393, -24.20119892], [-48.07953356, -24.20136603], [-48.07956924, -24.20156928], [-48.07944995, -24.20215135], [-48.07915702, -24.20257497], [-48.0786652, -24.20305224], [-48.07851746, -24.20327759], [-48.07572838, -24.20570372], [-48.07511038, -24.20658697], [-48.0745629, -24.20714535], [-48.07347216, -24.20809056], [-48.07203701, -24.20917933], [-48.07082822, -24.21028222], [-48.06964096, -24.211182], [-48.06896799, -24.21152333], [-48.06865459, -24.21159022], [-48.06816963, -24.21162506], [-48.06789471, -24.21158822], [-48.06759588, -24.21152422], [-48.06745136, -24.21150126], [-48.06737135, -24.21150557], [-48.06685055, -24.21178409], [-48.06652253, -24.21199992], [-48.06630024, -24.21224763], [-48.06615989, -24.21246395], [-48.06610826, -24.21263988], [-48.06607839, -24.2139129], [-48.06601914, -24.21435969], [-48.06586203, -24.21481524], [-48.06574272, -24.21499099], [-48.06535253, -24.21540529], [-48.06469949, -24.215855], [-48.0644111, -24.21598967], [-48.06420844, -24.21605684], [-48.06406191, -24.21608354], [-48.06394676, -24.21611032], [-48.06383678, -24.21606037], [-48.06374946, -24.21604207], [-48.06346086, -24.21605033], [-48.06326374, -24.21611752], [-48.06289509, -24.21633323], [-48.06256507, -24.21659419], [-48.06220157, -24.21712593], [-48.06208059, -24.21724299], [-48.06156764, -24.21755763], [-48.0614182, -24.21772426], [-48.06129857, -24.2178052], [-48.0612451, -24.21797661], [-48.06102913, -24.21835977], [-48.06075437, -24.21865247], [-48.06046758, -24.21885937], [-48.06008298, -24.21905697], [-48.05974734, -24.21914636], [-48.05912197, -24.21920788], [-48.05859064, -24.21930124], [-48.05746616, -24.21938398], [-48.05640526, -24.2195978], [-48.05611978, -24.21958799], [-48.05588246, -24.21952414], [-48.05567549, -24.21940169], [-48.05534158, -24.21933757], [-48.05508417, -24.21940008], [-48.05483018, -24.21954385], [-48.05473689, -24.21966097], [-48.05470886, -24.21976473], [-48.0546856, -24.22048699], [-48.05468678, -24.22050054], [-48.05493758, -24.22172014], [-48.05496047, -24.22225292], [-48.05493243, -24.22274041], [-48.05489438, -24.22289831], [-48.05489375, -24.22290283], [-48.05491705, -24.22349881], [-48.05495998, -24.22373368], [-48.05531788, -24.22456532], [-48.05539432, -24.22490412], [-48.05286805, -24.22443701], [-48.05286791, -24.22443758], [-48.04392232, -24.22278526], [-48.04022003, -24.22210126], [-48.04021784, -24.2221023], [-48.03993077, -24.22223863], [-48.03947774, -24.22245377], [-48.03913978, -24.22267854], [-48.03882627, -24.22294852], [-48.0386618, -24.22318281], [-48.03856257, -24.22339226], [-48.0385614, -24.22339471], [-48.03858106, -24.22358889], [-48.03854466, -24.2238018], [-48.03854403, -24.22380549], [-48.03833789, -24.22417058], [-48.03807105, -24.22446778], [-48.037691, -24.22476466], [-48.03753404, -24.22514344], [-48.03741046, -24.22529207], [-48.03730294, -24.2254272], [-48.03706852, -24.22559808], [-48.03626987, -24.22593892], [-48.03556657, -24.22628454], [-48.03521877, -24.22631967], [-48.03478408, -24.22621008], [-48.03450583, -24.22624089], [-48.03408047, -24.2264654], [-48.0338779, -24.22668152], [-48.03380549, -24.2268032], [-48.0337397, -24.22707871], [-48.0337387, -24.22708291], [-48.03375541, -24.22777819], [-48.0337639, -24.22781433], [-48.03382343, -24.22804474], [-48.03400709, -24.22832517], [-48.03453206, -24.22885035], [-48.03493591, -24.22916751], [-48.03514969, -24.22945705], [-48.03525758, -24.22976323], [-48.03529965, -24.23006272], [-48.03530024, -24.23006694], [-48.00598805, -24.2319669], [-48.00391966, -24.23377391], [-48.00217148, -24.23530111], [-47.99248995, -24.24375773], [-47.99024924, -24.24009576], [-47.9823792, -24.22723183], [-47.96683439, -24.21007077], [-47.96259839, -24.20886062], [-47.95235637, -24.20593416], [-47.94769052, -24.21460423], [-47.94727832, -24.21537014], [-47.94721196, -24.21535519], [-47.94698693, -24.21528459], [-47.94681927, -24.215232], [-47.94631324, -24.2149865], [-47.94627688, -24.21495811], [-47.94602864, -24.21476431], [-47.94579217, -24.2145107], [-47.94560195, -24.21422112], [-47.94517936, -24.21373663], [-47.94513357, -24.2136697], [-47.94502459, -24.21351038], [-47.94486918, -24.21313967], [-47.94486436, -24.21312311], [-47.9447745, -24.21281429], [-47.94476649, -24.21264036], [-47.94475698, -24.21243501], [-47.94479272, -24.21202267], [-47.94479338, -24.2120151], [-47.94480669, -24.21186183], [-47.94484289, -24.2116864], [-47.9449278, -24.21127536], [-47.94501029, -24.21097736], [-47.94509133, -24.21068465], [-47.94514508, -24.21049055], [-47.94509353, -24.20998746], [-47.94506962, -24.20975422], [-47.94506872, -24.20974541], [-47.94510702, -24.20948983], [-47.94514215, -24.20925526], [-47.94518633, -24.20896026], [-47.94503772, -24.208346], [-47.94501144, -24.20823734], [-47.94500226, -24.20812675], [-47.94499795, -24.20807476], [-47.94508233, -24.2076295], [-47.9451262, -24.20739803], [-47.94512282, -24.2071723], [-47.94510087, -24.20710441], [-47.94504685, -24.20693726], [-47.94495215, -24.20677442], [-47.94492665, -24.2066331], [-47.94492405, -24.20661869], [-47.94489917, -24.2064808], [-47.9449401, -24.20638234], [-47.94512412, -24.2059398], [-47.94517779, -24.20570501], [-47.94522621, -24.20549322], [-47.94521428, -24.20530343], [-47.94521174, -24.20526293], [-47.94516014, -24.20509801], [-47.94513401, -24.20501438], [-47.94502415, -24.20491266], [-47.94482566, -24.20472889], [-47.94468082, -24.20463813], [-47.94424656, -24.20445607], [-47.94352866, -24.20428206], [-47.94301702, -24.20409761], [-47.94295975, -24.20407698], [-47.94288242, -24.20403973], [-47.94263861, -24.20392238], [-47.9424016, -24.2036552], [-47.94196432, -24.20330609], [-47.94171628, -24.20293973], [-47.92893107, -24.20226473], [-47.91040843, -24.20128491], [-47.9046544, -24.19161781], [-47.89623353, -24.17746722], [-47.89564316, -24.1776756], [-47.89471734, -24.1779644], [-47.89404013, -24.17818589], [-47.8932701, -24.17832568], [-47.89251953, -24.17831907], [-47.8917666, -24.17820819], [-47.8914804, -24.17817142], [-47.89105961, -24.17811729], [-47.89032941, -24.17800598], [-47.89004209, -24.17798674], [-47.88960061, -24.17795721], [-47.88915205, -24.17797821], [-47.88885097, -24.1779923], [-47.88798935, -24.17809478], [-47.88780769, -24.17811639], [-47.88772209, -24.17813938], [-47.88697136, -24.17834084], [-47.88650897, -24.17839908], [-47.88599628, -24.17846363], [-47.88573421, -24.17846858], [-47.88470062, -24.17848816], [-47.88356409, -24.17850967], [-47.88304022, -24.17849051], [-47.88281304, -24.17848218], [-47.88167229, -24.17831601], [-47.88064563, -24.1781685], [-47.88012331, -24.17810811], [-47.87987048, -24.17807887], [-47.87964286, -24.17808317], [-47.87930218, -24.17808961], [-47.87866753, -24.17812168], [-47.87864346, -24.17812292], [-47.87846442, -24.17814235], [-47.87771336, -24.17822394], [-47.87726143, -24.17820008], [-47.87691971, -24.17818204], [-47.87631571, -24.17821347], [-47.87595206, -24.17828078], [-47.87338347, -24.1713235], [-47.86669229, -24.15319622], [-47.86664032, -24.15319242], [-47.8665968, -24.15318927], [-47.86644394, -24.15316275], [-47.86643702, -24.15316156], [-47.86641997, -24.15316224], [-47.86633367, -24.15316566], [-47.86616627, -24.1531921], [-47.86571506, -24.15327162], [-47.86468104, -24.15330372], [-47.86366155, -24.15339004], [-47.86343734, -24.15345689], [-47.86313758, -24.15359011], [-47.86255109, -24.15385072], [-47.86221391, -24.1540401], [-47.86182468, -24.15425872], [-47.86065343, -24.15483653], [-47.86036474, -24.15502051], [-47.86024137, -24.15513553], [-47.86008983, -24.15527677], [-47.86004191, -24.15534965], [-47.85996844, -24.15546139], [-47.8598976, -24.15565685], [-47.8598949, -24.15566426], [-47.8598946, -24.15566517], [-47.85989178, -24.15567327], [-47.85984424, -24.15570682], [-47.8596499, -24.15584391], [-47.85950791, -24.15592665], [-47.85913433, -24.15614437], [-47.85874436, -24.15628278], [-47.85871688, -24.15628805], [-47.858375, -24.15635357], [-47.85735084, -24.15637663], [-47.85734056, -24.15637763], [-47.85722038, -24.15638964], [-47.85710014, -24.1564524], [-47.8566935, -24.15664882], [-47.85662732, -24.15668077], [-47.85661192, -24.15668973], [-47.85653745, -24.15671323], [-47.85637169, -24.15676555], [-47.85613379, -24.156802], [-47.85611317, -24.15680516], [-47.85601839, -24.15680546], [-47.85545998, -24.15680708], [-47.85432052, -24.15675744], [-47.85341531, -24.15660887], [-47.8532776, -24.15658627], [-47.85290312, -24.15656671], [-47.85274448, -24.15661435], [-47.85242826, -24.15670932], [-47.85232351, -24.15684827], [-47.85224503, -24.15695236], [-47.85215915, -24.15729966], [-47.85216519, -24.1573788], [-47.85216653, -24.15739654], [-47.85218114, -24.1575887], [-47.85225575, -24.15789047], [-47.85227832, -24.15798185], [-47.85228777, -24.1581081], [-47.85231073, -24.15841541], [-47.85227512, -24.15857622], [-47.85226176, -24.15863668], [-47.85225983, -24.15864544], [-47.85215835, -24.15877146], [-47.85205897, -24.15884329], [-47.85159186, -24.15905029], [-47.85158441, -24.15905361], [-47.8510707, -24.159208], [-47.85054654, -24.15936551], [-47.85041845, -24.15941967], [-47.85010219, -24.15955336], [-47.84985111, -24.15971488], [-47.84980939, -24.15977423], [-47.8496833, -24.15995349], [-47.84965426, -24.16003958], [-47.84963463, -24.16009777], [-47.84963084, -24.16025125], [-47.84963574, -24.16026758], [-47.84963627, -24.16026934], [-47.84963539, -24.16026864], [-47.84935282, -24.16004373], [-47.8491859, -24.15991089], [-47.84891137, -24.15961556], [-47.8487141, -24.15940335], [-47.84846254, -24.1590141], [-47.84831274, -24.15856652], [-47.8478943, -24.15834814], [-47.84757668, -24.15827015], [-47.84732272, -24.15826011], [-47.84695895, -24.15832182], [-47.84662252, -24.1584469], [-47.84645321, -24.15848617], [-47.84606773, -24.1585756], [-47.84502387, -24.15859849], [-47.84460326, -24.15870517], [-47.84453574, -24.15874162], [-47.84449537, -24.15876342], [-47.84407298, -24.15911387], [-47.84399279, -24.15922072], [-47.84379259, -24.15948747], [-47.84356734, -24.15990191], [-47.84348605, -24.15998641], [-47.84345484, -24.16001886], [-47.8432012, -24.16019391], [-47.8429141, -24.16029205], [-47.84216806, -24.16015362], [-47.84210592, -24.16015707], [-47.8416353, -24.16018307], [-47.84130731, -24.16008693], [-47.84116748, -24.16000058], [-47.8407137, -24.15971887], [-47.84045655, -24.15966499], [-47.8403401, -24.15964059], [-47.83993461, -24.15972615], [-47.83997196, -24.16000985], [-47.84126075, -24.16979819], [-47.84117453, -24.16977103], [-47.8386813, -24.1689857], [-47.83531749, -24.17236582], [-47.83126549, -24.16917962], [-47.82853393, -24.16994291], [-47.82556737, -24.16681866], [-47.82356837, -24.16566065], [-47.82102858, -24.16418934], [-47.81607809, -24.16521095], [-47.81448979, -24.16554195], [-47.81178801, -24.16458619], [-47.81204008, -24.16245743], [-47.81064256, -24.16111832], [-47.80842723, -24.15899541], [-47.80831284, -24.15888579], [-47.80978518, -24.15710044], [-47.80994278, -24.15690933], [-47.80870638, -24.15572622], [-47.80219475, -24.15340648], [-47.80065893, -24.15236367], [-47.79951144, -24.15333493], [-47.79898225, -24.15378282], [-47.79666208, -24.15344854], [-47.79557098, -24.15270048], [-47.79398983, -24.15161642], [-47.79397132, -24.15160373], [-47.79452679, -24.14901071], [-47.79458449, -24.14874137], [-47.79424913, -24.14802009], [-47.79387587, -24.14721723], [-47.79378537, -24.14716963], [-47.79209999, -24.14628317], [-47.79196272, -24.14621097], [-47.79368031, -24.14403625], [-47.79375195, -24.14394554], [-47.79370725, -24.14361627], [-47.79339872, -24.14134284], [-47.78938136, -24.13818797], [-47.78868868, -24.13240933], [-47.78865606, -24.13213715], [-47.78909617, -24.13197187], [-47.79323684, -24.13041656], [-47.79338555, -24.1303607], [-47.79013407, -24.12282043], [-47.79007499, -24.12268342], [-47.79090023, -24.12136213], [-47.79100714, -24.12119094], [-47.79079063, -24.12075166], [-47.79062223, -24.12040995], [-47.79055872, -24.12028109], [-47.79152536, -24.11872404], [-47.79173226, -24.11839076], [-47.79383524, -24.11679513], [-47.7939463, -24.11671086], [-47.79106683, -24.10754153], [-47.79104908, -24.10748501], [-47.79114766, -24.10708978], [-47.79135051, -24.10656146], [-47.79144986, -24.10628914], [-47.79151908, -24.10609935], [-47.79159667, -24.10580504], [-47.79165288, -24.10559183], [-47.7916841, -24.10547336], [-47.79173772, -24.10465272], [-47.79168709, -24.10396509], [-47.79165832, -24.10375455], [-47.79161246, -24.10341889], [-47.79160218, -24.10334369], [-47.79156387, -24.10314196], [-47.79161997, -24.10312746], [-47.79170446, -24.10310562], [-47.79185195, -24.1031018], [-47.79185449, -24.10310175], [-47.79209188, -24.10320212], [-47.79217853, -24.10330435], [-47.79234916, -24.10350571], [-47.7925535, -24.10382264], [-47.79330979, -24.10524361], [-47.79362417, -24.1056829], [-47.79471445, -24.10660413], [-47.79482092, -24.10668591], [-47.79485039, -24.10670858], [-47.7949106, -24.10675471], [-47.79517621, -24.10695828], [-47.79541751, -24.10702253], [-47.79556857, -24.1070593], [-47.79584396, -24.10706953], [-47.7962949, -24.10689992], [-47.79660468, -24.10691028], [-47.79674788, -24.10704633], [-47.79688833, -24.10723658], [-47.7970664, -24.10739537], [-47.79735893, -24.10754562], [-47.79757073, -24.10760973], [-47.79809592, -24.10758489], [-47.7989189, -24.10739883], [-47.79902812, -24.10734844], [-47.79910315, -24.10731383], [-47.79912021, -24.10731334], [-47.79950284, -24.107302], [-47.79983824, -24.10736212], [-47.79992197, -24.10740384], [-47.80003937, -24.10746231], [-47.80009565, -24.10750719], [-47.80025004, -24.10763028], [-47.80041906, -24.10783592], [-47.80044741, -24.10787042], [-47.80065786, -24.10832279], [-47.80100485, -24.1093627], [-47.80109039, -24.1095488], [-47.80123773, -24.10986935], [-47.80130328, -24.10997278], [-47.80147015, -24.11023606], [-47.80153072, -24.11037542], [-47.80157043, -24.11046676], [-47.80176806, -24.11079929], [-47.80178563, -24.11082887], [-47.80195617, -24.11120247], [-47.80208298, -24.11148026], [-47.80225894, -24.11218533], [-47.80229816, -24.11245642], [-47.80233657, -24.11256178], [-47.80239213, -24.11271415], [-47.80257073, -24.11296052], [-47.8025924, -24.11299041], [-47.80265174, -24.11305363], [-47.80299663, -24.11342107], [-47.80339985, -24.11366994], [-47.80350476, -24.11373475], [-47.80361059, -24.11382248], [-47.80377845, -24.11396165], [-47.80380893, -24.114059], [-47.80384926, -24.1141877], [-47.80392202, -24.11463045], [-47.80394395, -24.11468859], [-47.80401242, -24.11487015], [-47.80412739, -24.11499252], [-47.80436404, -24.115129], [-47.80450957, -24.1151626], [-47.80464287, -24.11519338], [-47.80470712, -24.11521731], [-47.80524367, -24.11541717], [-47.8054258, -24.11551727], [-47.80562787, -24.11568519], [-47.80635466, -24.11567924], [-47.8064481, -24.11568613], [-47.80759256, -24.11577027], [-47.80820571, -24.11574579], [-47.808839, -24.11560455], [-47.80894069, -24.11558186], [-47.80896458, -24.11557959], [-47.80925931, -24.1155516], [-47.81084743, -24.11569376], [-47.81126753, -24.11568256], [-47.81128588, -24.11568208], [-47.8116639, -24.11558435], [-47.81166759, -24.11558238], [-47.81203137, -24.11538725], [-47.81256009, -24.11515017], [-47.81282409, -24.11511066], [-47.81285496, -24.11511577], [-47.81318776, -24.11517089], [-47.81328412, -24.11521193], [-47.81353187, -24.11546128], [-47.81386268, -24.11570649], [-47.81402901, -24.11576588], [-47.81430988, -24.11578965], [-47.8144845, -24.11575826], [-47.81453081, -24.11574993], [-47.81462531, -24.11571092], [-47.81477974, -24.11564713], [-47.8147989, -24.11562464], [-47.81511974, -24.11528286], [-47.81528083, -24.11503972], [-47.8154586, -24.11490051], [-47.81553067, -24.11484453], [-47.81556846, -24.1148152], [-47.81570329, -24.1147429], [-47.81581076, -24.11468528], [-47.81612196, -24.11466855], [-47.81636643, -24.11471469], [-47.81653319, -24.11481472], [-47.8170413, -24.11540145], [-47.81711398, -24.11548536], [-47.81727403, -24.11562119], [-47.81761114, -24.1159073], [-47.81817429, -24.11628891], [-47.81820564, -24.11629875], [-47.81842234, -24.11636669], [-47.81873052, -24.1163409], [-47.81873359, -24.11633642], [-47.81873894, -24.11633347], [-47.81913069, -24.11611684], [-47.8192893, -24.1160662], [-47.81934007, -24.11604998], [-47.81997402, -24.11595112], [-47.82012957, -24.11592686], [-47.82052008, -24.11578854], [-47.82073301, -24.11574428], [-47.82116368, -24.11575044], [-47.82117571, -24.11575064], [-47.82127383, -24.11577853], [-47.82170743, -24.11590184], [-47.82201189, -24.11588504], [-47.82222332, -24.11581109], [-47.82227979, -24.11579135], [-47.82263117, -24.11548578], [-47.82279942, -24.11540096], [-47.82282658, -24.11538727], [-47.82320647, -24.11527599], [-47.82341605, -24.11526385], [-47.82342482, -24.11526333], [-47.8236816, -24.11530955], [-47.82371326, -24.11532222], [-47.82384117, -24.11537343], [-47.82387494, -24.11539496], [-47.82403363, -24.1154961], [-47.82406792, -24.11552334], [-47.82410612, -24.11565372], [-47.8241792, -24.11590306], [-47.82429433, -24.11612026], [-47.82441456, -24.11623206], [-47.82443574, -24.11625177], [-47.8244771, -24.11627407], [-47.82471415, -24.1164019], [-47.82488508, -24.11645726], [-47.82495417, -24.11647965], [-47.82501632, -24.11649114], [-47.82537867, -24.11655814], [-47.8256788, -24.11679419], [-47.82579048, -24.11683979], [-47.82599539, -24.11680903], [-47.82632088, -24.1166343], [-47.82647966, -24.11660785], [-47.82657363, -24.11662629], [-47.82680662, -24.1167627], [-47.82696743, -24.11682206], [-47.82719481, -24.11684558], [-47.82747533, -24.11681513], [-47.82858501, -24.11659847], [-47.8293343, -24.11639839], [-47.82991736, -24.11611636], [-47.83037684, -24.11582028], [-47.83096272, -24.11558789], [-47.83121509, -24.11553474], [-47.83159146, -24.11551823], [-47.8325429, -24.11559889], [-47.83255196, -24.11559882], [-47.83296161, -24.11559608], [-47.83370117, -24.11549976], [-47.83426048, -24.11525709], [-47.83435059, -24.11521799], [-47.8344802, -24.11513287], [-47.83481507, -24.11491289], [-47.83493977, -24.11486878], [-47.83499183, -24.11485038], [-47.83502107, -24.11484036], [-47.83521294, -24.11477455], [-47.83577284, -24.11469555], [-47.83627567, -24.1147247], [-47.83706019, -24.11490784], [-47.83733385, -24.11446928], [-47.83733466, -24.11446798], [-47.83742734, -24.11381053], [-47.83738151, -24.11335236], [-47.83719139, -24.11283132], [-47.83718953, -24.11274547], [-47.83717985, -24.11230695], [-47.83712104, -24.11192303], [-47.83705465, -24.1114896], [-47.83706767, -24.1110875], [-47.83707231, -24.11094417], [-47.8370759, -24.11083348], [-47.83742283, -24.11036801], [-47.83764297, -24.1101693], [-47.83805323, -24.10979893], [-47.83828238, -24.10944326], [-47.83850221, -24.10910207], [-47.83874898, -24.10879836], [-47.83898907, -24.10850286], [-47.83989929, -24.10766628], [-47.8404321, -24.10741596], [-47.84120732, -24.10705177], [-47.842304, -24.10657235], [-47.84385978, -24.10585488], [-47.8445517, -24.10572946], [-47.84506932, -24.10563562], [-47.84596412, -24.10571731], [-47.8462954, -24.10573716], [-47.84721591, -24.10579233], [-47.84797263, -24.10590804], [-47.84836275, -24.10596765], [-47.84838039, -24.10596524], [-47.84946668, -24.10581594], [-47.85022994, -24.10551375], [-47.85042265, -24.10543744], [-47.85116297, -24.10499738], [-47.85188526, -24.1045904], [-47.85218604, -24.10442092], [-47.85253551, -24.10430294], [-47.85321415, -24.10407386], [-47.85421093, -24.10392409], [-47.85451186, -24.10380513], [-47.85496631, -24.10362547], [-47.85573945, -24.10318978], [-47.85573923, -24.10317071], [-47.85580116, -24.1029705], [-47.85609677, -24.10223394], [-47.85617634, -24.10183785], [-47.85625509, -24.10161512], [-47.85635528, -24.10143583], [-47.85676954, -24.10077829], [-47.85722985, -24.10015795], [-47.85757433, -24.09948569], [-47.85775839, -24.09925074], [-47.85812694, -24.09890093], [-47.85839912, -24.09854082], [-47.85869373, -24.09780424], [-47.85878006, -24.09700906], [-47.85873256, -24.0964391], [-47.85858786, -24.09603851], [-47.85833422, -24.09558873], [-47.85825493, -24.09529405], [-47.85820315, -24.09458772], [-47.85820912, -24.09436109], [-47.85826228, -24.09414278], [-47.85846178, -24.09375799], [-47.8585986, -24.09352827], [-47.85876276, -24.09333929], [-47.85910416, -24.09311128], [-47.86025993, -24.09226341], [-47.86066617, -24.09205009], [-47.860908, -24.09187044], [-47.86117101, -24.09157439], [-47.86124201, -24.09132455], [-47.8612306, -24.09081703], [-47.86107159, -24.08989898], [-47.86123818, -24.08960977], [-47.86136768, -24.08925812], [-47.86147612, -24.08878267], [-47.86163675, -24.08850428], [-47.86183065, -24.08826575], [-47.86247368, -24.08768132], [-47.86288042, -24.08735694], [-47.86324189, -24.08724909], [-47.8636414, -24.08721182], [-47.86474476, -24.08725856], [-47.86546903, -24.08718192], [-47.86600719, -24.08715241], [-47.86640003, -24.08706815], [-47.86654501, -24.08698203], [-47.86670515, -24.08680928], [-47.86709145, -24.08643514], [-47.86720472, -24.08618636], [-47.86730277, -24.08582645], [-47.86732529, -24.08542109], [-47.867423, -24.08513433], [-47.86740895, -24.08498257], [-47.86738105, -24.08484611], [-47.86727288, -24.08462898], [-47.86691633, -24.08409573], [-47.8664898, -24.08359563], [-47.86628034, -24.08337449], [-47.86613396, -24.0831256], [-47.86611071, -24.08283385], [-47.86613123, -24.08265062], [-47.86620357, -24.08253351], [-47.86635712, -24.08229572], [-47.86675742, -24.08165435], [-47.86691995, -24.0811746], [-47.86691564, -24.08082874], [-47.8668782, -24.08063084], [-47.86680022, -24.08047793], [-47.86644605, -24.08007292], [-47.8662364, -24.07989241], [-47.86615926, -24.07977111], [-47.86614879, -24.07969522], [-47.86618762, -24.07959423], [-47.86632632, -24.07937625], [-47.86659226, -24.07886349], [-47.86678991, -24.07844617], [-47.86695071, -24.07791223], [-47.8671407, -24.07744973], [-47.86721084, -24.07716827], [-47.86726589, -24.07653188], [-47.8672905, -24.07631436], [-47.86735317, -24.07615929], [-47.86749391, -24.07592505], [-47.86776579, -24.07561638], [-47.86800152, -24.07547101], [-47.8683865, -24.07537589], [-47.86876113, -24.07539359], [-47.86968213, -24.07551093], [-47.87029841, -24.07559277], [-47.8704862, -24.07560524], [-47.87065151, -24.07558872], [-47.87112996, -24.07548492], [-47.87130017, -24.07547203], [-47.87150467, -24.07548636], [-47.87173356, -24.07554413], [-47.87196556, -24.0755685], [-47.87224, -24.07555872], [-47.87289535, -24.07548359], [-47.87361146, -24.07502491], [-47.87382434, -24.0749264], [-47.87400144, -24.07491264], [-47.87413499, -24.0749574], [-47.87414826, -24.07506761], [-47.87413967, -24.0752256], [-47.8740699, -24.0754285], [-47.8739599, -24.07561139], [-47.8737662, -24.07581562], [-47.87349974, -24.07623268], [-47.87340629, -24.07645085], [-47.87337334, -24.07677489], [-47.87333373, -24.07705105], [-47.87334954, -24.07725068], [-47.87344598, -24.07745331], [-47.87360044, -24.07765889], [-47.8741389, -24.07798693], [-47.87430154, -24.0781221], [-47.87449607, -24.07838471], [-47.87472725, -24.07858968], [-47.87535699, -24.0789587], [-47.8755579, -24.07911478], [-47.87572743, -24.07925269], [-47.87583992, -24.07938766], [-47.87592376, -24.07955052], [-47.8760567, -24.08016506], [-47.87611309, -24.08030885], [-47.87618363, -24.08037052], [-47.876372, -24.08047418], [-47.87651649, -24.0804928], [-47.8766691, -24.08045636], [-47.87714899, -24.08025683], [-47.87766399, -24.08012064], [-47.8779011, -24.08010438], [-47.87811336, -24.08014402], [-47.87905661, -24.08057021], [-47.87923429, -24.08064674], [-47.8794633, -24.08067922], [-47.87971605, -24.08068469], [-47.88019765, -24.08053934], [-47.88071163, -24.08041216], [-47.88196082, -24.08017039], [-47.88234951, -24.08012671], [-47.88270783, -24.08005764], [-47.88306716, -24.07998224], [-47.88317451, -24.07994834], [-47.8832574, -24.07988815], [-47.88332223, -24.07968793], [-47.88348352, -24.07947002], [-47.88364477, -24.07926204], [-47.8837928, -24.07914882], [-47.88415614, -24.07883776], [-47.88432476, -24.07873997], [-47.88450974, -24.07872261], [-47.88471232, -24.07872699], [-47.88513474, -24.07883784], [-47.88551871, -24.07896932], [-47.88593342, -24.07904403], [-47.8863385, -24.07907445], [-47.88652056, -24.07905075], [-47.88665848, -24.0789989], [-47.8868473, -24.07878199], [-47.88722352, -24.07800503], [-47.88739481, -24.07774832], [-47.88759139, -24.07755492], [-47.88786569, -24.07735819], [-47.88861025, -24.07712621], [-47.88906891, -24.07705027], [-47.89024079, -24.07693276], [-47.89103553, -24.07691767], [-47.89381983, -24.07714295], [-47.89396212, -24.07676964], [-47.89432995, -24.07632313], [-47.89482602, -24.07601344], [-47.89577463, -24.07567202], [-47.89649868, -24.0754038], [-47.89707391, -24.07520727], [-47.89746954, -24.07492339], [-47.89798451, -24.07433474], [-47.8983778, -24.07391089], [-47.89899652, -24.07343639], [-47.89941015, -24.07330608], [-47.89977404, -24.07330651], [-47.90002892, -24.07327043], [-47.90027831, -24.07336616], [-47.90076219, -24.07358827], [-47.90134807, -24.07387757], [-47.90264309, -24.07438529], [-47.90301979, -24.07437854], [-47.90330535, -24.07429922], [-47.90349468, -24.07418433], [-47.90376047, -24.07389905], [-47.90393144, -24.0734816], [-47.90432695, -24.07231277], [-47.90461901, -24.07186776], [-47.90473823, -24.07158827], [-47.90486674, -24.07143613], [-47.90516035, -24.07131259], [-47.90548703, -24.07127405], [-47.9061353, -24.07100732], [-47.90635136, -24.07085008], [-47.90647918, -24.07063022], [-47.9067432, -24.07007042], [-47.90689666, -24.06983259], [-47.9069358, -24.06965033], [-47.90692422, -24.06914191], [-47.90691265, -24.06863348], [-47.90690108, -24.06812415], [-47.90679075, -24.06771018], [-47.90655709, -24.06739057], [-47.90617206, -24.06705145], [-47.90573266, -24.0665514], [-47.90559261, -24.06641815], [-47.9054991, -24.06620922], [-47.90553593, -24.06565221], [-47.90550634, -24.06544531], [-47.90542552, -24.065259], [-47.90532372, -24.06514847], [-47.90509707, -24.06502935], [-47.90489267, -24.06499429], [-47.9040764, -24.06500034], [-47.90330304, -24.06486296], [-47.90264068, -24.06452914], [-47.9022402, -24.06458275], [-47.9016856, -24.06456988], [-47.90105812, -24.06435808], [-47.90049874, -24.06409055], [-47.90031123, -24.06401762], [-47.90014398, -24.06403235], [-47.89991956, -24.06407848], [-47.89924241, -24.06420692], [-47.89848963, -24.06431341], [-47.89823982, -24.064317], [-47.89788996, -24.06426424], [-47.89770648, -24.06416694], [-47.89751142, -24.06402265], [-47.89744407, -24.06390591], [-47.8973742, -24.06369255], [-47.89741261, -24.0634561], [-47.8976266, -24.06287356], [-47.89762093, -24.06259542], [-47.89747301, -24.06223999], [-47.8973059, -24.06200008], [-47.89712389, -24.06179533], [-47.89689358, -24.06161479], [-47.89665599, -24.06152541], [-47.8964643, -24.06150755], [-47.89600926, -24.06144626], [-47.89558311, -24.06152415], [-47.89511556, -24.06184478], [-47.89481796, -24.06220939], [-47.89468587, -24.06250237], [-47.89462953, -24.06279112], [-47.89446153, -24.06297652], [-47.8940858, -24.06321712], [-47.89382265, -24.06334708], [-47.89369827, -24.06345498], [-47.89352719, -24.06366835], [-47.89315112, -24.06420694], [-47.89291298, -24.06446431], [-47.89268222, -24.06460883], [-47.89243122, -24.06466027], [-47.89227624, -24.06456939], [-47.89212119, -24.06427263], [-47.89186034, -24.06388428], [-47.89178608, -24.06377564], [-47.89174941, -24.06361567], [-47.89177207, -24.06338549], [-47.8917443, -24.06321563], [-47.89161121, -24.06284581], [-47.89145866, -24.06265019], [-47.89137835, -24.06257584], [-47.89115857, -24.06246396], [-47.89076569, -24.06235413], [-47.89039108, -24.06234009], [-47.89008176, -24.06245903], [-47.88979297, -24.06260514], [-47.88866596, -24.06283389], [-47.88824161, -24.06294517], [-47.88794274, -24.06314812], [-47.8873079, -24.06348888], [-47.88687658, -24.0636209], [-47.88650661, -24.06366556], [-47.88575294, -24.06374941], [-47.88537748, -24.06370375], [-47.88514421, -24.06352949], [-47.88485967, -24.06316542], [-47.88475792, -24.06304764], [-47.88470169, -24.06286773], [-47.88461447, -24.06235992], [-47.88458424, -24.06208349], [-47.88453683, -24.06190903], [-47.88445173, -24.06180848], [-47.88411936, -24.06158328], [-47.88380926, -24.06121911], [-47.88352527, -24.06095165], [-47.88328605, -24.06078911], [-47.88319861, -24.06077252], [-47.88238767, -24.06069089], [-47.88178149, -24.06056398], [-47.881482, -24.06046442], [-47.88114467, -24.06025184], [-47.88070461, -24.05970476], [-47.88034581, -24.05945688], [-47.88030601, -24.05934295], [-47.88034095, -24.05922659], [-47.88044969, -24.05909968], [-47.88056405, -24.05903691], [-47.88091298, -24.05885673], [-47.88111278, -24.05881866], [-47.88189178, -24.05878098], [-47.88232276, -24.05872392], [-47.88255021, -24.05865886], [-47.88274249, -24.05854311], [-47.88313821, -24.05823488], [-47.88335387, -24.05816797], [-47.88356524, -24.0581805], [-47.88379918, -24.05820216], [-47.88414672, -24.0583317], [-47.88447918, -24.05853252], [-47.88470904, -24.05858756], [-47.88488307, -24.05859454], [-47.88535523, -24.05856472], [-47.88613848, -24.0584557], [-47.88661323, -24.05828501], [-47.88693017, -24.05821848], [-47.88724088, -24.05822687], [-47.88777143, -24.05833271], [-47.88796313, -24.05834697], [-47.88814908, -24.0583251], [-47.88859816, -24.05817779], [-47.88906341, -24.05793121], [-47.8893683, -24.05770028], [-47.88963036, -24.05736986], [-47.88982367, -24.05701932], [-47.88992608, -24.05676506], [-47.89006825, -24.05641613], [-47.89012058, -24.05614813], [-47.89010965, -24.05595214], [-47.89004788, -24.0554679], [-47.88978295, -24.05489531], [-47.88974124, -24.05476603], [-47.88972538, -24.05457182], [-47.88974364, -24.05422424], [-47.88983166, -24.05366742], [-47.8898643, -24.05340386], [-47.88994759, -24.05324976], [-47.89015996, -24.05303384], [-47.89029078, -24.05280316], [-47.8903343, -24.0525261], [-47.89035411, -24.05227062], [-47.89026776, -24.0517872], [-47.89002996, -24.05130501], [-47.88966981, -24.05091898], [-47.88918348, -24.05060472], [-47.88901782, -24.05048852], [-47.88889268, -24.0503246], [-47.88878834, -24.05012826], [-47.88872759, -24.04985804], [-47.88866862, -24.04963026], [-47.88867663, -24.04937655], [-47.88867948, -24.0491788], [-47.8887604, -24.04889195], [-47.88876695, -24.04874569], [-47.88873662, -24.04849183], [-47.8887036, -24.04817746], [-47.88859934, -24.04796306], [-47.88843299, -24.04778093], [-47.88824085, -24.04770332], [-47.88822978, -24.04768467], [-47.88821411, -24.04769252], [-47.88773463, -24.04760945], [-47.88710381, -24.04750594], [-47.88672413, -24.04753431], [-47.88625148, -24.04768333], [-47.88578783, -24.04779988], [-47.88535241, -24.04797884], [-47.88490735, -24.04833294], [-47.88448698, -24.04866547], [-47.88387241, -24.04932414], [-47.88342801, -24.04974958], [-47.88315891, -24.04989485], [-47.88275609, -24.05003871], [-47.88170954, -24.05054404], [-47.881086, -24.05078819], [-47.88016319, -24.05110615], [-47.87968515, -24.05113775], [-47.8793569, -24.05109767], [-47.8786335, -24.05102538], [-47.87845851, -24.05101568], [-47.87824881, -24.05107268], [-47.8778013, -24.05131207], [-47.87766448, -24.05134044], [-47.87754361, -24.05132373], [-47.87721964, -24.05120691], [-47.87668571, -24.05098634], [-47.87650403, -24.05093598], [-47.87609909, -24.0508947], [-47.87524639, -24.05071264], [-47.87468778, -24.05051455], [-47.87440685, -24.05044935], [-47.8739301, -24.05041321], [-47.87350253, -24.05037545], [-47.87332704, -24.05026009], [-47.87283537, -24.04983198], [-47.87234918, -24.0494951], [-47.87213464, -24.04931819], [-47.87196332, -24.04915318], [-47.87183733, -24.04896577], [-47.87171001, -24.0486393], [-47.87146271, -24.04810016], [-47.87133419, -24.04760572], [-47.87127028, -24.04695982], [-47.87123327, -24.04645219], [-47.87112957, -24.0461222], [-47.87096097, -24.04579195], [-47.87086087, -24.04553421], [-47.87067211, -24.04531405], [-47.87053109, -24.04518889], [-47.87042905, -24.04513883], [-47.87032214, -24.04508063], [-47.87015136, -24.04501405], [-47.8699805, -24.04496282], [-47.8697899, -24.04492957], [-47.86926117, -24.04486974], [-47.86914323, -24.04485754], [-47.86894376, -24.04482877], [-47.86882213, -24.04476238], [-47.86869391, -24.04463456], [-47.86860879, -24.04454303], [-47.86857265, -24.04448961], [-47.86851704, -24.04439368], [-47.86849784, -24.04429247], [-47.86848087, -24.04413438], [-47.8684855, -24.04398269], [-47.86851454, -24.04365411], [-47.86850052, -24.04349603], [-47.86848226, -24.04340295], [-47.86842107, -24.04324017], [-47.86837528, -24.04314789], [-47.86834007, -24.04310621], [-47.86813377, -24.04285167], [-47.86809384, -24.04276934], [-47.86808233, -24.04270608], [-47.86807128, -24.04254169], [-47.86806878, -24.04244506], [-47.86807998, -24.04236203], [-47.8681228, -24.042243], [-47.86824373, -24.04203216], [-47.86831901, -24.04191145], [-47.86846448, -24.04170884], [-47.86852881, -24.04161879], [-47.8685851, -24.04156392], [-47.8688338, -24.04136442], [-47.86898179, -24.04125573], [-47.8691715, -24.04105329], [-47.86934939, -24.04085622], [-47.86949566, -24.04069334], [-47.8696202, -24.04055024], [-47.86974484, -24.04038818], [-47.86993575, -24.04013879], [-47.87013286, -24.0398235], [-47.87023024, -24.03960083], [-47.87025745, -24.03945465], [-47.87024718, -24.03933541], [-47.87012911, -24.0391381], [-47.87005511, -24.03898159], [-47.87000756, -24.03884325], [-47.86999457, -24.03867343], [-47.87000519, -24.03850281], [-47.87009768, -24.0382738], [-47.87024009, -24.03787883], [-47.87031386, -24.03765878], [-47.87033225, -24.03750715], [-47.87029444, -24.03739051], [-47.87020754, -24.03725834], [-47.87007161, -24.03709527], [-47.86990329, -24.03692215], [-47.86978959, -24.03684676], [-47.86962482, -24.03675672], [-47.86944906, -24.03670457], [-47.86930405, -24.0366742], [-47.86905811, -24.03662269], [-47.8688835, -24.03653623], [-47.86877388, -24.03642654], [-47.86854873, -24.03620985], [-47.86849011, -24.03613016], [-47.86833875, -24.03590382], [-47.86829682, -24.0358278], [-47.86827952, -24.03574195], [-47.86828803, -24.03560021], [-47.86832408, -24.03545768], [-47.86838685, -24.03527732], [-47.86849985, -24.03507819], [-47.86886678, -24.03460824], [-47.86930535, -24.03395255], [-47.86937277, -24.03384119], [-47.86952132, -24.03359579], [-47.86973921, -24.03324987], [-47.86990087, -24.03294619], [-47.86998245, -24.032737], [-47.87002933, -24.03258999], [-47.87003985, -24.03243923], [-47.87000852, -24.0321962], [-47.86991526, -24.03195203], [-47.8695798, -24.03156514], [-47.86943192, -24.03140219], [-47.86937339, -24.03133769], [-47.86918696, -24.03104168], [-47.86907926, -24.03072882], [-47.86902639, -24.03046584], [-47.86895923, -24.03010438], [-47.86893675, -24.02986138], [-47.86893138, -24.02974577], [-47.86893287, -24.02963471], [-47.86897539, -24.02936848], [-47.86899964, -24.029225], [-47.86900577, -24.02917445], [-47.86899606, -24.02914823], [-47.86895585, -24.0291273], [-47.86889396, -24.02911532], [-47.86884282, -24.02911964], [-47.86874043, -24.02914995], [-47.86862609, -24.02921452], [-47.86842296, -24.02934377], [-47.8678737, -24.02969923], [-47.86778399, -24.02975216], [-47.86772785, -24.02977362], [-47.867654, -24.02979771], [-47.86759005, -24.02980649], [-47.86735203, -24.02982634], [-47.86685113, -24.02992824], [-47.8666691, -24.02996004], [-47.8663996, -24.02998338], [-47.86630616, -24.02999204], [-47.86613986, -24.030023], [-47.86581804, -24.03009218], [-47.86515971, -24.03021966], [-47.86496679, -24.03026586], [-47.86475799, -24.03034541], [-47.86449496, -24.03045998], [-47.86429876, -24.0305775], [-47.86410527, -24.03074832], [-47.86403497, -24.03085551], [-47.86398121, -24.03099978], [-47.86372181, -24.03181419], [-47.8636757, -24.03200454], [-47.86365502, -24.0322257], [-47.8636179, -24.03281071], [-47.8635778, -24.03297761], [-47.86349846, -24.03312539], [-47.8634114, -24.03324154], [-47.86335125, -24.03327833], [-47.86318886, -24.03331291], [-47.86295282, -24.03333005], [-47.86284094, -24.03328446], [-47.86274598, -24.0331965], [-47.86266216, -24.03303814], [-47.86263823, -24.03289808], [-47.86264844, -24.03260464], [-47.86260356, -24.03253042], [-47.86255651, -24.03249953], [-47.86246927, -24.0324423], [-47.8624035, -24.03241947], [-47.86199687, -24.03233119], [-47.86188416, -24.0322549], [-47.86180981, -24.03217333], [-47.86177298, -24.03205941], [-47.86173626, -24.0319202], [-47.86161829, -24.03170663], [-47.86151181, -24.03155902], [-47.86133571, -24.0313696], [-47.86116733, -24.03121453], [-47.86085966, -24.03098847], [-47.86068727, -24.03084783], [-47.8605189, -24.03069004], [-47.86042222, -24.03054879], [-47.86038452, -24.03041139], [-47.86033304, -24.03006533], [-47.86030832, -24.02988283], [-47.86030241, -24.02946381], [-47.86033951, -24.02888512], [-47.86045638, -24.02849006], [-47.86049175, -24.02828431], [-47.86049863, -24.02807303], [-47.86048272, -24.02790049], [-47.86044191, -24.02779558], [-47.86021124, -24.0272926], [-47.86022386, -24.02711656], [-47.86029238, -24.02675834], [-47.86031181, -24.02659768], [-47.86031078, -24.0263963], [-47.86028099, -24.02624899], [-47.86023639, -24.02611336], [-47.85993833, -24.0255162], [-47.85984884, -24.02530996], [-47.8596085, -24.02456313], [-47.85949728, -24.02438028], [-47.8593642, -24.02424431], [-47.85915071, -24.02406648], [-47.85904973, -24.02400648], [-47.85856531, -24.02373728], [-47.85810128, -24.02352596], [-47.85732021, -24.02320592], [-47.85692578, -24.02303821], [-47.85680898, -24.02299621], [-47.8567058, -24.02298677], [-47.85655127, -24.02302499], [-47.85627757, -24.02310879], [-47.85607759, -24.0231956], [-47.85592961, -24.02330428], [-47.85571725, -24.02351384], [-47.85548885, -24.02379107], [-47.8553951, -24.02386745], [-47.8552649, -24.02395724], [-47.85512494, -24.02403254], [-47.85499691, -24.02408079], [-47.8548552, -24.02411094], [-47.85470161, -24.02415819], [-47.85457668, -24.02417214], [-47.8543222, -24.02414043], [-47.85411901, -24.0240728], [-47.85401718, -24.02398481], [-47.85395182, -24.02387528], [-47.85388477, -24.02370886], [-47.85364878, -24.02329796], [-47.85341215, -24.02281661], [-47.85315768, -24.022365], [-47.85302378, -24.02219741], [-47.85294271, -24.02208511], [-47.85268321, -24.02186645], [-47.85245308, -24.02167591], [-47.85214436, -24.0214706], [-47.85170023, -24.02121237], [-47.85162577, -24.0211579], [-47.85155744, -24.02105468], [-47.85154504, -24.02097426], [-47.85154343, -24.02089931], [-47.85158114, -24.0208227], [-47.85164249, -24.02073896], [-47.85190243, -24.02044561], [-47.85209622, -24.0202116], [-47.8522199, -24.02004503], [-47.85231514, -24.01986029], [-47.85239354, -24.01970528], [-47.85248217, -24.01946363], [-47.85262917, -24.01914454], [-47.85267312, -24.01899843], [-47.85268846, -24.01887116], [-47.85269001, -24.01875197], [-47.85263706, -24.01851336], [-47.85247702, -24.01805309], [-47.85244339, -24.0178868], [-47.85244413, -24.01772968], [-47.85248654, -24.01749235], [-47.8525225, -24.01737239], [-47.85260962, -24.0172418], [-47.85277456, -24.01707991], [-47.85305456, -24.01690945], [-47.85429884, -24.01634458], [-47.85460032, -24.016204], [-47.85475006, -24.01613777], [-47.85492226, -24.01610233], [-47.85525796, -24.01600162], [-47.85569493, -24.0158986], [-47.85593002, -24.01587063], [-47.85614935, -24.01584802], [-47.85653102, -24.01579625], [-47.85666781, -24.01576608], [-47.85675158, -24.01572126], [-47.85687488, -24.01563235], [-47.85709699, -24.01543727], [-47.85722369, -24.01524994], [-47.85727079, -24.01505959], [-47.85726082, -24.01487895], [-47.85716178, -24.01461578], [-47.85707421, -24.01442038], [-47.85686238, -24.01389128], [-47.85676723, -24.01363625], [-47.85672375, -24.01347534], [-47.8566922, -24.01328558], [-47.85663965, -24.01295938], [-47.85662199, -24.01274259], [-47.85663084, -24.01253132], [-47.85672495, -24.01216777], [-47.85684142, -24.01185669], [-47.85702869, -24.01154227], [-47.85720668, -24.01131902], [-47.85763273, -24.01081411], [-47.85789817, -24.01059933], [-47.85805586, -24.01051236], [-47.85814355, -24.01046845], [-47.85858532, -24.01038621], [-47.85878299, -24.01036803], [-47.85906609, -24.01037185], [-47.85929989, -24.01040618], [-47.8595208, -24.01046484], [-47.85994381, -24.01061099], [-47.86016083, -24.01066151], [-47.86059989, -24.01073728], [-47.8609474, -24.01084159], [-47.86137796, -24.01105548], [-47.86156727, -24.01114563], [-47.86170765, -24.01118771], [-47.86180786, -24.01119985], [-47.86190917, -24.0111876], [-47.86199282, -24.01116716], [-47.8620687, -24.01112772], [-47.86214167, -24.01107834], [-47.86218915, -24.01101622], [-47.86223182, -24.01092879], [-47.86225861, -24.01087562], [-47.86227658, -24.01081699], [-47.86232238, -24.01069075], [-47.86233835, -24.01063934], [-47.8623455, -24.01058248], [-47.86234684, -24.01050482], [-47.86233852, -24.01039101], [-47.86232029, -24.01029431], [-47.86229023, -24.0102057], [-47.86225314, -24.01014776], [-47.86216124, -24.01003814], [-47.86208784, -24.00996832], [-47.86195756, -24.00986847], [-47.86175078, -24.0097304], [-47.86161461, -24.00963054], [-47.86146186, -24.0094999], [-47.86139236, -24.00943642], [-47.86131317, -24.0093431], [-47.86119978, -24.00920539], [-47.861065, -24.00901613], [-47.86098485, -24.00891739], [-47.86094208, -24.00881337], [-47.8609238, -24.00872752], [-47.86090414, -24.00851613], [-47.86089335, -24.00830027], [-47.86090768, -24.0079653], [-47.86092232, -24.00777753], [-47.86100622, -24.00728029], [-47.86109571, -24.006849], [-47.86123961, -24.00634386], [-47.86142946, -24.00567998], [-47.86163669, -24.00508389], [-47.86167956, -24.00495493], [-47.86184075, -24.00474786], [-47.86197503, -24.00461926], [-47.86211305, -24.00453401], [-47.86261222, -24.00436349], [-47.86301363, -24.00428649], [-47.86321281, -24.00415362], [-47.86342897, -24.00396212], [-47.86356277, -24.00372695], [-47.86360013, -24.00351218], [-47.86355997, -24.00326911], [-47.86352341, -24.00309739], [-47.86342211, -24.00289652], [-47.86327938, -24.0027262], [-47.86312675, -24.00257299], [-47.86246161, -24.00207643], [-47.86197398, -24.00166906], [-47.86161568, -24.0013525], [-47.86120529, -24.00103574], [-47.86107613, -24.000907], [-47.86092544, -24.00076012], [-47.8608981, -24.00072118], [-47.86074642, -24.0005752], [-47.86064771, -24.0004529], [-47.86060182, -24.0003859], [-47.86050317, -24.00024916], [-47.86036556, -24.00003821], [-47.86016, -23.99964188], [-47.85968756, -23.99914155], [-47.85915764, -23.99874213], [-47.85847224, -23.99838184], [-47.8580462, -23.99826276], [-47.85682917, -23.99808187], [-47.85644858, -23.99791331], [-47.8560982, -23.99758864], [-47.8558667, -23.99727708], [-47.85529816, -23.99631582], [-47.85506678, -23.99577037], [-47.85461467, -23.99492335], [-47.85429901, -23.99453469], [-47.85385672, -23.99411123], [-47.85314698, -23.99370927], [-47.85236006, -23.99320767], [-47.8513306, -23.99265724], [-47.85057044, -23.99231919], [-47.84999925, -23.99193041], [-47.84980206, -23.99185196], [-47.84955996, -23.99170741], [-47.84858694, -23.99128181], [-47.8483936, -23.99122144], [-47.84799358, -23.99100943], [-47.84752357, -23.99084139], [-47.84631007, -23.99055568], [-47.8456255, -23.99024229], [-47.84428567, -23.98945036], [-47.84404486, -23.9892435], [-47.84356479, -23.98892009], [-47.84340551, -23.98893299], [-47.84318101, -23.98901697], [-47.84262309, -23.98914837], [-47.84222728, -23.98929306], [-47.84186252, -23.98931417], [-47.84160329, -23.98926255], [-47.84126093, -23.9891239], [-47.84038803, -23.98852979], [-47.84008502, -23.98838317], [-47.83972092, -23.98826972], [-47.83919545, -23.98819264], [-47.83893141, -23.98811932], [-47.83801321, -23.98795486], [-47.83743151, -23.98792179], [-47.83721845, -23.98787667], [-47.83655295, -23.98789473], [-47.83601671, -23.98801356], [-47.83560968, -23.98803899], [-47.83528562, -23.98797987], [-47.83497357, -23.98787475], [-47.83480064, -23.98786321], [-47.834359, -23.98793274], [-47.83415202, -23.9880511], [-47.83400696, -23.98816971], [-47.83391099, -23.98830026], [-47.83368536, -23.98881948], [-47.83351021, -23.98906258], [-47.83331175, -23.9892496], [-47.83289817, -23.98940865], [-47.8326051, -23.98944267], [-47.83216276, -23.9894526], [-47.8315546, -23.98940134], [-47.83140833, -23.98936462], [-47.83118084, -23.98925261], [-47.83058328, -23.98884198], [-47.83022065, -23.98862918], [-47.82928558, -23.98829844], [-47.82861716, -23.98811147], [-47.8280082, -23.98802317], [-47.82702935, -23.98800468], [-47.82620641, -23.9878604], [-47.82550145, -23.98770849], [-47.82487425, -23.98753521], [-47.82418566, -23.98725242], [-47.82353497, -23.98685961], [-47.82301995, -23.98625966], [-47.82274665, -23.98567426], [-47.82273934, -23.98536087], [-47.82270339, -23.9848776], [-47.82228792, -23.9840234], [-47.82209769, -23.98353587], [-47.82187584, -23.98248381], [-47.82177014, -23.98159659], [-47.82170683, -23.98128116], [-47.8216135, -23.98087441], [-47.82135062, -23.98017075], [-47.8210131, -23.97945865], [-47.82047309, -23.97855335], [-47.81992551, -23.97778981], [-47.81913381, -23.97690784], [-47.81876994, -23.97635998], [-47.81842308, -23.97555301], [-47.81816617, -23.97444481], [-47.81807465, -23.97407418], [-47.81805242, -23.97399732], [-47.81800552, -23.97394385], [-47.81773359, -23.97368534], [-47.81714166, -23.97334874], [-47.81688076, -23.9732456], [-47.81596183, -23.97285795], [-47.81355289, -23.97151583], [-47.81207491, -23.9707122], [-47.81192403, -23.97061855], [-47.81180092, -23.97047625], [-47.81166726, -23.97027973], [-47.81158422, -23.96998498], [-47.81157707, -23.96964721], [-47.81163618, -23.96922484], [-47.81186905, -23.96884112], [-47.81242258, -23.96780767], [-47.81313811, -23.96680379], [-47.81328342, -23.96643505], [-47.81349902, -23.96576861], [-47.81355699, -23.96518007], [-47.81348883, -23.96465962], [-47.81329741, -23.96422355], [-47.81307504, -23.96388577], [-47.81248516, -23.96315091], [-47.81227014, -23.96291611], [-47.81210392, -23.96274835], [-47.81190934, -23.96235831], [-47.81190239, -23.96217496], [-47.81189918, -23.96203046], [-47.81198488, -23.96159646], [-47.81244027, -23.9609247], [-47.81347176, -23.95902181], [-47.81307491, -23.95899214], [-47.81276388, -23.95889601], [-47.81236683, -23.95871102], [-47.81202434, -23.9584215], [-47.81184082, -23.9581778], [-47.8117798, -23.95800145], [-47.81157705, -23.9564943], [-47.81149618, -23.95537507], [-47.8114281, -23.95503704], [-47.81137201, -23.9548562], [-47.81128162, -23.95465804], [-47.81117431, -23.95450317], [-47.81113054, -23.95441268], [-47.81111021, -23.95435209], [-47.81106952, -23.95423632], [-47.81104364, -23.95410618], [-47.81103305, -23.95406278], [-47.81102335, -23.95403655], [-47.81102574, -23.95395258], [-47.81105676, -23.95384073], [-47.81110641, -23.95373619], [-47.81117968, -23.95362633], [-47.81123248, -23.95348206], [-47.81127845, -23.95332874], [-47.81127028, -23.95319415], [-47.81123774, -23.95302062], [-47.81118642, -23.95286959], [-47.81115149, -23.95277914], [-47.81110953, -23.95272207], [-47.81088655, -23.95251072], [-47.81063721, -23.95226493], [-47.81049429, -23.95215686], [-47.81038367, -23.95207422], [-47.81020536, -23.95196961], [-47.81012115, -23.95191056], [-47.80996749, -23.9517889], [-47.80984019, -23.95169986], [-47.80940825, -23.9514235], [-47.80890218, -23.95123261], [-47.80855771, -23.95114626], [-47.80799065, -23.95097047], [-47.80780246, -23.95087665], [-47.80768187, -23.95082286], [-47.80758181, -23.95078993], [-47.80737861, -23.95075023], [-47.80716937, -23.95073851], [-47.80700713, -23.95075949], [-47.80688502, -23.95081406], [-47.80663943, -23.95099633], [-47.80622001, -23.95135396], [-47.80582792, -23.95155457], [-47.80550719, -23.95163448], [-47.80536364, -23.95165193], [-47.80525051, -23.95167764], [-47.80509885, -23.95174291], [-47.80492552, -23.95182074], [-47.80459889, -23.95209478], [-47.80451085, -23.9522109], [-47.80442507, -23.95226742], [-47.80432341, -23.95235729], [-47.80424929, -23.95244096], [-47.8041417, -23.95253623], [-47.80392145, -23.95256418], [-47.80377894, -23.9525717], [-47.80307138, -23.95258493], [-47.8027921, -23.95262798], [-47.80243103, -23.95271584], [-47.80223025, -23.95278], [-47.80217511, -23.95280234], [-47.80210417, -23.95284087], [-47.80196924, -23.9529017], [-47.80194854, -23.95291335], [-47.80188233, -23.95298802], [-47.80185543, -23.95306015], [-47.80182765, -23.95311331], [-47.80181746, -23.9531837], [-47.80182584, -23.95327585], [-47.80225069, -23.95398115], [-47.80234079, -23.95423349], [-47.80241226, -23.95448033], [-47.80249584, -23.95485726], [-47.80253169, -23.95495585], [-47.80256092, -23.9551998], [-47.80272178, -23.95874768], [-47.80268052, -23.95990702], [-47.80265037, -23.96062211], [-47.80273255, -23.96088705], [-47.80288078, -23.96111255], [-47.80289828, -23.96114874], [-47.80293053, -23.961185], [-47.80307644, -23.96128496], [-47.80321362, -23.96136321], [-47.80323318, -23.96138226], [-47.8032528, -23.96138776], [-47.80343211, -23.96149057], [-47.80381749, -23.96165206], [-47.80421819, -23.96189399], [-47.8048807, -23.96205304], [-47.80537094, -23.96227096], [-47.80540814, -23.96229911], [-47.80546178, -23.96238152], [-47.805487, -23.96244574], [-47.80549178, -23.96247195], [-47.80547443, -23.96260011], [-47.80542074, -23.9627245], [-47.80460357, -23.96438714], [-47.80452068, -23.96465048], [-47.80442785, -23.96493455], [-47.80433775, -23.96526197], [-47.80413765, -23.96577043], [-47.80395619, -23.96609204], [-47.80370512, -23.96637995], [-47.80355883, -23.96654729], [-47.80326325, -23.96669774], [-47.80294086, -23.966709], [-47.80226921, -23.96660408], [-47.80141653, -23.96654083], [-47.80122367, -23.96658967], [-47.80112334, -23.9666073], [-47.80091763, -23.96667053], [-47.80046121, -23.96695032], [-47.80029965, -23.96702729], [-47.80009051, -23.96718443], [-47.79971778, -23.96762532], [-47.79920728, -23.96829409], [-47.7991322, -23.96837233], [-47.79903758, -23.9684261], [-47.79893505, -23.96848978], [-47.79845585, -23.96860963], [-47.79823013, -23.9687414], [-47.79812178, -23.9687888], [-47.79790594, -23.96891158], [-47.79778038, -23.96905914], [-47.79760738, -23.96925797], [-47.79728076, -23.9697126], [-47.79673038, -23.97048955], [-47.79648074, -23.97087769], [-47.79640759, -23.9711519], [-47.79636803, -23.97139465], [-47.79634652, -23.97156342], [-47.79636348, -23.97228413], [-47.79638532, -23.97262377], [-47.79640037, -23.97275748], [-47.79639606, -23.97283151], [-47.7964071, -23.97297876], [-47.7964137, -23.97303297], [-47.79645858, -23.97309728], [-47.79648774, -23.97316062], [-47.7966098, -23.97331376], [-47.79684444, -23.97355318], [-47.79715228, -23.97389224], [-47.79723325, -23.97400909], [-47.79729364, -23.974115], [-47.7973428, -23.97430395], [-47.79737352, -23.97444767], [-47.79743018, -23.97470618], [-47.79745858, -23.97510997], [-47.79745666, -23.97548653], [-47.79741978, -23.97655015], [-47.7973839, -23.97664753], [-47.79737244, -23.97677481], [-47.79727104, -23.97700103], [-47.79712176, -23.97717197], [-47.79677232, -23.97747207], [-47.79656496, -23.97766172], [-47.79625579, -23.97796471], [-47.79599069, -23.97810715], [-47.79587345, -23.97816353], [-47.79566671, -23.97823127], [-47.79506284, -23.97831535], [-47.79485526, -23.97835509], [-47.79459194, -23.97853366], [-47.79441619, -23.97869183], [-47.79431939, -23.97878442], [-47.79428267, -23.9788538], [-47.79418564, -23.97899425], [-47.79410424, -23.97915103], [-47.79397706, -23.97942139], [-47.79392893, -23.97979775], [-47.79386639, -23.98010993], [-47.79345201, -23.98061294], [-47.79331078, -23.98074597], [-47.7930898, -23.98090666], [-47.79289963, -23.98100156], [-47.79241517, -23.98117916], [-47.79218662, -23.98128202], [-47.79193751, -23.98137033], [-47.79157062, -23.98142744], [-47.79142012, -23.98145207], [-47.79117026, -23.98149523], [-47.79101087, -23.98152885], [-47.79078029, -23.98164524], [-47.79051785, -23.98184096], [-47.79036187, -23.98197393], [-47.79027997, -23.98203679], [-47.79014951, -23.9821771], [-47.79008436, -23.9822328], [-47.79000839, -23.98228846], [-47.78993723, -23.98236581], [-47.78982337, -23.98252786], [-47.78968658, -23.98275212], [-47.78957348, -23.98295662], [-47.78951196, -23.98306923], [-47.78945744, -23.98315839], [-47.78937931, -23.98325377], [-47.7892708, -23.98332916], [-47.78914565, -23.98339453], [-47.78899385, -23.98347876], [-47.78736728, -23.98442074], [-47.78686266, -23.98469125], [-47.78616189, -23.98506836], [-47.78574336, -23.9854151], [-47.78549318, -23.9857084], [-47.78528845, -23.98595312], [-47.78499324, -23.98639883], [-47.78480675, -23.98691817], [-47.78464125, -23.98736715], [-47.7845085, -23.98756885], [-47.78446202, -23.98762373], [-47.7843622, -23.98772895], [-47.78419646, -23.98784832], [-47.78407025, -23.98792453], [-47.78393833, -23.98796729], [-47.78377024, -23.98797017], [-47.78365329, -23.98796694], [-47.78355312, -23.98795115], [-47.78339312, -23.98791252], [-47.78330193, -23.98787058], [-47.78314043, -23.98774073], [-47.78283935, -23.98723732], [-47.7825757, -23.98709438], [-47.78241653, -23.98708284], [-47.78217, -23.98705015], [-47.78197836, -23.9870475], [-47.78160119, -23.98718762], [-47.78133204, -23.98734627], [-47.78096158, -23.98770585], [-47.78065504, -23.98805849], [-47.78014234, -23.98930512], [-47.78006615, -23.98940141], [-47.77994477, -23.98949479], [-47.77981863, -23.98955744], [-47.77970453, -23.9895741], [-47.7794867, -23.9895027], [-47.77864899, -23.98918383], [-47.77840161, -23.98912584], [-47.7782807, -23.98912802], [-47.77789026, -23.98917234], [-47.77763448, -23.98921546], [-47.77737214, -23.98919985], [-47.77723185, -23.98914865], [-47.77706115, -23.98908739], [-47.77670122, -23.9889386], [-47.77652078, -23.98886014], [-47.77605102, -23.98866209], [-47.77545931, -23.98829193], [-47.77467527, -23.98786401], [-47.77450171, -23.98778558], [-47.77399154, -23.98760992], [-47.77331901, -23.98728544], [-47.77294286, -23.98704446], [-47.77267482, -23.98680396], [-47.77247476, -23.98634884], [-47.77248991, -23.98608522], [-47.77246362, -23.98585392], [-47.77246513, -23.98556857], [-47.77245261, -23.98533282], [-47.77236044, -23.98510665], [-47.77227382, -23.98494462], [-47.77215972, -23.98477524], [-47.77204337, -23.98466003], [-47.7720239, -23.98462563], [-47.77190554, -23.98451854], [-47.77171732, -23.98442649], [-47.77147633, -23.98427641], [-47.77122923, -23.98416875], [-47.77090349, -23.98406164], [-47.7704366, -23.98388255], [-47.76983713, -23.98368481], [-47.76889419, -23.9833889], [-47.76825429, -23.98321806], [-47.76806368, -23.98320637], [-47.76782882, -23.98319899], [-47.76762518, -23.9832351], [-47.76740559, -23.98331178], [-47.76709684, -23.9835226], [-47.76690076, -23.98361564], [-47.76669554, -23.98376281], [-47.76600143, -23.98398906], [-47.76540294, -23.98416065], [-47.76516167, -23.98424896], [-47.76482701, -23.98434046], [-47.76467633, -23.98439848], [-47.76449462, -23.9845593], [-47.76428522, -23.98493764], [-47.76371544, -23.98580379], [-47.76357016, -23.98595303], [-47.76323487, -23.98616193], [-47.76301446, -23.98620698], [-47.762748, -23.98622745], [-47.76245878, -23.98627491], [-47.76227046, -23.98638603], [-47.7620681, -23.98654766], [-47.76183492, -23.98677598], [-47.76110866, -23.9873109], [-47.75971018, -23.98819585], [-47.7589832, -23.98867838], [-47.75887058, -23.98878442], [-47.75871819, -23.98897517], [-47.75858944, -23.98915519], [-47.75854254, -23.98928682], [-47.75848716, -23.98971371], [-47.75852626, -23.98993603], [-47.75859836, -23.99005376], [-47.75869687, -23.99019508], [-47.75874332, -23.99032984], [-47.75885688, -23.99041525], [-47.7590748, -23.99046681], [-47.75943534, -23.99068337], [-47.76012695, -23.99093214], [-47.76020044, -23.99097401], [-47.76030815, -23.99105035], [-47.76042856, -23.9911394], [-47.76043283, -23.99126042], [-47.76039142, -23.99146613], [-47.76021154, -23.99165134], [-47.76018189, -23.99168191], [-47.75978799, -23.99181918], [-47.75894457, -23.99220004], [-47.75870278, -23.99238045], [-47.75861382, -23.99247306], [-47.75853481, -23.99254404], [-47.75838753, -23.99269689], [-47.75802915, -23.99317296], [-47.75800536, -23.99320898], [-47.75797546, -23.9932856], [-47.75797189, -23.99340207], [-47.75798602, -23.99351592], [-47.75803954, -23.9936155], [-47.75851383, -23.99406556], [-47.75858709, -23.99414988], [-47.75861926, -23.99419969], [-47.75863174, -23.99425393], [-47.75863138, -23.99432075], [-47.75861225, -23.99440555], [-47.75855364, -23.99452087], [-47.75849237, -23.9945811], [-47.75847648, -23.99461082], [-47.75845771, -23.9946288], [-47.75839847, -23.9946791], [-47.75818153, -23.99480815], [-47.75807404, -23.99487178], [-47.75800905, -23.99489406], [-47.75780706, -23.99498434], [-47.75760525, -23.99504302], [-47.75746261, -23.99506314], [-47.75736926, -23.99505911], [-47.75720811, -23.99505024], [-47.75712079, -23.99502004], [-47.75700356, -23.99488586], [-47.75693423, -23.99480156], [-47.75669687, -23.99452596], [-47.75629033, -23.99409065], [-47.75607696, -23.99392171], [-47.75591539, -23.9938099], [-47.755498, -23.99356236], [-47.75536464, -23.99350396], [-47.75517422, -23.99345523], [-47.7550083, -23.99341925], [-47.75485403, -23.99341042], [-47.75420538, -23.99339752], [-47.75360623, -23.99331892], [-47.75314912, -23.99332766], [-47.75266438, -23.99317734], [-47.75218385, -23.99297557], [-47.7517713, -23.9927452], [-47.7514275, -23.99252328], [-47.75105114, -23.9923265], [-47.75070135, -23.99212261], [-47.75038712, -23.99188638], [-47.74941891, -23.99171576], [-47.74844564, -23.9913925], [-47.7476716, -23.99094373], [-47.74679868, -23.99024617], [-47.7463089, -23.98994139], [-47.74545504, -23.98953287], [-47.74494868, -23.98938514], [-47.74420221, -23.98911077], [-47.74397823, -23.98891196], [-47.74358046, -23.98849923], [-47.74303175, -23.98819055], [-47.74255549, -23.98793278], [-47.74195238, -23.98732855], [-47.74160361, -23.98712375], [-47.74111825, -23.98709169], [-47.74047655, -23.98724944], [-47.73982677, -23.98744417], [-47.73905977, -23.98751013], [-47.73843205, -23.98762639], [-47.73813849, -23.98792302], [-47.73794099, -23.98862286], [-47.73795911, -23.98925507], [-47.73785967, -23.9896393], [-47.73746816, -23.99022986], [-47.73710468, -23.99055054], [-47.73650729, -23.99086561], [-47.7361695, -23.99116113], [-47.73611302, -23.99124304], [-47.73604411, -23.99143868], [-47.73604243, -23.99191908], [-47.7361725, -23.99239108], [-47.73614908, -23.99253726], [-47.73558675, -23.99361736], [-47.73539942, -23.99389733], [-47.73513643, -23.99434942], [-47.73484046, -23.9945467], [-47.73445205, -23.99457377], [-47.73349033, -23.99482661], [-47.73281939, -23.99545919], [-47.73234604, -23.99643947], [-47.73225395, -23.99708922], [-47.73227245, -23.99747309], [-47.73228024, -23.99783796], [-47.73215342, -23.99854714], [-47.73185707, -23.9993368], [-47.73155391, -23.9997607], [-47.73137839, -24.0000353], [-47.73137044, -24.00005242], [-47.731301, -24.00016407], [-47.73121666, -24.00030545], [-47.73116017, -24.00038735], [-47.7310525, -24.00048257], [-47.73054857, -24.00093017], [-47.7303274, -24.00112662], [-47.72959221, -24.00181577], [-47.72892734, -24.00240863], [-47.72839223, -24.0028242], [-47.72784305, -24.00329388], [-47.72713016, -24.00368513], [-47.72677776, -24.00377195], [-47.72657237, -24.00376195], [-47.72611228, -24.00359541], [-47.72575777, -24.00353413], [-47.72554981, -24.00345638], [-47.72539465, -24.00308088], [-47.72525993, -24.00291499], [-47.72505131, -24.00278215], [-47.72487369, -24.00272893], [-47.72460911, -24.00275657], [-47.72408725, -24.00291122], [-47.72363456, -24.00317816], [-47.72297308, -24.00333936], [-47.72159138, -24.00344565], [-47.72002221, -24.00350226], [-47.71958346, -24.00356066], [-47.71906825, -24.00358348], [-47.71854077, -24.00368751], [-47.71817619, -24.00384288], [-47.71797365, -24.00402252], [-47.71782845, -24.00431802], [-47.71776822, -24.00471055], [-47.71776416, -24.00525234], [-47.7178169, -24.00565715], [-47.71792765, -24.00606134], [-47.71806904, -24.00643678], [-47.71812012, -24.0067874], [-47.71813246, -24.00738346], [-47.71803629, -24.00770086], [-47.71797876, -24.00779089], [-47.71781327, -24.0078524], [-47.7176718, -24.00783727], [-47.71731487, -24.00768114], [-47.7170319, -24.00748383], [-47.71658355, -24.00715387], [-47.71635627, -24.00684575], [-47.71587354, -24.00634134], [-47.71551376, -24.00599556], [-47.71506626, -24.00569179], [-47.71445722, -24.00544594], [-47.71392432, -24.00529347], [-47.71354942, -24.00520967], [-47.71336276, -24.00516794], [-47.71296566, -24.00516151], [-47.71213694, -24.00517105], [-47.71203874, -24.00515432], [-47.71170199, -24.00508045], [-47.71143371, -24.00489584], [-47.71122043, -24.00454714], [-47.71108155, -24.00425298], [-47.71091976, -24.00349727], [-47.71073556, -24.0028787], [-47.71073755, -24.00218879], [-47.71058308, -24.00152883], [-47.71058241, -24.00147465], [-47.71042413, -24.00096367], [-47.71021985, -24.0007622], [-47.71008377, -24.00066672], [-47.71000632, -24.00063113], [-47.70992109, -24.00058015], [-47.70988397, -24.00053933], [-47.70982045, -24.000474], [-47.70981185, -24.00043152], [-47.70981604, -24.00038729], [-47.71015427, -23.99934503], [-47.71031967, -23.9991282], [-47.71045799, -23.99883267], [-47.71055659, -23.99860829], [-47.71076065, -23.99799251], [-47.71087297, -23.9972616], [-47.71089385, -23.996877], [-47.71089267, -23.99639839], [-47.71091441, -23.99569322], [-47.71097334, -23.99518691], [-47.71097772, -23.99510836], [-47.71094132, -23.99494293], [-47.71091309, -23.99489403], [-47.71089279, -23.99483524], [-47.71080454, -23.99462711], [-47.71053437, -23.99443255], [-47.71044621, -23.99437885], [-47.71041582, -23.99436515], [-47.71017293, -23.99421227], [-47.71002607, -23.99411222], [-47.70997828, -23.99404787], [-47.70994832, -23.99395742], [-47.70994288, -23.99387793], [-47.70993465, -23.99377043], [-47.70990629, -23.99357433], [-47.70995031, -23.99343999], [-47.71009052, -23.9933296], [-47.71044889, -23.99305591], [-47.71094095, -23.99260858], [-47.71129295, -23.99224546], [-47.71152287, -23.99208854], [-47.71193656, -23.99176454], [-47.71243472, -23.99145089], [-47.71251986, -23.99134565], [-47.71252624, -23.99126079], [-47.71248652, -23.99116036], [-47.7123395, -23.99108741], [-47.71215477, -23.99107658], [-47.71042192, -23.99090565], [-47.70932368, -23.99096444], [-47.70870406, -23.99120435], [-47.70862718, -23.991241], [-47.70855115, -23.99130203], [-47.70848203, -23.99135588], [-47.70819498, -23.99153419], [-47.70802281, -23.99156225], [-47.70766594, -23.99157677], [-47.70732167, -23.99144957], [-47.70688074, -23.99120993], [-47.70614862, -23.99084605], [-47.70598353, -23.99066825], [-47.70584084, -23.99052849], [-47.70570609, -23.99037341], [-47.7055782, -23.99022288], [-47.70548171, -23.99008154], [-47.70536616, -23.99000783], [-47.70523067, -23.98998098], [-47.70501337, -23.98999527], [-47.70448774, -23.99012816], [-47.70425969, -23.99013157], [-47.70408204, -23.99008735], [-47.70390298, -23.98994741], [-47.70379655, -23.98982498], [-47.70371156, -23.98922675], [-47.70352722, -23.98881045], [-47.70339357, -23.98863732], [-47.70298285, -23.9882759], [-47.70274986, -23.98811492], [-47.702302, -23.98805674], [-47.70186468, -23.98804647], [-47.70118545, -23.98822556], [-47.70041223, -23.98885028], [-47.69972012, -23.98972103], [-47.69924309, -23.99062262], [-47.69913011, -23.99094987], [-47.69889779, -23.99134968], [-47.69859457, -23.99160104], [-47.69746302, -23.99214542], [-47.6968791, -23.99232676], [-47.69618527, -23.99247595], [-47.6955048, -23.99252768], [-47.69500775, -23.99247556], [-47.6945054, -23.99232136], [-47.69418688, -23.99216356], [-47.6939964, -23.99196124], [-47.69378377, -23.99168025], [-47.69358887, -23.99156099], [-47.69343199, -23.9914961], [-47.6930444, -23.9913831], [-47.69276155, -23.99134468], [-47.69260002, -23.99140167], [-47.69233483, -23.99153581], [-47.69186265, -23.99227216], [-47.69177946, -23.9923774], [-47.69109954, -23.99317051], [-47.69062071, -23.99352934], [-47.68988541, -23.99370991], [-47.68964053, -23.99373217], [-47.68950006, -23.99371702], [-47.68939018, -23.99368216], [-47.68904491, -23.99356124], [-47.68867323, -23.99341761], [-47.68834387, -23.99326517], [-47.68825055, -23.99325477], [-47.68769512, -23.99343532], [-47.68742567, -23.99345745], [-47.6868654, -23.99329121], [-47.68643781, -23.99296308], [-47.68616227, -23.99268537], [-47.68576048, -23.99248199], [-47.68547008, -23.99239113], [-47.68465274, -23.99231661], [-47.68443058, -23.99232091], [-47.68425556, -23.99233088], [-47.68396511, -23.99224815], [-47.68375183, -23.99208092], [-47.6833738, -23.99151734], [-47.68260741, -23.99064477], [-47.6822512, -23.99021584], [-47.68219302, -23.99008281], [-47.68217043, -23.98991382], [-47.6821962, -23.98971258], [-47.68221782, -23.98938307], [-47.68222737, -23.98926482], [-47.68221037, -23.98898389], [-47.68208725, -23.98869611], [-47.6819454, -23.98841816], [-47.681924, -23.98838103], [-47.68191913, -23.98837288], [-47.68170736, -23.98795281], [-47.68154339, -23.98759528], [-47.68138371, -23.98733982], [-47.68118095, -23.98705886], [-47.68104595, -23.98695162], [-47.68086659, -23.98686674], [-47.68077718, -23.98686177], [-47.68024048, -23.98703517], [-47.67971287, -23.98700271], [-47.67930366, -23.98689409], [-47.6785364, -23.98666898], [-47.67770856, -23.98638396], [-47.67634394, -23.98595805], [-47.67527713, -23.985698], [-47.67520165, -23.98566511], [-47.67407913, -23.98502458], [-47.67389257, -23.98483039], [-47.67378342, -23.98467541], [-47.67340766, -23.98407389], [-47.67296239, -23.9832616], [-47.67268332, -23.9830895], [-47.672046, -23.98299867], [-47.67143011, -23.98294046], [-47.67089663, -23.98290614], [-47.67035302, -23.98275888], [-47.66999511, -23.9826225], [-47.6697357, -23.98228615], [-47.66960858, -23.98185295], [-47.66952627, -23.98148589], [-47.66954073, -23.98088183], [-47.66946633, -23.98050849], [-47.66898888, -23.98014936], [-47.66877764, -23.97981234], [-47.66875044, -23.97959728], [-47.66871577, -23.97931626], [-47.66872733, -23.9791935], [-47.66865914, -23.97909292], [-47.6681038, -23.97877492], [-47.66770825, -23.97836382], [-47.66710817, -23.97732044], [-47.66674216, -23.97673972], [-47.66575798, -23.9753467], [-47.6653357, -23.97480722], [-47.66456319, -23.97416752], [-47.66363421, -23.97356222], [-47.663185, -23.97325288], [-47.66249884, -23.97279783], [-47.66199599, -23.97242138], [-47.66181953, -23.97218839], [-47.66176882, -23.97180072], [-47.66174135, -23.97147096], [-47.66181469, -23.97088617], [-47.66186903, -23.97051619], [-47.66205362, -23.97022185], [-47.66242479, -23.96978758], [-47.66275704, -23.96945155], [-47.66279674, -23.96941191], [-47.66344521, -23.96876425], [-47.66468179, -23.96726069], [-47.66550332, -23.96661832], [-47.66588362, -23.96645862], [-47.6663319, -23.96627037], [-47.66652485, -23.96621537], [-47.66671857, -23.96619469], [-47.66700913, -23.96624855], [-47.66722487, -23.96632461], [-47.66752568, -23.96647153], [-47.66790567, -23.9666866], [-47.66813779, -23.96697947], [-47.66820464, -23.96713784], [-47.66854045, -23.96767236], [-47.66869867, -23.96791679], [-47.66874103, -23.96798223], [-47.66883504, -23.96819853], [-47.66910605, -23.96856204], [-47.66925198, -23.96864496], [-47.66944701, -23.96873355], [-47.66973395, -23.96873592], [-47.67020231, -23.96864168], [-47.67063684, -23.96845154], [-47.67096583, -23.96816424], [-47.67119367, -23.96786288], [-47.671585, -23.96717764], [-47.67170079, -23.96687932], [-47.67177658, -23.96653384], [-47.67189715, -23.96544086], [-47.6719933, -23.96448682], [-47.67194171, -23.96424183], [-47.67187782, -23.96408166], [-47.67179018, -23.96378502], [-47.67172322, -23.9636438], [-47.67129852, -23.96302034], [-47.67085182, -23.96262253], [-47.67049665, -23.9622017], [-47.67018603, -23.96172873], [-47.66984719, -23.9613721], [-47.66948247, -23.96106862], [-47.66918766, -23.96090728], [-47.66888137, -23.96081567], [-47.66848729, -23.96069781], [-47.66805327, -23.96048157], [-47.66729088, -23.95996564], [-47.66700174, -23.95984225], [-47.66670808, -23.95981456], [-47.66658313, -23.9598392], [-47.66633784, -23.95993909], [-47.66619736, -23.9600937], [-47.66609838, -23.96037404], [-47.66616146, -23.9611528], [-47.66621352, -23.96212927], [-47.66614326, -23.96253438], [-47.66589948, -23.96286997], [-47.66430432, -23.96371789], [-47.66364206, -23.9641895], [-47.66213892, -23.96509115], [-47.66045957, -23.9655548], [-47.65986559, -23.96562308], [-47.65935218, -23.96569448], [-47.65836305, -23.96609936], [-47.65775085, -23.96625423], [-47.65749604, -23.96613912], [-47.65725617, -23.96583355], [-47.6570412, -23.96531138], [-47.65671416, -23.96479766], [-47.65613414, -23.96403157], [-47.65590758, -23.96347863], [-47.65571275, -23.96271996], [-47.65524576, -23.96195356], [-47.65488166, -23.96139448], [-47.65425099, -23.96024162], [-47.6537384, -23.9587435], [-47.65335856, -23.95802991], [-47.65299433, -23.9578167], [-47.65273755, -23.95786504], [-47.65171354, -23.95819655], [-47.65112402, -23.95834248], [-47.64963846, -23.95830493], [-47.64909557, -23.95837795], [-47.64851502, -23.95866209], [-47.64803229, -23.95901808], [-47.64764572, -23.95955518], [-47.64749318, -23.96022536], [-47.64741147, -23.9615172], [-47.64716762, -23.96217425], [-47.64698514, -23.96260135], [-47.64683402, -23.96304215], [-47.64676425, -23.96320072], [-47.6466876, -23.96335835], [-47.64660427, -23.96348434], [-47.64635274, -23.96363564], [-47.6461775, -23.963688], [-47.64603202, -23.96353553], [-47.64582498, -23.9626946], [-47.64584159, -23.96191896], [-47.64579833, -23.96128841], [-47.64559407, -23.96031655], [-47.64525541, -23.95978378], [-47.64484455, -23.95932558], [-47.64439367, -23.95898276], [-47.64347714, -23.95845958], [-47.64271647, -23.95831651], [-47.64224562, -23.95834022], [-47.64159427, -23.95847135], [-47.64122296, -23.95860665], [-47.6408794, -23.95870418], [-47.64046127, -23.95878415], [-47.64028113, -23.95883287], [-47.63991547, -23.9588499], [-47.63910652, -23.95872733], [-47.63841802, -23.95851328], [-47.63808622, -23.95845824], [-47.63760029, -23.95822449], [-47.63655354, -23.95716146], [-47.63390364, -23.95523471], [-47.63336319, -23.9544534], [-47.63312983, -23.95406114], [-47.63288833, -23.9538684], [-47.63278213, -23.95372425], [-47.63233014, -23.95341029], [-47.63183706, -23.95322253], [-47.63158039, -23.95309835], [-47.63144745, -23.95298747], [-47.63133097, -23.95276018], [-47.63125818, -23.95246087], [-47.63119751, -23.95226549], [-47.6310797, -23.95178263], [-47.63101481, -23.95132172], [-47.63074827, -23.95089496], [-47.63058601, -23.95075953], [-47.63003136, -23.95052087], [-47.62916978, -23.95049279], [-47.62879702, -23.95039236], [-47.62864528, -23.95030395], [-47.62853981, -23.95020044], [-47.62853141, -23.94997553], [-47.62864036, -23.94937468], [-47.62872465, -23.94816593], [-47.62860858, -23.94787542], [-47.62848744, -23.94760927], [-47.62832973, -23.94675684], [-47.62825717, -23.94580282], [-47.62813805, -23.94506347], [-47.62784569, -23.94390869], [-47.62784545, -23.94390783], [-47.62384208, -23.94605423], [-47.62362658, -23.94590462], [-47.62300613, -23.94564843], [-47.62262097, -23.94557411], [-47.62155828, -23.94561353], [-47.62032964, -23.94539017], [-47.61957905, -23.94541321], [-47.61902086, -23.94550049], [-47.61809323, -23.94583864], [-47.61758953, -23.945863], [-47.6172709, -23.94594255], [-47.61677199, -23.94617464], [-47.61645735, -23.94639869], [-47.61606872, -23.94656817], [-47.6158781, -23.94661229], [-47.61554225, -23.94660143], [-47.61504272, -23.9464452], [-47.6145349, -23.94611959], [-47.61428988, -23.94596249], [-47.61388688, -23.94578871], [-47.61348572, -23.94571429], [-47.61299693, -23.94571163], [-47.61207215, -23.94541761], [-47.61168041, -23.94540644], [-47.61102961, -23.94566478], [-47.61080536, -23.94568161], [-47.61062886, -23.94562647], [-47.61047536, -23.94552629], [-47.61025563, -23.94531739], [-47.61005661, -23.94494605], [-47.6099611, -23.9446114], [-47.60967324, -23.94421248], [-47.60942855, -23.94396732], [-47.60879545, -23.94348519], [-47.60838819, -23.94312174], [-47.60809755, -23.94296662], [-47.60782505, -23.94293804], [-47.60761721, -23.94298205], [-47.60738053, -23.94311622], [-47.60715039, -23.9431872], [-47.60660762, -23.9432655], [-47.60627225, -23.94327269], [-47.60517724, -23.94290545], [-47.60461232, -23.94261337], [-47.60426286, -23.94234053], [-47.60353786, -23.94164119], [-47.60314743, -23.94134103], [-47.6020155, -23.94070265], [-47.6016167, -23.94036632], [-47.60146976, -23.94020296], [-47.60136268, -23.94004885], [-47.60110321, -23.93944232], [-47.60098816, -23.93928817], [-47.60065473, -23.93900638], [-47.60014883, -23.93889522], [-47.59968464, -23.93888362], [-47.59905376, -23.93891625], [-47.5987399, -23.93883324], [-47.59821626, -23.93862264], [-47.59795761, -23.93844963], [-47.59738745, -23.93793172], [-47.59706469, -23.9378035], [-47.59664825, -23.93772895], [-47.59626801, -23.93755526], [-47.59589483, -23.93724615], [-47.59562992, -23.93682024], [-47.59551157, -23.93651254], [-47.59538959, -23.93638543], [-47.59527088, -23.93604161], [-47.59516802, -23.93534568], [-47.5950846, -23.93514654], [-47.59496905, -23.93497428], [-47.59486348, -23.93487435], [-47.59443523, -23.93462814], [-47.59432445, -23.9342934], [-47.59435797, -23.93395945], [-47.59471361, -23.93338347], [-47.59481242, -23.9331131], [-47.59484968, -23.9325805], [-47.59490895, -23.93234603], [-47.59490764, -23.93189449], [-47.59487495, -23.93182206], [-47.59475274, -23.93173108], [-47.59428714, -23.93165624], [-47.59408581, -23.93155579], [-47.59382425, -23.93127438], [-47.59373746, -23.93093073], [-47.5938279, -23.9306242], [-47.59415517, -23.93025571], [-47.59437229, -23.92991376], [-47.59449358, -23.92930938], [-47.59443142, -23.92923679], [-47.59433586, -23.92910983], [-47.59409685, -23.9287563], [-47.59398939, -23.92857509], [-47.59393442, -23.92833999], [-47.59388495, -23.92802364], [-47.59390265, -23.92738256], [-47.5939896, -23.92713922], [-47.59411418, -23.92658904], [-47.59411752, -23.92636329], [-47.59401707, -23.92613692], [-47.5939024, -23.92555832], [-47.59384484, -23.92469106], [-47.59376934, -23.92450099], [-47.59366217, -23.92436494], [-47.59323901, -23.92401038], [-47.59308049, -23.92402756], [-47.59273073, -23.92417913], [-47.59248427, -23.92421388], [-47.59126924, -23.92419808], [-47.59094744, -23.92411501], [-47.59076902, -23.92397855], [-47.59057753, -23.92359819], [-47.59029162, -23.92328052], [-47.58970755, -23.92284378], [-47.589464, -23.92271599], [-47.58934433, -23.92270629], [-47.58872837, -23.92226034], [-47.58855753, -23.92209684], [-47.58820445, -23.92163429], [-47.58797768, -23.92147946], [-47.58747924, -23.9213683], [-47.58678748, -23.92114768], [-47.58623374, -23.92104524], [-47.58530475, -23.92094972], [-47.58493699, -23.92094765], [-47.58459396, -23.92100894], [-47.58433, -23.92099842], [-47.58402537, -23.92092446], [-47.58349368, -23.92073183], [-47.58281901, -23.92015909], [-47.58247541, -23.91975981], [-47.58208418, -23.91940541], [-47.58191466, -23.91932317], [-47.58155456, -23.91927599], [-47.58133417, -23.9190851], [-47.58128429, -23.91892227], [-47.58131104, -23.91868762], [-47.58127726, -23.91859712], [-47.58092963, -23.91797204], [-47.58092729, -23.91786366], [-47.5809879, -23.91770145], [-47.58120633, -23.91744982], [-47.58124387, -23.91734166], [-47.5812028, -23.91687179], [-47.58127445, -23.91644775], [-47.58126272, -23.91626707], [-47.58119431, -23.91603189], [-47.58083425, -23.91561444], [-47.58070124, -23.91539695], [-47.58075359, -23.91518954], [-47.58085549, -23.91509981], [-47.58097425, -23.91505533], [-47.5811854, -23.91479463], [-47.58118733, -23.91450565], [-47.58105508, -23.91426108], [-47.58100346, -23.9140892], [-47.58091268, -23.91351975], [-47.58081357, -23.9133747], [-47.58050474, -23.91310204], [-47.58043381, -23.91360736], [-47.5803867, -23.91371], [-47.58012789, -23.9142739], [-47.57990046, -23.91486865], [-47.57984098, -23.9151302], [-47.57952397, -23.91600952], [-47.57915483, -23.91663201], [-47.57874136, -23.91732753], [-47.57819253, -23.91786626], [-47.57808009, -23.91824492], [-47.57808755, -23.91859716], [-47.57796581, -23.91890351], [-47.57785542, -23.91897513], [-47.57768073, -23.91901934], [-47.57761021, -23.91910017], [-47.57762882, -23.9192538], [-47.57792234, -23.91952638], [-47.57799195, -23.91967273], [-47.57779407, -23.92019012], [-47.57763366, -23.9202743], [-47.57756335, -23.92040936], [-47.57758188, -23.92048171], [-47.57765498, -23.92055379], [-47.5762784, -23.92415299], [-47.57623913, -23.92413158], [-47.5758205, -23.92402083], [-47.57542366, -23.92368444], [-47.57523094, -23.92367432], [-47.57496822, -23.9237541], [-47.57456605, -23.92402274], [-47.57434604, -23.92423823], [-47.57392907, -23.92415458], [-47.57371905, -23.92406308], [-47.57339576, -23.92383547], [-47.57322624, -23.92375323], [-47.57303267, -23.92368891], [-47.57278471, -23.92366944], [-47.57260898, -23.9236865], [-47.57251355, -23.92373111], [-47.57224667, -23.92397342], [-47.57184404, -23.92421495], [-47.57162894, -23.92424985], [-47.57105311, -23.92422851], [-47.57057994, -23.92455994], [-47.570423, -23.92470354], [-47.57029695, -23.9248567], [-47.57013451, -23.92505409], [-47.56998029, -23.92534219], [-47.56967174, -23.92556619], [-47.56945118, -23.92585391], [-47.56932452, -23.92597063], [-47.56916994, -23.9261323], [-47.56903268, -23.92645662], [-47.56906033, -23.92671867], [-47.56930162, -23.92727092], [-47.56932439, -23.92744263], [-47.56932845, -23.92756909], [-47.56920753, -23.92792962], [-47.56885785, -23.92842431], [-47.56871056, -23.92868536], [-47.56816805, -23.930362], [-47.56773465, -23.93107294], [-47.5673902, -23.9314322], [-47.56688517, -23.93174538], [-47.56625788, -23.93197658], [-47.56590799, -23.93204682], [-47.56547611, -23.93208046], [-47.56495851, -23.93215877], [-47.564767, -23.93214864], [-47.56451119, -23.93220135], [-47.56410678, -23.93234352], [-47.56381549, -23.93255858], [-47.56361095, -23.93274705], [-47.56309776, -23.93344848], [-47.56272025, -23.93378948], [-47.56211693, -23.93401177], [-47.56181307, -23.93400099], [-47.56164394, -23.93394583], [-47.56144309, -23.9338634], [-47.56111014, -23.93361765], [-47.56086433, -23.9332821], [-47.56069711, -23.932947], [-47.5604686, -23.93269283], [-47.56023392, -23.93252892], [-47.55999997, -23.93243726], [-47.55946255, -23.93236192], [-47.55899686, -23.93237019], [-47.55869554, -23.93237555], [-47.5580265, -23.93251617], [-47.55751907, -23.93272094], [-47.55656296, -23.93326627], [-47.55539368, -23.93400001], [-47.55463993, -23.9343117], [-47.55447337, -23.9343288], [-47.55365242, -23.93450464], [-47.55277436, -23.93458082], [-47.55219423, -23.93473999], [-47.55172631, -23.93491793], [-47.55125154, -23.93519511], [-47.55017925, -23.93592937], [-47.54965526, -23.93613402], [-47.54893872, -23.93630142], [-47.54822868, -23.93632436], [-47.54772276, -23.93622207], [-47.54730487, -23.9360932], [-47.54705394, -23.93597433], [-47.54665009, -23.93565128], [-47.56193375, -23.95069966], [-47.56190578, -23.95070048], [-47.56516457, -23.95388778], [-47.56544123, -23.95411513], [-47.56571963, -23.95445086], [-47.56589695, -23.95493049], [-47.56591133, -23.95525567], [-47.5657487, -23.9555076], [-47.56552621, -23.95598494], [-47.56487742, -23.95755257], [-47.56424108, -23.95856033], [-47.56401859, -23.95902864], [-47.56388419, -23.95947036], [-47.56391809, -23.95999433], [-47.56407584, -23.96027518], [-47.56434337, -23.96049345], [-47.56639607, -23.96120058], [-47.56663098, -23.96133742], [-47.56682698, -23.96151008], [-47.56703292, -23.96184543], [-47.56720739, -23.96255984], [-47.56746947, -23.96285935], [-47.56765115, -23.96314936], [-47.56779736, -23.96369203], [-47.56782704, -23.96393602], [-47.56792724, -23.96418945], [-47.56804266, -23.96437975], [-47.56823963, -23.96458858], [-47.56834372, -23.96463433], [-47.56902476, -23.9651078], [-47.56950544, -23.96550789], [-47.56972308, -23.96565362], [-47.57036119, -23.96593721], [-47.57085993, -23.96611168], [-47.57168034, -23.96632406], [-47.57219612, -23.96652567], [-47.57304521, -23.96703621], [-47.57341872, -23.96730021], [-47.57392322, -23.96771848], [-47.57410868, -23.96781887], [-47.57422282, -23.96791886], [-47.57471552, -23.96818354], [-47.57530738, -23.96858424], [-47.57561724, -23.96890206], [-47.57576943, -23.96929124], [-47.57580007, -23.97003191], [-47.5758821, -23.97016783], [-47.57631489, -23.97056767], [-47.57560031, -23.9712409], [-47.57533094, -23.97138386], [-47.57458326, -23.97158731], [-47.57429052, -23.97173917], [-47.57410994, -23.97191875], [-47.57382306, -23.97237767], [-47.57348417, -23.9726286], [-47.57329806, -23.97289845], [-47.57329993, -23.97298877], [-47.57322361, -23.97319603], [-47.57300774, -23.97360113], [-47.57285935, -23.97374482], [-47.57265277, -23.97386104], [-47.57254342, -23.97395975], [-47.57244272, -23.97413075], [-47.57241633, -23.97440152], [-47.57250816, -23.9746278], [-47.5728892, -23.97487383], [-47.5731302, -23.97492934], [-47.57343387, -23.97489499], [-47.57417314, -23.97466436], [-47.57461231, -23.97466686], [-47.57506385, -23.97484104], [-47.5751859, -23.97495909], [-47.57527053, -23.97515828], [-47.57524863, -23.97531167], [-47.57488119, -23.9756979], [-47.57476505, -23.97588687], [-47.57465876, -23.97616621], [-47.57462284, -23.97639177], [-47.57471463, -23.9769883], [-47.57480983, -23.97735909], [-47.57482242, -23.97758492], [-47.57481004, -23.97814473], [-47.57472492, -23.9791105], [-47.57473032, -23.9797698], [-47.57482113, -23.9803302], [-47.5750526, -23.98071079], [-47.57554192, -23.98121024], [-47.57586669, -23.98141978], [-47.576819, -23.98184961], [-47.57712667, -23.98204099], [-47.57763163, -23.98249537], [-47.57805794, -23.98304863], [-47.5780767, -23.98306363], [-47.57833536, -23.98352941], [-47.57894732, -23.98524936], [-47.57942898, -23.98621412], [-47.57946146, -23.98641357], [-47.57948833, -23.98657861], [-47.57964364, -23.98713937], [-47.57978571, -23.98785357], [-47.58002097, -23.98840579], [-47.58042383, -23.98897698], [-47.58047667, -23.98903283], [-47.58093071, -23.98951263], [-47.58188188, -23.99031266], [-47.58193737, -23.99037619], [-47.58203754, -23.99045803], [-47.53684853, -23.99003462], [-47.51908812, -23.9973412], [-47.51482187, -23.99560394], [-47.50987667, -23.99359001], [-47.50914106, -23.99297778], [-47.50862815, -23.99241751], [-47.50844684, -23.99218759], [-47.50830933, -23.99198675], [-47.50796727, -23.99137042], [-47.50771557, -23.99100626], [-47.50742516, -23.99077361], [-47.50654182, -23.99021037], [-47.50599078, -23.98955774], [-47.50578422, -23.98924067], [-47.5049014, -23.98910977], [-47.50463908, -23.989059], [-47.50343662, -23.98880875], [-47.50286957, -23.98859686], [-47.50269776, -23.98850128], [-47.50161227, -23.98820307], [-47.50122416, -23.98807773], [-47.50099726, -23.9880467], [-47.49977275, -23.98787923], [-47.49964857, -23.98796069], [-47.49934941, -23.98803688], [-47.49885743, -23.98809996], [-47.49856171, -23.98804882], [-47.49792412, -23.98779563], [-47.49753799, -23.9876927], [-47.49726001, -23.98769543], [-47.4965709, -23.98777616], [-47.4961281, -23.98774004], [-47.49591797, -23.98764417], [-47.49564517, -23.98745725], [-47.49519106, -23.98708914], [-47.49324288, -23.98520359], [-47.49247295, -23.98455627], [-47.49209735, -23.98433581], [-47.49171223, -23.9841823], [-47.49120283, -23.98405428], [-47.49058792, -23.98395685], [-47.48952988, -23.98365269], [-47.48935149, -23.98357164], [-47.48916316, -23.98343388], [-47.48868973, -23.98298833], [-47.48850881, -23.98281806], [-47.48787099, -23.98214149], [-47.48737614, -23.98154293], [-47.48700551, -23.98101818], [-47.48690548, -23.98077157], [-47.48690608, -23.98059825], [-47.48694939, -23.98044951], [-47.48713447, -23.98016308], [-47.48759917, -23.97965276], [-47.48782624, -23.979353], [-47.48782725, -23.97930334], [-47.48782967, -23.97912277], [-47.48779605, -23.97895813], [-47.48771175, -23.97881417], [-47.48756533, -23.97865858], [-47.48694938, -23.97814773], [-47.48574086, -23.97726828], [-47.48520718, -23.97679491], [-47.4848593, -23.97643046], [-47.4846041, -23.97608346], [-47.48451039, -23.97590986], [-47.48375527, -23.97433883], [-47.48273256, -23.9732081], [-47.48177697, -23.97234889], [-47.48122113, -23.97189662], [-47.4799789, -23.97063674], [-47.47970358, -23.97041733], [-47.47937343, -23.97020783], [-47.47883492, -23.96988977], [-47.47831166, -23.96949564], [-47.47734333, -23.9685328], [-47.47725828, -23.96809186], [-47.47714285, -23.96770649], [-47.47696866, -23.96733018], [-47.47676788, -23.96700124], [-47.47629605, -23.96636797], [-47.47546947, -23.96577833], [-47.47538226, -23.96568242], [-47.47534003, -23.96563599], [-47.47525697, -23.96535028], [-47.47517035, -23.96523794], [-47.47504594, -23.9651533], [-47.47471513, -23.96495914], [-47.47440811, -23.96482779], [-47.47393911, -23.96470176], [-47.47342946, -23.96460708], [-47.47312604, -23.96461287], [-47.47278271, -23.96468881], [-47.47259741, -23.9647586], [-47.47238574, -23.96488838], [-47.47214654, -23.96563423], [-47.47212508, -23.96589906], [-47.47226204, -23.96638429], [-47.4727888, -23.96763231], [-47.47290571, -23.9680962], [-47.47296629, -23.9685935], [-47.47296844, -23.9689121], [-47.4729288, -23.9692025], [-47.47282457, -23.96945422], [-47.47268984, -23.96965227], [-47.47246066, -23.96989426], [-47.47216607, -23.97010572], [-47.47180711, -23.97029024], [-47.47137329, -23.97046422], [-47.47078057, -23.97065069], [-47.47016562, -23.97080502], [-47.46903426, -23.97097489], [-47.46859792, -23.97106857], [-47.46839501, -23.97114314], [-47.46808382, -23.97136028], [-47.46783002, -23.97149615], [-47.46762704, -23.97156712], [-47.46725579, -23.97162274], [-47.46688432, -23.97161517], [-47.46636541, -23.97149985], [-47.46566293, -23.97128818], [-47.46471827, -23.97094591], [-47.4642848, -23.97082921], [-47.46377682, -23.97077148], [-47.46329806, -23.97080444], [-47.46315453, -23.97079862], [-47.46306393, -23.97089034], [-47.46271435, -23.97120738], [-47.46195317, -23.97214483], [-47.46123631, -23.97288209], [-47.46083364, -23.97319726], [-47.46027339, -23.97349149], [-47.45962856, -23.9735226], [-47.4592106, -23.97370532], [-47.45897513, -23.9739799], [-47.45876751, -23.97411682], [-47.45858108, -23.97418029], [-47.45810432, -23.97426737], [-47.45789021, -23.9743737], [-47.45779466, -23.97451515], [-47.45774268, -23.97467485], [-47.45766763, -23.97506872], [-47.4576328, -23.97545923], [-47.45757737, -23.97564426], [-47.45744365, -23.97579354], [-47.45669314, -23.97620906], [-47.45639071, -23.97642423], [-47.45549782, -23.97736196], [-47.45501497, -23.97780207], [-47.45473981, -23.97795271], [-47.45446031, -23.9780303], [-47.45352524, -23.9780913], [-47.4532787, -23.97830105], [-47.45330657, -23.97857954], [-47.45362899, -23.97936692], [-47.45367194, -23.97971557], [-47.45360405, -23.98012467], [-47.45324367, -23.98059982], [-47.45261328, -23.98118762], [-47.45244342, -23.98145211], [-47.45233583, -23.98168492], [-47.45229084, -23.98205844], [-47.45252209, -23.98290777], [-47.45254591, -23.98317999], [-47.45249843, -23.98337032], [-47.45230868, -23.98367394], [-47.4520094, -23.98400459], [-47.45176378, -23.98421162], [-47.45156899, -23.98450901], [-47.45140869, -23.98486361], [-47.45113772, -23.98575528], [-47.45100876, -23.98600106], [-47.45083998, -23.9862195], [-47.45030376, -23.98669746], [-47.44998121, -23.98694705], [-47.44973441, -23.98713804], [-47.4492744, -23.98743876], [-47.44873406, -23.98769923], [-47.44849448, -23.98775903], [-47.44820308, -23.98777993], [-47.44761186, -23.98768827], [-47.44739461, -23.98768181], [-47.44628046, -23.9878368], [-47.44574952, -23.98781548], [-47.44541045, -23.98765389], [-47.44501995, -23.98736946], [-47.44470634, -23.98704679], [-47.4443559, -23.98659472], [-47.44416546, -23.98608323], [-47.44412532, -23.98603874], [-47.44405451, -23.9854107], [-47.44393394, -23.98495677], [-47.44370465, -23.98462463], [-47.44301715, -23.98385567], [-47.44282258, -23.98348867], [-47.44277086, -23.98329903], [-47.44272716, -23.98244128], [-47.44244208, -23.98170292], [-47.44215357, -23.98146018], [-47.44176561, -23.98130929], [-47.44134375, -23.98128803], [-47.44024631, -23.98138945], [-47.43995941, -23.98133534], [-47.43951504, -23.98116277], [-47.43910752, -23.98091199], [-47.43875521, -23.98056736], [-47.43820659, -23.97986658], [-47.43792814, -23.97942688], [-47.43743203, -23.9789058], [-47.43709837, -23.97871612], [-47.43665554, -23.97867712], [-47.43613315, -23.97879465], [-47.4350655, -23.97896416], [-47.43384434, -23.97896369], [-47.43309481, -23.9789142], [-47.43240931, -23.97882217], [-47.43084959, -23.97852735], [-47.43054193, -23.97846633], [-47.43010327, -23.97849224], [-47.42915908, -23.9785397], [-47.42839583, -23.97854456], [-47.42751366, -23.97849444], [-47.42693178, -23.97853163], [-47.42627924, -23.97867736], [-47.42583419, -23.97883425], [-47.42544734, -23.97905611], [-47.42515587, -23.97917717], [-47.42352152, -23.97961914], [-47.42315282, -23.97981363], [-47.42238365, -23.9801327], [-47.4221811, -23.98012326], [-47.42204014, -23.98015076], [-47.42112205, -23.98028171], [-47.42066944, -23.98040259], [-47.42031472, -23.98055713], [-47.419628, -23.98103015], [-47.41924073, -23.98123034], [-47.41877011, -23.98138671], [-47.41811329, -23.98151532], [-47.41767715, -23.98146623], [-47.41734244, -23.98137763], [-47.4171075, -23.98126488], [-47.41705618, -23.98114744], [-47.41706738, -23.9809577], [-47.41712276, -23.98087197], [-47.41732194, -23.98075329], [-47.41779268, -23.98055089], [-47.41806281, -23.9803381], [-47.41813806, -23.98010673], [-47.41807084, -23.97992635], [-47.4179748, -23.97983399], [-47.41785185, -23.97977364], [-47.41706488, -23.97958385], [-47.41706136, -23.979583], [-47.41661765, -23.97944375], [-47.41592209, -23.97912794], [-47.4155513, -23.97889547], [-47.41530747, -23.97867454], [-47.41514666, -23.97848029], [-47.41474431, -23.97781953], [-47.41457125, -23.97770581], [-47.41434687, -23.97763262], [-47.41399637, -23.97764445], [-47.41364487, -23.97776102], [-47.41338654, -23.97792125], [-47.41280512, -23.97840521], [-47.41266329, -23.97849139], [-47.41254895, -23.97852389], [-47.41209565, -23.97850213], [-47.41123855, -23.97832153], [-47.41099541, -23.97829556], [-47.41002803, -23.97836493], [-47.40959646, -23.97808556], [-47.40931353, -23.97776955], [-47.40914053, -23.97765853], [-47.40885236, -23.97764139], [-47.4078839, -23.97786422], [-47.4076515, -23.97788773], [-47.40749073, -23.97785324], [-47.40733511, -23.97777895], [-47.40702249, -23.97745077], [-47.4069587, -23.97724325], [-47.40688594, -23.97713426], [-47.40655275, -23.97712595], [-47.40637342, -23.97715043], [-47.40580446, -23.97751321], [-47.40565625, -23.97757331], [-47.40443705, -23.97767818], [-47.40435149, -23.97772647], [-47.40424289, -23.97785635], [-47.40435892, -23.97860287], [-47.40431488, -23.97877056], [-47.40417645, -23.97893431], [-47.40382009, -23.97916015], [-47.40344537, -23.97929692], [-47.40321564, -23.97935829], [-47.40298089, -23.97936107], [-47.40253674, -23.97935629], [-47.4017153, -23.97897919], [-47.40130919, -23.97885376], [-47.40082409, -23.97881261], [-47.40009073, -23.9788936], [-47.39958751, -23.97904139], [-47.39886393, -23.9793849], [-47.39860584, -23.97955955], [-47.39793725, -23.98016759], [-47.39772724, -23.98028642], [-47.39733178, -23.98036482], [-47.39645043, -23.98035964], [-47.39614831, -23.98038513], [-47.39593746, -23.98045883], [-47.39573933, -23.98063524], [-47.39571895, -23.9809145], [-47.39563791, -23.98120734], [-47.39524914, -23.98180648], [-47.39517088, -23.98203699], [-47.39526462, -23.98258978], [-47.39552388, -23.98348663], [-47.39555048, -23.9836496], [-47.39553529, -23.9838376], [-47.39545438, -23.98403114], [-47.39534501, -23.98417367], [-47.3952318, -23.98426751], [-47.39492653, -23.98438873], [-47.39470455, -23.98433894], [-47.39437253, -23.9842358], [-47.39317409, -23.98371469], [-47.39272502, -23.98355109], [-47.39139141, -23.98326408], [-47.39049666, -23.98274724], [-47.39011359, -23.98259253], [-47.38977989, -23.98250475], [-47.3894324, -23.98246774], [-47.38902419, -23.98249487], [-47.38873999, -23.98258686], [-47.38836827, -23.98269992], [-47.38836776, -23.98270008], [-47.38836456, -23.98255409], [-47.3883616, -23.98241954], [-47.38825295, -23.9822801], [-47.38825277, -23.98228], [-47.38833312, -23.98238353], [-47.38836145, -23.98242004], [-47.38836607, -23.98263026], [-47.3883676, -23.98270008], [-47.38830331, -23.9828584], [-47.38830743, -23.98299608], [-47.38830795, -23.98301375], [-47.38830474, -23.98316815], [-47.3883862, -23.98342608], [-47.38826897, -23.9835806], [-47.38803269, -23.98362956], [-47.3875381, -23.98365508], [-47.38719928, -23.98374398], [-47.38666945, -23.98399592], [-47.38633233, -23.98423744], [-47.38616639, -23.98446027], [-47.38607625, -23.98466735], [-47.38603306, -23.98490366], [-47.38598693, -23.9858669], [-47.38587736, -23.98616687], [-47.38567598, -23.98651768], [-47.38540901, -23.98683554], [-47.38501422, -23.98715793], [-47.38473592, -23.98729691], [-47.3841446, -23.98749333], [-47.38387397, -23.98765493], [-47.38376253, -23.98782214], [-47.38375942, -23.9880849], [-47.38381271, -23.98842121], [-47.3838148, -23.98864879], [-47.3837879, -23.98881386], [-47.38371279, -23.98898583], [-47.38361854, -23.98909355], [-47.38350986, -23.98916324], [-47.3829184, -23.98937412], [-47.382712, -23.98949461], [-47.3826394, -23.98959887], [-47.38260886, -23.9897278], [-47.38266735, -23.99002982], [-47.38295015, -23.99018527], [-47.38370549, -23.99049117], [-47.38403621, -23.99067585], [-47.38448149, -23.99103741], [-47.38481125, -23.99146229], [-47.38487947, -23.99214005], [-47.38505523, -23.99276977], [-47.3853269, -23.99332881], [-47.38576455, -23.99402625], [-47.38588468, -23.994242], [-47.38598422, -23.9945741], [-47.38600746, -23.99485962], [-47.38572587, -23.99516022], [-47.38556179, -23.99527288], [-47.38537337, -23.99535648], [-47.38482507, -23.99545567], [-47.38375794, -23.99553325], [-47.3833737, -23.9956435], [-47.38294904, -23.99588802], [-47.38198262, -23.99663634], [-47.38137782, -23.99703315], [-47.38071373, -23.99710715], [-47.38025483, -23.99720965], [-47.3799078, -23.99733641], [-47.37937083, -23.99761175], [-47.37842702, -23.9984758], [-47.37821649, -23.99861703], [-47.37808051, -23.99865854], [-47.37783286, -23.99865141], [-47.37752599, -23.99855267], [-47.37730585, -23.99842654], [-47.37685351, -23.99808749], [-47.37654528, -23.99791559], [-47.37536217, -23.9979896], [-47.37474606, -23.99808469], [-47.3746224, -23.99806035], [-47.37453526, -23.99801821], [-47.37426614, -23.99763256], [-47.3740946, -23.99745347], [-47.37389709, -23.99732658], [-47.3736578, -23.9972581], [-47.37355545, -23.99727365], [-47.37344094, -23.99733246], [-47.37303117, -23.9976773], [-47.37287416, -23.99776562], [-47.37263586, -23.99781725], [-47.37245511, -23.99780245], [-47.37229668, -23.99770473], [-47.37212119, -23.99752832], [-47.37178927, -23.99689028], [-47.37142108, -23.99647955], [-47.37116126, -23.99639919], [-47.37088806, -23.99639097], [-47.37068703, -23.99645279], [-47.37062651, -23.996521], [-47.37038802, -23.99719483], [-47.37013326, -23.99745495], [-47.36936141, -23.99784152], [-47.36916472, -23.9979729], [-47.36900477, -23.99817859], [-47.36890641, -23.99842534], [-47.36899157, -23.99882688], [-47.36920911, -23.99914898], [-47.36945581, -23.9993918], [-47.37007329, -23.99972931], [-47.37025794, -23.99986695], [-47.37050472, -24.00010074], [-47.37054435, -24.00018229], [-47.37058494, -24.00038666], [-47.37058659, -24.0004255], [-47.37057226, -24.00061324], [-47.37057317, -24.00062227], [-47.37055301, -24.00080365], [-47.37025347, -24.00172719], [-47.37012851, -24.0023404], [-47.37010196, -24.00258042], [-47.37013119, -24.00309085], [-47.3701157, -24.00330115], [-47.36988838, -24.0040491], [-47.36987493, -24.00448969], [-47.36997204, -24.00499336], [-47.37001056, -24.00506615], [-47.37012982, -24.00529155], [-47.37034905, -24.00552877], [-47.37050926, -24.00565089], [-47.37077783, -24.00574576], [-47.37106379, -24.00575768], [-47.37228407, -24.00559545], [-47.37254041, -24.00562251], [-47.37269262, -24.00576263], [-47.37279541, -24.00593402], [-47.37288709, -24.00650176], [-47.37268915, -24.00714426], [-47.37266727, -24.00789454], [-47.37262536, -24.00821122], [-47.37247173, -24.00860388], [-47.37225302, -24.00890218], [-47.37206009, -24.00893245], [-47.37170722, -24.0089273], [-47.37051516, -24.00876281], [-47.37014376, -24.00874037], [-47.36968557, -24.00875164], [-47.36904689, -24.00883481], [-47.36860233, -24.00886152], [-47.36812061, -24.0087462], [-47.36797673, -24.00866934], [-47.3678647, -24.00854575], [-47.36785365, -24.00845537], [-47.3679371, -24.00834939], [-47.36820762, -24.00820678], [-47.36902151, -24.00797674], [-47.36922779, -24.00787522], [-47.36931887, -24.00779819], [-47.3693713, -24.00763872], [-47.36935303, -24.00746882], [-47.36927563, -24.00731838], [-47.36914219, -24.00716755], [-47.36901687, -24.00710617], [-47.36870748, -24.00707332], [-47.36765432, -24.00723397], [-47.36724051, -24.00722839], [-47.36684476, -24.00717868], [-47.36657007, -24.00711085], [-47.36635256, -24.00702264], [-47.36614331, -24.00688754], [-47.36581236, -24.0066089], [-47.3656469, -24.00652828], [-47.36542228, -24.00646802], [-47.36482262, -24.00647017], [-47.36406687, -24.00632673], [-47.36332586, -24.00630351], [-47.36289718, -24.00643236], [-47.36263766, -24.00667076], [-47.36254319, -24.00680194], [-47.36247282, -24.00782189], [-47.36250464, -24.00825286], [-47.36264096, -24.00876765], [-47.3628298, -24.00911302], [-47.3631238, -24.00946094], [-47.36344035, -24.00969794], [-47.36368627, -24.00979718], [-47.36434823, -24.00999053], [-47.36474287, -24.0101757], [-47.36487525, -24.01033555], [-47.36490286, -24.01056331], [-47.36414727, -24.01087501], [-47.36399305, -24.01097869], [-47.36384815, -24.01114565], [-47.36379406, -24.01126718], [-47.36376794, -24.01145393], [-47.36384519, -24.01198004], [-47.36385515, -24.01232055], [-47.36376354, -24.01270009], [-47.36280991, -24.01437039], [-47.36254099, -24.01467374], [-47.36223636, -24.01489556], [-47.3617374, -24.01519821], [-47.361391, -24.01547844], [-47.36116982, -24.01571349], [-47.36047544, -24.01658278], [-47.36025472, -24.01676184], [-47.3599982, -24.01687202], [-47.35976378, -24.01692547], [-47.35876545, -24.0168652], [-47.35848606, -24.01688853], [-47.35822706, -24.017061], [-47.35741656, -24.0178211], [-47.35688212, -24.0182499], [-47.35640845, -24.01846421], [-47.35539116, -24.01879029], [-47.3551797, -24.01891975], [-47.3550181, -24.01908116], [-47.35493911, -24.01924044], [-47.35488501, -24.01948027], [-47.35487608, -24.02008073], [-47.35498146, -24.02076597], [-47.35517457, -24.02142473], [-47.35487956, -24.0213152], [-47.35467432, -24.02116837], [-47.35412794, -24.02090355], [-47.35156671, -24.01951291], [-47.35060835, -24.01890292], [-47.34991066, -24.01839501], [-47.34905573, -24.01788056], [-47.34875707, -24.01773758], [-47.34786432, -24.01739624], [-47.34752567, -24.01721685], [-47.3472031, -24.01699604], [-47.34566219, -24.01575429], [-47.34551364, -24.01565029], [-47.34503689, -24.01541031], [-47.34466722, -24.01517922], [-47.34432969, -24.01486709], [-47.34417901, -24.01466555], [-47.34393405, -24.0144525], [-47.34271297, -24.01352815], [-47.34232612, -24.01335382], [-47.34130926, -24.01304678], [-47.34042751, -24.01280572], [-47.33967651, -24.01268118], [-47.33909446, -24.01268967], [-47.33791252, -24.01284109], [-47.33741716, -24.01282762], [-47.33721125, -24.01276474], [-47.33702529, -24.01266769], [-47.3365355, -24.01222803], [-47.33626905, -24.01211686], [-47.33596864, -24.01206866], [-47.33554698, -24.01206023], [-47.33505409, -24.01210366], [-47.33470046, -24.01218783], [-47.33445183, -24.01229351], [-47.33421742, -24.0124607], [-47.33405569, -24.01263654], [-47.33396122, -24.01287969], [-47.33396386, -24.01303232], [-47.33399658, -24.01311563], [-47.33436281, -24.0135174], [-47.33480081, -24.01380318], [-47.33499095, -24.01398696], [-47.33509507, -24.01422881], [-47.33509906, -24.01457019], [-47.33498604, -24.01491434], [-47.33445316, -24.0157323], [-47.33382689, -24.01701194], [-47.33368149, -24.01723124], [-47.33349518, -24.0174069], [-47.3331742, -24.0175798], [-47.33285584, -24.01767685], [-47.33235286, -24.0177482], [-47.33196166, -24.01773998], [-47.33143725, -24.0176721], [-47.33095689, -24.01751243], [-47.33062838, -24.01729967], [-47.33038961, -24.01705323], [-47.33028322, -24.01673189], [-47.3302576, -24.01639216], [-47.33030319, -24.01600237], [-47.33042402, -24.01543523], [-47.33043483, -24.01520413], [-47.33036967, -24.01489031], [-47.33024745, -24.01469618], [-47.33001025, -24.01449761], [-47.32983798, -24.01440878], [-47.3287694, -24.01417444], [-47.32850801, -24.01416173], [-47.32828359, -24.01419443], [-47.32792976, -24.01441584], [-47.3275648, -24.01502006], [-47.32708597, -24.01594945], [-47.32692799, -24.01614518], [-47.32671092, -24.01635222], [-47.32632327, -24.01661943], [-47.32558349, -24.01690669], [-47.32483639, -24.01712977], [-47.32406814, -24.01729761], [-47.32341164, -24.01738679], [-47.32302494, -24.01742734], [-47.32274221, -24.01737925], [-47.32234115, -24.01725986], [-47.32137587, -24.01690069], [-47.31981774, -24.01608842], [-47.31906896, -24.01582021], [-47.31848719, -24.01567964], [-47.31807249, -24.01566037], [-47.31790517, -24.01568354], [-47.31769908, -24.0157561], [-47.31751994, -24.01589477], [-47.31718517, -24.01629871], [-47.31664028, -24.01655663], [-47.31645915, -24.01658421], [-47.31627442, -24.01657294], [-47.31604286, -24.01652069], [-47.31586463, -24.01643992], [-47.31568112, -24.01628778], [-47.31551768, -24.01608793], [-47.31532929, -24.01570367], [-47.31523062, -24.01528936], [-47.31514986, -24.01439295], [-47.31514917, -24.01321809], [-47.3150981, -24.01298474], [-47.31501146, -24.01277099], [-47.31480544, -24.01238028], [-47.31455895, -24.01200734], [-47.3137879, -24.0111339], [-47.31278601, -24.00978468], [-47.31233809, -24.00928836], [-47.31142122, -24.00902521], [-47.31117563, -24.00889157], [-47.31036553, -24.00855876], [-47.30991407, -24.00847328], [-47.30930118, -24.00841191], [-47.30863852, -24.00842242], [-47.30728784, -24.00864643], [-47.30651722, -24.00875006], [-47.30623427, -24.00884461], [-47.30571734, -24.00916592], [-47.30504118, -24.00971182], [-47.30453188, -24.01017315], [-47.30408096, -24.01047778], [-47.30366897, -24.01071316], [-47.30328307, -24.01088913], [-47.3028246, -24.01104379], [-47.30230742, -24.01116732], [-47.30207328, -24.01118637], [-47.30156138, -24.01115461], [-47.30063061, -24.01102044], [-47.29996308, -24.01079879], [-47.29934071, -24.0105838], [-47.29752763, -24.01005931], [-47.29682081, -24.00994663], [-47.2964778, -24.00993868], [-47.29608027, -24.00998179], [-47.29454999, -24.01027932], [-47.2942678, -24.01028536], [-47.29408528, -24.01024789], [-47.29380918, -24.01012032], [-47.29356881, -24.00995419], [-47.29231616, -24.00874928], [-47.29147795, -24.00815338], [-47.29097351, -24.00783357], [-47.29059765, -24.00764927], [-47.29035141, -24.00759145], [-47.28969094, -24.00757661], [-47.2894164, -24.00749601], [-47.28908973, -24.00730665], [-47.28887119, -24.007119], [-47.2882998, -24.00658918], [-47.28794548, -24.00641406], [-47.28647201, -24.0059588], [-47.28615566, -24.00593748], [-47.28564002, -24.00599865], [-47.2852267, -24.00604885], [-47.28491397, -24.00606368], [-47.28474461, -24.00609583], [-47.28463218, -24.00613653], [-47.28450585, -24.00630446], [-47.28443344, -24.00648904], [-47.28443736, -24.00704715], [-47.28472224, -24.0099616], [-47.28478008, -24.01031332], [-47.28488147, -24.01063195], [-47.28501295, -24.01088217], [-47.2851784, -24.01107214], [-47.28539215, -24.01113423], [-47.2859211, -24.01112734], [-47.28616941, -24.01117344], [-47.28628146, -24.01128715], [-47.28641189, -24.01154549], [-47.28644427, -24.01177511], [-47.28642935, -24.01212899], [-47.28622706, -24.01321746], [-47.28615358, -24.01341197], [-47.28604192, -24.01358813], [-47.28585288, -24.01373301], [-47.28564367, -24.01382266], [-47.2852819, -24.01393375], [-47.2846131, -24.01407957], [-47.28417162, -24.01419909], [-47.28385242, -24.01427618], [-47.2832998, -24.01451226], [-47.28270512, -24.01461348], [-47.28232144, -24.01453385], [-47.28200246, -24.0143635], [-47.27978191, -24.01267446], [-47.27921315, -24.01218165], [-47.278213, -24.01111669], [-47.2779008, -24.01084975], [-47.2776223, -24.01066164], [-47.27744286, -24.01071989], [-47.27723811, -24.01086104], [-47.27702917, -24.01103195], [-47.27606199, -24.01200811], [-47.27602337, -24.01237174], [-47.27601727, -24.01272479], [-47.27604322, -24.01290198], [-47.2761035, -24.01308756], [-47.2763185, -24.01334202], [-47.27691539, -24.01387659], [-47.27699665, -24.0140253], [-47.2770407, -24.01426674], [-47.27691071, -24.01440303], [-47.27677531, -24.01448329], [-47.27556151, -24.01488957], [-47.27520523, -24.01504583], [-47.27498066, -24.01520308], [-47.27447741, -24.0158549], [-47.27399488, -24.01627661], [-47.273518, -24.016506], [-47.27223249, -24.01712303], [-47.27112672, -24.01709754], [-47.2709541, -24.01705199], [-47.27076049, -24.01693494], [-47.27061539, -24.01678123], [-47.27046437, -24.01651911], [-47.27022741, -24.01553301], [-47.27003854, -24.01521642], [-47.26983104, -24.01500445], [-47.26958775, -24.01483645], [-47.26900884, -24.0146018], [-47.26894466, -24.01463383], [-47.26834585, -24.01453539], [-47.26816593, -24.01453764], [-47.26769895, -24.01475806], [-47.2671522, -24.01510431], [-47.26671922, -24.01526087], [-47.26643943, -24.01532648], [-47.26592025, -24.0153388], [-47.26543303, -24.01529448], [-47.26485641, -24.01502552], [-47.26388119, -24.0144772], [-47.26383636, -24.01445976], [-47.26315918, -24.01419629], [-47.26260795, -24.01405665], [-47.26114506, -24.01384506], [-47.26060789, -24.0136712], [-47.26040152, -24.01344478], [-47.26026098, -24.01322246], [-47.26019588, -24.01302871], [-47.26017114, -24.01271968], [-47.26034035, -24.01117947], [-47.2604374, -24.01088221], [-47.26066032, -24.01047211], [-47.2608982, -24.01025629], [-47.26133451, -24.01005642], [-47.26173842, -24.00996106], [-47.26303983, -24.00976053], [-47.2633732, -24.00963844], [-47.26368655, -24.00944666], [-47.26398936, -24.00917049], [-47.26400373, -24.00915739], [-47.26415258, -24.00889212], [-47.26431612, -24.0078684], [-47.2644623, -24.00735387], [-47.26447818, -24.00711829], [-47.2644399, -24.00678387], [-47.26433168, -24.00646518], [-47.26421821, -24.00629274], [-47.26412036, -24.00613306], [-47.2640784, -24.00609193], [-47.26380562, -24.00582454], [-47.26357936, -24.00562415], [-47.263371, -24.00551059], [-47.26302833, -24.00535628], [-47.26268423, -24.00525162], [-47.26254999, -24.00520274], [-47.26185923, -24.0051695], [-47.26150936, -24.00515962], [-47.26114474, -24.00515053], [-47.26078032, -24.00511976], [-47.26041485, -24.00509621], [-47.26005003, -24.00510879], [-47.25904143, -24.00511195], [-47.25769066, -24.00523079], [-47.25727859, -24.00525113], [-47.256313, -24.00538915], [-47.25599852, -24.00548879], [-47.25568298, -24.00559565], [-47.25536732, -24.00571606], [-47.25505356, -24.0058446], [-47.25473867, -24.00598849], [-47.25442366, -24.00614592], [-47.25414266, -24.00634606], [-47.25382902, -24.00656942], [-47.25354861, -24.00681381], [-47.25325155, -24.00705084], [-47.25301773, -24.00736061], [-47.25294902, -24.00745671], [-47.25285881, -24.00775673], [-47.25280014, -24.00804797], [-47.25280281, -24.00818706], [-47.25282896, -24.00833897], [-47.25286662, -24.00863004], [-47.25298295, -24.008919], [-47.25309829, -24.00920886], [-47.25330899, -24.00949764], [-47.25352069, -24.00978553], [-47.25374719, -24.0100663], [-47.25403846, -24.01036111], [-47.25428935, -24.01066284], [-47.25467341, -24.01124102], [-47.25492771, -24.0118182], [-47.25504404, -24.01210807], [-47.25509645, -24.01239925], [-47.25514003, -24.01268946], [-47.25516984, -24.01298047], [-47.2552144, -24.01327068], [-47.25522749, -24.01356247], [-47.25524058, -24.01385335], [-47.25523008, -24.01414495], [-47.25517926, -24.01443715], [-47.25514941, -24.01501938], [-47.25517037, -24.01531123], [-47.25523687, -24.01589239], [-47.25525783, -24.01618333], [-47.25534171, -24.01647385], [-47.25544134, -24.01676358], [-47.25555767, -24.01705345], [-47.2556004, -24.01711157], [-47.25687961, -24.01839552], [-47.25724178, -24.0194413], [-47.25715166, -24.02049265], [-47.25673441, -24.02151533], [-47.25616375, -24.02210788], [-47.25566191, -24.02248152], [-47.25518065, -24.02286254], [-47.25450294, -24.02311563], [-47.25389358, -24.02320218], [-47.25338425, -24.02320912], [-47.25230905, -24.02295166], [-47.2521302, -24.0228347], [-47.25190511, -24.02261263], [-47.25172558, -24.02235299], [-47.25151387, -24.0220651], [-47.25131986, -24.02177645], [-47.25117994, -24.0214864], [-47.25104689, -24.02119822], [-47.25094728, -24.02090758], [-47.2508162, -24.0206185], [-47.25069987, -24.02032954], [-47.25059408, -24.02017792], [-47.25045461, -24.02005494], [-47.25036546, -24.02002085], [-47.24906257, -24.02069626], [-47.24731023, -24.02192629], [-47.24659731, -24.02226577], [-47.24578085, -24.02231457], [-47.24434229, -24.0218005], [-47.24245115, -24.02046477], [-47.24130639, -24.01932623], [-47.24014195, -24.01787055], [-47.23948861, -24.01685861], [-47.23899015, -24.01643213], [-47.23816295, -24.01604825], [-47.23768904, -24.01605451], [-47.23678533, -24.01618748], [-47.23519212, -24.01721272], [-47.2344152, -24.01745503], [-47.23376756, -24.01753759], [-47.23328767, -24.0173379], [-47.23297639, -24.01697788], [-47.23207054, -24.01542392], [-47.23159673, -24.01477997], [-47.2312297, -24.01417659], [-47.23105789, -24.01383209], [-47.23085334, -24.01309362], [-47.23055075, -24.01243384], [-47.23028925, -24.01222049], [-47.229986, -24.01216485], [-47.22961385, -24.01222426], [-47.22930011, -24.01245209], [-47.22833303, -24.01316698], [-47.2272337, -24.01393773], [-47.22642207, -24.01442535], [-47.22587399, -24.01458452], [-47.225261, -24.01464113], [-47.22433255, -24.01468625], [-47.22368835, -24.01460986], [-47.22241678, -24.01455023], [-47.22199184, -24.01447104], [-47.22154495, -24.01432034], [-47.22029545, -24.01368653], [-47.21967509, -24.01337281], [-47.21907968, -24.01302046], [-47.21871211, -24.01279813], [-47.21843543, -24.01252865], [-47.21836511, -24.01226802], [-47.21845186, -24.01192645], [-47.21858132, -24.01174776], [-47.21879159, -24.01165369], [-47.21908138, -24.01157108], [-47.21958264, -24.01147749], [-47.2200929, -24.0111546], [-47.22038041, -24.01089497], [-47.22042917, -24.01061993], [-47.22029482, -24.01026759], [-47.21990502, -24.00989969], [-47.21780873, -24.0087851], [-47.21705759, -24.00826716], [-47.21666896, -24.00798596], [-47.21632805, -24.0077539], [-47.21614702, -24.00766488], [-47.21524058, -24.00725227], [-47.21458474, -24.00684795], [-47.21438276, -24.00668651], [-47.21426683, -24.00646887], [-47.21416047, -24.00606888], [-47.2139569, -24.00534212], [-47.21363031, -24.00442024], [-47.21327984, -24.00374018], [-47.21261079, -24.00285894], [-47.2113091, -24.00151484], [-47.21080728, -24.00114875], [-47.2100347, -24.00082837], [-47.2096497, -24.00079281], [-47.20908835, -24.00090396], [-47.20870869, -24.00113755], [-47.20830957, -24.00155792], [-47.20803024, -24.00188893], [-47.20775809, -24.00229224], [-47.20758569, -24.00275053], [-47.2074008, -24.0029685], [-47.20721725, -24.00304471], [-47.20701842, -24.00307203], [-47.20659948, -24.00298653], [-47.20623415, -24.00284546], [-47.20585937, -24.00266278], [-47.20501904, -24.00223076], [-47.20342742, -24.00172413], [-47.20216322, -24.00089681], [-47.20160288, -24.00069277], [-47.20101972, -24.00061497], [-47.20033072, -24.00060677], [-47.19979916, -24.00068471], [-47.20031736, -23.9995239], [-47.20038244, -23.99898259], [-47.20037543, -23.99857977], [-47.2003082, -23.99830831], [-47.19999886, -23.99795975], [-47.19991916, -23.99786994], [-47.19836782, -23.99695721], [-47.19677431, -23.9960369], [-47.19658408, -23.99567596], [-47.19662508, -23.99529158], [-47.1965725, -23.99492813], [-47.19593349, -23.99390076], [-47.19517032, -23.9924931], [-47.19470781, -23.99203064], [-47.19402657, -23.99183103], [-47.19291871, -23.99132456], [-47.19236145, -23.99121443], [-47.19178115, -23.99135787], [-47.19072461, -23.99175937], [-47.18963982, -23.9918247], [-47.1889299, -23.99154085], [-47.1886271, -23.99092795], [-47.18867872, -23.99035943], [-47.18907676, -23.98974585], [-47.18976414, -23.98919599], [-47.18988334, -23.98896125], [-47.18986164, -23.98845356], [-47.18985234, -23.98788184], [-47.18995614, -23.98750971], [-47.19088461, -23.98641273], [-47.19148105, -23.98539797], [-47.19177534, -23.98452797], [-47.19196908, -23.98410328], [-47.19235219, -23.98371172], [-47.19318163, -23.98320543], [-47.19396416, -23.98256692], [-47.19444628, -23.98199463], [-47.19433054, -23.98165957], [-47.19399594, -23.98139409], [-47.19351188, -23.98092874], [-47.19326775, -23.98024497], [-47.19331498, -23.97899731], [-47.19352576, -23.97822598], [-47.19373585, -23.97783664], [-47.19432955, -23.9773113], [-47.19454542, -23.97703759], [-47.1946492, -23.97666546], [-47.1946429, -23.97629424], [-47.19452816, -23.97606033], [-47.19415752, -23.97576206], [-47.19385962, -23.97546347], [-47.1937082, -23.97526358], [-47.19373013, -23.97492059], [-47.19381821, -23.97475242], [-47.19409891, -23.97448194], [-47.19472244, -23.97454022], [-47.19556196, -23.97503731], [-47.19603887, -23.9759442], [-47.1962769, -23.97602828], [-47.1966209, -23.97592267], [-47.196858, -23.97568976], [-47.19697423, -23.97535114], [-47.19692659, -23.97477821], [-47.19688469, -23.97411774], [-47.19694565, -23.9736992], [-47.19707794, -23.97342934], [-47.19726695, -23.97318883], [-47.19764061, -23.97285678], [-47.19795487, -23.97267326], [-47.19849933, -23.97236243], [-47.19901749, -23.97213087], [-47.19931629, -23.97212694], [-47.19968457, -23.97225902], [-47.19978088, -23.97236364], [-47.19988068, -23.9726182], [-47.19995302, -23.97286712], [-47.20004656, -23.97316136], [-47.200145, -23.97335179], [-47.20049385, -23.97356409], [-47.20075351, -23.97354358], [-47.20096775, -23.97333578], [-47.20100295, -23.97304256], [-47.20091831, -23.97232756], [-47.20072449, -23.97162162], [-47.20044295, -23.97104592], [-47.19978995, -23.97015661], [-47.19960633, -23.96972347], [-47.19966264, -23.96948461], [-47.19989649, -23.96917763], [-47.20058494, -23.96881196], [-47.20109701, -23.96870225], [-47.20141853, -23.96878971], [-47.20164034, -23.96902988], [-47.20198176, -23.96961147], [-47.20264888, -23.97056862], [-47.20313426, -23.97110169], [-47.20353918, -23.97141376], [-47.20398659, -23.97149137], [-47.20449468, -23.97128409], [-47.2055739, -23.9701223], [-47.20587838, -23.96972285], [-47.20602866, -23.9694188], [-47.20604305, -23.96914258], [-47.20584243, -23.96863527], [-47.2055752, -23.96799919], [-47.20534532, -23.96725955], [-47.20546312, -23.9666464], [-47.20570925, -23.96618237], [-47.20618698, -23.96585654], [-47.20674377, -23.96558824], [-47.20820159, -23.96502003], [-47.2083638, -23.96490933], [-47.20841733, -23.96475533], [-47.20819083, -23.96438689], [-47.20605621, -23.96178896], [-47.2050553, -23.96038124], [-47.20357932, -23.95954229], [-47.20289476, -23.95918915], [-47.20158431, -23.95872356], [-47.20097182, -23.95864824], [-47.19959027, -23.95884402], [-47.19896697, -23.9587686], [-47.19747732, -23.9587567], [-47.19697498, -23.95867231], [-47.19572078, -23.95828839], [-47.19532429, -23.95802604], [-47.19524706, -23.95777617], [-47.19527044, -23.95707286], [-47.19534331, -23.95643497], [-47.19533898, -23.95616672], [-47.1951882, -23.95590091], [-47.1943939, -23.95468984], [-47.19406215, -23.95392408], [-47.19365258, -23.95338617], [-47.19366793, -23.95321832], [-47.1937847, -23.95313256], [-47.19574639, -23.95330632], [-47.19627516, -23.95339905], [-47.19682141, -23.95330679], [-47.19735258, -23.95293897], [-47.19755456, -23.95246647], [-47.1977751, -23.9505528], [-47.1980388, -23.94947754], [-47.19824509, -23.94886057], [-47.19844647, -23.94855514], [-47.1986721, -23.94849101], [-47.19896472, -23.94861617], [-47.1991293, -23.94898052], [-47.19936934, -23.94947101], [-47.19964412, -23.94971613], [-47.19997767, -23.94977388], [-47.20031239, -23.94960316], [-47.20055973, -23.94932157], [-47.20084102, -23.94866998], [-47.20141051, -23.94757005], [-47.20154398, -23.94717105], [-47.20163784, -23.94680424], [-47.20188059, -23.94638263], [-47.20204559, -23.94587009], [-47.20206863, -23.94509453], [-47.20191454, -23.94465892], [-47.2014253, -23.94392081], [-47.20129226, -23.94354587], [-47.20116634, -23.94314571], [-47.20113263, -23.94276163], [-47.20124761, -23.94203104], [-47.20120674, -23.94178056], [-47.20112014, -23.94158661], [-47.20092941, -23.94139003], [-47.20043502, -23.94109439], [-47.20020063, -23.94083965], [-47.20011864, -23.94067825], [-47.20000917, -23.94040916], [-47.19991092, -23.94009681], [-47.19987611, -23.93982831], [-47.20000524, -23.93947263], [-47.20020422, -23.93921142], [-47.20031756, -23.93907144], [-47.20034614, -23.93895788], [-47.20029794, -23.93885996], [-47.20016228, -23.93876315], [-47.19990637, -23.93870602], [-47.19954081, -23.93871123], [-47.19879464, -23.93875494], [-47.19837593, -23.93887441], [-47.19830503, -23.938891], [-47.19816583, -23.93896124], [-47.19806298, -23.93903085], [-47.19797675, -23.93910964], [-47.19778161, -23.93938081], [-47.19751428, -23.93990698], [-47.19705561, -23.94040633], [-47.19690961, -23.94046747], [-47.19686685, -23.94052131], [-47.19683224, -23.94054542], [-47.19678001, -23.94056126], [-47.19673965, -23.94056906], [-47.19666688, -23.94057571], [-47.1966148, -23.94057619], [-47.19654598, -23.94058016], [-47.19631832, -23.94065329], [-47.19585401, -23.94091689], [-47.19534603, -23.94112324], [-47.19527895, -23.9411516], [-47.19513067, -23.94124614], [-47.19507215, -23.94130437], [-47.19502715, -23.94138709], [-47.19500583, -23.94145917], [-47.19428004, -23.94194192], [-47.19379123, -23.94137086], [-47.19309403, -23.94080897], [-47.19262809, -23.94062371], [-47.19085717, -23.9403494], [-47.18952046, -23.93998102], [-47.18899197, -23.93945298], [-47.18873691, -23.93889463], [-47.18875947, -23.9380739], [-47.18901886, -23.93724966], [-47.18926179, -23.9361923], [-47.1892765, -23.93567946], [-47.18933896, -23.93520855], [-47.18937606, -23.93471757], [-47.18969052, -23.93440221], [-47.19097696, -23.93405855], [-47.19138057, -23.93366714], [-47.19150725, -23.93305406], [-47.19153505, -23.93199044], [-47.19157158, -23.93155576], [-47.19163364, -23.93081721], [-47.19175265, -23.93028715], [-47.19196399, -23.92934602], [-47.19198334, -23.92886122], [-47.19189696, -23.92843968], [-47.19140301, -23.92810518], [-47.19051935, -23.92814865], [-47.18989135, -23.92868546], [-47.189481, -23.92916711], [-47.18900197, -23.92984419], [-47.18848869, -23.93061039], [-47.18814919, -23.93097612], [-47.18748216, -23.93137894], [-47.18688162, -23.93140391], [-47.18613452, -23.93113689], [-47.18544831, -23.93066716], [-47.18476638, -23.93005929], [-47.18411821, -23.92982557], [-47.1833431, -23.9300225], [-47.18264036, -23.93066614], [-47.18233194, -23.93132614], [-47.18225819, -23.93148396], [-47.18190445, -23.93251424], [-47.18176125, -23.93341165], [-47.1815071, -23.93399299], [-47.18098431, -23.93451526], [-47.18057218, -23.93486954], [-47.18034278, -23.93532916], [-47.18024337, -23.93606438], [-47.18009043, -23.93664382], [-47.17949456, -23.93710047], [-47.17886605, -23.93706738], [-47.17818467, -23.93660669], [-47.1781747, -23.93600786], [-47.17844224, -23.93536342], [-47.17866437, -23.93474119], [-47.17883914, -23.93414025], [-47.17875768, -23.93341441], [-47.17859113, -23.93316019], [-47.17816498, -23.93292825], [-47.17708914, -23.93282559], [-47.17674077, -23.93268007], [-47.17649949, -23.93243247], [-47.17627857, -23.93180393], [-47.17592439, -23.93144523], [-47.17541073, -23.93132456], [-47.17485757, -23.93163162], [-47.17430923, -23.93215186], [-47.17383314, -23.93282169], [-47.17312681, -23.93372896], [-47.17216275, -23.9343623], [-47.17109859, -23.93467602], [-47.16955188, -23.93469951], [-47.16848438, -23.93454539], [-47.16756206, -23.93441683], [-47.16685995, -23.93437587], [-47.16637813, -23.93441618], [-47.16554246, -23.93457098], [-47.16454801, -23.93448426], [-47.1637884, -23.93419356], [-47.16332113, -23.93404975], [-47.16278058, -23.93406698], [-47.16224849, -23.93422427], [-47.16181139, -23.93461623], [-47.16131243, -23.93560914], [-47.1605692, -23.93585589], [-47.1595397, -23.93553405], [-47.15897059, -23.93475], [-47.15895182, -23.93442359], [-47.15895174, -23.93442207], [-47.15893736, -23.93417209], [-47.15786381, -23.93308988], [-47.15637151, -23.93438877], [-47.15523812, -23.9358398], [-47.15405141, -23.93733721], [-47.15246658, -23.93825195], [-47.15117373, -23.93807634], [-47.15023469, -23.9364779], [-47.1493881, -23.93526357], [-47.14827644, -23.93423347], [-47.14691758, -23.93453341], [-47.14584307, -23.93574723], [-47.14579343, -23.9374163], [-47.14560374, -23.93855689], [-47.14428962, -23.93909655], [-47.14242039, -23.93909727], [-47.14133793, -23.93883143], [-47.13924054, -23.93777647], [-47.13696338, -23.93752825], [-47.13552346, -23.93706248], [-47.13494638, -23.9355208], [-47.13570685, -23.93439461], [-47.13604799, -23.93340102], [-47.13523638, -23.93276018], [-47.13339001, -23.93199781], [-47.13157704, -23.93185667], [-47.13079437, -23.93234526], [-47.13025442, -23.93268232], [-47.12875802, -23.93324111], [-47.12750903, -23.93246988], [-47.12659514, -23.9317787], [-47.12582977, -23.93132987], [-47.1251827, -23.93126581], [-47.12472747, -23.93173154], [-47.1244769, -23.93229788], [-47.12381414, -23.93275836], [-47.12287174, -23.93302088], [-47.12196669, -23.93290256], [-47.12143836, -23.9323404], [-47.12133435, -23.93147877], [-47.12120154, -23.93071185], [-47.12091452, -23.92989331], [-47.12078615, -23.92978247], [-47.12023128, -23.92930337], [-47.11940098, -23.92842337], [-47.11873261, -23.92784624], [-47.11826228, -23.92744012], [-47.1172828, -23.92634158], [-47.11670121, -23.92582578], [-47.11629619, -23.92548148], [-47.11577743, -23.92546835], [-47.11478627, -23.92649315], [-47.11405378, -23.92754835], [-47.11394272, -23.92772501], [-47.11334506, -23.92867573], [-47.11272488, -23.92944744], [-47.11265828, -23.92957676], [-47.11242167, -23.93003628], [-47.11248162, -23.93063433], [-47.11287948, -23.93121707], [-47.11330187, -23.93184816], [-47.11328185, -23.93251576], [-47.11357239, -23.93321509], [-47.11351408, -23.93342837], [-47.11311998, -23.93358541], [-47.11264805, -23.93374048], [-47.11200456, -23.93355715], [-47.11168594, -23.93292868], [-47.11146016, -23.93180149], [-47.11089145, -23.9308565], [-47.11026086, -23.93024399], [-47.10983063, -23.92987516], [-47.10933707, -23.92988651], [-47.10899718, -23.93083233], [-47.10874082, -23.93158938], [-47.10835333, -23.93239083], [-47.1081272, -23.93300548], [-47.1077814, -23.93328304], [-47.10698745, -23.93378783], [-47.10674397, -23.93411571], [-47.10645449, -23.93511052], [-47.10628253, -23.93651395], [-47.10616515, -23.93696433], [-47.10561482, -23.93724913], [-47.1055059, -23.93730551], [-47.1048293, -23.93735991], [-47.10459341, -23.9372232], [-47.10414038, -23.93696064], [-47.10360352, -23.93668454], [-47.10325769, -23.93696208], [-47.10331261, -23.93719067], [-47.10348842, -23.93792238], [-47.10400163, -23.93898529], [-47.10473456, -23.93964815], [-47.10505602, -23.94018125], [-47.10506261, -23.94082567], [-47.1047622, -23.94131912], [-47.10372958, -23.94112586], [-47.10274238, -23.9411485], [-47.10182656, -23.9413877], [-47.10107427, -23.94136858], [-47.09956456, -23.94063823], [-47.09808799, -23.9396701], [-47.09694652, -23.93878207], [-47.09582382, -23.93813312], [-47.0947206, -23.93769941], [-47.09401009, -23.93715638], [-47.09321098, -23.93696901], [-47.09234418, -23.93730484], [-47.09180165, -23.93807842], [-47.09170082, -23.93883939], [-47.09191128, -23.93960829], [-47.0917996, -23.93986792], [-47.09124478, -23.94018783], [-47.09040965, -23.94033357], [-47.08975035, -23.94067467], [-47.08892172, -23.9414648], [-47.08820117, -23.94211452], [-47.08753681, -23.94262251], [-47.08695675, -23.9429179], [-47.08476402, -23.94331529], [-47.08439869, -23.94337754], [-47.08336897, -23.94394776], [-47.08237024, -23.94435174], [-47.08142266, -23.94478088], [-47.08079069, -23.94507492], [-47.08048947, -23.94559215], [-47.08031795, -23.94611269], [-47.08002249, -23.94643919], [-47.07952239, -23.94666501], [-47.07974071, -23.94717166], [-47.08039715, -23.94778495], [-47.08108171, -23.94832737], [-47.08124671, -23.94888038], [-47.08111697, -23.94973604], [-47.08085034, -23.94996783], [-47.07977087, -23.94960619], [-47.07920737, -23.94935318], [-47.07842261, -23.94954785], [-47.07754775, -23.95014584], [-47.07706129, -23.95077763], [-47.07706629, -23.95146971], [-47.07696969, -23.9520876], [-47.07657333, -23.95231606], [-47.07614025, -23.95204252], [-47.07574829, -23.95126896], [-47.07549971, -23.95090469], [-47.07516535, -23.95080069], [-47.07456073, -23.95104767], [-47.07399932, -23.95158209], [-47.07385154, -23.95217481], [-47.07380753, -23.95277019], [-47.07353437, -23.95321654], [-47.07316828, -23.95330261], [-47.07234752, -23.9529714], [-47.07169968, -23.95293094], [-47.07062808, -23.95316594], [-47.06986345, -23.95355197], [-47.06913695, -23.95439231], [-47.06898914, -23.95498502], [-47.06899047, -23.95579631], [-47.06855584, -23.95642938], [-47.06797133, -23.95686774], [-47.06757277, -23.9571677], [-47.06748625, -23.9574518], [-47.06801513, -23.95799029], [-47.06816138, -23.95830422], [-47.06777644, -23.95901015], [-47.0672344, -23.95975977], [-47.0669525, -23.9604922], [-47.06676569, -23.9615134], [-47.06675468, -23.96272998], [-47.06691456, -23.96344989], [-47.067362, -23.96410559], [-47.06768769, -23.96449571], [-47.06706429, -23.96450357], [-47.066567, -23.96463397], [-47.06637727, -23.96575053], [-47.06659904, -23.96699695], [-47.06648366, -23.96737575], [-47.0664309, -23.96825722], [-47.0662903, -23.96861151], [-47.06589025, -23.96895914], [-47.065447, -23.96901934], [-47.0647833, -23.9686444], [-47.06425005, -23.96824894], [-47.06373042, -23.96825946], [-47.06318557, -23.96903293], [-47.06345023, -23.96942572], [-47.06364701, -23.96956662], [-47.06386392, -23.96967566], [-47.06476041, -23.97001119], [-47.06488066, -23.97003485], [-47.06504752, -23.97008587], [-47.0658693, -23.97017231], [-47.06632618, -23.97029617], [-47.06642893, -23.97039319], [-47.06677332, -23.97097901], [-47.0668085, -23.97102909], [-47.06695673, -23.97108217], [-47.06731287, -23.97123447], [-47.06749183, -23.97136658], [-47.06756818, -23.97147118], [-47.0676209, -23.97163478], [-47.06761592, -23.97181542], [-47.06755931, -23.97196244], [-47.0673631, -23.9722883], [-47.06670924, -23.97293632], [-47.0661861, -23.97334062], [-47.06603243, -23.97350068], [-47.0655526, -23.97409489], [-47.06539773, -23.97411864], [-47.06488701, -23.97394676], [-47.06487807, -23.97400195], [-47.06478158, -23.97411249], [-47.06499568, -23.97484633], [-47.06520513, -23.97571926], [-47.06524339, -23.97596161], [-47.06520771, -23.97631239], [-47.06526151, -23.9764823], [-47.06544569, -23.9766947], [-47.06549748, -23.97686102], [-47.0654592, -23.97698703], [-47.06500166, -23.97731641], [-47.06480801, -23.97749597], [-47.0647897, -23.97788805], [-47.06496691, -23.97840299], [-47.06502195, -23.9789584], [-47.06513492, -23.97920335], [-47.06539092, -23.97948249], [-47.06506424, -23.98019291], [-47.06497328, -23.9802808], [-47.06481686, -23.98033076], [-47.06431291, -23.98021566], [-47.06406327, -23.97996532], [-47.06392379, -23.97990671], [-47.06372381, -23.97987419], [-47.0635514, -23.9800309], [-47.06339234, -23.98003845], [-47.06303274, -23.97997829], [-47.06297246, -23.98001882], [-47.06296392, -23.98009929], [-47.06314721, -23.98032959], [-47.06325469, -23.98046464], [-47.06319208, -23.98054313], [-47.06309005, -23.98055353], [-47.06288657, -23.98048675], [-47.06250718, -23.98066519], [-47.06237565, -23.98061189], [-47.06196688, -23.9803032], [-47.06189521, -23.98030687], [-47.06183831, -23.98037444], [-47.06181896, -23.98045506], [-47.06185026, -23.9805693], [-47.06216506, -23.98102461], [-47.06226392, -23.98112349], [-47.0625485, -23.98128489], [-47.06264391, -23.98141451], [-47.06267415, -23.98152425], [-47.06269505, -23.98254314], [-47.06270058, -23.98281315], [-47.06265992, -23.98315948], [-47.06258081, -23.98325173], [-47.06249576, -23.98327906], [-47.06199744, -23.98320902], [-47.0619121, -23.98334198], [-47.06179582, -23.98369114], [-47.06148798, -23.98398238], [-47.06147024, -23.9840404], [-47.06162919, -23.98414931], [-47.06192544, -23.98424103], [-47.06207293, -23.98424717], [-47.06228189, -23.98416401], [-47.06245261, -23.98414817], [-47.06257021, -23.98418993], [-47.06265319, -23.98427909], [-47.06265385, -23.98428364], [-47.06268408, -23.98449084], [-47.06261916, -23.98522663], [-47.06260247, -23.98609087], [-47.06256458, -23.98617985], [-47.06248455, -23.98621434], [-47.0620151, -23.98616828], [-47.06180139, -23.98620005], [-47.06167609, -23.98629202], [-47.06165158, -23.98641874], [-47.06168909, -23.98649137], [-47.06176355, -23.98653912], [-47.06231408, -23.98667798], [-47.06237715, -23.98675116], [-47.06240029, -23.98690795], [-47.06225351, -23.98737849], [-47.06224924, -23.98760426], [-47.06207532, -23.98778987], [-47.06166188, -23.98811413], [-47.06128807, -23.98815076], [-47.06113643, -23.98819343], [-47.06066518, -23.988467], [-47.06053021, -23.98863042], [-47.06014651, -23.9893425], [-47.06019736, -23.98951155], [-47.06045444, -23.98973471], [-47.06052079, -23.98982861], [-47.06055678, -23.98999064], [-47.06056378, -23.99036884], [-47.06064759, -23.99057175], [-47.06097568, -23.99099529], [-47.06166437, -23.99166315], [-47.06176819, -23.99188837], [-47.06189614, -23.99233265], [-47.06219976, -23.9920225], [-47.0623099, -23.99196595], [-47.06254913, -23.99199343], [-47.06270127, -23.99210514], [-47.0629504, -23.99275363], [-47.06329391, -23.993158], [-47.06339826, -23.99378587], [-47.063473, -23.99397446], [-47.06362589, -23.9941331], [-47.06407596, -23.99437894], [-47.06415477, -23.99439142], [-47.06416881, -23.99447068], [-47.06417006, -23.99454921], [-47.06413164, -23.9946048], [-47.06374192, -23.99493868], [-47.06370989, -23.9949786], [-47.06363207, -23.99507558], [-47.06354439, -23.9951851], [-47.06351558, -23.99528841], [-47.06368995, -23.99562373], [-47.06364941, -23.99591589], [-47.06369297, -23.99599746], [-47.06387384, -23.99612413], [-47.06388842, -23.9961754], [-47.06347097, -23.9965584], [-47.06339807, -23.99667043], [-47.06335902, -23.99687139], [-47.06333739, -23.99742512], [-47.06304696, -23.99794725], [-47.06306348, -23.99799669], [-47.06311988, -23.99802121], [-47.06358821, -23.99805553], [-47.06368613, -23.99809484], [-47.0636458, -23.99815407], [-47.06324354, -23.99844207], [-47.06317018, -23.99852521], [-47.06317436, -23.9986028], [-47.06321866, -23.99866902], [-47.06345587, -23.99887709], [-47.06336691, -23.99915275], [-47.06275652, -23.99976225], [-47.06243255, -24.00021532], [-47.06224447, -24.00025306], [-47.06213758, -24.00020575], [-47.06191874, -24.00004076], [-47.06183287, -24.00007893], [-47.06181905, -24.00068275], [-47.0615937, -24.00096275], [-47.06140862, -24.00131283], [-47.06144729, -24.00151906], [-47.06166234, -24.00187821], [-47.06168978, -24.0021198], [-47.06166638, -24.00231693], [-47.06145852, -24.00284066], [-47.06144933, -24.00349715], [-47.06129644, -24.00377005], [-47.06126483, -24.00388333], [-47.06142051, -24.00440217], [-47.06144687, -24.00463746], [-47.06138126, -24.00477557], [-47.061183, -24.00485408], [-47.06108331, -24.00495022], [-47.06101371, -24.00545493], [-47.06093213, -24.00563931], [-47.06082741, -24.00609845], [-47.06072831, -24.00617021], [-47.06041413, -24.00625208], [-47.06030021, -24.00631861], [-47.0601837, -24.00665513], [-47.06011141, -24.00674458], [-47.05999464, -24.00675608], [-47.05953185, -24.00670091], [-47.05911976, -24.00680576], [-47.05893824, -24.00682445], [-47.05869432, -24.00675098], [-47.0585467, -24.00673852], [-47.05800757, -24.00695071], [-47.05784889, -24.00698444], [-47.05767351, -24.0068947], [-47.05735633, -24.00660283], [-47.0571078, -24.00654839], [-47.05660032, -24.00695877], [-47.05645671, -24.00701306], [-47.05633722, -24.00691535], [-47.05621272, -24.00644032], [-47.05614095, -24.00637718], [-47.05593952, -24.00637989], [-47.05547617, -24.00647548], [-47.0552698, -24.00647645], [-47.05515614, -24.00643644], [-47.05475512, -24.00618631], [-47.05462554, -24.00613388], [-47.05449866, -24.00612746], [-47.05393816, -24.00635617], [-47.05367081, -24.00635433], [-47.05324894, -24.00627692], [-47.05247602, -24.00587739], [-47.05219777, -24.00580799], [-47.05181875, -24.00576792], [-47.05163001, -24.00570273], [-47.05103309, -24.00530806], [-47.05080186, -24.00529129], [-47.05021729, -24.00536502], [-47.04960901, -24.00512126], [-47.04907541, -24.00524938], [-47.04860376, -24.00556536], [-47.04823079, -24.00572022], [-47.04807973, -24.00573849], [-47.04737143, -24.00569559], [-47.04719206, -24.00572597], [-47.0470646, -24.00580712], [-47.04686842, -24.0060174], [-47.04670474, -24.00610806], [-47.04661434, -24.00610927], [-47.04619768, -24.00598753], [-47.04608667, -24.00599082], [-47.04582563, -24.00613966], [-47.04563889, -24.00632543], [-47.04539911, -24.006762], [-47.0451285, -24.00754837], [-47.04469604, -24.00823037], [-47.04451515, -24.00891082], [-47.04443456, -24.00909788], [-47.04429014, -24.0092876], [-47.0441235, -24.00943969], [-47.04350481, -24.00984429], [-47.04339583, -24.00997575], [-47.0433025, -24.01016479], [-47.04321738, -24.01056227], [-47.04318248, -24.01133918], [-47.04323707, -24.01211941], [-47.04325679, -24.01224115], [-47.04334054, -24.01275815], [-47.04344891, -24.01314763], [-47.04395975, -24.01449959], [-47.04394647, -24.01471645], [-47.04388618, -24.01488157], [-47.04351869, -24.01544804], [-47.04335127, -24.01592427], [-47.04316854, -24.0161786], [-47.04295847, -24.01638183], [-47.04263718, -24.01688629], [-47.04238957, -24.01701599], [-47.04211185, -24.01704316], [-47.04173758, -24.01736776], [-47.04160846, -24.0174074], [-47.04131003, -24.01743033], [-47.04123013, -24.01747473], [-47.04115327, -24.0177114], [-47.04115016, -24.01826127], [-47.04109899, -24.01844433], [-47.04099128, -24.01859473], [-47.04049892, -24.01903466], [-47.04032985, -24.01940798], [-47.04022133, -24.01956922], [-47.04000452, -24.01972018], [-47.03949774, -24.01993187], [-47.03930592, -24.01998498], [-47.03873479, -24.01985626], [-47.0383559, -24.01995158], [-47.03823013, -24.01995416], [-47.03770722, -24.01970471], [-47.03754845, -24.01967161], [-47.03736994, -24.01969565], [-47.03725293, -24.01975499], [-47.03714266, -24.01986841], [-47.03685239, -24.02034717], [-47.03656073, -24.02055148], [-47.03630002, -24.02091066], [-47.03601732, -24.02112207], [-47.03589086, -24.0213928], [-47.03587705, -24.02170176], [-47.03592678, -24.02192591], [-47.0361457, -24.02253241], [-47.03616421, -24.02283372], [-47.03606086, -24.02301205], [-47.03548551, -24.02349008], [-47.03541143, -24.02359218], [-47.03538478, -24.0237099], [-47.03541571, -24.02386388], [-47.03591434, -24.02475468], [-47.03620175, -24.02509123], [-47.03625452, -24.02519616], [-47.03629976, -24.02550975], [-47.03633396, -24.02562125], [-47.03644928, -24.02576597], [-47.03646847, -24.02586142], [-47.03645295, -24.02599886], [-47.0363151, -24.02617133], [-47.03629294, -24.02626191], [-47.03629291, -24.02638469], [-47.03633366, -24.02647534], [-47.0365363, -24.02667217], [-47.03661486, -24.02679211], [-47.03665266, -24.02694509], [-47.03663165, -24.02710878], [-47.03643384, -24.02759263], [-47.03627241, -24.02826468], [-47.0361801, -24.02839502], [-47.0360642, -24.02846337], [-47.03553557, -24.02853901], [-47.03531255, -24.02860879], [-47.03518538, -24.02871069], [-47.03506853, -24.02890545], [-47.03494947, -24.0290226], [-47.03472001, -24.02899586], [-47.03457302, -24.02902489], [-47.03452015, -24.02910053], [-47.03448303, -24.02924006], [-47.03443818, -24.02970021], [-47.0343426, -24.02981072], [-47.03423405, -24.02984647], [-47.03391892, -24.02974773], [-47.03373833, -24.02976548], [-47.03344927, -24.02976119], [-47.03312306, -24.02958315], [-47.03293277, -24.02960915], [-47.03261804, -24.02984807], [-47.03194888, -24.03055123], [-47.03173354, -24.03067236], [-47.03108983, -24.03093189], [-47.03089951, -24.03108158], [-47.03080835, -24.03122273], [-47.03061777, -24.03173085], [-47.03048176, -24.03189607], [-47.03018694, -24.03215097], [-47.03004399, -24.03237497], [-47.02993906, -24.03301647], [-47.02977826, -24.03335537], [-47.02973187, -24.03371892], [-47.02941353, -24.03404185], [-47.02940485, -24.03430288], [-47.02946943, -24.03465865], [-47.02941316, -24.03489414], [-47.02926798, -24.03503871], [-47.02871512, -24.03526362], [-47.0286395, -24.03537584], [-47.02852299, -24.03554876], [-47.02843925, -24.03572502], [-47.0280762, -24.03608104], [-47.02792777, -24.03626899], [-47.0278248, -24.03647259], [-47.02766107, -24.03706432], [-47.02759465, -24.03715367], [-47.02745062, -24.03724677], [-47.02738527, -24.03734243], [-47.02736824, -24.03744739], [-47.02742604, -24.03818605], [-47.02741381, -24.03828372], [-47.02736022, -24.03837652], [-47.02715119, -24.03852465], [-47.02675968, -24.03863366], [-47.02662308, -24.03869957], [-47.02636799, -24.03910742], [-47.02580949, -24.03935046], [-47.02556712, -24.03969223], [-47.02543454, -24.0398258], [-47.02493371, -24.0400482], [-47.02454131, -24.04041453], [-47.02423635, -24.04052691], [-47.02372001, -24.04044977], [-47.02303145, -24.04061145], [-47.02268782, -24.04057717], [-47.02260331, -24.04051689], [-47.02253579, -24.04041125], [-47.0223485, -24.03987653], [-47.02223292, -24.03971555], [-47.02203717, -24.039645], [-47.02154915, -24.03961804], [-47.0211648, -24.03943171], [-47.02100384, -24.03938599], [-47.02085948, -24.03939511], [-47.02055243, -24.03956258], [-47.02030381, -24.03975727], [-47.0201467, -24.03995706], [-47.02030965, -24.04063295], [-47.02029811, -24.04077485], [-47.02016195, -24.04118293], [-47.02026828, -24.04175845], [-47.02021298, -24.04186842], [-47.01994748, -24.04211569], [-47.01987378, -24.04224306], [-47.01991839, -24.04289523], [-47.01969557, -24.04342002], [-47.01972392, -24.04416359], [-47.01960067, -24.04483152], [-47.01957535, -24.04547558], [-47.0196441, -24.04565976], [-47.01984981, -24.0458638], [-47.01987285, -24.04607927], [-47.01973276, -24.04629961], [-47.01933287, -24.04644031], [-47.0192335, -24.0464985], [-47.01914653, -24.04659535], [-47.01911141, -24.04673847], [-47.01916537, -24.04704562], [-47.01914418, -24.04719939], [-47.01907644, -24.04733119], [-47.01888174, -24.04751704], [-47.01880104, -24.04776278], [-47.01876047, -24.04831224], [-47.01869008, -24.04846304], [-47.01853467, -24.04864657], [-47.01847598, -24.04891729], [-47.01828009, -24.04915281], [-47.01782561, -24.04945042], [-47.01754406, -24.04967804], [-47.01745346, -24.0498571], [-47.01705941, -24.0503101], [-47.0167898, -24.05117587], [-47.01661856, -24.05129099], [-47.01624517, -24.05143043], [-47.0158699, -24.05176401], [-47.01546239, -24.05242575], [-47.01529663, -24.0525769], [-47.01488429, -24.05280353], [-47.01424649, -24.05294735], [-47.01399828, -24.05310772], [-47.01378358, -24.05339855], [-47.01366855, -24.05383975], [-47.01373709, -24.05413679], [-47.01376872, -24.05421041], [-47.01394377, -24.05440222], [-47.01412961, -24.05452978], [-47.01420584, -24.05462628], [-47.01433053, -24.05486661], [-47.01437925, -24.05509077], [-47.01440877, -24.05534408], [-47.01434976, -24.05553175], [-47.01430578, -24.05559704], [-47.01702979, -24.05643442], [-47.01723632, -24.05650032], [-47.01771138, -24.0568886], [-47.0179762, -24.05722458], [-47.0181553, -24.05748585], [-47.01829628, -24.05776207], [-47.01849079, -24.05800236], [-47.0185864, -24.05808055], [-47.01875967, -24.05815772], [-47.01909795, -24.05822458], [-47.01953311, -24.05801028], [-47.02005122, -24.05833195], [-47.01994421, -24.05938194], [-47.01994421, -24.05938197], [-47.02015422, -24.05943583], [-47.02070535, -24.05940688], [-47.02092563, -24.05934619], [-47.02147369, -24.05912136], [-47.02202399, -24.05897686], [-47.02224441, -24.05898839], [-47.02265701, -24.05909128], [-47.02287969, -24.05924723], [-47.02312194, -24.0595844], [-47.02372827, -24.06106878], [-47.02401132, -24.06149931], [-47.02433917, -24.06177756], [-47.02500558, -24.06201431], [-47.02525952, -24.06215631], [-47.02553186, -24.0624055], [-47.02592809, -24.06303043], [-47.02614475, -24.06330293], [-47.02628911, -24.06341658], [-47.02660683, -24.06355051], [-47.02703317, -24.0635882], [-47.02758398, -24.06353756], [-47.02775274, -24.06353399], [-47.02815407, -24.06352549], [-47.02852997, -24.06348168], [-47.02872508, -24.0633843], [-47.02963495, -24.06253258], [-47.02983475, -24.0622329], [-47.02996304, -24.06182582], [-47.03012329, -24.06151221], [-47.03026987, -24.0613297], [-47.03072943, -24.06091732], [-47.03130734, -24.06009168], [-47.03147883, -24.0599305], [-47.03179829, -24.05973756], [-47.0320181, -24.05964797], [-47.03206699, -24.05963441], [-47.03278755, -24.05943461], [-47.03283272, -24.05941517], [-47.03311666, -24.059293], [-47.03344507, -24.05910717], [-47.03390444, -24.05874625], [-47.03444411, -24.05842759], [-47.03456823, -24.0583176], [-47.03481606, -24.05801005], [-47.03486801, -24.05775024], [-47.03479097, -24.05741631], [-47.03447997, -24.05671082], [-47.03435304, -24.05620601], [-47.03446239, -24.05559604], [-47.03449372, -24.05508913], [-47.03465418, -24.05478996], [-47.03507546, -24.054509], [-47.03540444, -24.05436017], [-47.03584534, -24.05432541], [-47.03650934, -24.05441047], [-47.03680128, -24.05440658], [-47.03736946, -24.05396475], [-47.03776122, -24.05380696], [-47.038029, -24.05376728], [-47.03825632, -24.05365591], [-47.03851331, -24.05349358], [-47.03901179, -24.053059], [-47.03945078, -24.05284188], [-47.039782, -24.05289705], [-47.04027372, -24.05309273], [-47.04052657, -24.05310381], [-47.04090432, -24.05305543], [-47.04115664, -24.05309541], [-47.0414584, -24.05321507], [-47.04164002, -24.0531982], [-47.0417566, -24.05310997], [-47.04189539, -24.05293387], [-47.0422405, -24.05231353], [-47.04243394, -24.05205003], [-47.04267371, -24.05179404], [-47.04313789, -24.05167859], [-47.04351335, -24.05148579], [-47.04369456, -24.05150504], [-47.04384621, -24.05158246], [-47.0441537, -24.05156752], [-47.04442254, -24.05159553], [-47.04459178, -24.05175474], [-47.04486085, -24.05182487], [-47.04494625, -24.05183261], [-47.04508189, -24.0518449], [-47.04527133, -24.05181296], [-47.04541252, -24.05178916], [-47.04574376, -24.05179211], [-47.04596268, -24.05183871], [-47.04596514, -24.05183924], [-47.04616476, -24.05196745], [-47.04667385, -24.05255312], [-47.04673433, -24.05262271], [-47.04723977, -24.05312388], [-47.04732093, -24.05329618], [-47.04736486, -24.05355845], [-47.04725331, -24.05399543], [-47.04723338, -24.05425262], [-47.04738826, -24.05454297], [-47.04755612, -24.05471153], [-47.04785123, -24.0549354], [-47.04787648, -24.05496854], [-47.04792398, -24.05503087], [-47.04803954, -24.05526217], [-47.04823864, -24.05596379], [-47.04843221, -24.0562003], [-47.04867102, -24.0564011], [-47.04883315, -24.05664636], [-47.04887784, -24.05695379], [-47.04887728, -24.05697279], [-47.04886742, -24.05730137], [-47.04891314, -24.05760228], [-47.04895535, -24.05788009], [-47.04904416, -24.05802537], [-47.04909088, -24.05810882], [-47.04909242, -24.05811158], [-47.04910144, -24.05811651], [-47.04923542, -24.05818962], [-47.04961254, -24.05809815], [-47.04986551, -24.05812298], [-47.0500564, -24.05820595], [-47.05006647, -24.05822251], [-47.0502745, -24.05856459], [-47.05038438, -24.05904417], [-47.05040012, -24.05905709], [-47.05065677, -24.05926784], [-47.05125716, -24.05933638], [-47.05139988, -24.0593828], [-47.05157602, -24.05952434], [-47.05176621, -24.05961633], [-47.05227304, -24.05975629], [-47.05251187, -24.05989838], [-47.05258419, -24.05997578], [-47.05258507, -24.05997791], [-47.05264952, -24.06013439], [-47.05276021, -24.06059592], [-47.05288998, -24.06076413], [-47.05289179, -24.06076377], [-47.05304272, -24.06073388], [-47.05326241, -24.06076744], [-47.05367408, -24.0611323], [-47.0538897, -24.06120194], [-47.05467902, -24.06124958], [-47.05479622, -24.06120998], [-47.0548843, -24.061134], [-47.05496737, -24.06094962], [-47.05506524, -24.06076085], [-47.05515842, -24.06066686], [-47.05550552, -24.06068348], [-47.05556802, -24.0606434], [-47.0556449, -24.06052217], [-47.05566002, -24.06048618], [-47.05577798, -24.06043304], [-47.05592765, -24.06046146], [-47.05603847, -24.06050308], [-47.05614966, -24.06050858], [-47.05621207, -24.06047752], [-47.05621487, -24.06046246], [-47.05622379, -24.06041442], [-47.05620479, -24.06035104], [-47.05616938, -24.06026945], [-47.05613601, -24.06016982], [-47.05615823, -24.06004359], [-47.05616048, -24.06004033], [-47.05620442, -24.05997628], [-47.05634479, -24.05989624], [-47.05647021, -24.05989284], [-47.05657417, -24.05994343], [-47.0569743, -24.06029464], [-47.0571485, -24.06038648], [-47.05729913, -24.0603833], [-47.05742432, -24.06034377], [-47.05756142, -24.06016438], [-47.05765389, -24.06007941], [-47.05775889, -24.06003067], [-47.05792365, -24.06002761], [-47.05812655, -24.06007908], [-47.05826361, -24.06008029], [-47.05838321, -24.06004522], [-47.05853686, -24.05992919], [-47.05864692, -24.05986695], [-47.05877485, -24.05985905], [-47.05888391, -24.05989162], [-47.05903638, -24.06006455], [-47.05903644, -24.0600647], [-47.05917659, -24.06040893], [-47.05931388, -24.06062236], [-47.05932289, -24.06062919], [-47.05983221, -24.06101524], [-47.06017666, -24.06134338], [-47.06018935, -24.06135868], [-47.06022341, -24.06139976], [-47.0603539, -24.06155715], [-47.06035708, -24.06155983], [-47.06048977, -24.06167123], [-47.06055714, -24.0616944], [-47.06076776, -24.06171432], [-47.06090717, -24.06166589], [-47.06094892, -24.06161207], [-47.06121925, -24.0614474], [-47.06146286, -24.06142697], [-47.06174841, -24.06151077], [-47.06194583, -24.06149896], [-47.06217999, -24.06138363], [-47.06241845, -24.06097486], [-47.06267681, -24.06083717], [-47.06267985, -24.06082203], [-47.06272025, -24.06062082], [-47.06270867, -24.0603769], [-47.06271327, -24.06036397], [-47.06278402, -24.06016536], [-47.06294627, -24.059932], [-47.0631253, -24.05979812], [-47.06350241, -24.05970663], [-47.06398297, -24.05971537], [-47.06417061, -24.05958157], [-47.06430207, -24.05941115], [-47.06433341, -24.05941143], [-47.06445708, -24.05928158], [-47.06459863, -24.05920607], [-47.06475544, -24.05919842], [-47.0650417, -24.05933188], [-47.06519123, -24.05931514], [-47.06530095, -24.0592258], [-47.06544608, -24.05898326], [-47.06559395, -24.05888974], [-47.06571323, -24.05888628], [-47.06576698, -24.05891835], [-47.06577171, -24.05893056], [-47.06579332, -24.05898631], [-47.06589436, -24.05937551], [-47.06595927, -24.05945735], [-47.06596235, -24.05945912], [-47.06601487, -24.05948944], [-47.066115, -24.05949484], [-47.06620856, -24.05948212], [-47.06621061, -24.05946654], [-47.06624594, -24.05919799], [-47.06621085, -24.05896741], [-47.06621536, -24.05895176], [-47.06625103, -24.05882779], [-47.06633342, -24.05864791], [-47.06633678, -24.05863441], [-47.06636935, -24.05850374], [-47.06637364, -24.05826899], [-47.0663238, -24.05815567], [-47.06625841, -24.05805013], [-47.06625067, -24.05803764], [-47.0661476, -24.05795997], [-47.06607347, -24.05793674], [-47.06597372, -24.05795393], [-47.06591175, -24.05800305], [-47.06588562, -24.05804896], [-47.06588107, -24.05805696], [-47.06588169, -24.05811566], [-47.06596012, -24.05825632], [-47.06597351, -24.05826902], [-47.06605141, -24.05834291], [-47.06605379, -24.05834846], [-47.06608441, -24.05841996], [-47.06607275, -24.05847647], [-47.06606953, -24.05849208], [-47.06599682, -24.0585095], [-47.06590397, -24.05851319], [-47.06580015, -24.05844907], [-47.06565728, -24.05835751], [-47.06558075, -24.0582745], [-47.06556916, -24.05826191], [-47.06549635, -24.05817097], [-47.06544392, -24.05807118], [-47.0654146, -24.05799416], [-47.06541352, -24.05792191], [-47.0654181, -24.05791404], [-47.06565195, -24.05751313], [-47.06565135, -24.05750592], [-47.06564212, -24.05739565], [-47.06555962, -24.05723237], [-47.06558207, -24.05708357], [-47.06558467, -24.05708], [-47.06571301, -24.05690412], [-47.06602355, -24.0565953], [-47.06602523, -24.05658218], [-47.06604429, -24.05643294], [-47.0660075, -24.0561888], [-47.06604196, -24.0559498], [-47.06604461, -24.05594649], [-47.06614969, -24.05581529], [-47.0662544, -24.05579364], [-47.06650865, -24.05587263], [-47.06688071, -24.05608811], [-47.06704021, -24.0561166], [-47.06725318, -24.05608687], [-47.06733723, -24.05592506], [-47.06733948, -24.05591343], [-47.06738076, -24.05569969], [-47.06738258, -24.05569749], [-47.06745857, -24.05560555], [-47.06763083, -24.05553031], [-47.0677249, -24.05552662], [-47.06798747, -24.05563278], [-47.06848022, -24.05588544], [-47.06870974, -24.05591906], [-47.06881928, -24.05590647], [-47.0689132, -24.05585764], [-47.0690224, -24.05575926], [-47.0691073, -24.05563358], [-47.0691101, -24.05562015], [-47.06913641, -24.05549386], [-47.06913757, -24.05508751], [-47.069142, -24.05508304], [-47.06923074, -24.05499351], [-47.069332, -24.05494925], [-47.06950133, -24.05497782], [-47.06957759, -24.05497398], [-47.06961909, -24.05494273], [-47.06963625, -24.05488871], [-47.06963659, -24.0548858], [-47.06964433, -24.05482105], [-47.0696473, -24.05481771], [-47.06968413, -24.05477625], [-47.06976161, -24.05477241], [-47.06992093, -24.05481896], [-47.07002091, -24.0548379], [-47.07010407, -24.05482057], [-47.07016571, -24.05474435], [-47.070168, -24.05473114], [-47.07019382, -24.05458205], [-47.07019645, -24.0545768], [-47.0702478, -24.05447416], [-47.07034083, -24.0543937], [-47.07046563, -24.05433159], [-47.07056278, -24.05432792], [-47.07060216, -24.05432375], [-47.07075684, -24.05434317], [-47.07098528, -24.05460957], [-47.07140638, -24.05510064], [-47.07152927, -24.05524394], [-47.07174528, -24.05539484], [-47.07187155, -24.05542755], [-47.07199701, -24.05541962], [-47.07206303, -24.0553764], [-47.07209912, -24.05535278], [-47.07216056, -24.05523593], [-47.0721646, -24.05522085], [-47.07231595, -24.05465483], [-47.07231625, -24.05465452], [-47.07239428, -24.05456973], [-47.07262893, -24.05446342], [-47.07288143, -24.05447466], [-47.0730077, -24.05450737], [-47.0735161, -24.05473307], [-47.07358318, -24.05475216], [-47.07402351, -24.05487747], [-47.074275, -24.05486613], [-47.07464264, -24.0547384], [-47.07485551, -24.054659], [-47.07497355, -24.05465551], [-47.0749998, -24.0546822], [-47.07502281, -24.05470561], [-47.07497893, -24.0549671], [-47.07501968, -24.05506679], [-47.07517843, -24.05510882], [-47.07537383, -24.05511053], [-47.07541566, -24.05511089], [-47.07549579, -24.05520641], [-47.07551434, -24.05537363], [-47.07563496, -24.05553723], [-47.0758231, -24.05547115], [-47.07595923, -24.05532793], [-47.07616362, -24.05511291], [-47.07626663, -24.05507769], [-47.07645564, -24.05510643], [-47.0767117, -24.05536603], [-47.07708795, -24.05535577], [-47.07720023, -24.05537481], [-47.07727772, -24.05542967], [-47.0773048, -24.05550711], [-47.07731414, -24.05553383], [-47.07734771, -24.0556154], [-47.07738738, -24.05564284], [-47.07748302, -24.05566625], [-47.07757657, -24.05565352], [-47.07771682, -24.0555825], [-47.07781515, -24.05558336], [-47.07789912, -24.05560667], [-47.07793239, -24.05566711], [-47.07802359, -24.05583277], [-47.078024, -24.05583352], [-47.07808636, -24.05592436], [-47.07816484, -24.05594311], [-47.07829796, -24.05590815], [-47.07838922, -24.05570124], [-47.07839228, -24.05568854], [-47.07850096, -24.05523716], [-47.0785021, -24.05523509], [-47.0785849, -24.05508437], [-47.07874798, -24.05494582], [-47.07950434, -24.05443317], [-47.08010954, -24.05379729], [-47.08025707, -24.05367667], [-47.08037543, -24.05364158], [-47.08051683, -24.05363829], [-47.08065951, -24.0536892], [-47.08082806, -24.05385322], [-47.08082998, -24.05385795], [-47.08104144, -24.05437883], [-47.08107233, -24.05454165], [-47.08108847, -24.05464564], [-47.08113703, -24.05470476], [-47.08113847, -24.05470515], [-47.0811879, -24.05471874], [-47.08124448, -24.05471472], [-47.08128542, -24.05467896], [-47.08131429, -24.05462051], [-47.08135876, -24.05448093], [-47.08142757, -24.05436414], [-47.0815213, -24.05427465], [-47.08164818, -24.05424866], [-47.08175686, -24.05425863], [-47.08190157, -24.0542915], [-47.08199437, -24.05429231], [-47.08207275, -24.05426138], [-47.0821227, -24.05418506], [-47.08212394, -24.05417409], [-47.08213285, -24.05409484], [-47.08209631, -24.05404425], [-47.08209346, -24.05404032], [-47.08201344, -24.05395309], [-47.08199743, -24.05393563], [-47.08194793, -24.05384942], [-47.08196479, -24.05376378], [-47.08196674, -24.05376065], [-47.08202353, -24.05366947], [-47.08210904, -24.05360249], [-47.08232744, -24.05358181], [-47.08240814, -24.05356445], [-47.08246886, -24.05345662], [-47.08250841, -24.05331699], [-47.08257557, -24.05318212], [-47.08273155, -24.05307511], [-47.08284174, -24.053058], [-47.08317332, -24.05308798], [-47.08333026, -24.05306677], [-47.08349423, -24.05290113], [-47.08353945, -24.05280671], [-47.0838274, -24.0525383], [-47.08410789, -24.05239625], [-47.08445473, -24.05237669], [-47.08469037, -24.05229294], [-47.08490941, -24.05215036], [-47.08512827, -24.05208453], [-47.0855074, -24.05209234], [-47.08613965, -24.05217006], [-47.08664665, -24.05217446], [-47.08773089, -24.0521071], [-47.08905507, -24.05219533], [-47.08926423, -24.05205716], [-47.0893749, -24.051873], [-47.0894291, -24.05174253], [-47.08942901, -24.05173758], [-47.08942675, -24.05161157], [-47.08938313, -24.05147655], [-47.0894117, -24.05148009], [-47.08935623, -24.05130821], [-47.08924392, -24.05117252], [-47.08897981, -24.05095132], [-47.0888436, -24.05075203], [-47.08890417, -24.0505505], [-47.08929569, -24.05036877], [-47.08942888, -24.05026607], [-47.08946393, -24.05019808], [-47.08948218, -24.05016268], [-47.08948141, -24.05015694], [-47.08948018, -24.05014786], [-47.08949526, -24.05011911], [-47.08948028, -24.05000944], [-47.08947742, -24.04998844], [-47.08935591, -24.04983121], [-47.08933173, -24.04970917], [-47.0893698, -24.04961537], [-47.08968652, -24.04917563], [-47.0897032, -24.04913256], [-47.08984688, -24.04876162], [-47.09006896, -24.04856036], [-47.09020651, -24.04851188], [-47.09049534, -24.04851437], [-47.09160537, -24.04886712], [-47.09204565, -24.04884384], [-47.09216648, -24.04886746], [-47.09232963, -24.04890047], [-47.09236068, -24.04889634], [-47.09248902, -24.04887927], [-47.09248906, -24.04887926], [-47.0927315, -24.04878654], [-47.09282086, -24.04871835], [-47.09294211, -24.04862582], [-47.09336916, -24.04821411], [-47.09355629, -24.04812542], [-47.09366009, -24.04813083], [-47.093849, -24.04816858], [-47.09404991, -24.04835544], [-47.09429308, -24.0487955], [-47.09436941, -24.04908514], [-47.09446745, -24.04929368], [-47.09462651, -24.04942599], [-47.09476989, -24.04946786], [-47.09519505, -24.04942186], [-47.09543905, -24.04953112], [-47.09556518, -24.0495876], [-47.09559751, -24.04959072], [-47.09577025, -24.04960742], [-47.09587571, -24.04957221], [-47.09596121, -24.04950521], [-47.09612177, -24.04924924], [-47.0962425, -24.04886197], [-47.09630691, -24.04879686], [-47.09640536, -24.04869733], [-47.09641079, -24.04869184], [-47.09668051, -24.04863999], [-47.0973261, -24.04861394], [-47.09745661, -24.04862642], [-47.09768896, -24.04864866], [-47.09789829, -24.04885364], [-47.09811639, -24.04916255], [-47.09834698, -24.0493316], [-47.09905922, -24.04945963], [-47.09934477, -24.04954336], [-47.09977306, -24.04973216], [-47.09986936, -24.04975105], [-47.09998603, -24.04976108], [-47.10009706, -24.0497214], [-47.10018237, -24.04967246], [-47.10025949, -24.04958282], [-47.10051744, -24.04905676], [-47.10058086, -24.04898506], [-47.10064312, -24.04896754], [-47.10072551, -24.04896373], [-47.10077436, -24.04899885], [-47.10080178, -24.04901857], [-47.10088336, -24.04915472], [-47.10096283, -24.04919604], [-47.10108886, -24.04919261], [-47.10118312, -24.04914393], [-47.10120069, -24.04913487], [-47.10148802, -24.04886191], [-47.10153067, -24.04883328], [-47.10158765, -24.04879503], [-47.10177516, -24.04872892], [-47.10206007, -24.04875393], [-47.10234625, -24.04889636], [-47.10255128, -24.04892069], [-47.10306678, -24.04863163], [-47.10322352, -24.04856976], [-47.10369546, -24.0485151], [-47.10401344, -24.04850428], [-47.10422542, -24.04849707], [-47.10492649, -24.04857531], [-47.1052764, -24.04873634], [-47.10561972, -24.04900115], [-47.1057972, -24.04919682], [-47.10595824, -24.0494375], [-47.10616701, -24.04963796], [-47.10623126, -24.04967503], [-47.10625439, -24.04968837], [-47.10635579, -24.04968924], [-47.10650248, -24.04958664], [-47.10660496, -24.04942046], [-47.10664194, -24.04928983], [-47.10664198, -24.04928951], [-47.10669872, -24.04890202], [-47.10677271, -24.04863625], [-47.10677275, -24.04863622], [-47.10696841, -24.04848892], [-47.10723637, -24.0485057], [-47.10738606, -24.04851507], [-47.10759956, -24.04855301], [-47.10812815, -24.0485485], [-47.1082689, -24.04848649], [-47.10855993, -24.04827224], [-47.10868377, -24.0482417], [-47.10916345, -24.04827288], [-47.10977732, -24.04816072], [-47.10998585, -24.04817841], [-47.11025076, -24.04820088], [-47.11040956, -24.04823836], [-47.11046369, -24.04826958], [-47.11055164, -24.04832033], [-47.11063197, -24.04836668], [-47.11067895, -24.04846487], [-47.11074693, -24.04860696], [-47.11083894, -24.04892832], [-47.11103941, -24.0491603], [-47.11124583, -24.04922979], [-47.11143415, -24.0492043], [-47.11164453, -24.04900291], [-47.11179073, -24.04882807], [-47.11182636, -24.04882262], [-47.11184674, -24.04881951], [-47.11194773, -24.0487391], [-47.1120416, -24.04869474], [-47.11221475, -24.04870977], [-47.11229, -24.04873411], [-47.1123581, -24.04875614], [-47.11282845, -24.04910329], [-47.11309354, -24.04935621], [-47.11363626, -24.04987399], [-47.11369561, -24.04993061], [-47.11411775, -24.05033335], [-47.11418906, -24.05041433], [-47.1141909, -24.05041642], [-47.1150833, -24.05142972], [-47.11530588, -24.05160318], [-47.11554489, -24.05173164], [-47.11601976, -24.05187564], [-47.11604114, -24.05187793], [-47.11624876, -24.05190016], [-47.11647585, -24.05187048], [-47.1165713, -24.05179002], [-47.11656978, -24.05177916], [-47.11653518, -24.05153235], [-47.11618697, -24.05095597], [-47.11607745, -24.0506732], [-47.11596413, -24.05038065], [-47.11596128, -24.05023614], [-47.11596588, -24.05022668], [-47.1160617, -24.0500293], [-47.11609722, -24.05001696], [-47.11615052, -24.04999844], [-47.11626912, -24.04999945], [-47.11640387, -24.05004575], [-47.11692564, -24.05035269], [-47.11724311, -24.05044117], [-47.11743187, -24.05043374], [-47.11823208, -24.05018768], [-47.11898459, -24.04991863], [-47.11955049, -24.04981054], [-47.12011755, -24.04977019], [-47.12068367, -24.04963953], [-47.12126407, -24.04949544], [-47.12157859, -24.04944843], [-47.12189442, -24.04945561], [-47.12205304, -24.04951114], [-47.12237822, -24.04972931], [-47.12259149, -24.04987239], [-47.122747, -24.0499324], [-47.12302309, -24.04997989], [-47.12376457, -24.05001324], [-47.12390679, -24.05005056], [-47.12503499, -24.05056126], [-47.12529037, -24.05071242], [-47.1254983, -24.05093993], [-47.12549839, -24.05094079], [-47.12550907, -24.05104034], [-47.12553708, -24.05130147], [-47.12565347, -24.05170881], [-47.12575054, -24.05183606], [-47.12575635, -24.05184067], [-47.12597432, -24.05201403], [-47.12646492, -24.05212202], [-47.1270322, -24.05212228], [-47.12764629, -24.05205069], [-47.12843169, -24.05187218], [-47.12874718, -24.05185226], [-47.12890437, -24.05186713], [-47.12901638, -24.05191322], [-47.12901658, -24.05192587], [-47.12901769, -24.0519955], [-47.12901789, -24.05200805], [-47.12850285, -24.05237848], [-47.12844581, -24.05246641], [-47.12844168, -24.05247278], [-47.12843818, -24.0525766], [-47.1284685, -24.05261749], [-47.12847292, -24.0526198], [-47.12857366, -24.05267256], [-47.12886075, -24.05266594], [-47.12965344, -24.0523114], [-47.13007655, -24.05216144], [-47.13050074, -24.05208824], [-47.13120795, -24.05192261], [-47.13220035, -24.05181806], [-47.13289309, -24.05161134], [-47.13290678, -24.05160726], [-47.13334647, -24.05152064], [-47.13381889, -24.05147945], [-47.13407303, -24.05141207], [-47.13413254, -24.05139629], [-47.13443077, -24.05125882], [-47.13459158, -24.05115632], [-47.13469563, -24.05107592], [-47.1347691, -24.0509185], [-47.13485556, -24.05075217], [-47.13492586, -24.05066697], [-47.135026, -24.05060911], [-47.13514299, -24.05058751], [-47.1352393, -24.05060638], [-47.13533462, -24.05066136], [-47.13544607, -24.05070293], [-47.1355253, -24.05070811], [-47.13562219, -24.05066828], [-47.13570354, -24.05058317], [-47.13581093, -24.05047571], [-47.13589922, -24.05043581], [-47.13594654, -24.05043621], [-47.1359978, -24.05047276], [-47.13600798, -24.05048737], [-47.13602628, -24.05051363], [-47.13609929, -24.0506497], [-47.13618904, -24.05077236], [-47.13619407, -24.05077526], [-47.13634792, -24.05086399], [-47.13663297, -24.05093861], [-47.13691584, -24.05092292], [-47.13720511, -24.05075828], [-47.13733787, -24.05063297], [-47.13748261, -24.05035423], [-47.13761341, -24.05017924], [-47.13771591, -24.05013043], [-47.13789638, -24.0500913], [-47.13818103, -24.05014335], [-47.13832304, -24.05014001], [-47.13847945, -24.0500465], [-47.13865414, -24.04965966], [-47.13875381, -24.04952504], [-47.13899545, -24.04932839], [-47.13909707, -24.04930666], [-47.13945223, -24.04931414], [-47.13971523, -24.04944276], [-47.14011389, -24.04971248], [-47.14025602, -24.04975882], [-47.14041452, -24.04976465], [-47.14056137, -24.04968404], [-47.14085203, -24.04952448], [-47.14119755, -24.0494506], [-47.14165568, -24.04948603], [-47.14208025, -24.04943538], [-47.14234685, -24.04932473], [-47.14293823, -24.04887362], [-47.14312603, -24.04877585], [-47.14348254, -24.0486648], [-47.14354955, -24.04864392], [-47.14469266, -24.04814773], [-47.1449727, -24.04791979], [-47.14532006, -24.04747116], [-47.14549057, -24.04731906], [-47.14582714, -24.0471548], [-47.14589672, -24.04707862], [-47.14601241, -24.04687639], [-47.14624613, -24.04629587], [-47.14639251, -24.04603522], [-47.14659675, -24.04601433], [-47.14672295, -24.04605602], [-47.14681981, -24.04614261], [-47.1468238, -24.04615039], [-47.14688494, -24.04626958], [-47.14687764, -24.04676167], [-47.14680555, -24.04715389], [-47.14685653, -24.04740716], [-47.14687384, -24.04742681], [-47.14694466, -24.04750723], [-47.14711202, -24.04761246], [-47.14754098, -24.04780114], [-47.14801851, -24.04792702], [-47.14848854, -24.04787673], [-47.14906851, -24.04770996], [-47.14932112, -24.04770754], [-47.14982757, -24.04782913], [-47.15011153, -24.04782697], [-47.1503783, -24.04769824], [-47.15058494, -24.04737034], [-47.15070333, -24.04733069], [-47.15084467, -24.04733185], [-47.15112981, -24.04739743], [-47.15136583, -24.04739487], [-47.15150561, -24.0472425], [-47.15150775, -24.04722913], [-47.15151281, -24.04719742], [-47.15151485, -24.04719665], [-47.15153625, -24.04718858], [-47.15153606, -24.04717442], [-47.15153412, -24.04703053], [-47.1514663, -24.04694656], [-47.15145336, -24.04693053], [-47.15133389, -24.0468302], [-47.15110309, -24.04673799], [-47.15105609, -24.04668775], [-47.15103923, -24.04666974], [-47.15098052, -24.04645252], [-47.15098607, -24.04644065], [-47.15115504, -24.04607921], [-47.15115802, -24.04606644], [-47.1511993, -24.04588994], [-47.15104904, -24.04567832], [-47.15103805, -24.04566284], [-47.15084633, -24.04553484], [-47.1506537, -24.045341], [-47.1506382, -24.04532541], [-47.15039612, -24.04477664], [-47.15039231, -24.04476801], [-47.15030879, -24.04469959], [-47.15021793, -24.04468981], [-47.15002035, -24.04471978], [-47.14993423, -24.0447281], [-47.1498087, -24.04468191], [-47.14971227, -24.04462236], [-47.14969753, -24.04461326], [-47.14967568, -24.04452277], [-47.14969931, -24.04436945], [-47.1497019, -24.04436565], [-47.14978929, -24.04423735], [-47.14989199, -24.04408659], [-47.14989586, -24.04407156], [-47.15001019, -24.04362703], [-47.15001065, -24.04362665], [-47.15008115, -24.04356913], [-47.15011428, -24.0435421], [-47.15032404, -24.04352126], [-47.15049922, -24.04358141], [-47.15073105, -24.04381811], [-47.15085074, -24.04389587], [-47.15099357, -24.04393317], [-47.15149852, -24.04395541], [-47.15157792, -24.04400573], [-47.15158039, -24.04401602], [-47.15164486, -24.04428407], [-47.15165409, -24.04432242], [-47.15167135, -24.04434188], [-47.15174284, -24.04442249], [-47.15181487, -24.04447275], [-47.15201177, -24.0445105], [-47.15245317, -24.04449609], [-47.15259482, -24.04446566], [-47.15286337, -24.04431473], [-47.15322824, -24.04410968], [-47.15435662, -24.04423188], [-47.15481509, -24.04423114], [-47.15511265, -24.04415684], [-47.155753, -24.04378285], [-47.15603669, -24.04374455], [-47.15642717, -24.04378389], [-47.15653234, -24.04383894], [-47.15654723, -24.04385736], [-47.156672, -24.04401167], [-47.15669021, -24.04416082], [-47.15668011, -24.04432107], [-47.15667447, -24.04441058], [-47.15666547, -24.04455344], [-47.15669922, -24.04468465], [-47.15680234, -24.04487836], [-47.15683682, -24.04494315], [-47.15685396, -24.04496252], [-47.15707024, -24.04520696], [-47.15792378, -24.0457829], [-47.15793399, -24.04578878], [-47.15837725, -24.04604399], [-47.15885293, -24.04623303], [-47.15916985, -24.04631691], [-47.15943093, -24.04632809], [-47.15972859, -24.04618154], [-47.15990501, -24.04592562], [-47.15990835, -24.04591134], [-47.16005251, -24.04529471], [-47.16005347, -24.04529376], [-47.16022875, -24.04512007], [-47.16040705, -24.04504929], [-47.16052934, -24.0450503], [-47.16077244, -24.0452039], [-47.16078128, -24.04521356], [-47.16097467, -24.04542499], [-47.16137124, -24.04600076], [-47.16147437, -24.04631677], [-47.16145978, -24.04639711], [-47.16135799, -24.04695787], [-47.16123056, -24.04721961], [-47.16104029, -24.04737066], [-47.16021573, -24.04782894], [-47.16016894, -24.04788432], [-47.16011232, -24.04792303], [-47.16004611, -24.04806726], [-47.16000672, -24.04815306], [-47.16000494, -24.04815693], [-47.15991754, -24.04854903], [-47.15997511, -24.04919969], [-47.16014033, -24.04958935], [-47.16023046, -24.04996765], [-47.16023303, -24.04997841], [-47.16023319, -24.04998737], [-47.16023544, -24.05010937], [-47.16023095, -24.05016485], [-47.16018252, -24.05052963], [-47.16010625, -24.05082646], [-47.15996787, -24.05136498], [-47.15993766, -24.05174129], [-47.16000386, -24.05201094], [-47.16024976, -24.05230735], [-47.16056054, -24.05230358], [-47.16084028, -24.05215507], [-47.16114294, -24.05207629], [-47.16138695, -24.05206294], [-47.16163926, -24.05210474], [-47.16185747, -24.0522158], [-47.16243423, -24.05266934], [-47.16282312, -24.05292447], [-47.1631913, -24.05308643], [-47.16349048, -24.05316293], [-47.16383928, -24.05319288], [-47.16438692, -24.05340597], [-47.16476461, -24.0534541], [-47.16496246, -24.05347931], [-47.16517715, -24.05364994], [-47.16524634, -24.0539169], [-47.16532165, -24.05416133], [-47.16546671, -24.05431242], [-47.16571141, -24.05443001], [-47.16654766, -24.05469602], [-47.16673698, -24.05483645], [-47.16697237, -24.05501104], [-47.16702185, -24.05505835], [-47.16714818, -24.05517913], [-47.16715932, -24.05518978], [-47.16736716, -24.0553885], [-47.16736337, -24.05541517], [-47.16763535, -24.05562889], [-47.16806337, -24.05576727], [-47.16825465, -24.05585845], [-47.1683846, -24.05610307], [-47.16847548, -24.05636269], [-47.16861347, -24.05650066], [-47.16872961, -24.05656673], [-47.1688906, -24.05661049], [-47.16960689, -24.05658589], [-47.16989179, -24.0566324], [-47.17019449, -24.05680144], [-47.17067445, -24.05722165], [-47.1709929, -24.05739137], [-47.17130937, -24.05750244], [-47.17162757, -24.05765771], [-47.17208926, -24.05792651], [-47.17251864, -24.05808652], [-47.17437465, -24.05877697], [-47.17451803, -24.05882549], [-47.17480282, -24.05886477], [-47.17508614, -24.05887519], [-47.1752283, -24.0588515], [-47.17550968, -24.05874639], [-47.1758064, -24.05856071], [-47.17609581, -24.05846541], [-47.17621363, -24.05839783], [-47.17665517, -24.05840419], [-47.17697178, -24.05846468], [-47.17734189, -24.05866615], [-47.17756295, -24.05889051], [-47.17767732, -24.05914256], [-47.1780667, -24.06025196], [-47.17822003, -24.06042401], [-47.17845801, -24.0605434], [-47.17874367, -24.06063413], [-47.17902823, -24.06065896], [-47.17934252, -24.06064004], [-47.17971861, -24.06049656], [-47.17973348, -24.06044579], [-47.17981237, -24.06040133], [-47.18008664, -24.05981783], [-47.18021062, -24.05970773], [-47.18053118, -24.05953615], [-47.18074251, -24.05947536], [-47.18121456, -24.0594253], [-47.18168979, -24.05950519], [-47.18216588, -24.0596943], [-47.18251801, -24.05987796], [-47.18264604, -24.05994926], [-47.18307113, -24.06008673], [-47.18354723, -24.06021806], [-47.1838722, -24.06036509], [-47.18398443, -24.06046144], [-47.18409667, -24.06055779], [-47.1848025, -24.06148209], [-47.18545967, -24.06231861], [-47.18714955, -24.06433654], [-47.18744566, -24.06457877], [-47.18773858, -24.06469013], [-47.18805386, -24.06467118], [-47.18821113, -24.06461115], [-47.18844386, -24.06442004], [-47.18848808, -24.06424517], [-47.18848563, -24.06410076], [-47.18839961, -24.06366685], [-47.18850652, -24.06347755], [-47.18861624, -24.06339653], [-47.18882008, -24.0633575], [-47.18921644, -24.06348183], [-47.18969071, -24.06350393], [-47.18989614, -24.06355877], [-47.19023331, -24.06436554], [-47.19037976, -24.06465233], [-47.19082137, -24.0650667], [-47.1912137, -24.06530032], [-47.1915752, -24.06545583], [-47.19231325, -24.06566734], [-47.19274256, -24.06587875], [-47.19296694, -24.06606422], [-47.19323431, -24.06646573], [-47.1935877, -24.06683712], [-47.19377827, -24.06694272], [-47.19413386, -24.06698095], [-47.19430649, -24.06689903], [-47.19435257, -24.06683337], [-47.19438069, -24.06663706], [-47.19447984, -24.06645509], [-47.194723, -24.06635771], [-47.19503755, -24.06635319], [-47.19527592, -24.06643644], [-47.19550753, -24.06658478], [-47.19588026, -24.06693693], [-47.19619822, -24.06730611], [-47.19640786, -24.06760734], [-47.19666372, -24.06825547], [-47.19675174, -24.0688049], [-47.1967211, -24.06966117], [-47.19660532, -24.07029197], [-47.19660414, -24.0702984], [-47.19646605, -24.07056129], [-47.19635768, -24.07066395], [-47.19620089, -24.07075287], [-47.19589762, -24.07090077], [-47.19577914, -24.07092955], [-47.19548001, -24.07103135], [-47.1953634, -24.07111246], [-47.19523256, -24.07128136], [-47.19518734, -24.07139756], [-47.19517456, -24.07157108], [-47.19525629, -24.07175136], [-47.19544173, -24.07201682], [-47.19571329, -24.0722007], [-47.19583149, -24.07221345], [-47.1960206, -24.07217462], [-47.19625455, -24.07205571], [-47.19653876, -24.07205885], [-47.19668216, -24.07210734], [-47.19692854, -24.07225637], [-47.1971292, -24.07243404], [-47.19731966, -24.07253242], [-47.19760524, -24.07261588], [-47.19813576, -24.07270576], [-47.19870575, -24.07280409], [-47.19895321, -24.07290074], [-47.19908423, -24.07291511], [-47.19932364, -24.07305882], [-47.19941739, -24.07319379], [-47.19982017, -24.07472903], [-47.19992477, -24.0748661], [-47.20002937, -24.07500317], [-47.2000749, -24.07502102], [-47.20012044, -24.07503887], [-47.20026486, -24.07503228], [-47.20052853, -24.07475314], [-47.2005985, -24.07470519], [-47.20066848, -24.07465724], [-47.20095083, -24.07455116], [-47.20137648, -24.07454503], [-47.20166118, -24.07457704], [-47.2019537, -24.07466311], [-47.20214796, -24.0747533], [-47.20228673, -24.07487588], [-47.20239458, -24.07503051], [-47.20256981, -24.07515798], [-47.20287148, -24.07526197], [-47.20334606, -24.07535714], [-47.20364822, -24.07549001], [-47.2037673, -24.07555329], [-47.20451079, -24.0761366], [-47.20490012, -24.0763639], [-47.20507496, -24.07641103], [-47.20519391, -24.07640932], [-47.20542859, -24.07633281], [-47.20544369, -24.0762387], [-47.20538494, -24.07608066], [-47.20518288, -24.0757649], [-47.20511724, -24.07560605], [-47.20509879, -24.07544743], [-47.2051053, -24.07536789], [-47.20524399, -24.07519888], [-47.20532988, -24.07516153], [-47.20547254, -24.07516669], [-47.20563032, -24.07519331], [-47.20581541, -24.07537932], [-47.20598601, -24.07569553], [-47.20624349, -24.07603216], [-47.20648398, -24.07623814], [-47.20681812, -24.07640033], [-47.20762557, -24.07658367], [-47.20825793, -24.07664766], [-47.20872614, -24.07665805], [-47.20893885, -24.07670553], [-47.20915156, -24.07675301], [-47.20942632, -24.07692147], [-47.20970108, -24.07708993], [-47.2099883, -24.07732501], [-47.21002873, -24.07738943], [-47.21004805, -24.07759859], [-47.2100217, -24.07766758], [-47.20980206, -24.07781791], [-47.20906045, -24.07809223], [-47.20888588, -24.07829066], [-47.20883754, -24.07851073], [-47.20915907, -24.07862525], [-47.20994796, -24.07864273], [-47.21058083, -24.0787356], [-47.21103856, -24.07876509], [-47.21147945, -24.07872982], [-47.21178949, -24.07857548], [-47.21213455, -24.07828521], [-47.21251017, -24.07811367], [-47.21275943, -24.07808478], [-47.21289045, -24.07809914], [-47.21302437, -24.07816761], [-47.21316797, -24.0782847], [-47.21322502, -24.07840033], [-47.2133749, -24.07888295], [-47.21353491, -24.07898174], [-47.21373114, -24.07895723], [-47.21409803, -24.07873526], [-47.21434955, -24.07866662], [-47.21461644, -24.07863386], [-47.21532781, -24.07871744], [-47.21570827, -24.07882748], [-47.21593144, -24.0789398], [-47.21614781, -24.07917139], [-47.21629603, -24.07949965], [-47.21654217, -24.0798608], [-47.21661714, -24.07993193], [-47.21663513, -24.07994882], [-47.21677987, -24.08007492], [-47.21708339, -24.08034225], [-47.21758608, -24.08069787], [-47.21776556, -24.08078554], [-47.21798404, -24.08091057], [-47.21822355, -24.08105785], [-47.2184289, -24.08110543], [-47.21874421, -24.08108641], [-47.21901171, -24.08103197], [-47.21920643, -24.08086213], [-47.21921181, -24.08071761], [-47.21914317, -24.08044326], [-47.21916452, -24.08031296], [-47.21921807, -24.08022461], [-47.21951603, -24.08011195], [-47.21961738, -24.08000215], [-47.21977293, -24.07944198], [-47.21995943, -24.07930928], [-47.22026675, -24.07928315], [-47.22051588, -24.07947543], [-47.22082383, -24.07999907], [-47.2209846, -24.08019896], [-47.22116123, -24.08034896], [-47.2216227, -24.08059503], [-47.22201384, -24.08069677], [-47.22228783, -24.08073341], [-47.22283228, -24.08077334], [-47.22312599, -24.08087018], [-47.22396795, -24.08122717], [-47.22480193, -24.08140642], [-47.22500602, -24.08149462], [-47.22518154, -24.08163741], [-47.22523946, -24.08180268], [-47.22531239, -24.08238119], [-47.22539488, -24.0825461], [-47.22542746, -24.08261062], [-47.22563445, -24.08275295], [-47.22590153, -24.08284476], [-47.22630093, -24.08279832], [-47.2264399, -24.08276018], [-47.22658306, -24.08267956], [-47.22661217, -24.08260059], [-47.22708779, -24.08195722], [-47.22736247, -24.08174919], [-47.22763665, -24.08168291], [-47.2277438, -24.08168135], [-47.22787431, -24.08172278], [-47.22798587, -24.08180511], [-47.2280693, -24.08213791], [-47.22818354, -24.08237548], [-47.22838964, -24.08246636], [-47.22904425, -24.08262112], [-47.22981933, -24.08303231], [-47.22998197, -24.08328271], [-47.23014603, -24.08367121], [-47.23029962, -24.08436409], [-47.23048291, -24.08489766], [-47.23074794, -24.08515469], [-47.23097801, -24.08526688], [-47.23148283, -24.0852884], [-47.23193994, -24.08522395], [-47.23237934, -24.08510198], [-47.23370885, -24.08448132], [-47.23397356, -24.08443593], [-47.23414751, -24.08448665], [-47.23427809, -24.08464543], [-47.23428285, -24.0849198], [-47.23420849, -24.08511137], [-47.23410888, -24.08526449], [-47.23375179, -24.08559651], [-47.23346393, -24.08578126], [-47.23322415, -24.08607365], [-47.23305305, -24.08664128], [-47.23296681, -24.08671476], [-47.23274075, -24.08683452], [-47.23203396, -24.08701817], [-47.23181812, -24.08716034], [-47.23168903, -24.08725792], [-47.23166057, -24.08731792], [-47.23166274, -24.08744337], [-47.23169534, -24.0875088], [-47.23183192, -24.08767291], [-47.23192167, -24.0878016], [-47.23202843, -24.08806094], [-47.23217327, -24.0882475], [-47.2323881, -24.08833102], [-47.23314414, -24.08849241], [-47.23357742, -24.08869732], [-47.23370501, -24.08879656], [-47.23393111, -24.08907582], [-47.23406197, -24.0893637], [-47.23409593, -24.08950764], [-47.23412674, -24.09037655], [-47.2341607, -24.09052049], [-47.23436586, -24.09095262], [-47.23479071, -24.09152146], [-47.23486815, -24.09167741], [-47.23580051, -24.09230744], [-47.23635842, -24.09260982], [-47.23658415, -24.09286742], [-47.23665348, -24.09323563], [-47.23663108, -24.09375775], [-47.23656733, -24.09416402], [-47.2363244, -24.09518137], [-47.23633194, -24.09561549], [-47.23643429, -24.09612946], [-47.23640768, -24.09629596], [-47.23664663, -24.09646489], [-47.23707902, -24.09684313], [-47.23739702, -24.09703347], [-47.2375246, -24.09707494], [-47.23777781, -24.0971588], [-47.23828492, -24.09725248], [-47.23879091, -24.09733895], [-47.23909076, -24.09750337], [-47.2393515, -24.09779385], [-47.24006478, -24.09803707], [-47.24099233, -24.09872581], [-47.2411285, -24.09880867], [-47.24136332, -24.09885217], [-47.24141369, -24.09886497], [-47.24175244, -24.09877785], [-47.24191379, -24.09866896], [-47.24218552, -24.09840407], [-47.24245209, -24.09789913], [-47.24258123, -24.09780425], [-47.24266962, -24.09779754], [-47.24291751, -24.097858], [-47.24341981, -24.09818374], [-47.24387252, -24.09837209], [-47.24404857, -24.09848596], [-47.2447238, -24.09964871], [-47.24478823, -24.09973443], [-47.24502363, -24.09992416], [-47.24573224, -24.10006812], [-47.24622793, -24.10040839], [-47.24665556, -24.10051133], [-47.24686182, -24.10060941], [-47.24697383, -24.10071609], [-47.24729774, -24.10101826], [-47.24753434, -24.10116374], [-47.24793138, -24.10131768], [-47.24856486, -24.10143835], [-47.24876137, -24.10142824], [-47.24886261, -24.10136897], [-47.24903894, -24.10104771], [-47.24921833, -24.1009584], [-47.24959736, -24.10098171], [-47.25010095, -24.10087319], [-47.25023991, -24.10077725], [-47.25029256, -24.1007512], [-47.25036313, -24.10073752], [-47.25045524, -24.10071901], [-47.25076937, -24.1006864], [-47.25112816, -24.1006766], [-47.25127399, -24.10063654], [-47.25179187, -24.10042687], [-47.25230975, -24.1002172], [-47.25255842, -24.10041539], [-47.25329846, -24.10050017], [-47.25368644, -24.10064159], [-47.25402106, -24.1008804], [-47.2542756, -24.10120795], [-47.25448339, -24.10161744], [-47.25477601, -24.10232178], [-47.25528791, -24.10308066], [-47.25537189, -24.1032708], [-47.25543723, -24.10380065], [-47.25540984, -24.1045386], [-47.25525914, -24.10508699], [-47.25484941, -24.10600661], [-47.25484349, -24.10611774], [-47.25503208, -24.10632891], [-47.25574592, -24.10676794], [-47.25646566, -24.10748763], [-47.25667668, -24.10763166], [-47.25686335, -24.10773272], [-47.25707269, -24.10778108], [-47.25765226, -24.10785376], [-47.25784776, -24.10795378], [-47.25796218, -24.1080848], [-47.25811794, -24.10827387], [-47.25825603, -24.10835308], [-47.25844023, -24.10831334], [-47.25865214, -24.10805925], [-47.25899395, -24.10736179], [-47.25946719, -24.10686821], [-47.25959424, -24.10682209], [-47.25978668, -24.1068039], [-47.26004583, -24.10688853], [-47.26014376, -24.10697646], [-47.26029256, -24.10721709], [-47.2605934, -24.10788338], [-47.26084682, -24.10814504], [-47.26118087, -24.1084055], [-47.26134735, -24.10875691], [-47.26136951, -24.10906622], [-47.26134017, -24.1092436], [-47.26121758, -24.10959929], [-47.26104807, -24.10997102], [-47.26071112, -24.11058156], [-47.2604247, -24.11110055], [-47.26038873, -24.11129247], [-47.26040075, -24.11152881], [-47.26063824, -24.11183493], [-47.26083432, -24.11202341], [-47.2612637, -24.11222379], [-47.26166793, -24.11233606], [-47.26205623, -24.1124928], [-47.2624869, -24.11276627], [-47.26256438, -24.11308921], [-47.26251853, -24.11322259], [-47.26189543, -24.11341598], [-47.26176135, -24.11356602], [-47.2617893, -24.11375699], [-47.26182933, -24.11380319], [-47.26186937, -24.1138494], [-47.26201016, -24.1140119], [-47.26217362, -24.11413496], [-47.26230235, -24.11418451], [-47.26301772, -24.1142037], [-47.26322668, -24.11422949], [-47.26342083, -24.11430786], [-47.26363248, -24.11443021], [-47.26383851, -24.11473679], [-47.26405133, -24.11492592], [-47.26441426, -24.1150379], [-47.26460713, -24.11504316], [-47.26519973, -24.11496035], [-47.26539258, -24.11496471], [-47.26560267, -24.1149986], [-47.26579695, -24.11508419], [-47.2658145, -24.11509878], [-47.26593569, -24.11519949], [-47.26599344, -24.11529522], [-47.26605467, -24.11558861], [-47.26599276, -24.11615013], [-47.26585523, -24.11655028], [-47.26564968, -24.1167745], [-47.2656015, -24.11677522], [-47.2653959, -24.11694076], [-47.26528484, -24.11700109], [-47.26509153, -24.11702652], [-47.26470516, -24.1169799], [-47.26430125, -24.11683152], [-47.2639199, -24.11662322], [-47.26376737, -24.11661826], [-47.26357555, -24.11667256], [-47.26339418, -24.11687385], [-47.26335157, -24.11719135], [-47.26357111, -24.11826506], [-47.26352915, -24.11861956], [-47.26344377, -24.11879776], [-47.26321587, -24.11903766], [-47.26286524, -24.11923424], [-47.26248159, -24.11934284], [-47.26152132, -24.11954935], [-47.26094727, -24.11979347], [-47.26058273, -24.12009406], [-47.26052796, -24.12016799], [-47.26049837, -24.12033093], [-47.26051058, -24.12052213], [-47.26070722, -24.12074129], [-47.26085143, -24.12077617], [-47.26125374, -24.12077743], [-47.26131751, -24.12076836], [-47.26138151, -24.12071596], [-47.26163725, -24.12066071], [-47.26191875, -24.12067189], [-47.26204001, -24.12074322], [-47.26217902, -24.12087386], [-47.26226289, -24.12105678], [-47.26229137, -24.12127753], [-47.26228113, -24.121646], [-47.26247699, -24.12182094], [-47.2626701, -24.12183974], [-47.26305532, -24.12181959], [-47.26324727, -24.12177251], [-47.26344199, -24.12167655], [-47.26372509, -24.12153703], [-47.26386964, -24.12153489], [-47.26393381, -24.12154838], [-47.26404058, -24.12163526], [-47.26415554, -24.12179605], [-47.26417515, -24.12201603], [-47.26434128, -24.12273666], [-47.26443914, -24.12287604], [-47.26466021, -24.12308581], [-47.26487987, -24.12321525], [-47.26534587, -24.12336993], [-47.26575279, -24.12340903], [-47.26651437, -24.1234248], [-47.26717949, -24.12338062], [-47.26754975, -24.12340492], [-47.26793742, -24.12352374], [-47.26807594, -24.12362549], [-47.26818238, -24.12374939], [-47.26823531, -24.12396165], [-47.2682052, -24.1240948], [-47.26810396, -24.12426602], [-47.26800103, -24.12434158], [-47.26800153, -24.12437046], [-47.26764974, -24.12450116], [-47.26745753, -24.12453381], [-47.26687932, -24.1245424], [-47.26552483, -24.12426008], [-47.26518832, -24.12430931], [-47.26494973, -24.12444555], [-47.26463403, -24.12478245], [-47.2645823, -24.12547562], [-47.26451264, -24.12565359], [-47.26437947, -24.12585507], [-47.26419758, -24.12602748], [-47.26414309, -24.12611676], [-47.26411064, -24.12611724], [-47.26408098, -24.12622059], [-47.26408254, -24.12630904], [-47.26414829, -24.12641188], [-47.26451985, -24.12650928], [-47.26471271, -24.12651364], [-47.26509691, -24.12643482], [-47.26586741, -24.12611826], [-47.26608968, -24.12606079], [-47.26642402, -24.12605583], [-47.26666949, -24.12614246], [-47.26684928, -24.12629777], [-47.26698603, -24.12652233], [-47.26699, -24.12674795], [-47.26687894, -24.12725514], [-47.26682367, -24.12730019], [-47.26682459, -24.12735254], [-47.26663717, -24.12765684], [-47.26647903, -24.12783702], [-47.26608111, -24.12847666], [-47.26599741, -24.12875053], [-47.26604331, -24.12906671], [-47.26619834, -24.12921245], [-47.26644883, -24.12930443], [-47.26688225, -24.12928355], [-47.26708995, -24.12923623], [-47.26760348, -24.12918436], [-47.26794338, -24.12932646], [-47.26813072, -24.1294636], [-47.26826216, -24.1296097], [-47.26838252, -24.13002046], [-47.26835625, -24.13081707], [-47.26823698, -24.13180644], [-47.26823614, -24.13220456], [-47.26832621, -24.13279361], [-47.26826904, -24.13317722], [-47.26814569, -24.1334896], [-47.26782145, -24.13378961], [-47.26726108, -24.13386384], [-47.26695329, -24.13375828], [-47.26676632, -24.13364279], [-47.2663913, -24.13329449], [-47.26601347, -24.13284241], [-47.26590045, -24.13279263], [-47.26573969, -24.13282481], [-47.26512904, -24.13328344], [-47.26488115, -24.13333857], [-47.26457628, -24.1333431], [-47.26422019, -24.13323102], [-47.26406567, -24.13311506], [-47.2636372, -24.1325238], [-47.26326193, -24.13216104], [-47.26306325, -24.13171533], [-47.26277379, -24.13142081], [-47.2626101, -24.13134199], [-47.26219412, -24.13129219], [-47.26199207, -24.13121394], [-47.26189238, -24.13108271], [-47.26171358, -24.13048052], [-47.26159217, -24.13040107], [-47.26147071, -24.13037399], [-47.26070477, -24.1306724], [-47.26012808, -24.13076941], [-47.2597422, -24.13075346], [-47.25935463, -24.13064094], [-47.25916807, -24.13054801], [-47.2590217, -24.13044726], [-47.25881608, -24.13022101], [-47.25865816, -24.12985503], [-47.25857918, -24.12950232], [-47.25845324, -24.12916475], [-47.25831181, -24.12895289], [-47.25815126, -24.12894083], [-47.25795246, -24.12904668], [-47.25767666, -24.1293613], [-47.25745566, -24.12954783], [-47.2572631, -24.12961748], [-47.2570138, -24.12959228], [-47.25628116, -24.12904251], [-47.25612756, -24.12897797], [-47.25602372, -24.12900208], [-47.25594206, -24.12939327], [-47.25593729, -24.12957028], [-47.25609878, -24.13008426], [-47.25653701, -24.13078553], [-47.25683196, -24.13111338], [-47.25740276, -24.13157708], [-47.25790556, -24.13186484], [-47.25817457, -24.13205946], [-47.25842172, -24.13240968], [-47.25865474, -24.13290725], [-47.25885543, -24.13310976], [-47.25895717, -24.13321242], [-47.25929025, -24.13341422], [-47.26004928, -24.13361693], [-47.26041469, -24.13381102], [-47.26065952, -24.13402857], [-47.2607986, -24.13421789], [-47.26110064, -24.13489137], [-47.26144729, -24.13541705], [-47.26159808, -24.13576869], [-47.26166348, -24.13629853], [-47.26162151, -24.13665303], [-47.26151153, -24.1368316], [-47.2612514, -24.13708642], [-47.26109187, -24.13713301], [-47.26074617, -24.13710925], [-47.26049364, -24.13695772], [-47.26036273, -24.1368414], [-47.25941455, -24.13589672], [-47.25877195, -24.13543501], [-47.25827566, -24.13518236], [-47.25774958, -24.13501888], [-47.25676433, -24.13471272], [-47.25665444, -24.13472879], [-47.25627564, -24.13466849], [-47.25579323, -24.13464583], [-47.25532721, -24.13465994], [-47.25486041, -24.13462983], [-47.25461844, -24.13457472], [-47.25416591, -24.13440447], [-47.25354997, -24.13405969], [-47.25337283, -24.13405508], [-47.25316723, -24.13427929], [-47.2531337, -24.13461109], [-47.25332406, -24.1349766], [-47.25338472, -24.13518244], [-47.25331158, -24.13561142], [-47.25330759, -24.13583265], [-47.25345991, -24.13627274], [-47.25365023, -24.13657958], [-47.25390254, -24.13677536], [-47.25414606, -24.13691891], [-47.25438831, -24.13698935], [-47.25577309, -24.13719728], [-47.25624171, -24.13733028], [-47.25648446, -24.1374296], [-47.25672, -24.13756605], [-47.2567982, -24.13764975], [-47.25687639, -24.13773345], [-47.2570491, -24.13798908], [-47.2571857, -24.1384294], [-47.25717226, -24.13906423], [-47.25706531, -24.13936011], [-47.25683651, -24.13960723], [-47.25659776, -24.13973625], [-47.25628558, -24.13982933], [-47.25589734, -24.13989382], [-47.25511638, -24.14002355], [-47.25487749, -24.14014444], [-47.25466274, -24.14029566], [-47.25464695, -24.14031178], [-47.25445012, -24.14051275], [-47.25407273, -24.14098234], [-47.25388256, -24.1411332], [-47.253596, -24.14128458], [-47.25313008, -24.1413059], [-47.25288862, -24.14128058], [-47.25266945, -24.14118], [-47.2524483, -24.14091064], [-47.25237301, -24.14071224], [-47.2522702, -24.14017843], [-47.25228641, -24.13992452], [-47.25230568, -24.139833], [-47.25244987, -24.13914846], [-47.25254275, -24.13849801], [-47.25253101, -24.13827701], [-47.25247894, -24.13805661], [-47.25237868, -24.13783692], [-47.25155183, -24.13696443], [-47.25129927, -24.1367542], [-47.25089201, -24.13647314], [-47.25066571, -24.13635821], [-47.25036749, -24.13634907], [-47.24967206, -24.1363521], [-47.24921133, -24.13644465], [-47.248413, -24.13669474], [-47.24817916, -24.13687964], [-47.24818019, -24.1369383], [-47.24814811, -24.13696044], [-47.24815128, -24.13714185], [-47.24851568, -24.13761584], [-47.24863026, -24.13781095], [-47.24871337, -24.1380634], [-47.24870817, -24.13821604], [-47.24860145, -24.1384135], [-47.24825801, -24.13868758], [-47.24824665, -24.13871303], [-47.24823529, -24.13873847], [-47.24826448, -24.13905762], [-47.24846522, -24.13967936], [-47.24845406, -24.13994132], [-47.2483546, -24.14016035], [-47.24810782, -24.14050522], [-47.24789495, -24.14059592], [-47.2475473, -24.14062993], [-47.24737297, -24.14061806], [-47.24689452, -24.14042921], [-47.2464783, -24.14008597], [-47.24636437, -24.13992786], [-47.24629765, -24.13976906], [-47.24625325, -24.13947993], [-47.24628218, -24.13933416], [-47.2466293, -24.1388199], [-47.2469112, -24.13817661], [-47.24700888, -24.13785559], [-47.24705711, -24.13746309], [-47.24698174, -24.13720331], [-47.24691615, -24.13710948], [-47.24670985, -24.13706919], [-47.24658311, -24.13707828], [-47.24616846, -24.13733083], [-47.24542268, -24.13766138], [-47.2447425, -24.13814352], [-47.24423173, -24.13841283], [-47.24391729, -24.13848968], [-47.24356889, -24.13848036], [-47.24339444, -24.13846126], [-47.24317865, -24.13838499], [-47.24301824, -24.13821221], [-47.24294404, -24.13807518], [-47.24293911, -24.13779269], [-47.24311483, -24.13743352], [-47.24337873, -24.13711097], [-47.24366686, -24.13682328], [-47.24446264, -24.13620131], [-47.24480686, -24.13597147], [-47.24529379, -24.13574584], [-47.24611165, -24.13548735], [-47.24682782, -24.13520779], [-47.24741372, -24.13479203], [-47.24760036, -24.13460783], [-47.24779418, -24.13432873], [-47.24780104, -24.13427085], [-47.24783226, -24.13425595], [-47.24783073, -24.13416841], [-47.24781297, -24.13405312], [-47.24755784, -24.13397653], [-47.24705138, -24.13398489], [-47.24694808, -24.13392773], [-47.24644186, -24.13349916], [-47.24609106, -24.13335175], [-47.24556734, -24.1332728], [-47.24487297, -24.13339224], [-47.24452509, -24.1334118], [-47.2441904, -24.13328583], [-47.24403803, -24.13317884], [-47.24396532, -24.13307067], [-47.24391675, -24.13304972], [-47.24381855, -24.1328336], [-47.24377871, -24.13235483], [-47.24381247, -24.13203476], [-47.24374903, -24.13155633], [-47.24362168, -24.13107884], [-47.24333396, -24.13048726], [-47.24314874, -24.12985083], [-47.24297622, -24.12949046], [-47.24291987, -24.12941817], [-47.24279962, -24.12934771], [-47.24264353, -24.12942223], [-47.2425135, -24.12969316], [-47.24250779, -24.12981692], [-47.24259429, -24.13071569], [-47.24253944, -24.13208235], [-47.24238507, -24.13236809], [-47.24211837, -24.13247402], [-47.24177061, -24.13250079], [-47.24155809, -24.13255446], [-47.24139378, -24.13266521], [-47.24128543, -24.13282659], [-47.24129012, -24.13309554], [-47.24141279, -24.13330408], [-47.2415507, -24.13348441], [-47.24218633, -24.13411422], [-47.24255055, -24.1345801], [-47.24267512, -24.13489784], [-47.24272614, -24.13511556], [-47.24270444, -24.13522511], [-47.24250181, -24.1353951], [-47.24224796, -24.13539161], [-47.24193469, -24.13508386], [-47.24143027, -24.13430678], [-47.24124479, -24.13410638], [-47.2409879, -24.1339287], [-47.24046239, -24.13374684], [-47.23951943, -24.1335658], [-47.23937472, -24.13353802], [-47.23921143, -24.13370742], [-47.23926139, -24.1338087], [-47.23924504, -24.1338297], [-47.23942329, -24.13406722], [-47.23947185, -24.13408817], [-47.23957792, -24.13430418], [-47.2396738, -24.13478213], [-47.23992956, -24.13540308], [-47.2399194, -24.1357228], [-47.23988487, -24.13599955], [-47.23986152, -24.13601434], [-47.23976257, -24.13626315], [-47.23965334, -24.13637398], [-47.23951212, -24.1364555], [-47.2391655, -24.13654815], [-47.23892563, -24.13656732], [-47.23883347, -24.13657469], [-47.23818436, -24.13652643], [-47.23817111, -24.13652773], [-47.23801053, -24.13654343], [-47.23731284, -24.13647331], [-47.23696344, -24.13640621], [-47.23618239, -24.13606829], [-47.23608472, -24.13593883], [-47.23605325, -24.13593929], [-47.23590548, -24.13564445], [-47.23588557, -24.13540461], [-47.23594017, -24.13492444], [-47.2361115, -24.13431167], [-47.23621382, -24.13335145], [-47.23636613, -24.13255028], [-47.23635504, -24.13146082], [-47.23643932, -24.13082044], [-47.23670888, -24.12997422], [-47.23697024, -24.12950547], [-47.23699157, -24.12937426], [-47.23695759, -24.12923032], [-47.23689265, -24.12917259], [-47.2368056, -24.12914498], [-47.23663141, -24.12914031], [-47.23628443, -24.1292113], [-47.23577835, -24.12924037], [-47.2348572, -24.1291013], [-47.23476342, -24.12913878], [-47.23468664, -24.12924914], [-47.23480781, -24.12942882], [-47.23512925, -24.12969945], [-47.23534783, -24.12999416], [-47.23545614, -24.13028326], [-47.2354877, -24.13074049], [-47.23542792, -24.13092282], [-47.23518774, -24.13125314], [-47.23480444, -24.13149888], [-47.23462326, -24.13154487], [-47.23436731, -24.13181673], [-47.23433622, -24.13234801], [-47.23445209, -24.13307212], [-47.23447338, -24.13339139], [-47.2344476, -24.13371946], [-47.23435497, -24.1338797], [-47.23413712, -24.13407969], [-47.23399602, -24.13416842], [-47.23364852, -24.13421052], [-47.23313354, -24.13418105], [-47.23312619, -24.13421094], [-47.23305465, -24.13422643], [-47.23284675, -24.13449037], [-47.23288385, -24.1352671], [-47.23281383, -24.13537014], [-47.23259545, -24.13554034], [-47.23218439, -24.13560413], [-47.23200994, -24.13558501], [-47.23165965, -24.13546646], [-47.23149467, -24.13534776], [-47.23106694, -24.13504], [-47.23063228, -24.13459498], [-47.23045381, -24.13434391], [-47.23042123, -24.13433716], [-47.23032215, -24.13406959], [-47.23032026, -24.13396038], [-47.23035682, -24.13380006], [-47.23058843, -24.13348523], [-47.23147812, -24.13271662], [-47.23157503, -24.13260975], [-47.2315785, -24.13260592], [-47.23165464, -24.13240168], [-47.23168573, -24.13237956], [-47.23168333, -24.13224148], [-47.2316416, -24.13210396], [-47.23159009, -24.13209646], [-47.23150649, -24.13208427], [-47.2310505, -24.13227962], [-47.23053107, -24.13244699], [-47.22989913, -24.13253657], [-47.22970551, -24.13251936], [-47.22955036, -24.13250556], [-47.22946585, -24.13248737], [-47.22920083, -24.13243032], [-47.22877668, -24.13227264], [-47.22867511, -24.13223488], [-47.22805181, -24.1318585], [-47.22737472, -24.13127256], [-47.2268722, -24.13076984], [-47.22658921, -24.13056001], [-47.22645205, -24.13042209], [-47.22599196, -24.12986909], [-47.2257543, -24.12943742], [-47.22566298, -24.12916251], [-47.22567369, -24.12887167], [-47.22573209, -24.12860902], [-47.22588138, -24.12808414], [-47.22592894, -24.12804734], [-47.22592769, -24.12797514], [-47.22619924, -24.12769493], [-47.22647369, -24.1275817], [-47.22736138, -24.12766354], [-47.22778791, -24.12758509], [-47.22808656, -24.12744983], [-47.228243, -24.12733832], [-47.22839818, -24.1271546], [-47.22839466, -24.12695153], [-47.22832173, -24.12688669], [-47.22826653, -24.12688028], [-47.22769616, -24.1268886], [-47.22726787, -24.12680818], [-47.22685303, -24.12659577], [-47.22671441, -24.12637301], [-47.22660335, -24.12592415], [-47.22645798, -24.1257087], [-47.22639449, -24.12570602], [-47.226331, -24.12570333], [-47.2261427, -24.12579275], [-47.22585329, -24.12600731], [-47.22553155, -24.12617269], [-47.22524749, -24.12624183], [-47.22482095, -24.12626249], [-47.22467748, -24.12621403], [-47.22439826, -24.12605109], [-47.22415588, -24.12580004], [-47.22390524, -24.12546967], [-47.22390424, -24.12541191], [-47.22380656, -24.12522375], [-47.22373761, -24.12493407], [-47.22373258, -24.12464345], [-47.22376155, -24.12449859], [-47.22386703, -24.12417025], [-47.2245847, -24.12267025], [-47.22478445, -24.12233332], [-47.22503452, -24.12211933], [-47.22519048, -24.12203761], [-47.2257979, -24.12189786], [-47.22586892, -24.12185259], [-47.22592199, -24.12173626], [-47.22588863, -24.12162751], [-47.22579936, -24.12152771], [-47.22564727, -24.12143513], [-47.2254944, -24.12124056], [-47.22547888, -24.12079844], [-47.22541641, -24.12042831], [-47.22525395, -24.12019145], [-47.22517478, -24.12016372], [-47.22499286, -24.12016637], [-47.22481344, -24.12031342], [-47.2245891, -24.12059294], [-47.22430524, -24.12112789], [-47.22401633, -24.12137133], [-47.22376838, -24.12165119], [-47.22362684, -24.12216873], [-47.22340699, -24.12231005], [-47.22324966, -24.12237012], [-47.22258605, -24.12244568], [-47.22246867, -24.1224835], [-47.22227352, -24.12263168], [-47.22215194, -24.12293859], [-47.22205485, -24.12369561], [-47.22177368, -24.12393171], [-47.22163122, -24.12394101], [-47.22146365, -24.123864], [-47.22137535, -24.12376327], [-47.2210654, -24.12324418], [-47.22098137, -24.12299173], [-47.2207637, -24.12274754], [-47.22040285, -24.12247022], [-47.22021765, -24.12228334], [-47.22009491, -24.12206756], [-47.21999348, -24.12166189], [-47.21987773, -24.12139545], [-47.21980244, -24.12139293], [-47.21972715, -24.12139042], [-47.21950066, -24.12154628], [-47.21911124, -24.12189318], [-47.21882844, -24.12203541], [-47.21838633, -24.12212218], [-47.21775415, -24.12213859], [-47.21762691, -24.12211787], [-47.2174591, -24.12202642], [-47.21733097, -24.12189738], [-47.21716039, -24.12164528], [-47.21709983, -24.12138436], [-47.21708496, -24.12097833], [-47.2171773, -24.11988736], [-47.21723436, -24.11954528], [-47.21721462, -24.11931356], [-47.21717378, -24.11922659], [-47.21710187, -24.11922041], [-47.21677138, -24.11933444], [-47.21648732, -24.11934579], [-47.21632774, -24.11927498], [-47.21623945, -24.11917425], [-47.21617866, -24.11889979], [-47.21617164, -24.11849274], [-47.21622881, -24.11810012], [-47.21622381, -24.1178095], [-47.21614915, -24.11764357], [-47.21595949, -24.11765355], [-47.21575622, -24.1177874], [-47.21560828, -24.11793489], [-47.21551587, -24.11805178], [-47.21539352, -24.11831536], [-47.21529702, -24.11870856], [-47.21520676, -24.1194077], [-47.21512986, -24.11956861], [-47.21502013, -24.11965054], [-47.21475217, -24.11968332], [-47.21434251, -24.11936968], [-47.21415285, -24.11937966], [-47.21405195, -24.11946056], [-47.2138523, -24.1198047], [-47.21367189, -24.11989489], [-47.21349272, -24.12005727], [-47.21346376, -24.12023193], [-47.21343479, -24.12040658], [-47.21358889, -24.12107329], [-47.21344842, -24.1216558], [-47.21341659, -24.1220923], [-47.21332358, -24.12223177], [-47.21321358, -24.12229837], [-47.21307247, -24.1223293], [-47.21278667, -24.12229733], [-47.21269339, -24.12236368], [-47.21265109, -24.12270644], [-47.21255941, -24.12286666], [-47.21252795, -24.12286711], [-47.21238325, -24.12303261], [-47.21208492, -24.12324457], [-47.21172984, -24.12341672], [-47.21151957, -24.12360123], [-47.21118044, -24.12412884], [-47.21089288, -24.12445258], [-47.21065826, -24.1245941], [-47.21046824, -24.12464109], [-47.21032626, -24.12462148], [-47.21007002, -24.12442116], [-47.20983093, -24.12390192], [-47.2094491, -24.12331885], [-47.20940489, -24.12303602], [-47.20944686, -24.12273028], [-47.20964053, -24.12249546], [-47.20981209, -24.12234764], [-47.21077615, -24.12178209], [-47.21099415, -24.12158935], [-47.21124212, -24.12125174], [-47.21134139, -24.12107607], [-47.21150595, -24.12052119], [-47.21158936, -24.11982305], [-47.21160397, -24.11930014], [-47.21153406, -24.11895268], [-47.21144429, -24.11876531], [-47.21115462, -24.1185077], [-47.21096359, -24.11843825], [-47.21087568, -24.11835917], [-47.21081163, -24.11835288], [-47.210601, -24.11805801], [-47.21051097, -24.1178562], [-47.21041397, -24.11776326], [-47.21031696, -24.11767033], [-47.2101745, -24.11767961], [-47.20998808, -24.11782043], [-47.20977805, -24.11801937], [-47.2096773, -24.11816617], [-47.2094422, -24.11833659], [-47.20904239, -24.11853827], [-47.20868278, -24.11878993], [-47.20831732, -24.11915903], [-47.20810992, -24.1195105], [-47.20796544, -24.11986105], [-47.20793697, -24.1200357], [-47.20793508, -24.12038419], [-47.20799127, -24.12090699], [-47.20785466, -24.12125743], [-47.2074241, -24.12196059], [-47.20732683, -24.12231046], [-47.20728562, -24.12266043], [-47.20732307, -24.12300836], [-47.20749335, -24.12370283], [-47.20777378, -24.12439571], [-47.20794109, -24.12491689], [-47.20796206, -24.12522172], [-47.2076966, -24.12545757], [-47.20739641, -24.12544747], [-47.20722111, -24.12537778], [-47.20667721, -24.12503718], [-47.20629314, -24.1248387], [-47.20591255, -24.12478643], [-47.2057235, -24.12483249], [-47.20541119, -24.1250329], [-47.20524423, -24.12544968], [-47.20518141, -24.12597329], [-47.20495901, -24.12636921], [-47.20488182, -24.12645699], [-47.20476396, -24.12652459], [-47.20458191, -24.12657778], [-47.20440883, -24.12658028], [-47.2042485, -24.12646614], [-47.20416734, -24.12632196], [-47.20411878, -24.126301], [-47.20391591, -24.12554109], [-47.20381852, -24.12536826], [-47.20367232, -24.12516003], [-47.2028494, -24.12426372], [-47.20262217, -24.12391853], [-47.20256826, -24.12358528], [-47.20265193, -24.12335929], [-47.20290106, -24.12314535], [-47.20326867, -24.12289991], [-47.20459361, -24.12215405], [-47.20520283, -24.12165866], [-47.20550452, -24.12124084], [-47.20548394, -24.12101545], [-47.20542026, -24.12097303], [-47.20522923, -24.12090357], [-47.20430078, -24.1207933], [-47.20409312, -24.12061394], [-47.20397901, -24.12044135], [-47.20391699, -24.12009378], [-47.20393859, -24.11991923], [-47.20414302, -24.11939358], [-47.20417151, -24.11921893], [-47.20404917, -24.11850842], [-47.20419979, -24.11811444], [-47.20427732, -24.11798964], [-47.20452718, -24.11781902], [-47.20510854, -24.11759306], [-47.20548644, -24.11741276], [-47.20558073, -24.11736777], [-47.20579113, -24.1171905], [-47.20591401, -24.11701449], [-47.20625803, -24.11631259], [-47.20626403, -24.11620326], [-47.20620084, -24.11618973], [-47.20612843, -24.11609689], [-47.20601744, -24.11610572], [-47.20540576, -24.1164558], [-47.20527215, -24.11646495], [-47.20512819, -24.11638668], [-47.20502469, -24.11637373], [-47.20444049, -24.11643362], [-47.20432087, -24.11639834], [-47.20430452, -24.11636246], [-47.20420151, -24.11632062], [-47.20403296, -24.11618493], [-47.20394345, -24.11606976], [-47.20387653, -24.11583781], [-47.20390203, -24.11548898], [-47.20399931, -24.1151391], [-47.20431088, -24.11443767], [-47.20455263, -24.11373634], [-47.20457823, -24.11358768], [-47.20476822, -24.1124847], [-47.20476521, -24.11230961], [-47.20471567, -24.1121731], [-47.2046193, -24.11211672], [-47.20444661, -24.11219865], [-47.20428391, -24.11234635], [-47.20416791, -24.11252226], [-47.20407551, -24.11269782], [-47.20391829, -24.1132228], [-47.20378778, -24.11356801], [-47.20371411, -24.11376289], [-47.20343005, -24.11429059], [-47.2030437, -24.11481887], [-47.20285202, -24.1151701], [-47.20272625, -24.11569462], [-47.20271948, -24.11621832], [-47.20275989, -24.11674044], [-47.20272653, -24.11708939], [-47.20268231, -24.11726426], [-47.20251422, -24.11761516], [-47.20209493, -24.11811592], [-47.20204959, -24.11822491], [-47.20202347, -24.11853764], [-47.20204028, -24.1190601], [-47.20194338, -24.11943254], [-47.20183351, -24.11950725], [-47.20165171, -24.11951709], [-47.201395, -24.11928788], [-47.20125681, -24.11908675], [-47.2008945, -24.11872183], [-47.20074267, -24.11864368], [-47.2006404, -24.11864515], [-47.20058485, -24.11867484], [-47.20053863, -24.11873328], [-47.20048655, -24.11890827], [-47.20036185, -24.11995637], [-47.20026146, -24.12012483], [-47.19983952, -24.12041438], [-47.19956743, -24.12072344], [-47.19964294, -24.12093992], [-47.19998853, -24.12124729], [-47.2002064, -24.12150596], [-47.20025794, -24.12175889], [-47.2002639, -24.12210728], [-47.20013911, -24.12263268], [-47.20016867, -24.12298072], [-47.20001879, -24.1234767], [-47.19956415, -24.12375227], [-47.19940582, -24.12375455], [-47.19921566, -24.12373563], [-47.19902461, -24.12366525], [-47.19866808, -24.12346137], [-47.19864118, -24.12344599], [-47.19807515, -24.12290887], [-47.19780431, -24.12265186], [-47.19728595, -24.12196148], [-47.1967489, -24.12109804], [-47.19650272, -24.12056353], [-47.19629316, -24.11986961], [-47.19623116, -24.11952203], [-47.1962449, -24.1193476], [-47.19636482, -24.1189974], [-47.19648082, -24.1188206], [-47.1970238, -24.11818897], [-47.19719975, -24.11783707], [-47.19739635, -24.11731153], [-47.1976205, -24.11695984], [-47.19778248, -24.11676883], [-47.19813262, -24.11642254], [-47.19849997, -24.11616267], [-47.19935441, -24.11568544], [-47.19947302, -24.11566207], [-47.19969166, -24.11544857], [-47.19990818, -24.11516921], [-47.20013494, -24.11502782], [-47.20024369, -24.11488813], [-47.20020175, -24.11473616], [-47.19991387, -24.11458142], [-47.19972321, -24.11453271], [-47.1995333, -24.11452822], [-47.19932655, -24.11445898], [-47.19921394, -24.11437303], [-47.19913904, -24.11413397], [-47.1991518, -24.11395956], [-47.19925108, -24.11378389], [-47.19952738, -24.11346194], [-47.19955389, -24.11343106], [-47.19965391, -24.11324094], [-47.19988195, -24.11271495], [-47.19992616, -24.11253918], [-47.19990759, -24.11237334], [-47.19986875, -24.11240279], [-47.1997876, -24.11231639], [-47.19968534, -24.11231786], [-47.19920527, -24.11248456], [-47.19892836, -24.11251112], [-47.19854731, -24.11242904], [-47.19816763, -24.11242728], [-47.19774249, -24.11252819], [-47.1975698, -24.11261012], [-47.19747578, -24.11269091], [-47.1971806, -24.11303009], [-47.19700779, -24.1131048], [-47.19692913, -24.11310593], [-47.19689704, -24.11307028], [-47.19682502, -24.11305687], [-47.19674399, -24.11291991], [-47.19680735, -24.11248296], [-47.19678864, -24.112309], [-47.19653486, -24.11178904], [-47.19649256, -24.11161541], [-47.19651869, -24.11130268], [-47.19668914, -24.11108988], [-47.19686097, -24.11095741], [-47.19723704, -24.11074798], [-47.19765282, -24.11056054], [-47.1981765, -24.11018286], [-47.19844145, -24.10991725], [-47.19853385, -24.10974168], [-47.19853997, -24.10963958], [-47.19847594, -24.10963328], [-47.19846721, -24.10958285], [-47.19836482, -24.1095771], [-47.1977127, -24.10986274], [-47.19714388, -24.10995759], [-47.19695361, -24.10993143], [-47.19682689, -24.1098827], [-47.19661779, -24.10973314], [-47.19635263, -24.10946793], [-47.19599234, -24.10921853], [-47.19572756, -24.10897588], [-47.19568551, -24.10887447], [-47.19572049, -24.10856161], [-47.1958585, -24.10834928], [-47.1960142, -24.10819447], [-47.1964792, -24.1076064], [-47.19683112, -24.1069044], [-47.19689993, -24.10672917], [-47.19690482, -24.10655487], [-47.19686116, -24.1063596], [-47.19652944, -24.10640048], [-47.19642829, -24.10646693], [-47.19585242, -24.10707104], [-47.19564928, -24.10721208], [-47.19499803, -24.10754825], [-47.19477914, -24.10768952], [-47.19421001, -24.10816984], [-47.19404544, -24.10826609], [-47.19385531, -24.10830584], [-47.19369736, -24.10827109], [-47.19347154, -24.10800531], [-47.19347731, -24.10788245], [-47.19354514, -24.10770724], [-47.19374469, -24.107355], [-47.19379776, -24.10718001], [-47.19380266, -24.1070057], [-47.19378099, -24.10665754], [-47.19383884, -24.1063588], [-47.19404064, -24.10613833], [-47.19426775, -24.10601861], [-47.19461886, -24.10573009], [-47.19472552, -24.10546766], [-47.19476188, -24.1052929], [-47.19474316, -24.10511803], [-47.19476379, -24.1049435], [-47.19483274, -24.1047764], [-47.19502826, -24.10464991], [-47.19521703, -24.10458852], [-47.19540655, -24.10457135], [-47.19619993, -24.10472696], [-47.1969616, -24.1048108], [-47.19732552, -24.10481279], [-47.19748946, -24.10467953], [-47.19748809, -24.1045992], [-47.19734905, -24.10434752], [-47.19728538, -24.10430511], [-47.19720287, -24.1040806], [-47.19729257, -24.10380396], [-47.197354, -24.10371551], [-47.19729683, -24.10359265], [-47.19721693, -24.10352158], [-47.19692381, -24.10351857], [-47.19661593, -24.10357356], [-47.19632342, -24.10354887], [-47.19603295, -24.10324069], [-47.19588468, -24.1029088], [-47.19561267, -24.10276014], [-47.19531193, -24.1027139], [-47.19512091, -24.10264352], [-47.19501618, -24.10255746], [-47.19485071, -24.10213915], [-47.19476307, -24.1013252], [-47.19463389, -24.1010165], [-47.19456912, -24.10096688], [-47.19412815, -24.10105988], [-47.19393839, -24.1010626], [-47.19355565, -24.1009372], [-47.19317218, -24.10071069], [-47.19302554, -24.10058911], [-47.19267575, -24.10043525], [-47.19258116, -24.10036709], [-47.19245871, -24.1002217], [-47.1923904, -24.10008004], [-47.19220938, -24.09990298], [-47.19211507, -24.09985107], [-47.19201548, -24.09986469], [-47.19191589, -24.09987831], [-47.19182471, -24.10001052], [-47.1918131, -24.10013707], [-47.19169707, -24.1004845], [-47.1917261, -24.10080366], [-47.19180097, -24.10098405], [-47.19217255, -24.10143642], [-47.19240907, -24.10186907], [-47.19260872, -24.10244669], [-47.19266655, -24.10307057], [-47.1925779, -24.1038708], [-47.19220322, -24.10554721], [-47.19210444, -24.10581043], [-47.19198744, -24.10592857], [-47.1918053, -24.10591674], [-47.19179692, -24.10588707], [-47.1915973, -24.10577348], [-47.19151641, -24.10564373], [-47.19148397, -24.1056442], [-47.19121426, -24.10511092], [-47.19101956, -24.10482392], [-47.19041664, -24.10430173], [-47.19030442, -24.10417966], [-47.19012521, -24.103878], [-47.18989903, -24.10364832], [-47.18971652, -24.10361483], [-47.18937511, -24.10401153], [-47.18921916, -24.10415189], [-47.18896094, -24.10429371], [-47.18870788, -24.10433345], [-47.18858165, -24.10431359], [-47.18838918, -24.10421524], [-47.18805301, -24.10393658], [-47.18795956, -24.10358855], [-47.18789636, -24.10311008], [-47.18769576, -24.10293871], [-47.18747381, -24.10295724], [-47.18713767, -24.10320129], [-47.18696462, -24.10326154], [-47.18679034, -24.10324959], [-47.18665589, -24.10320818], [-47.18659996, -24.10315843], [-47.18643857, -24.10297838], [-47.18644283, -24.10230304], [-47.18628821, -24.1020588], [-47.18610644, -24.10206862], [-47.18596571, -24.10217897], [-47.18552292, -24.10268724], [-47.18521885, -24.10296694], [-47.18500722, -24.10307198], [-47.18478575, -24.10306071], [-47.18460212, -24.10296132], [-47.18431217, -24.10268199], [-47.18381683, -24.10189011], [-47.18363062, -24.10169687], [-47.18353574, -24.10166934], [-47.18348093, -24.10168457], [-47.18320785, -24.10193583], [-47.18286999, -24.10207879], [-47.18275102, -24.10208049], [-47.18248184, -24.10204009], [-47.18229049, -24.10194894], [-47.18187359, -24.1016642], [-47.18152343, -24.10154552], [-47.18134915, -24.10153356], [-47.18065387, -24.10159404], [-47.18032044, -24.1015338], [-47.180178, -24.10148528], [-47.17983447, -24.10129338], [-47.17969779, -24.10117887], [-47.17958521, -24.10103513], [-47.17935515, -24.10057438], [-47.17919278, -24.10033656], [-47.17894022, -24.10040606], [-47.17876729, -24.10047353], [-47.17841972, -24.10050737], [-47.17806958, -24.10038959], [-47.17777498, -24.10024122], [-47.17744548, -24.099948], [-47.17728103, -24.09958652], [-47.17712655, -24.09934948], [-47.17694453, -24.09934485], [-47.17636455, -24.09965104], [-47.17601734, -24.09970654], [-47.17584307, -24.09969457], [-47.17566843, -24.09966095], [-47.17496813, -24.09942356], [-47.17352036, -24.09912548], [-47.17261543, -24.09882508], [-47.17173903, -24.0984674], [-47.1715644, -24.09843377], [-47.17121413, -24.09830785], [-47.16992834, -24.09804986], [-47.16922636, -24.09771136], [-47.16817753, -24.09744999], [-47.16780319, -24.09729551], [-47.16707664, -24.09689956], [-47.16672638, -24.09677362], [-47.16623344, -24.09664249], [-47.166018, -24.09652186], [-47.16584117, -24.09635735], [-47.16548592, -24.09593447], [-47.16526889, -24.09577775], [-47.16515878, -24.09577931], [-47.1646509, -24.09616387], [-47.16423107, -24.09616982], [-47.16405765, -24.09620838], [-47.16372826, -24.09638729], [-47.16355509, -24.0964412], [-47.16320752, -24.09647501], [-47.16285898, -24.09645105], [-47.16252482, -24.09628786], [-47.16240366, -24.09615867], [-47.16229689, -24.09594983], [-47.16222811, -24.09560233], [-47.16216226, -24.09542903], [-47.16205635, -24.09527073], [-47.16180617, -24.09501337], [-47.16150262, -24.09479919], [-47.16011519, -24.09416519], [-47.15884137, -24.09320998], [-47.15803438, -24.09276367], [-47.15768401, -24.09263049], [-47.15716061, -24.09255843], [-47.15683482, -24.09248268], [-47.15665001, -24.09231105], [-47.15660087, -24.09219528], [-47.15662869, -24.09197732], [-47.15657144, -24.09184722], [-47.1563881, -24.09176314], [-47.15615718, -24.09171494], [-47.15608542, -24.09165817], [-47.15602019, -24.09152097], [-47.15583488, -24.09137823], [-47.15515693, -24.09106099], [-47.15485051, -24.0906735], [-47.15476202, -24.09061606], [-47.15469099, -24.09060262], [-47.15445684, -24.09077294], [-47.15439428, -24.09085417], [-47.1541589, -24.09095137], [-47.15409757, -24.09104703], [-47.15413798, -24.09111146], [-47.15428102, -24.09119702], [-47.15483917, -24.09140672], [-47.15516788, -24.09165667], [-47.155297, -24.09179208], [-47.15567984, -24.09245564], [-47.15582012, -24.0927877], [-47.15600485, -24.09342426], [-47.1561191, -24.09367002], [-47.15640073, -24.09398563], [-47.15655237, -24.09405571], [-47.15705883, -24.09405579], [-47.15751919, -24.09412151], [-47.15781621, -24.09435746], [-47.15795089, -24.09441334], [-47.15810894, -24.09439666], [-47.15833708, -24.09427788], [-47.15843945, -24.09428366], [-47.15878981, -24.09441683], [-47.15901492, -24.09458699], [-47.15917736, -24.09483206], [-47.15926015, -24.09507735], [-47.15930679, -24.09551274], [-47.15938026, -24.09567149], [-47.15944503, -24.09572204], [-47.16005979, -24.09561133], [-47.16023381, -24.09560887], [-47.1605595, -24.09567739], [-47.16069529, -24.09574047], [-47.16089113, -24.09610062], [-47.16099723, -24.0967383], [-47.1610965, -24.09702759], [-47.1618703, -24.09783728], [-47.16230397, -24.09824552], [-47.16260074, -24.09846611], [-47.16275118, -24.09846398], [-47.1628763, -24.09841888], [-47.16325723, -24.09797022], [-47.16335864, -24.09791823], [-47.16370547, -24.09784019], [-47.16422755, -24.0978328], [-47.16503576, -24.09788003], [-47.16571809, -24.09798591], [-47.16641801, -24.09820169], [-47.16690345, -24.09841238], [-47.16737391, -24.09860973], [-47.16871055, -24.09902591], [-47.16891788, -24.0991322], [-47.16904679, -24.09925315], [-47.16912814, -24.09941179], [-47.16916548, -24.09970195], [-47.1691222, -24.09999326], [-47.16896965, -24.10033668], [-47.16897161, -24.10045311], [-47.16911626, -24.10057474], [-47.16976422, -24.10050776], [-47.17009692, -24.1005247], [-47.17025509, -24.10057301], [-47.17055067, -24.10072138], [-47.17087203, -24.10099939], [-47.17111536, -24.10131552], [-47.17125447, -24.10163312], [-47.17138374, -24.10224157], [-47.17130456, -24.10267874], [-47.17148043, -24.10284325], [-47.17176533, -24.10282476], [-47.17209633, -24.10274061], [-47.17244379, -24.10269956], [-47.17295199, -24.10280066], [-47.17328494, -24.10283204], [-47.17380632, -24.10278129], [-47.1739795, -24.10272827], [-47.17431676, -24.10254923], [-47.17462034, -24.10229755], [-47.17487156, -24.10214862], [-47.17531365, -24.10212066], [-47.17565546, -24.10221059], [-47.1762084, -24.10257285], [-47.17640763, -24.1026648], [-47.17652562, -24.10266312], [-47.17704588, -24.10254647], [-47.17739419, -24.10255595], [-47.17756884, -24.10258958], [-47.17789589, -24.10273748], [-47.178058, -24.10290219], [-47.17825243, -24.10323344], [-47.17847847, -24.10345592], [-47.17866147, -24.10351831], [-47.17881954, -24.10356029], [-47.17931055, -24.10357495], [-47.17948519, -24.10360857], [-47.17971699, -24.10370637], [-47.17997485, -24.10400783], [-47.1803045, -24.1047732], [-47.18043453, -24.10496002], [-47.18082072, -24.10534722], [-47.18316156, -24.10715093], [-47.18375315, -24.10752796], [-47.18409583, -24.10766841], [-47.18473141, -24.10779745], [-47.18560296, -24.10786442], [-47.18612508, -24.10785695], [-47.18629961, -24.10788334], [-47.18655503, -24.1079817], [-47.18662903, -24.10816932], [-47.18657693, -24.1083443], [-47.18601993, -24.10907811], [-47.18598272, -24.109261], [-47.18603126, -24.10933975], [-47.186246, -24.10935924], [-47.1865604, -24.10928162], [-47.18739335, -24.10892844], [-47.18755104, -24.10889007], [-47.18789937, -24.10889953], [-47.18817076, -24.1090112], [-47.18819523, -24.10906231], [-47.1882267, -24.10906185], [-47.18847844, -24.10940672], [-47.18869921, -24.10983869], [-47.18894102, -24.1101196], [-47.1897437, -24.1107617], [-47.19004177, -24.11105444], [-47.19074962, -24.11219172], [-47.19153292, -24.11313922], [-47.1917466, -24.11361553], [-47.19174932, -24.11377528], [-47.19169687, -24.1139295], [-47.19162656, -24.11401718], [-47.19137509, -24.11409391], [-47.19089966, -24.11407185], [-47.19023307, -24.11397217], [-47.18946592, -24.11391637], [-47.18930185, -24.11392684], [-47.18917864, -24.11396923], [-47.18914974, -24.11412041], [-47.18944154, -24.11439067], [-47.18988036, -24.11463084], [-47.18994588, -24.11472379], [-47.18999596, -24.11535501], [-47.19007097, -24.11560129], [-47.19023975, -24.11575144], [-47.1903274, -24.11581518], [-47.19053489, -24.11587089], [-47.19123048, -24.1158248], [-47.19157932, -24.11586312], [-47.19172314, -24.11593328], [-47.1918918, -24.11607621], [-47.19214172, -24.11637054], [-47.19223196, -24.11652903], [-47.19239058, -24.11700613], [-47.19254455, -24.11772974], [-47.19274474, -24.11833714], [-47.1927905, -24.11865607], [-47.19277507, -24.11913566], [-47.19282772, -24.11945449], [-47.19286414, -24.11974466], [-47.19285089, -24.11989019], [-47.19278944, -24.12003642], [-47.19273548, -24.12010219], [-47.19247354, -24.12008429], [-47.19212309, -24.1199521], [-47.1919399, -24.11982293], [-47.19152007, -24.11937125], [-47.19109115, -24.1187897], [-47.19083374, -24.11857582], [-47.19049926, -24.11845694], [-47.19015054, -24.11842583], [-47.18982478, -24.11835738], [-47.18957709, -24.11819392], [-47.18911045, -24.11776547], [-47.18890467, -24.11775307], [-47.18845187, -24.11807915], [-47.18842029, -24.11813106], [-47.18820026, -24.11820643], [-47.18804182, -24.11820148], [-47.18788252, -24.11814599], [-47.18740261, -24.11786217], [-47.18722782, -24.11782134], [-47.18653049, -24.11776542], [-47.18618041, -24.11765488], [-47.18590038, -24.11744042], [-47.18585684, -24.11719368], [-47.18590257, -24.11710636], [-47.18635674, -24.11680194], [-47.18654356, -24.11662503], [-47.18654282, -24.11658171], [-47.18657417, -24.11657404], [-47.18657329, -24.11652259], [-47.18660439, -24.11650048], [-47.18658372, -24.11621008], [-47.18635791, -24.11594519], [-47.18628539, -24.1159029], [-47.18608601, -24.11580374], [-47.18560846, -24.115658], [-47.18509047, -24.11538917], [-47.18481647, -24.11512406], [-47.18456496, -24.11473585], [-47.1845083, -24.11470055], [-47.18448396, -24.11465757], [-47.18432392, -24.11455784], [-47.18414962, -24.11454589], [-47.18369891, -24.11505338], [-47.18358177, -24.11510561], [-47.18340771, -24.1151081], [-47.1831534, -24.11501785], [-47.18285409, -24.11465199], [-47.18268677, -24.11412354], [-47.18215083, -24.1133178], [-47.18200283, -24.11300033], [-47.18193399, -24.11265285], [-47.18182041, -24.11250912], [-47.181646, -24.11248995], [-47.18153549, -24.11252764], [-47.18080613, -24.1125534], [-47.1805099, -24.11242673], [-47.18015091, -24.11219532], [-47.17969654, -24.11184882], [-47.17941286, -24.11141773], [-47.17926241, -24.11095495], [-47.17911651, -24.1108189], [-47.17895894, -24.11080671], [-47.17890338, -24.11083639], [-47.17842722, -24.11123589], [-47.1780039, -24.11144505], [-47.17772771, -24.11151399], [-47.17743505, -24.11148205], [-47.17728375, -24.11143365], [-47.17707491, -24.11123983], [-47.17687948, -24.11090858], [-47.17637186, -24.11037866], [-47.175967, -24.10981839], [-47.17583953, -24.10978319], [-47.17557207, -24.10990346], [-47.17546194, -24.10990503], [-47.17488795, -24.10969563], [-47.17469878, -24.10973444], [-47.17463671, -24.10978588], [-47.17463829, -24.10987974], [-47.17468845, -24.11005417], [-47.17512304, -24.11091916], [-47.17511788, -24.11107903], [-47.17499509, -24.11132092], [-47.17501216, -24.11140012], [-47.17520342, -24.11148496], [-47.17575101, -24.1115864], [-47.17598429, -24.11177176], [-47.17598515, -24.1118223], [-47.17601674, -24.11182907], [-47.17603332, -24.11187939], [-47.17611296, -24.11240097], [-47.17621966, -24.11260347], [-47.17651858, -24.11294769], [-47.1767542, -24.11332891], [-47.17675875, -24.11359788], [-47.17671401, -24.11374386], [-47.1764549, -24.1138929], [-47.17619408, -24.11388217], [-47.17613754, -24.11385409], [-47.17592145, -24.11369738], [-47.1754545, -24.11324632], [-47.17511809, -24.11301188], [-47.17473644, -24.11289363], [-47.17437236, -24.11288437], [-47.1739789, -24.1129983], [-47.17266367, -24.11386022], [-47.17151598, -24.11433425], [-47.17116934, -24.11442585], [-47.17060023, -24.11444838], [-47.169839, -24.11433552], [-47.16964824, -24.11428045], [-47.16889713, -24.11389209], [-47.16840793, -24.11346209], [-47.16825467, -24.11329725], [-47.16790502, -24.11274339], [-47.16774341, -24.11254978], [-47.16745286, -24.11223432], [-47.1669557, -24.11179811], [-47.16643226, -24.11126116], [-47.16635852, -24.11114574], [-47.16630838, -24.11097222], [-47.16627397, -24.11079757], [-47.1662917, -24.11044884], [-47.16625829, -24.11033376], [-47.16617779, -24.11028434], [-47.166003, -24.11024259], [-47.16548026, -24.11021389], [-47.16490775, -24.11003332], [-47.16414654, -24.1099782], [-47.16392529, -24.10998134], [-47.16375455, -24.11012188], [-47.16373895, -24.11018801], [-47.16377223, -24.11029587], [-47.16393226, -24.11039562], [-47.16420278, -24.11045679], [-47.1644894, -24.11059807], [-47.16485898, -24.11087631], [-47.16496393, -24.11103461], [-47.16527656, -24.11172713], [-47.16543056, -24.1119362], [-47.16575269, -24.11225844], [-47.16597906, -24.11255947], [-47.16598017, -24.11262535], [-47.16601188, -24.11263935], [-47.16610392, -24.11290707], [-47.1661677, -24.11295672], [-47.16626997, -24.11295527], [-47.16664894, -24.11285601], [-47.16676682, -24.11284711], [-47.16688665, -24.11289597], [-47.16707138, -24.11306036], [-47.16766206, -24.11379317], [-47.16830597, -24.11447375], [-47.16876356, -24.11483739], [-47.16923445, -24.11511418], [-47.1696161, -24.11523244], [-47.17018816, -24.11532632], [-47.17131273, -24.11540423], [-47.17165998, -24.11534873], [-47.17222676, -24.1151881], [-47.17298064, -24.11480724], [-47.17381379, -24.11446135], [-47.17411332, -24.11443452], [-47.1744934, -24.1144589], [-47.17482047, -24.11454813], [-47.17497129, -24.11462633], [-47.175664, -24.11499112], [-47.1762892, -24.11520249], [-47.17654394, -24.11526025], [-47.17722513, -24.11529297], [-47.17757958, -24.11537277], [-47.17772438, -24.11550161], [-47.17782223, -24.11564556], [-47.17782493, -24.11580532], [-47.17778043, -24.11596574], [-47.17761179, -24.11628773], [-47.17749427, -24.116841], [-47.17746307, -24.1168568], [-47.17749797, -24.11705942], [-47.17761695, -24.1171155], [-47.17768861, -24.11710726], [-47.17815952, -24.11691909], [-47.17849091, -24.11685658], [-47.17882365, -24.1168735], [-47.17898283, -24.11692178], [-47.17928693, -24.11710613], [-47.17952934, -24.11736447], [-47.17970045, -24.11765272], [-47.1798391, -24.11794054], [-47.17990819, -24.11824469], [-47.17989444, -24.11842002], [-47.17976905, -24.11850848], [-47.17970648, -24.11853104], [-47.17929923, -24.11852873], [-47.17911701, -24.11857195], [-47.17911964, -24.11872719], [-47.17949906, -24.11906032], [-47.17958964, -24.1191818], [-47.17962083, -24.1194549], [-47.17970311, -24.11955123], [-47.17977834, -24.11957904], [-47.18040175, -24.1193932], [-47.18078121, -24.11938055], [-47.18113079, -24.11946223], [-47.18125999, -24.11959851], [-47.18129146, -24.11959806], [-47.1814096, -24.12001074], [-47.18141256, -24.12018494], [-47.1813103, -24.12070911], [-47.18108217, -24.12123507], [-47.18071993, -24.12179997], [-47.18044053, -24.12214521], [-47.18018584, -24.12249732], [-47.1796627, -24.12337687], [-47.17932749, -24.12367957], [-47.17890401, -24.12393929], [-47.17883591, -24.12410006], [-47.17914076, -24.12432772], [-47.17918933, -24.12440737], [-47.17919093, -24.12450214], [-47.17911472, -24.12470636], [-47.17915652, -24.12479333], [-47.17922757, -24.12480676], [-47.17957385, -24.12469258], [-47.17970697, -24.12459589], [-47.1801034, -24.1241912], [-47.18036892, -24.12401317], [-47.1804948, -24.1239536], [-47.18093045, -24.12394737], [-47.18112013, -24.12440147], [-47.18107687, -24.12509903], [-47.18113675, -24.12538165], [-47.18124765, -24.1254243], [-47.18146878, -24.12535523], [-47.1816801, -24.12522944], [-47.18209472, -24.12491115], [-47.18243692, -24.12455689], [-47.18274372, -24.12402979], [-47.18307755, -24.12318273], [-47.18372161, -24.12195297], [-47.18395368, -24.12160118], [-47.18410032, -24.12143207], [-47.18451565, -24.1211571], [-47.18483195, -24.12118959], [-47.18496765, -24.12124542], [-47.18502481, -24.1213096], [-47.18513791, -24.12148222], [-47.18519692, -24.12165561], [-47.18520284, -24.122004], [-47.18501947, -24.12238488], [-47.18440403, -24.1229823], [-47.18417195, -24.12327541], [-47.18414308, -24.12348707], [-47.18417334, -24.12382067], [-47.18418392, -24.12398031], [-47.18412372, -24.12466367], [-47.18405883, -24.12501306], [-47.18399787, -24.12518817], [-47.18389069, -24.12536394], [-47.18356545, -24.12579019], [-47.18341181, -24.12606864], [-47.18324859, -24.12671013], [-47.18317288, -24.12688545], [-47.1829708, -24.12715015], [-47.18297153, -24.12719347], [-47.18292482, -24.12722303], [-47.1829258, -24.12728079], [-47.18288695, -24.12731023], [-47.18289643, -24.12740489], [-47.18307211, -24.12749717], [-47.1832624, -24.12752334], [-47.18420796, -24.12730669], [-47.18439764, -24.12729675], [-47.18458019, -24.12733025], [-47.18517826, -24.12756183], [-47.18528925, -24.12755211], [-47.18537996, -24.12733325], [-47.18533371, -24.12692676], [-47.18536775, -24.12661481], [-47.1855606, -24.12632858], [-47.18592715, -24.1260182], [-47.18649124, -24.12569776], [-47.18724685, -24.12541791], [-47.18781389, -24.12527166], [-47.18947364, -24.12511786], [-47.18985324, -24.12511242], [-47.19042399, -24.12518368], [-47.19061459, -24.12522834], [-47.1908052, -24.125273], [-47.19118739, -24.12542008], [-47.19141247, -24.12558296], [-47.19146092, -24.12565539], [-47.19143392, -24.12591758], [-47.1913561, -24.12602703], [-47.19112233, -24.12621997], [-47.19030625, -24.12664515], [-47.19012913, -24.12687248], [-47.19001609, -24.12722347], [-47.18997481, -24.12757254], [-47.19016813, -24.12823781], [-47.19022077, -24.12855664], [-47.19026959, -24.12865073], [-47.19032503, -24.1286716], [-47.19047513, -24.12864778], [-47.19099003, -24.12821157], [-47.19125101, -24.12817172], [-47.19154419, -24.12823251], [-47.19180579, -24.12822875], [-47.19199497, -24.12818992], [-47.19236386, -24.12801761], [-47.19259089, -24.1278329], [-47.19282257, -24.12751721], [-47.19297198, -24.12699146], [-47.19314122, -24.12670646], [-47.19326562, -24.126618], [-47.19328835, -24.12656622], [-47.19339074, -24.12651419], [-47.19357979, -24.12646724], [-47.1937465, -24.12649464], [-47.1939003, -24.12668833], [-47.19394261, -24.12686196], [-47.19391411, -24.1270366], [-47.19378631, -24.12738691], [-47.19372833, -24.12773621], [-47.19372641, -24.12808471], [-47.1937956, -24.12891155], [-47.1939265, -24.12960751], [-47.19388524, -24.12995657], [-47.19367848, -24.13049547], [-47.19364979, -24.13057023], [-47.19361869, -24.13059234], [-47.19363976, -24.1309044], [-47.19375152, -24.13093981], [-47.1939563, -24.13089263], [-47.19405034, -24.13081183], [-47.19440789, -24.13043565], [-47.19466268, -24.13009074], [-47.19477083, -24.12991495], [-47.19506772, -24.12921284], [-47.19538897, -24.12855462], [-47.19572707, -24.12796205], [-47.19608486, -24.12765899], [-47.19620287, -24.12759952], [-47.19641726, -24.12759643], [-47.19656133, -24.12768103], [-47.1966988, -24.12789661], [-47.19675783, -24.12807], [-47.19685555, -24.1287231], [-47.19679807, -24.12904351], [-47.19659359, -24.12956915], [-47.19655136, -24.12991823], [-47.19655731, -24.13026661], [-47.19674851, -24.13126684], [-47.19678569, -24.13160033], [-47.19676804, -24.13194905], [-47.19659503, -24.13247424], [-47.19653017, -24.13282365], [-47.19653315, -24.13299784], [-47.19662293, -24.13318613], [-47.19675042, -24.1332204], [-47.19686868, -24.13317537], [-47.19707873, -24.13297554], [-47.19734888, -24.13260874], [-47.19750571, -24.13246114], [-47.19763649, -24.13228502], [-47.19790489, -24.13175845], [-47.19804353, -24.13158222], [-47.19819182, -24.13145279], [-47.19834011, -24.13132337], [-47.19858363, -24.13124042], [-47.19931112, -24.13115681], [-47.19984721, -24.13104075], [-47.20072832, -24.13073736], [-47.20106097, -24.13074701], [-47.20117346, -24.13082483], [-47.20124589, -24.13091858], [-47.20127998, -24.13107065], [-47.20123674, -24.13130329], [-47.20112322, -24.1316245], [-47.20082065, -24.13337211], [-47.20070073, -24.13372231], [-47.20023988, -24.13455679], [-47.20012686, -24.13490779], [-47.20019266, -24.13507385], [-47.20026532, -24.13512336], [-47.20035961, -24.13511478], [-47.20073674, -24.134964], [-47.20118384, -24.13470464], [-47.20130169, -24.13463627], [-47.20222904, -24.13427442], [-47.20257545, -24.13416831], [-47.20314863, -24.13386213], [-47.20353062, -24.13353613], [-47.20402417, -24.13277429], [-47.20404639, -24.13269363], [-47.20416654, -24.13255783], [-47.20428668, -24.13242203], [-47.20477244, -24.13212433], [-47.20499421, -24.13215001], [-47.20518012, -24.13232156], [-47.20530137, -24.13250849], [-47.20534443, -24.13266765], [-47.20532284, -24.1328422], [-47.205139, -24.13319332], [-47.20476674, -24.13362752], [-47.20458317, -24.13399398], [-47.20460899, -24.13458131], [-47.20456689, -24.13487983], [-47.20442826, -24.13511384], [-47.20418564, -24.13530693], [-47.20389942, -24.1354528], [-47.2036132, -24.13559866], [-47.20316536, -24.13575679], [-47.20314916, -24.13578682], [-47.20305474, -24.13578818], [-47.20277314, -24.13600259], [-47.20270393, -24.13609748], [-47.20267658, -24.13633801], [-47.20276885, -24.1366707], [-47.20274823, -24.13684523], [-47.20259097, -24.1373702], [-47.20267303, -24.13756582], [-47.20282338, -24.13755643], [-47.20357827, -24.13723317], [-47.2041467, -24.13716628], [-47.20452672, -24.13718336], [-47.20467044, -24.13724629], [-47.20483115, -24.13738209], [-47.2051734, -24.1379504], [-47.20529279, -24.13797124], [-47.20543464, -24.13792496], [-47.205861, -24.1374322], [-47.20623776, -24.13725975], [-47.2065231, -24.13726284], [-47.20677736, -24.13734673], [-47.20721703, -24.13757239], [-47.20764262, -24.13749401], [-47.20779709, -24.13726608], [-47.20790924, -24.13686544], [-47.20801664, -24.1367041], [-47.20818922, -24.13661403], [-47.20836317, -24.13660429], [-47.20890452, -24.13679326], [-47.20908021, -24.1368846], [-47.20908766, -24.13689055], [-47.20932158, -24.13707701], [-47.20937066, -24.13718553], [-47.20941935, -24.13721372], [-47.20950253, -24.13747431], [-47.20949278, -24.13782292], [-47.20945644, -24.13799768], [-47.20931495, -24.13852243], [-47.20927834, -24.13861961], [-47.20913337, -24.13900443], [-47.20867307, -24.13986871], [-47.20866021, -24.14003591], [-47.20875675, -24.14015819], [-47.20901, -24.14012564], [-47.20938739, -24.13998927], [-47.2095772, -24.13998652], [-47.2097524, -24.14004899], [-47.21004737, -24.14061165], [-47.21024729, -24.14073875], [-47.21038978, -24.14072947], [-47.21049856, -24.14064845], [-47.21063043, -24.14047953], [-47.21075916, -24.14012829], [-47.21080913, -24.13983056], [-47.21099469, -24.13958051], [-47.21115029, -24.13941847], [-47.21174435, -24.13901084], [-47.21213144, -24.13846718], [-47.21231226, -24.13794186], [-47.21245859, -24.13724191], [-47.2127187, -24.13675155], [-47.21275116, -24.13675108], [-47.2128794, -24.13661337], [-47.2129395, -24.13654883], [-47.21312074, -24.1364478], [-47.21369712, -24.13638618], [-47.21386993, -24.13636743], [-47.21403354, -24.13627116], [-47.21472494, -24.13614738], [-47.21495646, -24.1361675], [-47.21506897, -24.13624621], [-47.21519197, -24.13647643], [-47.21527179, -24.13699797], [-47.21568015, -24.13768898], [-47.21574611, -24.13786315], [-47.21576485, -24.13803711], [-47.21575212, -24.13821153], [-47.215631, -24.13854731], [-47.21553934, -24.13870843], [-47.21506721, -24.13934], [-47.21462454, -24.13985468], [-47.21387543, -24.14091185], [-47.21362393, -24.14150319], [-47.2136202, -24.14174338], [-47.21366202, -24.14182944], [-47.21379766, -24.14193671], [-47.21391654, -24.14192776], [-47.2142928, -24.1417264], [-47.2151667, -24.14100234], [-47.21535488, -24.14090482], [-47.21560726, -24.14082171], [-47.21560687, -24.14079915], [-47.21592208, -24.14076568], [-47.21611227, -24.14078459], [-47.21622417, -24.1408272], [-47.21651513, -24.14115609], [-47.21655836, -24.14138115], [-47.2165535, -24.14155545], [-47.21635696, -24.14208101], [-47.21600994, -24.14260874], [-47.21583401, -24.14296067], [-47.21566769, -24.14341356], [-47.21570254, -24.14360895], [-47.21586189, -24.14366442], [-47.21623204, -24.14356515], [-47.21631771, -24.14351245], [-47.21669786, -24.14353672], [-47.21691151, -24.14348938], [-47.21744597, -24.14282079], [-47.21790129, -24.14263994], [-47.21827965, -24.14250354], [-47.21849019, -24.14233347], [-47.21859718, -24.14209178], [-47.21860991, -24.14191736], [-47.21846129, -24.14157106], [-47.21823448, -24.14125478], [-47.21807799, -24.14090859], [-47.21800903, -24.14056113], [-47.21801273, -24.13986324], [-47.21763104, -24.13883784], [-47.21753775, -24.13850517], [-47.21748938, -24.13798227], [-47.21736923, -24.13746132], [-47.21702965, -24.13659509], [-47.21698731, -24.13642147], [-47.2169843, -24.13624729], [-47.21702925, -24.13611573], [-47.21709243, -24.13607148], [-47.21716885, -24.13593947], [-47.21779707, -24.13563243], [-47.21808866, -24.13559931], [-47.21835139, -24.13566049], [-47.21867933, -24.13585252], [-47.21885728, -24.13607472], [-47.21924407, -24.13694026], [-47.21947189, -24.1373152], [-47.21996217, -24.13773598], [-47.22030048, -24.1380723], [-47.22069953, -24.13873544], [-47.22101215, -24.13940615], [-47.22126478, -24.13939525], [-47.22144573, -24.13933484], [-47.22176487, -24.13901694], [-47.22220713, -24.13848058], [-47.22252539, -24.13821812], [-47.22257376, -24.13817823], [-47.22276155, -24.13805904], [-47.22294973, -24.13796151], [-47.22332722, -24.13783233], [-47.22370609, -24.13778348], [-47.22408821, -24.13786548], [-47.22437642, -24.13803461], [-47.22448211, -24.13822987], [-47.22446266, -24.13847028], [-47.22406983, -24.13867913], [-47.2231239, -24.13887437], [-47.22282609, -24.13906016], [-47.22278327, -24.13931446], [-47.22302285, -24.13991401], [-47.22304757, -24.13992087], [-47.22302849, -24.14018295], [-47.2228889, -24.14035922], [-47.22248321, -24.14073526], [-47.2225087, -24.14084412], [-47.22284026, -24.1411381], [-47.22288735, -24.14117985], [-47.22307294, -24.14138749], [-47.22308994, -24.14146036], [-47.22312141, -24.1414599], [-47.22317263, -24.14169116], [-47.22317515, -24.14183647], [-47.22274011, -24.14227884], [-47.22271639, -24.14232974], [-47.22273427, -24.14245316], [-47.22283993, -24.14258974], [-47.22298468, -24.14271131], [-47.22337645, -24.14295205], [-47.22364335, -24.1432533], [-47.22375116, -24.1435713], [-47.22377059, -24.14423906], [-47.22384055, -24.1445865], [-47.22406789, -24.14493256], [-47.22452077, -24.14546309], [-47.22463394, -24.14563567], [-47.22474999, -24.14591745], [-47.22472266, -24.14615708], [-47.22469988, -24.14623369], [-47.2246771, -24.14631031], [-47.22463053, -24.146348], [-47.22455511, -24.14639542], [-47.22448942, -24.14643672], [-47.22430011, -24.14646927], [-47.2241094, -24.1464206], [-47.22373385, -24.14620851], [-47.22322866, -24.14583852], [-47.22296477, -24.14571146], [-47.22280617, -24.14569933], [-47.22261376, -24.14600726], [-47.22236248, -24.14609759], [-47.22218078, -24.14611468], [-47.22200933, -24.14626974], [-47.22186838, -24.14682338], [-47.22163525, -24.14705246], [-47.22136714, -24.14713671], [-47.22117732, -24.14713948], [-47.22098648, -24.14708358], [-47.22004319, -24.14658183], [-47.21975782, -24.14652099], [-47.21972583, -24.14649166], [-47.21945634, -24.14649558], [-47.21935531, -24.14657017], [-47.21934869, -24.14664249], [-47.21944637, -24.14682975], [-47.2197691, -24.14717352], [-47.22005551, -24.14769295], [-47.22046767, -24.14820242], [-47.22074821, -24.14843847], [-47.22122004, -24.14869972], [-47.22208531, -24.14929739], [-47.22264773, -24.14979022], [-47.22281722, -24.14997643], [-47.2232224, -24.15047878], [-47.22336894, -24.1507601], [-47.22337008, -24.15082599], [-47.22323959, -24.15107434], [-47.22294149, -24.15118792], [-47.22256134, -24.15122235], [-47.22165764, -24.15113441], [-47.2210894, -24.1512149], [-47.22089894, -24.15118156], [-47.2206109, -24.15096729], [-47.22050462, -24.15079461], [-47.22036058, -24.15025956], [-47.22026327, -24.15009397], [-47.22004522, -24.1498868], [-47.21936994, -24.14975128], [-47.21919458, -24.14968071], [-47.21897888, -24.14955295], [-47.21882687, -24.14940981], [-47.21850427, -24.14907326], [-47.21849442, -24.14901563], [-47.21812636, -24.14878175], [-47.21777915, -24.1487859], [-47.21773184, -24.14883804], [-47.21774334, -24.14904822], [-47.21785776, -24.14923613], [-47.21793258, -24.14946705], [-47.21797007, -24.14981497], [-47.21806489, -24.15023518], [-47.21809686, -24.15026361], [-47.21810112, -24.15051], [-47.21805679, -24.15067765], [-47.21788508, -24.15081827], [-47.21758561, -24.15091019], [-47.21732271, -24.15084089], [-47.21714759, -24.15072698], [-47.21688781, -24.15038229], [-47.2165943, -24.14990719], [-47.21658519, -24.1498351], [-47.21615205, -24.14947849], [-47.21576989, -24.14933869], [-47.21462692, -24.14918106], [-47.21448341, -24.14913168], [-47.21439574, -24.14906796], [-47.21425873, -24.14893905], [-47.2141281, -24.14872338], [-47.2141789, -24.14841751], [-47.21418212, -24.14819664], [-47.21418251, -24.1481701], [-47.21414217, -24.14811291], [-47.2136867, -24.14788661], [-47.21349124, -24.14756264], [-47.21330603, -24.14737665], [-47.21317128, -24.14737861], [-47.21279314, -24.14747166], [-47.21222141, -24.14740683], [-47.21183927, -24.14726793], [-47.21131922, -24.14694776], [-47.21115124, -24.14679041], [-47.21040456, -24.14576305], [-47.20998506, -24.14528254], [-47.20996807, -24.14520966], [-47.20975853, -24.14503847], [-47.20970689, -24.14501033], [-47.20965524, -24.14498219], [-47.20952849, -24.14499124], [-47.20938699, -24.14505829], [-47.20928109, -24.14530718], [-47.20919492, -24.14538787], [-47.20874633, -24.1455036], [-47.20870761, -24.14554027], [-47.2087176, -24.14566381], [-47.20893802, -24.14606686], [-47.20889681, -24.14641682], [-47.20891478, -24.14654656], [-47.20894638, -24.14655333], [-47.20894714, -24.14659755], [-47.20930041, -24.14702898], [-47.20939935, -24.14714981], [-47.20967785, -24.14766938], [-47.20981073, -24.14801592], [-47.20983246, -24.14836407], [-47.20996673, -24.14884872], [-47.21011122, -24.14895586], [-47.21028644, -24.14901832], [-47.21066711, -24.14907148], [-47.21083457, -24.14914128], [-47.21091988, -24.14926733], [-47.21100518, -24.14939338], [-47.2109993, -24.14950902], [-47.21068608, -24.15011661], [-47.2105953, -24.15038694], [-47.21063277, -24.15073487], [-47.21081187, -24.15102296], [-47.21112334, -24.15117101], [-47.21122564, -24.15116953], [-47.21160443, -24.15111348], [-47.21240443, -24.15089268], [-47.21255032, -24.15085241], [-47.21273978, -24.150828], [-47.21306449, -24.15083051], [-47.21333663, -24.15097913], [-47.21336326, -24.15104035], [-47.2133899, -24.15110158], [-47.21344317, -24.15122403], [-47.21344555, -24.15136212], [-47.21335663, -24.15168299], [-47.21310975, -24.15208649], [-47.21310412, -24.15221657], [-47.21312824, -24.15224601], [-47.21327262, -24.15234593], [-47.21344721, -24.15237228], [-47.21362119, -24.15236254], [-47.21417295, -24.15223807], [-47.21436253, -24.15222088], [-47.21441973, -24.15222981], [-47.21474332, -24.15228035], [-47.21491979, -24.15235813], [-47.21516159, -24.15262996], [-47.21521056, -24.15273126], [-47.21522143, -24.15290534], [-47.21489312, -24.15360703], [-47.21485653, -24.15376735], [-47.21486728, -24.15393421], [-47.21497257, -24.15404914], [-47.21523424, -24.15410401], [-47.21561366, -24.15408406], [-47.21599158, -24.15397656], [-47.21630805, -24.15395752], [-47.2165802, -24.15410613], [-47.21671158, -24.15436511], [-47.21671459, -24.1545393], [-47.21655588, -24.15497764], [-47.21662636, -24.15541265], [-47.21656081, -24.15571874], [-47.21622773, -24.15614426], [-47.21611261, -24.15637162], [-47.21606589, -24.15640119], [-47.21604417, -24.15651074], [-47.21604479, -24.15654684], [-47.21618095, -24.15668298], [-47.21639776, -24.15681796], [-47.21655063, -24.15695295], [-47.21665593, -24.15712566], [-47.21669043, -24.15730029], [-47.21666983, -24.15747482], [-47.21659415, -24.15765015], [-47.21658893, -24.15765658], [-47.21643904, -24.15784108], [-47.21628243, -24.15794537], [-47.21590313, -24.15803033], [-47.21558726, -24.15802769], [-47.21552282, -24.15799974], [-47.21517136, -24.15781617], [-47.21497114, -24.15767373], [-47.21483486, -24.15753037], [-47.21463064, -24.15715598], [-47.21433149, -24.15681096], [-47.21416863, -24.15655242], [-47.21419584, -24.15630467], [-47.21430985, -24.15601233], [-47.21429947, -24.15586714], [-47.21423417, -24.15578864], [-47.21405818, -24.15568196], [-47.21353476, -24.15562456], [-47.21334405, -24.15557677], [-47.2130403, -24.15542139], [-47.21289653, -24.1552998], [-47.21286407, -24.15530027], [-47.21283171, -24.15524928], [-47.21275002, -24.15507624], [-47.21271404, -24.15481586], [-47.21268218, -24.15479375], [-47.21264672, -24.15462004], [-47.21245276, -24.15438362], [-47.21236533, -24.15433433], [-47.2122618, -24.15432139], [-47.21188213, -24.1543269], [-47.21131188, -24.15434961], [-47.2109624, -24.15422377], [-47.21096191, -24.15419489], [-47.21080092, -24.15404466], [-47.2104171, -24.15335239], [-47.21019853, -24.15305764], [-47.20994065, -24.15282215], [-47.20984437, -24.15277299], [-47.20965315, -24.15269541], [-47.20927211, -24.15262149], [-47.20768599, -24.15244133], [-47.20735104, -24.15230084], [-47.20735053, -24.15227105], [-47.20728733, -24.15225752], [-47.20719055, -24.15217948], [-47.20691753, -24.15192163], [-47.20681838, -24.1517055], [-47.2067999, -24.15154598], [-47.20668326, -24.15122809], [-47.20644523, -24.15117375], [-47.2060663, -24.15122257], [-47.20592343, -24.15121019], [-47.20568315, -24.15108276], [-47.20542699, -24.15088966], [-47.20528051, -24.15066699], [-47.20516437, -24.1503202], [-47.20511904, -24.14997239], [-47.20502888, -24.14982113], [-47.20493197, -24.14973496], [-47.20464747, -24.14972463], [-47.20426844, -24.1498249], [-47.20388915, -24.14985204], [-47.2036982, -24.1497898], [-47.20349051, -24.14966912], [-47.2033198, -24.14940979], [-47.20333953, -24.14918381], [-47.20340048, -24.1490087], [-47.20385175, -24.14813101], [-47.20398429, -24.14708279], [-47.20395757, -24.14690172], [-47.20387642, -24.14681623], [-47.20375851, -24.14682516], [-47.20340718, -24.14710557], [-47.20289451, -24.14767269], [-47.20234847, -24.14813106], [-47.20208147, -24.14828025], [-47.20199405, -24.14828874], [-47.20181983, -24.14828403], [-47.20165884, -24.14807511], [-47.20126139, -24.14704266], [-47.20124492, -24.14705734], [-47.20109393, -24.14697286], [-47.2009914, -24.14701767], [-47.20095317, -24.14708322], [-47.20071662, -24.1476319], [-47.20039014, -24.14798508], [-47.20002907, -24.1481573], [-47.1996815, -24.14819842], [-47.19931659, -24.14814591], [-47.19912528, -24.148062], [-47.19912477, -24.14803221], [-47.19893995, -24.14786787], [-47.19876776, -24.14752188], [-47.1986831, -24.14717373], [-47.19852065, -24.14693684], [-47.19831533, -24.14695424], [-47.1980016, -24.147133], [-47.19762146, -24.14716826], [-47.19706757, -24.14716812], [-47.19671877, -24.14713703], [-47.19633726, -24.14703419], [-47.19622597, -24.14696989], [-47.19614507, -24.14689883], [-47.19615795, -24.14673164], [-47.19622813, -24.14663583], [-47.19653326, -24.14641387], [-47.1966644, -24.14625852], [-47.19667853, -24.14616442], [-47.19665381, -24.14609978], [-47.19543033, -24.14583392], [-47.19523952, -24.14577889], [-47.19502409, -24.14566553], [-47.19488649, -24.1455005], [-47.19476151, -24.14515293], [-47.19475854, -24.14497874], [-47.19481652, -24.14462943], [-47.19480567, -24.14445536], [-47.19472416, -24.1443482], [-47.19466084, -24.14432744], [-47.19429543, -24.1443029], [-47.19402581, -24.14424178], [-47.19374607, -24.144049], [-47.19351784, -24.14370381], [-47.19326891, -24.14301045], [-47.19321086, -24.14283705], [-47.1930455, -24.14196736], [-47.19293851, -24.14175133], [-47.19267193, -24.14140669], [-47.19266945, -24.14126138], [-47.192969, -24.14077048], [-47.19298541, -24.14029087], [-47.19297592, -24.14019622], [-47.19291113, -24.1401466], [-47.19284806, -24.14014028], [-47.19243906, -24.14032761], [-47.19224961, -24.140352], [-47.19167953, -24.14032408], [-47.19152205, -24.1403769], [-47.19140799, -24.14061145], [-47.19138638, -24.140786], [-47.19131054, -24.1409541], [-47.19115455, -24.14109446], [-47.19077652, -24.14119468], [-47.1903959, -24.14120014], [-47.19014387, -24.14124709], [-47.19016182, -24.14137684], [-47.19043478, -24.14157694], [-47.19058625, -24.14163255], [-47.19073171, -24.14179747], [-47.19077402, -24.1419711], [-47.19074465, -24.1420952], [-47.19050235, -24.14230902], [-47.19014742, -24.14249467], [-47.18983856, -24.14261285], [-47.18924247, -24.1426178], [-47.18865461, -24.14252783], [-47.18834826, -24.14221625], [-47.18799701, -24.14204074], [-47.18760065, -24.14204642], [-47.18712254, -24.14227806], [-47.18683694, -24.14226049], [-47.18665325, -24.14216111], [-47.18653152, -24.14200306], [-47.18649102, -24.14184278], [-47.18646401, -24.14173591], [-47.18650554, -24.14140129], [-47.18665094, -24.14110039], [-47.18672151, -24.14102715], [-47.18715153, -24.14074474], [-47.18736064, -24.14048806], [-47.18747259, -24.14007209], [-47.18748264, -24.13973792], [-47.18741154, -24.13925957], [-47.18737706, -24.1386209], [-47.18744437, -24.13795188], [-47.18751872, -24.13769623], [-47.18775941, -24.13738765], [-47.18790693, -24.13726998], [-47.18851875, -24.13691905], [-47.18858144, -24.13684593], [-47.1886027, -24.1367075], [-47.18850558, -24.13660779], [-47.18749721, -24.13643266], [-47.18711562, -24.13632258], [-47.18697114, -24.13615673], [-47.18687278, -24.1359839], [-47.18683562, -24.13565041], [-47.18686928, -24.1353159], [-47.18683509, -24.1351566], [-47.186713, -24.13497689], [-47.18623782, -24.13451155], [-47.18607161, -24.13445615], [-47.18600018, -24.13447884], [-47.18595384, -24.13453006], [-47.18588549, -24.13473417], [-47.18587248, -24.13489414], [-47.18591062, -24.1352863], [-47.18582201, -24.13562882], [-47.1857131, -24.13576128], [-47.1855249, -24.13585877], [-47.18520809, -24.13585608], [-47.18502502, -24.1357928], [-47.18466506, -24.13556594], [-47.18409252, -24.13539178], [-47.18394192, -24.13538671], [-47.18380916, -24.13550507], [-47.18387003, -24.13578767], [-47.18450652, -24.13648272], [-47.18483049, -24.1369069], [-47.18483922, -24.13695733], [-47.18487081, -24.1369641], [-47.18487181, -24.13702277], [-47.18491226, -24.13702941], [-47.18499278, -24.13713659], [-47.18533719, -24.13783672], [-47.1854218, -24.13818398], [-47.18545969, -24.13850302], [-47.18541964, -24.13898297], [-47.18533066, -24.13930382], [-47.1852842, -24.1394065], [-47.18503378, -24.13954821], [-47.18484458, -24.13958703], [-47.18466163, -24.13953097], [-47.18454015, -24.13938736], [-47.18445089, -24.13922885], [-47.18434981, -24.13889627], [-47.18428853, -24.13806931], [-47.18417196, -24.13775139], [-47.18409844, -24.13759265], [-47.1838309, -24.13724801], [-47.18351666, -24.13693293], [-47.18343724, -24.13689073], [-47.18323242, -24.13693699], [-47.18321754, -24.13698776], [-47.1831862, -24.13699543], [-47.18309847, -24.1379121], [-47.18300112, -24.13826196], [-47.18286555, -24.1386205], [-47.18277199, -24.13873017], [-47.18264611, -24.13879065], [-47.18263099, -24.13882698], [-47.18249735, -24.13889389], [-47.18234687, -24.13889604], [-47.18213787, -24.13869591], [-47.18211204, -24.13856537], [-47.18215185, -24.13807099], [-47.18212172, -24.13774461], [-47.1820658, -24.13767901], [-47.18198064, -24.13763884], [-47.18185097, -24.13759593], [-47.18175687, -24.13756481], [-47.1816388, -24.13756384], [-47.18149813, -24.13767558], [-47.18091245, -24.13859188], [-47.18048557, -24.13911215], [-47.18000064, -24.13946943], [-47.17982738, -24.13951317], [-47.1794482, -24.13955074], [-47.17929676, -24.13949984], [-47.17912816, -24.13938111], [-47.17899609, -24.13904592], [-47.17894959, -24.1388627], [-47.17890309, -24.13867947], [-47.17879733, -24.13854768], [-47.17830307, -24.13827278], [-47.17827847, -24.13820936], [-47.17821362, -24.13817272], [-47.17816319, -24.13798269], [-47.17814981, -24.13764847], [-47.17809972, -24.13754873], [-47.17787851, -24.13752889], [-47.17734428, -24.13776387], [-47.17713833, -24.13775766], [-47.17701082, -24.13771599], [-47.17696224, -24.13765242], [-47.17693608, -24.13749416], [-47.17702497, -24.13669119], [-47.17696738, -24.13654179], [-47.1768939, -24.13644636], [-47.17675039, -24.13640456], [-47.17662491, -24.13640806], [-47.17605805, -24.13664726], [-47.17590907, -24.13666414], [-47.17573287, -24.13656786], [-47.17572863, -24.13630597], [-47.17576474, -24.1361302], [-47.17569785, -24.13592647], [-47.17551584, -24.13592499], [-47.1755002, -24.13595195], [-47.17536757, -24.13599605], [-47.17512877, -24.13618555], [-47.17484389, -24.13641169], [-47.174483, -24.13665704], [-47.17433406, -24.13673259], [-47.17422358, -24.13670914], [-47.17415155, -24.13665437], [-47.17421568, -24.13625304], [-47.17436039, -24.13591561], [-47.17442736, -24.13566781], [-47.17436773, -24.13541002], [-47.17427837, -24.13530092], [-47.1741842, -24.13530919], [-47.17388753, -24.13559119], [-47.17385746, -24.13564966], [-47.17346501, -24.13584966], [-47.17316767, -24.13607295], [-47.17291533, -24.13615671], [-47.17256816, -24.13618998], [-47.17238807, -24.1362427], [-47.17225437, -24.13633191], [-47.17214947, -24.13668774], [-47.17205837, -24.13688565], [-47.1719263, -24.13706519], [-47.17162913, -24.13726592], [-47.17138396, -24.13730907], [-47.17100434, -24.13732405], [-47.17081439, -24.13731798], [-47.17029014, -24.13721889], [-47.16992461, -24.13705338], [-47.16980298, -24.13691241], [-47.16974499, -24.13680361], [-47.16974153, -24.13659137], [-47.16983133, -24.13627153], [-47.16991654, -24.13610969], [-47.1706774, -24.13526709], [-47.17088529, -24.13494823], [-47.17093241, -24.13485214], [-47.17096246, -24.13479079], [-47.17119985, -24.13389882], [-47.17123134, -24.13388552], [-47.1712613, -24.13377741], [-47.17131613, -24.13373496], [-47.17137096, -24.13369252], [-47.17138519, -24.13362042], [-47.17143844, -24.13359651], [-47.17146421, -24.13358492], [-47.17151759, -24.13347251], [-47.17151598, -24.13338669], [-47.17151435, -24.1333009], [-47.17149009, -24.13325741], [-47.17147382, -24.13322832], [-47.17099626, -24.13307544], [-47.17081276, -24.13297461], [-47.17069131, -24.13281561], [-47.17059985, -24.13260719], [-47.17049702, -24.13255666], [-47.17043434, -24.13257713], [-47.17040267, -24.13258751], [-47.17027834, -24.13272194], [-47.17005801, -24.13324836], [-47.16964408, -24.13408028], [-47.16958201, -24.13417006], [-47.16951999, -24.13425987], [-47.16938881, -24.13440327], [-47.1691694, -24.13457757], [-47.16907491, -24.13462194], [-47.16890068, -24.13463858], [-47.16879024, -24.1346151], [-47.16858169, -24.1344328], [-47.16847559, -24.13427392], [-47.1683203, -24.13392502], [-47.16825097, -24.13359485], [-47.16828924, -24.13307142], [-47.16855977, -24.1321887], [-47.1685859, -24.13190447], [-47.1684351, -24.13141113], [-47.16829806, -24.13127457], [-47.16821987, -24.13128295], [-47.16819747, -24.13137307], [-47.16813462, -24.13138611], [-47.16813537, -24.13143576], [-47.16805903, -24.13160219], [-47.16798268, -24.13176862], [-47.16790413, -24.13181764], [-47.16692343, -24.13236949], [-47.16664131, -24.13248455], [-47.16641128, -24.13248721], [-47.1662209, -24.13239534], [-47.16615574, -24.13233161], [-47.16615935, -24.13208331], [-47.16632257, -24.13142546], [-47.1662887, -24.13130331], [-47.16623164, -24.13122606], [-47.16618374, -24.13122566], [-47.16613698, -24.13122531], [-47.16603693, -24.13126349], [-47.16589378, -24.13131812], [-47.16530393, -24.13157968], [-47.1649423, -24.13170765], [-47.16442079, -24.13177561], [-47.16407233, -24.13175019], [-47.16383392, -24.13167148], [-47.16357333, -24.13127655], [-47.16341488, -24.13125267], [-47.16315675, -24.13142664], [-47.1629759, -24.1314974], [-47.16278594, -24.13149133], [-47.16245974, -24.13138935], [-47.16216152, -24.13107083], [-47.16209163, -24.13067293], [-47.16216175, -24.13016333], [-47.16234939, -24.12952372], [-47.16236074, -24.12943282], [-47.16237076, -24.12935238], [-47.16241645, -24.12926694], [-47.16242842, -24.12905034], [-47.16232356, -24.12895468], [-47.1620171, -24.12910564], [-47.16149576, -24.12915555], [-47.1613028, -24.12939326], [-47.16112017, -24.12989743], [-47.16098106, -24.13003628], [-47.16075304, -24.13014728], [-47.16040609, -24.13022568], [-47.16015324, -24.13023714], [-47.15965856, -24.13001186], [-47.15929264, -24.12988695], [-47.15902323, -24.12987543], [-47.15876955, -24.1298646], [-47.15860317, -24.12983613], [-47.15845192, -24.12977169], [-47.15830557, -24.12958086], [-47.15818693, -24.12913288], [-47.15809161, -24.1290734], [-47.15800529, -24.12909528], [-47.15770007, -24.12930497], [-47.15754161, -24.12928559], [-47.15714946, -24.12901598], [-47.15703816, -24.12901508], [-47.15695378, -24.12915435], [-47.15696365, -24.12927633], [-47.1570217, -24.12943934], [-47.15723265, -24.12975263], [-47.15729936, -24.12991117], [-47.15730869, -24.13002412], [-47.15718547, -24.13023531], [-47.15738, -24.13053038], [-47.15737324, -24.13059354], [-47.15734758, -24.13068126], [-47.15733635, -24.13071966], [-47.15687448, -24.13103641], [-47.15678176, -24.1312117], [-47.15681318, -24.13120747], [-47.15688582, -24.13126226], [-47.15713109, -24.13127329], [-47.15837977, -24.13117521], [-47.15909184, -24.13118108], [-47.15943363, -24.13125614], [-47.15960084, -24.13132521], [-47.15996197, -24.13156297], [-47.16012334, -24.13172683], [-47.16057461, -24.13224073], [-47.16064892, -24.13237677], [-47.16065123, -24.13251905], [-47.16065354, -24.13266123], [-47.16062087, -24.13267001], [-47.1604046, -24.13296171], [-47.16027148, -24.13305545], [-47.16009106, -24.13314425], [-47.15929491, -24.1333725], [-47.15870638, -24.13362498], [-47.15862114, -24.13372813], [-47.15863154, -24.13385914], [-47.15874398, -24.13393232], [-47.15873515, -24.13395482], [-47.15890245, -24.13401489], [-47.15909281, -24.13404355], [-47.15947239, -24.13402861], [-47.16018372, -24.13398478], [-47.16053231, -24.13399216], [-47.16091446, -24.13409461], [-47.16112245, -24.1342092], [-47.16133128, -24.13442312], [-47.16141504, -24.13466311], [-47.1614178, -24.13482115], [-47.1613274, -24.13513645], [-47.16118006, -24.1352978], [-47.16107862, -24.13536016], [-47.1608406, -24.13536271], [-47.1604228, -24.13528273], [-47.16012615, -24.13522593], [-47.15920607, -24.13510097], [-47.15885827, -24.13513423], [-47.15868503, -24.13518246], [-47.15815034, -24.1353993], [-47.15792466, -24.13559158], [-47.1572109, -24.13644355], [-47.15696679, -24.13656344], [-47.15677727, -24.13657542], [-47.15660201, -24.13651076], [-47.15607166, -24.13609556], [-47.15589957, -24.1360166], [-47.15572084, -24.13593463], [-47.15547522, -24.13590101], [-47.15531145, -24.13604412], [-47.15547787, -24.13651052], [-47.1554818, -24.13673633], [-47.15543628, -24.13686235], [-47.15482305, -24.1371237], [-47.15466883, -24.13729849], [-47.15434357, -24.13779247], [-47.15410848, -24.13793499], [-47.15393573, -24.13799225], [-47.15306752, -24.13816569], [-47.15237521, -24.13839924], [-47.15183773, -24.13845802], [-47.15157674, -24.13841975], [-47.15148061, -24.13837832], [-47.15135909, -24.13822831], [-47.15136375, -24.13800262], [-47.15146299, -24.13779121], [-47.15167877, -24.137486], [-47.15173261, -24.13732843], [-47.15175826, -24.13652949], [-47.15187302, -24.13630469], [-47.15198776, -24.13607991], [-47.15198511, -24.13591282], [-47.15157961, -24.13530901], [-47.15149884, -24.13470332], [-47.15135228, -24.13447183], [-47.15051633, -24.13374257], [-47.15027324, -24.13338387], [-47.14984559, -24.13291077], [-47.14954158, -24.13274572], [-47.14947836, -24.13273164], [-47.14936859, -24.13276234], [-47.14935443, -24.13282993], [-47.14937253, -24.13298813], [-47.1495044, -24.13333686], [-47.15014653, -24.13432643], [-47.15054638, -24.13506567], [-47.15058451, -24.13544072], [-47.15040778, -24.13577788], [-47.15030622, -24.13628725], [-47.15022194, -24.13647615], [-47.15009781, -24.13665573], [-47.14977939, -24.1369556], [-47.14964221, -24.13705153], [-47.14950506, -24.13714748], [-47.14912434, -24.13715334], [-47.14880645, -24.13701977], [-47.14873939, -24.1367754], [-47.14873362, -24.13642319], [-47.14863521, -24.13623729], [-47.14849249, -24.13624063], [-47.14832708, -24.13630245], [-47.14800029, -24.13663834], [-47.14786717, -24.13672756], [-47.14769313, -24.13673062], [-47.14751783, -24.13667048], [-47.1472933, -24.13648801], [-47.1470688, -24.13630557], [-47.14661532, -24.13570584], [-47.14643033, -24.13550565], [-47.14634329, -24.13547785], [-47.146152, -24.13548074], [-47.14577417, -24.13556791], [-47.14560004, -24.1355755], [-47.14525066, -24.13551841], [-47.14492338, -24.13528092], [-47.1443906, -24.13468505], [-47.14412528, -24.13445709], [-47.14377483, -24.13432325], [-47.14346529, -24.13428457], [-47.14321812, -24.13415607], [-47.14302628, -24.13402806], [-47.14259974, -24.1336272], [-47.14233587, -24.13344895], [-47.14209673, -24.13337471], [-47.14157325, -24.13332969], [-47.14110508, -24.13322194], [-47.14086067, -24.13325153], [-47.14081355, -24.13329176], [-47.14078354, -24.13339986], [-47.1408499, -24.13359456], [-47.14097857, -24.13370399], [-47.14152877, -24.13397045], [-47.14190576, -24.13421739], [-47.1420342, -24.13435392], [-47.14211626, -24.13451262], [-47.14220041, -24.13483388], [-47.1424105, -24.13510653], [-47.14250742, -24.13519312], [-47.14300739, -24.13525597], [-47.14314401, -24.13536998], [-47.14321446, -24.1358356], [-47.14343662, -24.13588257], [-47.14351539, -24.13587421], [-47.14353963, -24.13584732], [-47.14378439, -24.13584932], [-47.14391201, -24.13587752], [-47.14394408, -24.13593198], [-47.14397606, -24.13593223], [-47.14420278, -24.13620049], [-47.14445117, -24.13689333], [-47.14456604, -24.13709295], [-47.14469399, -24.13721592], [-47.1448682, -24.13725796], [-47.14505838, -24.13724604], [-47.14524758, -24.13720245], [-47.14579765, -24.13699028], [-47.14585331, -24.1369885], [-47.14590899, -24.13698672], [-47.14602891, -24.13705093], [-47.14610949, -24.13717348], [-47.14607283, -24.13733572], [-47.14601242, -24.13747519], [-47.14582549, -24.13765877], [-47.14572488, -24.13782045], [-47.14570428, -24.13797832], [-47.14575375, -24.13813672], [-47.14607738, -24.13849611], [-47.14613298, -24.13903383], [-47.14624488, -24.13909794], [-47.14634754, -24.13907398], [-47.14645015, -24.13905002], [-47.14685836, -24.13887732], [-47.14812134, -24.13864849], [-47.1483273, -24.13865471], [-47.14859824, -24.13874276], [-47.14889623, -24.13908383], [-47.14957253, -24.13929259], [-47.14978107, -24.13947491], [-47.14988346, -24.13988212], [-47.15022542, -24.14044479], [-47.15022894, -24.14064799], [-47.15010559, -24.14087272], [-47.14993301, -24.14097061], [-47.14982148, -24.1409918], [-47.14972785, -24.14100957], [-47.14941132, -24.14102047], [-47.14909478, -24.1410314], [-47.14880226, -24.14107412], [-47.14859048, -24.1411582], [-47.14833997, -24.14130507], [-47.14796435, -24.14159997], [-47.14752534, -24.14184009], [-47.14691017, -24.141984], [-47.14676068, -24.14198727], [-47.14651671, -24.14209363], [-47.14626763, -24.14234437], [-47.14591475, -24.14251753], [-47.14578783, -24.14253904], [-47.14572525, -24.14258817], [-47.14566264, -24.14263737], [-47.14549142, -24.14278943], [-47.14520606, -24.14322499], [-47.14500308, -24.14341294], [-47.14443195, -24.14382804], [-47.14435043, -24.14411183], [-47.14435698, -24.14450467], [-47.14440743, -24.14469473], [-47.14485325, -24.14582264], [-47.14549411, -24.14719146], [-47.14571366, -24.14756803], [-47.14587847, -24.14794413], [-47.14595583, -24.14833305], [-47.14594643, -24.148449], [-47.15009197, -24.15330966], [-47.15010378, -24.15330753], [-47.15010822, -24.15330673], [-47.15003314, -24.15307536], [-47.14997452, -24.15289477], [-47.14972419, -24.15258118], [-47.14966548, -24.15242267], [-47.14967617, -24.15208868], [-47.14964171, -24.15196196], [-47.14906801, -24.15169533], [-47.14888986, -24.1514862], [-47.14880055, -24.15131388], [-47.14872164, -24.15089337], [-47.14870246, -24.15088502], [-47.14868982, -24.15087952], [-47.14867329, -24.15080715], [-47.14829456, -24.15042027], [-47.148123, -24.15010281], [-47.14808888, -24.14994449], [-47.14810693, -24.14961056], [-47.14833757, -24.14873655], [-47.14835836, -24.14856069], [-47.14824724, -24.14804053], [-47.14824406, -24.14786441], [-47.14828794, -24.14765257], [-47.1484351, -24.14745063], [-47.14842471, -24.14731962], [-47.14804058, -24.14704101], [-47.14781258, -24.14670955], [-47.14773605, -24.14636126], [-47.14774887, -24.14618529], [-47.14789056, -24.14566273], [-47.14802184, -24.1454426], [-47.14833567, -24.1451156], [-47.14928875, -24.1447623], [-47.14944313, -24.14463489], [-47.14959752, -24.14450749], [-47.15004926, -24.14416361], [-47.15022233, -24.14407472], [-47.15083036, -24.14397141], [-47.15112689, -24.143712], [-47.15152344, -24.14328636], [-47.15189119, -24.14303658], [-47.15211299, -24.14306097], [-47.15223284, -24.1431297], [-47.15231587, -24.14332], [-47.15232726, -24.14353681], [-47.15233869, -24.1437536], [-47.15231324, -24.14405174], [-47.15228516, -24.14438075], [-47.1523194, -24.14452551], [-47.15242582, -24.14471153], [-47.1525605, -24.14477582], [-47.15268738, -24.1447543], [-47.15289682, -24.14447159], [-47.15302619, -24.14419727], [-47.15326105, -24.14401857], [-47.15338716, -24.14401512], [-47.15354692, -24.14409319], [-47.15382819, -24.14432125], [-47.15400168, -24.14431366], [-47.15421265, -24.14412578], [-47.15476137, -24.14335826], [-47.15490129, -24.14320138], [-47.15539375, -24.14283971], [-47.15611641, -24.14252512], [-47.15630457, -24.14240478], [-47.15696653, -24.14175106], [-47.15717964, -24.14171669], [-47.15732292, -24.14178108], [-47.15740094, -24.14189405], [-47.15752672, -24.14207618], [-47.15764639, -24.142163], [-47.15776561, -24.142173], [-47.15786762, -24.14211514], [-47.15834197, -24.14165852], [-47.1586792, -24.1414491], [-47.15915084, -24.14126336], [-47.15997064, -24.14107596], [-47.16031678, -24.14096141], [-47.16152802, -24.14048826], [-47.16197589, -24.14028425], [-47.16251615, -24.13993651], [-47.16303416, -24.13966535], [-47.16330255, -24.13963595], [-47.16363813, -24.13978769], [-47.16378373, -24.13999205], [-47.16394221, -24.14045388], [-47.16391281, -24.1405981], [-47.16388342, -24.14074234], [-47.16385277, -24.14080189], [-47.16380696, -24.14089073], [-47.16342479, -24.14147171], [-47.1631896, -24.14182926], [-47.16296043, -24.14231046], [-47.1628626, -24.14263023], [-47.16284413, -24.14295065], [-47.16289699, -24.14327164], [-47.16312204, -24.14390558], [-47.1631303, -24.14438422], [-47.1631813, -24.14464199], [-47.16321362, -24.14466932], [-47.16339571, -24.14466631], [-47.16412159, -24.14408081], [-47.16528144, -24.1433905], [-47.16614603, -24.14302282], [-47.16649254, -24.14293084], [-47.16684147, -24.14296981], [-47.16704064, -24.14304369], [-47.16725754, -24.14325312], [-47.16732509, -24.14345686], [-47.16735413, -24.14375959], [-47.16725105, -24.14424186], [-47.16709182, -24.14467848], [-47.16695377, -24.14489857], [-47.16656494, -24.14535593], [-47.16629398, -24.1456472], [-47.16581008, -24.14607666], [-47.16570912, -24.14621127], [-47.165548, -24.14653051], [-47.16545877, -24.14685036], [-47.16526556, -24.14711061], [-47.16525883, -24.14717379], [-47.16527701, -24.14732744], [-47.16532512, -24.14737749], [-47.1654118, -24.1473782], [-47.16575838, -24.1472817], [-47.16614426, -24.14713135], [-47.16646434, -24.14691274], [-47.16663734, -24.14683289], [-47.16681055, -24.14678914], [-47.16696929, -24.14678594], [-47.16707321, -24.14684999], [-47.16715381, -24.14690934], [-47.1671975, -24.14716254], [-47.16711044, -24.14764042], [-47.16698185, -24.14796443], [-47.16668279, -24.14854892], [-47.16661353, -24.14915786], [-47.16658287, -24.14921178], [-47.16644258, -24.1493461], [-47.16623957, -24.14941036], [-47.16597, -24.14949573], [-47.16506104, -24.14955151], [-47.16497464, -24.14958239], [-47.16490428, -24.14967212], [-47.164946, -24.1498079], [-47.16540298, -24.15012317], [-47.16554555, -24.15035685], [-47.16568814, -24.15059054], [-47.1658153, -24.15066835], [-47.16632287, -24.15071311], [-47.16667025, -24.15066177], [-47.16701744, -24.15056981], [-47.16736464, -24.15053652], [-47.16770613, -24.15058445], [-47.16806533, -24.1507725], [-47.16815519, -24.15089514], [-47.16818884, -24.15103989], [-47.16818647, -24.15134687], [-47.16814986, -24.15150459], [-47.16800467, -24.15182847], [-47.16797083, -24.15214875], [-47.1680231, -24.15246522], [-47.16802861, -24.1527858], [-47.16810202, -24.15295349], [-47.16818315, -24.15302185], [-47.16836401, -24.1529556], [-47.1685589, -24.1527721], [-47.16866699, -24.15259692], [-47.16886927, -24.15241344], [-47.16932683, -24.15235846], [-47.1694127, -24.15225535], [-47.169261, -24.15172131], [-47.16922582, -24.15148178], [-47.16930121, -24.15125665], [-47.16948508, -24.15094212], [-47.16960143, -24.1508031], [-47.16979005, -24.15069626], [-47.1698846, -24.15067732], [-47.16996322, -24.15066156], [-47.17047126, -24.15072438], [-47.17063738, -24.15071671], [-47.17075447, -24.15062735], [-47.17076725, -24.1504514], [-47.17061159, -24.15014086], [-47.17045591, -24.14983035], [-47.17029939, -24.14944754], [-47.17014287, -24.14906476], [-47.17008414, -24.14890628], [-47.16998978, -24.14842694], [-47.16998181, -24.14797988], [-47.1700424, -24.14781784], [-47.17013456, -24.14770121], [-47.1704792, -24.14748729], [-47.17079398, -24.14737247], [-47.17112628, -24.14735262], [-47.17161797, -24.14738822], [-47.1718727, -24.14750316], [-47.17205197, -24.14763351], [-47.17216158, -24.1477132], [-47.17243929, -24.1481895], [-47.17263911, -24.14876905], [-47.1730006, -24.14954855], [-47.17310824, -24.14986547], [-47.17316172, -24.15018645], [-47.17328536, -24.15050351], [-47.17337537, -24.15067128], [-47.17363207, -24.15090363], [-47.17376733, -24.15090923], [-47.17389199, -24.1508019], [-47.1739286, -24.15063969], [-47.17386478, -24.15011542], [-47.17387751, -24.14994396], [-47.1739153, -24.14984946], [-47.17411968, -24.14976531], [-47.17415047, -24.1497001], [-47.17418127, -24.1496349], [-47.17418808, -24.14956271], [-47.17412313, -24.14947641], [-47.17405812, -24.1493901], [-47.17376816, -24.1491033], [-47.17371818, -24.14892681], [-47.17370739, -24.14876872], [-47.17372252, -24.14873271], [-47.17373764, -24.14869672], [-47.17389301, -24.14852644], [-47.17403421, -24.14842823], [-47.17408739, -24.14833386], [-47.17414165, -24.14819435], [-47.17413259, -24.14772922], [-47.17420241, -24.14763046], [-47.17437668, -24.1476093], [-47.17459129, -24.14767878], [-47.17468778, -24.14774729], [-47.17490945, -24.14778521], [-47.17507377, -24.1476466], [-47.17503037, -24.14742952], [-47.17481154, -24.14716137], [-47.17478463, -24.14695347], [-47.17483462, -24.14661525], [-47.1748164, -24.14646612], [-47.17461344, -24.14621163], [-47.17430256, -24.14610976], [-47.17411221, -24.14608114], [-47.17338453, -24.14609328], [-47.17303516, -24.14603173], [-47.17284321, -24.14591281], [-47.17279006, -24.14555568], [-47.17299079, -24.14527739], [-47.17330341, -24.14500454], [-47.17345985, -24.14491552], [-47.17377168, -24.14459749], [-47.17403952, -24.14411657], [-47.17425131, -24.14345913], [-47.17434278, -24.14328378], [-47.17448969, -24.14309986], [-47.17480266, -24.14285409], [-47.17514878, -24.14273951], [-47.17551208, -24.14269279], [-47.17568664, -24.14270326], [-47.17588529, -24.14276808], [-47.17601431, -24.14290907], [-47.17604109, -24.14302008], [-47.17605691, -24.14308553], [-47.17601757, -24.14327282], [-47.17598405, -24.14343255], [-47.17577887, -24.14391851], [-47.17565251, -24.14439605], [-47.17556761, -24.14503648], [-47.17558977, -24.14519016], [-47.17561198, -24.14534385], [-47.17572529, -24.14545764], [-47.17587657, -24.14552206], [-47.17599478, -24.14550949], [-47.17629373, -24.14537647], [-47.17647329, -24.14525151], [-47.17699245, -24.14504803], [-47.17717346, -24.14503067], [-47.17733967, -24.14501471], [-47.17753017, -24.14502982], [-47.17770554, -24.14508543], [-47.17808212, -24.14538643], [-47.17841008, -24.14544873], [-47.17867819, -24.14549967], [-47.17879195, -24.14563149], [-47.17885008, -24.14630016], [-47.17891655, -24.14648582], [-47.17898052, -24.14654953], [-47.17909077, -24.1464844], [-47.17918789, -24.14646325], [-47.1792463, -24.14645053], [-47.17947289, -24.14629473], [-47.18023698, -24.14557965], [-47.1806942, -24.14504318], [-47.18085083, -24.14493893], [-47.18103943, -24.14486401], [-47.18122913, -24.14485408], [-47.18157104, -24.14494308], [-47.18173887, -24.14503547], [-47.1820519, -24.14527745], [-47.18235805, -24.14557821], [-47.18238701, -24.14566473], [-47.18241609, -24.14575162], [-47.18241905, -24.14592581], [-47.1822858, -24.14642153], [-47.1822718, -24.14658152], [-47.18230586, -24.1467336], [-47.18251206, -24.14676767], [-47.18254593, -24.14675863], [-47.18285876, -24.14667514], [-47.18322379, -24.14667714], [-47.18341411, -24.1467033], [-47.18381222, -24.1468574], [-47.18407044, -24.1471155], [-47.18408704, -24.14716582], [-47.18408975, -24.14732557], [-47.18399191, -24.14764656], [-47.18399389, -24.14776298], [-47.1841932, -24.14785492], [-47.18555386, -24.14795608], [-47.18558806, -24.14795863], [-47.18628393, -24.14791886], [-47.18664675, -24.14784866], [-47.18701105, -24.14786511], [-47.18717852, -24.14793583], [-47.187307, -24.14802788], [-47.18728455, -24.14855813], [-47.18743805, -24.14919509], [-47.18731933, -24.14967616], [-47.18739262, -24.14982046], [-47.18747317, -24.14987076], [-47.18811999, -24.14978114], [-47.18864005, -24.14964277], [-47.18902108, -24.14965897], [-47.18925175, -24.14974323], [-47.18955481, -24.15009186], [-47.18968538, -24.15071019], [-47.18991254, -24.15099221], [-47.19028613, -24.1512649], [-47.19108236, -24.15174367], [-47.19133024, -24.15185566], [-47.19138532, -24.15185487], [-47.19152782, -24.1518456], [-47.19203067, -24.15162081], [-47.19220501, -24.15163275], [-47.1922687, -24.15167516], [-47.19238171, -24.15178277], [-47.19248059, -24.15198448], [-47.19243785, -24.15230467], [-47.19232391, -24.15254644], [-47.19235074, -24.15273474], [-47.19246215, -24.15280626], [-47.19277937, -24.15283059], [-47.19289212, -24.15292286], [-47.19301289, -24.15308091], [-47.19310842, -24.15308676], [-47.19318748, -24.15304951], [-47.19327205, -24.15293184], [-47.19340159, -24.15262484], [-47.19371888, -24.15225014], [-47.19397693, -24.15203608], [-47.19453336, -24.15172294], [-47.19483297, -24.15163829], [-47.19540349, -24.15168876], [-47.19554673, -24.15172281], [-47.19577888, -24.15183592], [-47.1959145, -24.1519423], [-47.19614115, -24.15219362], [-47.19633769, -24.15258259], [-47.19642309, -24.15297406], [-47.19645389, -24.15339431], [-47.19632782, -24.15384661], [-47.19641724, -24.15401233], [-47.19677245, -24.15395666], [-47.19721023, -24.15366689], [-47.19743854, -24.15355526], [-47.19786568, -24.15356355], [-47.1979145, -24.15359896], [-47.19805651, -24.15361858], [-47.19823236, -24.15371806], [-47.19862636, -24.15403196], [-47.19883665, -24.15430427], [-47.19890334, -24.15452178], [-47.19887621, -24.15477585], [-47.1987292, -24.15498199], [-47.19837922, -24.15534273], [-47.19815499, -24.15563575], [-47.19802422, -24.15587055], [-47.19803507, -24.15604462], [-47.19810677, -24.15609505], [-47.1982494, -24.15609299], [-47.19870775, -24.1560277], [-47.19960913, -24.1559786], [-47.1999271, -24.15604623], [-47.20001565, -24.15610363], [-47.20010394, -24.15620347], [-47.20013029, -24.15636288], [-47.19997749, -24.15714959], [-47.19997435, -24.15742588], [-47.20002332, -24.15752718], [-47.20017493, -24.15759], [-47.20075684, -24.1573857], [-47.20122834, -24.15716855], [-47.20152833, -24.15710554], [-47.2016867, -24.15710326], [-47.20239799, -24.15704243], [-47.20310666, -24.15682907], [-47.20339129, -24.15678795], [-47.20381857, -24.15680434], [-47.2039783, -24.15688148], [-47.20403549, -24.15694565], [-47.20405409, -24.15711239], [-47.20391371, -24.15724532], [-47.20349656, -24.15741836], [-47.20317346, -24.1575106], [-47.20287606, -24.15766746], [-47.20277614, -24.1578648], [-47.20271755, -24.15812023], [-47.20260875, -24.15825902], [-47.20232697, -24.15840844], [-47.20229527, -24.15845313], [-47.20226503, -24.15852579], [-47.202291, -24.15866354], [-47.20233134, -24.15872073], [-47.20257064, -24.1587904], [-47.20288701, -24.15882194], [-47.20336437, -24.15894594], [-47.20366611, -24.15898492], [-47.20426638, -24.15893291], [-47.20455239, -24.15897211], [-47.20474534, -24.159093], [-47.20473747, -24.15960859], [-47.20481103, -24.15970954], [-47.20493006, -24.15976559], [-47.20507257, -24.15975631], [-47.20535584, -24.15963666], [-47.20606065, -24.15919765], [-47.2063283, -24.15908455], [-47.20665979, -24.15907975], [-47.20723182, -24.15921682], [-47.20767632, -24.15926094], [-47.20831143, -24.15934653], [-47.20862894, -24.15944395], [-47.20892431, -24.15956967], [-47.2091891, -24.15974819], [-47.20922157, -24.15980549], [-47.20925304, -24.15980504], [-47.20943152, -24.16005613], [-47.2094359, -24.16031064], [-47.20937544, -24.16045686], [-47.20924355, -24.16062579], [-47.20901036, -24.16085395], [-47.20876783, -24.16105427], [-47.20847769, -24.1612327], [-47.20789664, -24.16148757], [-47.20755492, -24.16187077], [-47.20745374, -24.16193724], [-47.20730323, -24.16193942], [-47.20716698, -24.16185472], [-47.20698961, -24.16166771], [-47.20679763, -24.16154681], [-47.20643293, -24.16150875], [-47.20600678, -24.16161693], [-47.20569339, -24.16175959], [-47.20539563, -24.16195257], [-47.20509974, -24.16225476], [-47.20472938, -24.16280448], [-47.20466892, -24.1629507], [-47.20451177, -24.1639406], [-47.20443658, -24.16420349], [-47.20422848, -24.16451885], [-47.20403375, -24.1646959], [-47.20383615, -24.16470598], [-47.20380256, -24.16464056], [-47.20381392, -24.16432804], [-47.20392812, -24.1636439], [-47.20385569, -24.16309336], [-47.20373979, -24.16281879], [-47.20368283, -24.16271038], [-47.20352973, -24.16256093], [-47.20344218, -24.16256219], [-47.20334849, -24.16260688], [-47.20324057, -24.16279711], [-47.20314325, -24.16308921], [-47.20299024, -24.16340378], [-47.20277363, -24.16368225], [-47.20253183, -24.16392588], [-47.20224192, -24.16411874], [-47.20156544, -24.16437587], [-47.20116635, -24.16462808], [-47.2008822, -24.16469809], [-47.20059754, -24.16468053], [-47.20016801, -24.16459194], [-47.19957747, -24.16429532], [-47.19936628, -24.16397157], [-47.19912063, -24.16347408], [-47.19900661, -24.16330871], [-47.19878117, -24.16307183], [-47.19859534, -24.16290749], [-47.19846044, -24.16284444], [-47.19831006, -24.16285383], [-47.19819427, -24.16304418], [-47.19816503, -24.1631755], [-47.19825978, -24.16359482], [-47.19826813, -24.1640822], [-47.19838413, -24.16442087], [-47.19852239, -24.1646229], [-47.1989398, -24.16497979], [-47.19953393, -24.16542892], [-47.19993312, -24.16564163], [-47.20066642, -24.16594341], [-47.20125833, -24.16631944], [-47.20211866, -24.16662659], [-47.2022875, -24.16671804], [-47.20241604, -24.16686875], [-47.20241742, -24.16694908], [-47.20234908, -24.16709541], [-47.20222381, -24.16719201], [-47.20145212, -24.16746405], [-47.20088442, -24.16758148], [-47.20045699, -24.16755876], [-47.20024914, -24.16743086], [-47.20014137, -24.16717062], [-47.2001184, -24.16674936], [-47.20006871, -24.16660563], [-47.20001212, -24.16651888], [-47.19986713, -24.16644153], [-47.19977993, -24.16640577], [-47.19955085, -24.1664163], [-47.19887435, -24.16667342], [-47.19857383, -24.16670664], [-47.19844631, -24.16667237], [-47.19832676, -24.16658652], [-47.19802041, -24.16627949], [-47.1979642, -24.16627217], [-47.19794797, -24.16624352], [-47.19779881, -24.16626733], [-47.1976969, -24.16634915], [-47.19743579, -24.16678804], [-47.19713809, -24.16744594], [-47.19682217, -24.16795965], [-47.19682291, -24.16800297], [-47.19655785, -24.16826859], [-47.19625968, -24.1684399], [-47.19594539, -24.16853109], [-47.1956601, -24.1685352], [-47.1952292, -24.16836717], [-47.19509516, -24.16835466], [-47.19504044, -24.16837711], [-47.19498574, -24.16845825], [-47.19498735, -24.16855211], [-47.19514133, -24.16875302], [-47.19522202, -24.16881053], [-47.19540247, -24.16917807], [-47.19548292, -24.16927892], [-47.19572273, -24.16943526], [-47.19626518, -24.16962334], [-47.1963686, -24.16968685], [-47.19645802, -24.1697948], [-47.19651833, -24.17009907], [-47.19647335, -24.17023062], [-47.19635644, -24.17035598], [-47.19622353, -24.17046713], [-47.19590974, -24.17064588], [-47.19550914, -24.17081144], [-47.19530688, -24.17101025], [-47.19533273, -24.17114078], [-47.19569381, -24.17142537], [-47.19580033, -24.17161251], [-47.19580171, -24.17169284], [-47.19572538, -24.17188984], [-47.1956483, -24.17198574], [-47.19537385, -24.17216393], [-47.19509031, -24.17227002], [-47.19460987, -24.17237083], [-47.19447609, -24.17243143], [-47.19435104, -24.17254156], [-47.19437701, -24.17267931], [-47.194902, -24.17282432], [-47.19510358, -24.17298843], [-47.19513054, -24.17318394], [-47.19509356, -24.1733226], [-47.19492892, -24.17347754], [-47.19445885, -24.17372444], [-47.19417727, -24.17394606], [-47.19387934, -24.17413181], [-47.19370843, -24.17426517], [-47.19316376, -24.17486883], [-47.19303083, -24.17497907], [-47.19286631, -24.17508345], [-47.19259161, -24.17518942], [-47.19203873, -24.17525515], [-47.19141744, -24.17506096], [-47.1911796, -24.17502104], [-47.19094939, -24.17502435], [-47.19081435, -24.17495317], [-47.19049787, -24.17451446], [-47.19031892, -24.17423446], [-47.19014969, -24.17406266], [-47.19000579, -24.1739916], [-47.18930729, -24.17388518], [-47.18921948, -24.17381422], [-47.18915529, -24.1738007], [-47.18894534, -24.17354913], [-47.18891527, -24.17317131], [-47.18894429, -24.17302645], [-47.18904089, -24.17263235], [-47.1892162, -24.17223804], [-47.18929745, -24.17192451], [-47.18929583, -24.17182974], [-47.18917407, -24.1716717], [-47.18889826, -24.17171268], [-47.18872549, -24.1717946], [-47.18846702, -24.17198699], [-47.18828334, -24.17229476], [-47.18806255, -24.17284952], [-47.18782844, -24.17302802], [-47.18748879, -24.17307623], [-47.1870606, -24.17306793], [-47.18677617, -24.17312256], [-47.18634958, -24.17315035], [-47.18620644, -24.17312351], [-47.18599847, -24.17298837], [-47.18585223, -24.17272144], [-47.18575013, -24.17233111], [-47.18558432, -24.17189745], [-47.18548643, -24.17175441], [-47.18528522, -24.17155326], [-47.18515708, -24.17148288], [-47.18507863, -24.17149845], [-47.18499267, -24.17153579], [-47.18496918, -24.17160113], [-47.18497047, -24.17213916], [-47.18493556, -24.17240056], [-47.18482123, -24.17267845], [-47.18470541, -24.17281101], [-47.18449342, -24.17295939], [-47.18430392, -24.17298377], [-47.18412407, -24.17293941], [-47.18397603, -24.17285576], [-47.18332754, -24.172392], [-47.18283984, -24.17218232], [-47.18259479, -24.17212264], [-47.18240467, -24.17211091], [-47.18221505, -24.17212807], [-47.18201977, -24.17221753], [-47.18193332, -24.17228377], [-47.18181873, -24.17254721], [-47.18182271, -24.1732441], [-47.18178928, -24.17359304], [-47.18161127, -24.17429343], [-47.18139094, -24.17481929], [-47.18136255, -24.17505983], [-47.18140362, -24.17510258], [-47.18160948, -24.17511408], [-47.1818531, -24.17503115], [-47.18241802, -24.17474681], [-47.18279617, -24.17464751], [-47.18298604, -24.17464479], [-47.18316201, -24.17469283], [-47.18335362, -24.17479209], [-47.18409889, -24.17533301], [-47.18460162, -24.17555782], [-47.18498237, -24.17561104], [-47.18517212, -24.1756011], [-47.1853615, -24.17556949], [-47.18585693, -24.17536559], [-47.18613461, -24.17537605], [-47.18633372, -24.17545354], [-47.18652092, -24.17575599], [-47.18661623, -24.17580518], [-47.18680598, -24.17579523], [-47.18718472, -24.17567334], [-47.18737435, -24.17565618], [-47.18756447, -24.17566789], [-47.18794571, -24.17574999], [-47.18808935, -24.1758057], [-47.18878731, -24.17634096], [-47.18948817, -24.17658457], [-47.18964916, -24.17673482], [-47.18973084, -24.17690788], [-47.18974466, -24.17725615], [-47.18957747, -24.1776657], [-47.18940656, -24.17785684], [-47.18914869, -24.17802755], [-47.18886872, -24.17834393], [-47.18880872, -24.17851903], [-47.18881467, -24.17886741], [-47.18877042, -24.17904228], [-47.18856902, -24.17935031], [-47.18807481, -24.17962643], [-47.18774059, -24.17993636], [-47.1875907, -24.1800333], [-47.18735507, -24.18012335], [-47.18726173, -24.18018969], [-47.18733666, -24.18042875], [-47.18751527, -24.18068799], [-47.18756792, -24.18094813], [-47.18752566, -24.18129721], [-47.18747353, -24.18147219], [-47.18736522, -24.18164166], [-47.18716195, -24.1817827], [-47.18680053, -24.18194045], [-47.18665173, -24.1820437], [-47.18592768, -24.18275102], [-47.18565581, -24.18308172], [-47.18552961, -24.18329702], [-47.18532493, -24.18364619], [-47.18516937, -24.18381543], [-47.18482677, -24.18409659], [-47.18471155, -24.18432303], [-47.18481561, -24.18442355], [-47.18519649, -24.18448309], [-47.18537274, -24.18454646], [-47.18556058, -24.18494279], [-47.18570299, -24.18492631], [-47.18585105, -24.18477884], [-47.18587466, -24.18472072], [-47.18602893, -24.18407213], [-47.18639458, -24.18373159], [-47.18651232, -24.18362193], [-47.18679982, -24.18328378], [-47.18696386, -24.18315053], [-47.18726908, -24.18298636], [-47.18753079, -24.1829826], [-47.18779386, -24.18305917], [-47.1878878, -24.18302803], [-47.18805489, -24.18261216], [-47.18825878, -24.18250722], [-47.18841656, -24.18246885], [-47.18881449, -24.18214355], [-47.18900363, -24.1820975], [-47.18977027, -24.18198448], [-47.18998928, -24.18184321], [-47.19010435, -24.18160864], [-47.19019073, -24.18107747], [-47.19022893, -24.18106699], [-47.19028758, -24.18081338], [-47.19045757, -24.18039476], [-47.19054062, -24.18024461], [-47.19075925, -24.18008168], [-47.19094753, -24.17998508], [-47.19112966, -24.17998969], [-47.19132163, -24.1801097], [-47.19163949, -24.18062783], [-47.19185356, -24.18111947], [-47.19200719, -24.18129872], [-47.19214261, -24.18139156], [-47.19230972, -24.18138103], [-47.19250028, -24.1809576], [-47.19264783, -24.18078124], [-47.19283511, -24.18062598], [-47.19320264, -24.18036611], [-47.19357967, -24.1802009], [-47.19386163, -24.18000094], [-47.1938895, -24.17978929], [-47.19375913, -24.17958895], [-47.19273684, -24.17908005], [-47.19249701, -24.17892372], [-47.19233601, -24.17877346], [-47.19219825, -24.17860121], [-47.19210869, -24.17842827], [-47.19205062, -24.17825487], [-47.19207126, -24.17808034], [-47.19212436, -24.17796312], [-47.19215584, -24.17796266], [-47.19236586, -24.17775652], [-47.19292965, -24.17740716], [-47.19311803, -24.17731689], [-47.19317097, -24.17730406], [-47.19330815, -24.17727082], [-47.19349778, -24.17725364], [-47.19368815, -24.17727979], [-47.19477164, -24.17768579], [-47.19516787, -24.17772341], [-47.19522332, -24.1776856], [-47.19527742, -24.17762704], [-47.19520998, -24.17736621], [-47.19471228, -24.17651666], [-47.19458728, -24.17616999], [-47.19455281, -24.17599625], [-47.19457047, -24.17564753], [-47.19460781, -24.17547186], [-47.19470728, -24.17530431], [-47.19487118, -24.17516383], [-47.19505943, -24.17506633], [-47.19524806, -24.17499139], [-47.19581531, -24.1748451], [-47.19604414, -24.17476146], [-47.19627889, -24.17462085], [-47.19645102, -24.17450192], [-47.19667761, -24.17428741], [-47.19682465, -24.17408216], [-47.19701056, -24.17390525], [-47.19751923, -24.17355667], [-47.1977302, -24.17334961], [-47.19803015, -24.17282258], [-47.19831826, -24.17212149], [-47.19854601, -24.17094101], [-47.19874432, -24.1708569], [-47.19885141, -24.17084723], [-47.19977816, -24.17095212], [-47.1999207, -24.17094374], [-47.20026021, -24.17088829], [-47.20060671, -24.17078127], [-47.20095308, -24.17060926], [-47.20117193, -24.17046076], [-47.20156029, -24.17004078], [-47.20204371, -24.16959867], [-47.20219948, -24.16950163], [-47.20253024, -24.16939484], [-47.20268862, -24.16939255], [-47.20279253, -24.16942716], [-47.20284998, -24.16950668], [-47.202842, -24.16955735], [-47.20279752, -24.16971778], [-47.2024836, -24.17034702], [-47.20181313, -24.17233195], [-47.20182324, -24.17246271], [-47.20199974, -24.17259828], [-47.20227941, -24.17272514], [-47.20238495, -24.17285452], [-47.20237746, -24.17293407], [-47.20235634, -24.17307972], [-47.202288, -24.17322605], [-47.20186165, -24.17372602], [-47.20175385, -24.17392348], [-47.20169252, -24.17407693], [-47.20172651, -24.17422269], [-47.20183867, -24.17427884], [-47.2024099, -24.17436538], [-47.2026973, -24.174484], [-47.20269781, -24.17451379], [-47.20274516, -24.17452033], [-47.20293013, -24.17469098], [-47.2031261, -24.17498606], [-47.20320242, -24.17530454], [-47.20317867, -24.17575536], [-47.20302777, -24.17619357], [-47.2028049, -24.17656693], [-47.20280103, -24.1767999], [-47.20291458, -24.17699415], [-47.20317976, -24.17719344], [-47.2035414, -24.17756647], [-47.2036527, -24.17757208], [-47.20370739, -24.17749095], [-47.20379086, -24.17685059], [-47.20394951, -24.17640504], [-47.20416688, -24.17616988], [-47.20448116, -24.17601999], [-47.20483804, -24.17605816], [-47.20506275, -24.17619304], [-47.20568233, -24.17680156], [-47.20616874, -24.17744812], [-47.20629605, -24.17752662], [-47.20642283, -24.17751756], [-47.20653037, -24.17730476], [-47.20658509, -24.1768246], [-47.20670875, -24.17663414], [-47.20689575, -24.17646442], [-47.20694186, -24.17639875], [-47.20694847, -24.17632553], [-47.20689102, -24.17618915], [-47.20671538, -24.17610412], [-47.20609494, -24.17596054], [-47.20590306, -24.17584686], [-47.20570944, -24.17563119], [-47.20565823, -24.17539992], [-47.20567122, -24.17523994], [-47.20579264, -24.17491861], [-47.20596127, -24.17459659], [-47.20601087, -24.1742763], [-47.20588784, -24.17404607], [-47.20549124, -24.17398591], [-47.20479623, -24.17408353], [-47.2045022, -24.17403723], [-47.20430206, -24.17384332], [-47.20424361, -24.17370604], [-47.20418341, -24.1729513], [-47.2040308, -24.17237303], [-47.20383945, -24.17183143], [-47.20381984, -24.17160602], [-47.20386944, -24.17128573], [-47.20402821, -24.1708474], [-47.20441143, -24.1700718], [-47.20510346, -24.1688855], [-47.20538289, -24.16814029], [-47.20553867, -24.16752867], [-47.20561561, -24.16736777], [-47.20573041, -24.16717743], [-47.20598721, -24.16689025], [-47.20614285, -24.16678598], [-47.20631585, -24.16671848], [-47.20648985, -24.16670874], [-47.20662536, -24.16675011], [-47.20674801, -24.16695868], [-47.20677436, -24.16711809], [-47.20676149, -24.16774299], [-47.20663384, -24.1686169], [-47.20658948, -24.16924135], [-47.20657923, -24.16956108], [-47.20663845, -24.16980035], [-47.20671828, -24.1698651], [-47.20690888, -24.1698479], [-47.20708174, -24.16977227], [-47.20708125, -24.16974339], [-47.20744773, -24.16942573], [-47.2076121, -24.16931411], [-47.20776949, -24.16925406], [-47.20793587, -24.16925887], [-47.20801568, -24.16932271], [-47.20819243, -24.16947272], [-47.20830622, -24.16962364], [-47.20865185, -24.17038146], [-47.20883671, -24.1705458], [-47.20897837, -24.17054374], [-47.20903395, -24.17051405], [-47.20933534, -24.17007365], [-47.20944764, -24.169738], [-47.20944849, -24.16927307], [-47.20929209, -24.16847639], [-47.20927897, -24.16817145], [-47.20932356, -24.16756054], [-47.20945008, -24.16707934], [-47.20961082, -24.16675743], [-47.20979671, -24.16658141], [-47.20995334, -24.16647712], [-47.21022899, -24.16637112], [-47.21044258, -24.16637524], [-47.21062654, -24.16643035], [-47.21073885, -24.1665524], [-47.21080554, -24.16671122], [-47.21091335, -24.16702924], [-47.21104028, -24.16794279], [-47.21116582, -24.1683761], [-47.21148798, -24.16914148], [-47.21157867, -24.16977932], [-47.21155545, -24.17025902], [-47.21147792, -24.17084152], [-47.21153851, -24.17116022], [-47.21166017, -24.17131102], [-47.21173975, -24.17136042], [-47.2118117, -24.1713675], [-47.2119692, -24.17131376], [-47.21223662, -24.17078718], [-47.21247894, -24.1706311], [-47.21265257, -24.17059969], [-47.21282669, -24.17059717], [-47.21317605, -24.17065709], [-47.21332733, -24.17069913], [-47.21359937, -24.17083962], [-47.2139525, -24.17111796], [-47.21439557, -24.17153311], [-47.21460344, -24.17166099], [-47.21473022, -24.17165193], [-47.21477568, -24.17154926], [-47.21480577, -24.17146848], [-47.21479377, -24.17122942], [-47.21458501, -24.1705933], [-47.214395, -24.17013114], [-47.21348635, -24.16885159], [-47.21297895, -24.16790022], [-47.2126258, -24.16716418], [-47.21254996, -24.16687459], [-47.21246714, -24.16623664], [-47.21249586, -24.16607644], [-47.21259654, -24.16592331], [-47.21286919, -24.16570089], [-47.21315385, -24.16566065], [-47.21350446, -24.16579368], [-47.21368869, -24.165921], [-47.21396336, -24.16621492], [-47.2141902, -24.16653121], [-47.21446801, -24.16700654], [-47.21511088, -24.16850841], [-47.21523279, -24.16867365], [-47.21546588, -24.16889505], [-47.21568136, -24.16900838], [-47.21579289, -24.16902842], [-47.21628415, -24.16904295], [-47.21694779, -24.16901163], [-47.21764615, -24.16911071], [-47.2179504, -24.16923628], [-47.21816678, -24.16940105], [-47.21825472, -24.16947921], [-47.2183539, -24.16969533], [-47.21853882, -24.17031735], [-47.21878993, -24.17067028], [-47.21931695, -24.17093163], [-47.21933331, -24.1709675], [-47.21956491, -24.17110225], [-47.21966046, -24.17110808], [-47.21986417, -24.17099588], [-47.21986216, -24.17087946], [-47.21974645, -24.17056157], [-47.21904737, -24.169511], [-47.21891544, -24.16922224], [-47.21883122, -24.16890389], [-47.21853854, -24.16848024], [-47.21850694, -24.16847348], [-47.21842373, -24.16827067], [-47.21839511, -24.1679813], [-47.2184453, -24.1676971], [-47.21860804, -24.16749161], [-47.21889679, -24.16723283], [-47.2191707, -24.1670835], [-47.21957425, -24.1670343], [-47.21974837, -24.16703176], [-47.21992324, -24.16707255], [-47.22001955, -24.1671226], [-47.22038844, -24.16745847], [-47.22053208, -24.16751416], [-47.22068246, -24.16750474], [-47.22075377, -24.16747482], [-47.22078871, -24.16721973], [-47.22084903, -24.16706629], [-47.22099005, -24.16697035], [-47.22153576, -24.16694795], [-47.22166089, -24.16684412], [-47.2216906, -24.16674167], [-47.22160662, -24.16643777], [-47.22144272, -24.16612058], [-47.22102211, -24.16558235], [-47.22087507, -24.16532991], [-47.22070741, -24.16479521], [-47.22067429, -24.16470091], [-47.22043147, -24.1644291], [-47.22036703, -24.16440115], [-47.22004975, -24.1643182], [-47.21925776, -24.16432251], [-47.21882222, -24.16428552], [-47.2186376, -24.16413564], [-47.21865957, -24.16404053], [-47.21875988, -24.16392352], [-47.21891636, -24.16381201], [-47.21960716, -24.16347515], [-47.22076692, -24.16277578], [-47.22115185, -24.16261761], [-47.22156011, -24.16238597], [-47.22208403, -24.16201543], [-47.2224573, -24.16163896], [-47.22278873, -24.16111866], [-47.22306009, -24.16076624], [-47.22328173, -24.16032698], [-47.22338785, -24.16003474], [-47.22358747, -24.15923289], [-47.22372697, -24.15814123], [-47.22385409, -24.15775481], [-47.22410297, -24.15746861], [-47.22414219, -24.15746082], [-47.22428657, -24.15755982], [-47.22432194, -24.15778409], [-47.22435673, -24.15933813], [-47.22427823, -24.15980419], [-47.22415889, -24.16024196], [-47.22393188, -24.16082575], [-47.22369703, -24.16146832], [-47.22362707, -24.16242807], [-47.22356565, -24.16257431], [-47.22350773, -24.16286584], [-47.22347593, -24.16330233], [-47.22352704, -24.16352637], [-47.22359913, -24.16359844], [-47.22375738, -24.16358892], [-47.2238594, -24.1635143], [-47.22396067, -24.16339637], [-47.22419807, -24.16295778], [-47.22455404, -24.1620372], [-47.22492558, -24.16132084], [-47.22539664, -24.16041258], [-47.22577621, -24.15949165], [-47.22588925, -24.15869106], [-47.22589461, -24.15763837], [-47.22599207, -24.15718738], [-47.22611851, -24.15698964], [-47.22631594, -24.15685676], [-47.22666134, -24.15669012], [-47.22707133, -24.15656046], [-47.22717387, -24.15654452], [-47.22727641, -24.15652857], [-47.22768756, -24.15652257], [-47.22786353, -24.15657055], [-47.22805766, -24.15681507], [-47.22810663, -24.15691547], [-47.22810814, -24.15700301], [-47.22792952, -24.15855926], [-47.2278282, -24.15912767], [-47.22769221, -24.16087287], [-47.22762006, -24.16125128], [-47.22752005, -24.16144141], [-47.22733512, -24.16172758], [-47.22715019, -24.16201374], [-47.22695115, -24.162394], [-47.22687066, -24.16280232], [-47.22691943, -24.16328819], [-47.22682918, -24.16358742], [-47.22644841, -24.16398477], [-47.22597933, -24.16434008], [-47.22592576, -24.16442843], [-47.22586836, -24.16480662], [-47.2258087, -24.16499707], [-47.22562324, -24.16525345], [-47.22485521, -24.1661295], [-47.2244827, -24.16660708], [-47.22446935, -24.16674539], [-47.224622, -24.16686684], [-47.22496261, -24.16687632], [-47.22523664, -24.1667342], [-47.22564402, -24.16645201], [-47.22605119, -24.16621405], [-47.22649155, -24.16601805], [-47.2275506, -24.16592314], [-47.22816423, -24.16573272], [-47.22857235, -24.16549384], [-47.22898088, -24.1653353], [-47.22916312, -24.16534708], [-47.2293465, -24.16542475], [-47.22939595, -24.16549624], [-47.22945457, -24.16569851], [-47.22943425, -24.16588838], [-47.22935747, -24.16605651], [-47.22912342, -24.16623417], [-47.22822056, -24.1666536], [-47.22782842, -24.16690669], [-47.22764121, -24.16706199], [-47.22753318, -24.16718724], [-47.22744216, -24.16744225], [-47.2273718, -24.16792354], [-47.22742065, -24.16801671], [-47.22754043, -24.16805829], [-47.22859384, -24.16769444], [-47.22887924, -24.16769749], [-47.22911043, -24.16775188], [-47.22927995, -24.16793808], [-47.22946089, -24.16832813], [-47.22951138, -24.16851607], [-47.22959993, -24.1690817], [-47.22966778, -24.16930549], [-47.22964222, -24.16964711], [-47.22954983, -24.16982269], [-47.22931417, -24.16996426], [-47.22887426, -24.17013048], [-47.22871778, -24.170242], [-47.22857967, -24.17050491], [-47.22847581, -24.17087024], [-47.2282239, -24.17098315], [-47.22801868, -24.17100782], [-47.22790065, -24.17106732], [-47.22792952, -24.17131335], [-47.22805835, -24.17147938], [-47.22830731, -24.17164997], [-47.22855694, -24.17191534], [-47.22874396, -24.17220239], [-47.22879216, -24.17220169], [-47.22888988, -24.17238893], [-47.22905858, -24.17281076], [-47.22914206, -24.1732546], [-47.22913619, -24.1734262], [-47.22905862, -24.17354921], [-47.22883086, -24.17374934], [-47.22808195, -24.17391466], [-47.22787024, -24.17401976], [-47.22756003, -24.17423193], [-47.22737904, -24.17429235], [-47.22718942, -24.17430957], [-47.22680919, -24.17428623], [-47.22649839, -24.17418154], [-47.22632024, -24.17395214], [-47.22625451, -24.17379331], [-47.2261332, -24.17366418], [-47.22597419, -24.17363039], [-47.22587964, -24.17368233], [-47.22549873, -24.17407337], [-47.22517711, -24.17425229], [-47.22517886, -24.17435337], [-47.22524495, -24.17447609], [-47.22538838, -24.174576], [-47.22591441, -24.17477866], [-47.22621784, -24.17491235], [-47.22629865, -24.17497617], [-47.22642795, -24.17511241], [-47.22657366, -24.17534319], [-47.2265792, -24.17566268], [-47.22647006, -24.17578073], [-47.22629605, -24.17579049], [-47.22588282, -24.17568007], [-47.22574915, -24.17568925], [-47.22550585, -24.17584537], [-47.22525695, -24.17613246], [-47.22514777, -24.17619183], [-47.2247368, -24.17621228], [-47.22436034, -24.17640645], [-47.22436096, -24.17644255], [-47.22432875, -24.17645746], [-47.22433776, -24.17652323], [-47.22439611, -24.17665328], [-47.22457063, -24.17673017], [-47.22477012, -24.1767715], [-47.22490703, -24.17689227], [-47.22498812, -24.17702921], [-47.22508457, -24.17708648], [-47.22557907, -24.17688968], [-47.22582554, -24.17691588], [-47.22588151, -24.17696561], [-47.22612487, -24.17726719], [-47.22620635, -24.17742579], [-47.22643904, -24.17807598], [-47.22656715, -24.1785968], [-47.22671334, -24.17879869], [-47.22675682, -24.17880888], [-47.22680029, -24.17881908], [-47.22695754, -24.17875088], [-47.2272235, -24.17808618], [-47.2273558, -24.17787469], [-47.22743893, -24.1777418], [-47.22749985, -24.17756667], [-47.22759149, -24.17649738], [-47.22779055, -24.17611712], [-47.22794679, -24.17599116], [-47.22829252, -24.17584076], [-47.22865564, -24.1757849], [-47.2290134, -24.17587355], [-47.22908186, -24.17593439], [-47.22915032, -24.17599523], [-47.22932654, -24.1765659], [-47.22949094, -24.17736243], [-47.22960479, -24.17757201], [-47.22967749, -24.1776215], [-47.22974045, -24.17762058], [-47.22974782, -24.17759158], [-47.22979492, -24.17758367], [-47.22979441, -24.17755479], [-47.22996713, -24.17741414], [-47.23002731, -24.17725347], [-47.23002176, -24.17693398], [-47.23010505, -24.17674409], [-47.23023857, -24.17666991], [-47.23058631, -24.17663503], [-47.23068873, -24.17658298], [-47.23073455, -24.17650197], [-47.23073305, -24.17641532], [-47.23050652, -24.17612073], [-47.23046124, -24.17578015], [-47.23052282, -24.17569981], [-47.23077615, -24.17572499], [-47.231208, -24.17594345], [-47.23154164, -24.17600357], [-47.23161159, -24.17595199], [-47.2316494, -24.17580609], [-47.2315648, -24.17552477], [-47.23158172, -24.17547939], [-47.23154347, -24.17531655], [-47.23147008, -24.17517048], [-47.23131596, -24.17502197], [-47.23113128, -24.17458774], [-47.2311503, -24.17443671], [-47.23125947, -24.17432046], [-47.23140499, -24.17425694], [-47.23179646, -24.1742476], [-47.23243145, -24.17437823], [-47.23313175, -24.17458643], [-47.23347988, -24.17457411], [-47.23401622, -24.17446424], [-47.2343967, -24.174502], [-47.23467577, -24.17459269], [-47.23484406, -24.17457098], [-47.23486526, -24.17456825], [-47.23493593, -24.17450131], [-47.23493982, -24.17443348], [-47.234948, -24.1742908], [-47.23482697, -24.17372564], [-47.23479498, -24.17369722], [-47.23479119, -24.17347972], [-47.23483536, -24.17330394], [-47.23498895, -24.17302635], [-47.2352541, -24.17282656], [-47.23560815, -24.17264624], [-47.23573993, -24.17252875], [-47.23573093, -24.17246389], [-47.23559387, -24.172335], [-47.2352577, -24.17212959], [-47.23503231, -24.17189998], [-47.23488789, -24.17180009], [-47.23462456, -24.17168072], [-47.23436123, -24.17156136], [-47.23406261, -24.17119471], [-47.23390691, -24.17089908], [-47.23387543, -24.17089954], [-47.23385843, -24.17082757], [-47.23374499, -24.17069833], [-47.23340946, -24.17052902], [-47.23245439, -24.17026767], [-47.23215208, -24.1701412], [-47.23201541, -24.17003397], [-47.23194268, -24.1699258], [-47.2319112, -24.16992626], [-47.23182874, -24.16976768], [-47.23185656, -24.16955693], [-47.23193409, -24.16943212], [-47.23223958, -24.16923175], [-47.23234938, -24.16920848], [-47.2325131, -24.16906074], [-47.23257463, -24.16892171], [-47.23254524, -24.1686459], [-47.23251949, -24.1685235], [-47.23231259, -24.16822502], [-47.23210568, -24.16792653], [-47.23203817, -24.16766572], [-47.2320656, -24.16743241], [-47.23214141, -24.16726519], [-47.23222633, -24.16716916], [-47.23230538, -24.16713189], [-47.2327055, -24.16707544], [-47.23282658, -24.16705836], [-47.23317571, -24.1671047], [-47.23353408, -24.16723035], [-47.23390197, -24.16744975], [-47.23431335, -24.16785086], [-47.23480194, -24.16822105], [-47.23555544, -24.16916872], [-47.2357297, -24.16923116], [-47.23573809, -24.16926083], [-47.23634938, -24.1693313], [-47.23670777, -24.16945694], [-47.23705307, -24.16973534], [-47.23715128, -24.16989369], [-47.23727948, -24.1700227], [-47.23736791, -24.17007196], [-47.23745448, -24.17007069], [-47.23767426, -24.16992212], [-47.23781158, -24.16961498], [-47.2379134, -24.16913412], [-47.23789135, -24.16832107], [-47.2379365, -24.16814527], [-47.23810305, -24.16776548], [-47.23817297, -24.16765612], [-47.23848656, -24.16747007], [-47.23892973, -24.16749245], [-47.23911247, -24.1675331], [-47.23934595, -24.16771834], [-47.23962794, -24.16803377], [-47.2397264, -24.16820656], [-47.23985913, -24.16853862], [-47.23999341, -24.16901601], [-47.24000407, -24.16917564], [-47.23993652, -24.16981578], [-47.23991874, -24.17015005], [-47.23994844, -24.17049808], [-47.2400675, -24.17100548], [-47.24025605, -24.17132228], [-47.24064185, -24.17211554], [-47.24085086, -24.17275884], [-47.24087626, -24.17286047], [-47.24083741, -24.17288993], [-47.24092639, -24.17302674], [-47.24095989, -24.1731418], [-47.24102205, -24.17348935], [-47.24101976, -24.17380896], [-47.2411189, -24.17407652], [-47.24119011, -24.17408309], [-47.24125392, -24.17408897], [-47.24138718, -24.17400035], [-47.24161931, -24.17371348], [-47.24174063, -24.17339212], [-47.24176907, -24.17321747], [-47.24176297, -24.1728682], [-47.24183877, -24.17270098], [-47.24194053, -24.17261191], [-47.24241427, -24.1725246], [-47.24245133, -24.17239316], [-47.24238558, -24.17223434], [-47.24238279, -24.17207459], [-47.24269909, -24.17164926], [-47.2426709, -24.17138788], [-47.24251529, -24.17104171], [-47.24222341, -24.17066865], [-47.24181212, -24.17027479], [-47.24169472, -24.16986306], [-47.24171732, -24.16980495], [-47.24181949, -24.16979532], [-47.24197851, -24.16982999], [-47.24224994, -24.16993433], [-47.24255528, -24.17017719], [-47.2426676, -24.17029831], [-47.24315785, -24.17115593], [-47.24351158, -24.17152085], [-47.24372606, -24.17157547], [-47.24422568, -24.1715618], [-47.24450474, -24.17165157], [-47.24473897, -24.1719352], [-47.24482485, -24.17200706], [-47.24490453, -24.17200588], [-47.24497014, -24.17193179], [-47.24500363, -24.17182117], [-47.244995, -24.17160915], [-47.24496943, -24.17138474], [-47.24486248, -24.17112091], [-47.24473863, -24.17067858], [-47.24465202, -24.17056521], [-47.24416524, -24.17035662], [-47.24393209, -24.17013436], [-47.24372143, -24.16984768], [-47.24368884, -24.16984094], [-47.24365292, -24.16975191], [-47.24359833, -24.16961659], [-47.24355505, -24.16939244], [-47.24351495, -24.1693497], [-47.2435928, -24.16890621], [-47.24376666, -24.16843873], [-47.24373453, -24.16812054], [-47.24363371, -24.16792613], [-47.24340271, -24.16771377], [-47.2428829, -24.16747226], [-47.24256671, -24.16722775], [-47.2425077, -24.16700384], [-47.24246759, -24.16651062], [-47.24220784, -24.16617321], [-47.2420553, -24.16605899], [-47.24186394, -24.16597515], [-47.24167294, -24.16591205], [-47.24129197, -24.16584543], [-47.24118881, -24.16585417], [-47.24082941, -24.16566988], [-47.24065924, -24.16544759], [-47.24057124, -24.16525389], [-47.24050927, -24.16497315], [-47.2405424, -24.16484176], [-47.24084021, -24.16459816], [-47.24117133, -24.16445878], [-47.24134881, -24.16442367], [-47.24187938, -24.16449351], [-47.2425503, -24.16471204], [-47.24324109, -24.16510992], [-47.24362258, -24.16515035], [-47.24382838, -24.16510308], [-47.24392117, -24.16500783], [-47.2438775, -24.16476112], [-47.24388258, -24.16460126], [-47.24406709, -24.16429342], [-47.24423917, -24.16417443], [-47.24458499, -24.16403212], [-47.24510528, -24.16390801], [-47.24522176, -24.16376095], [-47.24512418, -24.16318824], [-47.24515917, -24.1628826], [-47.24525639, -24.16259048], [-47.24566473, -24.16191644], [-47.24589848, -24.16127385], [-47.24616152, -24.16089985], [-47.2463005, -24.16074524], [-47.24673853, -24.16041921], [-47.24691087, -24.16031557], [-47.24725742, -24.16021567], [-47.24760588, -24.16022498], [-47.24776525, -24.16028041], [-47.24796654, -24.16048146], [-47.24833087, -24.16094732], [-47.24859206, -24.16142283], [-47.24880792, -24.16195046], [-47.24889665, -24.16207283], [-47.24901595, -24.16214329], [-47.24915919, -24.16211951], [-47.24923698, -24.1620669], [-47.24932553, -24.16167381], [-47.24939302, -24.16103367], [-47.24938742, -24.16071418], [-47.24900389, -24.15960134], [-47.24899665, -24.15918799], [-47.249164, -24.15880005], [-47.24938822, -24.15851328], [-47.24947793, -24.15843928], [-47.24956764, -24.15836529], [-47.25026697, -24.15807241], [-47.2503632, -24.15800599], [-47.25074081, -24.1576796], [-47.25131204, -24.15718584], [-47.25184417, -24.15689723], [-47.25211723, -24.15687153], [-47.25227118, -24.15689815], [-47.25237563, -24.15696341], [-47.25262226, -24.15722517], [-47.25262716, -24.15750495], [-47.25256562, -24.15769814], [-47.25244897, -24.15789125], [-47.25172195, -24.15862418], [-47.25141137, -24.15920381], [-47.25133719, -24.15957413], [-47.25135799, -24.16031136], [-47.25141627, -24.16088555], [-47.25151126, -24.16125247], [-47.2516105, -24.1614135], [-47.25186389, -24.16166794], [-47.25194558, -24.16172541], [-47.25204998, -24.16173109], [-47.25216786, -24.16155241], [-47.25215494, -24.16081597], [-47.25228817, -24.16061449], [-47.25251772, -24.16046395], [-47.25267818, -24.16046881], [-47.25286512, -24.16052472], [-47.25305953, -24.1606699], [-47.25329859, -24.1610049], [-47.25336649, -24.16117361], [-47.25362175, -24.16144641], [-47.25365226, -24.16147903], [-47.25378099, -24.1614699], [-47.25386874, -24.16142437], [-47.25405766, -24.16120041], [-47.25413494, -24.16100698], [-47.254217, -24.16063745], [-47.25433715, -24.1596914], [-47.25444282, -24.15932152], [-47.25468418, -24.15889096], [-47.25499999, -24.15855408], [-47.25513218, -24.15829394], [-47.25516915, -24.15810201], [-47.25525358, -24.15792382], [-47.25537108, -24.15772348], [-47.25553668, -24.15757298], [-47.25574365, -24.15748145], [-47.25593847, -24.15753815], [-47.25611647, -24.15764565], [-47.25632024, -24.15781958], [-47.25636251, -24.15792999], [-47.25641109, -24.15795094], [-47.25657101, -24.15831689], [-47.25665404, -24.15850704], [-47.25680267, -24.15873414], [-47.25739625, -24.15931123], [-47.25745668, -24.15955859], [-47.25753071, -24.15968388], [-47.25785053, -24.16002309], [-47.25815895, -24.16021713], [-47.25846921, -24.16029197], [-47.25891169, -24.16033236], [-47.2590819, -24.16038852], [-47.25923618, -24.16048914], [-47.25929479, -24.16057674], [-47.25932887, -24.16072429], [-47.25920096, -24.1612272], [-47.25915631, -24.16187694], [-47.25907167, -24.16209936], [-47.25891561, -24.16234451], [-47.25869386, -24.1625473], [-47.25850315, -24.16266838], [-47.25826346, -24.16274596], [-47.25803793, -24.16273395], [-47.25779649, -24.16265628], [-47.25755023, -24.16241619], [-47.25724521, -24.16191246], [-47.25708827, -24.16171618], [-47.25697471, -24.16163661], [-47.2565733, -24.16169401], [-47.25644573, -24.16176902], [-47.25621878, -24.16206758], [-47.25610556, -24.16251159], [-47.25609734, -24.16293961], [-47.25603167, -24.16334592], [-47.25576478, -24.16366763], [-47.25531931, -24.16396129], [-47.25503439, -24.16420925], [-47.25474277, -24.1645232], [-47.25463632, -24.16484886], [-47.25462381, -24.1650332], [-47.25475415, -24.1651712], [-47.25507673, -24.16521879], [-47.25554123, -24.16516768], [-47.2564856, -24.16493254], [-47.25696773, -24.16493262], [-47.25714582, -24.16498867], [-47.25734146, -24.16514736], [-47.25745849, -24.1653677], [-47.25746997, -24.16557336], [-47.25737207, -24.16593681], [-47.25710378, -24.16623507], [-47.25662533, -24.16650034], [-47.25569988, -24.16686068], [-47.25451592, -24.16718062], [-47.25378221, -24.16747854], [-47.25370259, -24.16753929], [-47.2536201, -24.16763259], [-47.25353761, -24.16772589], [-47.25343722, -24.16794855], [-47.25325568, -24.16859308], [-47.25309903, -24.16869378], [-47.25303287, -24.1687363], [-47.2530168, -24.16877355], [-47.25279317, -24.16881386], [-47.25211427, -24.1687598], [-47.25179694, -24.16861915], [-47.25135672, -24.16837288], [-47.25076584, -24.16823175], [-47.2503699, -24.16809677], [-47.25026001, -24.16805867], [-47.25009921, -24.16792292], [-47.24993601, -24.16764999], [-47.24978359, -24.16754301], [-47.24968916, -24.1675444], [-47.24961263, -24.16766921], [-47.24961669, -24.16790115], [-47.2497015, -24.16824836], [-47.24964845, -24.1683656], [-47.24949313, -24.16854212], [-47.24949454, -24.16862244], [-47.24954277, -24.16867951], [-47.24965384, -24.16872932], [-47.25008935, -24.16876352], [-47.25036388, -24.16881995], [-47.25036883, -24.16882168], [-47.25061396, -24.16888487], [-47.25115278, -24.16919919], [-47.25168073, -24.16956694], [-47.25204584, -24.16973848], [-47.25215309, -24.16990661], [-47.25216698, -24.17019348], [-47.25221881, -24.17039944], [-47.25229979, -24.17047227], [-47.25241981, -24.1704705], [-47.2526439, -24.17040038], [-47.25290602, -24.17019791], [-47.25322915, -24.16988349], [-47.25331313, -24.16990301], [-47.25351259, -24.16978614], [-47.25358972, -24.16974094], [-47.25432616, -24.16948541], [-47.25457948, -24.16945458], [-47.25477308, -24.16949686], [-47.25511495, -24.16963353], [-47.25520429, -24.16970623], [-47.25529363, -24.16977894], [-47.25545761, -24.16998324], [-47.25554164, -24.17017338], [-47.25556888, -24.1703797], [-47.25552767, -24.17077842], [-47.2555101, -24.17082967], [-47.25531427, -24.17140086], [-47.255096, -24.17180219], [-47.25493477, -24.17220269], [-47.25488496, -24.17261598], [-47.25495265, -24.17321981], [-47.25494743, -24.17342662], [-47.25483363, -24.17378218], [-47.25441428, -24.17416482], [-47.25416708, -24.17426417], [-47.25408758, -24.17433215], [-47.25393734, -24.17451763], [-47.25380586, -24.17476331], [-47.25353666, -24.17501103], [-47.25340438, -24.17504278], [-47.25325445, -24.17519033], [-47.25323712, -24.17538017], [-47.25350411, -24.1755667], [-47.25376279, -24.17556016], [-47.25451625, -24.17543167], [-47.25479011, -24.17544928], [-47.25519316, -24.17553901], [-47.25545259, -24.17563086], [-47.25576131, -24.17584024], [-47.25591802, -24.17602208], [-47.2560178, -24.17621289], [-47.25604478, -24.17640387], [-47.25599994, -24.17659591], [-47.25571595, -24.17734578], [-47.25503866, -24.17766544], [-47.25462483, -24.1779144], [-47.25446823, -24.17813067], [-47.25450308, -24.17832153], [-47.25456943, -24.1784018], [-47.25485885, -24.17846432], [-47.2550684, -24.17846122], [-47.25546873, -24.17839571], [-47.2558683, -24.17828689], [-47.25647455, -24.17801251], [-47.25689007, -24.17785921], [-47.25748349, -24.17780619], [-47.25769381, -24.17784731], [-47.2579293, -24.17797652], [-47.25808475, -24.17814303], [-47.25811626, -24.17819143], [-47.25818901, -24.17830319], [-47.25820814, -24.17833258], [-47.25833564, -24.17869991], [-47.2584343, -24.17927349], [-47.25833989, -24.17983549], [-47.25837863, -24.18024747], [-47.25844466, -24.18036475], [-47.25855096, -24.18042185], [-47.25871893, -24.18040492], [-47.25892607, -24.18032061], [-47.25934015, -24.18008607], [-47.2595369, -24.18002064], [-47.25954755, -24.1800171], [-47.25975696, -24.18000587], [-47.25996617, -24.18003978], [-47.26019882, -24.18000744], [-47.26031852, -24.17993164], [-47.26042819, -24.17978919], [-47.26039399, -24.17963533], [-47.26035275, -24.17958448], [-47.26021341, -24.1794394], [-47.25999339, -24.17929507], [-47.25977338, -24.17915073], [-47.25946153, -24.17876447], [-47.25941136, -24.17865418], [-47.2593488, -24.17828679], [-47.2592736, -24.17809562], [-47.25913298, -24.17787744], [-47.25883751, -24.17752704], [-47.25876134, -24.17733679], [-47.25874901, -24.17663644], [-47.25882904, -24.17659915], [-47.25916836, -24.17625469], [-47.25950638, -24.17583622], [-47.25959993, -24.17567235], [-47.25960581, -24.17550345], [-47.2594973, -24.1753209], [-47.25935086, -24.17521925], [-47.25900675, -24.17529115], [-47.25892052, -24.17532837], [-47.25859951, -24.1754669], [-47.25839146, -24.17549887], [-47.25819879, -24.17550985], [-47.25782846, -24.17543409], [-47.25758347, -24.17526801], [-47.25707543, -24.17469236], [-47.25695992, -24.17450269], [-47.25683244, -24.17413626], [-47.25678536, -24.17375329], [-47.25685141, -24.17336865], [-47.25701387, -24.17298258], [-47.25713978, -24.17242102], [-47.25714552, -24.172244], [-47.25695998, -24.17131782], [-47.2570048, -24.17112488], [-47.25715142, -24.17087002], [-47.25723109, -24.17073154], [-47.25738883, -24.17058116], [-47.25753188, -24.17049057], [-47.25780613, -24.17053074], [-47.25803348, -24.17064563], [-47.25827157, -24.17089754], [-47.25829517, -24.17092251], [-47.25839946, -24.17136963], [-47.2584217, -24.17173852], [-47.25851672, -24.17210543], [-47.25864062, -24.17232476], [-47.25879669, -24.1724705], [-47.25899853, -24.17253341], [-47.25907145, -24.17253955], [-47.25918244, -24.172472], [-47.25945825, -24.17220973], [-47.25947118, -24.17220622], [-47.25948411, -24.1722027], [-47.25954508, -24.17218612], [-47.25974617, -24.17213144], [-47.26000352, -24.17210596], [-47.26010787, -24.17205296], [-47.26033639, -24.17184284], [-47.26029998, -24.17156353], [-47.26024483, -24.17151067], [-47.25988262, -24.17116349], [-47.25970906, -24.17095507], [-47.25969017, -24.17093239], [-47.25965242, -24.17088705], [-47.25963188, -24.17061473], [-47.25966837, -24.17045169], [-47.25983563, -24.1702531], [-47.25992745, -24.17014408], [-47.26019654, -24.16982459], [-47.26031415, -24.16963056], [-47.26036685, -24.1694384], [-47.26041462, -24.16896646], [-47.2605855, -24.16866873], [-47.26099837, -24.16836741], [-47.26150043, -24.16810178], [-47.2616892, -24.16787059], [-47.26179036, -24.16769215], [-47.26183517, -24.1674992], [-47.26183381, -24.16749244], [-47.26183244, -24.16748569], [-47.26179959, -24.16732279], [-47.26172519, -24.16717675], [-47.26168022, -24.16713725], [-47.26163524, -24.16709774], [-47.26131318, -24.16707995], [-47.26089084, -24.16720468], [-47.26086585, -24.16721206], [-47.26047224, -24.1673775], [-47.26044196, -24.16739023], [-47.26041168, -24.16740296], [-47.26039445, -24.16741231], [-47.26037722, -24.16742166], [-47.26035999, -24.167431], [-47.26035568, -24.16743334], [-47.26035138, -24.16743568], [-47.26034276, -24.16744035], [-47.25979766, -24.16773614], [-47.25931891, -24.1679283], [-47.25904746, -24.167991], [-47.2589186, -24.16799291], [-47.25872527, -24.16796598], [-47.25852264, -24.16785795], [-47.25839946, -24.1677352], [-47.258303, -24.16728616], [-47.25838055, -24.16710807], [-47.25860025, -24.16678886], [-47.25889421, -24.16660757], [-47.25948329, -24.16631086], [-47.2597204, -24.16608618], [-47.25991555, -24.16571407], [-47.26002095, -24.16532974], [-47.26020674, -24.16492888], [-47.26072837, -24.16443457], [-47.2608701, -24.16426997], [-47.26093229, -24.16417051], [-47.26111221, -24.16388272], [-47.26128727, -24.16331952], [-47.26130849, -24.16312783], [-47.26142174, -24.16274248], [-47.26143666, -24.16271149], [-47.26160777, -24.16235606], [-47.26177321, -24.16214056], [-47.26210389, -24.16181067], [-47.26251831, -24.1615987], [-47.26293636, -24.16159249], [-47.26309845, -24.16163432], [-47.26346574, -24.16187441], [-47.26373622, -24.16225948], [-47.26383846, -24.16258927], [-47.26382401, -24.16316453], [-47.26373374, -24.16383748], [-47.26366748, -24.16433138], [-47.26366638, -24.16471506], [-47.26378443, -24.16549508], [-47.26403133, -24.16627228], [-47.26405482, -24.1666556], [-47.26394872, -24.16705528], [-47.26360122, -24.16782686], [-47.26354067, -24.16802005], [-47.26348727, -24.16822757], [-47.26349376, -24.16859579], [-47.26377218, -24.1688724], [-47.26398059, -24.16886209], [-47.26447482, -24.16865524], [-47.264797, -24.16867934], [-47.26478953, -24.16870202], [-47.26490434, -24.16879601], [-47.26497349, -24.16909018], [-47.26505766, -24.16928753], [-47.26521151, -24.16941885], [-47.26538121, -24.16944521], [-47.26563569, -24.16925727], [-47.26576878, -24.16904857], [-47.26582594, -24.16866406], [-47.26576285, -24.16826689], [-47.26551735, -24.16757001], [-47.2656265, -24.16689765], [-47.26568706, -24.16670537], [-47.26588071, -24.16630439], [-47.26630071, -24.16551638], [-47.26637012, -24.16532396], [-47.26648757, -24.16473183], [-47.26651326, -24.16434778], [-47.26648715, -24.16401939], [-47.26648164, -24.16395015], [-47.26639521, -24.16356867], [-47.26614828, -24.16279057], [-47.26608544, -24.16240784], [-47.26614223, -24.16200167], [-47.26622029, -24.16185336], [-47.266443, -24.16176158], [-47.26652365, -24.16176039], [-47.26672575, -24.16183863], [-47.2671328, -24.16215666], [-47.26744549, -24.16253567], [-47.26766892, -24.16293046], [-47.26780454, -24.1633112], [-47.26797868, -24.16409038], [-47.2681147, -24.16449369], [-47.26827856, -24.16469075], [-47.26845035, -24.16483534], [-47.26881574, -24.16502219], [-47.26899416, -24.16515224], [-47.2691264, -24.16534165], [-47.26917798, -24.16553226], [-47.26916524, -24.16570216], [-47.26912648, -24.16579121], [-47.26849566, -24.16650834], [-47.26846192, -24.1668257], [-47.26846413, -24.16695115], [-47.26862996, -24.16725922], [-47.26895164, -24.16763146], [-47.26908901, -24.16779042], [-47.26910834, -24.1684383], [-47.26915258, -24.16865881], [-47.26937259, -24.16880358], [-47.26950834, -24.16880156], [-47.26985107, -24.16859696], [-47.27005273, -24.16842695], [-47.27019053, -24.16820734], [-47.27058414, -24.16781962], [-47.27096726, -24.16767399], [-47.27116019, -24.16767834], [-47.27133804, -24.16771992], [-47.2716644, -24.16798046], [-47.27169017, -24.16804688], [-47.27173291, -24.16823762], [-47.27167523, -24.16859235], [-47.27145936, -24.16912638], [-47.27136922, -24.16948159], [-47.27137701, -24.17036616], [-47.27129787, -24.17089814], [-47.27123706, -24.17107599], [-47.27099659, -24.17161038], [-47.27076401, -24.17203452], [-47.27045684, -24.17241463], [-47.26953336, -24.17338709], [-47.26942435, -24.17356564], [-47.26937415, -24.1738986], [-47.26945682, -24.17406618], [-47.26952227, -24.17409499], [-47.26971496, -24.1740849], [-47.26994641, -24.17398577], [-47.27071691, -24.17348772], [-47.27097984, -24.17338811], [-47.27110084, -24.17338631], [-47.2712939, -24.17339787], [-47.27151274, -24.17347586], [-47.27160414, -24.17363609], [-47.27159007, -24.17397985], [-47.27158147, -24.1741898], [-47.27174658, -24.17434532], [-47.2719205, -24.17444203], [-47.27206766, -24.17441727], [-47.27232888, -24.17427706], [-47.27272357, -24.17417187], [-47.27307981, -24.17422975], [-47.27331551, -24.17437067], [-47.273616, -24.17439147], [-47.27377131, -24.1744379], [-47.27411645, -24.17442463], [-47.27429983, -24.17433342], [-47.2743725, -24.17432512], [-47.27445147, -24.17422825], [-47.27440709, -24.17400052], [-47.27414359, -24.17367947], [-47.27389132, -24.17349185], [-47.2737687, -24.1734325], [-47.27365609, -24.173378], [-47.27294599, -24.17317465], [-47.27271063, -24.17305268], [-47.27253081, -24.17290009], [-47.27234234, -24.17270339], [-47.27228878, -24.17240178], [-47.27230264, -24.17223998], [-47.27251252, -24.17186763], [-47.2729052, -24.17131653], [-47.27320888, -24.17079564], [-47.27328354, -24.170456], [-47.27329327, -24.17011642], [-47.2732548, -24.16977757], [-47.27331371, -24.16943726], [-47.27342011, -24.1691116], [-47.27352899, -24.16892581], [-47.27362278, -24.16877727], [-47.27382058, -24.16861183], [-47.27409144, -24.16846064], [-47.27419558, -24.16845187], [-47.27423825, -24.16846139], [-47.27456701, -24.16853479], [-47.27469731, -24.1686141], [-47.27479514, -24.16869298], [-47.27516108, -24.1694097], [-47.27539184, -24.1697159], [-47.2758082, -24.17005724], [-47.27613791, -24.17049277], [-47.27614473, -24.17050177], [-47.2763974, -24.17071195], [-47.27668266, -24.17092886], [-47.27733241, -24.17128024], [-47.277658, -24.17149655], [-47.27784418, -24.17169301], [-47.27796083, -24.1718161], [-47.27807086, -24.17213854], [-47.27809262, -24.17247764], [-47.27795693, -24.17298159], [-47.27796007, -24.17315848], [-47.27804387, -24.17333416], [-47.27812585, -24.17340696], [-47.27822359, -24.17341724], [-47.27836639, -24.17343225], [-47.27855854, -24.17339237], [-47.27927635, -24.17308734], [-47.27945289, -24.17305491], [-47.28001664, -24.17310606], [-47.28034027, -24.17321136], [-47.28065682, -24.17336099], [-47.28097501, -24.17365864], [-47.28115746, -24.17395832], [-47.28118538, -24.17420074], [-47.28114926, -24.1744378], [-47.28111705, -24.17445272], [-47.28107246, -24.17460144], [-47.28080449, -24.17491508], [-47.28045592, -24.17517848], [-47.2802572, -24.17529159], [-47.27986561, -24.17545994], [-47.27875588, -24.17586019], [-47.27854941, -24.17598063], [-47.27828039, -24.17623561], [-47.27824398, -24.17645733], [-47.27838321, -24.17659517], [-47.27853687, -24.17665967], [-47.27908311, -24.17666595], [-47.2792451, -24.17670054], [-47.27931074, -24.17679525], [-47.27931257, -24.17689813], [-47.27920618, -24.1772238], [-47.27922428, -24.17735623], [-47.27934548, -24.17742122], [-47.27937086, -24.17746508], [-47.27957837, -24.1774033], [-47.28027704, -24.17690627], [-47.28062653, -24.17669432], [-47.28085798, -24.17659517], [-47.28126388, -24.17634626], [-47.28143072, -24.17621106], [-47.28162839, -24.17603839], [-47.28198981, -24.1756123], [-47.28240095, -24.17477293], [-47.28248489, -24.17451349], [-47.28312916, -24.17367062], [-47.28320616, -24.17346365], [-47.28318445, -24.17318322], [-47.28312523, -24.17300718], [-47.28303314, -24.17280905], [-47.28284401, -24.17257627], [-47.28270545, -24.17247544], [-47.28218028, -24.17226935], [-47.2820171, -24.17216798], [-47.28186071, -24.17195006], [-47.28184313, -24.17184651], [-47.28169525, -24.17166456], [-47.28153235, -24.17157853], [-47.28135437, -24.17152974], [-47.28079084, -24.17143526], [-47.28046694, -24.17131463], [-47.28030476, -24.17121324], [-47.28014114, -24.17103153], [-47.27999084, -24.17076838], [-47.27993845, -24.17053355], [-47.27994887, -24.17017862], [-47.27992496, -24.17004268], [-47.27992492, -24.17004246], [-47.27992413, -24.17003801], [-47.27992335, -24.17003356], [-47.27991885, -24.17000801], [-47.27991275, -24.16997334], [-47.27982174, -24.16983477], [-47.27966756, -24.16974139], [-47.2794901, -24.16972148], [-47.27929821, -24.1697758], [-47.27911636, -24.16989678], [-47.27900785, -24.16994228], [-47.27878819, -24.17003438], [-47.27859501, -24.17001561], [-47.27838436, -24.1699005], [-47.27823544, -24.16965899], [-47.27817622, -24.16948293], [-47.27814686, -24.16915929], [-47.2782341, -24.16864163], [-47.27836495, -24.16830837], [-47.27860124, -24.16803943], [-47.27881201, -24.16771852], [-47.27883819, -24.16736426], [-47.2786572, -24.1671458], [-47.27836749, -24.16712124], [-47.27801481, -24.16720775], [-47.27761844, -24.16749352], [-47.27720842, -24.16789775], [-47.27712042, -24.16792886], [-47.27701621, -24.16798909], [-47.27697594, -24.1679933], [-47.2769613, -24.16799484], [-47.27694849, -24.16799618], [-47.27693567, -24.16799752], [-47.27675947, -24.16799293], [-47.27661382, -24.16793642], [-47.27645782, -24.16773925], [-47.27639952, -24.16761464], [-47.27643791, -24.16706069], [-47.27652803, -24.16670548], [-47.27678848, -24.16602363], [-47.27692131, -24.16535814], [-47.27691843, -24.16519569], [-47.2768595, -24.16503498], [-47.27670218, -24.16476381], [-47.27635444, -24.16462907], [-47.2760743, -24.16470006], [-47.27586673, -24.16481329], [-47.27565334, -24.16498619], [-47.27502382, -24.16571867], [-47.27463263, -24.16590867], [-47.27427975, -24.16592837], [-47.27391706, -24.16583809], [-47.27375298, -24.16568527], [-47.27359556, -24.16540777], [-47.27363709, -24.16503071], [-47.27403919, -24.16440349], [-47.27413784, -24.1642496], [-47.2743165, -24.16389307], [-47.27484675, -24.16300048], [-47.27490566, -24.16266017], [-47.27487755, -24.16246199], [-47.27480226, -24.16232228], [-47.27464785, -24.16221445], [-47.27447079, -24.16221709], [-47.27424796, -24.16230166], [-47.2739381, -24.16252746], [-47.27347143, -24.16295509], [-47.27273437, -24.16350411], [-47.27239164, -24.16370782], [-47.27197758, -24.1638837], [-47.27167383, -24.16395503], [-47.27143105, -24.16391351], [-47.27134598, -24.16385971], [-47.2712609, -24.16380591], [-47.27108727, -24.16355754], [-47.27096913, -24.16321987], [-47.27093094, -24.16289635], [-47.27093255, -24.16254246], [-47.27099959, -24.16221647], [-47.27107712, -24.16203838], [-47.27122582, -24.16182312], [-47.27136781, -24.16167386], [-47.27170915, -24.16144761], [-47.27188462, -24.16135562], [-47.27196563, -24.16132559], [-47.27244276, -24.1611487], [-47.27280135, -24.16095198], [-47.27300773, -24.16077197], [-47.27313361, -24.16062994], [-47.2732595, -24.16048792], [-47.27351126, -24.16020386], [-47.27367443, -24.159862], [-47.27373523, -24.15968416], [-47.27373735, -24.15935914], [-47.27365363, -24.159132], [-47.27351314, -24.15892105], [-47.27307022, -24.15841129], [-47.27296808, -24.15808783], [-47.27296209, -24.15774939], [-47.27306533, -24.15724593], [-47.27323612, -24.15688951], [-47.27335549, -24.15673449], [-47.27338519, -24.15669591], [-47.27366107, -24.15644084], [-47.27407485, -24.15613947], [-47.27415401, -24.15610941], [-47.27480697, -24.15559143], [-47.27525579, -24.15543578], [-47.27581365, -24.15543649], [-47.27607983, -24.15552279], [-47.27619783, -24.15560272], [-47.27631584, -24.15568266], [-47.2764402, -24.15581621], [-47.27649909, -24.15603019], [-47.27647957, -24.15619438], [-47.27642888, -24.15662072], [-47.27636861, -24.15682834], [-47.27579177, -24.1578101], [-47.27562964, -24.15821063], [-47.27554817, -24.15860995], [-47.27558743, -24.15899302], [-47.27572208, -24.15937377], [-47.27580844, -24.15947224], [-47.2758948, -24.1595707], [-47.27606484, -24.15967198], [-47.27627435, -24.15966885], [-47.27648182, -24.15960617], [-47.27670471, -24.15947014], [-47.27695751, -24.1592452], [-47.27709955, -24.15904357], [-47.27727333, -24.15863475], [-47.27749423, -24.1582198], [-47.277653, -24.15801883], [-47.27801296, -24.15767854], [-47.27818317, -24.15756767], [-47.27841406, -24.15747607], [-47.27850948, -24.15743822], [-47.2785256, -24.15745964], [-47.27877485, -24.15747849], [-47.27897025, -24.15762271], [-47.27904453, -24.15776153], [-47.27905627, -24.15792384], [-47.27898976, -24.15827871], [-47.27892083, -24.15844133], [-47.27852048, -24.15900068], [-47.2778411, -24.15963733], [-47.27753361, -24.15999579], [-47.2774029, -24.16033717], [-47.27735258, -24.16066201], [-47.27705943, -24.16132989], [-47.27697692, -24.16167055], [-47.27699395, -24.16218666], [-47.27724959, -24.16300884], [-47.27736588, -24.16368506], [-47.27749603, -24.16419948], [-47.27768172, -24.16468328], [-47.27778125, -24.16485872], [-47.27793102, -24.16505285], [-47.27811863, -24.16529602], [-47.27828119, -24.16541907], [-47.27872405, -24.16556899], [-47.27872409, -24.16556906], [-47.27882207, -24.1657974], [-47.2788314, -24.16632265], [-47.27890043, -24.16671972], [-47.27915588, -24.16714199], [-47.2794708, -24.16747761], [-47.27997414, -24.16789617], [-47.28000905, -24.16794021], [-47.2803858, -24.16841541], [-47.28059706, -24.16870955], [-47.28082972, -24.16903346], [-47.28155578, -24.16980345], [-47.28202792, -24.17023692], [-47.28268928, -24.17090858], [-47.28362698, -24.17140548], [-47.28395168, -24.17166764], [-47.28466323, -24.17224213], [-47.28497336, -24.17263919], [-47.28523506, -24.17302345], [-47.28532397, -24.17343015], [-47.28536002, -24.17396222], [-47.28535593, -24.17461675], [-47.28523267, -24.17504629], [-47.28512928, -24.17510772], [-47.2850413, -24.17522847], [-47.28503513, -24.17523693], [-47.28478253, -24.17558364], [-47.28408515, -24.17631829], [-47.2836644, -24.17678029], [-47.28334961, -24.17712592], [-47.2829763, -24.17768401], [-47.28284848, -24.17787509], [-47.28254222, -24.17833294], [-47.28196191, -24.17899341], [-47.28118173, -24.17951202], [-47.28093784, -24.17959445], [-47.28086284, -24.1796198], [-47.28039703, -24.17977722], [-47.27976824, -24.17993147], [-47.27955218, -24.17998902], [-47.27887167, -24.18017026], [-47.27847184, -24.18027675], [-47.27847181, -24.18027676], [-47.27812009, -24.18039889], [-47.27749111, -24.1806173], [-47.2765492, -24.18092105], [-47.27572436, -24.18115065], [-47.27511399, -24.18136734], [-47.27497912, -24.18141523], [-47.27396275, -24.18197354], [-47.27302277, -24.18238591], [-47.2726588, -24.18278401], [-47.27265489, -24.18278829], [-47.27260747, -24.18382363], [-47.27260747, -24.18382366], [-47.27262651, -24.18451453], [-47.2726857, -24.18455842], [-47.2728172, -24.18465592], [-47.27285115, -24.18471035], [-47.27288512, -24.18476479], [-47.27290642, -24.18484344], [-47.27290975, -24.18485573], [-47.272928, -24.18492314], [-47.27293887, -24.18515484], [-47.27295384, -24.18547413], [-47.2730388, -24.1856734], [-47.27325302, -24.18586464], [-47.27344952, -24.18597446], [-47.27374456, -24.18607149], [-47.27452772, -24.1862083], [-47.27477201, -24.18627294], [-47.27498434, -24.18632912], [-47.27539501, -24.18656699], [-47.27538041, -24.18659733], [-47.27529977, -24.18676492], [-47.27523726, -24.18728814], [-47.27530019, -24.18761368], [-47.27555331, -24.18813477], [-47.27563594, -24.18838821], [-47.27562522, -24.18855517], [-47.27582184, -24.18871484], [-47.27589456, -24.18877389], [-47.27589458, -24.18877391], [-47.27619847, -24.18919154], [-47.27633273, -24.18944989], [-47.27637574, -24.18957267], [-47.27644373, -24.18976675], [-47.27649129, -24.18991631], [-47.27649566, -24.18993004], [-47.27642613, -24.18994721], [-47.27635197, -24.18999803], [-47.27631536, -24.19002311], [-47.27629969, -24.19005234], [-47.27628405, -24.19008158], [-47.27622899, -24.19026089], [-47.27618733, -24.19039653], [-47.27617471, -24.19043764], [-47.27617063, -24.19045094], [-47.27613043, -24.1907383], [-47.27609374, -24.19100067], [-47.27609178, -24.19101468], [-47.27601034, -24.19107643], [-47.27593258, -24.1911354], [-47.27574023, -24.19118364], [-47.27534704, -24.19118969], [-47.27524382, -24.1912431], [-47.27521943, -24.19127104], [-47.2751715, -24.19132593], [-47.2751655, -24.1913328], [-47.2752006, -24.19153622], [-47.27552188, -24.19193593], [-47.27559658, -24.19211258], [-47.27559776, -24.19218715], [-47.27559816, -24.19221251], [-47.27559877, -24.19225036], [-47.27559895, -24.19226158], [-47.27537792, -24.19248565], [-47.27449666, -24.19306595], [-47.27433301, -24.19328664], [-47.27424159, -24.19340994], [-47.27423699, -24.19341615], [-47.27423777, -24.19346582], [-47.27436141, -24.1936067], [-47.27445017, -24.19365703], [-47.27473953, -24.19363211], [-47.27498612, -24.19358379], [-47.27531641, -24.19351905], [-47.27550908, -24.19350695], [-47.27570262, -24.1935355], [-47.27588848, -24.1936001], [-47.27607431, -24.19370893], [-47.27608372, -24.19371445], [-47.27612593, -24.19375653], [-47.27619774, -24.19382816], [-47.27631439, -24.1940638], [-47.27635773, -24.1942402], [-47.27635311, -24.19441517], [-47.27635308, -24.19441624], [-47.27624717, -24.19477211], [-47.27599647, -24.19539214], [-47.27599238, -24.19540225], [-47.27598661, -24.19549702], [-47.27602946, -24.19565987], [-47.27611933, -24.19572375], [-47.2763907, -24.19564903], [-47.27674786, -24.1952849], [-47.27682592, -24.19520533], [-47.27690446, -24.19516078], [-47.27690449, -24.19516076], [-47.27690418, -24.19512467], [-47.27690872, -24.19512169], [-47.27699947, -24.19506215], [-47.27757456, -24.19487235], [-47.27795994, -24.19484361], [-47.27817008, -24.19487681], [-47.27822916, -24.19486182], [-47.27844463, -24.19500452], [-47.2785924, -24.19517925], [-47.27887322, -24.19558579], [-47.27899649, -24.19571032], [-47.27970378, -24.19607979], [-47.27987597, -24.19635435], [-47.27994257, -24.19672347], [-47.27973598, -24.19711564], [-47.27900328, -24.19786323], [-47.27785113, -24.19865591], [-47.27752604, -24.19897041], [-47.27741702, -24.19914897], [-47.27739655, -24.19932621], [-47.27743065, -24.19947285], [-47.27824089, -24.20004118], [-47.2788012, -24.20016911], [-47.27897405, -24.20014847], [-47.27913046, -24.20008926], [-47.27923346, -24.2000146], [-47.27950187, -24.19972261], [-47.27962637, -24.19952937], [-47.27982027, -24.19914281], [-47.28009616, -24.19838671], [-47.28031465, -24.19799978], [-47.28047135, -24.1977907], [-47.28086815, -24.19746881], [-47.28107608, -24.19742868], [-47.28128439, -24.19741022], [-47.28146202, -24.19743735], [-47.28159957, -24.19747952], [-47.28167396, -24.19756687], [-47.28176493, -24.19775689], [-47.28179293, -24.19794785], [-47.2818121, -24.19813984], [-47.28177832, -24.19850866], [-47.28181762, -24.19889173], [-47.28186923, -24.19908233], [-47.28201781, -24.19930128], [-47.28216521, -24.19945434], [-47.28248086, -24.19960488], [-47.28275398, -24.19957821], [-47.28299989, -24.19940482], [-47.28322731, -24.19907733], [-47.28333702, -24.19844107], [-47.28332678, -24.19786618], [-47.28336371, -24.19767425], [-47.28339382, -24.1975411], [-47.28358953, -24.19725742], [-47.28372341, -24.19709382], [-47.28391317, -24.19697272], [-47.28419286, -24.19687284], [-47.28432962, -24.19687079], [-47.28513793, -24.19710962], [-47.28555643, -24.19717736], [-47.28616743, -24.19716819], [-47.28719486, -24.19705618], [-47.28782253, -24.19709911], [-47.28800842, -24.19714777], [-47.28823689, -24.19732128], [-47.28830373, -24.19748186], [-47.28829889, -24.19765164], [-47.28817275, -24.1978079], [-47.2878534, -24.19794631], [-47.28703578, -24.19806872], [-47.28668689, -24.19831679], [-47.28663516, -24.1985613], [-47.28674995, -24.19870672], [-47.28681443, -24.19873554], [-47.28784204, -24.19907398], [-47.28804526, -24.19921085], [-47.28819305, -24.19938556], [-47.28829632, -24.19976767], [-47.28829974, -24.19995899], [-47.288201, -24.20071245], [-47.28817092, -24.2008465], [-47.28795164, -24.20118832], [-47.28775435, -24.20138356], [-47.28730097, -24.20167744], [-47.28689442, -24.20183881], [-47.28668549, -24.20187806], [-47.2862847, -24.20192109], [-47.28565781, -24.20192328], [-47.28525406, -24.20185531], [-47.28504389, -24.20177], [-47.28481667, -24.20161182], [-47.28452882, -24.20125414], [-47.28417197, -24.20067002], [-47.28384662, -24.20041762], [-47.28363611, -24.20036842], [-47.28342739, -24.20036432], [-47.28318765, -24.20044194], [-47.28293426, -24.20063712], [-47.28279264, -24.20080895], [-47.28269963, -24.20100173], [-47.2824107, -24.20196475], [-47.2823926, -24.20271699], [-47.28228969, -24.20329357], [-47.28215188, -24.2036793], [-47.28167263, -24.2042904], [-47.28161997, -24.20448347], [-47.28157831, -24.20485241], [-47.28159957, -24.20560406], [-47.28146163, -24.20598257], [-47.28119294, -24.20625921], [-47.28083419, -24.20639729], [-47.28047996, -24.20640259], [-47.28027057, -24.2063615], [-47.27961709, -24.20608782], [-47.27915668, -24.20560183], [-47.27893258, -24.20523145], [-47.27868128, -24.20466017], [-47.2784574, -24.20430243], [-47.27832687, -24.20415724], [-47.27789922, -24.20390726], [-47.27767281, -24.20373913], [-47.27749513, -24.20348812], [-47.27731037, -24.20333742], [-47.27703569, -24.2033325], [-47.27690448, -24.20337057], [-47.2767002, -24.20356139], [-47.27644516, -24.20372048], [-47.27594663, -24.20369092], [-47.27515559, -24.20354024], [-47.274931, -24.20352916], [-47.27486314, -24.20355996], [-47.27479528, -24.20359076], [-47.2747256, -24.20376784], [-47.27509226, -24.20446288], [-47.27526165, -24.20459424], [-47.27560621, -24.20486143], [-47.27559197, -24.20500156], [-47.27550655, -24.20517977], [-47.27556052, -24.20550305], [-47.27565852, -24.20559005], [-47.27583695, -24.20566141], [-47.27603034, -24.20568831], [-47.27683247, -24.20563208], [-47.27704231, -24.20564339], [-47.27734117, -24.20573461], [-47.2775846, -24.20586367], [-47.27781373, -24.20607419], [-47.278038, -24.20645359], [-47.27807263, -24.20663001], [-47.27820415, -24.2069333], [-47.27823171, -24.20699684], [-47.27835614, -24.20718636], [-47.27869207, -24.2075352], [-47.27875945, -24.20772647], [-47.27866825, -24.20846446], [-47.27870386, -24.20864087], [-47.27892599, -24.2089553], [-47.27910534, -24.2090781], [-47.27919022, -24.20931244], [-47.27917664, -24.20948957], [-47.27898338, -24.20991224], [-47.27873272, -24.21026263], [-47.27873241, -24.21026327], [-47.27866713, -24.21039948], [-47.2786473, -24.21044085], [-47.2786586, -24.21063296], [-47.27878973, -24.21075648], [-47.27912875, -24.21089132], [-47.27918769, -24.21088477], [-47.2793537, -24.21086629], [-47.27973627, -24.21068273], [-47.2799807, -24.21036943], [-47.2800267, -24.21029492], [-47.2801596, -24.21007968], [-47.2803667, -24.20993666], [-47.28045466, -24.20995701], [-47.28056992, -24.21007354], [-47.280518, -24.21030694], [-47.28051069, -24.21033983], [-47.28039202, -24.21047431], [-47.28039517, -24.21065119], [-47.28042868, -24.21070937], [-47.28062267, -24.21082472], [-47.2810723, -24.21075931], [-47.2815244, -24.21039054], [-47.28158159, -24.21033294], [-47.28173182, -24.21018164], [-47.28252708, -24.20938071], [-47.28289155, -24.20906561], [-47.2830657, -24.20895196], [-47.28325686, -24.20885341], [-47.28344906, -24.20881351], [-47.28363458, -24.20884052], [-47.28385533, -24.20902137], [-47.28398738, -24.20919632], [-47.28398896, -24.20928476], [-47.28399054, -24.20937321], [-47.28392088, -24.20955119], [-47.28381185, -24.20972975], [-47.28310255, -24.21052215], [-47.2829768, -24.21070097], [-47.28293745, -24.21077621], [-47.28288352, -24.2108793], [-47.28278578, -24.21124908], [-47.28251972, -24.21167374], [-47.28230718, -24.2118981], [-47.28223698, -24.21204629], [-47.28224577, -24.21209762], [-47.28239319, -24.21225067], [-47.28257936, -24.21231378], [-47.28296588, -24.21235222], [-47.28315994, -24.21241611], [-47.28370239, -24.21264359], [-47.28393863, -24.21280976], [-47.28418471, -24.21308591], [-47.28433095, -24.21317308], [-47.28451595, -24.21317031], [-47.28461119, -24.21310208], [-47.28472158, -24.21294515], [-47.28479787, -24.21275263], [-47.28483506, -24.21257514], [-47.28482532, -24.21202914], [-47.28490889, -24.21174804], [-47.28498689, -24.21165118], [-47.28577715, -24.2108729], [-47.2860625, -24.21064745], [-47.28632587, -24.21056947], [-47.28668024, -24.21057137], [-47.2868516, -24.21068706], [-47.28699232, -24.21090611], [-47.28699811, -24.2112301], [-47.28693161, -24.21158497], [-47.28665992, -24.21213429], [-47.28635105, -24.21286201], [-47.28628895, -24.21340819], [-47.28635673, -24.21362112], [-47.28677181, -24.21388028], [-47.28681533, -24.21405747], [-47.28675596, -24.21431564], [-47.28678156, -24.21442629], [-47.2868471, -24.21451377], [-47.28704142, -24.21459209], [-47.28741272, -24.21465964], [-47.28750352, -24.21478375], [-47.28749239, -24.2150421], [-47.28731332, -24.21537699], [-47.28685018, -24.2155681], [-47.28644615, -24.21592804], [-47.28608838, -24.21617715], [-47.28589602, -24.21620892], [-47.28570289, -24.21619738], [-47.28496701, -24.21594303], [-47.2846857, -24.21595447], [-47.28463833, -24.21596573], [-47.28442204, -24.2160171], [-47.283362, -24.21657194], [-47.28290664, -24.21670334], [-47.28276985, -24.21670539], [-47.28263327, -24.21666321], [-47.28249491, -24.21657681], [-47.28239112, -24.21616583], [-47.28236808, -24.2158123], [-47.28239057, -24.21525137], [-47.2823552, -24.21508941], [-47.28199431, -24.21466693], [-47.28193481, -24.21447645], [-47.28189275, -24.21393905], [-47.28171917, -24.21369882], [-47.28159767, -24.2136194], [-47.28113767, -24.21354504], [-47.28073697, -24.21359528], [-47.28035098, -24.21358662], [-47.28014026, -24.21347152], [-47.28003273, -24.21334765], [-47.27994056, -24.21309085], [-47.27985055, -24.21256862], [-47.27971011, -24.2123649], [-47.2792295, -24.21201732], [-47.27912455, -24.21198278], [-47.27910722, -24.21189367], [-47.27893456, -24.21170488], [-47.27881111, -24.21151535], [-47.27848371, -24.21076106], [-47.27834444, -24.21062322], [-47.27815773, -24.21052942], [-47.27804162, -24.21030999], [-47.2778138, -24.21017347], [-47.27760415, -24.21011793], [-47.27742703, -24.21012058], [-47.27730068, -24.21021094], [-47.27675132, -24.21097835], [-47.27638775, -24.21134488], [-47.27621234, -24.21144409], [-47.27600465, -24.21149865], [-47.27581191, -24.21150875], [-47.27541003, -24.21149219], [-47.2750064, -24.21143233], [-47.27437984, -24.21145613], [-47.27385207, -24.21161116], [-47.27371729, -24.21172601], [-47.273683, -24.21179017], [-47.2736487, -24.21185432], [-47.27362544, -24.21198556], [-47.27372192, -24.21226397], [-47.27407262, -24.21255754], [-47.27456392, -24.21278761], [-47.27531703, -24.21307155], [-47.27558639, -24.21327425], [-47.27573444, -24.21346342], [-47.27581853, -24.21365354], [-47.27586229, -24.21384516], [-47.27584449, -24.21422819], [-47.27587952, -24.21442717], [-47.27601977, -24.21456499], [-47.27620536, -24.21465069], [-47.27641489, -24.21469901], [-47.27698964, -24.21486013], [-47.27716079, -24.21502006], [-47.27726851, -24.21520982], [-47.2773538, -24.21546763], [-47.2773112, -24.21578422], [-47.2772418, -24.21597754], [-47.27715638, -24.21615575], [-47.27703843, -24.21627578], [-47.27699217, -24.2163866], [-47.27662636, -24.21662768], [-47.27633798, -24.21668435], [-47.27591948, -24.21667526], [-47.27571008, -24.21663416], [-47.27528807, -24.21642743], [-47.27507682, -24.21628254], [-47.27488407, -24.21629264], [-47.2747921, -24.21654497], [-47.27480324, -24.21672896], [-47.27493712, -24.21700681], [-47.27545504, -24.21762556], [-47.27562805, -24.21788928], [-47.27568964, -24.21819799], [-47.27563971, -24.21854539], [-47.27544302, -24.21877672], [-47.27517127, -24.21888369], [-47.27475449, -24.21897116], [-47.27466756, -24.21897084], [-47.2743686, -24.21896971], [-47.27417428, -24.21889137], [-47.27396148, -24.21865893], [-47.27366823, -24.21844215], [-47.27322717, -24.21849297], [-47.27292821, -24.2184532], [-47.2726681, -24.21827292], [-47.27265631, -24.21760869], [-47.272639, -24.21752048], [-47.27258226, -24.21748522], [-47.27256448, -24.21742591], [-47.27241799, -24.21732518], [-47.27231303, -24.21728974], [-47.27210289, -24.21726308], [-47.27168578, -24.21727653], [-47.27126482, -24.21712844], [-47.27106749, -24.21688043], [-47.27109422, -24.21655595], [-47.27121685, -24.21620025], [-47.27119764, -24.21606061], [-47.27112331, -24.2159209], [-47.27098379, -24.21576861], [-47.27046312, -24.21543695], [-47.27037344, -24.21532003], [-47.27034097, -24.21532052], [-47.27024757, -24.21504929], [-47.27017799, -24.21473346], [-47.26999681, -24.21450778], [-47.26944127, -24.21398525], [-47.26921044, -24.21367906], [-47.26917796, -24.21367954], [-47.26909959, -24.21331149], [-47.2692401, -24.21263145], [-47.2691893, -24.21204182], [-47.26920165, -24.21185025], [-47.26923887, -24.21167276], [-47.26948398, -24.21139649], [-47.26966551, -24.21125386], [-47.26987202, -24.21113252], [-47.27049479, -24.21089484], [-47.27097402, -24.21066653], [-47.27115626, -24.21050854], [-47.27117871, -24.21044231], [-47.27114363, -24.21029568], [-47.27101296, -24.21014236], [-47.27083323, -24.2099979], [-47.27026462, -24.2096814], [-47.27018362, -24.20960948], [-47.27001122, -24.20943421], [-47.26989474, -24.20919312], [-47.26977057, -24.20901803], [-47.2694158, -24.20871549], [-47.26908206, -24.20854443], [-47.26783427, -24.20800242], [-47.26757253, -24.20745024], [-47.26757098, -24.2073627], [-47.2673738, -24.20712189], [-47.2670152, -24.20682482], [-47.2668593, -24.20663576], [-47.26665027, -24.20622542], [-47.26644446, -24.20594141], [-47.26632441, -24.2059432], [-47.26628518, -24.20600652], [-47.26624595, -24.20606985], [-47.26617021, -24.20635082], [-47.26617387, -24.20655749], [-47.26626919, -24.20693883], [-47.26651953, -24.20745869], [-47.26648312, -24.20768131], [-47.26634016, -24.20777912], [-47.2660024, -24.20776971], [-47.26579203, -24.2077286], [-47.26514477, -24.20747193], [-47.26486342, -24.20742466], [-47.26478326, -24.20745564], [-47.2646964, -24.20755262], [-47.26466731, -24.20774443], [-47.26470343, -24.20795062], [-47.26474509, -24.20802403], [-47.26495786, -24.20825648], [-47.26512821, -24.2083722], [-47.26554954, -24.20854287], [-47.26679536, -24.20897389], [-47.2677882, -24.20918027], [-47.26805486, -24.20928734], [-47.26853723, -24.20973693], [-47.26860431, -24.209856], [-47.26863738, -24.21000084], [-47.26897414, -24.21039754], [-47.26900606, -24.21053247], [-47.26895797, -24.21065145], [-47.26870745, -24.21084475], [-47.26815794, -24.21099557], [-47.26807778, -24.21102656], [-47.26795957, -24.21113213], [-47.26780105, -24.21129608], [-47.26730149, -24.21209973], [-47.26703933, -24.21230314], [-47.26694406, -24.21237046], [-47.26645507, -24.21243732], [-47.26580995, -24.21235845], [-47.26558461, -24.21236181], [-47.26532147, -24.21245419], [-47.26504368, -24.21266415], [-47.26464963, -24.21309068], [-47.26445176, -24.21325612], [-47.26422102, -24.21339947], [-47.26375837, -24.2136203], [-47.26355092, -24.21368928], [-47.26333397, -24.2137223], [-47.26332652, -24.21372343], [-47.26549725, -24.21590555], [-47.26593191, -24.21585743], [-47.26627829, -24.21590734], [-47.26659476, -24.21604707], [-47.26679635, -24.21625892], [-47.26684125, -24.21651553], [-47.26682766, -24.21669267], [-47.26675922, -24.21688597], [-47.26666617, -24.21707873], [-47.26666544, -24.21707982], [-47.26755961, -24.21797863], [-47.26720116, -24.2183226], [-47.26684803, -24.21851857], [-47.26660845, -24.21854385], [-47.26622072, -24.21854995], [-47.26561801, -24.21871143], [-47.26566034, -24.21873042], [-47.26566709, -24.2188043], [-47.26583026, -24.21895716], [-47.26685344, -24.21953865], [-47.26714313, -24.21961195], [-47.26728898, -24.21962061], [-47.26760895, -24.21951293], [-47.26785769, -24.21949478], [-47.26801222, -24.21955115], [-47.26819032, -24.21965955], [-47.26822426, -24.21973937], [-47.26829707, -24.2202393], [-47.26833259, -24.22040938], [-47.26848719, -24.22052443], [-47.26868072, -24.22055857], [-47.26880001, -24.22051258], [-47.26889741, -24.22051112], [-47.26902704, -24.22060485], [-47.26906895, -24.22069269], [-47.26909761, -24.22092069], [-47.26909044, -24.22145971], [-47.26912317, -24.22147368], [-47.26915762, -24.22158327], [-47.26936939, -24.22175798], [-47.26954714, -24.22179142], [-47.269771, -24.22175918], [-47.2706331, -24.22141412], [-47.27092092, -24.22135719], [-47.27185175, -24.22229274], [-47.27138467, -24.222052], [-47.27096456, -24.22195532], [-47.27062756, -24.22198926], [-47.27029158, -24.22208274], [-47.26987608, -24.22224419], [-47.26920137, -24.22227594], [-47.26897678, -24.2223235], [-47.26780941, -24.22271734], [-47.26769809, -24.22271177], [-47.26747248, -24.22269978], [-47.26722913, -24.22257793], [-47.26709054, -24.22247711], [-47.26673871, -24.22212125], [-47.26661697, -24.22202735], [-47.26651214, -24.22199916], [-47.26650375, -24.22200002], [-47.26643091, -24.22207297], [-47.26634941, -24.22230711], [-47.26633979, -24.22262306], [-47.26642855, -24.22294878], [-47.2665097, -24.22303066], [-47.26664993, -24.22331162], [-47.26678478, -24.22370992], [-47.26678035, -24.22371017], [-47.26678186, -24.22371599], [-47.26711012, -24.22383274], [-47.2676063, -24.22416929], [-47.26787709, -24.22428532], [-47.26818428, -24.22428886], [-47.26865119, -24.22419524], [-47.2687893, -24.22421214], [-47.2689285, -24.22429041], [-47.26942351, -24.22472717], [-47.26962541, -24.22478825], [-47.26984592, -24.22473351], [-47.27052777, -24.22438211], [-47.27083556, -24.22430891], [-47.2708726, -24.22431067], [-47.27099418, -24.22431647], [-47.27115289, -24.22438451], [-47.27130972, -24.22451307], [-47.27166696, -24.22495188], [-47.27183216, -24.22510829], [-47.27204097, -24.22522614], [-47.2722665, -24.22528777], [-47.27247919, -24.22523585], [-47.27258172, -24.22513321], [-47.27267966, -24.22499453], [-47.27274505, -24.22496287], [-47.27287688, -24.22495819], [-47.27311757, -24.22504216], [-47.27315662, -24.22503951], [-47.27320311, -24.22503637], [-47.27387116, -24.22474022], [-47.27401993, -24.22469196], [-47.27433571, -24.22462495], [-47.27448483, -24.22465161], [-47.27471403, -24.22480887], [-47.27486351, -24.22495935], [-47.27580657, -24.22462418], [-47.27739091, -24.22454843], [-47.27851981, -24.22438516], [-47.27948617, -24.22408426], [-47.28043506, -24.22366838], [-47.28138172, -24.22332881], [-47.28276856, -24.22288544], [-47.28337794, -24.22269034], [-47.28371355, -24.22260308], [-47.283979, -24.22278139], [-47.28457924, -24.22361697], [-47.28493928, -24.22412213], [-47.28532789, -24.22436072], [-47.28547155, -24.22440255], [-47.28640133, -24.22467331], [-47.28718423, -24.22490159], [-47.28733026, -24.22494417], [-47.28805616, -24.22503826], [-47.28876845, -24.22488383], [-47.29034805, -24.22425419], [-47.29115184, -24.22381561], [-47.29132933, -24.22343812], [-47.29128076, -24.22295965], [-47.29120806, -24.22259515], [-47.29132203, -24.22225429], [-47.29165819, -24.22214794], [-47.292107, -24.22246434], [-47.29245678, -24.22260651], [-47.29279239, -24.22251924], [-47.29305198, -24.22218193], [-47.29330237, -24.22144348], [-47.29379742, -24.22088281], [-47.29420317, -24.22052996], [-47.29468881, -24.22029361], [-47.29521274, -24.22017274], [-47.29573225, -24.22020449], [-47.29635633, -24.22021969], [-47.29679704, -24.22009678], [-47.2969871, -24.21971817], [-47.29699587, -24.21970071], [-47.29715087, -24.21937993], [-47.29753084, -24.21919827], [-47.29778857, -24.21964364], [-47.29780695, -24.21973813], [-47.29791541, -24.22029583], [-47.29820812, -24.22097115], [-47.2984226, -24.22147274], [-47.29846458, -24.22218014], [-47.29859694, -24.22264155], [-47.29886352, -24.22278167], [-47.2992446, -24.22256185], [-47.29948833, -24.22205232], [-47.29975729, -24.22139068], [-47.30004373, -24.220844], [-47.30046585, -24.22064427], [-47.3011551, -24.22056558], [-47.30179447, -24.22077204], [-47.30207467, -24.22116068], [-47.30189446, -24.22163358], [-47.30167264, -24.22210546], [-47.30170542, -24.22241172], [-47.30211486, -24.22265077], [-47.30280412, -24.22257208], [-47.30355413, -24.22255213], [-47.30435718, -24.22285801], [-47.30485425, -24.22294646], [-47.30525612, -24.22272713], [-47.30525296, -24.22211613], [-47.30545286, -24.22168189], [-47.30583227, -24.22151928], [-47.3061169, -24.22175529], [-47.30639327, -24.22227747], [-47.30661439, -24.22255012], [-47.30709011, -24.22265713], [-47.30763429, -24.2225558], [-47.30810078, -24.22226166], [-47.30864496, -24.22216033], [-47.30918144, -24.22232608], [-47.30945892, -24.2228101], [-47.30958637, -24.2234432], [-47.30972154, -24.22380922], [-47.31002808, -24.22400757], [-47.31044305, -24.22405583], [-47.31096424, -24.22403029], [-47.31126253, -24.22451481], [-47.31145296, -24.22513035], [-47.31179562, -24.22552049], [-47.31229601, -24.22549445], [-47.3127921, -24.22489555], [-47.3130894, -24.22469276], [-47.31350657, -24.22466469], [-47.31374632, -24.22501415], [-47.31381523, -24.22551219], [-47.31400897, -24.22601327], [-47.31434018, -24.22607857], [-47.31476286, -24.22585972], [-47.31521623, -24.22529796], [-47.3156444, -24.22488833], [-47.31613168, -24.22459467], [-47.31662767, -24.22472123], [-47.31684662, -24.22507018], [-47.31668231, -24.22571531], [-47.31643149, -24.2264729], [-47.3161922, -24.22682984], [-47.31574707, -24.22710542], [-47.31530523, -24.22726654], [-47.31515026, -24.22758734], [-47.31525859, -24.2281627], [-47.31534941, -24.2286231], [-47.31517033, -24.22905786], [-47.31486972, -24.22937513], [-47.31426035, -24.22957036], [-47.31360881, -24.22978366], [-47.31347298, -24.2301622], [-47.31366947, -24.23056788], [-47.31409702, -24.2309028], [-47.31433787, -24.23121411], [-47.31413908, -24.23161021], [-47.31355764, -24.23155792], [-47.31300197, -24.23133444], [-47.31254261, -24.23138058], [-47.3123022, -24.23177566], [-47.3123076, -24.23231035], [-47.31268803, -24.23283505], [-47.31312978, -24.23339941], [-47.31368547, -24.2336229], [-47.31513853, -24.23377267], [-47.31626146, -24.23381898], [-47.31738054, -24.23399883], [-47.31824612, -24.23430617], [-47.31848314, -24.23475101], [-47.31850882, -24.23530529], [-47.31811344, -24.23602118], [-47.31759211, -24.23677221], [-47.31709544, -24.2373902], [-47.31651059, -24.23817787], [-47.31624882, -24.23859153], [-47.3161546, -24.23897108], [-47.31629254, -24.2392417], [-47.31687236, -24.23935121], [-47.31747409, -24.23942307], [-47.31774017, -24.23958224], [-47.31785621, -24.23989052], [-47.31767712, -24.24032528], [-47.31753689, -24.24085645], [-47.31748859, -24.24180985], [-47.31749455, -24.24232546], [-47.31771243, -24.24271257], [-47.31855066, -24.24324835], [-47.31908119, -24.24362394], [-47.31945187, -24.24376655], [-47.31999779, -24.24360795], [-47.32090293, -24.24326713], [-47.32151401, -24.24301464], [-47.32216232, -24.24291578], [-47.32311394, -24.24312973], [-47.32424295, -24.2436916], [-47.3252882, -24.24427053], [-47.3261659, -24.24488359], [-47.32688428, -24.24524461], [-47.32756817, -24.2453566], [-47.32852312, -24.24545604], [-47.32930941, -24.24562777], [-47.32998674, -24.24596868], [-47.33063505, -24.24659527], [-47.33109992, -24.24708379], [-47.33149308, -24.24716965], [-47.33224928, -24.24693971], [-47.3330887, -24.24671178], [-47.33371294, -24.24672684], [-47.3342857, -24.24708431], [-47.33472267, -24.24782033], [-47.3351558, -24.24796442], [-47.33555936, -24.24768778], [-47.33580302, -24.24717818], [-47.33596291, -24.24668565], [-47.33619726, -24.24650038], [-47.3365948, -24.2464336], [-47.33733567, -24.24673784], [-47.33803876, -24.24690752], [-47.33888201, -24.246546], [-47.33979642, -24.24588073], [-47.34072672, -24.24538765], [-47.34137722, -24.2452124], [-47.34167563, -24.24497139], [-47.34166629, -24.24457024], [-47.34149104, -24.244146], [-47.34141765, -24.24380058], [-47.34152769, -24.24359322], [-47.34177902, -24.243542], [-47.34208512, -24.24375937], [-47.34240384, -24.24426343], [-47.34270558, -24.24463344], [-47.34313708, -24.24483474], [-47.34353187, -24.24486333], [-47.34391078, -24.24471971], [-47.34406462, -24.24443704], [-47.34391126, -24.24397514], [-47.34345399, -24.24321956], [-47.34330118, -24.24273859], [-47.34335262, -24.24239617], [-47.34358751, -24.24219182], [-47.34392261, -24.24212351], [-47.34445377, -24.24247994], [-47.34569402, -24.24279615], [-47.34685159, -24.24309126], [-47.34790187, -24.24349834], [-47.34898231, -24.24430707], [-47.34988977, -24.24534074], [-47.3506384, -24.2461033], [-47.3513109, -24.24661584], [-47.35217558, -24.24696117], [-47.35300518, -24.24707654], [-47.35404995, -24.24694887], [-47.3549496, -24.24679863], [-47.35553005, -24.24688892], [-47.356472, -24.24744608], [-47.35761714, -24.24817994], [-47.35827104, -24.24861564], [-47.35868286, -24.24877825], [-47.35924415, -24.24881079], [-47.35948012, -24.24856824], [-47.35951343, -24.24812993], [-47.35929541, -24.24774286], [-47.35888468, -24.2475421], [-47.35849748, -24.24724644], [-47.35842839, -24.24674839], [-47.35850658, -24.2461966], [-47.35897633, -24.24578783], [-47.35982496, -24.2452354], [-47.36075356, -24.24479943], [-47.36167889, -24.24447793], [-47.36230748, -24.24434024], [-47.36280633, -24.24437128], [-47.36346458, -24.24465432], [-47.3638896, -24.24508451], [-47.36422434, -24.24576075], [-47.3645104, -24.24668401], [-47.36474599, -24.24718604], [-47.36502916, -24.2474792], [-47.36544479, -24.24750823], [-47.3657837, -24.24730632], [-47.36592375, -24.24677509], [-47.36593496, -24.24564893], [-47.36606288, -24.24481193], [-47.36637427, -24.24411297], [-47.36688939, -24.24357161], [-47.36775879, -24.24301963], [-47.36864682, -24.24254446], [-47.36971941, -24.24216914], [-47.37086323, -24.24179107], [-47.37157695, -24.24156966], [-47.37247818, -24.24136207], [-47.37312647, -24.24126299], [-47.37381204, -24.24131753], [-47.37451626, -24.24144888], [-47.37552827, -24.24174031], [-47.37616628, -24.24200373], [-47.37653378, -24.24226069], [-47.37681265, -24.24270646], [-47.37694533, -24.24316784], [-47.37699477, -24.24362723], [-47.376801, -24.24385172], [-47.37619161, -24.2440472], [-47.37524766, -24.24429198], [-47.37457801, -24.24440965], [-47.37407428, -24.24455037], [-47.37379565, -24.24483011], [-47.37357294, -24.24534029], [-47.37339077, -24.24588961], [-47.37327048, -24.24645951], [-47.37340639, -24.24680641], [-47.37368471, -24.24727127], [-47.37405168, -24.24754732], [-47.37476429, -24.24811799], [-47.3752545, -24.24845426], [-47.37595497, -24.24871916], [-47.37663571, -24.24894541], [-47.3774878, -24.24900392], [-47.37871067, -24.24920489], [-47.37943466, -24.24937489], [-47.38029351, -24.24992993], [-47.38100562, -24.25051967], [-47.38165693, -24.25105067], [-47.382225, -24.25157969], [-47.38277227, -24.25210821], [-47.38336603, -24.25246601], [-47.38377899, -24.2525904], [-47.38425923, -24.25254455], [-47.38468677, -24.25215378], [-47.3850616, -24.2514181], [-47.38541075, -24.25085363], [-47.38592314, -24.2504076], [-47.38633201, -24.24994002], [-47.3870141, -24.24938347], [-47.3874165, -24.24914483], [-47.38789727, -24.24907989], [-47.38845804, -24.24913141], [-47.38882344, -24.24946466], [-47.3890767, -24.25008164], [-47.38901621, -24.25074844], [-47.38905396, -24.25162281], [-47.38942345, -24.25254803], [-47.38975673, -24.25328147], [-47.39032054, -24.2539631], [-47.3909484, -24.25458897], [-47.39166274, -24.25510235], [-47.39235682, -24.25559614], [-47.39299279, -24.25593581], [-47.39344146, -24.25627104], [-47.39355447, -24.25669376], [-47.39355534, -24.2574002], [-47.39341916, -24.25779791], [-47.39332082, -24.25833016], [-47.39349303, -24.25886884], [-47.39379172, -24.25935325], [-47.39438986, -24.25955837], [-47.3953626, -24.25977238], [-47.39642344, -24.25981664], [-47.39770943, -24.25999989], [-47.3988589, -24.25985531], [-47.39969458, -24.25976056], [-47.40071165, -24.25988013], [-47.4017996, -24.2604405], [-47.40258022, -24.26082175], [-47.40424182, -24.26167253], [-47.40539401, -24.26235611], [-47.40644531, -24.26315662], [-47.40708813, -24.26344032], [-47.40789607, -24.26363843], [-47.40877828, -24.26351013], [-47.40940872, -24.26307755], [-47.41019588, -24.26285749], [-47.41142993, -24.26294632], [-47.41245545, -24.26350753], [-47.41352105, -24.26380119], [-47.41436487, -24.26388078], [-47.41518455, -24.26366147], [-47.41650876, -24.2628574], [-47.41763616, -24.26210835], [-47.41859845, -24.2614449], [-47.41982255, -24.26072794], [-47.42064889, -24.26027009], [-47.42169951, -24.25993685], [-47.42239075, -24.25965481], [-47.4231854, -24.25916637], [-47.42381076, -24.2589126], [-47.42436608, -24.25883617], [-47.4250081, -24.25914961], [-47.42563427, -24.26002949], [-47.42651809, -24.26100493], [-47.42718931, -24.26143838], [-47.42880192, -24.26195363], [-47.43019275, -24.26225482], [-47.43190962, -24.26253382], [-47.43272427, -24.26249329], [-47.43370486, -24.26233732], [-47.43456203, -24.26193978], [-47.43518989, -24.26159652], [-47.43616464, -24.26164923], [-47.43669833, -24.26234791], [-47.43684762, -24.26282874], [-47.43699774, -24.26327975], [-47.43744886, -24.2634395], [-47.43837106, -24.26304346], [-47.43952506, -24.26250369], [-47.44041556, -24.26207707], [-47.44081578, -24.26172845], [-47.44112507, -24.26113904], [-47.44133764, -24.26051752], [-47.44151437, -24.2600145], [-47.44200797, -24.25981723], [-47.4433021, -24.2600862], [-47.44537919, -24.26028399], [-47.44628725, -24.26039473], [-47.44693349, -24.26055902], [-47.4473146, -24.2608961], [-47.44761657, -24.26173849], [-47.44788851, -24.26249068], [-47.44810454, -24.26291339], [-47.44901179, -24.26305394], [-47.44979311, -24.26304237], [-47.45063947, -24.26303232], [-47.45108895, -24.26325165], [-47.45126252, -24.26403137], [-47.45084741, -24.26491667], [-47.44996953, -24.26605965], [-47.44941933, -24.26712078], [-47.44896587, -24.26821401], [-47.44879513, -24.26967184], [-47.44879779, -24.2707459], [-47.4492599, -24.27168154], [-47.44945521, -24.2728496], [-47.44965715, -24.27377915], [-47.44983238, -24.27449924], [-47.45008179, -24.27489291], [-47.45070222, -24.27481791], [-47.45155944, -24.27442028], [-47.45252997, -24.27345846], [-47.45379484, -24.27244384], [-47.45476534, -24.271482], [-47.45556825, -24.27069525], [-47.4563353, -24.27002698], [-47.45745182, -24.2696652], [-47.45849502, -24.26960003], [-47.45940151, -24.26977033], [-47.46047392, -24.26982517], [-47.46120375, -24.27049851], [-47.46160753, -24.27119409], [-47.46181287, -24.27200438], [-47.46162463, -24.27292483], [-47.46140799, -24.27369545], [-47.46196779, -24.27463333], [-47.46243746, -24.27530061], [-47.46231426, -24.27622258], [-47.46148297, -24.27685954], [-47.46076164, -24.27705156], [-47.45991353, -24.27712129], [-47.45907038, -24.27701213], [-47.45838654, -24.27702601], [-47.45778786, -24.27748938], [-47.45762382, -24.27870872], [-47.4577324, -24.27948692], [-47.45803943, -24.28015042], [-47.45838479, -24.28060598], [-47.45903198, -24.28074041], [-47.45974754, -24.2807571], [-47.46056067, -24.28077606], [-47.46117948, -24.28076065], [-47.46180573, -24.28047691], [-47.46233771, -24.28007164], [-47.46284377, -24.2794271], [-47.46302293, -24.2788346], [-47.46321035, -24.27794396], [-47.46329854, -24.27711068], [-47.46338095, -24.2764861], [-47.46369515, -24.27571775], [-47.46396691, -24.27530641], [-47.4645606, -24.2750219], [-47.46527283, -24.27515781], [-47.4661485, -24.2752677], [-47.46699577, -24.27522775], [-47.46733422, -24.27475828], [-47.46722724, -24.27392045], [-47.46716269, -24.27272561], [-47.46721915, -24.27186175], [-47.46769676, -24.27106735], [-47.4682645, -24.27054355], [-47.46892238, -24.27029035], [-47.46966958, -24.27033755], [-47.47056786, -24.27080594], [-47.47153283, -24.2712162], [-47.47260692, -24.27121132], [-47.47365179, -24.27108642], [-47.4747617, -24.27096302], [-47.47590577, -24.27078074], [-47.47684977, -24.27077281], [-47.47814659, -24.27095206], [-47.47943765, -24.27134], [-47.48050271, -24.27166303], [-47.48142616, -24.27240044], [-47.48187574, -24.2726197], [-47.48243112, -24.27254306], [-47.48258258, -24.27177089], [-47.4827439, -24.27064094], [-47.48266359, -24.27001256], [-47.482806, -24.26956835], [-47.48333541, -24.26925244], [-47.48425017, -24.26912445], [-47.4858006, -24.26954818], [-47.48732346, -24.26979225], [-47.48826417, -24.26990351], [-47.48903325, -24.27033896], [-47.48954215, -24.27076841], [-47.49008931, -24.27098989], [-47.49093985, -24.27083054], [-47.49159852, -24.27054742], [-47.49221975, -24.27044244], [-47.4930539, -24.27087938], [-47.49375222, -24.27152202], [-47.4943311, -24.27177406], [-47.49533935, -24.27179733], [-47.49642493, -24.27137487], [-47.49735115, -24.27082939], [-47.49801145, -24.2704866], [-47.49886852, -24.27008869], [-47.49975158, -24.26993004], [-47.50089727, -24.26968793], [-47.501847, -24.26947113], [-47.50236329, -24.2696322], [-47.50264539, -24.27002654], [-47.50269981, -24.27041564], [-47.50216962, -24.27076144], [-47.5016069, -24.27110649], [-47.50110923, -24.27145304], [-47.50106526, -24.2718697], [-47.50124978, -24.2722618], [-47.50173438, -24.2723923], [-47.50248081, -24.27246917], [-47.50354514, -24.27282185], [-47.5041167, -24.2733422], [-47.50468989, -24.27380291], [-47.50520213, -24.27411304], [-47.50582092, -24.27409745], [-47.50648122, -24.27375463], [-47.50694963, -24.27328805], [-47.50719608, -24.27260753], [-47.5073116, -24.27195383], [-47.50758078, -24.27163184], [-47.50810525, -24.27149473], [-47.50848738, -24.27180186], [-47.50882884, -24.2724064], [-47.50924106, -24.27280373], [-47.50970049, -24.27266511], [-47.50990298, -24.27240126], [-47.50985587, -24.27174382], [-47.50962421, -24.27069429], [-47.50947545, -24.27018368], [-47.50938848, -24.26979383], [-47.50968609, -24.26962167], [-47.5103382, -24.26957698], [-47.51120739, -24.26992513], [-47.51119109, -24.27052145], [-47.51156101, -24.27127581], [-47.51196753, -24.27188184], [-47.51201872, -24.2723902], [-47.51193411, -24.27310429], [-47.51161694, -24.27399204], [-47.51142822, -24.27494241], [-47.51121351, -24.2756535], [-47.51083371, -24.2764503], [-47.5102978, -24.27700484], [-47.50953828, -24.27740507], [-47.50875194, -24.27759583], [-47.50796724, -24.27772696], [-47.50763545, -24.277958], [-47.5074256, -24.27849019], [-47.50780448, -24.27891659], [-47.50828259, -24.2792856], [-47.50845898, -24.27997585], [-47.5084711, -24.28072199], [-47.50858326, -24.28138092], [-47.50886294, -24.28186471], [-47.50976228, -24.28230307], [-47.51086251, -24.2825372], [-47.51170822, -24.28255664], [-47.51281905, -24.28240315], [-47.51409414, -24.28219376], [-47.51472927, -24.28158182], [-47.51535869, -24.28117858], [-47.51604502, -24.281075], [-47.5170802, -24.28130759], [-47.51768845, -24.28167956], [-47.51904891, -24.2819196], [-47.51979298, -24.28208584], [-47.52028821, -24.28182868], [-47.52100382, -24.28065169], [-47.52151368, -24.27985783], [-47.52204712, -24.2793927], [-47.52283915, -24.27899316], [-47.52362142, -24.2789514], [-47.52436142, -24.27926669], [-47.52480055, -24.27987344], [-47.52508355, -24.28023793], [-47.52604638, -24.28073732], [-47.52736702, -24.2812449], [-47.52820057, -24.28171148], [-47.52847791, -24.28228469], [-47.52855358, -24.28309196], [-47.52836903, -24.28389328], [-47.52803076, -24.2843629], [-47.52731026, -24.28452543], [-47.52659625, -24.28444942], [-47.52587819, -24.2845225], [-47.52539924, -24.28537674], [-47.52534315, -24.28624067], [-47.52573922, -24.28723428], [-47.52600843, -24.28810565], [-47.52559533, -24.28893157], [-47.52509113, -24.28951672], [-47.5249041, -24.29040748], [-47.52468698, -24.29120805], [-47.52395425, -24.2918178], [-47.52381112, -24.29229188], [-47.52415432, -24.29283676], [-47.52508714, -24.29324598], [-47.52556454, -24.29364476], [-47.52568166, -24.2941248], [-47.52569388, -24.29487095], [-47.52587444, -24.2954121], [-47.5263925, -24.29551347], [-47.52717975, -24.29529281], [-47.52786453, -24.29524881], [-47.52821913, -24.29537626], [-47.52846964, -24.29574001], [-47.52805571, -24.29659575], [-47.52774912, -24.29709593], [-47.52793294, -24.29751782], [-47.52861611, -24.29753345], [-47.52949528, -24.29752373], [-47.53017277, -24.29774806], [-47.53094623, -24.29803426], [-47.53131463, -24.29765483], [-47.53136745, -24.29691017], [-47.53086155, -24.29636157], [-47.53022065, -24.2959889], [-47.5302613, -24.29569148], [-47.53092248, -24.29531875], [-47.53187076, -24.29516141], [-47.5329671, -24.29554448], [-47.53344372, -24.29597306], [-47.53390402, -24.29580457], [-47.53417076, -24.29557198], [-47.53406009, -24.29485341], [-47.53426987, -24.29432118], [-47.53486435, -24.29400657], [-47.53566629, -24.29444256], [-47.53636253, -24.2951745], [-47.53735563, -24.29576403], [-47.53861465, -24.29615077], [-47.53907576, -24.29595244], [-47.53957183, -24.2956654], [-47.54009477, -24.29558782], [-47.54083977, -24.29572415], [-47.54112042, -24.29617807], [-47.54129376, -24.29698757], [-47.54153703, -24.29761965], [-47.54188923, -24.29783652], [-47.5423463, -24.29778727], [-47.54278054, -24.29737947], [-47.5430887, -24.29681963], [-47.54335785, -24.29649757], [-47.54430047, -24.29654888], [-47.5450178, -24.29650554], [-47.54566683, -24.29657999], [-47.54624594, -24.29683185], [-47.54672343, -24.29723057], [-47.54723264, -24.29765985], [-47.54749313, -24.29885919], [-47.5474802, -24.29933626], [-47.54714437, -24.29971647], [-47.54678005, -24.29994687], [-47.54632377, -24.29996632], [-47.54554783, -24.29976964], [-47.54483534, -24.29963408], [-47.54450758, -24.29971612], [-47.54439866, -24.30013133], [-47.54477613, -24.30061729], [-47.54535445, -24.30089897], [-47.54633045, -24.30092119], [-47.54701284, -24.30096656], [-47.54811333, -24.30120045], [-47.54880057, -24.30106691], [-47.54940474, -24.30039444], [-47.54952413, -24.2995916], [-47.54932224, -24.29863228], [-47.54868853, -24.29799133], [-47.54818012, -24.29753223], [-47.54819143, -24.2971148], [-47.54878428, -24.29685977], [-47.54960162, -24.29672918], [-47.55055071, -24.29654191], [-47.55133068, -24.29658947], [-47.5532251, -24.29755741], [-47.55357329, -24.29792334], [-47.5537857, -24.29849504], [-47.55380453, -24.29900267], [-47.55353056, -24.29950364], [-47.55322002, -24.30015297], [-47.55317055, -24.30077839], [-47.55332435, -24.30111007], [-47.55400997, -24.30103614], [-47.55519731, -24.30046639], [-47.55586409, -24.29988482], [-47.5564927, -24.29951123], [-47.55708555, -24.29925616], [-47.55805833, -24.29939757], [-47.55883833, -24.2994451], [-47.55956613, -24.29901407], [-47.56025899, -24.29867175], [-47.56090724, -24.29877595], [-47.56160689, -24.29938852], [-47.5617591, -24.29977983], [-47.56164219, -24.30049323], [-47.56166186, -24.30097105], [-47.5619165, -24.30118567], [-47.56240933, -24.30101782], [-47.56282065, -24.30025142], [-47.56287328, -24.29950672], [-47.56307974, -24.2990937], [-47.56363764, -24.29892732], [-47.56438028, -24.29915299], [-47.56511248, -24.29976628], [-47.56607724, -24.30020581], [-47.56676206, -24.30016164], [-47.56806904, -24.29998235], [-47.56937762, -24.29974343], [-47.57000058, -24.2995785], [-47.57075206, -24.29947614], [-47.57120112, -24.29972497], [-47.57134614, -24.30038464], [-47.57092846, -24.30138961], [-47.57058386, -24.30209788], [-47.57069233, -24.30290589], [-47.57100003, -24.30356923], [-47.57140453, -24.3042646], [-47.57164074, -24.305165], [-47.57154839, -24.30617733], [-47.57149419, -24.30698167], [-47.57156452, -24.30799767], [-47.57180796, -24.30862972], [-47.5723165, -24.30908875], [-47.57347899, -24.30944321], [-47.5752685, -24.30948362], [-47.57735164, -24.3095008], [-47.57888167, -24.30950548], [-47.5805141, -24.30933344], [-47.58182277, -24.30909441], [-47.58251564, -24.30875199], [-47.58328957, -24.30781468], [-47.58379761, -24.30708022], [-47.58420563, -24.30643302], [-47.5848342, -24.3060593], [-47.58561826, -24.30595761], [-47.58694106, -24.30640508], [-47.58797183, -24.30681613], [-47.58883834, -24.30728316], [-47.5892168, -24.30773921], [-47.5891699, -24.30827521], [-47.58866588, -24.30886059], [-47.58815706, -24.30962489], [-47.5880315, -24.31066632], [-47.58795045, -24.31126122], [-47.58751229, -24.31181825], [-47.58716535, -24.31261601], [-47.58724938, -24.31312512], [-47.5876001, -24.31340153], [-47.58819058, -24.3132358], [-47.58862715, -24.31273841], [-47.58918748, -24.31248248], [-47.59010173, -24.3123837], [-47.59051355, -24.31281066], [-47.59078724, -24.31353288], [-47.59122362, -24.31425875], [-47.59156638, -24.31483334], [-47.591556, -24.31522098], [-47.59118691, -24.31563038], [-47.58984005, -24.31607748], [-47.58910583, -24.3167472], [-47.58889302, -24.31739881], [-47.58894133, -24.31802645], [-47.58912459, -24.31847811], [-47.58953642, -24.31890508], [-47.59021735, -24.3190099], [-47.59136581, -24.31867769], [-47.59268335, -24.31811057], [-47.59353894, -24.31777176], [-47.59439134, -24.31755222], [-47.59507785, -24.31744829], [-47.59582626, -24.31746509], [-47.5963445, -24.31756623], [-47.59663097, -24.31781135], [-47.59674599, -24.31838082], [-47.59603955, -24.31923021], [-47.59578467, -24.32023892], [-47.59602665, -24.32093058], [-47.59675754, -24.32160338], [-47.59775355, -24.32210311], [-47.59865432, -24.32251119], [-47.59952894, -24.32267999], [-47.60002581, -24.32236293], [-47.60050367, -24.32153823], [-47.6009871, -24.3205048], [-47.60116413, -24.31997172], [-47.60131418, -24.31922917], [-47.60165072, -24.31881901], [-47.60220788, -24.31868231], [-47.60275469, -24.31893325], [-47.60296895, -24.31944527], [-47.60291573, -24.32021982], [-47.60253869, -24.32092744], [-47.60199576, -24.32175069], [-47.60178221, -24.32243214], [-47.60202742, -24.32300453], [-47.60253614, -24.32346347], [-47.60360625, -24.32377544], [-47.60409591, -24.32318283], [-47.604687, -24.32277082], [-47.60546662, -24.32254021], [-47.60604826, -24.32248235], [-47.60678733, -24.3223217], [-47.60710503, -24.32200987], [-47.60707676, -24.32161942], [-47.60673269, -24.32146997], [-47.60615294, -24.32145699], [-47.60529792, -24.32161504], [-47.60471628, -24.3216729], [-47.60398854, -24.32140853], [-47.60368784, -24.32108286], [-47.60365959, -24.32069241], [-47.60405458, -24.32038231], [-47.60457403, -24.31975606], [-47.60489833, -24.31919632], [-47.60499168, -24.31859596], [-47.60473813, -24.3179524], [-47.60405851, -24.31733474], [-47.60318187, -24.31685441], [-47.60203471, -24.31636802], [-47.60130701, -24.31610365], [-47.60084985, -24.31584534], [-47.60074808, -24.31531149], [-47.60091685, -24.31478371], [-47.60123454, -24.31447189], [-47.60173979, -24.31437689], [-47.60243261, -24.31449873], [-47.60288505, -24.31493412], [-47.6033356, -24.31544034], [-47.60401427, -24.31609342], [-47.60488335, -24.31685708], [-47.6055677, -24.31729765], [-47.60660649, -24.31749809], [-47.60779895, -24.31773739], [-47.60887923, -24.31783243], [-47.60969086, -24.31785058], [-47.60992841, -24.31764326], [-47.60998214, -24.31707745], [-47.60929967, -24.31656606], [-47.60881138, -24.31602357], [-47.60828162, -24.31558647], [-47.60778108, -24.3155044], [-47.60719287, -24.31581018], [-47.60656506, -24.31615052], [-47.60583074, -24.31613409], [-47.60505872, -24.31608137], [-47.60460627, -24.31564598], [-47.6044253, -24.31518124], [-47.60462893, -24.31479598], [-47.60513324, -24.31473639], [-47.6063351, -24.31462154], [-47.60718629, -24.31460514], [-47.60766139, -24.31419052], [-47.60826374, -24.31335347], [-47.60859744, -24.31243955], [-47.60885289, -24.31155931], [-47.60840516, -24.31094685], [-47.60826566, -24.31037672], [-47.60836087, -24.30970553], [-47.60888213, -24.30900842], [-47.60913663, -24.3081636], [-47.60924031, -24.30717365], [-47.60926199, -24.30635906], [-47.60955512, -24.30551509], [-47.60973138, -24.30470396], [-47.60963523, -24.30395761], [-47.60908302, -24.30314679], [-47.60933566, -24.30291679], [-47.60948816, -24.30247642], [-47.61016587, -24.30185915], [-47.61060576, -24.30136239], [-47.6108774, -24.30116186], [-47.61145213, -24.30090196], [-47.61180743, -24.3008435], [-47.61235987, -24.30084212], [-47.61301167, -24.30088325], [-47.61359353, -24.30097161], [-47.61407287, -24.30110326], [-47.61452054, -24.30132299], [-47.61476137, -24.30139737], [-47.615208, -24.30161442], [-47.61603632, -24.30176351], [-47.61652933, -24.30179292], [-47.61757834, -24.30170624], [-47.61787773, -24.30161082], [-47.61836075, -24.30134616], [-47.61870044, -24.30100725], [-47.61919058, -24.30036971], [-47.61933257, -24.30023458], [-47.61949982, -24.30013061], [-47.61990984, -24.29995566], [-47.62094376, -24.29990261], [-47.6213201, -24.29976614], [-47.62199179, -24.29933846], [-47.62218511, -24.29935317], [-47.62247971, -24.29955206], [-47.62299239, -24.30025082], [-47.62322003, -24.30043057], [-47.62322433, -24.300426], [-47.63018042, -24.30199927], [-47.65391738, -24.30736526], [-47.65408668, -24.30766815], [-47.65414095, -24.30781522], [-47.65413316, -24.3081502], [-47.65389426, -24.30845402], [-47.65299683, -24.30910511], [-47.65268283, -24.30949147], [-47.65254308, -24.30987479], [-47.65258216, -24.3101909], [-47.65266492, -24.3103817], [-47.65340544, -24.31156012], [-47.65408675, -24.31254281], [-47.65439719, -24.31293089], [-47.65458982, -24.31324251], [-47.65470133, -24.31348966], [-47.65477412, -24.31381601], [-47.65470376, -24.31445715], [-47.65489252, -24.31524448], [-47.65487338, -24.31574392], [-47.65499627, -24.31601705], [-47.65558851, -24.31678829], [-47.65572985, -24.31704846], [-47.65576165, -24.31720404], [-47.65575941, -24.31752178], [-47.6556494, -24.31786667], [-47.65515825, -24.31830759], [-47.65490106, -24.31867942], [-47.65486563, -24.31896435], [-47.65492067, -24.31919534], [-47.65505901, -24.31950068], [-47.65511385, -24.31972175], [-47.65509472, -24.32041073], [-47.65513436, -24.32065824], [-47.6553652, -24.32129049], [-47.65590262, -24.32235963], [-47.6559295, -24.3225153], [-47.6560454, -24.32278313], [-47.65617784, -24.32323028], [-47.65622024, -24.32361041], [-47.65629927, -24.32503464], [-47.6563165, -24.32534522], [-47.65612081, -24.32554901], [-47.6560331, -24.32568864], [-47.6559121, -24.3260265], [-47.65591899, -24.32616808], [-47.65602917, -24.32663367], [-47.6560609, -24.32697428], [-47.65604813, -24.32711801], [-47.65598028, -24.32731234], [-47.65576384, -24.32760765], [-47.65536164, -24.32815893], [-47.65525369, -24.32841443], [-47.65515678, -24.32882137], [-47.65529559, -24.32938484], [-47.65537956, -24.32972724], [-47.6556055, -24.33017004], [-47.65567817, -24.33067075], [-47.6558517, -24.33088833], [-47.655974, -24.33113272], [-47.65612911, -24.33164814], [-47.6561789, -24.33316516], [-47.65618647, -24.33413123], [-47.65626071, -24.33458308], [-47.65648287, -24.33520718], [-47.65701009, -24.33610371], [-47.65717353, -24.33625803], [-47.6584688, -24.33714948], [-47.65886994, -24.33731406], [-47.65990873, -24.33774373], [-47.66031712, -24.33793543], [-47.6612373, -24.3386263], [-47.66155743, -24.33905232], [-47.66169738, -24.33953154], [-47.66171984, -24.33998307], [-47.66169001, -24.34043433], [-47.66156754, -24.34082192], [-47.66137955, -24.34114598], [-47.66104752, -24.34146026], [-47.66057086, -24.34175575], [-47.66031156, -24.34186275], [-47.65997283, -24.34186101], [-47.65925517, -24.34178509], [-47.65834924, -24.34147347], [-47.65803201, -24.34128224], [-47.65771572, -24.34113616], [-47.65727397, -24.34106165], [-47.65694191, -24.34107795], [-47.65670253, -24.34114899], [-47.65646325, -24.34130123], [-47.65630528, -24.3414539], [-47.65617662, -24.34174214], [-47.65617955, -24.34186855], [-47.65620164, -24.34207632], [-47.65634092, -24.34226663], [-47.65654023, -24.34240308], [-47.65705359, -24.34255018], [-47.65751304, -24.34265187], [-47.65818711, -24.34270951], [-47.65841215, -24.34276484], [-47.66000913, -24.34367593], [-47.6602774, -24.34371342], [-47.66119082, -24.34360977], [-47.66262671, -24.34326499], [-47.66441684, -24.34270537], [-47.6655121, -24.34246721], [-47.66616186, -24.34226287], [-47.66634783, -24.34216451], [-47.66681439, -24.34170645], [-47.66708882, -24.34113907], [-47.66712509, -24.34074201], [-47.66703652, -24.33991095], [-47.66667645, -24.33856385], [-47.66565, -24.33579595], [-47.66559659, -24.33536232], [-47.66563228, -24.33495623], [-47.66576207, -24.33468599], [-47.66588268, -24.33449701], [-47.66610362, -24.33431758], [-47.66638817, -24.33421069], [-47.66674665, -24.33420349], [-47.66712339, -24.33423249], [-47.66827702, -24.33450922], [-47.6692612, -24.33491152], [-47.67088393, -24.33573231], [-47.67133909, -24.33603255], [-47.67188682, -24.3365048], [-47.67224472, -24.33689484], [-47.67269621, -24.33790829], [-47.67305276, -24.33913795], [-47.67353586, -24.34205658], [-47.67363411, -24.34251751], [-47.67380322, -24.34287047], [-47.67403399, -24.34320569], [-47.6742881, -24.34335147], [-47.67478547, -24.34359774], [-47.67529149, -24.34374475], [-47.6758209, -24.34378353], [-47.67627647, -24.34371361], [-47.67696003, -24.34341907], [-47.67848804, -24.34229823], [-47.6791325, -24.34194034], [-47.67944481, -24.34183356], [-47.67988346, -24.34180868], [-47.68026982, -24.34187382], [-47.68058518, -24.34197471], [-47.68088576, -24.34217484], [-47.68124115, -24.34248358], [-47.68156685, -24.34301788], [-47.68189799, -24.34387727], [-47.6820506, -24.34410374], [-47.68233321, -24.34433086], [-47.68261388, -24.34445866], [-47.68312459, -24.34444316], [-47.68348098, -24.34437272], [-47.68396177, -24.34420358], [-47.68490774, -24.34358535], [-47.68580896, -24.34252447], [-47.68680808, -24.34145508], [-47.68713295, -24.3412039], [-47.6878089, -24.34093641], [-47.68844266, -24.34083122], [-47.68892666, -24.34084266], [-47.68965572, -24.34097267], [-47.69034123, -24.34117469], [-47.69088524, -24.34145726], [-47.69124977, -24.34178408], [-47.69149065, -24.34218252], [-47.69169688, -24.3426169], [-47.69187752, -24.34311435], [-47.69201369, -24.34446028], [-47.69205559, -24.34476744], [-47.69211561, -24.34503859], [-47.69224604, -24.34527397], [-47.69246616, -24.3455459], [-47.69271113, -24.34567351], [-47.69310773, -24.34578381], [-47.69349384, -24.34579474], [-47.69393155, -24.34572468], [-47.69486493, -24.34535912], [-47.69552858, -24.34499223], [-47.69669639, -24.34466393], [-47.6976342, -24.34448797], [-47.69800902, -24.34442661], [-47.6984801, -24.3442303], [-47.69871728, -24.34400576], [-47.69900382, -24.34356478], [-47.69904132, -24.34325796], [-47.69887967, -24.34277867], [-47.69847232, -24.34218983], [-47.69789846, -24.34174463], [-47.69692552, -24.34108079], [-47.69664225, -24.34087174], [-47.69652305, -24.34071768], [-47.69641106, -24.34049142], [-47.69641296, -24.34016641], [-47.69651287, -24.33982383], [-47.69667572, -24.3394635], [-47.69691066, -24.33910352], [-47.69719991, -24.33881599], [-47.69745743, -24.33869989], [-47.69850915, -24.33841615], [-47.69899944, -24.33830118], [-47.69967482, -24.33802461], [-47.70024821, -24.33759406], [-47.70044358, -24.33736028], [-47.70072791, -24.33644079], [-47.70087202, -24.33560186], [-47.70094633, -24.33531332], [-47.70109402, -24.33512444], [-47.70140433, -24.33492734], [-47.70518726, -24.33369983], [-47.70562327, -24.33348527], [-47.70595698, -24.33317993], [-47.70619717, -24.33265746], [-47.70640414, -24.33061806], [-47.70637321, -24.33000393], [-47.7061457, -24.32940696], [-47.70560612, -24.32805008], [-47.70459352, -24.3259596], [-47.70450552, -24.32562512], [-47.7045456, -24.32539957], [-47.70468437, -24.32515648], [-47.7048964, -24.32501305], [-47.70517312, -24.32497829], [-47.70573879, -24.32502618], [-47.7063869, -24.32518281], [-47.70675792, -24.32534712], [-47.70753955, -24.32584748], [-47.70847314, -24.32670072], [-47.70986, -24.32829642], [-47.71044154, -24.32890413], [-47.71080527, -24.32915868], [-47.71112286, -24.32929564], [-47.71148079, -24.32927028], [-47.7120329, -24.32911044], [-47.7125994, -24.32879718], [-47.71322094, -24.32812304], [-47.71382759, -24.32671754], [-47.71427193, -24.32525704], [-47.71445282, -24.32486066], [-47.71469708, -24.32457293], [-47.71488299, -24.32447451], [-47.71512405, -24.32442149], [-47.7153308, -24.32444957], [-47.71553861, -24.32451377], [-47.7157921, -24.32465944], [-47.71589472, -24.32480439], [-47.71624723, -24.32540195], [-47.71641295, -24.3256104], [-47.71683045, -24.32582908], [-47.71824721, -24.32672972], [-47.71839963, -24.32689296], [-47.7190778, -24.32761847], [-47.71953731, -24.32814431], [-47.71981459, -24.32855191], [-47.72001891, -24.32889597], [-47.72022096, -24.32953794], [-47.72031483, -24.33014329], [-47.72032939, -24.33126292], [-47.72026953, -24.33182239], [-47.7201952, -24.33211997], [-47.71981435, -24.33313835], [-47.71976852, -24.33339995], [-47.71974867, -24.33375196], [-47.71977293, -24.33403196], [-47.71988602, -24.33428529], [-47.7200784, -24.33446678], [-47.72034118, -24.33460345], [-47.7208184, -24.33472314], [-47.72143725, -24.33474411], [-47.7218294, -24.33465574], [-47.72216617, -24.33445867], [-47.72260944, -24.3338288], [-47.72329574, -24.33236948], [-47.7236724, -24.33198305], [-47.72423185, -24.33171485], [-47.72469752, -24.33159067], [-47.72514578, -24.33160182], [-47.72556133, -24.33173922], [-47.72591502, -24.33192146], [-47.72657824, -24.33235796], [-47.72700768, -24.33276627], [-47.72723916, -24.33310141], [-47.7272711, -24.3333363], [-47.7272103, -24.33385063], [-47.72707747, -24.33556542], [-47.72708463, -24.33582728], [-47.72715388, -24.33610748], [-47.727337, -24.33628891], [-47.72766252, -24.33644393], [-47.72794273, -24.3365536], [-47.72811283, -24.33653634], [-47.72847646, -24.33637555], [-47.72889155, -24.33605249], [-47.72941118, -24.33519726], [-47.72957764, -24.33462018], [-47.72969135, -24.33367275], [-47.72979561, -24.33265304], [-47.72978156, -24.33240921], [-47.72966492, -24.33202044], [-47.72929568, -24.33153117], [-47.72859144, -24.33082364], [-47.72784198, -24.33017001], [-47.72764975, -24.32996145], [-47.72760999, -24.32980778], [-47.72763358, -24.32966344], [-47.72775585, -24.32949248], [-47.72791533, -24.32939392], [-47.72838964, -24.32936908], [-47.72931413, -24.32945469], [-47.73186857, -24.3294577], [-47.73252688, -24.32935245], [-47.73338897, -24.32903148], [-47.73432801, -24.32849418], [-47.73549765, -24.32747042], [-47.73629259, -24.32692341], [-47.73667453, -24.32678977], [-47.73742681, -24.32673009], [-47.73776668, -24.3267407], [-47.7381874, -24.32682392], [-47.73893811, -24.32715244], [-47.74024133, -24.32769118], [-47.74063049, -24.32790967], [-47.74107849, -24.32829997], [-47.74166558, -24.32893468], [-47.74232229, -24.32989473], [-47.74240265, -24.33006664], [-47.74272657, -24.33095296], [-47.74309717, -24.33276937], [-47.7431818, -24.33316701], [-47.74335854, -24.33350188], [-47.74370789, -24.3339188], [-47.74412027, -24.33429989], [-47.74441009, -24.33445472], [-47.74481635, -24.33460105], [-47.74522223, -24.33471126], [-47.74555256, -24.33466765], [-47.74631671, -24.33435518], [-47.74693448, -24.33388856], [-47.7472566, -24.3334296], [-47.74740843, -24.33303305], [-47.74747342, -24.33230206], [-47.74739801, -24.33167876], [-47.74717341, -24.33086517], [-47.74714149, -24.32938434], [-47.74720216, -24.32887903], [-47.74732683, -24.32838304], [-47.74749284, -24.3280949], [-47.74786996, -24.32770842], [-47.74828574, -24.32746657], [-47.74848183, -24.32742233], [-47.74876824, -24.32740559], [-47.74896675, -24.32747873], [-47.74917765, -24.32765124], [-47.74939073, -24.32798626], [-47.7496641, -24.32901675], [-47.74984436, -24.3299475], [-47.74997901, -24.3303273], [-47.75039419, -24.33132237], [-47.7509783, -24.33205634], [-47.7511768, -24.3325809], [-47.75130685, -24.3333489], [-47.75126872, -24.33390848], [-47.75111402, -24.3342689], [-47.75069509, -24.33463714], [-47.75037612, -24.3348524], [-47.74977168, -24.33512951], [-47.74933548, -24.33538932], [-47.74910597, -24.33557786], [-47.74898522, -24.33580302], [-47.74899974, -24.33608296], [-47.74910489, -24.33633624], [-47.74931473, -24.33648165], [-47.74961344, -24.33658234], [-47.75006368, -24.33657537], [-47.75027616, -24.33657635], [-47.75041303, -24.33654989], [-47.75105543, -24.33620074], [-47.7521252, -24.33529378], [-47.75298669, -24.3340608], [-47.75380851, -24.33265614], [-47.75406914, -24.33240453], [-47.75463546, -24.33200084], [-47.75512143, -24.33186763], [-47.75530874, -24.33185043], [-47.75549551, -24.3318242], [-47.75646375, -24.33179249], [-47.75664671, -24.3317843], [-47.75765109, -24.33190623], [-47.7579058, -24.33195253], [-47.75863171, -24.33210028], [-47.75866927, -24.33210045], [-47.75946693, -24.3325284], [-47.75978638, -24.33279167], [-47.76000779, -24.33318992], [-47.76041787, -24.334221], [-47.76074402, -24.33484547], [-47.76125708, -24.33540755], [-47.76171434, -24.33568949], [-47.7622032, -24.33571879], [-47.76299005, -24.33564108], [-47.76384767, -24.33534702], [-47.76474923, -24.33478225], [-47.76565136, -24.33422655], [-47.76617142, -24.33393998], [-47.76648379, -24.3339143], [-47.76685929, -24.33394307], [-47.76722626, -24.33408014], [-47.76744617, -24.33441517], [-47.76764923, -24.33513839], [-47.76776622, -24.33537365], [-47.76886817, -24.33648907], [-47.76947911, -24.33695224], [-47.77043702, -24.33725446], [-47.77136476, -24.33732179], [-47.77232771, -24.33725386], [-47.77371463, -24.33655582], [-47.77469039, -24.33592818], [-47.77529254, -24.3357232], [-47.77580633, -24.33569839], [-47.77608194, -24.33575378], [-47.77643638, -24.33591786], [-47.77672997, -24.33619001], [-47.77693713, -24.33649789], [-47.77695903, -24.33689523], [-47.77689118, -24.33726509], [-47.7765986, -24.33762493], [-47.77595813, -24.33809156], [-47.77454834, -24.33891591], [-47.77321621, -24.33984897], [-47.77263943, -24.34037005], [-47.7722629, -24.34088298], [-47.77224243, -24.34113568], [-47.77236663, -24.34164182], [-47.77257521, -24.34203096], [-47.77284466, -24.34232102], [-47.77370647, -24.34274922], [-47.774437, -24.34296915], [-47.77488868, -24.34304338], [-47.77542551, -24.3429645], [-47.7765066, -24.34257205], [-47.77766283, -24.34161115], [-47.77808285, -24.34136924], [-47.77841894, -24.34128044], [-47.77859544, -24.34133539], [-47.77884898, -24.34148999], [-47.77911932, -24.34184328], [-47.77955736, -24.3429918], [-47.77979373, -24.3434894], [-47.78004978, -24.34375239], [-47.78024176, -24.34390667], [-47.78059319, -24.34395336], [-47.7809571, -24.34396399], [-47.78129261, -24.34387523], [-47.7818704, -24.3433902], [-47.78283658, -24.3423562], [-47.78337999, -24.34197037], [-47.784188, -24.34173014], [-47.78478913, -24.34173278], [-47.78524355, -24.34187019], [-47.78615301, -24.34226238], [-47.78644468, -24.34230879], [-47.78684468, -24.34225637], [-47.78740175, -24.34196087], [-47.78811338, -24.34131394], [-47.78840934, -24.34112563], [-47.7886843, -24.34107266], [-47.78887418, -24.34115474], [-47.78898982, -24.3412997], [-47.78899731, -24.3416428], [-47.78888613, -24.34229235], [-47.78837813, -24.34369855], [-47.78828689, -24.34406835], [-47.78840459, -24.34489043], [-47.78844286, -24.34546841], [-47.78857883, -24.34598361], [-47.78897931, -24.34653607], [-47.78904792, -24.34684333], [-47.78900771, -24.3472404], [-47.78863049, -24.34776239], [-47.78840617, -24.34838436], [-47.788305, -24.34888955], [-47.78831648, -24.3494042], [-47.78840838, -24.34962128], [-47.78887112, -24.35017401], [-47.78920564, -24.35040117], [-47.79020735, -24.35095625], [-47.79214536, -24.35196678], [-47.79251325, -24.352167], [-47.79289284, -24.35237629], [-47.79333483, -24.35254071], [-47.79406459, -24.35268831], [-47.79464104, -24.35269983], [-47.79567862, -24.35262305], [-47.79630098, -24.3524542], [-47.79766468, -24.35184615], [-47.79838929, -24.35155133], [-47.79872363, -24.35147953], [-47.79892511, -24.35143627], [-47.79953957, -24.35148404], [-47.799993, -24.35158529], [-47.80035977, -24.35176743], [-47.80074257, -24.35205797], [-47.80100215, -24.35250146], [-47.80106763, -24.35318793], [-47.80085524, -24.35436971], [-47.80063431, -24.35506393], [-47.80053106, -24.35549684], [-47.80052466, -24.35578572], [-47.8006692, -24.35607523], [-47.80084865, -24.35626559], [-47.80094991, -24.35634728], [-47.80171933, -24.35656725], [-47.80219481, -24.35656928], [-47.80271893, -24.35646318], [-47.8037583, -24.35592592], [-47.80448735, -24.35547762], [-47.8049153, -24.355019], [-47.8054747, -24.35365813], [-47.80585686, -24.3528743], [-47.80626133, -24.35242456], [-47.8066803, -24.3521555], [-47.80711585, -24.35201289], [-47.80749145, -24.35204157], [-47.80779499, -24.35217828], [-47.80825245, -24.35246009], [-47.80844944, -24.35272274], [-47.80913068, -24.35407086], [-47.8097087, -24.35475042], [-47.81115506, -24.356192], [-47.81144184, -24.35636474], [-47.81229971, -24.3566392], [-47.81280556, -24.356858], [-47.81333859, -24.35717623], [-47.8137732, -24.35759335], [-47.81405714, -24.35796474], [-47.81424226, -24.35839887], [-47.81435469, -24.35894103], [-47.81435086, -24.35934728], [-47.81427084, -24.35969904], [-47.81370807, -24.36088839], [-47.81345934, -24.3614832], [-47.81342412, -24.3616275], [-47.81342041, -24.36199764], [-47.81344058, -24.36289155], [-47.81355075, -24.36339759], [-47.81374677, -24.36374148], [-47.81423141, -24.36414075], [-47.81466649, -24.36458495], [-47.81484869, -24.36486559], [-47.81486813, -24.3651636], [-47.81465987, -24.36653504], [-47.81466747, -24.36673369], [-47.81475224, -24.36714933], [-47.81490948, -24.36749306], [-47.81512902, -24.36780996], [-47.81548469, -24.36801007], [-47.81586183, -24.36810193], [-47.81632427, -24.36801359], [-47.81672026, -24.36778954], [-47.81740458, -24.36706112], [-47.81771154, -24.36677351], [-47.81815648, -24.36648647], [-47.81848017, -24.36642462], [-47.8189456, -24.36648073], [-47.81917228, -24.36659904], [-47.81941728, -24.36687993], [-47.81967312, -24.36771158], [-47.81982514, -24.36836223], [-47.81997959, -24.36851635], [-47.82030782, -24.36866217], [-47.82074844, -24.36875428], [-47.82123643, -24.36872922], [-47.821708, -24.36853256], [-47.8234014, -24.36753747], [-47.82407052, -24.36725134], [-47.82453187, -24.36713588], [-47.82539664, -24.36715751], [-47.82700453, -24.36738081], [-47.82876507, -24.36774917], [-47.82998998, -24.36818755], [-47.83055153, -24.3684968], [-47.83110043, -24.36898657], [-47.8315042, -24.36968338], [-47.83174832, -24.37053301], [-47.83190404, -24.37131914], [-47.83209653, -24.37150951], [-47.83230961, -24.37152844], [-47.8325083, -24.37145703], [-47.83277922, -24.37123243], [-47.83324925, -24.37046692], [-47.8343158, -24.36775382], [-47.83471541, -24.36486642], [-47.83477101, -24.36457774], [-47.83491587, -24.36430749], [-47.83514701, -24.36401953], [-47.83565211, -24.36364241], [-47.83618548, -24.36340082], [-47.83688201, -24.36317799], [-47.83731881, -24.36316166], [-47.83777126, -24.36321766], [-47.83802491, -24.36338119], [-47.83853806, -24.36387982], [-47.83962804, -24.36559956], [-47.83983991, -24.36612405], [-47.83988865, -24.36662079], [-47.83984601, -24.36754152], [-47.83954196, -24.36813615], [-47.83902565, -24.36904589], [-47.83868147, -24.36952299], [-47.83827666, -24.36980122], [-47.83773546, -24.37012404], [-47.83721969, -24.37054627], [-47.83694202, -24.37089728], [-47.83665004, -24.37165445], [-47.83658373, -24.37225003], [-47.83659644, -24.37280079], [-47.83670982, -24.37330682], [-47.8368988, -24.37409303], [-47.83704388, -24.37454502], [-47.83703941, -24.3748339], [-47.83692028, -24.37513134], [-47.83635476, -24.37641107], [-47.8357056, -24.37751888], [-47.8340023, -24.37955371], [-47.83307305, -24.38074275], [-47.83273911, -24.38210904], [-47.83300459, -24.38348786], [-47.83320877, -24.38492033], [-47.83330127, -24.38602089], [-47.83392644, -24.38740724], [-47.83497398, -24.38869255], [-47.8357396, -24.38925787], [-47.83619591, -24.39020124], [-47.83617675, -24.39096987], [-47.83531969, -24.39166605], [-47.83439583, -24.39263548], [-47.83413002, -24.39367361], [-47.8341434, -24.39554154], [-47.83374398, -24.39712617], [-47.83335551, -24.39827159], [-47.8327954, -24.39908383], [-47.83205405, -24.3999472], [-47.83048023, -24.40051847], [-47.82867757, -24.40064549], [-47.82705476, -24.40077625], [-47.82585023, -24.40097071], [-47.82463883, -24.40143966], [-47.82408827, -24.40186755], [-47.82364937, -24.40262736], [-47.82380448, -24.40361936], [-47.82426349, -24.40445296], [-47.82599522, -24.40541025], [-47.82687736, -24.40304406], [-47.82943677, -24.40232197], [-47.83305156, -24.40295179], [-47.83628143, -24.40446007], [-47.84066855, -24.40809808], [-47.84457206, -24.4117259], [-47.84658439, -24.41354104], [-47.84838236, -24.41424346], [-47.85117837, -24.41374759], [-47.85313858, -24.41279098], [-47.85522663, -24.4116055], [-47.8554756, -24.41120926], [-47.85562702, -24.41097513], [-47.85569462, -24.41049688], [-47.85581779, -24.40998278], [-47.85652485, -24.40768347], [-47.85712728, -24.40602468], [-47.85839403, -24.40407062], [-47.85883079, -24.40355775], [-47.86094407, -24.40134513], [-47.86191361, -24.40060863], [-47.86247173, -24.40036706], [-47.86346313, -24.40010008], [-47.86408839, -24.39999418], [-47.8648617, -24.39997913], [-47.86557148, -24.40011731], [-47.86652848, -24.40035574], [-47.86762561, -24.40080236], [-47.86867292, -24.40150155], [-47.86933944, -24.40207292], [-47.87049143, -24.40345862], [-47.87132129, -24.40496043], [-47.87197592, -24.4066512], [-47.87220251, -24.40776249], [-47.8722892, -24.40861143], [-47.87252691, -24.4091811], [-47.87290533, -24.40957074], [-47.87392031, -24.41035103], [-47.87464623, -24.410742], [-47.87507358, -24.41080687], [-47.87601322, -24.41068403], [-47.87648465, -24.41053235], [-47.87779373, -24.40993248], [-47.87792943, -24.40980865], [-47.87817797, -24.40958186], [-47.87844856, -24.40914955], [-47.8786413, -24.40877112], [-47.87967306, -24.40680697], [-47.87982156, -24.40640129], [-47.87984763, -24.40608537], [-47.87950129, -24.40405279], [-47.87915437, -24.40202017], [-47.87828915, -24.39837865], [-47.87821744, -24.39810522], [-47.87793363, -24.39702307], [-47.8775389, -24.39643476], [-47.87498116, -24.39337357], [-47.87406642, -24.39157348], [-47.87395423, -24.39104943], [-47.87398568, -24.39049884], [-47.87410939, -24.38998473], [-47.87432487, -24.38961541], [-47.87492982, -24.3890941], [-47.87532652, -24.38883381], [-47.87587104, -24.38858306], [-47.87633848, -24.38848558], [-47.87725777, -24.38847103], [-47.87766735, -24.38849968], [-47.87841524, -24.38890878], [-47.87844301, -24.38893354], [-47.87905588, -24.38947997], [-47.87974934, -24.39035831], [-47.87992967, -24.39093679], [-47.87997223, -24.39133417], [-47.87972365, -24.39371664], [-47.87983153, -24.39452053], [-47.88009998, -24.39497295], [-47.88058461, -24.39529979], [-47.88149036, -24.39570044], [-47.8825606, -24.3959663], [-47.88370347, -24.39597964], [-47.88464194, -24.39581165], [-47.88544132, -24.39547159], [-47.88612549, -24.39499569], [-47.88670763, -24.39447425], [-47.88707385, -24.39387076], [-47.8877896, -24.39252824], [-47.8882226, -24.3918618], [-47.88852907, -24.39151988], [-47.88909952, -24.39098937], [-47.88945132, -24.39070179], [-47.89012907, -24.39042445], [-47.89102195, -24.39024723], [-47.89139192, -24.39025334], [-47.89172735, -24.39025888], [-47.89196562, -24.39029588], [-47.89344776, -24.3908882], [-47.89387347, -24.39110717], [-47.89433171, -24.39134287], [-47.89537531, -24.39201468], [-47.89639108, -24.39266856], [-47.89703613, -24.3928919], [-47.89726094, -24.39296974], [-47.89770949, -24.39296236], [-47.89849064, -24.3928388], [-47.90001378, -24.39266384], [-47.90224402, -24.39268104], [-47.90371004, -24.39303849], [-47.90519425, -24.39374811], [-47.90642514, -24.39449287], [-47.90808223, -24.39583501], [-47.91011145, -24.39689861], [-47.91089146, -24.39719031], [-47.91140246, -24.39728243], [-47.91282581, -24.39726047], [-47.91298196, -24.39664361], [-47.91304606, -24.39648982], [-47.9135003, -24.39540004], [-47.91373648, -24.39461401], [-47.91389659, -24.39381952], [-47.91424874, -24.39271992], [-47.91439886, -24.39240374], [-47.91469237, -24.39178551], [-47.9147476, -24.39161569], [-47.91481773, -24.39115141], [-47.91480383, -24.39050284], [-47.91483293, -24.39035429], [-47.91483416, -24.39002128], [-47.9149125, -24.38957127], [-47.91504314, -24.38908146], [-47.91518271, -24.38876563], [-47.9153913, -24.38840968], [-47.9162833, -24.38713544], [-47.916315, -24.38675672], [-47.91627038, -24.38648686], [-47.91616095, -24.38618395], [-47.91591901, -24.38581682], [-47.91564652, -24.38549269], [-47.91496984, -24.38490111], [-47.91483505, -24.38473766], [-47.91481614, -24.38455653], [-47.91479463, -24.3843504], [-47.91488286, -24.38407347], [-47.915226, -24.38202471], [-47.91529932, -24.38187079], [-47.91532632, -24.3815445], [-47.91536187, -24.38111878], [-47.91540997, -24.3809825], [-47.91565625, -24.38055182], [-47.91614166, -24.37985122], [-47.91630456, -24.37952232], [-47.91634054, -24.37950177], [-47.91648718, -24.37902248], [-47.91680824, -24.37854523], [-47.91724108, -24.37812991], [-47.91784003, -24.37774116], [-47.91823238, -24.37740783], [-47.9186881, -24.37708862], [-47.91988764, -24.37638238], [-47.92021625, -24.37623436], [-47.92047322, -24.37605524], [-47.92098519, -24.37569794], [-47.92145813, -24.37518527], [-47.92207731, -24.37477717], [-47.92237728, -24.37449795], [-47.92271938, -24.37409475], [-47.92291827, -24.37386034], [-47.92361459, -24.37290347], [-47.92379877, -24.37265037], [-47.9243661, -24.37221619], [-47.92470306, -24.37204634], [-47.92564901, -24.37171133], [-47.92610663, -24.37143357], [-47.92630799, -24.37123657], [-47.9264903, -24.37098218], [-47.92665165, -24.3702454], [-47.92667687, -24.36868827], [-47.92679488, -24.36820862], [-47.9271687, -24.36732967], [-47.9272554, -24.36685965], [-47.92722576, -24.36636818], [-47.92719643, -24.36588168], [-47.92721171, -24.36551862], [-47.92726516, -24.36527304], [-47.92742805, -24.36494593], [-47.92773858, -24.36486954], [-47.92812472, -24.36486839], [-47.92910988, -24.36499824], [-47.93006569, -24.36509436], [-47.93031892, -24.36509668], [-47.93051644, -24.3650324], [-47.93083465, -24.36481959], [-47.93146397, -24.36404308], [-47.93168354, -24.36382496], [-47.93217996, -24.36347176], [-47.93219722, -24.36345948], [-47.9327137, -24.36300189], [-47.93279352, -24.3628325], [-47.93286818, -24.36248182], [-47.93285477, -24.36185762], [-47.93274753, -24.36139406], [-47.9325574, -24.36105212], [-47.93247031, -24.36082098], [-47.93246049, -24.36039524], [-47.93251198, -24.3601506], [-47.93252765, -24.35980467], [-47.93247087, -24.35943579], [-47.93237299, -24.35920667], [-47.93221454, -24.35899947], [-47.93214685, -24.35884106], [-47.93207871, -24.35827838], [-47.93200233, -24.35804162], [-47.93186312, -24.3578142], [-47.93173631, -24.35769754], [-47.93131946, -24.3571777], [-47.93116573, -24.35687566], [-47.93113411, -24.35665789], [-47.93114993, -24.35648974], [-47.93135582, -24.35589197], [-47.93190964, -24.35513227], [-47.93215235, -24.35450852], [-47.93230793, -24.35377998], [-47.93235067, -24.35289931], [-47.93243667, -24.35252766], [-47.93266668, -24.35212254], [-47.93309352, -24.35166669], [-47.93390787, -24.35114288], [-47.9353153, -24.35041085], [-47.93651138, -24.34995362], [-47.9373788, -24.34972475], [-47.93827514, -24.34963879], [-47.93879916, -24.34966364], [-47.93899103, -24.34967274], [-47.94053898, -24.3498656], [-47.94090061, -24.34982881], [-47.94138096, -24.34972924], [-47.9416264, -24.34960897], [-47.94220967, -24.34910494], [-47.94256703, -24.34884082], [-47.94331452, -24.34849513], [-47.94369747, -24.34835865], [-47.94429183, -24.34820633], [-47.94552813, -24.34800002], [-47.94690714, -24.34758252], [-47.94690728, -24.34758247], [-47.94776075, -24.34717785], [-47.9481261, -24.34708953], [-47.94835736, -24.34699569], [-47.94853021, -24.34675648], [-47.96027531, -24.35536281], [-47.96036939, -24.35541427], [-47.96031188, -24.35621968], [-47.96035504, -24.35655002], [-47.96029271, -24.35691941], [-47.96014046, -24.35707967], [-47.96001581, -24.35721087], [-47.95962724, -24.35752979], [-47.95949374, -24.3577616], [-47.95940144, -24.35807022], [-47.95935615, -24.35857915], [-47.95941809, -24.35878549], [-47.95943039, -24.35897565], [-47.95939959, -24.35917568], [-47.95926027, -24.35949604], [-47.95888879, -24.35987237], [-47.95850972, -24.36043023], [-47.95815395, -24.36084686], [-47.95781316, -24.36114499], [-47.95756845, -24.36129685], [-47.95731861, -24.36135497], [-47.95714527, -24.36135655], [-47.95700151, -24.36127453], [-47.95660344, -24.36088886], [-47.95628806, -24.36071273], [-47.95609358, -24.36069487], [-47.95585306, -24.36073024], [-47.95551517, -24.36089926], [-47.95509028, -24.36135153], [-47.95484406, -24.36177775], [-47.95472244, -24.36222409], [-47.95471958, -24.36282153], [-47.9544609, -24.36343208], [-47.95437304, -24.36372075], [-47.95439983, -24.3649159], [-47.95438165, -24.36515087], [-47.95441232, -24.365199], [-47.95426329, -24.36611964], [-47.95429592, -24.36637889], [-47.95435635, -24.36685959], [-47.95443386, -24.36748163], [-47.95465208, -24.36843571], [-47.95474259, -24.36868481], [-47.95492101, -24.36894392], [-47.95537212, -24.36936375], [-47.95549356, -24.36958698], [-47.95563736, -24.37017885], [-47.95561376, -24.37056192], [-47.95545256, -24.37104333], [-47.95504384, -24.37182095], [-47.95494028, -24.37201798], [-47.95471214, -24.37262884], [-47.95466006, -24.37297366], [-47.95472931, -24.37324032], [-47.95506418, -24.3737251], [-47.95514017, -24.3738351], [-47.95564246, -24.37433695], [-47.95626804, -24.37475969], [-47.95706456, -24.37511953], [-47.95784495, -24.37554827], [-47.95834627, -24.37592289], [-47.95885956, -24.37638842], [-47.95935141, -24.37699062], [-47.95955349, -24.37729168], [-47.95991571, -24.37812292], [-47.95998915, -24.37839941], [-47.95991923, -24.37869676], [-47.9595674, -24.3793687], [-47.95943907, -24.37969607], [-47.9592661, -24.38051791], [-47.95887968, -24.38131234], [-47.95877655, -24.38204529], [-47.95822588, -24.38293678], [-47.95778177, -24.3841736], [-47.95770207, -24.3846435], [-47.95755156, -24.38609206], [-47.95749719, -24.38726893], [-47.95749701, -24.38840323], [-47.95747702, -24.38847581], [-47.9574492, -24.3887903], [-47.95734521, -24.38996552], [-47.95733559, -24.39061001], [-47.95741475, -24.39151265], [-47.95768644, -24.39332024], [-47.95777544, -24.39430661], [-47.95772312, -24.39557097], [-47.95761619, -24.39626789], [-47.95760975, -24.39671019], [-47.95767358, -24.3969968], [-47.95806902, -24.39777144], [-47.95811412, -24.39831109], [-47.95808443, -24.39864374], [-47.95792366, -24.39927134], [-47.95773036, -24.39951786], [-47.95747775, -24.39967169], [-47.95692787, -24.39971221], [-47.95661033, -24.39982851], [-47.95621137, -24.39987601], [-47.95602011, -24.39987162], [-47.95525908, -24.39973128], [-47.95481073, -24.39973101], [-47.95449643, -24.39977505], [-47.95398669, -24.40001601], [-47.95391291, -24.4001483], [-47.95387561, -24.40032409], [-47.95394239, -24.40048341], [-47.95418306, -24.40079003], [-47.95423712, -24.40103804], [-47.95423319, -24.40120776], [-47.95413328, -24.40144523], [-47.95396369, -24.40165248], [-47.95381976, -24.4020731], [-47.95370551, -24.40313383], [-47.95354513, -24.4035674], [-47.95348509, -24.40382936], [-47.95405749, -24.40382225], [-47.95420645, -24.40385886], [-47.95440978, -24.40401301], [-47.95452804, -24.40418493], [-47.95458618, -24.4044379], [-47.95458806, -24.40489833], [-47.95468634, -24.40544032], [-47.95485961, -24.40572076], [-47.95516008, -24.40592038], [-47.95535267, -24.40599324], [-47.95558127, -24.405994], [-47.95574293, -24.40594037], [-47.95594927, -24.40580564], [-47.95643452, -24.40556351], [-47.95663431, -24.40551903], [-47.95682908, -24.40551065], [-47.95701235, -24.40559251], [-47.95724628, -24.40580093], [-47.95770657, -24.40611843], [-47.95791824, -24.40619135], [-47.95819054, -24.40620128], [-47.95866155, -24.40613965], [-47.95882305, -24.4061131], [-47.95899054, -24.40614074], [-47.95908601, -24.40615008], [-47.95913394, -24.40618635], [-47.95919232, -24.40622265], [-47.95919991, -24.40634004], [-47.9592036, -24.40649353], [-47.95921833, -24.40712557], [-47.9593392, -24.40741485], [-47.95943579, -24.40745128], [-47.95954491, -24.40744262], [-47.9596815, -24.40733474], [-47.95997745, -24.4071371], [-47.96015595, -24.40702033], [-47.96028311, -24.40696658], [-47.9604921, -24.40694019], [-47.96084957, -24.40692331], [-47.96113889, -24.40683399], [-47.96149587, -24.40661845], [-47.96159799, -24.40650143], [-47.96159698, -24.40644726], [-47.9615457, -24.4063207], [-47.96141448, -24.4061668], [-47.96132173, -24.40608524], [-47.96099389, -24.40593972], [-47.96091094, -24.40588527], [-47.96090559, -24.40583109], [-47.96093664, -24.405768], [-47.96099727, -24.40571403], [-47.96114902, -24.40566036], [-47.96139136, -24.40561602], [-47.96181823, -24.40550007], [-47.96225815, -24.40533902], [-47.96271554, -24.40514191], [-47.96316584, -24.40500797], [-47.96353029, -24.40492792], [-47.96372631, -24.4049105], [-47.96403964, -24.40498375], [-47.96431788, -24.40505689], [-47.96470725, -24.40506719], [-47.96497728, -24.40503196], [-47.96543985, -24.40506959], [-47.9656583, -24.40514253], [-47.96580194, -24.40527841], [-47.96575489, -24.40550395], [-47.96560432, -24.40572013], [-47.96505547, -24.40630514], [-47.96503183, -24.40652173], [-47.96519687, -24.40670287], [-47.96616503, -24.40730187], [-47.96638684, -24.40714009], [-47.96645691, -24.40703199], [-47.96666965, -24.40651805], [-47.9668951, -24.40637434], [-47.96703266, -24.40632965], [-47.96747975, -24.4062318], [-47.96783715, -24.40623297], [-47.96795985, -24.40628233], [-47.96804078, -24.40631488], [-47.96810469, -24.40636023], [-47.96817803, -24.40651394], [-47.96818408, -24.40670359], [-47.96810479, -24.40712764], [-47.96813181, -24.40730828], [-47.96823757, -24.40737182], [-47.96841121, -24.40739947], [-47.96862516, -24.40736405], [-47.96891119, -24.40716637], [-47.96904055, -24.40702234], [-47.96931948, -24.40658992], [-47.96939007, -24.40634635], [-47.96945314, -24.40629239], [-47.96953386, -24.40629265], [-47.96962111, -24.4063471], [-47.96972719, -24.40649189], [-47.96997735, -24.40696219], [-47.97016697, -24.40716142], [-47.9705602, -24.40745158], [-47.97112253, -24.40767909], [-47.97148531, -24.40771638], [-47.97231975, -24.40767393], [-47.9730783, -24.40750485], [-47.9734238, -24.4073886], [-47.97370666, -24.40722702], [-47.97374823, -24.40715493], [-47.97378674, -24.40691126], [-47.97362808, -24.40635102], [-47.9735803, -24.40579114], [-47.97362134, -24.4055385], [-47.97381249, -24.4053405], [-47.97434718, -24.40521583], [-47.97451148, -24.40510803], [-47.97469522, -24.40491903], [-47.97503613, -24.40471249], [-47.97562336, -24.40454285], [-47.97604551, -24.40435462], [-47.97651328, -24.40401306], [-47.97686864, -24.40356281], [-47.97701316, -24.40348202], [-47.97712842, -24.40347336], [-47.97738973, -24.40360961], [-47.97757503, -24.40381784], [-47.97766093, -24.40391742], [-47.97792355, -24.40404465], [-47.97815637, -24.40406345], [-47.97852529, -24.40394727], [-47.97867297, -24.40383038], [-47.97900237, -24.40341615], [-47.9791246, -24.40334431], [-47.97925588, -24.40334473], [-47.9794312, -24.40341751], [-47.97969518, -24.40399613], [-47.97986047, -24.40411402], [-47.98017125, -24.40405181], [-47.98032807, -24.40397106], [-47.98101402, -24.4034406], [-47.98182515, -24.40303692], [-47.98240753, -24.40268668], [-47.98257632, -24.40252467], [-47.98266149, -24.4024979], [-47.98281905, -24.40254354], [-47.98296105, -24.40262524], [-47.9835495, -24.40326807], [-47.98372336, -24.40340404], [-47.98395897, -24.40351312], [-47.98436508, -24.40349634], [-47.98525972, -24.40333666], [-47.98551215, -24.4033826], [-47.98570864, -24.40356377], [-47.98571319, -24.40383462], [-47.98554048, -24.40404172], [-47.98513831, -24.40432031], [-47.98503235, -24.40464498], [-47.9849463, -24.40475304], [-47.98478791, -24.4047706], [-47.98429887, -24.40472392], [-47.984017, -24.40479525], [-47.98398526, -24.4048764], [-47.98400842, -24.4049487], [-47.98418826, -24.40512982], [-47.9843087, -24.40521145], [-47.98518594, -24.40559338], [-47.98697507, -24.40663725], [-47.98719348, -24.40672821], [-47.98734129, -24.40674673], [-47.98753674, -24.40671119], [-47.98775966, -24.4065855], [-47.98779241, -24.40655851], [-47.98781025, -24.40639607], [-47.98752768, -24.40616949], [-47.987479, -24.40600684], [-47.98756313, -24.40591682], [-47.98830488, -24.40578373], [-47.98849074, -24.40567598], [-47.98874108, -24.40546009], [-47.98882635, -24.40523466], [-47.98881356, -24.40502699], [-47.98869401, -24.40486411], [-47.98869617, -24.40478287], [-47.98880637, -24.40446724], [-47.98877109, -24.40434977], [-47.98830707, -24.40403234], [-47.98821399, -24.40387858], [-47.98825226, -24.40353564], [-47.98838401, -24.40322911], [-47.9884044, -24.40304862], [-47.98836216, -24.40280473], [-47.98816414, -24.40237981], [-47.98810607, -24.40209069], [-47.98819401, -24.4016486], [-47.98842775, -24.40108058], [-47.98903191, -24.40049566], [-47.98934227, -24.40004524], [-47.99039287, -24.3991999], [-47.9904749, -24.39917307], [-47.99057591, -24.39919144], [-47.99062371, -24.39926382], [-47.99063834, -24.399634], [-47.99052404, -24.40021143], [-47.99057128, -24.40026574], [-47.99086475, -24.40022152], [-47.99108418, -24.40003262], [-47.99131642, -24.39987987], [-47.99161573, -24.39991691], [-47.99207193, -24.40017111], [-47.9922419, -24.40019872], [-47.99251564, -24.4001454], [-47.99270401, -24.40002862], [-47.99296211, -24.40004748], [-47.99307713, -24.400102], [-47.99338233, -24.40038281], [-47.993612, -24.40041963], [-47.99374637, -24.400402], [-47.99390278, -24.40025803], [-47.99390524, -24.40009554], [-47.99358655, -24.39963413], [-47.99364319, -24.39930931], [-47.99381834, -24.39893971], [-47.99422169, -24.39848957], [-47.99435505, -24.39825525], [-47.99466902, -24.39798539], [-47.99497021, -24.39784188], [-47.99528762, -24.39781577], [-47.99561438, -24.3977535], [-47.99576318, -24.39767275], [-47.99588453, -24.39751965], [-47.99588321, -24.3973752], [-47.99582008, -24.3972757], [-47.99557778, -24.39715759], [-47.99532052, -24.39708457], [-47.9953875, -24.39695839], [-47.99583053, -24.39662573], [-47.99586965, -24.39653557], [-47.9958716, -24.39633696], [-47.99573112, -24.39567784], [-47.99568868, -24.39547875], [-47.99573054, -24.39516291], [-47.99581737, -24.39500067], [-47.99594943, -24.39494691], [-47.99608493, -24.39496539], [-47.99617995, -24.39508304], [-47.99624168, -24.39556171], [-47.99632768, -24.39562517], [-47.99644412, -24.39562553], [-47.99657698, -24.39552663], [-47.99669603, -24.39531936], [-47.99690354, -24.39518458], [-47.99703904, -24.39503152], [-47.99703636, -24.39492318], [-47.99685654, -24.39456151], [-47.99680417, -24.39421829], [-47.99734671, -24.39345254], [-47.99757234, -24.3932456], [-47.9979429, -24.39317451], [-47.99854702, -24.39324859], [-47.9988263, -24.39319528], [-47.99910972, -24.39302462], [-47.99926457, -24.39297093], [-47.99937846, -24.39299836], [-47.99970396, -24.39327922], [-47.99993631, -24.39342442], [-48.00040002, -24.39366056], [-48.00047997, -24.39369692], [-48.00064937, -24.39370646], [-48.00084622, -24.39361679], [-48.00095469, -24.39344554], [-48.00083249, -24.39316531], [-48.0006888, -24.39303848], [-48.00040054, -24.39267648], [-47.99999739, -24.39222386], [-47.99995826, -24.39214248], [-47.99995465, -24.39195289], [-48.00010373, -24.39178181], [-48.00033584, -24.39165613], [-48.00039991, -24.39165633], [-48.00068543, -24.39167235], [-48.00080995, -24.39166128], [-48.00091689, -24.39164289], [-48.0009232, -24.39169614], [-48.00093738, -24.39169427], [-48.00105341, -24.39164046], [-48.00114926, -24.39154144], [-48.00121955, -24.39118956], [-48.0013413, -24.39108611], [-48.00148613, -24.39107301], [-48.00162031, -24.39110953], [-48.00175725, -24.39123183], [-48.0018417, -24.39139008], [-48.00189929, -24.39164755], [-48.00197162, -24.39175159], [-48.00210391, -24.39179714], [-48.00219576, -24.39178387], [-48.0023758, -24.39157678], [-48.00240399, -24.39127894], [-48.00236746, -24.3908184], [-48.00242202, -24.39072377], [-48.00257063, -24.39068811], [-48.00278537, -24.3907655], [-48.00289148, -24.39089673], [-48.00304717, -24.39145694], [-48.00320993, -24.39159737], [-48.00336342, -24.3917468], [-48.003464, -24.39170196], [-48.00353007, -24.39166154], [-48.00361761, -24.39147673], [-48.00374972, -24.39140491], [-48.00384014, -24.39144581], [-48.00394286, -24.39149126], [-48.00407632, -24.39138784], [-48.00415685, -24.39126621], [-48.00424609, -24.39112203], [-48.00436842, -24.39102761], [-48.00459156, -24.39099669], [-48.00479886, -24.39108759], [-48.00517388, -24.39130992], [-48.00532475, -24.39149996], [-48.0055875, -24.3919341], [-48.00577866, -24.39205656], [-48.00598149, -24.39202106], [-48.00627234, -24.39183686], [-48.00647815, -24.39148539], [-48.006648, -24.39136854], [-48.00697568, -24.39122057], [-48.00713632, -24.39109466], [-48.0071754, -24.39102255], [-48.00719521, -24.390824], [-48.0071534, -24.3902867], [-48.00728437, -24.39001626], [-48.00744124, -24.38990839], [-48.00774906, -24.38980098], [-48.00804125, -24.38975672], [-48.00821161, -24.38983849], [-48.00832451, -24.38996973], [-48.00846165, -24.39020939], [-48.00857475, -24.39028195], [-48.00885853, -24.39035052], [-48.00941334, -24.3902619], [-48.01013369, -24.39022344], [-48.01043917, -24.3900799], [-48.01057881, -24.38996747], [-48.01060958, -24.38980506], [-48.01057232, -24.38971467], [-48.01039782, -24.38958324], [-48.01012654, -24.38946506], [-48.00966167, -24.38938693], [-48.00948511, -24.38931417], [-48.00928825, -24.3890608], [-48.00916033, -24.38882569], [-48.00914579, -24.3885864], [-48.00925212, -24.3884829], [-48.0095029, -24.38847462], [-48.00977182, -24.3885612], [-48.01003336, -24.38881928], [-48.01020085, -24.38884235], [-48.01039274, -24.38876167], [-48.01043055, -24.38869859], [-48.01040493, -24.38845476], [-48.01018091, -24.38787178], [-48.01013408, -24.38752857], [-48.01021785, -24.3873618], [-48.01028323, -24.38733943], [-48.01053937, -24.38738082], [-48.01068007, -24.38748958], [-48.01086266, -24.38777], [-48.01098317, -24.38783807], [-48.01135744, -24.38792495], [-48.011582, -24.38783986], [-48.01168547, -24.38767766], [-48.0116683, -24.38765504], [-48.01164868, -24.3876279], [-48.01160516, -24.38739304], [-48.01148241, -24.38726177], [-48.01109418, -24.38711616], [-48.01100043, -24.38697143], [-48.01100993, -24.38689923], [-48.01094696, -24.38676362], [-48.0109497, -24.38668689], [-48.01100164, -24.38663288], [-48.01116983, -24.38663338], [-48.01140499, -24.38668374], [-48.01174872, -24.38686984], [-48.01211861, -24.38697477], [-48.01237547, -24.38698908], [-48.01282671, -24.38691368], [-48.01315921, -24.38714037], [-48.0133464, -24.38716802], [-48.01343349, -24.38714921], [-48.01353198, -24.38712794], [-48.01354554, -24.38711659], [-48.01360181, -24.38706947], [-48.01366821, -24.38693425], [-48.01369659, -24.38693883], [-48.01371974, -24.38694257], [-48.01412385, -24.38700782], [-48.01448329, -24.38693215], [-48.01484058, -24.38677071], [-48.01535313, -24.38642916], [-48.01545334, -24.38631661], [-48.01563623, -24.38599214], [-48.0156499, -24.38578454], [-48.01566619, -24.3855318], [-48.01586275, -24.38499973], [-48.01620132, -24.38455384], [-48.01681537, -24.38407717], [-48.01729408, -24.38354593], [-48.01757886, -24.38332559], [-48.01825884, -24.38302064], [-48.01874359, -24.38269705], [-48.01944864, -24.38244183], [-48.0198763, -24.38223544], [-48.02000801, -24.38209589], [-48.02003244, -24.3819786], [-48.02011787, -24.38186148], [-48.02029018, -24.38174011], [-48.02051598, -24.38164598], [-48.02066235, -24.38154259], [-48.02090678, -24.38105579], [-48.02119365, -24.38093926], [-48.02153024, -24.38087705], [-48.02181408, -24.38074697], [-48.02188517, -24.38067496], [-48.0218953, -24.38059825], [-48.02167587, -24.38027711], [-48.0216402, -24.3800829], [-48.02165062, -24.37992043], [-48.0219099, -24.37976771], [-48.0220622, -24.37972753], [-48.02270133, -24.37982419], [-48.02297005, -24.37978886], [-48.02324657, -24.37981224], [-48.02346563, -24.3798851], [-48.02374047, -24.38003938], [-48.0244462, -24.38029422], [-48.02466932, -24.38026327], [-48.0247145, -24.38020472], [-48.02489165, -24.38010593], [-48.02506539, -24.38010192], [-48.02562969, -24.3802796], [-48.02624255, -24.38066959], [-48.02643263, -24.38075139], [-48.02662165, -24.38078354], [-48.02688852, -24.3807482], [-48.02696025, -24.38067167], [-48.02701932, -24.38051385], [-48.02707988, -24.38045985], [-48.02718271, -24.38047369], [-48.02744053, -24.38074076], [-48.02765356, -24.38077749], [-48.02776596, -24.38069656], [-48.02774935, -24.38051144], [-48.02770839, -24.38042104], [-48.02775215, -24.38023609], [-48.02783875, -24.38013252], [-48.02791771, -24.38010115], [-48.02822832, -24.3802465], [-48.02837926, -24.38042298], [-48.02846429, -24.38059927], [-48.02843879, -24.38102803], [-48.02855676, -24.38111865], [-48.02872434, -24.38111462], [-48.02943094, -24.38094061], [-48.0294915, -24.38088662], [-48.0295517, -24.38075588], [-48.02974872, -24.380612], [-48.03020647, -24.38060429], [-48.0303138, -24.38056397], [-48.03041399, -24.38045141], [-48.03051584, -24.38039302], [-48.03073196, -24.38042524], [-48.03090883, -24.38058825], [-48.03118691, -24.38105851], [-48.03160108, -24.38136665], [-48.03219468, -24.3814496], [-48.03237566, -24.3816713], [-48.03246662, -24.38173476], [-48.0325805, -24.38176217], [-48.03276656, -24.38175819], [-48.03300932, -24.38156929], [-48.03317015, -24.38155621], [-48.03325811, -24.38159709], [-48.03325016, -24.38175957], [-48.03330532, -24.38184549], [-48.0334869, -24.38189115], [-48.0338024, -24.38186948], [-48.03412533, -24.38201485], [-48.03425431, -24.38213258], [-48.03428731, -24.38220942], [-48.03420581, -24.38244391], [-48.03421667, -24.38251166], [-48.03432961, -24.38263386], [-48.03450618, -24.38270658], [-48.03460191, -24.38281519], [-48.0346096, -24.38291001], [-48.0343369, -24.3830266], [-48.03428489, -24.38310319], [-48.03428568, -24.3832341], [-48.03439008, -24.3833337], [-48.03456815, -24.38332518], [-48.03501268, -24.38304206], [-48.03511129, -24.3830288], [-48.03530464, -24.38305644], [-48.03573411, -24.38340072], [-48.03585592, -24.38345072], [-48.03606897, -24.38348292], [-48.03669868, -24.38350216], [-48.0367207, -24.38350283], [-48.03775987, -24.38336132], [-48.0379841, -24.38336647], [-48.03862849, -24.38355336], [-48.0388062, -24.38365317], [-48.03914035, -24.38394753], [-48.0392658, -24.38401559], [-48.03934466, -24.38401581], [-48.03959564, -24.3839443], [-48.03980685, -24.38379141], [-48.03984251, -24.38362901], [-48.03983382, -24.38328141], [-48.03991997, -24.38312817], [-48.0402136, -24.38301163], [-48.04030886, -24.38271397], [-48.04042186, -24.38263755], [-48.04051494, -24.38261976], [-48.04066285, -24.38263099], [-48.04078038, -24.38264453], [-48.041013, -24.38272047], [-48.04105608, -24.38273413], [-48.04121531, -24.38283389], [-48.04141306, -24.38301952], [-48.04155278, -24.38324109], [-48.04162824, -24.38352118], [-48.04164009, -24.38384622], [-48.04170298, -24.38419849], [-48.04176179, -24.38429796], [-48.04188216, -24.38441115], [-48.04218198, -24.38447519], [-48.04274891, -24.38443163], [-48.04295705, -24.3844593], [-48.04303619, -24.38455883], [-48.04307709, -24.38467179], [-48.04319685, -24.38478498], [-48.04347663, -24.38494375], [-48.04395339, -24.38496765], [-48.04414224, -24.38505394], [-48.04422947, -24.38513093], [-48.04439595, -24.38546091], [-48.04460487, -24.385624], [-48.0448644, -24.38557507], [-48.04499053, -24.38544], [-48.04507565, -24.38540864], [-48.04519679, -24.38547669], [-48.04525932, -24.38557165], [-48.04562668, -24.38570358], [-48.04574493, -24.38571294], [-48.04584792, -24.38568163], [-48.0458985, -24.38566371], [-48.04597389, -24.38559621], [-48.04604874, -24.38531655], [-48.04620734, -24.38523574], [-48.04643813, -24.3853086], [-48.04663586, -24.38531818], [-48.04679373, -24.38526896], [-48.04685615, -24.38521045], [-48.0468799, -24.3851067], [-48.04686013, -24.38493962], [-48.04671279, -24.38459615], [-48.04670443, -24.38451487], [-48.0467664, -24.38440671], [-48.04691206, -24.38432586], [-48.04716204, -24.38436718], [-48.04743432, -24.38456203], [-48.0477308, -24.38470279], [-48.04807343, -24.38467665], [-48.04827767, -24.38457791], [-48.04836458, -24.38456461], [-48.04852652, -24.38459214], [-48.04872108, -24.38462879], [-48.04896093, -24.38456625], [-48.04914312, -24.38443134], [-48.05005865, -24.38347688], [-48.05019143, -24.38337794], [-48.05065671, -24.38314449], [-48.05131735, -24.3830786], [-48.05161266, -24.3830117], [-48.05175407, -24.38291277], [-48.05182491, -24.3825383], [-48.05192684, -24.38245282], [-48.05205933, -24.38243964], [-48.05229378, -24.38252153], [-48.05245151, -24.38251745], [-48.05253742, -24.38243192], [-48.05254975, -24.38224236], [-48.05244194, -24.38205248], [-48.05226568, -24.38188498], [-48.05224933, -24.38160958], [-48.05229533, -24.38148331], [-48.05242963, -24.38129409], [-48.0524148, -24.38092841], [-48.05244911, -24.3807976], [-48.05258478, -24.38056776], [-48.05282679, -24.38041043], [-48.05326318, -24.38033939], [-48.0535193, -24.38020016], [-48.05370901, -24.38002012], [-48.05393762, -24.38000268], [-48.05489781, -24.38007753], [-48.05551283, -24.380016], [-48.05562732, -24.3800434], [-48.0559324, -24.38019319], [-48.05617618, -24.38024802], [-48.05637771, -24.38022148], [-48.05670111, -24.3800418], [-48.05690008, -24.38004685], [-48.0571204, -24.38011516], [-48.05728948, -24.38021944], [-48.05760296, -24.38024737], [-48.05781576, -24.3801667], [-48.05797722, -24.37995949], [-48.05835029, -24.37984764], [-48.05847559, -24.37958166], [-48.05846465, -24.37915279], [-48.0586631, -24.37870576], [-48.05881091, -24.3783728], [-48.05908864, -24.37821556], [-48.05941117, -24.37810809], [-48.05989083, -24.37799202], [-48.0599804, -24.37791552], [-48.06008129, -24.37776683], [-48.06003041, -24.37749585], [-48.05943799, -24.37704736], [-48.05940898, -24.37687124], [-48.05969132, -24.37585182], [-48.05998909, -24.3753967], [-48.06038895, -24.37499603], [-48.06054056, -24.37478428], [-48.06054556, -24.37456762], [-48.06048401, -24.3743598], [-48.06049668, -24.3742515], [-48.06055173, -24.37417942], [-48.0606448, -24.37416613], [-48.06096587, -24.37432047], [-48.06112982, -24.37429383], [-48.06122696, -24.37415867], [-48.06124711, -24.3740233], [-48.06130343, -24.3739422], [-48.06146732, -24.37393361], [-48.0616606, -24.37397927], [-48.06177271, -24.37398408], [-48.0619988, -24.37378607], [-48.06229931, -24.37362888], [-48.06246148, -24.37357966], [-48.06263813, -24.37362528], [-48.06270505, -24.37369768], [-48.06279943, -24.37385141], [-48.06286578, -24.37390576], [-48.06294039, -24.37388339], [-48.06313056, -24.37374847], [-48.06339483, -24.37374918], [-48.06373317, -24.37389905], [-48.06388315, -24.37380917], [-48.06398422, -24.37360179], [-48.06413331, -24.37359767], [-48.06454362, -24.37377933], [-48.06464403, -24.37377959], [-48.06482101, -24.37372138], [-48.06506511, -24.37347827], [-48.06518979, -24.37340187], [-48.06530748, -24.37339315], [-48.06596198, -24.37349871], [-48.06632298, -24.37349516], [-48.06643599, -24.37340518], [-48.06641374, -24.37323358], [-48.06619504, -24.37304341], [-48.06609073, -24.37291223], [-48.06616697, -24.37276347], [-48.06629959, -24.37270965], [-48.06651697, -24.3727328], [-48.06690071, -24.37294146], [-48.06708306, -24.37293743], [-48.06718977, -24.37289257], [-48.06726582, -24.37280701], [-48.06725824, -24.37227884], [-48.0672912, -24.37217962], [-48.06740347, -24.37213026], [-48.06768733, -24.37217164], [-48.06812718, -24.37236239], [-48.06832922, -24.37256154], [-48.06851796, -24.37287803], [-48.06865211, -24.37292352], [-48.06917675, -24.3729881], [-48.06930717, -24.37304713], [-48.06966302, -24.37330988], [-48.06984824, -24.37337356], [-48.0699975, -24.37331527], [-48.07008831, -24.37323426], [-48.07018621, -24.37305396], [-48.07019217, -24.37291855], [-48.07028997, -24.37276984], [-48.07036514, -24.37276553], [-48.07071557, -24.37298764], [-48.07078765, -24.37298782], [-48.07093883, -24.37290697], [-48.07097756, -24.37273554], [-48.07105544, -24.37264997], [-48.0719477, -24.37236793], [-48.07220324, -24.37220609], [-48.07253121, -24.37192708], [-48.07262594, -24.37177385], [-48.07266541, -24.37156179], [-48.07279831, -24.37141317], [-48.07295187, -24.3713594], [-48.07317549, -24.37135547], [-48.07353194, -24.37142863], [-48.07357769, -24.3715732], [-48.07354018, -24.37174915], [-48.07365271, -24.37181264], [-48.07381537, -24.37180404], [-48.07402165, -24.37163304], [-48.0740922, -24.3715294], [-48.07416088, -24.37143027], [-48.07425024, -24.37140398], [-48.07438901, -24.37136315], [-48.07454999, -24.37130037], [-48.07497229, -24.37099452], [-48.07513311, -24.37098139], [-48.07521547, -24.37104029], [-48.07524545, -24.3713067], [-48.07529016, -24.37138807], [-48.07541871, -24.3714516], [-48.07561263, -24.37149273], [-48.0757439, -24.37167363], [-48.07573732, -24.37180903], [-48.07554772, -24.37196653], [-48.07547384, -24.37215142], [-48.07555234, -24.37226447], [-48.07572449, -24.37237326], [-48.0758857, -24.37243236], [-48.07650454, -24.37251522], [-48.07666833, -24.37253821], [-48.07726949, -24.37276096], [-48.07773872, -24.37282085], [-48.07787274, -24.37290696], [-48.07794565, -24.37303806], [-48.07794281, -24.37315993], [-48.07767347, -24.373403], [-48.07764535, -24.37353383], [-48.07776254, -24.37368761], [-48.07783817, -24.37373295], [-48.07807853, -24.37369746], [-48.07836471, -24.37358534], [-48.07851007, -24.37359023], [-48.07861886, -24.37367176], [-48.07863331, -24.37378014], [-48.07858479, -24.37413211], [-48.07859897, -24.37433076], [-48.0787587, -24.37447111], [-48.07899315, -24.37455748], [-48.07916033, -24.37467979], [-48.07919479, -24.37489204], [-48.07935681, -24.37509108], [-48.08019738, -24.37519255], [-48.0805223, -24.37530623], [-48.08073907, -24.37532936], [-48.08124922, -24.37530358], [-48.08149655, -24.37520491], [-48.08200382, -24.37470966], [-48.08224158, -24.37451616], [-48.08244829, -24.37440384], [-48.08253154, -24.37437697], [-48.08299341, -24.37422467], [-48.08344897, -24.37411749], [-48.08421562, -24.37401562], [-48.0845153, -24.37391707], [-48.08461088, -24.37388572], [-48.08513056, -24.37376516], [-48.08579854, -24.37369463], [-48.08591557, -24.37369944], [-48.08623213, -24.37372281], [-48.08686799, -24.37388692], [-48.08748617, -24.37419544], [-48.08773437, -24.37421412], [-48.08824089, -24.37416574], [-48.08872489, -24.37423016], [-48.08897285, -24.37433009], [-48.08920512, -24.37452478], [-48.089482, -24.37463833], [-48.0899226, -24.37458978], [-48.09006297, -24.37461721], [-48.09064365, -24.37490305], [-48.09146302, -24.37550547], [-48.09197803, -24.37570989], [-48.09244726, -24.37577426], [-48.09258076, -24.37583327], [-48.09312281, -24.37626797], [-48.0934884, -24.37638173], [-48.09400573, -24.37642816], [-48.0941424, -24.3764601], [-48.09432252, -24.37658694], [-48.0944134, -24.37668647], [-48.09443027, -24.37681291], [-48.09435485, -24.376903], [-48.09411023, -24.37712809], [-48.09405687, -24.37725887], [-48.0940572, -24.37735366], [-48.09415126, -24.37742161], [-48.09439372, -24.37750798], [-48.09497399, -24.37752296], [-48.09520426, -24.37756415], [-48.0953653, -24.37768643], [-48.09550403, -24.37806595], [-48.09564462, -24.37822881], [-48.09578249, -24.37826977], [-48.0965142, -24.37832124], [-48.09672161, -24.37838946], [-48.09689004, -24.37851175], [-48.097018, -24.37878291], [-48.09702107, -24.37899508], [-48.09691672, -24.37928823], [-48.09651323, -24.37969801], [-48.09643022, -24.3798558], [-48.09645406, -24.3801267], [-48.0965688, -24.38028498], [-48.09683406, -24.3803714], [-48.09742945, -24.38048571], [-48.0976582, -24.38063073], [-48.0978327, -24.38078463], [-48.09792287, -24.38092028], [-48.09807552, -24.38096579], [-48.09903127, -24.38109002], [-48.09931899, -24.38108169], [-48.0997806, -24.38101963], [-48.10007717, -24.38093459], [-48.10037081, -24.38079989], [-48.10059117, -24.38065146], [-48.10133912, -24.37999424], [-48.10200028, -24.37930972], [-48.10239574, -24.37911206], [-48.1024903, -24.37858415], [-48.1024939, -24.3784036], [-48.10241156, -24.37811901], [-48.10227638, -24.3779968], [-48.1019762, -24.3778426], [-48.1018693, -24.37774303], [-48.10177199, -24.3775216], [-48.10181751, -24.37733212], [-48.10200707, -24.37718362], [-48.10236306, -24.37699941], [-48.10317094, -24.37666199], [-48.10345908, -24.37654164], [-48.10373674, -24.37638884], [-48.10413627, -24.37605577], [-48.10426549, -24.37589357], [-48.10434302, -24.3757132], [-48.10445463, -24.37524852], [-48.10445931, -24.37490547], [-48.10441641, -24.37461646], [-48.1041607, -24.37399742], [-48.10380428, -24.37326528], [-48.10358622, -24.37262376], [-48.10350419, -24.37223084], [-48.10353949, -24.37173889], [-48.10366672, -24.37141418], [-48.10386439, -24.37122507], [-48.10463862, -24.37082971], [-48.10549097, -24.37047516], [-48.10572667, -24.37034031], [-48.10587677, -24.37019622], [-48.10599494, -24.37002045], [-48.10609951, -24.36964153], [-48.10607356, -24.36923971], [-48.10605705, -24.36898237], [-48.10596947, -24.36880611], [-48.10591653, -24.36858028], [-48.10571099, -24.36807872], [-48.1056534, -24.36775808], [-48.1057325, -24.36745583], [-48.1057315, -24.3671579], [-48.1057976, -24.36687819], [-48.1059664, -24.36644524], [-48.10597798, -24.36627374], [-48.10584341, -24.36615605], [-48.10561136, -24.3660968], [-48.10513523, -24.36608663], [-48.10497278, -24.36602755], [-48.10474731, -24.36581936], [-48.10468906, -24.36572442], [-48.10465991, -24.3655799], [-48.10469921, -24.36540846], [-48.1048172, -24.36529138], [-48.10484988, -24.36528243], [-48.10496884, -24.36525563], [-48.10522016, -24.36525624], [-48.1057616, -24.36547422], [-48.10623808, -24.36579136], [-48.10634759, -24.36583676], [-48.10676142, -24.36587838], [-48.10707262, -24.36583399], [-48.10758136, -24.36564111], [-48.10814118, -24.36524973], [-48.10903868, -24.36481401], [-48.10960906, -24.36460321], [-48.10995601, -24.36454987], [-48.11059151, -24.3646191], [-48.11069635, -24.36457421], [-48.11085154, -24.36437144], [-48.11094657, -24.36431299], [-48.11116399, -24.36431802], [-48.11159314, -24.36438675], [-48.11187166, -24.3643513], [-48.1123601, -24.36414481], [-48.11284011, -24.36387059], [-48.11336616, -24.36365064], [-48.11358852, -24.36365117], [-48.11372141, -24.36371017], [-48.11389617, -24.36399045], [-48.11409931, -24.36404059], [-48.11427269, -24.36393717], [-48.11435921, -24.36361688], [-48.11441921, -24.36352674], [-48.1146142, -24.36340532], [-48.11486981, -24.36341495], [-48.11507707, -24.36352829], [-48.1152518, -24.36382211], [-48.11535689, -24.36390813], [-48.11562876, -24.3640487], [-48.11575101, -24.36416636], [-48.11577339, -24.36431537], [-48.11570071, -24.36475307], [-48.11578914, -24.36484807], [-48.11602615, -24.36489828], [-48.11661043, -24.36478229], [-48.11679394, -24.36480078], [-48.11713326, -24.36483317], [-48.11758701, -24.36513668], [-48.11807886, -24.36547187], [-48.11837982, -24.36556285], [-48.11865512, -24.36558155], [-48.1190384, -24.36553279], [-48.1192776, -24.36546112], [-48.11967048, -24.36528147], [-48.11974762, -24.365232], [-48.12015309, -24.36495307], [-48.12047752, -24.36480034], [-48.12143358, -24.3645588], [-48.12180851, -24.36440619], [-48.12211965, -24.36415863], [-48.1223341, -24.36390183], [-48.12263226, -24.36344659], [-48.12295584, -24.36314941], [-48.12340352, -24.36297439], [-48.12397784, -24.36288995], [-48.12406855, -24.36283147], [-48.12433423, -24.36253415], [-48.12449402, -24.36244424], [-48.12471208, -24.36244023], [-48.12489541, -24.36248495], [-48.12515633, -24.36261729], [-48.12572101, -24.36312868], [-48.1257989, -24.36325525], [-48.12589599, -24.36334124], [-48.12609875, -24.36352678], [-48.12616931, -24.36363077], [-48.12620122, -24.36367598], [-48.12683579, -24.36431392], [-48.1270776, -24.36463948], [-48.12723448, -24.36493777], [-48.12749016, -24.36582763], [-48.12757101, -24.36599483], [-48.12761156, -24.36603555], [-48.12765702, -24.36608079], [-48.12802203, -24.36618093], [-48.1287296, -24.36625477], [-48.1290191, -24.36625994], [-48.12945665, -24.36618871], [-48.12987721, -24.36601812], [-48.13006731, -24.36587862], [-48.13031523, -24.36577084], [-48.13047846, -24.36577121], [-48.13065081, -24.36582125], [-48.13081307, -24.36595253], [-48.13085713, -24.36606097], [-48.13079792, -24.36631813], [-48.13056992, -24.36657944], [-48.13053559, -24.36674638], [-48.13057351, -24.36684577], [-48.13078613, -24.36703585], [-48.13102793, -24.36714473], [-48.13139444, -24.36714556], [-48.13188081, -24.36701574], [-48.13196145, -24.36703398], [-48.13209426, -24.36712456], [-48.13226557, -24.36733259], [-48.13231056, -24.3677841], [-48.13241421, -24.36795136], [-48.13251316, -24.36803735], [-48.13285731, -24.36811034], [-48.13296731, -24.36820539], [-48.1329954, -24.36830025], [-48.13298374, -24.36851238], [-48.13305538, -24.36867505], [-48.13306089, -24.3686886], [-48.13327382, -24.36876582], [-48.13354615, -24.36874386], [-48.13371042, -24.36858623], [-48.13379601, -24.36836975], [-48.13394254, -24.36816695], [-48.13399803, -24.36814901], [-48.13432259, -24.36817683], [-48.13449896, -24.36810048], [-48.13455253, -24.36764919], [-48.13462723, -24.36758616], [-48.13475109, -24.36756838], [-48.13496094, -24.36764559], [-48.13505544, -24.36778123], [-48.1352073, -24.36812463], [-48.13533447, -24.36825131], [-48.13542982, -24.36830118], [-48.13558006, -24.36832408], [-48.13571451, -24.3682657], [-48.13572646, -24.36817093], [-48.13583712, -24.36802221], [-48.13591171, -24.36799981], [-48.13597453, -24.36800446], [-48.1360318, -24.36801362], [-48.13616931, -24.36818997], [-48.13638889, -24.36878181], [-48.13667466, -24.36926545], [-48.13689585, -24.36948261], [-48.1372076, -24.36969546], [-48.13751781, -24.36979095], [-48.13777889, -24.36983215], [-48.13819527, -24.36984662], [-48.13855886, -24.36979325], [-48.13885597, -24.36971717], [-48.13910455, -24.36959133], [-48.13922182, -24.36950582], [-48.139465, -24.36932579], [-48.13962561, -24.36915461], [-48.1397147, -24.36900584], [-48.14010777, -24.36804521], [-48.14015324, -24.36785121], [-48.14048936, -24.36722901], [-48.14063464, -24.36703071], [-48.14083255, -24.36696343], [-48.14089297, -24.36694099], [-48.14128972, -24.36692381], [-48.14200012, -24.3670969], [-48.14224748, -24.36720127], [-48.14290805, -24.36758641], [-48.14316382, -24.36777204], [-48.14354915, -24.36812046], [-48.14405344, -24.36843755], [-48.14453479, -24.36857853], [-48.14480247, -24.36868745], [-48.14518311, -24.36894106], [-48.14519049, -24.36894559], [-48.145474, -24.36936602], [-48.14564915, -24.36976363], [-48.14592227, -24.37015244], [-48.14602186, -24.37022939], [-48.14640056, -24.37052362], [-48.14657199, -24.37069553], [-48.14674667, -24.37103897], [-48.14685482, -24.37162152], [-48.14724121, -24.37228141], [-48.1472445, -24.37243941], [-48.14720469, -24.37258828], [-48.1470464, -24.37281816], [-48.14659912, -24.37331374], [-48.14659014, -24.37345365], [-48.14658569, -24.37350781], [-48.14664972, -24.37376074], [-48.14671421, -24.37383179], [-48.14697406, -24.37411805], [-48.1470639, -24.37415435], [-48.14845033, -24.37400838], [-48.1491182, -24.37396919], [-48.14933824, -24.37392452], [-48.14970465, -24.3737312], [-48.14986907, -24.3736207], [-48.15024028, -24.37337122], [-48.15048845, -24.37315959], [-48.15072819, -24.37287572], [-48.15087807, -24.37256006], [-48.15089915, -24.37226669], [-48.15083136, -24.37179257], [-48.15087072, -24.37157598], [-48.1512456, -24.3711976], [-48.15191836, -24.37068443], [-48.15206914, -24.37049516], [-48.15205854, -24.37030555], [-48.15183792, -24.37009743], [-48.15177416, -24.36997541], [-48.15177842, -24.36975424], [-48.15181375, -24.36966854], [-48.15206094, -24.3693576], [-48.15264793, -24.3688939], [-48.15328052, -24.36866954], [-48.15377233, -24.36857127], [-48.1540217, -24.36861694], [-48.15404696, -24.36861699], [-48.15436308, -24.36881628], [-48.15444287, -24.3689293], [-48.15443478, -24.36910322], [-48.15442985, -24.36920915], [-48.15404727, -24.36971391], [-48.15397497, -24.36988427], [-48.15389606, -24.3700702], [-48.1539068, -24.37021016], [-48.15397409, -24.37039538], [-48.15402636, -24.3704316], [-48.15409338, -24.3704814], [-48.15446812, -24.37040094], [-48.15509325, -24.37020364], [-48.15586591, -24.36988026], [-48.15682612, -24.36969268], [-48.15716529, -24.36954443], [-48.15742939, -24.36936442], [-48.15839804, -24.36900081], [-48.15872391, -24.3687487], [-48.15895672, -24.36851897], [-48.15911655, -24.36815367], [-48.15932872, -24.3677975], [-48.1595161, -24.3672562], [-48.15959647, -24.367139], [-48.16001443, -24.36676069], [-48.16007587, -24.36657574], [-48.16008953, -24.36653514], [-48.16028325, -24.36616539], [-48.16061271, -24.36570564], [-48.16086343, -24.36544886], [-48.16115412, -24.36522376], [-48.16124416, -24.3651788], [-48.16148284, -24.36506193], [-48.16187115, -24.36496343], [-48.16188774, -24.36496186], [-48.16189284, -24.36499989], [-48.1618118, -24.36513966], [-48.16167344, -24.36529285], [-48.16114815, -24.36573414], [-48.16057133, -24.36633783], [-48.1603822, -24.36659474], [-48.16016435, -24.36700506], [-48.16008126, -24.36722608], [-48.16001879, -24.36732977], [-48.15999914, -24.36780371], [-48.15989029, -24.36797953], [-48.15951032, -24.36843465], [-48.15940609, -24.36873236], [-48.15943982, -24.3690439], [-48.15942683, -24.36931021], [-48.15935651, -24.36959896], [-48.1592185, -24.36985597], [-48.15901452, -24.37013993], [-48.15884048, -24.37051875], [-48.15879665, -24.37080304], [-48.15888245, -24.37122754], [-48.15886377, -24.37130875], [-48.15871391, -24.37137615], [-48.15849893, -24.37137119], [-48.15821699, -24.37129386], [-48.15774744, -24.3711078], [-48.15733602, -24.37107985], [-48.15719603, -24.37114276], [-48.15704485, -24.37124626], [-48.15698674, -24.37132739], [-48.15688195, -24.37209456], [-48.15687778, -24.37210805], [-48.15686465, -24.37215061], [-48.15679562, -24.37237425], [-48.15679283, -24.37250515], [-48.15688638, -24.37278522], [-48.15692158, -24.37299745], [-48.15691018, -24.3731193], [-48.15682984, -24.37322296], [-48.15674545, -24.37322278], [-48.15660575, -24.37316832], [-48.15632465, -24.37300071], [-48.15603651, -24.37293691], [-48.15588681, -24.37294111], [-48.15578933, -24.37299958], [-48.1557281, -24.37309876], [-48.15574958, -24.37337416], [-48.15582623, -24.37351426], [-48.15605862, -24.37369982], [-48.15642465, -24.37390373], [-48.15665015, -24.37413441], [-48.15674894, -24.3742881], [-48.15690239, -24.37475788], [-48.1570453, -24.37500645], [-48.15707075, -24.37517804], [-48.15703172, -24.37526372], [-48.15686269, -24.37535816], [-48.15656919, -24.37546588], [-48.1557889, -24.37562675], [-48.15549297, -24.37572092], [-48.15513837, -24.37587365], [-48.15484001, -24.37595427], [-48.15454365, -24.3759717], [-48.15436392, -24.37591264], [-48.1543124, -24.37582225], [-48.15430624, -24.37557848], [-48.15450106, -24.37502818], [-48.15454306, -24.37473937], [-48.15453026, -24.37419766], [-48.15449126, -24.37378229], [-48.15442218, -24.37357449], [-48.15438278, -24.37356087], [-48.15430485, -24.37344334], [-48.15408309, -24.37343836], [-48.15352952, -24.37383442], [-48.15329027, -24.37392871], [-48.15288501, -24.37389625], [-48.15268595, -24.37392742], [-48.15217347, -24.37415203], [-48.15203662, -24.37418786], [-48.15188637, -24.37416497], [-48.15184359, -24.37402945], [-48.15212974, -24.37342067], [-48.15220683, -24.37314548], [-48.15221017, -24.37304166], [-48.1521459, -24.37287902], [-48.15200691, -24.37278844], [-48.15188255, -24.37275658], [-48.15165089, -24.37277414], [-48.15120222, -24.3730982], [-48.15094336, -24.37339106], [-48.15078229, -24.37350808], [-48.14995574, -24.37393063], [-48.14885367, -24.37441578], [-48.14835517, -24.37470812], [-48.14790284, -24.3750141], [-48.14775458, -24.37517628], [-48.14772295, -24.37525747], [-48.14767789, -24.37529348], [-48.14763691, -24.37541979], [-48.14762205, -24.37568608], [-48.14771438, -24.37595712], [-48.14788166, -24.37630506], [-48.14786142, -24.37651267], [-48.14769715, -24.3766703], [-48.14750843, -24.37675115], [-48.14733118, -24.37692681], [-48.14729182, -24.37713889], [-48.1472849, -24.3774368], [-48.14734436, -24.37778902], [-48.14738175, -24.37786132], [-48.14749114, -24.37796538], [-48.14763762, -24.37801987], [-48.14785715, -24.37793457], [-48.14808008, -24.37796214], [-48.14817078, -24.37814741], [-48.14816737, -24.37827831], [-48.14803012, -24.37870684], [-48.14804227, -24.37925306], [-48.14798972, -24.37980817], [-48.14785436, -24.38021866], [-48.14771378, -24.38050725], [-48.14760251, -24.38089522], [-48.14763399, -24.38159044], [-48.1477098, -24.38181667], [-48.14781036, -24.3821168], [-48.14782168, -24.38215058], [-48.14788136, -24.38242155], [-48.14789914, -24.38269243], [-48.14787185, -24.38276459], [-48.14779721, -24.38280506], [-48.14763954, -24.38278666], [-48.14745684, -24.38268245], [-48.14721606, -24.38240206], [-48.14717628, -24.38231624], [-48.14715112, -24.38226199], [-48.14710068, -24.38199555], [-48.14707374, -24.38166908], [-48.14705584, -24.38145205], [-48.14704332, -24.38130027], [-48.14695833, -24.38105182], [-48.14672687, -24.38074436], [-48.14672287, -24.38062248], [-48.14680461, -24.38046015], [-48.14714038, -24.37997336], [-48.14715944, -24.3797477], [-48.1471415, -24.3795355], [-48.14700046, -24.37928242], [-48.14678518, -24.37915556], [-48.14651425, -24.37910532], [-48.146159, -24.37926254], [-48.14576151, -24.37955509], [-48.14560118, -24.37961794], [-48.14544298, -24.37956794], [-48.14537927, -24.37942787], [-48.1453829, -24.37921572], [-48.14542733, -24.37894949], [-48.14550937, -24.3786698], [-48.14560874, -24.3781193], [-48.14559617, -24.37797934], [-48.14561785, -24.377695], [-48.14558813, -24.37727514], [-48.14564866, -24.3767381], [-48.14576125, -24.37631854], [-48.14586357, -24.37605695], [-48.1459987, -24.37549299], [-48.14600041, -24.37506867], [-48.14590323, -24.37477054], [-48.1458074, -24.37466651], [-48.14556251, -24.37455764], [-48.14518115, -24.37457035], [-48.1442133, -24.37483909], [-48.14401915, -24.37487929], [-48.14387446, -24.37484738], [-48.1438162, -24.37474795], [-48.14380305, -24.37459444], [-48.14383669, -24.37445006], [-48.14397352, -24.37418404], [-48.14431722, -24.37372435], [-48.14472976, -24.3733235], [-48.14495654, -24.37305315], [-48.1450119, -24.37284563], [-48.14502113, -24.37261092], [-48.14484059, -24.37239385], [-48.14459684, -24.37231658], [-48.14450322, -24.37231186], [-48.14420426, -24.37238795], [-48.14356038, -24.37267996], [-48.1431442, -24.3728235], [-48.14296446, -24.37276894], [-48.14294055, -24.37272375], [-48.14293856, -24.37254318], [-48.14308901, -24.3722501], [-48.14332884, -24.37193916], [-48.14396708, -24.37120476], [-48.14408212, -24.37102896], [-48.14417822, -24.37078993], [-48.14419532, -24.37037016], [-48.14409231, -24.36995013], [-48.14404014, -24.36940382], [-48.14395578, -24.36915085], [-48.14381863, -24.36906929], [-48.14367511, -24.36906447], [-48.14352026, -24.36915441], [-48.14331572, -24.36940224], [-48.1431281, -24.36977649], [-48.14293735, -24.36993407], [-48.14287569, -24.3699565], [-48.14249449, -24.36991504], [-48.14203963, -24.36977411], [-48.14174718, -24.36971479], [-48.1415753, -24.36972344], [-48.14131872, -24.36984476], [-48.14115586, -24.37016941], [-48.14099425, -24.37072428], [-48.14080285, -24.37112561], [-48.14067186, -24.3712788], [-48.14030652, -24.37153078], [-48.14016305, -24.3715079], [-48.14008246, -24.37146709], [-48.13987331, -24.37111905], [-48.13973009, -24.37100137], [-48.13951788, -24.37088354], [-48.13869203, -24.37080046], [-48.13809779, -24.37072241], [-48.1373603, -24.37054021], [-48.13690871, -24.37056178], [-48.13628437, -24.37068227], [-48.13604716, -24.3706998], [-48.13583859, -24.37060454], [-48.13545993, -24.37030577], [-48.13529193, -24.3702422], [-48.13520569, -24.37024201], [-48.13499422, -24.37030924], [-48.13443105, -24.37059237], [-48.13432386, -24.37059213], [-48.13421185, -24.37055577], [-48.13415902, -24.37050148], [-48.13411445, -24.37035242], [-48.13409729, -24.37008605], [-48.13404147, -24.37000016], [-48.13382719, -24.36996357], [-48.13338548, -24.36999327], [-48.1333725, -24.36999415], [-48.13290318, -24.37019622], [-48.13275441, -24.37031326], [-48.13269431, -24.37044403], [-48.13267421, -24.37058843], [-48.1327383, -24.37080976], [-48.13278067, -24.37085951], [-48.13281649, -24.3710537], [-48.13275128, -24.37125217], [-48.13266485, -24.3713242], [-48.13253167, -24.37136904], [-48.13214709, -24.3714404], [-48.13197308, -24.37154835], [-48.131505, -24.37197612], [-48.13128421, -24.37207042], [-48.13086895, -24.37192775], [-48.13082637, -24.37189334], [-48.13067655, -24.37171244], [-48.13061962, -24.3715814], [-48.1305825, -24.37118409], [-48.13062025, -24.37089076], [-48.13073546, -24.37042607], [-48.13068557, -24.37019574], [-48.13041692, -24.369992], [-48.13015792, -24.36986954], [-48.12998598, -24.36966602], [-48.12960192, -24.36909186], [-48.12939556, -24.36886118], [-48.12939134, -24.36882957], [-48.12905372, -24.36862116], [-48.12891086, -24.36860278], [-48.12815479, -24.36869134], [-48.1276836, -24.36867221], [-48.12751335, -24.36875759], [-48.12739412, -24.36888371], [-48.12734264, -24.3690145], [-48.12732377, -24.36915891], [-48.12735611, -24.36972324], [-48.12733796, -24.36983154], [-48.12721396, -24.37012467], [-48.12729759, -24.37040473], [-48.12756284, -24.37095153], [-48.12764651, -24.37121805], [-48.12763708, -24.37128574], [-48.12753824, -24.37138934], [-48.12744082, -24.37142071], [-48.12722955, -24.37141572], [-48.12708732, -24.37138831], [-48.12693104, -24.37132024], [-48.12676323, -24.37118895], [-48.12664346, -24.37105777], [-48.12638831, -24.37065092], [-48.12598728, -24.36952601], [-48.12577281, -24.36911023], [-48.12544263, -24.36866258], [-48.12520609, -24.36843634], [-48.1250419, -24.36833214], [-48.12476376, -24.36822767], [-48.12444906, -24.36819987], [-48.12415014, -24.36825786], [-48.12283606, -24.36876492], [-48.12272578, -24.36876918], [-48.12262426, -24.36872832], [-48.12258288, -24.36854315], [-48.12260522, -24.36825882], [-48.1229069, -24.3674199], [-48.12316098, -24.36686526], [-48.12321957, -24.36661712], [-48.12321755, -24.36645461], [-48.12317231, -24.36632811], [-48.12302967, -24.36623299], [-48.1229552, -24.36621024], [-48.12272724, -24.36622326], [-48.12255774, -24.3662635], [-48.12179503, -24.36652806], [-48.12107935, -24.366716], [-48.12005818, -24.36688967], [-48.11900749, -24.3670407], [-48.11875232, -24.36709428], [-48.11846247, -24.36721548], [-48.11832841, -24.3673551], [-48.1182232, -24.36753091], [-48.11827874, -24.36771611], [-48.11855095, -24.3681817], [-48.11867582, -24.36846637], [-48.1186284, -24.36868294], [-48.11856168, -24.368755], [-48.11840269, -24.3687772], [-48.11816075, -24.36872247], [-48.1176447, -24.36844591], [-48.11713946, -24.36826868], [-48.11673972, -24.3682542], [-48.11649077, -24.36828521], [-48.1163422, -24.36832549], [-48.11597134, -24.36855935], [-48.11573537, -24.36879353], [-48.11558961, -24.36914979], [-48.11554181, -24.36950178], [-48.11561275, -24.36990369], [-48.11559233, -24.37015643], [-48.11546395, -24.37024641], [-48.11539183, -24.3702643], [-48.11515104, -24.37024116], [-48.11490113, -24.37017286], [-48.11427482, -24.36989603], [-48.11362092, -24.36979066], [-48.1131752, -24.36969481], [-48.11300191, -24.36954544], [-48.1128822, -24.3694007], [-48.11272291, -24.36909337], [-48.11272051, -24.36884961], [-48.11275689, -24.36861948], [-48.11287867, -24.36824961], [-48.11299467, -24.36774431], [-48.11299158, -24.36753215], [-48.11295519, -24.36732893], [-48.11277217, -24.36713439], [-48.11246002, -24.36707948], [-48.11206941, -24.36710564], [-48.11176302, -24.36719068], [-48.11134484, -24.36737927], [-48.11096973, -24.36758603], [-48.11062039, -24.36782896], [-48.11026835, -24.36815313], [-48.11001128, -24.36844141], [-48.10979852, -24.36874335], [-48.1097531, -24.36890123], [-48.10974933, -24.36914498], [-48.10982216, -24.36931217], [-48.11001925, -24.36953835], [-48.11097084, -24.3700191], [-48.1112658, -24.37027259], [-48.11138345, -24.37049406], [-48.11144034, -24.3708508], [-48.11158268, -24.37127095], [-48.11169505, -24.37139761], [-48.1118826, -24.37151542], [-48.11200629, -24.37156085], [-48.11239669, -24.37161595], [-48.11280519, -24.37158532], [-48.11366136, -24.37139775], [-48.11407759, -24.37146645], [-48.11437823, -24.3716748], [-48.11489377, -24.37213645], [-48.11526012, -24.37241718], [-48.11569003, -24.37266195], [-48.11631727, -24.37283496], [-48.11709509, -24.3731302], [-48.11746344, -24.37336127], [-48.1176556, -24.37359645], [-48.11776991, -24.3739127], [-48.11774186, -24.37403], [-48.11760923, -24.3740974], [-48.11743551, -24.374097], [-48.11717764, -24.37401063], [-48.11675407, -24.37391935], [-48.11640472, -24.37394562], [-48.11601204, -24.374044], [-48.11558468, -24.3742055], [-48.1150042, -24.37449304], [-48.11442575, -24.37492953], [-48.11372103, -24.37579908], [-48.11330815, -24.3765068], [-48.11321539, -24.37684965], [-48.11321258, -24.37697152], [-48.11326111, -24.37723796], [-48.11339329, -24.37755426], [-48.11348847, -24.37766282], [-48.1137823, -24.37788921], [-48.11402344, -24.37801166], [-48.11429548, -24.37809807], [-48.11468779, -24.37813962], [-48.11522096, -24.37803254], [-48.11597643, -24.37774091], [-48.11663865, -24.37752579], [-48.11714703, -24.37747281], [-48.11740319, -24.37751404], [-48.11760873, -24.37759126], [-48.11782354, -24.37788066], [-48.11800234, -24.37826928], [-48.11817049, -24.37849989], [-48.11844115, -24.37864497], [-48.11904196, -24.37880436], [-48.11929114, -24.37891779], [-48.11982199, -24.37942911], [-48.12027188, -24.38003052], [-48.12044821, -24.38020246], [-48.12060933, -24.38030666], [-48.12095534, -24.3803842], [-48.12141132, -24.38034463], [-48.12185331, -24.38024183], [-48.12203009, -24.38025127], [-48.1220829, -24.38031459], [-48.12210966, -24.38044104], [-48.12198578, -24.3809057], [-48.12179076, -24.38125734], [-48.12154981, -24.38150505], [-48.12110854, -24.38179293], [-48.12077353, -24.38196819], [-48.12037828, -24.38209818], [-48.11946711, -24.38232628], [-48.11921058, -24.38241596], [-48.1188971, -24.38260482], [-48.11880318, -24.38270391], [-48.11839499, -24.38327623], [-48.11789469, -24.38374001], [-48.11781122, -24.38384815], [-48.11769477, -24.38407358], [-48.11764727, -24.38431722], [-48.11772699, -24.3846695], [-48.11777089, -24.38475428], [-48.11792124, -24.38504462], [-48.11842361, -24.38561004], [-48.11883191, -24.38589086], [-48.11895383, -24.38591371], [-48.1192121, -24.38586466], [-48.11930604, -24.38575654], [-48.11930745, -24.38569335], [-48.11926219, -24.38557588], [-48.1190726, -24.38529557], [-48.1188656, -24.3850739], [-48.11880249, -24.38494737], [-48.11877528, -24.38476223], [-48.11884293, -24.38458634], [-48.11900936, -24.38432943], [-48.11911326, -24.38396404], [-48.1191166, -24.38386925], [-48.11932854, -24.38364405], [-48.1194581, -24.38357664], [-48.1197262, -24.38353663], [-48.12038903, -24.38333505], [-48.12061055, -24.38343035], [-48.12068606, -24.38352532], [-48.12073591, -24.38354349], [-48.12083407, -24.38369268], [-48.12105875, -24.38420329], [-48.12119144, -24.38434353], [-48.12132057, -24.38442959], [-48.12159896, -24.38445732], [-48.12227536, -24.38447243], [-48.12264655, -24.38458162], [-48.12284216, -24.38469041], [-48.12307253, -24.38470448], [-48.12342931, -24.38467822], [-48.12367809, -24.38471942], [-48.1240471, -24.38472478], [-48.12422962, -24.38466652], [-48.1245801, -24.3844642], [-48.12488465, -24.38438364], [-48.12500848, -24.38438393], [-48.12526138, -24.38449736], [-48.12534155, -24.38469164], [-48.1253486, -24.38481805], [-48.12532366, -24.38492633], [-48.12536678, -24.38515213], [-48.12546931, -24.38528327], [-48.12587127, -24.38563177], [-48.12596918, -24.38587575], [-48.12597156, -24.3861101], [-48.12597161, -24.38611499], [-48.12594723, -24.38624133], [-48.12584184, -24.38648484], [-48.12574724, -24.3868322], [-48.1257451, -24.38694054], [-48.12582538, -24.38709871], [-48.12595019, -24.38718927], [-48.12617143, -24.38716721], [-48.1264539, -24.38705501], [-48.12683245, -24.38695205], [-48.12696183, -24.38695234], [-48.12708618, -24.38698874], [-48.12713592, -24.38704754], [-48.12709295, -24.38721446], [-48.1270044, -24.38738127], [-48.12671463, -24.38768756], [-48.12627063, -24.38806572], [-48.12609383, -24.3882865], [-48.12596074, -24.38851641], [-48.12591329, -24.38874652], [-48.12592056, -24.38946877], [-48.12586417, -24.38981622], [-48.1256897, -24.39008214], [-48.12547597, -24.3902893], [-48.1253112, -24.39038823], [-48.12501359, -24.39040109], [-48.12482605, -24.39026524], [-48.12452999, -24.38993955], [-48.12442364, -24.38985354], [-48.12425321, -24.3897719], [-48.1237879, -24.38982951], [-48.12350387, -24.38983337], [-48.123276, -24.38980125], [-48.12299782, -24.38969678], [-48.12272928, -24.38966908], [-48.12235338, -24.38969981], [-48.12156856, -24.3898921], [-48.12127866, -24.3900133], [-48.12031782, -24.39058435], [-48.11981517, -24.39099847], [-48.11964943, -24.39122378], [-48.11954347, -24.39144472], [-48.11941767, -24.39192742], [-48.11942083, -24.39212153], [-48.11950901, -24.39231583], [-48.11957901, -24.39240176], [-48.11977404, -24.39250152], [-48.11988857, -24.39252436], [-48.12030388, -24.39250276], [-48.12068862, -24.39239983], [-48.12095729, -24.39238239], [-48.12117589, -24.39242353], [-48.12143364, -24.39256857], [-48.12156166, -24.39261401], [-48.12194611, -24.3926149], [-48.12251185, -24.39255752], [-48.12304161, -24.39259034], [-48.12311546, -24.39262211], [-48.12318854, -24.39270804], [-48.12321401, -24.39285706], [-48.12319385, -24.3934664], [-48.12321291, -24.39370569], [-48.12327188, -24.39399472], [-48.12348544, -24.39430216], [-48.12380885, -24.39454214], [-48.12389913, -24.39465069], [-48.12394685, -24.39477267], [-48.12397393, -24.39500746], [-48.12404251, -24.3951611], [-48.12420609, -24.39527432], [-48.12433839, -24.39533331], [-48.12471167, -24.39536576], [-48.12500223, -24.39545671], [-48.12508759, -24.39556072], [-48.12508417, -24.39568259], [-48.12498407, -24.3957907], [-48.12453965, -24.3960876], [-48.12438883, -24.3962633], [-48.12437922, -24.39639869], [-48.1244553, -24.39651623], [-48.12461534, -24.39657077], [-48.12499256, -24.39651295], [-48.12526085, -24.39641426], [-48.12578279, -24.39615816], [-48.12629828, -24.39600586], [-48.12668594, -24.39596161], [-48.12710182, -24.39596256], [-48.12746562, -24.39608075], [-48.12823378, -24.39704397], [-48.1282266, -24.39711082], [-48.12780734, -24.39694803], [-48.12699716, -24.39648576], [-48.12652128, -24.39634474], [-48.1261923, -24.39633045], [-48.12588784, -24.39636586], [-48.1255949, -24.39646901], [-48.12543975, -24.39665373], [-48.12540273, -24.3971231], [-48.12536302, -24.39722683], [-48.12525741, -24.39731687], [-48.12515686, -24.39736178], [-48.12483575, -24.39740167], [-48.12443787, -24.3973511], [-48.12416574, -24.39727825], [-48.12396884, -24.397183], [-48.12364169, -24.39695204], [-48.12325466, -24.39676607], [-48.1227748, -24.39672886], [-48.12231143, -24.39674584], [-48.1214933, -24.39671235], [-48.12071434, -24.39655256], [-48.11983972, -24.39623003], [-48.11980199, -24.39622331], [-48.1192637, -24.39621064], [-48.11895922, -24.39628978], [-48.11861937, -24.39638518], [-48.11794806, -24.39651001], [-48.11729296, -24.39678834], [-48.11717812, -24.39687384], [-48.11710853, -24.39708132], [-48.11708331, -24.3972889], [-48.11700701, -24.3974738], [-48.11684251, -24.39769008], [-48.11664243, -24.39785211], [-48.11654399, -24.39802341], [-48.11652253, -24.39820844], [-48.11655654, -24.39838456], [-48.11650541, -24.39860111], [-48.11631298, -24.39888956], [-48.11594096, -24.39906473], [-48.11567979, -24.39925821], [-48.11540228, -24.3997857], [-48.11511906, -24.40015517], [-48.11501289, -24.40022263], [-48.11487891, -24.40032163], [-48.11467412, -24.40040239], [-48.1140843, -24.4004642], [-48.11377542, -24.40053118], [-48.11363978, -24.40056246], [-48.11295505, -24.40107092], [-48.11260041, -24.40141314], [-48.11248842, -24.40157989], [-48.11247461, -24.40167013], [-48.11253852, -24.40172897], [-48.1126531, -24.40173827], [-48.11286831, -24.40167558], [-48.11301744, -24.40166691], [-48.11308123, -24.40177088], [-48.11307841, -24.40189726], [-48.11293744, -24.40206846], [-48.11261703, -24.4022934], [-48.11251751, -24.40240601], [-48.1122061, -24.40292889], [-48.11206019, -24.40310459], [-48.11192866, -24.4032081], [-48.11156147, -24.40341036], [-48.11098157, -24.40366176], [-48.11050852, -24.40382313], [-48.10994639, -24.40411069], [-48.10953318, -24.40424512], [-48.10899261, -24.40431154], [-48.10881653, -24.40426146], [-48.10868133, -24.40413926], [-48.10852135, -24.40406214], [-48.10813092, -24.40398447], [-48.10793558, -24.40399303], [-48.10777002, -24.40414159], [-48.10771655, -24.40452515], [-48.10767939, -24.40459277], [-48.10693736, -24.40529517], [-48.10654965, -24.40556056], [-48.10667493, -24.4057053], [-48.10662028, -24.4060708], [-48.10668071, -24.40626956], [-48.10685676, -24.40632867], [-48.10705638, -24.40633817], [-48.10760808, -24.40625825], [-48.10792595, -24.40628158], [-48.10809821, -24.40637679], [-48.10835924, -24.40667082], [-48.10862735, -24.40686104], [-48.10890939, -24.4069204], [-48.10958093, -24.40694909], [-48.1102695, -24.40705907], [-48.11078149, -24.40729501], [-48.11111643, -24.40738609], [-48.11164812, -24.40740992], [-48.11173813, -24.40739208], [-48.11221903, -24.4072894], [-48.11247039, -24.40730354], [-48.11258466, -24.40742568], [-48.11260249, -24.40765594], [-48.11274577, -24.4077601], [-48.11299808, -24.40787354], [-48.1131533, -24.40789197], [-48.11336414, -24.40785635], [-48.11349819, -24.40773479], [-48.11363028, -24.40765385], [-48.11383922, -24.40763178], [-48.11393083, -24.40770422], [-48.11401807, -24.4077947], [-48.11401284, -24.40811969], [-48.11407176, -24.40842227], [-48.11424567, -24.40858969], [-48.11463628, -24.40882534], [-48.11492379, -24.40913296], [-48.11507279, -24.40939512], [-48.11507276, -24.40940415], [-48.1150684, -24.40963886], [-48.11495933, -24.41008097], [-48.11481096, -24.41047334], [-48.1146635, -24.41076188], [-48.11416283, -24.41153258], [-48.11409562, -24.41176715], [-48.1141158, -24.4124804], [-48.11367847, -24.4130752], [-48.11369175, -24.41317454], [-48.11375242, -24.41329204], [-48.11376712, -24.41332368], [-48.11362215, -24.41381987], [-48.113503, -24.4141175], [-48.1133336, -24.41497023], [-48.1131945, -24.41534907], [-48.11308677, -24.41572554], [-48.11295054, -24.41620163], [-48.11286859, -24.41663477], [-48.11273223, -24.41713549], [-48.11261422, -24.41746472], [-48.1123698, -24.41847526], [-48.11231198, -24.41909353], [-48.11219603, -24.41977937], [-48.11205506, -24.42024836], [-48.11205399, -24.42024856], [-48.11193278, -24.42018057], [-48.11162189, -24.41963816], [-48.11152169, -24.41933549], [-48.1113791, -24.41854974], [-48.11131306, -24.41793569], [-48.11136561, -24.41743929], [-48.11152713, -24.41697926], [-48.11163973, -24.41682154], [-48.11196426, -24.4164612], [-48.11215183, -24.41615921], [-48.11233057, -24.41570824], [-48.11238506, -24.41539691], [-48.11239264, -24.41511256], [-48.11225774, -24.41487751], [-48.1121207, -24.41474629], [-48.11194602, -24.41463302], [-48.11170954, -24.41454711], [-48.11133609, -24.41437428], [-48.11117891, -24.4141753], [-48.11099142, -24.4138002], [-48.11096312, -24.41378207], [-48.11093935, -24.41369174], [-48.11074748, -24.41355587], [-48.11055827, -24.41356896], [-48.11046776, -24.41354166], [-48.11035655, -24.41342854], [-48.11033459, -24.41335176], [-48.11024183, -24.41325223], [-48.11022995, -24.41309421], [-48.11026491, -24.41293631], [-48.11044741, -24.41246279], [-48.11076037, -24.4118361], [-48.1109342, -24.41138061], [-48.11102123, -24.41089331], [-48.11099566, -24.41056825], [-48.11094037, -24.41029277], [-48.11059009, -24.4093079], [-48.11050082, -24.40884727], [-48.11039445, -24.40854909], [-48.11023541, -24.40835462], [-48.11007927, -24.40822785], [-48.10990751, -24.40817328], [-48.10975227, -24.40815937], [-48.10954878, -24.40821305], [-48.10864932, -24.40859007], [-48.10847465, -24.40869347], [-48.1083282, -24.40883756], [-48.1082507, -24.40900439], [-48.1081145, -24.40944643], [-48.10794264, -24.40964012], [-48.10785436, -24.40969859], [-48.10778905, -24.40969843], [-48.10761059, -24.40961675], [-48.10685374, -24.40903264], [-48.10663841, -24.40891927], [-48.10637965, -24.40890511], [-48.10616082, -24.40893618], [-48.10593596, -24.40913425], [-48.10576744, -24.40945433], [-48.1057374, -24.40961676], [-48.10564865, -24.40983773], [-48.10551035, -24.40993218], [-48.10521781, -24.40988183], [-48.10481963, -24.40970933], [-48.10453565, -24.40968156], [-48.10437781, -24.40971729], [-48.10427252, -24.40990211], [-48.1041734, -24.41029909], [-48.10404967, -24.41047032], [-48.10379843, -24.4106277], [-48.102987, -24.4108108], [-48.10287403, -24.41088275], [-48.10273806, -24.41102235], [-48.10264764, -24.41118012], [-48.10262071, -24.41132902], [-48.1026716, -24.41163157], [-48.10271439, -24.41174904], [-48.10269478, -24.41192503], [-48.10255409, -24.4119924], [-48.10234405, -24.4119648], [-48.10198391, -24.41185108], [-48.101627, -24.4116832], [-48.10138261, -24.41160135], [-48.1011453, -24.41162785], [-48.10104148, -24.41173142], [-48.10098752, -24.41185317], [-48.10102636, -24.41226854], [-48.10099505, -24.41243999], [-48.10087752, -24.41259769], [-48.10063677, -24.41274606], [-48.10049464, -24.41288565], [-48.1003981, -24.41302534], [-48.10031315, -24.41321021], [-48.10020557, -24.41333182], [-48.09999748, -24.41348027], [-48.09985603, -24.41345389], [-48.09971561, -24.41328246], [-48.09965088, -24.41315893], [-48.09954936, -24.41268472], [-48.09952321, -24.41235514], [-48.09939677, -24.41197567], [-48.09919715, -24.41175399], [-48.09887656, -24.41160425], [-48.09869701, -24.41147291], [-48.09861365, -24.41132374], [-48.09857266, -24.41101218], [-48.0987213, -24.4105431], [-48.09888554, -24.4102185], [-48.09895108, -24.40992977], [-48.09895265, -24.40960477], [-48.09905252, -24.40916717], [-48.09912822, -24.40898679], [-48.09938715, -24.40851798], [-48.09950772, -24.40816619], [-48.09950605, -24.40789535], [-48.09939181, -24.40755653], [-48.09915243, -24.40723997], [-48.09884199, -24.40699094], [-48.09847727, -24.40676435], [-48.09845016, -24.40676428], [-48.09827257, -24.40659683], [-48.09799809, -24.40627566], [-48.09768393, -24.40603565], [-48.09741564, -24.40591312], [-48.09719084, -24.40588097], [-48.0970207, -24.40590763], [-48.09693306, -24.40595707], [-48.09668456, -24.40622729], [-48.09665444, -24.40641229], [-48.09667078, -24.40672379], [-48.09671662, -24.40685029], [-48.09688793, -24.40705384], [-48.0974134, -24.40751556], [-48.09762934, -24.40784109], [-48.09765512, -24.40808491], [-48.09761854, -24.40816155], [-48.09741581, -24.40816557], [-48.09726064, -24.40812907], [-48.09696495, -24.40798928], [-48.09695395, -24.40798408], [-48.09637765, -24.40771162], [-48.09594617, -24.40755708], [-48.09562471, -24.4074976], [-48.09531978, -24.40746976], [-48.0949968, -24.40750507], [-48.09463102, -24.40763959], [-48.09427837, -24.40791406], [-48.09419154, -24.40810343], [-48.09415196, -24.40836062], [-48.09421922, -24.40853683], [-48.09431738, -24.40868152], [-48.09525517, -24.40973559], [-48.0954497, -24.41000691], [-48.09555752, -24.41021933], [-48.09553559, -24.4105533], [-48.0954296, -24.41097284], [-48.09544761, -24.41113538], [-48.09550195, -24.41130253], [-48.09554616, -24.41135681], [-48.09570364, -24.41144748], [-48.09599662, -24.41155653], [-48.0964377, -24.41159373], [-48.09702947, -24.41151846], [-48.09731412, -24.41152819], [-48.09738423, -24.4115735], [-48.09737284, -24.41167729], [-48.0972758, -24.41177636], [-48.09694419, -24.41201929], [-48.09668822, -24.41231658], [-48.09663796, -24.41243382], [-48.09664147, -24.41291681], [-48.09654505, -24.41301588], [-48.09639891, -24.41305163], [-48.09607235, -24.4130418], [-48.09567655, -24.41310853], [-48.09555372, -24.41318045], [-48.09537765, -24.41333348], [-48.09496715, -24.41378837], [-48.09448498, -24.41409864], [-48.09415119, -24.41424225], [-48.09396987, -24.41429597], [-48.09352797, -24.41432196], [-48.09338081, -24.41428548], [-48.09320127, -24.41415413], [-48.09310663, -24.41386049], [-48.09323066, -24.41338684], [-48.09338488, -24.4131209], [-48.09376783, -24.41260727], [-48.09385654, -24.41240436], [-48.0939195, -24.41216077], [-48.09391855, -24.41185833], [-48.09380436, -24.41150596], [-48.09372512, -24.41142452], [-48.09346933, -24.41123881], [-48.09304781, -24.41104818], [-48.09290727, -24.41085824], [-48.09277187, -24.4105961], [-48.09271873, -24.41043798], [-48.09263372, -24.40980582], [-48.09240665, -24.40949831], [-48.09215948, -24.40931713], [-48.09177784, -24.40918528], [-48.09154489, -24.40919824], [-48.09140613, -24.40923851], [-48.09132213, -24.40930601], [-48.09111734, -24.40958536], [-48.09107319, -24.40972067], [-48.09101669, -24.4100681], [-48.09094609, -24.4101898], [-48.09093665, -24.41025297], [-48.08984545, -24.41126136], [-48.08969631, -24.41147765], [-48.08967346, -24.41169877], [-48.08970259, -24.41184781], [-48.08985386, -24.41215965], [-48.0904597, -24.41294207], [-48.09070556, -24.41335797], [-48.09085719, -24.41375557], [-48.09092393, -24.41410331], [-48.09089212, -24.4146449], [-48.09068723, -24.41516348], [-48.09046352, -24.41558272], [-48.09020389, -24.41627269], [-48.09014396, -24.41652983], [-48.09011751, -24.41692699], [-48.09023725, -24.41727486], [-48.09024974, -24.41742385], [-48.09015127, -24.41759062], [-48.08995604, -24.41775714], [-48.08975007, -24.41801392], [-48.08973074, -24.41829824], [-48.0897991, -24.41851508], [-48.08997953, -24.4187638], [-48.09031925, -24.41911673], [-48.09085823, -24.41960107], [-48.0912149, -24.41985023], [-48.09202076, -24.42011404], [-48.09259848, -24.42021479], [-48.09294251, -24.42015697], [-48.09325157, -24.42004489], [-48.09406505, -24.41960906], [-48.0944361, -24.41937526], [-48.0944726, -24.4193257], [-48.09477621, -24.41918201], [-48.09485447, -24.4191822], [-48.09503114, -24.41924583], [-48.09506657, -24.41934974], [-48.09506363, -24.41951223], [-48.09481185, -24.42004876], [-48.09462616, -24.42032816], [-48.0938329, -24.42121543], [-48.09348728, -24.42156607], [-48.09336686, -24.42168823], [-48.09275451, -24.42224642], [-48.09245947, -24.42261583], [-48.09194339, -24.42312461], [-48.09116478, -24.42405252], [-48.09089366, -24.42445358], [-48.09075968, -24.42474665], [-48.09070654, -24.42499929], [-48.09068354, -24.42527458], [-48.09074309, -24.42555459], [-48.09081294, -24.42569018], [-48.09096029, -24.42587561], [-48.09117871, -24.42599352], [-48.09164742, -24.42608046], [-48.09197843, -24.4260542], [-48.09240765, -24.42595145], [-48.09373583, -24.42548531], [-48.09454383, -24.42524357], [-48.09488336, -24.4250458], [-48.09511622, -24.42486582], [-48.09529921, -24.42466767], [-48.09570204, -24.42410894], [-48.09592011, -24.42371677], [-48.09632682, -24.42288271], [-48.09651564, -24.42258978], [-48.09664732, -24.42244566], [-48.09692278, -24.4222387], [-48.09707583, -24.42216234], [-48.09740704, -24.42206385], [-48.09815798, -24.42193931], [-48.09830479, -24.42189002], [-48.09851776, -24.42176415], [-48.09861765, -24.42166459], [-48.0987075, -24.42157503], [-48.0991406, -24.42098026], [-48.09942623, -24.42066048], [-48.0998711, -24.42025532], [-48.10027913, -24.42001708], [-48.10047882, -24.42000402], [-48.10063366, -24.42015788], [-48.10092414, -24.4211381], [-48.100952, -24.42130518], [-48.1009433, -24.42153988], [-48.10090612, -24.42170848], [-48.10085775, -24.42192786], [-48.10080125, -24.42207217], [-48.09983881, -24.42371738], [-48.0997758, -24.42398355], [-48.09977294, -24.42411896], [-48.09981075, -24.42425446], [-48.09995116, -24.42449856], [-48.10020889, -24.42466169], [-48.10036768, -24.42472978], [-48.10079137, -24.42483012], [-48.10107296, -24.42484435], [-48.10166096, -24.42480967], [-48.1021586, -24.42469804], [-48.10247318, -24.42459499], [-48.10274407, -24.42447377], [-48.10315834, -24.42420846], [-48.10343648, -24.42392024], [-48.10374005, -24.42336577], [-48.10384191, -24.42309067], [-48.10397485, -24.42250871], [-48.10408039, -24.42223813], [-48.1043662, -24.42185514], [-48.10444435, -24.42177627], [-48.10548174, -24.42072937], [-48.10576709, -24.42050436], [-48.10620956, -24.42028425], [-48.10668696, -24.42013192], [-48.10727436, -24.42008368], [-48.10773959, -24.42009383], [-48.10817569, -24.42015807], [-48.10838741, -24.42025336], [-48.10858774, -24.42044794], [-48.10858411, -24.42064203], [-48.10827654, -24.42088053], [-48.10769112, -24.42109579], [-48.10738191, -24.42126206], [-48.10675201, -24.42182044], [-48.10662016, -24.42193731], [-48.10639199, -24.4222076], [-48.1062205, -24.42248253], [-48.10603136, -24.42289735], [-48.10596894, -24.42317255], [-48.10596903, -24.42356977], [-48.1060288, -24.42378658], [-48.10623799, -24.4241166], [-48.1064888, -24.42433387], [-48.10712794, -24.42473262], [-48.10749006, -24.42502689], [-48.10761634, -24.42526192], [-48.10769322, -24.42552842], [-48.10779685, -24.42570922], [-48.10801484, -24.42598509], [-48.10802251, -24.42610247], [-48.10786604, -24.42629619], [-48.1076295, -24.42669285], [-48.10757583, -24.42692744], [-48.1076328, -24.4272616], [-48.1077411, -24.42753269], [-48.10786311, -24.42775416], [-48.10789817, -24.42777682], [-48.10790703, -24.42791225], [-48.10784897, -24.42795725], [-48.107667, -24.4280155], [-48.10637354, -24.42820197], [-48.10585597, -24.42838579], [-48.10563619, -24.42852068], [-48.10551815, -24.42863775], [-48.10530653, -24.42893516], [-48.10521947, -24.42920578], [-48.10522855, -24.42947663], [-48.10554598, -24.43031697], [-48.10570971, -24.43102604], [-48.10574447, -24.43158584], [-48.10569093, -24.43177078], [-48.10565387, -24.43180229], [-48.10564263, -24.43185192], [-48.10544438, -24.4320004], [-48.10512268, -24.43199962], [-48.10492952, -24.43187728], [-48.10446793, -24.43144735], [-48.10429811, -24.43135215], [-48.10401046, -24.4313018], [-48.10372128, -24.43135075], [-48.10351238, -24.43155788], [-48.10345345, -24.43168864], [-48.10346031, -24.43208587], [-48.10367711, -24.43256035], [-48.10387492, -24.4327775], [-48.10426585, -24.43313504], [-48.10431963, -24.43329315], [-48.10426062, -24.43345099], [-48.1040755, -24.43353179], [-48.10362846, -24.43361196], [-48.10256505, -24.43371771], [-48.10227338, -24.43377568], [-48.10200619, -24.43389239], [-48.10175466, -24.43413101], [-48.10161706, -24.43440151], [-48.10153874, -24.43463152], [-48.10145161, -24.43471256], [-48.10144344, -24.43476671], [-48.10129582, -24.43487919], [-48.10087048, -24.4351219], [-48.1007512, -24.43523897], [-48.10056168, -24.43555899], [-48.10038249, -24.43571654], [-48.10031285, -24.43571637], [-48.1000365, -24.4355893], [-48.09929676, -24.43501875], [-48.09899476, -24.43481489], [-48.09854849, -24.43462872], [-48.09825042, -24.43455577], [-48.0980976, -24.43454637], [-48.09779663, -24.43462236], [-48.09758128, -24.43471211], [-48.09741262, -24.43485162], [-48.09730438, -24.43498226], [-48.09688413, -24.43579823], [-48.09640264, -24.43648314], [-48.09619829, -24.43697416], [-48.09575468, -24.43708134], [-48.0956843, -24.43701851], [-48.09558425, -24.43687834], [-48.09551567, -24.43672921], [-48.09542876, -24.43631372], [-48.09536649, -24.43548754], [-48.09532112, -24.43540618], [-48.09531884, -24.43534298], [-48.09521449, -24.43520279], [-48.09501844, -24.43501724], [-48.09465339, -24.4348764], [-48.09451479, -24.43485349], [-48.09436564, -24.43485764], [-48.09400357, -24.43496056], [-48.09370587, -24.43517648], [-48.09295076, -24.4360548], [-48.09268408, -24.43620309], [-48.0924732, -24.43623868], [-48.09158232, -24.43614167], [-48.09141466, -24.43615027], [-48.09114023, -24.43620827], [-48.09094088, -24.43630256], [-48.09061835, -24.4365771], [-48.09043208, -24.43683392], [-48.09031353, -24.43711348], [-48.09024623, -24.43736157], [-48.09019362, -24.43786063], [-48.09018343, -24.43795724], [-48.09020278, -24.43849443], [-48.09030816, -24.43890997], [-48.09057856, -24.43958321], [-48.09061551, -24.43979996], [-48.09058876, -24.43988115], [-48.09053187, -24.4399442], [-48.09012104, -24.44006504], [-48.0897333, -24.44029879], [-48.08961686, -24.44048808], [-48.08939278, -24.4414309], [-48.08914792, -24.44210736], [-48.08906423, -24.44226965], [-48.08894423, -24.44241379], [-48.08888935, -24.44242268], [-48.088826, -24.44237738], [-48.08860869, -24.44208795], [-48.08835793, -24.44164948], [-48.0880898, -24.44124707], [-48.0875596, -24.44068602], [-48.08726978, -24.44053182], [-48.08711888, -24.44049984], [-48.08683951, -24.44055782], [-48.08659356, -24.44077386], [-48.08647953, -24.44098121], [-48.08634704, -24.4413826], [-48.08626606, -24.44207752], [-48.08633664, -24.44319713], [-48.0864761, -24.44416344], [-48.08669587, -24.44486363], [-48.08696362, -24.44518479], [-48.0873182, -24.44553325], [-48.08829382, -24.44637076], [-48.08858204, -24.44665585], [-48.08919132, -24.44736605], [-48.08956926, -24.44794477], [-48.08979123, -24.448329], [-48.08992167, -24.44861369], [-48.0901722, -24.44934104], [-48.09026543, -24.44969786], [-48.09023227, -24.44986479], [-48.09018151, -24.44993688], [-48.08983086, -24.44991795], [-48.08861039, -24.44953121], [-48.08771843, -24.44935293], [-48.08739247, -24.44932051], [-48.08680002, -24.44916103], [-48.08607237, -24.4488658], [-48.08565104, -24.44857585], [-48.08541334, -24.4482999], [-48.08525213, -24.4480061], [-48.08522072, -24.44759075], [-48.08532226, -24.44703129], [-48.08533544, -24.44675147], [-48.08520911, -24.44633588], [-48.08509348, -24.44605122], [-48.08468057, -24.44522414], [-48.08446948, -24.44491667], [-48.08417896, -24.44458642], [-48.08401712, -24.44450025], [-48.08389088, -24.44446382], [-48.08365606, -24.44446322], [-48.08348318, -24.44456208], [-48.08323589, -24.44480971], [-48.08304524, -24.44508006], [-48.08289786, -24.44550849], [-48.08287485, -24.44577926], [-48.08279283, -24.44619884], [-48.08271374, -24.44646495], [-48.08245749, -24.44702401], [-48.08219025, -24.4473438], [-48.08189791, -24.44760937], [-48.08143986, -24.44784292], [-48.08115053, -24.44792794], [-48.08084409, -24.44796326], [-48.08054463, -24.44793541], [-48.08022124, -24.44787139], [-48.08004234, -24.44772197], [-48.07996279, -24.44753219], [-48.07982796, -24.44667874], [-48.0797624, -24.44655218], [-48.07957801, -24.4463847], [-48.07920159, -24.44632956], [-48.07888691, -24.4464416], [-48.07860961, -24.44662595], [-48.07850451, -24.4467295], [-48.07801026, -24.44690877], [-48.07772282, -24.44698025], [-48.07754474, -24.44696625], [-48.07680218, -24.44672059], [-48.07650402, -24.44667016], [-48.07635485, -24.44667429], [-48.07600555, -24.44681783], [-48.07570412, -24.44702919], [-48.07504179, -24.44774517], [-48.07473587, -24.44801069], [-48.0737898, -24.44859502], [-48.07342466, -24.44887392], [-48.0732106, -24.44913065], [-48.07311687, -24.44934255], [-48.07314235, -24.44967213], [-48.07326491, -24.44990265], [-48.07344547, -24.45011075], [-48.07373528, -24.45026949], [-48.07419158, -24.4504061], [-48.07455703, -24.4504251], [-48.07511992, -24.45037691], [-48.07568561, -24.4502204], [-48.0772127, -24.44990839], [-48.07767991, -24.44990508], [-48.07826586, -24.4499743], [-48.07855071, -24.44994344], [-48.07925942, -24.44977825], [-48.07948558, -24.44979238], [-48.07959304, -24.44992355], [-48.07959566, -24.45007703], [-48.07941145, -24.4504512], [-48.07897271, -24.45101429], [-48.07883768, -24.45123061], [-48.07881921, -24.45142465], [-48.07898106, -24.45170944], [-48.07899, -24.45180876], [-48.07882252, -24.45195277], [-48.07829117, -24.45216355], [-48.07814176, -24.45224441], [-48.07802977, -24.45238405], [-48.0778091, -24.45278521], [-48.07759593, -24.45295618], [-48.07715812, -24.45321234], [-48.07647411, -24.45355813], [-48.07586253, -24.45399889], [-48.07565709, -24.45425565], [-48.07557896, -24.45440891], [-48.07549369, -24.454675], [-48.07547863, -24.45495933], [-48.07552964, -24.45520772], [-48.07575117, -24.45552426], [-48.07611592, -24.45577346], [-48.07653768, -24.45592351], [-48.07670215, -24.45596005], [-48.07701896, -24.45596538], [-48.07731612, -24.45594358], [-48.07759799, -24.45588563], [-48.0781992, -24.45561184], [-48.07905162, -24.45502273], [-48.07921212, -24.45494641], [-48.07952056, -24.45486596], [-48.07970427, -24.4548574], [-48.08010017, -24.45499834], [-48.08033601, -24.4552788], [-48.08032635, -24.4556128], [-48.08000992, -24.45628905], [-48.0799733, -24.45657333], [-48.07998642, -24.4567178], [-48.0801259, -24.45726432], [-48.08049944, -24.45786561], [-48.0804941, -24.45800101], [-48.08040262, -24.45808202], [-48.08016262, -24.45815363], [-48.07964251, -24.45811167], [-48.07829488, -24.45776967], [-48.0778267, -24.45767819], [-48.07723137, -24.45764054], [-48.07692054, -24.4576939], [-48.07662428, -24.45781952], [-48.07648965, -24.45790493], [-48.07636446, -24.45812127], [-48.07633608, -24.45832883], [-48.07635664, -24.45845978], [-48.07653121, -24.45901542], [-48.07661984, -24.45921275], [-48.0767139, -24.45942216], [-48.07691077, -24.45986048], [-48.07707221, -24.46028068], [-48.07707671, -24.46042061], [-48.07695484, -24.46056023], [-48.07665879, -24.46061814], [-48.07632783, -24.46059923], [-48.07590117, -24.46043563], [-48.07558669, -24.46027231], [-48.07531666, -24.46008655], [-48.07499477, -24.45992773], [-48.07442626, -24.45978633], [-48.0733736, -24.45973393], [-48.07312854, -24.45964753], [-48.07294533, -24.45949359], [-48.072808, -24.459254], [-48.07277026, -24.45910043], [-48.07275039, -24.45855422], [-48.0728507, -24.45801283], [-48.07310544, -24.45716942], [-48.07314034, -24.45665042], [-48.07304966, -24.45647415], [-48.07288971, -24.45637443], [-48.07274256, -24.45631988], [-48.07260148, -24.45629694], [-48.07229687, -24.45633226], [-48.07193599, -24.4564261], [-48.07085128, -24.45677533], [-48.07059663, -24.45680175], [-48.0704911, -24.4568421], [-48.07039247, -24.45684184], [-48.07021386, -24.45679623], [-48.07013158, -24.45669671], [-48.07012899, -24.45653872], [-48.07028039, -24.45621864], [-48.07051673, -24.45593941], [-48.07091921, -24.45555228], [-48.07118833, -24.45523702], [-48.07135252, -24.45496663], [-48.07143148, -24.45455157], [-48.07144082, -24.4541273], [-48.07136203, -24.45369828], [-48.07127475, -24.45342271], [-48.0710467, -24.4530249], [-48.07082602, -24.45283474], [-48.0704965, -24.45275714], [-48.07018026, -24.45276985], [-48.06982911, -24.45290886], [-48.0693677, -24.45302049], [-48.06906815, -24.4530197], [-48.0687985, -24.45291517], [-48.06862381, -24.45280187], [-48.06812918, -24.45230856], [-48.06787092, -24.45211378], [-48.06762966, -24.4520003], [-48.06743066, -24.45197269], [-48.06725429, -24.45199931], [-48.0670443, -24.45213417], [-48.06679074, -24.45239981], [-48.06657148, -24.45254367], [-48.06636538, -24.45261534], [-48.0660895, -24.45253336], [-48.06576175, -24.45228875], [-48.06532807, -24.45182268], [-48.06473975, -24.45113953], [-48.06451597, -24.45095838], [-48.06430714, -24.45092172], [-48.06416341, -24.45095745], [-48.06399546, -24.45105179], [-48.0638558, -24.45116426], [-48.06368564, -24.45137144], [-48.06358884, -24.4515743], [-48.06350841, -24.45186297], [-48.06348044, -24.45212921], [-48.06347846, -24.45255801], [-48.06353616, -24.45282448], [-48.06364006, -24.45310461], [-48.0638259, -24.45339399], [-48.06416635, -24.45371537], [-48.06458164, -24.45395571], [-48.06490329, -24.45398816], [-48.06519677, -24.45396186], [-48.06580886, -24.45376037], [-48.0660593, -24.45370235], [-48.06626257, -24.45374352], [-48.06640341, -24.45384319], [-48.0666779, -24.45397482], [-48.06699829, -24.45401629], [-48.06744463, -24.45399039], [-48.06763969, -24.45409472], [-48.06767839, -24.45433406], [-48.06765591, -24.45461836], [-48.06742963, -24.45542122], [-48.06742499, -24.45552502], [-48.06730838, -24.45575492], [-48.06721184, -24.45587653], [-48.0669717, -24.45599325], [-48.06675105, -24.45598816], [-48.06631069, -24.45587415], [-48.06511109, -24.45532479], [-48.0647706, -24.45520653], [-48.06406481, -24.45501959], [-48.06317522, -24.45487277], [-48.06272784, -24.45483547], [-48.06230809, -24.45483434], [-48.06182185, -24.45500005], [-48.06146547, -24.45522478], [-48.06130095, -24.45540038], [-48.0611805, -24.45567088], [-48.06119943, -24.45591919], [-48.06127499, -24.45600064], [-48.06128595, -24.4560413], [-48.06145754, -24.45616363], [-48.06175304, -24.45627726], [-48.06198309, -24.45642684], [-48.06198867, -24.45661191], [-48.06180995, -24.45679199], [-48.06163578, -24.45689985], [-48.06061828, -24.45742523], [-48.05986671, -24.45786556], [-48.05956546, -24.45800468], [-48.05901455, -24.45834172], [-48.05885613, -24.45853539], [-48.05879037, -24.45866611], [-48.05876159, -24.45879693], [-48.05876736, -24.45891882], [-48.05887664, -24.45905453], [-48.05904708, -24.45914977], [-48.05937413, -24.4592319], [-48.06024355, -24.45933355], [-48.06068571, -24.45946563], [-48.06083765, -24.45956083], [-48.06107341, -24.45985486], [-48.06135901, -24.45998652], [-48.06151314, -24.45997791], [-48.06166492, -24.45993318], [-48.06190044, -24.45972166], [-48.06209357, -24.45946941], [-48.06218433, -24.45923042], [-48.06241214, -24.4589241], [-48.06276787, -24.4587129], [-48.06320726, -24.45855158], [-48.06471198, -24.4583299], [-48.06515853, -24.45824533], [-48.06544851, -24.45816034], [-48.06594851, -24.45793146], [-48.06701435, -24.45712632], [-48.06730889, -24.45696009], [-48.06759637, -24.45688412], [-48.06790772, -24.45686237], [-48.0680396, -24.45687175], [-48.06828207, -24.45699426], [-48.06844814, -24.45710754], [-48.06870195, -24.45735196], [-48.06898662, -24.457777], [-48.06919249, -24.45817024], [-48.06964575, -24.45928182], [-48.06981565, -24.45955309], [-48.06991208, -24.45966168], [-48.07010578, -24.45981114], [-48.07034342, -24.45990655], [-48.0706262, -24.45995243], [-48.071229, -24.45996756], [-48.07151492, -24.4599999], [-48.07162637, -24.4600363], [-48.07174384, -24.46012237], [-48.07182286, -24.46028056], [-48.07181858, -24.46046561], [-48.07173864, -24.46060082], [-48.07161682, -24.46072688], [-48.07088022, -24.46131174], [-48.07075632, -24.46151002], [-48.07071679, -24.46173109], [-48.07086234, -24.4621016], [-48.07104552, -24.46226458], [-48.07215734, -24.46292198], [-48.07246288, -24.46318458], [-48.07277351, -24.46359614], [-48.07298118, -24.46401195], [-48.07312172, -24.46440952], [-48.07311686, -24.46458555], [-48.07306316, -24.46480658], [-48.07284653, -24.46508587], [-48.07255058, -24.46530627], [-48.07186455, -24.46567911], [-48.0715887, -24.46577769], [-48.07130494, -24.46584014], [-48.07084307, -24.46589309], [-48.07024628, -24.46591861], [-48.06965426, -24.46599379], [-48.06855084, -24.46618948], [-48.06811391, -24.46634631], [-48.0678101, -24.46651252], [-48.06766718, -24.46667915], [-48.06758597, -24.46682337], [-48.06756393, -24.46697227], [-48.06757586, -24.46709869], [-48.06764618, -24.46727942], [-48.06781316, -24.46749652], [-48.06849926, -24.46808512], [-48.07013526, -24.46908245], [-48.07040713, -24.46927274], [-48.07078709, -24.46959421], [-48.07090258, -24.46972541], [-48.07093114, -24.46985638], [-48.07091225, -24.46998272], [-48.07079837, -24.47012686], [-48.07032975, -24.47036034], [-48.06948119, -24.47065602], [-48.06891975, -24.47080349], [-48.06862225, -24.47092006], [-48.06808005, -24.47102696], [-48.06773666, -24.47103508], [-48.06684625, -24.47091537], [-48.06624273, -24.47091828], [-48.06538674, -24.47102885], [-48.06474342, -24.47133408], [-48.06440456, -24.4712745], [-48.06419602, -24.47113402], [-48.06387398, -24.47082622], [-48.06344446, -24.47058585], [-48.06313947, -24.47053539], [-48.06255117, -24.47059701], [-48.06197681, -24.4705413], [-48.06181523, -24.47056344], [-48.06173866, -24.47060386], [-48.06167915, -24.47070752], [-48.06168223, -24.47090161], [-48.06185663, -24.4713038], [-48.06211796, -24.47170622], [-48.06223404, -24.47184195], [-48.06255433, -24.47211814], [-48.06281584, -24.4722723], [-48.06354665, -24.47256313], [-48.06395343, -24.47278539], [-48.06456292, -24.47342796], [-48.06493756, -24.47367721], [-48.06539142, -24.47382737], [-48.06643576, -24.47401069], [-48.06703177, -24.47404838], [-48.06703338, -24.47404818], [-48.06748691, -24.47399091], [-48.06866123, -24.47361937], [-48.06929329, -24.47356235], [-48.06986401, -24.47360448], [-48.07075792, -24.47379189], [-48.07165095, -24.47406505], [-48.07226633, -24.47421562], [-48.07253623, -24.47425243], [-48.07300174, -24.47423108], [-48.07313334, -24.47413663], [-48.07322002, -24.47401499], [-48.07330902, -24.4737444], [-48.0733356, -24.47332469], [-48.07329827, -24.47284163], [-48.07333617, -24.47234973], [-48.07346588, -24.47207022], [-48.07358968, -24.47190805], [-48.07379062, -24.471719], [-48.07393613, -24.47151174], [-48.07416746, -24.47106549], [-48.07433397, -24.47064615], [-48.07434469, -24.47056944], [-48.07445186, -24.47040271], [-48.07457475, -24.47033081], [-48.07467592, -24.47030851], [-48.07495324, -24.47033631], [-48.07567957, -24.47048715], [-48.07599141, -24.47051504], [-48.07661717, -24.4704986], [-48.07696623, -24.47044986], [-48.07736551, -24.47031096], [-48.07759959, -24.47016713], [-48.0779242, -24.46985201], [-48.0783025, -24.46931585], [-48.07845604, -24.46890098], [-48.0786437, -24.46821538], [-48.07864129, -24.46779559], [-48.07860144, -24.46752467], [-48.07856046, -24.46742075], [-48.07839971, -24.46717208], [-48.07810602, -24.46685987], [-48.07777141, -24.46661978], [-48.077185, -24.46627974], [-48.07696354, -24.46613021], [-48.07681917, -24.46597186], [-48.07666777, -24.46569161], [-48.07672943, -24.46548865], [-48.07695729, -24.46535835], [-48.07707503, -24.46535865], [-48.07732571, -24.465427], [-48.07766967, -24.46563101], [-48.07787633, -24.4657805], [-48.07813373, -24.46586692], [-48.07838818, -24.46591272], [-48.07868228, -24.4658909], [-48.07903961, -24.46575641], [-48.07930516, -24.46559911], [-48.07959023, -24.46550957], [-48.07989173, -24.46548778], [-48.08041101, -24.46561098], [-48.08106781, -24.46591509], [-48.08220685, -24.46636486], [-48.08279292, -24.46661912], [-48.08311843, -24.46661093], [-48.08329421, -24.46657978], [-48.08343553, -24.46652597], [-48.08377419, -24.46624698], [-48.08391737, -24.46619318], [-48.08402278, -24.46619345], [-48.08436045, -24.46644257], [-48.08486625, -24.46694487], [-48.08520084, -24.46719398], [-48.08564513, -24.46745239], [-48.08609157, -24.4676115], [-48.08638357, -24.46767543], [-48.08685156, -24.4676405], [-48.08700454, -24.46760478], [-48.08743291, -24.4674208], [-48.08799325, -24.46701146], [-48.08836867, -24.46680477], [-48.08850581, -24.46670581], [-48.08864963, -24.46664298], [-48.08876493, -24.46663425], [-48.08905826, -24.46687421], [-48.08943227, -24.46734007], [-48.08964689, -24.46751213], [-48.0899855, -24.46765741], [-48.09072062, -24.46775856], [-48.09131379, -24.46791351], [-48.09160476, -24.46790972], [-48.09191268, -24.46780667], [-48.09200662, -24.46772566], [-48.09223711, -24.46732903], [-48.09245796, -24.46665252], [-48.09262172, -24.46651751], [-48.09271727, -24.46651775], [-48.09287115, -24.46659487], [-48.09357556, -24.46727819], [-48.09381667, -24.46745934], [-48.09410173, -24.4675774], [-48.09453862, -24.46763265], [-48.09460449, -24.46766441], [-48.09465783, -24.46776385], [-48.09452505, -24.4680524], [-48.09451633, -24.4682916], [-48.09458889, -24.46835497], [-48.09479026, -24.46863081], [-48.09476667, -24.46868943], [-48.09439676, -24.46890969], [-48.0936168, -24.46916955], [-48.09306552, -24.46943449], [-48.09249308, -24.46976708], [-48.09232919, -24.46994722], [-48.09215462, -24.47019052], [-48.09214201, -24.47028528], [-48.09216315, -24.47043429], [-48.09225687, -24.47063312], [-48.09257626, -24.47081898], [-48.09378921, -24.47110636], [-48.09412723, -24.47124713], [-48.0943135, -24.47142362], [-48.09448215, -24.47171743], [-48.09451697, -24.47182585], [-48.09448059, -24.4720379], [-48.09428043, -24.47238948], [-48.09384541, -24.47273595], [-48.09357063, -24.47288874], [-48.09238323, -24.47333264], [-48.09201275, -24.47353483], [-48.09178278, -24.47375092], [-48.09166953, -24.47389507], [-48.0914935, -24.47421511], [-48.09139731, -24.47484227], [-48.09127635, -24.47529786], [-48.09115039, -24.47557288], [-48.09094835, -24.47592895], [-48.09058816, -24.47639748], [-48.08999238, -24.47730775], [-48.08971898, -24.477614], [-48.08947514, -24.47772172], [-48.08928635, -24.47777089], [-48.08899899, -24.47779725], [-48.08789443, -24.4777358], [-48.08701006, -24.47763878], [-48.08637386, -24.47763266], [-48.08602971, -24.47768144], [-48.08583462, -24.47777573], [-48.08531638, -24.47831155], [-48.08511992, -24.47844646], [-48.08497178, -24.47850928], [-48.08426067, -24.47860677], [-48.08374397, -24.47863254], [-48.08305316, -24.47874363], [-48.08214907, -24.47904825], [-48.08191262, -24.47915597], [-48.08152471, -24.47940324], [-48.08129075, -24.47950194], [-48.08104054, -24.47947422], [-48.08083544, -24.4794105], [-48.07999515, -24.47901114], [-48.07983245, -24.47899267], [-48.07949819, -24.47903243], [-48.07921579, -24.47924836], [-48.07863819, -24.48023086], [-48.07849953, -24.48041556], [-48.07836672, -24.48050098], [-48.07820578, -24.48050959], [-48.07804884, -24.48042343], [-48.07771378, -24.48012015], [-48.07729537, -24.47965867], [-48.07701495, -24.47943226], [-48.07668088, -24.47921023], [-48.076333, -24.47906489], [-48.07617223, -24.47902385], [-48.07599221, -24.47902338], [-48.07581888, -24.47905453], [-48.07560593, -24.47913974], [-48.07543355, -24.47926116], [-48.0753246, -24.47940531], [-48.07524764, -24.47957212], [-48.07516836, -24.47988787], [-48.07522201, -24.48067791], [-48.07519507, -24.48081776], [-48.07512302, -24.4809891], [-48.07486309, -24.48131341], [-48.0741765, -24.48184423], [-48.07382225, -24.48216378], [-48.07370214, -24.48232596], [-48.07357968, -24.48265063], [-48.07359802, -24.48289893], [-48.07367577, -24.48307517], [-48.07387813, -24.48322465], [-48.07418471, -24.48336988], [-48.07471909, -24.48341189], [-48.07540724, -24.48337306], [-48.07593291, -24.48324353], [-48.07680507, -24.48291177], [-48.07698956, -24.4828626], [-48.0779931, -24.48270721], [-48.07888601, -24.48264181], [-48.07891859, -24.48263592], [-48.0797237, -24.4824905], [-48.08043467, -24.48224407], [-48.08148353, -24.48178184], [-48.08215139, -24.48152176], [-48.08302213, -24.48123962], [-48.08388836, -24.48102517], [-48.08440645, -24.48094975], [-48.0845823, -24.48090055], [-48.08581627, -24.48078632], [-48.08683921, -24.48052711], [-48.08787395, -24.48003322], [-48.08803969, -24.48006523], [-48.08820643, -24.48017849], [-48.08840643, -24.48050398], [-48.08866511, -24.48099662], [-48.08887757, -24.48128152], [-48.08962589, -24.48193788], [-48.08998582, -24.48238564], [-48.09039369, -24.48268005], [-48.09073066, -24.48276665], [-48.09093035, -24.48278521], [-48.09112951, -24.48277668], [-48.09187153, -24.48265666], [-48.09247655, -24.48258144], [-48.09294372, -24.48263225], [-48.09341052, -24.48280493], [-48.09371865, -24.48284632], [-48.09394567, -24.48279723], [-48.09404139, -24.48274331], [-48.09423056, -24.48256774], [-48.09438654, -24.4823605], [-48.09445751, -24.48212596], [-48.09445612, -24.48176487], [-48.09436466, -24.4814216], [-48.09398713, -24.48045925], [-48.09395328, -24.48022897], [-48.09399897, -24.47999888], [-48.09414892, -24.47974197], [-48.09442492, -24.47939059], [-48.09458563, -24.47903892], [-48.09466653, -24.47878635], [-48.09485619, -24.47844378], [-48.09512035, -24.47813299], [-48.09557762, -24.47776851], [-48.09582283, -24.47761114], [-48.0962043, -24.47744959], [-48.09685837, -24.47724808], [-48.09726215, -24.47704596], [-48.0975094, -24.47682089], [-48.09760037, -24.47670375], [-48.09774483, -24.47642426], [-48.09786137, -24.47599574], [-48.09792703, -24.47588758], [-48.09802344, -24.47580657], [-48.09809994, -24.4757887], [-48.0983938, -24.47585713], [-48.09861288, -24.47598856], [-48.09887148, -24.47609753], [-48.09938399, -24.47623419], [-48.09963764, -24.47635217], [-48.09985093, -24.47656935], [-48.10032394, -24.47714375], [-48.10064004, -24.47741083], [-48.10095327, -24.47760117], [-48.1013314, -24.4777375], [-48.10146633, -24.47776491], [-48.10197552, -24.47777518], [-48.10236106, -24.47769487], [-48.10274265, -24.47770031], [-48.10289528, -24.47779095], [-48.10298575, -24.47805748], [-48.10303037, -24.47840063], [-48.1032398, -24.47888862], [-48.10324868, -24.47901502], [-48.10327869, -24.4790828], [-48.10327998, -24.47927689], [-48.10319301, -24.47971902], [-48.10286853, -24.48042688], [-48.10246023, -24.48112551], [-48.10232048, -24.48148175], [-48.10222759, -24.48205025], [-48.10227066, -24.48228958], [-48.10264155, -24.48200917], [-48.10231913, -24.48243172], [-48.1023862, -24.48262839], [-48.10252755, -24.4827822], [-48.10275023, -24.48295426], [-48.10294481, -24.48303598], [-48.10323991, -24.48310891], [-48.10346922, -24.4831185], [-48.10386468, -24.48302467], [-48.10439058, -24.48280477], [-48.1047694, -24.48270638], [-48.10501673, -24.48267087], [-48.10554491, -24.48251417], [-48.10587891, -24.48235248], [-48.1061009, -24.48212282], [-48.10624828, -24.48189297], [-48.10644758, -24.48119383], [-48.10660466, -24.48080603], [-48.10678912, -24.4805492], [-48.10711182, -24.48023853], [-48.10726134, -24.48012604], [-48.10753529, -24.47983331], [-48.10788835, -24.47925189], [-48.10807656, -24.47918915], [-48.10818937, -24.47919393], [-48.10911311, -24.47976036], [-48.10945668, -24.47991464], [-48.10983979, -24.48003743], [-48.11008359, -24.48015536], [-48.11065761, -24.48056747], [-48.11110082, -24.48080324], [-48.11183288, -24.48114351], [-48.11221534, -24.48127982], [-48.11275441, -24.481412], [-48.11302808, -24.4814307], [-48.11339994, -24.48139547], [-48.11353822, -24.48132809], [-48.11380637, -24.48112109], [-48.11391656, -24.48095886], [-48.11405564, -24.48061164], [-48.11411929, -24.48011979], [-48.1140411, -24.47964567], [-48.11392989, -24.47929334], [-48.11383615, -24.47908549], [-48.11378088, -24.47879197], [-48.11383161, -24.4787289], [-48.11423211, -24.47858541], [-48.11461974, -24.47841931], [-48.11473036, -24.47832479], [-48.11491353, -24.47807696], [-48.11498855, -24.47792819], [-48.11511987, -24.47748616], [-48.1151375, -24.47709985], [-48.11514417, -24.4769536], [-48.11511251, -24.4768136], [-48.11494818, -24.47649725], [-48.1147657, -24.47628016], [-48.11423859, -24.47606678], [-48.11334137, -24.47593376], [-48.11288986, -24.4758018], [-48.11254335, -24.47560237], [-48.11199447, -24.47502332], [-48.11177454, -24.47475198], [-48.11140501, -24.4741914], [-48.11061349, -24.47266388], [-48.11055861, -24.47245161], [-48.11060935, -24.47238402], [-48.11075016, -24.47229408], [-48.11226994, -24.47222547], [-48.11262037, -24.472127], [-48.11282538, -24.47200562], [-48.11301195, -24.47186162], [-48.11326458, -24.47146952], [-48.11334, -24.47117631], [-48.11339648, -24.47081986], [-48.11355696, -24.47053136], [-48.11372997, -24.47038733], [-48.11403253, -24.47021201], [-48.11480661, -24.46983919], [-48.11500423, -24.46971328], [-48.11506478, -24.46966377], [-48.11524405, -24.46948815], [-48.11543297, -24.46916361], [-48.1155684, -24.4687938], [-48.11564636, -24.46825234], [-48.11561634, -24.46752556], [-48.11557972, -24.46739457], [-48.11555064, -24.46699278], [-48.11563405, -24.46692527], [-48.11582512, -24.46693475], [-48.11639287, -24.46715274], [-48.11651718, -24.46722525], [-48.11698961, -24.46736177], [-48.11712278, -24.46735757], [-48.11764199, -24.46707442], [-48.11778942, -24.46703865], [-48.11822833, -24.46703968], [-48.11928764, -24.46716402], [-48.11944421, -24.46716438], [-48.11981791, -24.4671156], [-48.12009282, -24.46690409], [-48.12014548, -24.46680943], [-48.12020552, -24.46649812], [-48.12018815, -24.46587067], [-48.12029255, -24.46578967], [-48.1205316, -24.46583536], [-48.12123973, -24.46611234], [-48.12158224, -24.46619438], [-48.12183127, -24.46619947], [-48.12199284, -24.46617727], [-48.12226595, -24.46594319], [-48.12237913, -24.46558235], [-48.12237294, -24.4651445], [-48.12231058, -24.46473361], [-48.12218293, -24.46430451], [-48.12219626, -24.46416461], [-48.12231001, -24.46404752], [-48.12245625, -24.46399369], [-48.12337435, -24.46390553], [-48.12353595, -24.4638698], [-48.12384881, -24.46374864], [-48.1241372, -24.46355973], [-48.12466428, -24.46309603], [-48.12495269, -24.46289808], [-48.12519514, -24.46282642], [-48.12526408, -24.46286269], [-48.12540046, -24.46303452], [-48.12573398, -24.46415018], [-48.12585094, -24.46443481], [-48.12607619, -24.46479191], [-48.12626812, -24.46493679], [-48.12658138, -24.46512257], [-48.12664037, -24.46519041], [-48.12663364, -24.46539803], [-48.12626501, -24.46607876], [-48.12615601, -24.46648926], [-48.12614362, -24.46673749], [-48.12622839, -24.46752758], [-48.12620437, -24.46796987], [-48.12597776, -24.46878634], [-48.12598682, -24.46907975], [-48.12604474, -24.4693146], [-48.12625065, -24.46953624], [-48.12644594, -24.46958182], [-48.12677755, -24.46959612], [-48.1269444, -24.46967324], [-48.12698682, -24.46971396], [-48.1269751, -24.46994413], [-48.12692074, -24.47021031], [-48.12681645, -24.47047639], [-48.12661546, -24.47116653], [-48.12656166, -24.47145528], [-48.12658617, -24.47173519], [-48.12668713, -24.47201075], [-48.12698861, -24.47245379], [-48.12727062, -24.47302767], [-48.12776127, -24.47373293], [-48.12785118, -24.47399492], [-48.12788891, -24.47440124], [-48.12789389, -24.47483908], [-48.12796157, -24.47511457], [-48.12812251, -24.47555277], [-48.1284305, -24.47609963], [-48.12849605, -24.47625324], [-48.12863233, -24.4764657], [-48.12869281, -24.47666895], [-48.12868498, -24.47682691], [-48.1286054, -24.47707498], [-48.12828555, -24.47748952], [-48.128135, -24.47776451], [-48.12806107, -24.47820217], [-48.12812527, -24.47885229], [-48.1281211, -24.4790238], [-48.12807234, -24.47927194], [-48.12792147, -24.47966429], [-48.12759909, -24.48010138], [-48.12699201, -24.48071837], [-48.12672298, -24.48102921], [-48.1263898, -24.48157911], [-48.12616467, -24.48207059], [-48.12608545, -24.48240894], [-48.12603015, -24.48279247], [-48.12603289, -24.48337023], [-48.12611753, -24.48353291], [-48.12626574, -24.48366866], [-48.12639568, -24.48371861], [-48.12670461, -24.48370126], [-48.12698292, -24.4836026], [-48.1273077, -24.48342279], [-48.1277234, -24.48290466], [-48.12787142, -24.48265675], [-48.12800329, -24.48222825], [-48.12814084, -24.48151991], [-48.12828747, -24.48110047], [-48.12855622, -24.48066326], [-48.12929505, -24.47988406], [-48.12947142, -24.47918033], [-48.12957707, -24.47909481], [-48.12975826, -24.47911779], [-48.12993901, -24.47930326], [-48.13006116, -24.47949762], [-48.13028236, -24.47977346], [-48.1304189, -24.47989112], [-48.13058943, -24.47998178], [-48.13071458, -24.47998206], [-48.13077937, -24.47995964], [-48.13093201, -24.47982457], [-48.13101062, -24.47970739], [-48.13108104, -24.4794277], [-48.13098074, -24.47889938], [-48.13101168, -24.47862863], [-48.13110266, -24.47849342], [-48.13130757, -24.47840812], [-48.13206598, -24.47836018], [-48.13235601, -24.47825702], [-48.13255356, -24.47815364], [-48.13289326, -24.47791969], [-48.13347712, -24.47744255], [-48.13408205, -24.47715052], [-48.13425313, -24.47703354], [-48.13440585, -24.47686688], [-48.13449315, -24.47672715], [-48.13462218, -24.47619482], [-48.13465051, -24.47574351], [-48.13474134, -24.47543227], [-48.13480311, -24.47538727], [-48.13498742, -24.4753922], [-48.13575054, -24.47565569], [-48.13605007, -24.47568344], [-48.13651388, -24.47560323], [-48.13665997, -24.47560806], [-48.13673367, -24.47571204], [-48.13674357, -24.47593324], [-48.13671262, -24.47621302], [-48.13658946, -24.47662349], [-48.13635535, -24.47703372], [-48.13610493, -24.47731301], [-48.13576224, -24.47751536], [-48.13498388, -24.47787924], [-48.13461451, -24.47814472], [-48.13449458, -24.47827083], [-48.13432061, -24.47854578], [-48.13426908, -24.47868108], [-48.13427363, -24.47882552], [-48.13433493, -24.47895656], [-48.13443641, -24.47904706], [-48.13480772, -24.47921038], [-48.13650257, -24.47963393], [-48.13695282, -24.47978839], [-48.13747932, -24.48001525], [-48.13811939, -24.48042741], [-48.13839443, -24.48063113], [-48.13857742, -24.48090687], [-48.13858029, -24.48098812], [-48.1385461, -24.48109638], [-48.13845592, -24.48115937], [-48.1384194, -24.48121345], [-48.13803613, -24.4813751], [-48.13751039, -24.48155448], [-48.13715756, -24.48162592], [-48.13667908, -24.48165194], [-48.13587524, -24.48162307], [-48.13507201, -24.4815942], [-48.13469564, -24.4817062], [-48.13443733, -24.48193582], [-48.13430865, -24.48233274], [-48.13425502, -24.48279301], [-48.13410884, -24.48304996], [-48.1338752, -24.48327512], [-48.13359997, -24.48337381], [-48.13331929, -24.48343637], [-48.1330622, -24.4834358], [-48.13281324, -24.48339461], [-48.13216593, -24.48338413], [-48.13195711, -24.48354616], [-48.13196811, -24.48381249], [-48.13215802, -24.48403408], [-48.13235619, -24.48416543], [-48.1326468, -24.484306], [-48.13308858, -24.48440629], [-48.13375504, -24.48440327], [-48.13415348, -24.48434097], [-48.13451138, -24.48421991], [-48.13516453, -24.48389186], [-48.13556008, -24.48375734], [-48.13581598, -24.48373985], [-48.13586581, -24.48375651], [-48.13610247, -24.48370452], [-48.13603605, -24.48479369], [-48.13473275, -24.50615703], [-48.13460962, -24.50817458], [-48.1337307, -24.52257305], [-48.13447646, -24.5227372], [-48.13487475, -24.52323458], [-48.13526595, -24.52407949], [-48.13540293, -24.52497799], [-48.1355615, -24.52633691], [-48.13559929, -24.52743379], [-48.13487333, -24.52862374], [-48.13478043, -24.52877248], [-48.13396639, -24.52991258], [-48.1329672, -24.53087172], [-48.13281364, -24.53110157], [-48.13237894, -24.53175505], [-48.13168921, -24.53298569], [-48.13130418, -24.53396876], [-48.13111972, -24.53444678], [-48.1302065, -24.53575364], [-48.12983506, -24.53626733], [-48.12890461, -24.53754706], [-48.12871063, -24.53811983], [-48.12856638, -24.53854829], [-48.12853842, -24.53976235], [-48.12867733, -24.54198782], [-48.12865071, -24.54452433], [-48.1289805, -24.54527883], [-48.12973925, -24.54592597], [-48.13015648, -24.54628348], [-48.1325519, -24.54774221], [-48.13295145, -24.54802294], [-48.13324759, -24.54822671], [-48.13565668, -24.54990658], [-48.13817727, -24.55142869], [-48.13958265, -24.55203208], [-48.14026845, -24.55254361], [-48.14088528, -24.55300984], [-48.14193421, -24.55406829], [-48.14262627, -24.55454822], [-48.14364221, -24.55525453], [-48.14455988, -24.55580265], [-48.14547815, -24.55635528], [-48.14808015, -24.55845513], [-48.14956675, -24.5596634], [-48.14975365, -24.55990753], [-48.15021539, -24.56050428], [-48.15085419, -24.5613316], [-48.15245618, -24.56303657], [-48.15312239, -24.56426111], [-48.15323113, -24.56443736], [-48.15363966, -24.56510621], [-48.15398074, -24.56537322], [-48.15463986, -24.56550099], [-48.15527159, -24.56548427], [-48.156155, -24.56547259], [-48.15798741, -24.56536359], [-48.15806454, -24.56535472], [-48.15901848, -24.56526193], [-48.1597262, -24.5651957], [-48.16117429, -24.56533862], [-48.16249661, -24.56544968], [-48.16387835, -24.56573235], [-48.16438497, -24.56595305], [-48.16484644, -24.56615408], [-48.16532524, -24.56645517], [-48.16563854, -24.56665217], [-48.16584181, -24.56677896], [-48.16587073, -24.5668061], [-48.16683023, -24.56772428], [-48.16734859, -24.56816313], [-48.16822341, -24.56890059], [-48.1693781, -24.56947161], [-48.17044747, -24.56960917], [-48.1717719, -24.56963439], [-48.17275572, -24.56943326], [-48.17281744, -24.56941985], [-48.17345679, -24.56906005], [-48.17353043, -24.56896542], [-48.17407367, -24.56828949], [-48.17490624, -24.56631428], [-48.17583239, -24.56440244], [-48.176519, -24.56334766], [-48.17758311, -24.56229814], [-48.17799742, -24.56213196], [-48.17894715, -24.56197585], [-48.17998501, -24.56211329], [-48.18032458, -24.56225387], [-48.18129767, -24.56265746], [-48.18137408, -24.56269371], [-48.1829207, -24.56343692], [-48.18478846, -24.56456887], [-48.1863411, -24.5656641], [-48.18715619, -24.56622438], [-48.18724911, -24.56628826], [-48.18755261, -24.56649688], [-48.18882216, -24.56758702], [-48.18935071, -24.56791299], [-48.19046509, -24.56888548], [-48.19117682, -24.56950516], [-48.19227285, -24.5698728], [-48.19296547, -24.5699418], [-48.19375731, -24.56978532], [-48.19475085, -24.56908309], [-48.19549407, -24.5683172], [-48.19632485, -24.56784032], [-48.19746676, -24.56754455], [-48.1989614, -24.56702375], [-48.19994946, -24.56655166], [-48.2003952, -24.56639], [-48.20080888, -24.56622376], [-48.2009668, -24.56622405], [-48.20187691, -24.56641527], [-48.2022352, -24.56675443], [-48.2024642, -24.566976], [-48.20289494, -24.56747325], [-48.20347885, -24.5681784], [-48.20381942, -24.56844079], [-48.20441013, -24.56885709], [-48.20459747, -24.5689477], [-48.20494007, -24.56912885], [-48.20518621, -24.56941815], [-48.2052253, -24.56959876], [-48.20524364, -24.56968003], [-48.20513839, -24.5701402], [-48.20477782, -24.57084815], [-48.204644, -24.5711142], [-48.20322933, -24.57229866], [-48.20153359, -24.57336073], [-48.19930172, -24.57441729], [-48.19795534, -24.57537164], [-48.19718058, -24.57616456], [-48.19668686, -24.57707986], [-48.19624646, -24.57842854], [-48.19568565, -24.57954229], [-48.19551261, -24.58023251], [-48.19549823, -24.58086887], [-48.19552079, -24.5812706], [-48.1957943, -24.58173598], [-48.1961957, -24.58212036], [-48.19714443, -24.58302478], [-48.19774102, -24.58359005], [-48.19883104, -24.58421941], [-48.19964817, -24.58437888], [-48.20043805, -24.58430811], [-48.20104119, -24.58414222], [-48.20237669, -24.58367978], [-48.20441922, -24.58264993], [-48.20576359, -24.58178128], [-48.2067927, -24.58090302], [-48.20753116, -24.58034018], [-48.2081049, -24.58006137], [-48.20895896, -24.5799636], [-48.20990261, -24.58009616], [-48.21093997, -24.58026048], [-48.21212843, -24.5807455], [-48.21235932, -24.58126042], [-48.21251898, -24.58161726], [-48.21286576, -24.58306665], [-48.21354702, -24.58506725], [-48.21401555, -24.58671994], [-48.21445892, -24.58771816], [-48.21467693, -24.58820598], [-48.21477562, -24.58851757], [-48.21497177, -24.58913623], [-48.21528854, -24.59049529], [-48.21553134, -24.5909335], [-48.21595403, -24.5918053], [-48.21600877, -24.59218452], [-48.2160615, -24.59264496], [-48.21611828, -24.59293391], [-48.21623867, -24.59319589], [-48.21664327, -24.59368432], [-48.21682275, -24.59390098], [-48.21753474, -24.59452053], [-48.21819332, -24.59470671], [-48.21850388, -24.59491034], [-48.2187494, -24.59523572], [-48.21874873, -24.5952628], [-48.21896211, -24.5956152], [-48.21930204, -24.59593623], [-48.21983281, -24.59617634], [-48.22115609, -24.59628692], [-48.22204239, -24.59616205], [-48.22270167, -24.59631662], [-48.22350738, -24.59667905], [-48.22363869, -24.59673794], [-48.22435207, -24.59729879], [-48.22591147, -24.59813637], [-48.22682042, -24.5984132], [-48.22820465, -24.59860957], [-48.22901057, -24.59857029], [-48.22915004, -24.59856149], [-48.22981588, -24.59852648], [-48.23056476, -24.59827072], [-48.23073649, -24.59821207], [-48.23150089, -24.59795156], [-48.23156819, -24.5979291], [-48.23366316, -24.5972104], [-48.23634637, -24.59572987], [-48.23643722, -24.59565329], [-48.23801878, -24.59429281], [-48.23972934, -24.59256244], [-48.24028407, -24.59189083], [-48.24144729, -24.59048904], [-48.2419289, -24.58965032], [-48.24200504, -24.58951504], [-48.24225225, -24.58831038], [-48.24209115, -24.58703737], [-48.24140276, -24.58532122], [-48.23973922, -24.58347264], [-48.23956734, -24.58269156], [-48.23963462, -24.58104881], [-48.24011243, -24.57797147], [-48.24044851, -24.57674889], [-48.24052368, -24.5764782], [-48.24107863, -24.57564862], [-48.2418799, -24.57505864], [-48.24293745, -24.57432914], [-48.24384359, -24.57373028], [-48.24511415, -24.57289729], [-48.24589197, -24.57195972], [-48.24690888, -24.57016046], [-48.24834737, -24.56787891], [-48.24932266, -24.56653993], [-48.24965879, -24.56590857], [-48.24974957, -24.56576451], [-48.25000743, -24.56551193], [-48.25028784, -24.5653273], [-48.25055214, -24.56517425], [-48.25114967, -24.56495852], [-48.25155638, -24.56485533], [-48.25222342, -24.56475253], [-48.25305655, -24.56490273], [-48.25415712, -24.56521581], [-48.25474273, -24.56545139], [-48.2551641, -24.56577247], [-48.25546904, -24.56600762], [-48.2558925, -24.56689288], [-48.25591458, -24.56696061], [-48.25637591, -24.56840558], [-48.2565018, -24.56942128], [-48.25654292, -24.57093332], [-48.2567075, -24.5723959], [-48.25668484, -24.57264861], [-48.25673749, -24.5732264], [-48.25668917, -24.57368218], [-48.2565808, -24.57425973], [-48.25636833, -24.57474685], [-48.25608655, -24.57535574], [-48.25573551, -24.57605027], [-48.25506543, -24.57713699], [-48.25452688, -24.57780867], [-48.25428018, -24.57811069], [-48.25404266, -24.57844884], [-48.25392773, -24.57889549], [-48.25385042, -24.57934219], [-48.25384168, -24.57974387], [-48.25386126, -24.58017718], [-48.25392112, -24.58051125], [-48.25398097, -24.58085436], [-48.25414503, -24.5812247], [-48.25440596, -24.58159067], [-48.25466105, -24.5817761], [-48.25550205, -24.58207072], [-48.2564905, -24.58236556], [-48.25841958, -24.5828017], [-48.25952662, -24.58303351], [-48.26046081, -24.58332373], [-48.26132743, -24.58361836], [-48.26233369, -24.58415691], [-48.26238022, -24.58418857], [-48.26352246, -24.58494395], [-48.26415086, -24.58547292], [-48.26489799, -24.58620515], [-48.26572286, -24.58676147], [-48.26581685, -24.58681576], [-48.26650073, -24.58720489], [-48.26743138, -24.58742285], [-48.26878103, -24.58760529], [-48.26981309, -24.5876925], [-48.27130851, -24.5879654], [-48.27206466, -24.58812442], [-48.27286808, -24.58824739], [-48.27378993, -24.58852382], [-48.2737967, -24.5890998], [-48.27380218, -24.58956657], [-48.27380387, -24.5898464], [-48.27372959, -24.59036533], [-48.27353762, -24.59116391], [-48.27344973, -24.59189043], [-48.27345779, -24.59242753], [-48.27350681, -24.59263521], [-48.2736187, -24.59287908], [-48.27366062, -24.59294252], [-48.27402768, -24.59349797], [-48.27472164, -24.59435193], [-48.27484043, -24.59453263], [-48.27493631, -24.59475843], [-48.27498093, -24.59501574], [-48.2751077, -24.59577866], [-48.27515256, -24.59589156], [-48.27531614, -24.59604072], [-48.27548105, -24.59612219], [-48.2756646, -24.59613146], [-48.27592311, -24.5959558], [-48.27599942, -24.59570316], [-48.27600308, -24.59554069], [-48.2759311, -24.59522015], [-48.2759131, -24.59491322], [-48.27597526, -24.59463348], [-48.27613848, -24.5944306], [-48.27633951, -24.59431353], [-48.27647463, -24.59431372], [-48.27663283, -24.59435455], [-48.27700272, -24.59454913], [-48.27740332, -24.59463994], [-48.27789912, -24.59462256], [-48.27814457, -24.5946951], [-48.27854459, -24.59495742], [-48.27878072, -24.59507508], [-48.27903423, -24.59512507], [-48.27945473, -24.59512564], [-48.27956968, -24.59520252], [-48.27968217, -24.59527037], [-48.27977644, -24.59535625], [-48.27980098, -24.59544203], [-48.27978942, -24.59553228], [-48.27975569, -24.59559542], [-48.2793012, -24.59601455], [-48.27922493, -24.59663276], [-48.27898719, -24.59693483], [-48.27887818, -24.59719194], [-48.27890398, -24.59745826], [-48.27905721, -24.59771121], [-48.279402, -24.59798247], [-48.27955921, -24.59805941], [-48.27985927, -24.59814105], [-48.28040947, -24.59844869], [-48.28067738, -24.5985664], [-48.28097875, -24.5985984], [-48.28171316, -24.59850911], [-48.28188622, -24.59852288], [-48.28201354, -24.59858172], [-48.28211308, -24.59864955], [-48.28232266, -24.59917337], [-48.28224773, -24.59934026], [-48.28214573, -24.59945747], [-48.28165648, -24.59961479], [-48.28109593, -24.59979457], [-48.28095971, -24.59989368], [-48.28071428, -24.60018671], [-48.28056141, -24.60028129], [-48.28024005, -24.6003982], [-48.28004571, -24.60057396], [-48.27976476, -24.60069544], [-48.27969248, -24.6007495], [-48.27958616, -24.60087122], [-48.27952526, -24.6011329], [-48.27944203, -24.60128173], [-48.27931963, -24.60142147], [-48.27865142, -24.60177712], [-48.27857845, -24.6018718], [-48.27855203, -24.60199362], [-48.27860062, -24.60209298], [-48.27865143, -24.60215172], [-48.27888657, -24.60231452], [-48.27916184, -24.60246383], [-48.27931972, -24.6025182], [-48.2796211, -24.60254568], [-48.28021014, -24.60250586], [-48.28129522, -24.60231324], [-48.28171055, -24.60227769], [-48.28201285, -24.60230968], [-48.28205969, -24.60234134], [-48.28217644, -24.60245884], [-48.28225366, -24.60259434], [-48.28239521, -24.60302329], [-48.28259727, -24.60323116], [-48.28280038, -24.60336683], [-48.28299734, -24.60347992], [-48.28325889, -24.60353443], [-48.28334707, -24.60357065], [-48.28339973, -24.60363391], [-48.28343635, -24.60369263], [-48.28343621, -24.60377838], [-48.28341761, -24.60383703], [-48.28337866, -24.60388662], [-48.28304627, -24.60414795], [-48.28267598, -24.60437312], [-48.28231413, -24.60453512], [-48.28203517, -24.60456634], [-48.28183686, -24.60452094], [-48.28151942, -24.60449795], [-48.28136018, -24.60452031], [-48.28126355, -24.6045608], [-48.28118024, -24.60475476], [-48.28117724, -24.60489918], [-48.28120238, -24.60519257], [-48.28126354, -24.60533708], [-48.28150313, -24.60561722], [-48.28215306, -24.60609649], [-48.28306558, -24.6069507], [-48.28320408, -24.60716752], [-48.28327666, -24.60751063], [-48.28333022, -24.60759194], [-48.28380259, -24.60778212], [-48.28427917, -24.60785044], [-48.28459796, -24.60780573], [-48.28496621, -24.60770241], [-48.285283, -24.60775247], [-48.28559711, -24.60793341], [-48.28588641, -24.60820007], [-48.28597389, -24.60848903], [-48.28593968, -24.60866501], [-48.2859608, -24.60877335], [-48.28608884, -24.6089721], [-48.28625811, -24.60904905], [-48.28635975, -24.6091575], [-48.28638892, -24.6092478], [-48.28632646, -24.60953657], [-48.28636967, -24.60972618], [-48.28654262, -24.60981667], [-48.28687507, -24.60991188], [-48.2870082, -24.61002037], [-48.28710855, -24.61016944], [-48.28712161, -24.61030034], [-48.28711525, -24.61042219], [-48.28705247, -24.61051688], [-48.28700082, -24.61059805], [-48.28691532, -24.61062051], [-48.28671727, -24.61059317], [-48.28657577, -24.61051626], [-48.28644961, -24.61049353], [-48.28638474, -24.61054309], [-48.28639847, -24.61064691], [-48.28660993, -24.61077356], [-48.2868056, -24.61093629], [-48.28682957, -24.61119358], [-48.28680597, -24.61129284], [-48.28681273, -24.61170806], [-48.28676129, -24.61185242], [-48.28668933, -24.61189295], [-48.28621074, -24.6119194], [-48.28614647, -24.61197799], [-48.28607987, -24.61214489], [-48.28610569, -24.61240669], [-48.28638842, -24.61293511], [-48.28649584, -24.61349489], [-48.28667812, -24.61373719], [-48.28685949, -24.61397828], [-48.28691039, -24.61418144], [-48.28692838, -24.61432137], [-48.28688869, -24.61444769], [-48.28676328, -24.61473186], [-48.28671382, -24.61518763], [-48.28663837, -24.61529134], [-48.28654232, -24.61534537], [-48.28647068, -24.61538138], [-48.28632849, -24.6153496], [-48.28576413, -24.61496524], [-48.28563735, -24.61494251], [-48.28549318, -24.61499197], [-48.28528317, -24.61511355], [-48.28485567, -24.61560944], [-48.2849524, -24.61570886], [-48.28509457, -24.61575418], [-48.28535647, -24.61579063], [-48.28544143, -24.61592162], [-48.28546121, -24.61609766], [-48.28535419, -24.61626], [-48.28512912, -24.61634545], [-48.28481803, -24.61639018], [-48.28470624, -24.6164487], [-48.28468891, -24.61648027], [-48.2846502, -24.61657049], [-48.28466853, -24.61668785], [-48.28472308, -24.61672854], [-48.28486493, -24.61678289], [-48.28529377, -24.61681504], [-48.28538968, -24.61685128], [-48.28559179, -24.61704561], [-48.28613167, -24.61710499], [-48.28625812, -24.61714126], [-48.28630432, -24.61719548], [-48.28635011, -24.61731288], [-48.28635515, -24.61744377], [-48.28630172, -24.61767387], [-48.28578123, -24.61823283], [-48.28575453, -24.6183366], [-48.28576852, -24.6184675], [-48.28581274, -24.61860295], [-48.28596128, -24.618725], [-48.28636338, -24.61889252], [-48.28645769, -24.61896485], [-48.28648518, -24.61914542], [-48.28647092, -24.6193846], [-48.28654757, -24.61950204], [-48.28664932, -24.61955182], [-48.2870175, -24.61950717], [-48.28717667, -24.61953896], [-48.28746003, -24.61967473], [-48.28757174, -24.61966585], [-48.28766068, -24.61962083], [-48.28769347, -24.61956671], [-48.28764669, -24.61948993], [-48.28742075, -24.61933619], [-48.28736532, -24.6192639], [-48.28738471, -24.61909694], [-48.28753825, -24.6189798], [-48.28806807, -24.61876385], [-48.28841901, -24.61869661], [-48.28876921, -24.6187106], [-48.28893547, -24.6187424], [-48.28918804, -24.61883751], [-48.28939306, -24.6189506], [-48.2894386, -24.6190319], [-48.28943727, -24.61909057], [-48.2894094, -24.61915823], [-48.28933127, -24.61919875], [-48.2890787, -24.61910816], [-48.28897565, -24.619099], [-48.288888, -24.61911243], [-48.2888067, -24.61921161], [-48.28875656, -24.61930632], [-48.28873619, -24.61950939], [-48.28877171, -24.61968997], [-48.28888811, -24.61983905], [-48.28921834, -24.61999744], [-48.29018636, -24.62016116], [-48.29036904, -24.62015688], [-48.29044962, -24.62012539], [-48.29058742, -24.62000822], [-48.29065401, -24.61984583], [-48.29077574, -24.61974218], [-48.29097052, -24.61969279], [-48.2920245, -24.61974377], [-48.29313411, -24.61993473], [-48.29350542, -24.6200706], [-48.29361088, -24.62011586], [-48.29364562, -24.62020166], [-48.29362053, -24.62026481], [-48.29354364, -24.62030082], [-48.29318967, -24.62033196], [-48.2931399, -24.62039509], [-48.29315362, -24.62049891], [-48.29319949, -24.62057118], [-48.29340166, -24.62073391], [-48.29346142, -24.62080619], [-48.29344437, -24.62106342], [-48.29348657, -24.62110861], [-48.2935535, -24.62113126], [-48.29393516, -24.62114979], [-48.29401506, -24.62116795], [-48.29405356, -24.62121313], [-48.29406026, -24.62127181], [-48.29408776, -24.62145237], [-48.29391917, -24.62152888], [-48.29380862, -24.62157839], [-48.29373383, -24.62165502], [-48.29374459, -24.62188972], [-48.29379933, -24.62201164], [-48.29381024, -24.62214254], [-48.2937604, -24.62225079], [-48.29353332, -24.62243555], [-48.29345969, -24.62256182], [-48.29346474, -24.62269271], [-48.29350798, -24.62287329], [-48.29360097, -24.62300429], [-48.29390776, -24.62316264], [-48.29431181, -24.62327598], [-48.29441876, -24.62336186], [-48.29447293, -24.62345671], [-48.29449161, -24.623547], [-48.29436882, -24.623944], [-48.29418058, -24.6241604], [-48.29404378, -24.62422792], [-48.29374741, -24.62431782], [-48.29361697, -24.62446659], [-48.29346079, -24.62469656], [-48.29336108, -24.62493112], [-48.29331832, -24.6250439], [-48.29332128, -24.62512965], [-48.29332691, -24.62528311], [-48.29336685, -24.62539599], [-48.29342503, -24.62549084], [-48.29351474, -24.62554962], [-48.29367486, -24.62556788], [-48.29395132, -24.62558628], [-48.29409107, -24.62560902], [-48.29420457, -24.62564978], [-48.29439096, -24.62584408], [-48.29441008, -24.62606074], [-48.2943532, -24.62612385], [-48.29411269, -24.6262093], [-48.29385814, -24.62619544], [-48.2935587, -24.62606869], [-48.29338338, -24.62610006], [-48.29320475, -24.62628037], [-48.29318018, -24.6264067], [-48.29320747, -24.62651957], [-48.29364919, -24.62704365], [-48.29372479, -24.62724684], [-48.29370474, -24.62744991], [-48.2935048, -24.6278423], [-48.29343591, -24.62809947], [-48.29343423, -24.62818973], [-48.29357178, -24.62844715], [-48.29364305, -24.62865936], [-48.29368995, -24.62886702], [-48.29375123, -24.62894834], [-48.29386094, -24.62904777], [-48.29420759, -24.62917908], [-48.29426059, -24.62923331], [-48.29426142, -24.62929649], [-48.29417454, -24.62961231], [-48.29417156, -24.62974319], [-48.29422506, -24.62987413], [-48.29432484, -24.63000965], [-48.29458412, -24.63017245], [-48.29548651, -24.63053012], [-48.29576166, -24.63059816], [-48.2959662, -24.63063452], [-48.29621879, -24.63073413], [-48.29635129, -24.63086517], [-48.29643427, -24.63109094], [-48.29646143, -24.63129857], [-48.29644107, -24.63150164], [-48.29635958, -24.63172268], [-48.29563392, -24.6320377], [-48.29538207, -24.63226756], [-48.29521818, -24.63249752], [-48.29487605, -24.63325531], [-48.29486238, -24.63351705], [-48.29503844, -24.63382417], [-48.29503677, -24.63390991], [-48.29490633, -24.63405417], [-48.29459222, -24.63422979], [-48.29431991, -24.6343152], [-48.29402681, -24.6342697], [-48.29383012, -24.63414308], [-48.29357721, -24.6340525], [-48.29347445, -24.63405237], [-48.2933305, -24.63414245], [-48.29323766, -24.63431835], [-48.29325541, -24.63441315], [-48.29329083, -24.63446284], [-48.29342399, -24.63456681], [-48.29384898, -24.63473433], [-48.29397504, -24.63483829], [-48.29405172, -24.63494219], [-48.29407722, -24.63522204], [-48.29413975, -24.63530335], [-48.29428194, -24.63535318], [-48.29470987, -24.6354169], [-48.29485205, -24.63547123], [-48.29497109, -24.63552554], [-48.29511069, -24.63565659], [-48.29526044, -24.63581023], [-48.29529394, -24.63589602], [-48.29530268, -24.63604045], [-48.29523491, -24.63616222], [-48.295057, -24.6362658], [-48.2945003, -24.63625608], [-48.29437219, -24.636283], [-48.29410187, -24.63627363], [-48.2938892, -24.63630496], [-48.29381817, -24.63634097], [-48.29384809, -24.63655313], [-48.29391121, -24.63664798], [-48.29426251, -24.63698691], [-48.29474203, -24.6376374], [-48.29501546, -24.63824702], [-48.29503525, -24.63842757], [-48.29499782, -24.63868928], [-48.29488079, -24.63894638], [-48.29478182, -24.63909068], [-48.29464399, -24.63921236], [-48.29457591, -24.63933865], [-48.29458397, -24.63951918]]]]}}]}