{"type": "FeatureCollection", "features": [{"type": "Feature", "properties": {"name": "Área de Proteção Ambiental Piracicaba/Juqueri-Mirim - Área I"}, "geometry": {"type": "MultiPolygon", "coordinates": [[[[-47.66085135, -22.52324717], [-47.66103227, -22.52329197], [-47.66130227, -22.5232875], [-47.66162325, -22.5232583], [-47.66171256, -22.52322097], [-47.66190565, -22.52322973], [-47.66199565, -22.52322824], [-47.66221308, -22.5231649], [-47.66248171, -22.52308876], [-47.66266057, -22.52302605], [-47.66288948, -22.52289083], [-47.66306857, -22.52284007], [-47.66333077, -22.52276404], [-47.66356059, -22.52267659], [-47.66366299, -22.522651], [-47.66376379, -22.52254179], [-47.66392933, -22.52245541], [-47.66404436, -22.52241766], [-47.66417132, -22.52233192], [-47.66426064, -22.52229459], [-47.66441401, -22.52224426], [-47.66449046, -22.52220714], [-47.66457863, -22.52211009], [-47.66465509, -22.52207298], [-47.66465394, -22.52201326], [-47.66466473, -22.52190554], [-47.66466313, -22.52182192], [-47.6646737, -22.52170226], [-47.66468334, -22.52153482], [-47.66465602, -22.52145163], [-47.6646535, -22.52132024], [-47.66462527, -22.52118927], [-47.66460989, -22.52105809], [-47.66467188, -22.52093758], [-47.66470793, -22.52080554], [-47.66474467, -22.52070934], [-47.66478376, -22.5205683], [-47.66480219, -22.52052319], [-47.66482986, -22.52045701], [-47.66485127, -22.5203999], [-47.6648569, -22.52035799], [-47.66476609, -22.52031767], [-47.66470812, -22.52031266], [-47.66468815, -22.52027714], [-47.66467449, -22.52023555], [-47.66464074, -22.52015246], [-47.66461974, -22.5200632], [-47.66460528, -22.51997979], [-47.66459713, -22.51989031], [-47.66456981, -22.51980713], [-47.66454961, -22.51975967], [-47.66440187, -22.51976809], [-47.66431107, -22.51972777], [-47.66420764, -22.51969961], [-47.66414198, -22.51962901], [-47.66411489, -22.51955776], [-47.66406749, -22.51943308], [-47.66403282, -22.51930222], [-47.66401228, -22.51923684], [-47.66399162, -22.51916549], [-47.66395133, -22.51907655], [-47.66392412, -22.51899933], [-47.66390345, -22.51892723], [-47.66387671, -22.51887391], [-47.66384388, -22.5188386], [-47.66380502, -22.51882431], [-47.66380077, -22.51877061], [-47.6637901, -22.51871702], [-47.66375027, -22.51865196], [-47.66368151, -22.51858738], [-47.66363221, -22.51853144], [-47.66352, -22.51838095], [-47.66337606, -22.5182519], [-47.6632964, -22.51812178], [-47.66321674, -22.51799166], [-47.66318873, -22.51787264], [-47.66314742, -22.51772994], [-47.66315098, -22.51758052], [-47.66305158, -22.51742683], [-47.66294701, -22.51733895], [-47.66290592, -22.51720819], [-47.66294243, -22.51710005], [-47.66297894, -22.51699191], [-47.66300293, -22.51690189], [-47.66303381, -22.51683567], [-47.66305172, -22.51676368], [-47.66305058, -22.51670395], [-47.66305552, -22.5166262], [-47.66307343, -22.51655421], [-47.66311063, -22.51648191], [-47.66314691, -22.51636182], [-47.66319627, -22.51625346], [-47.66326515, -22.51615673], [-47.663423, -22.51600476], [-47.66342656, -22.51585534], [-47.66347513, -22.51570518], [-47.66358235, -22.51559587], [-47.66365685, -22.51545722], [-47.66377073, -22.51535975], [-47.66380115, -22.51526963], [-47.66383169, -22.51518548], [-47.66381712, -22.51509611], [-47.66375123, -22.51501356], [-47.66371737, -22.51492451], [-47.66370348, -22.51487097], [-47.66366974, -22.51478788], [-47.66366602, -22.51459378], [-47.6636627, -22.51442058], [-47.66366626, -22.51427116], [-47.6636758, -22.51409774], [-47.66367305, -22.5139544], [-47.66366479, -22.51385895], [-47.66364998, -22.51375763], [-47.66362221, -22.51365055], [-47.66358158, -22.51354369], [-47.66352155, -22.51343117], [-47.66375148, -22.5133497], [-47.66378913, -22.51330128], [-47.66383184, -22.51318108], [-47.66381049, -22.5130739], [-47.66377617, -22.51296095], [-47.66374197, -22.51285398], [-47.6637468, -22.51277026], [-47.66376436, -22.51268035], [-47.66384656, -22.5126073], [-47.66388364, -22.51252902], [-47.66382452, -22.51246428], [-47.66381695, -22.51240466], [-47.66381523, -22.51231508], [-47.66384566, -22.51222496], [-47.66388859, -22.51211671], [-47.6639057, -22.51200291], [-47.66391684, -22.51191311], [-47.66391581, -22.51185936], [-47.66387609, -22.51180027], [-47.66383638, -22.51174119], [-47.66370621, -22.5116597], [-47.66362208, -22.51163122], [-47.66351762, -22.51154931], [-47.66348491, -22.51151998], [-47.66343888, -22.51146697], [-47.66341834, -22.51140159], [-47.66339791, -22.51134219], [-47.66338379, -22.5112767], [-47.66337645, -22.51122903], [-47.66338805, -22.51116312], [-47.66344835, -22.51095451], [-47.66345777, -22.51077513], [-47.66346857, -22.51066741], [-47.66362147, -22.51059319], [-47.66373603, -22.51053155], [-47.66378539, -22.51042319], [-47.6638343, -22.51029095], [-47.66384486, -22.51017128], [-47.66386783, -22.51002752], [-47.66389171, -22.50993153], [-47.66390227, -22.50981187], [-47.66387358, -22.50965701], [-47.66383341, -22.50957404], [-47.66398562, -22.50946398], [-47.66407378, -22.50936693], [-47.66411144, -22.50931851], [-47.66417366, -22.50920994], [-47.66417205, -22.50912633], [-47.66415736, -22.50903098], [-47.66415622, -22.50897126], [-47.66419387, -22.50892284], [-47.66422555, -22.50889842], [-47.66415381, -22.50884584], [-47.66410125, -22.50878696], [-47.66407359, -22.50868586], [-47.66401976, -22.50856128], [-47.66424567, -22.50827078], [-47.66441051, -22.50814856], [-47.66438136, -22.50796981], [-47.66435427, -22.50789857], [-47.66428747, -22.50776824], [-47.664144, -22.50766307], [-47.66403312, -22.50758127], [-47.66394704, -22.50745126], [-47.66394567, -22.50737959], [-47.66393144, -22.50730813], [-47.66392386, -22.50724851], [-47.66380702, -22.5071907], [-47.66375445, -22.50713183], [-47.66370831, -22.50707285], [-47.6636624, -22.50702581], [-47.66357137, -22.50697355], [-47.6634543, -22.50690379], [-47.6633883, -22.50681527], [-47.66332288, -22.50675661], [-47.66327008, -22.50668579], [-47.66317137, -22.50656794], [-47.66308655, -22.50650362], [-47.66296948, -22.50643387], [-47.66291048, -22.5063751], [-47.66281269, -22.50630502], [-47.66272753, -22.50622279], [-47.66268827, -22.50618759], [-47.66261608, -22.50611112], [-47.66259014, -22.5060996], [-47.66254469, -22.50607646], [-47.66246675, -22.50603592], [-47.66238836, -22.5059715], [-47.66234268, -22.50593641], [-47.66225785, -22.5058721], [-47.66216199, -22.50573478], [-47.66217899, -22.50561501], [-47.66209417, -22.50555069], [-47.66202254, -22.50550408], [-47.66196366, -22.50545129], [-47.66193658, -22.50538004], [-47.66195438, -22.50530208], [-47.6619522, -22.5051886], [-47.66191858, -22.50511149], [-47.66190458, -22.50505198], [-47.66187749, -22.50498074], [-47.66185672, -22.50490341], [-47.66184904, -22.50483782], [-47.66183424, -22.5047365], [-47.66180715, -22.50466526], [-47.66177364, -22.50459412], [-47.66175218, -22.50448096], [-47.66173107, -22.50438572], [-47.66170364, -22.50429656], [-47.66168207, -22.50417743], [-47.66167927, -22.5040311], [-47.66166539, -22.50397756], [-47.66163199, -22.5039124], [-47.6616181, -22.50385886], [-47.66161799, -22.50385288], [-47.66170695, -22.50379764], [-47.66179522, -22.50370657], [-47.66185158, -22.50362797], [-47.66188258, -22.50356771], [-47.66190072, -22.50350767], [-47.66191863, -22.50343568], [-47.66191714, -22.50335804], [-47.66191463, -22.50322664], [-47.66193908, -22.50316052], [-47.66195585, -22.50302881], [-47.66196147, -22.50298689], [-47.66197204, -22.50286723], [-47.66198995, -22.50279524], [-47.66197584, -22.50272976], [-47.66194233, -22.50265862], [-47.66190307, -22.50262342], [-47.66187645, -22.50257607], [-47.66188025, -22.50243859], [-47.66194935, -22.50235381], [-47.66198654, -22.5022815], [-47.66201054, -22.50219149], [-47.66203453, -22.50210148], [-47.66198174, -22.50203066], [-47.66190932, -22.50194224], [-47.66184964, -22.50184764], [-47.66180259, -22.50174088], [-47.66176816, -22.50162196], [-47.66175405, -22.50155647], [-47.66173305, -22.5014672], [-47.66171951, -22.50143158], [-47.66165889, -22.50128771], [-47.66162492, -22.50119268], [-47.66158487, -22.50111567], [-47.6615323, -22.5010568], [-47.66151807, -22.50098534], [-47.66150385, -22.50091388], [-47.66148962, -22.50084243], [-47.66146931, -22.50078899], [-47.66146105, -22.50069354], [-47.66144602, -22.50058027], [-47.66141228, -22.50049719], [-47.66142388, -22.50043128], [-47.66147359, -22.50034084], [-47.66154269, -22.50025606], [-47.66158068, -22.50022556], [-47.66167074, -22.50005978], [-47.66171976, -22.4999335], [-47.66172287, -22.4997602], [-47.66164908, -22.49960011], [-47.6615824, -22.49947575], [-47.66154889, -22.49940461], [-47.66152181, -22.49933336], [-47.66150127, -22.49926798], [-47.66147304, -22.49913702], [-47.66147133, -22.49904743], [-47.66145619, -22.49892819], [-47.66142199, -22.49882122], [-47.66137608, -22.49877418], [-47.6612845, -22.49869205], [-47.66117431, -22.49864608], [-47.66107079, -22.49861194], [-47.66095441, -22.49857802], [-47.660813, -22.49858036], [-47.6607291, -22.49856382], [-47.66065691, -22.49848735], [-47.66061043, -22.49841045], [-47.66053859, -22.49835189], [-47.66049268, -22.49830485], [-47.66038904, -22.49826475], [-47.66027312, -22.49825471], [-47.66018256, -22.49822634], [-47.66013631, -22.49816138], [-47.66007101, -22.49810869], [-47.65998596, -22.49803243], [-47.65980916, -22.49786508], [-47.65970438, -22.49776525], [-47.6595864, -22.49764771], [-47.65946325, -22.49759597], [-47.65939118, -22.49752547], [-47.65925471, -22.49745006], [-47.65911194, -22.49738072], [-47.65894954, -22.49729379], [-47.65883281, -22.49724195], [-47.65872218, -22.49717208], [-47.65864965, -22.49707769], [-47.65857712, -22.49698329], [-47.65850447, -22.49688293], [-47.65854878, -22.49684635], [-47.65862465, -22.49677938], [-47.65866071, -22.49664735], [-47.65867782, -22.49653355], [-47.65867496, -22.49638424], [-47.65868542, -22.4962586], [-47.65868348, -22.49615707], [-47.65870059, -22.49604328], [-47.65871713, -22.49589962], [-47.65874722, -22.49579158], [-47.6587703, -22.49565379], [-47.65879395, -22.49554586], [-47.65881072, -22.49541415], [-47.65882743, -22.49527945], [-47.65883915, -22.49521951], [-47.65886406, -22.49517728], [-47.65890068, -22.49507511], [-47.65896967, -22.49498435], [-47.6590328, -22.49492357], [-47.65912084, -22.49482055], [-47.65914484, -22.49473054], [-47.65917538, -22.49464639], [-47.6591802, -22.49456267], [-47.65910068, -22.49443852], [-47.65897019, -22.49433911], [-47.65890466, -22.49427447], [-47.65887769, -22.4942092], [-47.65887655, -22.49414948], [-47.65886795, -22.4940361], [-47.65885924, -22.49391676], [-47.65884479, -22.49383336], [-47.65883631, -22.49372596], [-47.65882817, -22.49363648], [-47.65881349, -22.49354113], [-47.658828, -22.49329146], [-47.6588248, -22.49312423], [-47.65882183, -22.49296894], [-47.65881966, -22.49285547], [-47.65881875, -22.49280769], [-47.65881681, -22.49270615], [-47.65878905, -22.49259907], [-47.65878022, -22.49247376], [-47.65875257, -22.49237265], [-47.65871229, -22.4922837], [-47.65868453, -22.49217662], [-47.65864368, -22.4920578], [-47.65860903, -22.49192694], [-47.65856727, -22.49176034], [-47.65851931, -22.4916058], [-47.65847056, -22.49140945], [-47.6584623, -22.491314], [-47.65841549, -22.49121918], [-47.6583689, -22.49113631], [-47.65827789, -22.49108404], [-47.65819974, -22.49103156], [-47.65812101, -22.49094922], [-47.65808108, -22.49087818], [-47.6580602, -22.49079489], [-47.65806514, -22.49071714], [-47.65788742, -22.49066929], [-47.65779493, -22.49053938], [-47.65774488, -22.49043311], [-47.65772792, -22.4903971], [-47.65766137, -22.49027871], [-47.65758242, -22.49018442], [-47.6574781, -22.49010848], [-47.6574128, -22.49005578], [-47.65736701, -22.49001472], [-47.65732076, -22.48994976], [-47.65731985, -22.48990198], [-47.657293, -22.48984268], [-47.65722736, -22.48977207], [-47.657174, -22.48967139], [-47.65710859, -22.48961272], [-47.65708208, -22.48957134], [-47.65703595, -22.48951236], [-47.65693783, -22.48942436], [-47.656859, -22.48933604], [-47.65680621, -22.48926522], [-47.65679876, -22.48921157], [-47.65673897, -22.489111], [-47.6566987, -22.48902204], [-47.65663937, -22.48894535], [-47.65657408, -22.48889266], [-47.6565346, -22.48884552], [-47.65648858, -22.48879251], [-47.65645531, -22.48873331], [-47.65642846, -22.48867401], [-47.65640127, -22.48859679], [-47.65636788, -22.48853162], [-47.65629174, -22.48841638], [-47.65626432, -22.48832722], [-47.65623013, -22.48822024], [-47.65622325, -22.48819646], [-47.65620226, -22.48810719], [-47.65618195, -22.48805375], [-47.65618769, -22.48801781], [-47.65618667, -22.48796406], [-47.65618576, -22.48791628], [-47.6562031, -22.48781443], [-47.65620207, -22.48776067], [-47.65618188, -22.48771321], [-47.65614883, -22.48766596], [-47.65611567, -22.48761274], [-47.6560638, -22.4875897], [-47.6559799, -22.48757316], [-47.65586387, -22.48755715], [-47.65583737, -22.48751576], [-47.65580409, -22.48745657], [-47.65578367, -22.48739716], [-47.65575648, -22.48731994], [-47.65573606, -22.48726053], [-47.65572206, -22.48720102], [-47.65572758, -22.48715313], [-47.65573929, -22.4870932], [-47.65575089, -22.48702729], [-47.65575584, -22.48694954], [-47.65575458, -22.48688384], [-47.65576021, -22.48684193], [-47.65576561, -22.48678807], [-47.65577684, -22.48670275], [-47.65577582, -22.48664899], [-47.65577502, -22.48660719], [-47.65578087, -22.48657722], [-47.65577973, -22.48651749], [-47.65579845, -22.48648731], [-47.65581681, -22.48643921], [-47.65584104, -22.48636115], [-47.65585986, -22.48633694], [-47.65589086, -22.48627668], [-47.65591577, -22.48623445], [-47.65595319, -22.48617409], [-47.65597133, -22.48611405], [-47.6560083, -22.4860298], [-47.65602632, -22.48596378], [-47.65603138, -22.48589201], [-47.65604264, -22.48580818], [-47.65606067, -22.48574216], [-47.65607249, -22.4856882], [-47.65608409, -22.48562229], [-47.65610235, -22.48556822], [-47.65611383, -22.48549634], [-47.65615069, -22.48540611], [-47.65618811, -22.48534575], [-47.65620659, -22.48530363], [-47.65626255, -22.48520412], [-47.65635645, -22.48507114], [-47.65645091, -22.48496802], [-47.65653298, -22.484889], [-47.65659542, -22.48479238], [-47.65666418, -22.48468968], [-47.65668209, -22.48461769], [-47.65668038, -22.4845281], [-47.65670472, -22.48445601], [-47.6567286, -22.48436002], [-47.65676523, -22.48425785], [-47.65680805, -22.48414363], [-47.65685764, -22.48404723], [-47.65692077, -22.48398644], [-47.65696439, -22.48391403], [-47.65700169, -22.4838477], [-47.65703303, -22.48380536], [-47.65707642, -22.483721], [-47.65710076, -22.48364891], [-47.65711821, -22.48355303], [-47.65709756, -22.48348168], [-47.65714807, -22.48343305], [-47.6572299, -22.48334208], [-47.65730509, -22.48323928], [-47.6573416, -22.48313114], [-47.65739636, -22.48296892], [-47.65743264, -22.48284884], [-47.65746226, -22.48271691], [-47.65749143, -22.4825611], [-47.65752364, -22.48239627], [-47.65753467, -22.4823005], [-47.65753916, -22.48219886], [-47.65754984, -22.48208517], [-47.65753482, -22.4819719], [-47.65750006, -22.48183506], [-47.65746633, -22.48175198], [-47.65743948, -22.48169268], [-47.65737305, -22.48158026], [-47.65731219, -22.48142294], [-47.65731679, -22.48132727], [-47.65725598, -22.48117294], [-47.65716304, -22.48101914], [-47.65714962, -22.48098949], [-47.65703877, -22.48090768], [-47.65698484, -22.48077713], [-47.65698382, -22.48072338], [-47.65693655, -22.48060467], [-47.65689685, -22.48054558], [-47.65694701, -22.48047903], [-47.65702942, -22.48041793], [-47.65713065, -22.48033262], [-47.65721845, -22.48021766], [-47.65731991, -22.48014429], [-47.65739623, -22.48010121], [-47.65750986, -22.4799918], [-47.65759835, -22.47991267], [-47.65766722, -22.47981595], [-47.65769156, -22.47974385], [-47.65772289, -22.47970151], [-47.65776731, -22.47967091], [-47.65782469, -22.47964606], [-47.65793292, -22.47959051], [-47.65801038, -22.47960715], [-47.65811907, -22.47957549], [-47.65819539, -22.47953241], [-47.65823923, -22.47947194], [-47.65828928, -22.47939942], [-47.65834552, -22.47931485], [-47.65835655, -22.47921908], [-47.65835529, -22.47915338], [-47.6583653, -22.47900386], [-47.65840203, -22.47890766], [-47.65869642, -22.4786698], [-47.65887363, -22.47852349], [-47.65902535, -22.47838955], [-47.65917731, -22.47826756], [-47.65952184, -22.47813044], [-47.65969904, -22.47798413], [-47.65994234, -22.47793231], [-47.66014593, -22.47782141], [-47.66032474, -22.47775872], [-47.66058134, -22.47773058], [-47.66081259, -22.47772079], [-47.66125039, -22.47775538], [-47.66145696, -22.47779977], [-47.66181844, -22.47787744], [-47.66226899, -22.47790584], [-47.66260323, -22.47789467], [-47.66293009, -22.47784147], [-47.66306874, -22.47769579], [-47.66318857, -22.47757431], [-47.66330931, -22.47750062], [-47.66339126, -22.47741562], [-47.6635687, -22.47728124], [-47.66375257, -22.47714675], [-47.66387962, -22.47706698], [-47.66419569, -22.47695421], [-47.66444957, -22.47678272], [-47.66457674, -22.47670892], [-47.66457399, -22.47656557], [-47.66468853, -22.47650393], [-47.66478908, -22.47638277], [-47.66483843, -22.47627441], [-47.66486231, -22.47617842], [-47.66497571, -22.47605705], [-47.66503906, -22.4760082], [-47.66510847, -22.47593984], [-47.66531896, -22.47585271], [-47.66537554, -22.47578605], [-47.66541847, -22.47567779], [-47.66549376, -22.47558095], [-47.66551144, -22.47549701], [-47.66554783, -22.47538289], [-47.66559741, -22.47528648], [-47.66564608, -22.47514228], [-47.66568339, -22.47507594], [-47.6657394, -22.47497941], [-47.66580206, -22.47489473], [-47.66581354, -22.47482284], [-47.66583777, -22.47474477], [-47.66584913, -22.47466691], [-47.66584753, -22.47458329], [-47.66576161, -22.47446074], [-47.66566866, -22.47430693], [-47.66567922, -22.47418726], [-47.66568888, -22.47401981], [-47.66572355, -22.47381609], [-47.66575753, -22.47357654], [-47.66574068, -22.4733677], [-47.66582228, -22.47326478], [-47.66595564, -22.47317893], [-47.66608257, -22.47309318], [-47.66622122, -22.47294749], [-47.66634792, -22.4728498], [-47.66647394, -22.47271627], [-47.6666252, -22.47255842], [-47.66681503, -22.47239994], [-47.66683753, -22.47223227], [-47.66678383, -22.47211367], [-47.66675469, -22.47193491], [-47.66676205, -22.47181911], [-47.66676457, -22.4717794], [-47.66678707, -22.47161173], [-47.66686007, -22.47139543], [-47.6669216, -22.47125102], [-47.66699437, -22.47102278], [-47.66705566, -22.47086642], [-47.66706554, -22.47071091], [-47.66713991, -22.47056629], [-47.66717595, -22.47043425], [-47.66728797, -22.4702412], [-47.66739987, -22.47004218], [-47.66748618, -22.46984956], [-47.66757272, -22.46966888], [-47.66764732, -22.46953621], [-47.66769553, -22.46936811], [-47.66780869, -22.4692348], [-47.66796133, -22.46914862], [-47.6679976, -22.46902853], [-47.66805957, -22.46890801], [-47.66810847, -22.46877575], [-47.66816838, -22.46854772], [-47.66824298, -22.46841504], [-47.66833044, -22.46828215], [-47.66840572, -22.46818531], [-47.66864184, -22.46809476], [-47.66877083, -22.46811653], [-47.6689774, -22.4681609], [-47.6691197, -22.46820635], [-47.6692372, -22.4683], [-47.66938134, -22.468441], [-47.6693795, -22.46834544], [-47.6693382, -22.46820273], [-47.66933522, -22.46804743], [-47.66927969, -22.46783326], [-47.66927762, -22.46772575], [-47.66926088, -22.46752289], [-47.66923151, -22.46733218], [-47.66923864, -22.46703333], [-47.66923451, -22.4668183], [-47.66925701, -22.46665064], [-47.66929305, -22.4665186], [-47.66934149, -22.46636245], [-47.6694294, -22.46625345], [-47.66958134, -22.46613144], [-47.66983657, -22.46603161], [-47.66998988, -22.46598128], [-47.67019438, -22.46591814], [-47.67041105, -22.46581896], [-47.67058778, -22.46564874], [-47.67063804, -22.46558816], [-47.67080078, -22.46535842], [-47.67096534, -22.46522425], [-47.67116663, -22.46499387], [-47.6713312, -22.4648597], [-47.67140366, -22.46477076], [-47.67146937, -22.46469012], [-47.67172264, -22.46448875], [-47.67206622, -22.46430382], [-47.6721796, -22.46418244], [-47.67228059, -22.46408517], [-47.67240637, -22.46393969], [-47.67258401, -22.46381725], [-47.67276188, -22.46370676], [-47.67288972, -22.46366879], [-47.67290074, -22.46357301], [-47.67292507, -22.46350091], [-47.67299966, -22.46336823], [-47.67313898, -22.46325838], [-47.67336872, -22.46317092], [-47.67348324, -22.46310927], [-47.67370036, -22.46303398], [-47.67368613, -22.46296252], [-47.67372308, -22.46287826], [-47.67385, -22.46279251], [-47.67391243, -22.46269587], [-47.67400054, -22.46264987], [-47.6740779, -22.46260948], [-47.6741922, -22.46253589], [-47.67431889, -22.46243819], [-47.67449905, -22.46244715], [-47.67462735, -22.46243308], [-47.67474302, -22.46243116], [-47.67481853, -22.46234626], [-47.67491974, -22.46226093], [-47.67493053, -22.46215321], [-47.67496771, -22.4620809], [-47.67505538, -22.46195995], [-47.6751045, -22.46183964], [-47.67520502, -22.46171847], [-47.67542214, -22.46164317], [-47.67558853, -22.46160456], [-47.67579416, -22.46160115], [-47.67593462, -22.46155102], [-47.67601082, -22.46150196], [-47.67609964, -22.46144074], [-47.67639719, -22.46120278], [-47.67657046, -22.46085337], [-47.67665492, -22.46056518], [-47.6767403, -22.46032478], [-47.67692711, -22.46001099], [-47.6770274, -22.45987788], [-47.67730808, -22.45976568], [-47.67758876, -22.45965347], [-47.67789653, -22.45961251], [-47.67814049, -22.45959651], [-47.67837182, -22.45959267], [-47.678591, -22.45962487], [-47.67851177, -22.45951867], [-47.67843857, -22.45939438], [-47.67834684, -22.45930625], [-47.67829397, -22.45923541], [-47.67827986, -22.45917584], [-47.67823956, -22.4590927], [-47.67818577, -22.45897406], [-47.67813707, -22.45878367], [-47.67809479, -22.45859316], [-47.67809786, -22.45842583], [-47.67818416, -22.4582392], [-47.67834813, -22.45808117], [-47.67873883, -22.45768643], [-47.67904274, -22.4574248], [-47.67981988, -22.45705941], [-47.68041859, -22.45677464], [-47.68149279, -22.45648196], [-47.68218329, -22.45629125], [-47.68275951, -22.45617412], [-47.68314366, -22.45609604], [-47.68380961, -22.45596547], [-47.68395281, -22.4559368], [-47.68459075, -22.45580908], [-47.68507672, -22.45567852], [-47.6853172, -22.45548334], [-47.68537089, -22.45526737], [-47.68555748, -22.45561077], [-47.68576862, -22.45589402], [-47.68625124, -22.45625639], [-47.68661867, -22.45664457], [-47.68690176, -22.45699234], [-47.68689358, -22.4565683], [-47.68695369, -22.45635223], [-47.6871096, -22.45610468], [-47.6872996, -22.45595813], [-47.68750841, -22.45578737], [-47.68774362, -22.45565202], [-47.68789564, -22.45553597], [-47.6879901, -22.45535518], [-47.68782967, -22.45503524], [-47.68758159, -22.45483625], [-47.68741107, -22.45465986], [-47.6872915, -22.45445873], [-47.68720933, -22.45419723], [-47.68745303, -22.45416927], [-47.68773482, -22.45411678], [-47.68801431, -22.45394484], [-47.68821624, -22.45375029], [-47.68836837, -22.45364022], [-47.68859645, -22.45346914], [-47.6886701, -22.45328868], [-47.68874444, -22.45314406], [-47.68896105, -22.45304486], [-47.6891756, -22.45283815], [-47.68934104, -22.45275175], [-47.68945393, -22.45260649], [-47.68954042, -22.45242582], [-47.68956474, -22.45235372], [-47.6899763, -22.45236478], [-47.69025302, -22.4520495], [-47.69049187, -22.4517707], [-47.69074404, -22.45151557], [-47.69108777, -22.45134255], [-47.69121327, -22.45118513], [-47.69145605, -22.45110938], [-47.69176422, -22.45109229], [-47.69199507, -22.45106454], [-47.69231587, -22.45103529], [-47.69252101, -22.45100797], [-47.69273762, -22.45090876], [-47.692968, -22.45085712], [-47.69319608, -22.45068603], [-47.6933856, -22.45051559], [-47.69361344, -22.45033255], [-47.69364922, -22.45018857], [-47.69381143, -22.44993494], [-47.69394816, -22.44969369], [-47.69403003, -22.44927412], [-47.69406373, -22.44902264], [-47.69402057, -22.44878439], [-47.6939778, -22.44856704], [-47.69399819, -22.44829188], [-47.69414893, -22.44811014], [-47.69430574, -22.44791036], [-47.69483986, -22.44728012], [-47.69516611, -22.44686841], [-47.69530538, -22.44675855], [-47.69585377, -22.44653431], [-47.69651549, -22.44618869], [-47.69733072, -22.44580465], [-47.6977491, -22.44550492], [-47.69811434, -22.44511646], [-47.69847797, -22.44464438], [-47.69866378, -22.44428281], [-47.69892645, -22.44390801], [-47.69921598, -22.44359251], [-47.69925794, -22.44355068], [-47.69958168, -22.44322793], [-47.69984423, -22.44284716], [-47.70019708, -22.4424828], [-47.70052677, -22.44225026], [-47.70084291, -22.4419821], [-47.70101609, -22.44163269], [-47.70111484, -22.44142194], [-47.70180454, -22.44119531], [-47.70223864, -22.44104466], [-47.70262018, -22.44083515], [-47.70291224, -22.44065103], [-47.70325524, -22.44044215], [-47.70345185, -22.44030743], [-47.70374136, -22.43999191], [-47.70394243, -22.43975555], [-47.70429688, -22.43947479], [-47.70468727, -22.43939058], [-47.70504856, -22.43946219], [-47.70519761, -22.43943917], [-47.70537588, -22.43935254], [-47.70555391, -22.43925397], [-47.70569201, -22.43908437], [-47.70570184, -22.43892888], [-47.70576168, -22.43870085], [-47.70590979, -22.43838472], [-47.70602033, -22.43812], [-47.70619581, -22.43789003], [-47.70633275, -22.43766072], [-47.706533, -22.43738254], [-47.7066947, -22.43710501], [-47.70683303, -22.43694736], [-47.70689472, -22.43681489], [-47.70695409, -22.43656298], [-47.70703778, -22.43623897], [-47.70704715, -22.43605958], [-47.70704274, -22.43583263], [-47.70707949, -22.43573879], [-47.70710397, -22.43567628], [-47.70716613, -22.4355677], [-47.70733813, -22.43515856], [-47.70737134, -22.43488319], [-47.70739402, -22.43472748], [-47.70743071, -22.43463127], [-47.70747794, -22.43441541], [-47.70756556, -22.43429445], [-47.70780968, -22.43429036], [-47.70807881, -22.43424999], [-47.70830962, -22.43422222], [-47.70845095, -22.43421985], [-47.7087974, -22.43419014], [-47.70899811, -22.43393585], [-47.70907311, -22.43382706], [-47.70921189, -22.43369329], [-47.70932498, -22.43355996], [-47.70948899, -22.43340188], [-47.70962824, -22.433292], [-47.70975348, -22.43312262], [-47.70994388, -22.43299994], [-47.71021115, -22.43286402], [-47.7104144, -22.43274112], [-47.71075946, -22.43263974], [-47.71100288, -22.4325998], [-47.71132316, -22.43254663], [-47.71152827, -22.43251928], [-47.71196466, -22.43248806], [-47.71224523, -22.4323758], [-47.71234662, -22.43230241], [-47.71257743, -22.43227463], [-47.71279585, -22.43227096], [-47.71322078, -22.43231161], [-47.71358193, -22.43237723], [-47.71395523, -22.4324068], [-47.71453643, -22.43255235], [-47.71487282, -22.43266618], [-47.71505502, -22.4327826], [-47.71519938, -22.4329355], [-47.7155993, -22.43301241], [-47.71579226, -22.43302111], [-47.71602633, -22.43316056], [-47.71619615, -22.43330108], [-47.7163926, -22.43348895], [-47.71648766, -22.43375021], [-47.71656754, -22.43389225], [-47.71664905, -22.4341179], [-47.71675696, -22.43437895], [-47.71697759, -22.43448874], [-47.71724974, -22.43460365], [-47.71767398, -22.43460845], [-47.71781461, -22.43457024], [-47.71809728, -22.43456548], [-47.7182517, -22.43457482], [-47.71861099, -22.43454487], [-47.71889575, -22.43464761], [-47.71929592, -22.43473646], [-47.71943819, -22.43478185], [-47.7196447, -22.43482617], [-47.71989092, -22.43492955], [-47.72014882, -22.434973], [-47.72047003, -22.43496759], [-47.72068776, -22.43492807], [-47.7209452, -22.43494763], [-47.72112624, -22.43500431], [-47.72142223, -22.43502322], [-47.72167873, -22.434995], [-47.72193594, -22.43500261], [-47.72237535, -22.43512663], [-47.72260756, -22.4351705], [-47.72282622, -22.43517876], [-47.72308319, -22.43517443], [-47.72344458, -22.43525197], [-47.7237401, -22.43524698], [-47.72390713, -22.43524416], [-47.72421433, -22.43517923], [-47.72429209, -22.43514143], [-47.72434165, -22.43511734], [-47.72457269, -22.43510149], [-47.7247264, -22.435075], [-47.72495674, -22.43502332], [-47.72507215, -22.43500942], [-47.72521372, -22.43501898], [-47.72551017, -22.43506176], [-47.72575359, -22.43502181], [-47.7259073, -22.43499531], [-47.72598369, -22.43495818], [-47.72621497, -22.43495427], [-47.72636915, -22.43495167], [-47.72658757, -22.43494798], [-47.72678053, -22.43495666], [-47.7269221, -22.43496622], [-47.72706343, -22.43496383], [-47.72715197, -22.43489065], [-47.72724215, -22.43490107], [-47.72742249, -22.43492192], [-47.72767876, -22.43488174], [-47.72781916, -22.43483158], [-47.7279981, -22.43478076], [-47.72820111, -22.43464589], [-47.72834127, -22.43458378], [-47.72839197, -22.43454708], [-47.7284805, -22.43447389], [-47.72854381, -22.43442503], [-47.7286452, -22.43435162], [-47.72868304, -22.43431514], [-47.72877181, -22.4342539], [-47.72886058, -22.43419265], [-47.72889913, -22.434192], [-47.72902785, -22.43420177], [-47.72916941, -22.43421133], [-47.72937499, -22.43420785], [-47.72947777, -22.43420611], [-47.7296184, -22.43416789], [-47.72977259, -22.43416528], [-47.72991509, -22.43422261], [-47.73006997, -22.43425584], [-47.73019915, -22.4342895], [-47.73034142, -22.43433488], [-47.73053485, -22.43436746], [-47.73063787, -22.43437766], [-47.73086914, -22.43437375], [-47.73088106, -22.43432575], [-47.73107214, -22.43423888], [-47.73119829, -22.43411726], [-47.73129967, -22.43404386], [-47.7314389, -22.43393396], [-47.73146413, -22.43390964], [-47.73170731, -22.43385773], [-47.73190027, -22.43386641], [-47.73207945, -22.43382753], [-47.73219508, -22.43382558], [-47.73229529, -22.4337866], [-47.7323586, -22.43373774], [-47.73239715, -22.43373709], [-47.73251255, -22.43372318], [-47.73262771, -22.43369734], [-47.73293467, -22.43362045], [-47.73306222, -22.43357049], [-47.73322714, -22.43346017], [-47.73345841, -22.43345625], [-47.7335362, -22.43349078], [-47.73369014, -22.43347622], [-47.7337927, -22.43346254], [-47.73389572, -22.43347274], [-47.73403705, -22.43347034], [-47.73452341, -22.43336652], [-47.73455145, -22.43348553], [-47.73450287, -22.43362973], [-47.73446666, -22.43374982], [-47.73441691, -22.43383431], [-47.734405, -22.4338823], [-47.73427792, -22.43395614], [-47.73415084, -22.43402999], [-47.73403708, -22.4341275], [-47.73397494, -22.43423609], [-47.73392589, -22.4343564], [-47.73386329, -22.4344411], [-47.73381353, -22.43452558], [-47.73368716, -22.43463526], [-47.7335206, -22.43466198], [-47.73341851, -22.43469955], [-47.7333176, -22.43479685], [-47.73324121, -22.43483399], [-47.73320407, -22.43490631], [-47.73319333, -22.43501402], [-47.73318258, -22.43512174], [-47.73317254, -22.43526529], [-47.73313611, -22.43537344], [-47.73315059, -22.43545683], [-47.73315247, -22.43555239], [-47.73320573, -22.43564707], [-47.73324639, -22.43575392], [-47.73327325, -22.43581321], [-47.73336577, -22.43594307], [-47.73328938, -22.43598021], [-47.73323892, -22.43602886], [-47.73316441, -22.43616155], [-47.73313964, -22.43620976], [-47.73308989, -22.43629425], [-47.73306583, -22.43637829], [-47.73306723, -22.43644996], [-47.73310882, -22.43660458], [-47.73324258, -22.43687115], [-47.73333626, -22.43706074], [-47.73337715, -22.43717953], [-47.73341804, -22.43729832], [-47.7335748, -22.4374271], [-47.73373203, -22.43757976], [-47.73379978, -22.43775784], [-47.73386777, -22.43794786], [-47.73390913, -22.43809054], [-47.73397642, -22.43824473], [-47.73405702, -22.43842259], [-47.73409814, -22.43855332], [-47.73412642, -22.43868427], [-47.73415493, -22.43882717], [-47.7342096, -22.43899352], [-47.73430165, -22.43909949], [-47.73448341, -22.439192], [-47.73471586, -22.4392478], [-47.73492331, -22.43933987], [-47.73500345, -22.43949384], [-47.73507004, -22.4396122], [-47.73513686, -22.43974249], [-47.7351899, -22.43982523], [-47.73520026, -22.43984477], [-47.73524328, -22.43992589], [-47.73530964, -22.4400323], [-47.73537576, -22.44012676], [-47.73541665, -22.44024555], [-47.73541758, -22.44029333], [-47.73544539, -22.4404004], [-47.73547249, -22.44047163], [-47.73550054, -22.44059063], [-47.73552905, -22.44073353], [-47.73558349, -22.44088793], [-47.73561247, -22.44105472], [-47.73558958, -22.44119849], [-47.73560524, -22.4413416], [-47.7356361, -22.44160394], [-47.73564055, -22.44183088], [-47.7356436, -22.44198616], [-47.73564852, -22.44223699], [-47.73565321, -22.44247588], [-47.73564434, -22.44267915], [-47.73563759, -22.44298992], [-47.73565348, -22.44314498], [-47.73572054, -22.44328722], [-47.73574999, -22.44347789], [-47.73581682, -22.44360819], [-47.73587056, -22.44372676], [-47.73593785, -22.44388095], [-47.73601776, -22.44402297], [-47.73600995, -22.44427999], [-47.73601393, -22.44448305], [-47.73606955, -22.44469717], [-47.73625179, -22.44481357], [-47.73642188, -22.44496601], [-47.73656439, -22.44502333], [-47.73674569, -22.44509195], [-47.73682396, -22.44515036], [-47.73690481, -22.44534016], [-47.73698472, -22.44548218], [-47.73713005, -22.44568284], [-47.73724921, -22.44586004], [-47.73740692, -22.44603659], [-47.73760201, -22.44615276], [-47.73783682, -22.446328], [-47.73805713, -22.44641985], [-47.73829171, -22.44658314], [-47.73832756, -22.44644513], [-47.73837661, -22.44632481], [-47.73847565, -22.44613196], [-47.73856302, -22.44599904], [-47.73881554, -22.44576774], [-47.73903258, -22.44569237], [-47.73914658, -22.44560679], [-47.73924562, -22.44541394], [-47.73943624, -22.44530317], [-47.73951123, -22.44519436], [-47.73959859, -22.44506144], [-47.73963502, -22.44495329], [-47.73982377, -22.44474696], [-47.73997491, -22.44458907], [-47.74003728, -22.44449242], [-47.74010059, -22.44444356], [-47.74013749, -22.44435929], [-47.74018771, -22.4442987], [-47.74030124, -22.44418923], [-47.74044165, -22.44413906], [-47.74062013, -22.44406433], [-47.74072174, -22.44400287], [-47.74080993, -22.44391176], [-47.74103675, -22.44368088], [-47.74116336, -22.44358315], [-47.74132782, -22.44344892], [-47.74144111, -22.44332751], [-47.74151586, -22.44320676], [-47.74161513, -22.44302585], [-47.7416637, -22.44288165], [-47.74171275, -22.44276133], [-47.74179776, -22.44250897], [-47.74184657, -22.44237671], [-47.74194678, -22.44224358], [-47.74208601, -22.44213368], [-47.74214955, -22.44209675], [-47.74222453, -22.44198794], [-47.7423773, -22.44191366], [-47.74257004, -22.44191038], [-47.74268544, -22.44189647], [-47.7429179, -22.44195226], [-47.7431144, -22.44214009], [-47.74328214, -22.44217308], [-47.7434375, -22.44223018], [-47.74353003, -22.44236004], [-47.74359592, -22.44244256], [-47.74368821, -22.44256047], [-47.74387045, -22.44267685], [-47.74400012, -22.44273439], [-47.7441688, -22.44281516], [-47.74432464, -22.44289614], [-47.7444543, -22.44295368], [-47.74459705, -22.44302294], [-47.74479214, -22.4431391], [-47.74489728, -22.4432568], [-47.74500172, -22.44333866], [-47.74513304, -22.4434798], [-47.74517276, -22.44353887], [-47.74527908, -22.44371628], [-47.74536691, -22.44360725], [-47.74544283, -22.44354622], [-47.74562177, -22.44349538], [-47.74587805, -22.44345517], [-47.74615814, -22.44331898], [-47.74627331, -22.44329312], [-47.74640039, -22.44321927], [-47.74649174, -22.4432894], [-47.74662024, -22.44328721], [-47.74671065, -22.44330957], [-47.74673446, -22.44321358], [-47.74687345, -22.44309173], [-47.74694937, -22.4430307], [-47.7470643, -22.44299289], [-47.74715354, -22.44295553], [-47.74724325, -22.44294205], [-47.74729441, -22.44292924], [-47.74751261, -22.44291357], [-47.74765395, -22.44291116], [-47.74787261, -22.44291939], [-47.74797588, -22.44294153], [-47.7480927, -22.44299928], [-47.74828637, -22.44304377], [-47.74837679, -22.44306613], [-47.74850598, -22.44309977], [-47.74868705, -22.44315643], [-47.74883004, -22.44323763], [-47.74894709, -22.44330732], [-47.74907676, -22.44336485], [-47.74920619, -22.44341044], [-47.74933539, -22.44344408], [-47.74949005, -22.44346534], [-47.74958046, -22.4434877], [-47.74968443, -22.44354567], [-47.74978817, -22.44359169], [-47.75009867, -22.44369393], [-47.75025474, -22.44378686], [-47.75041058, -22.44386784], [-47.75046386, -22.44396252], [-47.75060873, -22.44413927], [-47.75072909, -22.44437618], [-47.75080901, -22.4445182], [-47.75087491, -22.44460071], [-47.75091581, -22.44471949], [-47.75093031, -22.44480288], [-47.75097912, -22.44467062], [-47.75100222, -22.4445388], [-47.75105008, -22.44435876], [-47.75116242, -22.44418957], [-47.75127477, -22.44402038], [-47.75141281, -22.44385075], [-47.75155108, -22.44369306], [-47.75166413, -22.44355971], [-47.75172507, -22.44339139], [-47.75181171, -22.44322264], [-47.7519883, -22.44305235], [-47.75223007, -22.44292875], [-47.75242116, -22.44284185], [-47.75262485, -22.44274279], [-47.75282878, -22.44265567], [-47.75309625, -22.44253162], [-47.75331209, -22.44239651], [-47.75350364, -22.4423335], [-47.75369449, -22.44223466], [-47.75384726, -22.44216036], [-47.75402431, -22.44201396], [-47.75427964, -22.44192596], [-47.754406, -22.44181627], [-47.75463539, -22.44171677], [-47.75482742, -22.44167765], [-47.75504538, -22.44165003], [-47.75518553, -22.4415879], [-47.75527524, -22.44157442], [-47.75554365, -22.44149814], [-47.75581276, -22.4414577], [-47.75613304, -22.44140444], [-47.75629984, -22.44138964], [-47.75656966, -22.44138503], [-47.75682711, -22.44140453], [-47.75702055, -22.44143707], [-47.75717592, -22.44149415], [-47.75738315, -22.44157425], [-47.7575259, -22.4416435], [-47.75760418, -22.4417019], [-47.75772194, -22.44180742], [-47.75781401, -22.44191338], [-47.75798365, -22.44204191], [-47.75815281, -22.44214655], [-47.75824393, -22.44220473], [-47.75843879, -22.44230893], [-47.75845211, -22.4423326], [-47.75860913, -22.4424733], [-47.75867503, -22.44255581], [-47.75879304, -22.44267327], [-47.75892247, -22.44271885], [-47.75902786, -22.44284848], [-47.75914539, -22.44294205], [-47.75926269, -22.44302368], [-47.75936619, -22.44305776], [-47.75940521, -22.44308098], [-47.7595594, -22.44307835], [-47.75976592, -22.44312261], [-47.76004907, -22.44314166], [-47.76017709, -22.44311557], [-47.76027822, -22.4430302], [-47.76035413, -22.44296916], [-47.76064848, -22.44290439], [-47.76071272, -22.44290329], [-47.7607772, -22.44291413], [-47.7610218, -22.44293384], [-47.76122739, -22.44293032], [-47.76147104, -22.44290226], [-47.76159811, -22.44282839], [-47.76173897, -22.44280209], [-47.76195622, -22.44273863], [-47.7620721, -22.44274859], [-47.76235453, -22.44273181], [-47.76239098, -22.44271982], [-47.76243115, -22.4427066], [-47.76258534, -22.44270396], [-47.76279092, -22.44270044], [-47.76294511, -22.4426978], [-47.76312499, -22.44269472], [-47.76333057, -22.44269119], [-47.76351046, -22.44268811], [-47.76367702, -22.44266136], [-47.76378004, -22.44267155], [-47.76399871, -22.44267975], [-47.76419073, -22.44264061], [-47.76433207, -22.44263819], [-47.76448483, -22.44256389], [-47.76465068, -22.4425013], [-47.76484342, -22.442498], [-47.76497167, -22.44248385], [-47.76507398, -22.44245821], [-47.76511253, -22.44245754], [-47.76529241, -22.44245446], [-47.76539426, -22.44240492], [-47.76550966, -22.442391], [-47.76563696, -22.44232907], [-47.76570097, -22.44231603], [-47.76582874, -22.44227799], [-47.76594462, -22.44228796], [-47.76609833, -22.44226142], [-47.76617471, -22.44222427], [-47.76626465, -22.44222273], [-47.76648237, -22.44218315], [-47.76663561, -22.44213273], [-47.76673816, -22.44211902], [-47.76686594, -22.44208099], [-47.76694256, -22.44205578], [-47.76708365, -22.44204141], [-47.76726306, -22.44201444], [-47.76741677, -22.4419879], [-47.76750648, -22.44197442], [-47.76755787, -22.44197353], [-47.76764781, -22.44197199], [-47.76778962, -22.44199345], [-47.76796974, -22.44200231], [-47.76804683, -22.44200099], [-47.76812393, -22.44199967], [-47.76820102, -22.44199834], [-47.76839327, -22.44197115], [-47.76854698, -22.44194462], [-47.76861123, -22.44194351], [-47.76877826, -22.44194065], [-47.76894506, -22.44192584], [-47.76903476, -22.44191235], [-47.76911138, -22.44188714], [-47.7693034, -22.441848], [-47.76936717, -22.44182301], [-47.76941737, -22.4417624], [-47.76947996, -22.44167769], [-47.76955539, -22.44159276], [-47.76961655, -22.44143639], [-47.76970388, -22.44130346], [-47.76972791, -22.44121941], [-47.76975219, -22.4411473], [-47.76978883, -22.44105109], [-47.7698645, -22.4409781], [-47.76992708, -22.44089339], [-47.77000275, -22.44082041], [-47.77007866, -22.44075936], [-47.7701548, -22.44071026], [-47.77018002, -22.44068593], [-47.77023023, -22.44062533], [-47.77029281, -22.44054062], [-47.77035587, -22.4404798], [-47.77040607, -22.44041919], [-47.77048239, -22.44037905], [-47.77055854, -22.44032995], [-47.77060922, -22.44029324], [-47.77068488, -22.44022025], [-47.77074747, -22.44013554], [-47.77119409, -22.43997329], [-47.77139777, -22.43987421], [-47.77153839, -22.43983595], [-47.7716783, -22.43976186], [-47.77189601, -22.43972227], [-47.77204829, -22.43962407], [-47.77216226, -22.43953848], [-47.77235214, -22.43939184], [-47.77236404, -22.43934384], [-47.77246469, -22.43923458], [-47.7725111, -22.43898287], [-47.7725732, -22.43887427], [-47.77262246, -22.43876589], [-47.7726453, -22.43862213], [-47.77260224, -22.43839585], [-47.77272859, -22.43828615], [-47.77283043, -22.43823661], [-47.77297033, -22.43816251], [-47.77305837, -22.43806542], [-47.77310834, -22.43799287], [-47.77323635, -22.43796677], [-47.77335079, -22.43790507], [-47.7734907, -22.43783097], [-47.77360491, -22.43775732], [-47.77373315, -22.43774317], [-47.77391018, -22.43759675], [-47.77398441, -22.4374521], [-47.77396485, -22.4371149], [-47.7740153, -22.43706624], [-47.77405289, -22.4370178], [-47.77411571, -22.43694504], [-47.774179, -22.43689616], [-47.77427869, -22.43673912], [-47.77440456, -22.43660552], [-47.77452995, -22.43644804], [-47.77460894, -22.43654227], [-47.77471529, -22.43671966], [-47.77479476, -22.43683778], [-47.77484781, -22.4369205], [-47.77492871, -22.43711028], [-47.77499509, -22.43721667], [-47.77503529, -22.43729961], [-47.77508883, -22.43740622], [-47.77509002, -22.43746594], [-47.77513022, -22.43754889], [-47.77513213, -22.43764444], [-47.77513331, -22.43770416], [-47.77517257, -22.43773933], [-47.77526299, -22.43776167], [-47.77537981, -22.4378194], [-47.7754193, -22.43786651], [-47.77549734, -22.43791296], [-47.77553684, -22.43796007], [-47.77556396, -22.4380313], [-47.77559085, -22.43809057], [-47.77563082, -22.43816157], [-47.77569601, -22.43820824], [-47.77574836, -22.43825514], [-47.77581307, -22.43827792], [-47.77585257, -22.43832503], [-47.7759042, -22.43833609], [-47.7760077, -22.43837015], [-47.77603435, -22.43841749], [-47.77612547, -22.43847566], [-47.77624182, -22.4385095], [-47.77631963, -22.43854401], [-47.77634556, -22.43855551], [-47.77644858, -22.43856568], [-47.77653876, -22.43857608], [-47.77662941, -22.43861037], [-47.77665558, -22.43863381], [-47.77670745, -22.43865681], [-47.77677241, -22.43869154], [-47.77695478, -22.43881386], [-47.77703401, -22.43892002], [-47.77706209, -22.43903902], [-47.77711491, -22.4391098], [-47.77724482, -22.43917925], [-47.77734903, -22.43924915], [-47.77741542, -22.43935554], [-47.77745539, -22.43942654], [-47.77757174, -22.43946038], [-47.77773805, -22.43942167], [-47.77781348, -22.43933673], [-47.77795386, -22.43928653], [-47.7780438, -22.43928498], [-47.77812089, -22.43928365], [-47.77822367, -22.43928188], [-47.77830148, -22.43931638], [-47.77843091, -22.43936195], [-47.77847041, -22.43940906], [-47.7785613, -22.43945529], [-47.77858866, -22.43953845], [-47.77863036, -22.43969604], [-47.77863251, -22.43980354], [-47.77864821, -22.43994664], [-47.77863703, -22.44003047], [-47.77861276, -22.44010258], [-47.77858944, -22.44022246], [-47.77853924, -22.44028306], [-47.77847738, -22.44040361], [-47.77840267, -22.44052438], [-47.77837816, -22.44058454], [-47.7783665, -22.44064448], [-47.77834152, -22.44068075], [-47.77822707, -22.44074246], [-47.77824087, -22.44079002], [-47.77824254, -22.44087363], [-47.77823207, -22.44099329], [-47.77822041, -22.44105323], [-47.77820804, -22.44107734], [-47.77815879, -22.44118572], [-47.77813357, -22.44121005], [-47.77809621, -22.44127043], [-47.77802007, -22.44131953], [-47.77798224, -22.44135603], [-47.77794441, -22.44139252], [-47.77794536, -22.4414403], [-47.77794584, -22.44146419], [-47.77793394, -22.44151218], [-47.77792252, -22.44158407], [-47.77794941, -22.44164335], [-47.77797558, -22.44166679], [-47.77805672, -22.44186851], [-47.77809645, -22.44192757], [-47.77812429, -22.44203462], [-47.77816911, -22.44215229], [-47.77817854, -22.44217706], [-47.77821876, -22.44226], [-47.77831131, -22.44238984], [-47.77840387, -22.44251967], [-47.77844409, -22.44260261], [-47.77852237, -22.44266101], [-47.77854902, -22.44270834], [-47.77853807, -22.44280411], [-47.7785514, -22.44282778], [-47.77860422, -22.44289856], [-47.77861874, -22.44298194], [-47.77864539, -22.44302928], [-47.77865943, -22.44308877], [-47.77868655, -22.44315999], [-47.77872676, -22.44324294], [-47.77874104, -22.44331438], [-47.77875508, -22.44337388], [-47.77876888, -22.44342143], [-47.77880862, -22.44348049], [-47.77883551, -22.44353976], [-47.77892711, -22.44362182], [-47.7789916, -22.44363266], [-47.77918409, -22.4436174], [-47.7792864, -22.44359174], [-47.77932423, -22.44355524], [-47.77941394, -22.44354175], [-47.77942403, -22.44353323], [-47.77951506, -22.44345637], [-47.77953909, -22.44337232], [-47.7796533, -22.44329866], [-47.7798446, -22.44322368], [-47.77995976, -22.4431978], [-47.78008587, -22.44307615], [-47.78020079, -22.44303832], [-47.78035402, -22.44298789], [-47.78054604, -22.44294874], [-47.78062265, -22.44292352], [-47.78075019, -22.44287353], [-47.7808525, -22.44284787], [-47.78095576, -22.44286998], [-47.7810852, -22.44291555], [-47.78116063, -22.44283061], [-47.78126318, -22.44281689], [-47.78134027, -22.44281556], [-47.781469, -22.44282529], [-47.7815468, -22.4428598], [-47.78162437, -22.44288235], [-47.78170194, -22.44290491], [-47.78181853, -22.44295069], [-47.78192227, -22.4429967], [-47.78205124, -22.44301837], [-47.78212857, -22.44302898], [-47.78212881, -22.44304093], [-47.7822197, -22.44308715], [-47.78231083, -22.44314532], [-47.78240125, -22.44316766], [-47.78251856, -22.44324927], [-47.78264657, -22.44322316], [-47.78270795, -22.44307873], [-47.78281098, -22.4430889], [-47.78297777, -22.44307408], [-47.78305343, -22.44300108], [-47.78308792, -22.44279737], [-47.78312361, -22.44265338], [-47.78322544, -22.44260383], [-47.78329102, -22.44256414], [-47.78332704, -22.44254234], [-47.78350477, -22.44243174], [-47.7836442, -22.44233375], [-47.78384691, -22.44218688], [-47.78408865, -22.44206323], [-47.78424021, -22.44192918], [-47.78441794, -22.44181858], [-47.78450669, -22.44175731], [-47.78462113, -22.4416956], [-47.78477412, -22.44163322], [-47.78497827, -22.44155801], [-47.78514694, -22.44153413], [-47.78517052, -22.44153079], [-47.78528639, -22.44154074], [-47.78544272, -22.44164557], [-47.78557311, -22.4417389], [-47.78567805, -22.44184462], [-47.78570709, -22.44201139], [-47.78576159, -22.44216578], [-47.78582822, -22.4422841], [-47.78585558, -22.44236727], [-47.78598383, -22.4423531], [-47.78610042, -22.44239888], [-47.78619179, -22.44246899], [-47.78629625, -22.44255082], [-47.78634908, -22.4426216], [-47.78646907, -22.44283758], [-47.7865614, -22.44295546], [-47.78666729, -22.44310896], [-47.78674677, -22.44322706], [-47.78678771, -22.44334583], [-47.78681531, -22.44344094], [-47.78680461, -22.44354866], [-47.78685696, -22.44359554], [-47.78688553, -22.44373843], [-47.78691409, -22.44388131], [-47.78694289, -22.44403613], [-47.78698454, -22.44419074], [-47.78705141, -22.44432101], [-47.78705981, -22.44433593], [-47.7871447, -22.44448667], [-47.78721181, -22.44462888], [-47.78729176, -22.44477088], [-47.78741003, -22.44490026], [-47.78757802, -22.44494515], [-47.78779788, -22.44501304], [-47.78791472, -22.44507076], [-47.78796802, -22.44516542], [-47.78820193, -22.4452928], [-47.78842036, -22.44528903], [-47.78867686, -22.4452607], [-47.78884341, -22.44523392], [-47.78901021, -22.44521909], [-47.78931714, -22.4451421], [-47.78953533, -22.44512638], [-47.78959886, -22.44508943], [-47.789675, -22.44504033], [-47.7897754, -22.44491911], [-47.78985082, -22.44483417], [-47.78990149, -22.44479745], [-47.78997691, -22.44471251], [-47.7901042, -22.44465057], [-47.79019223, -22.44455346], [-47.790244, -22.44450851], [-47.79031857, -22.44444375], [-47.79040683, -22.44435858], [-47.79046869, -22.44423804], [-47.79049367, -22.44420176], [-47.79059454, -22.44410443], [-47.79074705, -22.44401816], [-47.79087458, -22.44396816], [-47.79091265, -22.44394361], [-47.79102781, -22.44391772], [-47.79122006, -22.4438905], [-47.79130952, -22.44386505], [-47.79142397, -22.44380333], [-47.79153817, -22.44372967], [-47.7916143, -22.44368056], [-47.79171566, -22.44360712], [-47.79179179, -22.44355801], [-47.79185603, -22.4435569], [-47.79198476, -22.44356662], [-47.79206233, -22.44358917], [-47.79228028, -22.4435615], [-47.79242089, -22.44352322], [-47.79253605, -22.44349733], [-47.79261243, -22.44346017], [-47.79272735, -22.44342234], [-47.79286796, -22.44338406], [-47.79293125, -22.44333517], [-47.7929824, -22.44332234], [-47.79312134, -22.44320045], [-47.79321056, -22.44316306], [-47.79327361, -22.44310223], [-47.7933369, -22.44305335], [-47.79343921, -22.44302768], [-47.79351558, -22.44299051], [-47.79360432, -22.44292924], [-47.79373233, -22.44290312], [-47.79380894, -22.4428779], [-47.7939241, -22.44285201], [-47.79401428, -22.4428624], [-47.79411611, -22.44281284], [-47.79423127, -22.44278695], [-47.79429503, -22.44276195], [-47.79449917, -22.44268673], [-47.79460148, -22.44266106], [-47.7948186, -22.44259755], [-47.79494589, -22.4425356], [-47.79499728, -22.44253471], [-47.79498755, -22.4426902], [-47.7950166, -22.44285697], [-47.79505826, -22.44301157], [-47.79508635, -22.44313056], [-47.79515418, -22.44330861], [-47.79516943, -22.44342782], [-47.79522274, -22.44352248], [-47.79531388, -22.44358064], [-47.79535482, -22.44369941], [-47.79542026, -22.44375801], [-47.79547333, -22.44384073], [-47.7955647, -22.44391083], [-47.79570724, -22.4439681], [-47.79585121, -22.44409703], [-47.795969, -22.44420252], [-47.7960342, -22.44424918], [-47.79625347, -22.4442872], [-47.79640813, -22.44430842], [-47.79662799, -22.44437629], [-47.79679622, -22.44443311], [-47.79686238, -22.44452755], [-47.79691737, -22.44470581], [-47.79691905, -22.44478942], [-47.79698617, -22.44493163], [-47.79705233, -22.44502607], [-47.79715824, -22.44517955], [-47.7972006, -22.44524742], [-47.79722464, -22.44528593], [-47.7972908, -22.44538037], [-47.79736957, -22.44546264], [-47.79741131, -22.44558194], [-47.79750364, -22.44569982], [-47.79758217, -22.44577015], [-47.79771162, -22.44581569], [-47.79783963, -22.44578958], [-47.79798072, -22.44577518], [-47.7980571, -22.44573801], [-47.79819724, -22.44567584], [-47.79833953, -22.44572117], [-47.79849395, -22.44573044], [-47.79864862, -22.44575165], [-47.79877711, -22.44574942], [-47.79893129, -22.44574674], [-47.79901979, -22.44567352], [-47.79912258, -22.44567174], [-47.79926368, -22.44565734], [-47.79936671, -22.4456675], [-47.79945737, -22.44570177], [-47.7995347, -22.44571238], [-47.79959918, -22.4457232], [-47.79972791, -22.44573292], [-47.79983118, -22.44575502], [-47.79995895, -22.44571696], [-47.80004055, -22.44572312], [-47.80008767, -22.44572667], [-47.80024186, -22.445724], [-47.80035726, -22.44571005], [-47.800446, -22.44564877], [-47.80053498, -22.44559943], [-47.80056068, -22.44559898], [-47.80071462, -22.44558436], [-47.80085596, -22.44558191], [-47.8009202, -22.44558079], [-47.80101062, -22.44560312], [-47.80111389, -22.44562522], [-47.80125355, -22.44553916], [-47.80134349, -22.4455376], [-47.80147149, -22.44551148], [-47.8016252, -22.44548492], [-47.80176677, -22.4454944], [-47.8018686, -22.44544484], [-47.80191879, -22.44538423], [-47.80198232, -22.44534729], [-47.80205701, -22.44522651], [-47.80211124, -22.44513434], [-47.80213122, -22.44508185], [-47.80227135, -22.44501967], [-47.80238579, -22.44495795], [-47.8025252, -22.44485994], [-47.80270292, -22.44474932], [-47.80284234, -22.44465132], [-47.80293107, -22.44459004], [-47.80309715, -22.44453936], [-47.8032763, -22.4445004], [-47.80355873, -22.44448355], [-47.80367485, -22.44450543], [-47.80382927, -22.44451469], [-47.80395656, -22.44445274], [-47.80404361, -22.44430785], [-47.80410545, -22.4441873], [-47.80408384, -22.44439079], [-47.80407364, -22.44452239], [-47.80403701, -22.44461861], [-47.80402705, -22.44476216], [-47.80408301, -22.44498819], [-47.80413824, -22.4451784], [-47.80419156, -22.44527305], [-47.80420561, -22.44533255], [-47.80429723, -22.44541459], [-47.80436316, -22.44549708], [-47.8043915, -22.44562801], [-47.8044196, -22.445747], [-47.80444746, -22.44585405], [-47.80448889, -22.4459967], [-47.80447724, -22.44605664], [-47.80451699, -22.44611569], [-47.80453176, -22.44621101], [-47.80462314, -22.44628111], [-47.80463792, -22.44637644], [-47.80467814, -22.44645937], [-47.80469244, -22.44653081], [-47.80470697, -22.44661419], [-47.80473387, -22.44667346], [-47.80473555, -22.44675707], [-47.80474984, -22.44682851], [-47.80484218, -22.44694638], [-47.80493549, -22.44711203], [-47.80498857, -22.44719474], [-47.8050671, -22.44726506], [-47.80513279, -22.4473356], [-47.80524963, -22.44739331], [-47.80536599, -22.44742713], [-47.80544356, -22.44744968], [-47.80552234, -22.44753194], [-47.8055747, -22.44757882], [-47.80578016, -22.44756927], [-47.80590961, -22.44761481], [-47.80597554, -22.4476973], [-47.80614618, -22.44787355], [-47.8062904, -22.44801441], [-47.80647437, -22.44821432], [-47.80664502, -22.44839057], [-47.8067633, -22.44851994], [-47.80692086, -22.44868447], [-47.80697418, -22.44877912], [-47.80700252, -22.44891005], [-47.80709367, -22.44896821], [-47.80717244, -22.44905047], [-47.80725218, -22.44918051], [-47.80733216, -22.44932249], [-47.80737456, -22.44951291], [-47.80742981, -22.44970312], [-47.80748851, -22.44983742], [-47.80749718, -22.44985727], [-47.80757764, -22.45002313], [-47.80761956, -22.45018967], [-47.80770026, -22.45036748], [-47.8077674, -22.45050969], [-47.80787404, -22.450699], [-47.80792784, -22.45081754], [-47.80804541, -22.45091107], [-47.80813764, -22.45102297], [-47.8083209, -22.45118705], [-47.80843846, -22.45128058], [-47.80849155, -22.45136329], [-47.80857033, -22.45144556], [-47.80862389, -22.45155215], [-47.80872837, -22.45163397], [-47.80882096, -22.45176378], [-47.8088738, -22.45183455], [-47.80893997, -22.45192898], [-47.80899306, -22.45201169], [-47.80898261, -22.45213135], [-47.80893363, -22.45225168], [-47.80893411, -22.45227556], [-47.80896294, -22.45243038], [-47.80897795, -22.45253765], [-47.80908339, -22.45266724], [-47.80913672, -22.45276189], [-47.80920265, -22.45284438], [-47.80926834, -22.45291492], [-47.80939828, -22.45298434], [-47.80957889, -22.45301704], [-47.80977259, -22.45306146], [-47.80999175, -22.45309348], [-47.81012049, -22.45310319], [-47.81023589, -22.45308923], [-47.81044268, -22.45314536], [-47.81061093, -22.45320217], [-47.81072802, -22.45327181], [-47.81084583, -22.45337729], [-47.8109634, -22.45347082], [-47.81111952, -22.45356368], [-47.81132679, -22.4536437], [-47.811496, -22.45374828], [-47.81162594, -22.45381771], [-47.81175612, -22.45389907], [-47.81183515, -22.45399327], [-47.81200364, -22.45406202], [-47.81214498, -22.45405956], [-47.81227299, -22.45403343], [-47.81246428, -22.45395841], [-47.81252732, -22.45389757], [-47.81257848, -22.45388473], [-47.81272031, -22.45390615], [-47.8128231, -22.45390436], [-47.81291256, -22.4538789], [-47.81300034, -22.45376984], [-47.81312642, -22.45364816], [-47.81322704, -22.45353888], [-47.81328984, -22.4534661], [-47.81333907, -22.45335771], [-47.8133883, -22.45324932], [-47.81346153, -22.45305688], [-47.81351076, -22.45294849], [-47.81354762, -22.45286421], [-47.81363467, -22.45271932], [-47.81365844, -22.45262333], [-47.81375785, -22.45245432], [-47.81385968, -22.45240475], [-47.81402479, -22.45230629], [-47.81409996, -22.4522094], [-47.81422628, -22.45209966], [-47.81434047, -22.45202599], [-47.81442704, -22.45185721], [-47.81446269, -22.45171321], [-47.81448694, -22.4516411], [-47.81450999, -22.45150927], [-47.81452066, -22.45140156], [-47.8145311, -22.4512819], [-47.81452941, -22.45119829], [-47.81451415, -22.45107908], [-47.81450082, -22.45105542], [-47.81447247, -22.45092449], [-47.81443054, -22.45075795], [-47.81440243, -22.45063897], [-47.81434887, -22.45053237], [-47.814321, -22.45042533], [-47.8143067, -22.45035389], [-47.81429144, -22.45023468], [-47.81433994, -22.45009046], [-47.81443984, -22.44994535], [-47.81450264, -22.44987256], [-47.81455234, -22.44978806], [-47.81462751, -22.44969117], [-47.81470339, -22.44963011], [-47.81476595, -22.44954538], [-47.81482899, -22.44948454], [-47.81490439, -22.44939959], [-47.81495434, -22.44932703], [-47.81500477, -22.44927836], [-47.81504187, -22.44920603], [-47.81510491, -22.44914519], [-47.81523195, -22.44907129], [-47.81532044, -22.44899806], [-47.8153716, -22.44898521], [-47.81549948, -22.44895311], [-47.81560275, -22.44897521], [-47.81569342, -22.44900947], [-47.81574506, -22.44902051], [-47.81591209, -22.4490176], [-47.81602821, -22.44903946], [-47.81620858, -22.44906021], [-47.816299, -22.44908253], [-47.81636446, -22.44914112], [-47.81645705, -22.44927093], [-47.81645512, -22.44917538], [-47.81640083, -22.44903296], [-47.81637368, -22.44896175], [-47.81638484, -22.44887792], [-47.81640813, -22.44875803], [-47.8164702, -22.44864942], [-47.81650754, -22.44858903], [-47.81655676, -22.44848064], [-47.81659386, -22.44840831], [-47.81652768, -22.44831388], [-47.81649957, -22.44819489], [-47.81644625, -22.44810024], [-47.81641814, -22.44798126], [-47.81639099, -22.44791004], [-47.81635075, -22.44782711], [-47.81632313, -22.44773201], [-47.81630907, -22.44767252], [-47.8162812, -22.44756548], [-47.81633091, -22.44748098], [-47.81635636, -22.44746858], [-47.81636776, -22.4473967], [-47.81636559, -22.44728921], [-47.81636414, -22.44721755], [-47.81636197, -22.44711005], [-47.81635956, -22.44699062], [-47.8163712, -22.44693068], [-47.81638163, -22.44681102], [-47.81641897, -22.44675063], [-47.81650843, -22.44672517], [-47.81661098, -22.44671143], [-47.81670019, -22.44667403], [-47.81676371, -22.44663708], [-47.8168396, -22.44657601], [-47.81688954, -22.44650346], [-47.81700422, -22.44645366], [-47.81711889, -22.44640387], [-47.81717004, -22.44639103], [-47.8172595, -22.44636557], [-47.81740035, -22.44633921], [-47.81750314, -22.44633742], [-47.81759308, -22.44633585], [-47.81767017, -22.4463345], [-47.8177732, -22.44634465], [-47.81760417, -22.44624903], [-47.81756515, -22.44622582], [-47.81752491, -22.44614289], [-47.81747159, -22.44604824], [-47.8173162, -22.44599121], [-47.81714844, -22.4459583], [-47.81699233, -22.44586544], [-47.81691379, -22.44579513], [-47.81684689, -22.44566487], [-47.81684665, -22.44565293], [-47.81687114, -22.44559276], [-47.81690799, -22.44550849], [-47.81693128, -22.4453886], [-47.81693055, -22.44535277], [-47.81694075, -22.44522117], [-47.81695263, -22.44517317], [-47.81696331, -22.44506545], [-47.81694853, -22.44497013], [-47.81694756, -22.44492236], [-47.81694635, -22.44486264], [-47.8169706, -22.44479053], [-47.81699437, -22.44469453], [-47.81704359, -22.44458614], [-47.81705499, -22.44451426], [-47.81710493, -22.4444417], [-47.81711609, -22.44435787], [-47.81711465, -22.44428621], [-47.81707393, -22.44417939], [-47.8170463, -22.44408429], [-47.81700462, -22.4439297], [-47.81693772, -22.44379944], [-47.81692198, -22.44365635], [-47.81686865, -22.4435617], [-47.81682721, -22.44341905], [-47.816826, -22.44335933], [-47.81696516, -22.44324937], [-47.81706602, -22.44315203], [-47.81706578, -22.44314008], [-47.81715403, -22.44305491], [-47.81724276, -22.44299362], [-47.81733149, -22.44293233], [-47.81743307, -22.44287082], [-47.81752131, -22.44278564], [-47.81759744, -22.44273652], [-47.81767356, -22.4426874], [-47.81771138, -22.4426509], [-47.81772375, -22.44262679], [-47.81780011, -22.44258961], [-47.81788933, -22.44255221], [-47.81801708, -22.44251413], [-47.81813223, -22.44248823], [-47.8181446, -22.44246412], [-47.81829703, -22.44237483], [-47.81837267, -22.44230183], [-47.81844831, -22.44222882], [-47.81852419, -22.44216775], [-47.81858795, -22.44214274], [-47.81873995, -22.44203256], [-47.81875111, -22.44194873], [-47.81871088, -22.4418658], [-47.8186704, -22.44177092], [-47.81864253, -22.44166388], [-47.81861611, -22.4416285], [-47.81852448, -22.44154647], [-47.8184217, -22.44154826], [-47.81831819, -22.44151423], [-47.81824062, -22.44149169], [-47.81817613, -22.44148087], [-47.81818584, -22.44132538], [-47.81818464, -22.44126566], [-47.81815749, -22.44119445], [-47.81811774, -22.4411354], [-47.81809156, -22.44111197], [-47.81807702, -22.44102859], [-47.81804988, -22.44095737], [-47.81803582, -22.44089788], [-47.81797013, -22.44082734], [-47.81794251, -22.44073224], [-47.81793274, -22.44071073], [-47.8179156, -22.44067297], [-47.81786228, -22.44057832], [-47.81783489, -22.44049517], [-47.81780775, -22.44042396], [-47.81781843, -22.44031624], [-47.81786439, -22.44004661], [-47.81788622, -22.43985507], [-47.81790854, -22.43968741], [-47.81794467, -22.4395673], [-47.81798007, -22.43941136], [-47.81801572, -22.43926737], [-47.81802567, -22.43912382], [-47.81798495, -22.439017], [-47.81791758, -22.43886286], [-47.81788995, -22.43876776], [-47.81788778, -22.43866027], [-47.81783373, -22.43852979], [-47.81778041, -22.43843514], [-47.81771351, -22.43830488], [-47.81767352, -22.43823389], [-47.81764662, -22.43817462], [-47.81760566, -22.43805586], [-47.81753925, -22.43794949], [-47.81749854, -22.43784267], [-47.81744473, -22.43772414], [-47.81735263, -22.43761822], [-47.81716938, -22.43745415], [-47.81703921, -22.43737279], [-47.81701231, -22.43731352], [-47.81703583, -22.43720558], [-47.81708554, -22.43712108], [-47.81710834, -22.4369773], [-47.8171064, -22.43688176], [-47.8171549, -22.43673754], [-47.81719127, -22.43662937], [-47.81724073, -22.43653293], [-47.81730232, -22.43640043], [-47.81738959, -22.43626748], [-47.81745239, -22.4361947], [-47.81751421, -22.43607414], [-47.8176153, -22.43598874], [-47.81774209, -22.43590289], [-47.81786936, -22.43584093], [-47.8179845, -22.43581502], [-47.81806111, -22.43578979], [-47.8182011, -22.43572163], [-47.81835455, -22.43568311], [-47.81846945, -22.43564526], [-47.81853248, -22.43558442], [-47.81863478, -22.43555874], [-47.81874993, -22.43553283], [-47.81886435, -22.43547109], [-47.81897877, -22.43540936], [-47.81905537, -22.43538412], [-47.81911864, -22.43533523], [-47.81914216, -22.43522729], [-47.81914072, -22.43515563], [-47.81915115, -22.43503597], [-47.81909734, -22.43491743], [-47.8190828, -22.43483405], [-47.81904184, -22.43471529], [-47.81903895, -22.43457197], [-47.81906271, -22.43447597], [-47.8191112, -22.43433175], [-47.81912212, -22.43423598], [-47.81914467, -22.43408026], [-47.81914347, -22.43402055], [-47.81910203, -22.4338779], [-47.819127, -22.43384162], [-47.81915124, -22.43376951], [-47.81918834, -22.43369717], [-47.81918447, -22.43350608], [-47.8191697, -22.43341075], [-47.81912826, -22.43326811], [-47.81912633, -22.43317256], [-47.81912512, -22.43311284], [-47.81914888, -22.43301684], [-47.81917132, -22.43285516], [-47.81920744, -22.43273505], [-47.81927047, -22.43267421], [-47.81932017, -22.43258971], [-47.81943338, -22.43246825], [-47.81950878, -22.4323833], [-47.81962295, -22.43230962], [-47.81978828, -22.4322231], [-47.81999263, -22.43215979], [-47.82014559, -22.43209738], [-47.82031139, -22.43203474], [-47.8203892, -22.43206922], [-47.82049077, -22.43200771], [-47.82059306, -22.43198203], [-47.82077099, -22.43188334], [-47.82089922, -22.43186915], [-47.82100152, -22.43184346], [-47.82116636, -22.43173305], [-47.82126889, -22.43171931], [-47.82144851, -22.43170422], [-47.82165431, -22.43171257], [-47.82182205, -22.43174548], [-47.82195076, -22.43175518], [-47.82227339, -22.43182122], [-47.82255603, -22.43181628], [-47.82276158, -22.43181269], [-47.82290193, -22.43176244], [-47.82302022, -22.4318918], [-47.82306142, -22.4320225], [-47.82307765, -22.43218948], [-47.82314479, -22.43233168], [-47.82328901, -22.43247253], [-47.82344874, -22.43274453], [-47.82360774, -22.4329807], [-47.82367415, -22.43308707], [-47.82388237, -22.43321485], [-47.82400041, -22.43333226], [-47.82410537, -22.43343796], [-47.8242748, -22.43355447], [-47.82440545, -22.43365971], [-47.82456204, -22.43377645], [-47.8246796, -22.43386997], [-47.8248117, -22.43404687], [-47.82478746, -22.43411898], [-47.82471328, -22.43426365], [-47.82470261, -22.43437137], [-47.82470648, -22.43456246], [-47.82474744, -22.43468122], [-47.82474961, -22.43478871], [-47.82477134, -22.43486783], [-47.82480512, -22.43499085], [-47.82486038, -22.43518105], [-47.82494206, -22.43540662], [-47.82503635, -22.43562003], [-47.82516918, -22.43583276], [-47.82524917, -22.43597473], [-47.8252911, -22.43614127], [-47.825318, -22.43620054], [-47.82539409, -22.43648181], [-47.82544935, -22.43667201], [-47.8255034, -22.43680249], [-47.82556982, -22.43690885], [-47.82561223, -22.43709927], [-47.82564083, -22.43724214], [-47.8256561, -22.43736135], [-47.82569949, -22.43759954], [-47.82576614, -22.43771785], [-47.82583522, -22.4379556], [-47.82591449, -22.43806174], [-47.82596806, -22.43816833], [-47.82620174, -22.43828371], [-47.82642184, -22.43836349], [-47.82661456, -22.43836011], [-47.82673116, -22.43840586], [-47.82688678, -22.43847482], [-47.82699175, -22.43858051], [-47.82707125, -22.43869859], [-47.82715076, -22.43881668], [-47.82727027, -22.43900575], [-47.82742662, -22.43911053], [-47.82751922, -22.43924034], [-47.82771508, -22.43939222], [-47.82776793, -22.43946298], [-47.82787071, -22.43946118], [-47.82794925, -22.43953149], [-47.82807967, -22.43962478], [-47.82815772, -22.43967121], [-47.82833977, -22.43977554], [-47.82843189, -22.43988146], [-47.82853734, -22.44001103], [-47.82879527, -22.4400543], [-47.82898823, -22.44006287], [-47.82919355, -22.44004732], [-47.82934724, -22.44002073], [-47.82943717, -22.44001915], [-47.8296168, -22.44000405], [-47.82986115, -22.44001171], [-47.83006744, -22.44004394], [-47.83033773, -22.44006309], [-47.83062087, -22.44008202], [-47.83072365, -22.44008022], [-47.83086498, -22.44007774], [-47.83103152, -22.44005092], [-47.83122399, -22.44003559], [-47.8313132, -22.43999819], [-47.83138932, -22.43994906], [-47.83142713, -22.43991255], [-47.83157985, -22.43983819], [-47.83168191, -22.43980055], [-47.8317699, -22.43970343], [-47.83183171, -22.43958287], [-47.83197061, -22.43946095], [-47.83203291, -22.43936428], [-47.83210806, -22.43926738], [-47.83222199, -22.43918174], [-47.83229713, -22.43908484], [-47.83238464, -22.43896383], [-47.83240791, -22.43884395], [-47.83243094, -22.43871212], [-47.83245445, -22.43860418], [-47.83249105, -22.43850796], [-47.83253977, -22.43837568], [-47.83253783, -22.43828013], [-47.83274339, -22.43827652], [-47.83293708, -22.43832091], [-47.83305271, -22.43831888], [-47.83325827, -22.43831527], [-47.8334122, -22.43830062], [-47.83353801, -22.43816699], [-47.83359957, -22.43803448], [-47.83366187, -22.43793781], [-47.83371205, -22.43787719], [-47.8337741, -22.43776857], [-47.83379591, -22.43757702], [-47.83381772, -22.43738548], [-47.8338536, -22.43725343], [-47.83382426, -22.43707473], [-47.83382097, -22.43706609], [-47.83378353, -22.43696791], [-47.83394934, -22.43690526], [-47.83405115, -22.43685569], [-47.83410084, -22.43677118], [-47.83413792, -22.43669884], [-47.83420095, -22.436638], [-47.83426397, -22.43657715], [-47.83442953, -22.43650256], [-47.83450637, -22.43648926], [-47.83471072, -22.43642593], [-47.83481326, -22.43641218], [-47.8350176, -22.43634886], [-47.83506681, -22.43624046], [-47.8350782, -22.43616858], [-47.83497032, -22.43591957], [-47.83518787, -22.43587393], [-47.83535416, -22.43583517], [-47.83548191, -22.43579708], [-47.83567413, -22.43576981], [-47.83582781, -22.43574321], [-47.83595483, -22.4356693], [-47.8360816, -22.43558343], [-47.83622244, -22.43555706], [-47.83643987, -22.43550545], [-47.83660543, -22.43543086], [-47.83675911, -22.43540426], [-47.83689898, -22.43533011], [-47.8370512, -22.43523186], [-47.83715058, -22.43506284], [-47.83721141, -22.43489451], [-47.83728607, -22.43477372], [-47.83735405, -22.43460663], [-47.8373595, -22.43459322], [-47.83748433, -22.43441181], [-47.83751947, -22.43424392], [-47.83755485, -22.43408798], [-47.83761617, -22.43394353], [-47.83766611, -22.43387097], [-47.83771604, -22.43379841], [-47.83781808, -22.43376077], [-47.83804763, -22.4336731], [-47.83820204, -22.43368233], [-47.83835548, -22.43364379], [-47.8385477, -22.43361651], [-47.838586, -22.43360389], [-47.83864659, -22.43342361], [-47.83869652, -22.43335105], [-47.83888679, -22.43322823], [-47.83896217, -22.43314327], [-47.83907561, -22.43303374], [-47.83926613, -22.43292286], [-47.83939241, -22.43281311], [-47.83949324, -22.43271576], [-47.83954317, -22.43264319], [-47.83964473, -22.43258167], [-47.8398224, -22.43247101], [-47.83996323, -22.43244464], [-47.84034718, -22.4323662], [-47.84024222, -22.43226052], [-47.84012514, -22.43219089], [-47.8400066, -22.43204961], [-47.83999132, -22.4319304], [-47.83991205, -22.43182427], [-47.83991083, -22.43176455], [-47.83986986, -22.4316458], [-47.83981677, -22.4315631], [-47.83980173, -22.43145584], [-47.83980052, -22.43139612], [-47.83978645, -22.43133663], [-47.83973263, -22.4312181], [-47.83971857, -22.43115861], [-47.83968996, -22.43101574], [-47.83968899, -22.43096797], [-47.83968753, -22.43089631], [-47.83972485, -22.43083592], [-47.83972315, -22.43075231], [-47.83972193, -22.4306926], [-47.83968169, -22.43060967], [-47.83965503, -22.43056235], [-47.83964048, -22.43047897], [-47.83974046, -22.43033982], [-47.8398025, -22.4302312], [-47.83977413, -22.43010027], [-47.83978479, -22.42999256], [-47.83978212, -22.42986118], [-47.83980514, -22.42972935], [-47.83980392, -22.42966964], [-47.83984003, -22.42954953], [-47.83983857, -22.42947787], [-47.83986256, -22.42939381], [-47.83987298, -22.42927415], [-47.83993988, -22.4294044], [-47.84004485, -22.42951008], [-47.8401503, -22.42963965], [-47.84022409, -22.4296639], [-47.8402538, -22.42967367], [-47.84027974, -22.42968516], [-47.84037258, -22.4298269], [-47.84047803, -22.42995646], [-47.84056966, -22.43003848], [-47.84066154, -22.43013245], [-47.84076528, -22.43017841], [-47.84094636, -22.43023496], [-47.84108889, -22.43029219], [-47.84121833, -22.4303377], [-47.84143867, -22.4304294], [-47.84143697, -22.4303458], [-47.84143575, -22.43028608], [-47.84142144, -22.43021465], [-47.84144592, -22.43015448], [-47.84152179, -22.43009341], [-47.84163619, -22.43003166], [-47.84171303, -22.43001835], [-47.84189288, -22.43001519], [-47.84198281, -22.4300136], [-47.84213624, -22.42997506], [-47.84211006, -22.42995163], [-47.84208388, -22.42992819], [-47.84206957, -22.42985676], [-47.84206836, -22.42979704], [-47.84208047, -22.42976099], [-47.84211804, -22.42971253], [-47.84215585, -22.42967603], [-47.84223269, -22.42966272], [-47.84227001, -22.42960233], [-47.84229473, -22.4295541], [-47.84230636, -22.42949416], [-47.8422923, -22.42943467], [-47.84224043, -22.42941169], [-47.84214928, -22.42935356], [-47.84210952, -22.42929452], [-47.842174, -22.42930533], [-47.84231629, -22.42935062], [-47.84236914, -22.42942137], [-47.8424341, -22.42945607], [-47.84246077, -22.42950339], [-47.8425776, -22.42956107], [-47.84262972, -22.42959599], [-47.84273371, -22.4296539], [-47.84279819, -22.42966471], [-47.84287673, -22.42973501], [-47.8429286, -22.429758], [-47.84300641, -22.42979247], [-47.84312252, -22.42981432], [-47.84321294, -22.42983662], [-47.84329075, -22.42987109], [-47.84340637, -22.42986905], [-47.84353508, -22.42987873], [-47.843689, -22.42986407], [-47.84380462, -22.42986204], [-47.84400968, -22.42983453], [-47.84426637, -22.42981806], [-47.84454851, -22.42978919], [-47.84470292, -22.42979842], [-47.84484399, -22.42978398], [-47.84498457, -22.42974566], [-47.84510019, -22.42974362], [-47.84528004, -22.42974045], [-47.84542112, -22.42972602], [-47.84552365, -22.42971226], [-47.8457161, -22.42969692], [-47.84580603, -22.42969534], [-47.84588311, -22.42969398], [-47.84602467, -22.42970343], [-47.84612793, -22.4297255], [-47.84634705, -22.42975748], [-47.84650048, -22.42971893], [-47.84669294, -22.42970359], [-47.84679498, -22.42966595], [-47.84690963, -22.42961614], [-47.84703688, -22.42955415], [-47.84713916, -22.42952845], [-47.84721551, -22.42949126], [-47.84726592, -22.42944258], [-47.84732942, -22.42940562], [-47.84744309, -22.42930804], [-47.84755725, -22.42923434], [-47.84760791, -22.4291976], [-47.84770946, -22.42913607], [-47.84782459, -22.42911015], [-47.84792737, -22.42910833], [-47.84806819, -22.42908195], [-47.84828594, -22.42905042], [-47.84835009, -22.42904113], [-47.84876045, -22.42899805], [-47.84891485, -22.42900727], [-47.84913373, -22.4290273], [-47.84919869, -22.429062], [-47.84936594, -22.42907099], [-47.84953197, -22.42902027], [-47.84976321, -22.42901619], [-47.84993022, -22.42901324], [-47.85008438, -22.42901052], [-47.85028968, -22.42899494], [-47.85039172, -22.4289573], [-47.85055629, -22.42883492], [-47.85065955, -22.42885699], [-47.85080184, -22.42890227], [-47.8509812, -22.4288752], [-47.85112251, -22.42887271], [-47.85132684, -22.42880936], [-47.85145384, -22.42873543], [-47.85150425, -22.42868675], [-47.85157937, -22.42858984], [-47.8516545, -22.42849294], [-47.8517689, -22.42843118], [-47.85183264, -22.42840616], [-47.8518833, -22.42836942], [-47.85197151, -22.42828423], [-47.85211111, -22.42819813], [-47.85225169, -22.4281598], [-47.85235349, -22.42811021], [-47.85246764, -22.42803651], [-47.85254399, -22.42799932], [-47.8530299, -22.42788022], [-47.85316999, -22.427818], [-47.8533113, -22.4278155], [-47.85345065, -22.42771746], [-47.85354058, -22.42771587], [-47.85364115, -22.42760657], [-47.85362537, -22.42746348], [-47.85375286, -22.42741343], [-47.85381611, -22.42736452], [-47.85389246, -22.42732733], [-47.85398141, -22.42727797], [-47.85404393, -22.42719323], [-47.85423638, -22.42717788], [-47.85441647, -22.42718664], [-47.85449331, -22.42717334], [-47.85460868, -22.42715935], [-47.85464575, -22.42708701], [-47.85468136, -22.42694301], [-47.85470437, -22.42681118], [-47.85472884, -22.42675101], [-47.85476518, -22.42664284], [-47.8548277, -22.4265581], [-47.85492949, -22.42650851], [-47.85506958, -22.4264463], [-47.85512047, -22.4264215], [-47.85519633, -22.42636042], [-47.8552082, -22.42631242], [-47.85520618, -22.42621388], [-47.85520575, -22.42619299], [-47.85522974, -22.42610894], [-47.85526632, -22.42601271], [-47.85526485, -22.42594105], [-47.85523745, -22.4258579], [-47.8551972, -22.42577498], [-47.85518313, -22.42571549], [-47.85527024, -22.42557656], [-47.85528016, -22.42543301], [-47.85527771, -22.42531358], [-47.85524786, -22.425111], [-47.85525998, -22.42507495], [-47.85526989, -22.4249314], [-47.85526671, -22.42477614], [-47.85527712, -22.42465648], [-47.85532679, -22.42457197], [-47.85533768, -22.4244762], [-47.85538711, -22.42437974], [-47.8553728, -22.42430831], [-47.85526758, -22.4241907], [-47.85526636, -22.42413098], [-47.85526538, -22.42408321], [-47.85526343, -22.42398767], [-47.85527505, -22.42392772], [-47.85527359, -22.42385606], [-47.85531041, -22.42377178], [-47.85534822, -22.42373527], [-47.85535911, -22.4236395], [-47.85542187, -22.4235667], [-47.85554028, -22.42346345], [-47.85554813, -22.42345694], [-47.85565017, -22.42341929], [-47.85586855, -22.42341543], [-47.85606026, -22.42336425], [-47.85617539, -22.42333832], [-47.85623791, -22.42325358], [-47.85627522, -22.42319318], [-47.85631278, -22.42314473], [-47.85636319, -22.42309605], [-47.85643855, -22.42301108], [-47.85650278, -22.42300994], [-47.85660555, -22.42300813], [-47.85670881, -22.42303019], [-47.85682442, -22.42302815], [-47.8568889, -22.42303895], [-47.85695313, -22.42303782], [-47.8570176, -22.42304862], [-47.85712037, -22.4230468], [-47.85721054, -22.42305716], [-47.85727477, -22.42305602], [-47.85737753, -22.4230542], [-47.85740323, -22.42305374], [-47.85752924, -22.42293204], [-47.85759298, -22.42290702], [-47.85764363, -22.42287028], [-47.85769428, -22.42283354], [-47.85783436, -22.42277132], [-47.8578855, -22.42275847], [-47.85792306, -22.42271001], [-47.85794704, -22.42262596], [-47.85798387, -22.42254167], [-47.85838943, -22.42226568], [-47.85861845, -22.42215409], [-47.85870838, -22.4221525], [-47.85892627, -22.42212475], [-47.85904115, -22.42208687], [-47.8592435, -22.42192797], [-47.85947215, -22.42179847], [-47.85961174, -22.42171237], [-47.85967377, -22.42160374], [-47.85977433, -22.42149443], [-47.86001449, -22.42129902], [-47.86023042, -22.42117572], [-47.86037894, -22.4208983], [-47.86065591, -22.4206186], [-47.86071843, -22.42053386], [-47.86093166, -22.42027919], [-47.86100506, -22.42009867], [-47.86111774, -22.41995331], [-47.86121707, -22.41978428], [-47.86141771, -22.41954178], [-47.86195387, -22.41999524], [-47.8621364, -22.42012342], [-47.862477, -22.42043997], [-47.86263605, -22.42067609], [-47.86279461, -22.42088834], [-47.86284746, -22.42095908], [-47.86324018, -22.42131054], [-47.86341159, -22.42152255], [-47.86354568, -22.42179496], [-47.86363953, -22.42198446], [-47.86387026, -22.42195647], [-47.86401132, -22.42194202], [-47.86439669, -22.42193518], [-47.86473142, -22.42196509], [-47.86532337, -22.42200536], [-47.86564329, -22.42193994], [-47.86578214, -22.421818], [-47.86611637, -22.42182402], [-47.86650395, -22.42192466], [-47.86665982, -22.42200552], [-47.86678951, -22.42206296], [-47.86687026, -22.42224073], [-47.86687943, -22.42227948], [-47.86692655, -22.42247868], [-47.86709919, -22.42275041], [-47.86730644, -22.42283036], [-47.86752728, -22.42294591], [-47.86765794, -22.42305111], [-47.86784269, -22.42328678], [-47.86786932, -22.42335212], [-47.86791036, -22.42345284], [-47.86805486, -22.42360559], [-47.86816008, -22.42372319], [-47.86830482, -22.42388788], [-47.86835891, -22.42401834], [-47.86847796, -22.42418349], [-47.86856911, -22.42424161], [-47.86880107, -22.42427333], [-47.86894262, -22.42428276], [-47.86899327, -22.42424602], [-47.86913335, -22.42418379], [-47.86927367, -22.42413351], [-47.8693883, -22.42408368], [-47.86942635, -22.42405911], [-47.86952862, -22.42403339], [-47.8696057, -22.42403202], [-47.86965782, -22.42406694], [-47.86974823, -22.42408923], [-47.86986262, -22.42402746], [-47.86993896, -22.42399026], [-47.87004123, -22.42396454], [-47.87014375, -22.42395077], [-47.87022083, -22.4239494], [-47.8702984, -22.42397192], [-47.87040018, -22.42392232], [-47.87056644, -22.42388352], [-47.87063067, -22.42388238], [-47.87073393, -22.42390444], [-47.8707858, -22.42392741], [-47.87087572, -22.42392581], [-47.87096565, -22.42392421], [-47.87122312, -22.42394651], [-47.8713911, -22.42399131], [-47.87146989, -22.42407354], [-47.87157438, -22.42415532], [-47.87168999, -22.42415326], [-47.87188317, -22.42417372], [-47.87201237, -22.42420726], [-47.87217961, -22.42421623], [-47.87228238, -22.4242144], [-47.87239849, -22.42423623], [-47.87245036, -22.4242592], [-47.87251582, -22.42431778], [-47.87265836, -22.42437498], [-47.87278681, -22.42437269], [-47.87291601, -22.42440623], [-47.87299382, -22.42444069], [-47.87314798, -22.42443795], [-47.87331399, -22.4243872], [-47.87355683, -22.42432314], [-47.87368185, -22.42415365], [-47.87383501, -22.42410314], [-47.87383231, -22.42397177], [-47.87385505, -22.42382799], [-47.87387803, -22.42369616], [-47.87382394, -22.42356571], [-47.87367993, -22.42343685], [-47.87360163, -22.42337851], [-47.87381779, -22.42326713], [-47.87391098, -22.42317712], [-47.87391859, -22.42316976], [-47.87397938, -22.42300142], [-47.87396407, -22.42288221], [-47.87396186, -22.42277473], [-47.87401127, -22.42267827], [-47.87406143, -22.42261764], [-47.87412467, -22.42256873], [-47.87420027, -22.4224957], [-47.87431367, -22.42238615], [-47.87438951, -22.42232506], [-47.87456714, -22.42221437], [-47.87475859, -22.42215123], [-47.87483493, -22.42211403], [-47.87492288, -22.42201688], [-47.87503751, -22.42196705], [-47.8750758, -22.42195442], [-47.87519116, -22.42194042], [-47.8753085, -22.42202196], [-47.87537396, -22.42208053], [-47.87542558, -22.42209156], [-47.87555503, -22.42213704], [-47.87569411, -22.42202704], [-47.875745, -22.42200224], [-47.87589767, -22.42192784], [-47.87606368, -22.42187709], [-47.87615287, -22.42183966], [-47.87643448, -22.42178685], [-47.8765622, -22.42174873], [-47.87672747, -22.42166216], [-47.87683171, -22.42173198], [-47.87692287, -22.4217901], [-47.87710394, -22.42184661], [-47.87724671, -22.42191574], [-47.87735022, -22.42194974], [-47.87770965, -22.42193139], [-47.87782526, -22.42192933], [-47.87799127, -22.42187858], [-47.87854825, -22.42209266], [-47.87890174, -22.42240893], [-47.87930907, -22.42284372], [-47.87958746, -22.4232569], [-47.87958675, -22.42384532], [-47.87971148, -22.42428514], [-47.87978297, -22.42452264], [-47.87980806, -22.424606], [-47.87987771, -22.4248676], [-47.87992044, -22.42506994], [-47.87992365, -22.42522519], [-47.87995304, -22.42540388], [-47.87998316, -22.42561839], [-47.88002737, -22.42589239], [-47.88011187, -22.42562804], [-47.88017314, -22.42548358], [-47.88023466, -22.42535106], [-47.88037202, -22.42515746], [-47.88042849, -22.42510291], [-47.88049801, -22.42503574], [-47.88066328, -22.42494916], [-47.88079026, -22.42487521], [-47.88090563, -22.4248612], [-47.88104521, -22.42477508], [-47.88130385, -22.42485409], [-47.88144859, -22.42490163], [-47.88151087, -22.42492208], [-47.88164179, -22.42503922], [-47.88177387, -22.42509221], [-47.88178433, -22.42509641], [-47.8818493, -22.42513109], [-47.88201802, -22.42521171], [-47.88209781, -22.4253417], [-47.8821277, -22.42554427], [-47.88226109, -22.42578084], [-47.88234211, -22.42597054], [-47.88248564, -22.42607551], [-47.8826141, -22.42607321], [-47.88282038, -22.42610537], [-47.88306544, -22.42614878], [-47.88324602, -22.4261814], [-47.88347824, -22.42622504], [-47.88353184, -22.42633161], [-47.88364992, -22.42644897], [-47.8838315, -22.42652936], [-47.88396168, -22.42661066], [-47.88406717, -22.4267402], [-47.88414696, -22.42687019], [-47.88425195, -22.42697584], [-47.88430679, -22.42714212], [-47.88439795, -22.42720023], [-47.88456519, -22.42720918], [-47.88468056, -22.42719518], [-47.88487301, -22.42717979], [-47.88514203, -22.42713914], [-47.88515488, -22.42713891], [-47.88520626, -22.42713799], [-47.88532188, -22.42713592], [-47.88546318, -22.4271334], [-47.88552791, -22.42715613], [-47.88564352, -22.42715407], [-47.88588735, -22.42713776], [-47.88589847, -22.42705393], [-47.88593577, -22.42699353], [-47.88598419, -22.4268493], [-47.88599555, -22.42677741], [-47.8860042, -22.42657415], [-47.88601358, -22.42640672], [-47.88602272, -22.42622735], [-47.88602025, -22.42610792], [-47.88597653, -22.42585781], [-47.88597356, -22.4257145], [-47.88594293, -22.4254761], [-47.88592564, -22.42526136], [-47.88593552, -22.42511782], [-47.88595849, -22.42498599], [-47.88598221, -22.42488999], [-47.88601852, -22.42478181], [-47.88606768, -22.42467341], [-47.88606571, -22.42457787], [-47.88606398, -22.42449427], [-47.88608819, -22.42442215], [-47.88613809, -22.42434957], [-47.88621294, -22.42424071], [-47.88627979, -22.42412136], [-47.88628729, -22.42410796], [-47.8863246, -22.42404756], [-47.88637376, -22.42393915], [-47.88652543, -22.42381697], [-47.88661362, -22.42373176], [-47.88681693, -22.4236206], [-47.88675027, -22.42350238], [-47.88665854, -22.42341447], [-47.88657274, -22.42330256], [-47.88650101, -22.42325011], [-47.88646756, -22.42318503], [-47.88644089, -22.42313774], [-47.88643953, -22.42307209], [-47.88643842, -22.42301838], [-47.88641139, -22.42295318], [-47.88641028, -22.42289947], [-47.8863767, -22.42282842], [-47.88631658, -22.42271606], [-47.88625003, -22.42260381], [-47.88620942, -22.42250303], [-47.88616263, -22.42241431], [-47.88615436, -22.4223249], [-47.88615152, -22.42218763], [-47.88612276, -22.42203888], [-47.88608066, -22.42186649], [-47.88603288, -22.42173002], [-47.88599054, -22.42154569], [-47.88590561, -22.42147556], [-47.88585191, -22.42136308], [-47.88582944, -22.42120825], [-47.88580129, -22.42108934], [-47.88578635, -22.42098811], [-47.88579697, -22.42088045], [-47.88584512, -22.42072435], [-47.88586228, -22.42062255], [-47.88585413, -22.42053911], [-47.88586512, -22.42044935], [-47.88591499, -22.42037681], [-47.88600091, -22.42018422], [-47.88605622, -22.42006382], [-47.88607375, -22.41997992], [-47.88610967, -22.41985389], [-47.88610819, -22.41978227], [-47.88610671, -22.41971065], [-47.88611819, -22.41964477], [-47.88613609, -22.41957878], [-47.88614066, -22.41948914], [-47.88613893, -22.41940558], [-47.88613103, -22.41933408], [-47.88610375, -22.41925695], [-47.88608943, -22.41918556], [-47.88605548, -22.4190966], [-47.88603363, -22.41897161], [-47.8859745, -22.41890699], [-47.88589574, -22.41882481], [-47.88582352, -22.41874849], [-47.88575155, -22.4186841], [-47.88571835, -22.41863096], [-47.88569823, -22.41858952], [-47.88571008, -22.41854155], [-47.88570267, -22.41849391], [-47.88566934, -22.4184348], [-47.88559774, -22.41838832], [-47.88544874, -22.41832531], [-47.88537035, -22.41826103], [-47.88534986, -22.41820169], [-47.88534159, -22.41811228], [-47.88530011, -22.41796973], [-47.88528456, -22.41783866], [-47.88525024, -22.4177318], [-47.8852416, -22.41762448], [-47.88523987, -22.41754093], [-47.88523234, -22.41748733], [-47.88524308, -22.41738564], [-47.88526728, -22.41731356], [-47.88534147, -22.41717491], [-47.88540344, -22.41706633], [-47.88547912, -22.4169993], [-47.88561861, -22.41691322], [-47.88572651, -22.41685159], [-47.88580255, -22.41680246], [-47.88587205, -22.41674749], [-47.88593513, -22.41669262], [-47.88597242, -22.41663225], [-47.88599711, -22.41658405], [-47.8860334, -22.41647593], [-47.8860887, -22.41635553], [-47.88614463, -22.41626497], [-47.88618117, -22.41616879], [-47.8862619, -22.41603599], [-47.88631103, -22.41592765], [-47.88635399, -22.41583135], [-47.88646806, -22.41575766], [-47.88641522, -22.41568696], [-47.88637473, -22.41559216], [-47.88635955, -22.41547899], [-47.88635758, -22.41538349], [-47.88634869, -22.41526424], [-47.88634622, -22.41514487], [-47.88634338, -22.4150076], [-47.88634104, -22.4148942], [-47.88631857, -22.41473937], [-47.88636178, -22.41465501], [-47.88639128, -22.4145291], [-47.88638215, -22.41439791], [-47.88639894, -22.4142782], [-47.88639116, -22.41421267], [-47.8863956, -22.41411706], [-47.88639881, -22.41396177], [-47.88642819, -22.41382989], [-47.88643869, -22.41371626], [-47.88649399, -22.41359586], [-47.88651164, -22.41351793], [-47.88655436, -22.41340969], [-47.88661645, -22.41330709], [-47.8866783, -22.41319254], [-47.88663731, -22.41307386], [-47.88662151, -22.41293085], [-47.88665707, -22.41278692], [-47.88671866, -22.41266044], [-47.8867673, -22.41252822], [-47.88681606, -22.41240196], [-47.88685853, -22.41228179], [-47.88689396, -22.4121319], [-47.88691037, -22.41199428], [-47.88692692, -22.41186263], [-47.88695654, -22.41174269], [-47.88699851, -22.41159865], [-47.88704073, -22.41146654], [-47.88707616, -22.41131665], [-47.88708865, -22.411285], [-47.88711887, -22.41120841], [-47.88716775, -22.41108813], [-47.88724194, -22.41094948], [-47.88730243, -22.41076928], [-47.88737032, -22.41063671], [-47.88746932, -22.41045583], [-47.88754376, -22.41032912], [-47.8876119, -22.41020849], [-47.88771682, -22.41000361], [-47.88777842, -22.40987713], [-47.88780508, -22.40976918], [-47.88782804, -22.40963742], [-47.88779397, -22.4095425], [-47.88778496, -22.40941728], [-47.88777669, -22.40932787], [-47.88774781, -22.40917315], [-47.88771238, -22.40901258], [-47.88767078, -22.40886406], [-47.88756401, -22.40866894], [-47.88752957, -22.40855612], [-47.88752043, -22.40842493], [-47.88752376, -22.40827561], [-47.8875266, -22.40810241], [-47.88753068, -22.4079889], [-47.88752624, -22.40777403], [-47.88750834, -22.40752956], [-47.88748414, -22.40729117], [-47.88748748, -22.40714185], [-47.88747736, -22.40696291], [-47.88741564, -22.40677296], [-47.88727653, -22.40656648], [-47.88735047, -22.40641589], [-47.88746341, -22.40628849], [-47.88757759, -22.40622077], [-47.88760006, -22.40606514], [-47.88762746, -22.40583777], [-47.88764808, -22.40559261], [-47.88764857, -22.40530601], [-47.88764203, -22.40498969], [-47.8876192, -22.40481695], [-47.88764586, -22.40455377], [-47.88764401, -22.40446425], [-47.88762796, -22.4043093], [-47.88762096, -22.40417554], [-47.88761735, -22.40410649], [-47.88766574, -22.40396233], [-47.88777819, -22.40381106], [-47.88791644, -22.40366529], [-47.88808616, -22.40348911], [-47.8882112, -22.40332567], [-47.88827909, -22.40319311], [-47.88833834, -22.40295322], [-47.88840598, -22.40280872], [-47.88855595, -22.40260901], [-47.88868272, -22.40252913], [-47.88882208, -22.40243708], [-47.8890392, -22.40237946], [-47.88913239, -22.40222853], [-47.88925088, -22.40205924], [-47.88938357, -22.40195536], [-47.88960032, -22.40187984], [-47.88977362, -22.40187674], [-47.88994766, -22.40190945], [-47.89010949, -22.40197223], [-47.89016738, -22.40182193], [-47.89020403, -22.40173172], [-47.89026538, -22.4015933], [-47.89035795, -22.40141252], [-47.89055446, -22.4012896], [-47.89086291, -22.40130199], [-47.8910493, -22.4013106], [-47.89135084, -22.40129923], [-47.89158117, -22.40125928], [-47.89179915, -22.40124344], [-47.89192665, -22.40119936], [-47.89203602, -22.40120935], [-47.89224869, -22.40124733], [-47.89243631, -22.40131562], [-47.89249062, -22.40145794], [-47.89263998, -22.40138362], [-47.89269626, -22.40131097], [-47.8927128, -22.40117932], [-47.89275463, -22.40102931], [-47.89280981, -22.40090294], [-47.89285239, -22.40078873], [-47.89292163, -22.40072182], [-47.8929963, -22.40060704], [-47.89305777, -22.40047459], [-47.8931196, -22.40036004], [-47.89318144, -22.40024549], [-47.89324932, -22.40011293], [-47.89329252, -22.40002856], [-47.89335485, -22.39993789], [-47.89344261, -22.39983482], [-47.89348506, -22.39971465], [-47.89354665, -22.39958816], [-47.89359639, -22.39950966], [-47.89361293, -22.39937801], [-47.89366254, -22.39929353], [-47.89374376, -22.39918461], [-47.89385682, -22.39906317], [-47.89393927, -22.39901393], [-47.8940796, -22.39896962], [-47.894265, -22.39893048], [-47.89439064, -22.39879688], [-47.89442816, -22.39874844], [-47.89441261, -22.39861737], [-47.89434015, -22.39852911], [-47.89416733, -22.39840454], [-47.89413809, -22.39838347], [-47.89405205, -22.39825963], [-47.89399058, -22.39808161], [-47.89387258, -22.39796431], [-47.89381358, -22.39790566], [-47.89374075, -22.3977995], [-47.89383036, -22.39778595], [-47.89399057, -22.39777114], [-47.89422089, -22.39773119], [-47.89434728, -22.3976334], [-47.89442935, -22.39756626], [-47.89457468, -22.39743267], [-47.89459788, -22.39731284], [-47.8946407, -22.39721057], [-47.8946702, -22.39708467], [-47.89464255, -22.39698963], [-47.8946402, -22.39687623], [-47.89464451, -22.39677466], [-47.89474215, -22.39683858], [-47.89484608, -22.39689643], [-47.89494272, -22.39691261], [-47.89506578, -22.39696414], [-47.89514354, -22.39699857], [-47.89518897, -22.39702164], [-47.89528006, -22.39707971], [-47.89535177, -22.39713216], [-47.89544916, -22.39718415], [-47.89554506, -22.39716452], [-47.89562714, -22.39709737], [-47.89575119, -22.39719665], [-47.89588055, -22.39724209], [-47.8961058, -22.39726791], [-47.89615715, -22.39726699], [-47.89627996, -22.39730658], [-47.89639574, -22.39731644], [-47.89653077, -22.39732596], [-47.89666593, -22.39734145], [-47.89685292, -22.39737989], [-47.89703288, -22.39738861], [-47.89725827, -22.39742039], [-47.89725629, -22.3973249], [-47.89726727, -22.39723514], [-47.89730342, -22.39712105], [-47.89737834, -22.39701821], [-47.89743375, -22.39690378], [-47.89745683, -22.39677798], [-47.89747237, -22.39659859], [-47.89749507, -22.39645489], [-47.89750543, -22.39633529], [-47.89750888, -22.39619194], [-47.89747369, -22.39604331], [-47.89745122, -22.39588848], [-47.89745516, -22.395769], [-47.89747219, -22.39566122], [-47.89753353, -22.3955228], [-47.89756376, -22.3954327], [-47.89764546, -22.39534765], [-47.89775963, -22.39527992], [-47.89793909, -22.39526477], [-47.89805807, -22.39527457], [-47.89816681, -22.39525471], [-47.89826901, -22.395229], [-47.89828886, -22.39522436], [-47.89843514, -22.39519019], [-47.89857535, -22.39513991], [-47.89873481, -22.39508929], [-47.89881121, -22.39505807], [-47.89888773, -22.39503281], [-47.8989503, -22.39495407], [-47.8990125, -22.39485743], [-47.89908137, -22.3947726], [-47.89911148, -22.39467654], [-47.89916689, -22.3945621], [-47.89919824, -22.39452572], [-47.89924242, -22.3944891], [-47.89928031, -22.39445857], [-47.89939978, -22.39433701], [-47.89945593, -22.39425839], [-47.899519, -22.39420352], [-47.89957577, -22.39415474], [-47.89966969, -22.39403962], [-47.89970696, -22.39397924], [-47.89973732, -22.39389511], [-47.8997557, -22.39385299], [-47.89979976, -22.3938104], [-47.89985012, -22.39376173], [-47.89991849, -22.39365304], [-47.89996205, -22.39358658], [-47.90000549, -22.39351416], [-47.90001746, -22.39347215], [-47.90004202, -22.39341797], [-47.90007892, -22.39333969], [-47.90015963, -22.39320689], [-47.90022232, -22.39313412], [-47.90032895, -22.3930128], [-47.9003851, -22.39293417], [-47.90047989, -22.39286083], [-47.90054888, -22.39278197], [-47.90056702, -22.39272791], [-47.90058392, -22.39261417], [-47.90058107, -22.3924769], [-47.90060944, -22.39229727], [-47.90066373, -22.39212912], [-47.90068014, -22.39199151], [-47.90070135, -22.39177619], [-47.9007296, -22.3915906], [-47.90077007, -22.39137493], [-47.90080017, -22.39120125], [-47.90084237, -22.39106914], [-47.90083446, -22.39099763], [-47.90083285, -22.39092005], [-47.90068437, -22.39088092], [-47.9005238, -22.39087783], [-47.90055995, -22.39076374], [-47.90056982, -22.39062027], [-47.9005545, -22.39050114], [-47.90047526, -22.39039509], [-47.90037701, -22.39030132], [-47.90029159, -22.39020733], [-47.90026419, -22.39012423], [-47.90014557, -22.3899771], [-47.90002745, -22.38985384], [-47.8999229, -22.38976616], [-47.89979083, -22.38958941], [-47.89973602, -22.38942322], [-47.89966911, -22.38929307], [-47.89953803, -22.38916407], [-47.89945706, -22.38897447], [-47.89944075, -22.38880759], [-47.89943778, -22.38866435], [-47.89948368, -22.38840082], [-47.89947872, -22.38816209], [-47.89947674, -22.3880666], [-47.89952536, -22.38793437], [-47.89957373, -22.38779021], [-47.89968381, -22.38752553], [-47.8997186, -22.3873458], [-47.89970329, -22.38722666], [-47.89963366, -22.38696521], [-47.89944728, -22.38664614], [-47.89926213, -22.38638676], [-47.89914241, -22.38618591], [-47.89904761, -22.38594879], [-47.89901971, -22.38584182], [-47.89851566, -22.38568369], [-47.89848578, -22.38548122], [-47.89841665, -22.38524364], [-47.89837245, -22.38496979], [-47.89840452, -22.38465875], [-47.89841266, -22.38443172], [-47.89840895, -22.38425268], [-47.89844324, -22.38404906], [-47.89843978, -22.38388195], [-47.89848617, -22.3836423], [-47.89865254, -22.38361543], [-47.89868712, -22.38360006], [-47.89879249, -22.38355322], [-47.89894304, -22.38338334], [-47.89918345, -22.38321186], [-47.89942262, -22.38298069], [-47.89965093, -22.38284524], [-47.89982839, -22.38273459], [-47.90004337, -22.3825755], [-47.90018233, -22.38246554], [-47.90035831, -22.38228326], [-47.90058488, -22.38206426], [-47.90081418, -22.38197656], [-47.90112049, -22.38188747], [-47.90128437, -22.38174124], [-47.90142333, -22.38163128], [-47.90146972, -22.38139162], [-47.90149068, -22.38116437], [-47.90148449, -22.38086595], [-47.90148003, -22.3806511], [-47.90145139, -22.38050832], [-47.90148618, -22.38032858], [-47.9016123, -22.38021885], [-47.90178901, -22.38007238], [-47.90145085, -22.37986351], [-47.90120426, -22.37973659], [-47.90103419, -22.37958441], [-47.90092754, -22.37939526], [-47.9009105, -22.37919257], [-47.90089246, -22.37894213], [-47.90088702, -22.37867953], [-47.90089589, -22.37848831], [-47.90088945, -22.37817796], [-47.90074555, -22.37804919], [-47.90063792, -22.3778123], [-47.90059323, -22.37771568], [-47.90049005, -22.37749255], [-47.90042117, -22.3772669], [-47.90046756, -22.37702725], [-47.90051469, -22.37682341], [-47.90058749, -22.3766191], [-47.90037941, -22.37649149], [-47.9002476, -22.37632667], [-47.90020464, -22.37611251], [-47.90020043, -22.37590958], [-47.9002483, -22.37574155], [-47.90029568, -22.37554965], [-47.90032973, -22.3753341], [-47.90042721, -22.37508159], [-47.90050025, -22.37488922], [-47.90048074, -22.37456716], [-47.90047628, -22.3743523], [-47.90045874, -22.37412574], [-47.90037456, -22.37378096], [-47.90028839, -22.37334068], [-47.90028666, -22.37325713], [-47.90028369, -22.37311389], [-47.90030565, -22.37293438], [-47.90035352, -22.37276635], [-47.90042681, -22.37258592], [-47.90063067, -22.37235538], [-47.90097274, -22.37213431], [-47.90106233, -22.37212076], [-47.90121485, -22.37204637], [-47.90145598, -22.3719107], [-47.90156975, -22.37182507], [-47.90169438, -22.37164372], [-47.90183333, -22.37153375], [-47.90193303, -22.37138867], [-47.90208333, -22.37120686], [-47.90217069, -22.37108588], [-47.90230864, -22.37092817], [-47.90248659, -22.37084139], [-47.90256186, -22.37075645], [-47.90277657, -22.37058543], [-47.90291452, -22.37042772], [-47.90311813, -22.37034047], [-47.90323215, -22.37026678], [-47.90329286, -22.37009852], [-47.90330346, -22.36999086], [-47.90337675, -22.36981043], [-47.90354086, -22.36967613], [-47.90368055, -22.36960198], [-47.9037694, -22.36955262], [-47.90396141, -22.36952529], [-47.90403594, -22.36940454], [-47.90411096, -22.36930766], [-47.90419981, -22.3692583], [-47.90433875, -22.36914834], [-47.90459419, -22.36908405], [-47.90478446, -22.36897316], [-47.90487257, -22.36888799], [-47.90494931, -22.36871944], [-47.90502309, -22.36856288], [-47.90504603, -22.36843112], [-47.90508156, -22.36828719], [-47.90511684, -22.36813132], [-47.90515137, -22.36793964], [-47.90519949, -22.36778355], [-47.90527277, -22.36760311], [-47.90533397, -22.36745872], [-47.90530408, -22.36725626], [-47.90528852, -22.36712519], [-47.90530973, -22.36690987], [-47.90538301, -22.36672944], [-47.90548147, -22.36652468], [-47.90556684, -22.3663082], [-47.90567788, -22.36609127], [-47.90573784, -22.3658872], [-47.90582396, -22.36570653], [-47.90583406, -22.365575], [-47.90586959, -22.36543107], [-47.90596829, -22.36523824], [-47.90613042, -22.36500845], [-47.90626638, -22.36475525], [-47.90648009, -22.36453647], [-47.90665678, -22.36439], [-47.90678214, -22.36424446], [-47.90680309, -22.3640172], [-47.90682504, -22.36383769], [-47.90689981, -22.36372888], [-47.90702666, -22.36365495], [-47.90732108, -22.36361384], [-47.90778134, -22.36352198], [-47.90810118, -22.36346847], [-47.9084072, -22.36336744], [-47.90850739, -22.36324623], [-47.90869666, -22.36308759], [-47.9087196, -22.36295583], [-47.90879436, -22.36284701], [-47.90885605, -22.36272649], [-47.90891823, -22.36262985], [-47.90900533, -22.36249693], [-47.9090036, -22.36241337], [-47.90906553, -22.36230479], [-47.90917731, -22.36212367], [-47.90923874, -22.36199121], [-47.90935151, -22.36185783], [-47.90942529, -22.36170127], [-47.90929818, -22.36160803], [-47.90924337, -22.36144184], [-47.90926482, -22.36123846], [-47.90918559, -22.36113242], [-47.90910561, -22.36099056], [-47.90907771, -22.3608836], [-47.90904957, -22.36076469], [-47.90898218, -22.36061067], [-47.90881361, -22.36053011], [-47.90870846, -22.3604126], [-47.90865515, -22.36031803], [-47.90885477, -22.36003979], [-47.90903121, -22.35988139], [-47.90906723, -22.35976133], [-47.90921824, -22.35961532], [-47.90929276, -22.35949457], [-47.90944403, -22.3593605], [-47.90958221, -22.35921473], [-47.90960614, -22.35913071], [-47.90966683, -22.35896244], [-47.90976627, -22.35880542], [-47.90991803, -22.35869522], [-47.91009521, -22.35857263], [-47.91027313, -22.35848584], [-47.91046265, -22.35833914], [-47.91061416, -22.358217], [-47.91076716, -22.35816649], [-47.91077826, -22.3580827], [-47.91087844, -22.35796149], [-47.9110297, -22.35782742], [-47.91118121, -22.35770528], [-47.91134481, -22.3575471], [-47.9114704, -22.35741349], [-47.91157083, -22.35730422], [-47.911672, -22.35723075], [-47.9117211, -22.3571224], [-47.91179412, -22.35693003], [-47.91188172, -22.35682098], [-47.91205542, -22.35653128], [-47.91220395, -22.3562659], [-47.9123663, -22.35604804], [-47.91247116, -22.35584316], [-47.91259402, -22.35557824], [-47.91266878, -22.35546943], [-47.91275463, -22.35527683], [-47.91282989, -22.35519189], [-47.91294265, -22.35505851], [-47.91327207, -22.35484958], [-47.91338239, -22.35481315], [-47.91346332, -22.35478643], [-47.91369232, -22.35468678], [-47.91396329, -22.35475355], [-47.91411678, -22.3547269], [-47.91451359, -22.35467199], [-47.91482968, -22.35443942], [-47.91499178, -22.35420962], [-47.91518129, -22.35406292], [-47.91530688, -22.3539293], [-47.91553413, -22.35374609], [-47.91576188, -22.35358676], [-47.91579938, -22.35353832], [-47.91595064, -22.35340424], [-47.91608732, -22.35318684], [-47.91613492, -22.35300687], [-47.91605196, -22.35272178], [-47.91599466, -22.35243623], [-47.9160171, -22.3522806], [-47.91607827, -22.3521362], [-47.91597015, -22.35187545], [-47.91577095, -22.35155663], [-47.91562508, -22.35133238], [-47.91555644, -22.35111868], [-47.91552879, -22.35102365], [-47.91552854, -22.35101172], [-47.91527265, -22.35105215], [-47.91506957, -22.35116328], [-47.91481342, -22.35119177], [-47.91437614, -22.35115188], [-47.91405409, -22.35109798], [-47.91387394, -22.35107734], [-47.9136553, -22.3510574], [-47.91354917, -22.35089213], [-47.91347954, -22.35063069], [-47.91335934, -22.35040597], [-47.91320386, -22.35033712], [-47.91308738, -22.35029146], [-47.91299358, -22.35010209], [-47.91283736, -22.34999743], [-47.91269025, -22.3497135], [-47.91263396, -22.34947569], [-47.91252857, -22.34934624], [-47.91237533, -22.34938482], [-47.91209352, -22.34941377], [-47.91164465, -22.34943379], [-47.91108079, -22.34947975], [-47.9106714, -22.34954682], [-47.91049151, -22.34953812], [-47.91037403, -22.3494447], [-47.91024249, -22.34929183], [-47.90977486, -22.34933607], [-47.90934942, -22.34924819], [-47.90894841, -22.34910016], [-47.90865154, -22.34902191], [-47.90836774, -22.34895536], [-47.90808544, -22.34896044], [-47.90781671, -22.34900109], [-47.90753515, -22.34904197], [-47.907394, -22.34904451], [-47.90732097, -22.34923687], [-47.90715812, -22.34943086], [-47.90693036, -22.34959018], [-47.90674086, -22.34973688], [-47.90655135, -22.34988357], [-47.9061706, -22.35009341], [-47.90590385, -22.35022955], [-47.90572667, -22.35035214], [-47.90544783, -22.35052432], [-47.90525634, -22.35057552], [-47.90505028, -22.3505434], [-47.90485557, -22.35043942], [-47.90450613, -22.3503024], [-47.90436275, -22.35019751], [-47.90416977, -22.35017709], [-47.90400023, -22.35004878], [-47.90399676, -22.34988167], [-47.90396689, -22.3496792], [-47.90392493, -22.34951278], [-47.90387038, -22.34935853], [-47.90382867, -22.34920404], [-47.90376006, -22.34899034], [-47.90361346, -22.34873026], [-47.90358581, -22.34863523], [-47.90350659, -22.34852918], [-47.9034412, -22.34847065], [-47.90331164, -22.34841327], [-47.90313199, -22.34841649], [-47.90295333, -22.34846746], [-47.90283883, -22.34851728], [-47.90281342, -22.34852968], [-47.90268658, -22.3486036], [-47.90261033, -22.34864079], [-47.90262613, -22.3487838], [-47.90252397, -22.34880951], [-47.90240799, -22.34878771], [-47.9022925, -22.34878978], [-47.90219083, -22.34883937], [-47.90215432, -22.34893555], [-47.90199096, -22.34910565], [-47.90175728, -22.34928896], [-47.9016186, -22.34941086], [-47.90142884, -22.34954561], [-47.90121292, -22.34965695], [-47.9009042, -22.34962666], [-47.90082622, -22.3495803], [-47.90060659, -22.34951259], [-47.90051652, -22.34950226], [-47.90020855, -22.34950778], [-47.89987417, -22.34947795], [-47.8994628, -22.34944949], [-47.89909067, -22.34945616], [-47.8987553, -22.34937858], [-47.89867806, -22.34936802], [-47.8985379, -22.3494183], [-47.89825707, -22.34949497], [-47.89809173, -22.34956958], [-47.89804189, -22.34964212], [-47.89800957, -22.34994122], [-47.89782572, -22.34974152], [-47.89779709, -22.34959874], [-47.89767765, -22.34940982], [-47.89748936, -22.34930572], [-47.8973329, -22.34918911], [-47.89712438, -22.34903761], [-47.89690351, -22.34891021], [-47.89676039, -22.34881724], [-47.89659011, -22.34865312], [-47.89656247, -22.34855808], [-47.89658246, -22.34828308], [-47.89661799, -22.34813915], [-47.89651213, -22.34798581], [-47.89646993, -22.34780745], [-47.89642946, -22.34771264], [-47.89634901, -22.34754691], [-47.89617948, -22.34741859], [-47.89603536, -22.34727788], [-47.89582635, -22.3471025], [-47.89565781, -22.34702193], [-47.89554158, -22.34698818], [-47.89530962, -22.34694457], [-47.89516797, -22.34692322], [-47.89515489, -22.34691151], [-47.89510208, -22.34684081], [-47.89500955, -22.34671111], [-47.89490516, -22.34662939], [-47.89473539, -22.34648914], [-47.89463224, -22.3464671], [-47.89455426, -22.34642073], [-47.89450071, -22.34631422], [-47.89444667, -22.34618383], [-47.8944447, -22.34608834], [-47.89440398, -22.34598159], [-47.89428751, -22.34593591], [-47.8941318, -22.34585511], [-47.89398892, -22.34577408], [-47.89388355, -22.34564461], [-47.89375326, -22.34555141], [-47.89371082, -22.34536111], [-47.89350601, -22.34507818], [-47.89342606, -22.34493632], [-47.89329676, -22.34489087], [-47.89305073, -22.34478779], [-47.89283259, -22.34479169], [-47.89264184, -22.34487869], [-47.89247355, -22.34481005], [-47.89229193, -22.34471777], [-47.89211031, -22.34462548], [-47.89187811, -22.34456992], [-47.89170982, -22.34450128], [-47.89164615, -22.3445263], [-47.89149192, -22.34451712], [-47.89117014, -22.3444751], [-47.89092535, -22.34443171], [-47.89083307, -22.34431395], [-47.89052141, -22.34414039], [-47.89030179, -22.34407267], [-47.89009649, -22.34407633], [-47.88996915, -22.34412637], [-47.889914, -22.34425274], [-47.88983973, -22.34407495], [-47.88986799, -22.34388936], [-47.8899815, -22.3437918], [-47.89011221, -22.3435984], [-47.89021043, -22.34338171], [-47.89013049, -22.34323984], [-47.89008854, -22.34307341], [-47.89014827, -22.34285741], [-47.8902344, -22.34267675], [-47.89026994, -22.34253282], [-47.8901895, -22.34236708], [-47.89013522, -22.34222476], [-47.89019494, -22.34200875], [-47.89017891, -22.3418538], [-47.89012537, -22.34174729], [-47.8900701, -22.34155722], [-47.89006715, -22.34141397], [-47.89008838, -22.34119866], [-47.8901101, -22.34100721], [-47.88995341, -22.34087865], [-47.88977033, -22.34071475], [-47.88963955, -22.34059767], [-47.88949619, -22.34049276], [-47.88942908, -22.34035066], [-47.88942563, -22.34018355], [-47.8894096, -22.3400286], [-47.88929288, -22.33997097], [-47.88925193, -22.33985229], [-47.88919765, -22.33970997], [-47.88912906, -22.33949625], [-47.88892228, -22.33942829], [-47.88886825, -22.33929791], [-47.88886579, -22.33917854], [-47.88886357, -22.33907111], [-47.88874612, -22.33897767], [-47.88851516, -22.33898179], [-47.88823213, -22.33895102], [-47.88808927, -22.33886998], [-47.88805003, -22.33883486], [-47.88792221, -22.33886102], [-47.88783313, -22.33889843], [-47.88769125, -22.33886514], [-47.8875622, -22.33883162], [-47.88755857, -22.33881912], [-47.88753457, -22.33873658], [-47.8875062, -22.33860573], [-47.88749165, -22.33852241], [-47.88746451, -22.33845124], [-47.88743688, -22.33835621], [-47.88734534, -22.33827425], [-47.88729229, -22.33819161], [-47.88713536, -22.33805111], [-47.88709429, -22.33792646], [-47.88718079, -22.33776371], [-47.88712157, -22.33769312], [-47.88708074, -22.33758041], [-47.88697735, -22.33754643], [-47.8869, -22.3375299], [-47.88694886, -22.33740961], [-47.88698514, -22.3373015], [-47.88696466, -22.33724216], [-47.88686757, -22.33720209], [-47.88670239, -22.33720286], [-47.88665156, -22.33722765], [-47.88651781, -22.3372778], [-47.88633225, -22.33730499], [-47.88623577, -22.33729476], [-47.88603072, -22.33731036], [-47.88593375, -22.33727627], [-47.88586256, -22.33724768], [-47.88577275, -22.33724928], [-47.88568934, -22.33725077], [-47.88562457, -22.33722207], [-47.88556017, -22.33721128], [-47.88543161, -22.33720163], [-47.88536758, -22.33720874], [-47.88532896, -22.33720346], [-47.88508741, -22.33700476], [-47.88508075, -22.33699294], [-47.88505447, -22.33696355], [-47.8850219, -22.33694025], [-47.88496996, -22.33691132], [-47.88495689, -22.33689961], [-47.88484843, -22.3369314], [-47.88477268, -22.33699246], [-47.88470852, -22.3369936], [-47.88465646, -22.3369587], [-47.88457886, -22.33693023], [-47.88452716, -22.33691324], [-47.88450792, -22.33691358], [-47.88446203, -22.33686664], [-47.88438455, -22.33684414], [-47.88431336, -22.33681555], [-47.88423601, -22.33679902], [-47.88415926, -22.33681232], [-47.88411423, -22.33680716], [-47.88400962, -22.33663587], [-47.8840701, -22.33645568], [-47.88414364, -22.33628719], [-47.88413897, -22.33606039], [-47.88396996, -22.33595593], [-47.88383968, -22.33586272], [-47.88365808, -22.33577043], [-47.88366772, -22.33561502], [-47.88369117, -22.33550713], [-47.8836897, -22.33543551], [-47.88376447, -22.33532671], [-47.88383876, -22.33519403], [-47.88397597, -22.33500053], [-47.88413737, -22.33473495], [-47.8842995, -22.33450517], [-47.8843348, -22.33434931], [-47.88436986, -22.33418151], [-47.88435334, -22.33400269], [-47.88436347, -22.33387115], [-47.88438692, -22.33376326], [-47.88447379, -22.33361842], [-47.88450958, -22.33348643], [-47.88459595, -22.33331772], [-47.88476275, -22.33331474], [-47.88485208, -22.33328927], [-47.88497891, -22.33321536], [-47.88506676, -22.33311827], [-47.88512748, -22.33295001], [-47.8853693, -22.33285017], [-47.88576779, -22.3328789], [-47.88598763, -22.33295857], [-47.88632492, -22.33313167], [-47.88654476, -22.33321134], [-47.88642658, -22.3330821], [-47.88617911, -22.33290739], [-47.88589216, -22.33268562], [-47.88568196, -22.33245054], [-47.88554824, -22.33219022], [-47.88549274, -22.33198821], [-47.88545056, -22.33180984], [-47.88547401, -22.33170195], [-47.88552386, -22.33162942], [-47.88559544, -22.33136543], [-47.8857388, -22.33131512], [-47.88578816, -22.33121871], [-47.88605637, -22.33115422], [-47.88635666, -22.33091385], [-47.88642256, -22.33086111], [-47.88663626, -22.33064236], [-47.88686155, -22.33036369], [-47.88704909, -22.33012153], [-47.88732497, -22.32980614], [-47.88742467, -22.32966107], [-47.88753621, -22.32946802], [-47.88760975, -22.32929953], [-47.88772129, -22.32910648], [-47.88779507, -22.32894993], [-47.8878575, -22.32886523], [-47.88795867, -22.32879178], [-47.88802208, -22.32875482], [-47.88807045, -22.32861067], [-47.88810673, -22.32850255], [-47.88811661, -22.32835908], [-47.88812723, -22.32825142], [-47.88813785, -22.32814376], [-47.88809788, -22.32807283], [-47.88786497, -22.32798145], [-47.88769571, -22.32786506], [-47.88764341, -22.32781822], [-47.88759012, -22.32772364], [-47.88752376, -22.32761736], [-47.88753413, -22.32749776], [-47.88759533, -22.32735337], [-47.8876701, -22.32724457], [-47.88773155, -22.32711212], [-47.88785886, -22.32706209], [-47.88790773, -22.3269418], [-47.88786604, -22.32678731], [-47.88781201, -22.32665692], [-47.88782337, -22.32658507], [-47.88789814, -22.32647627], [-47.88789568, -22.3263569], [-47.88786805, -22.32626186], [-47.88789199, -22.32617785], [-47.8880314, -22.32609178], [-47.88820906, -22.32599308], [-47.88832453, -22.32599102], [-47.88807879, -22.32589987], [-47.88802673, -22.32586498], [-47.88797492, -22.32584202], [-47.88813654, -22.32558837], [-47.88819774, -22.32544399], [-47.88818098, -22.32525323], [-47.88812671, -22.3251109], [-47.88813634, -22.32495549], [-47.88809564, -22.32484875], [-47.88803051, -22.32480214], [-47.88786396, -22.32481705], [-47.88764634, -22.32484482], [-47.88738679, -22.32470615], [-47.88719164, -22.32457827], [-47.88693578, -22.32461866], [-47.8867475, -22.32482501], [-47.88662463, -22.32477944], [-47.88615327, -22.32482577], [-47.88600523, -22.32480453], [-47.88585658, -22.32475344], [-47.88568758, -22.32464898], [-47.88559592, -22.32456105], [-47.8854791, -22.32449746], [-47.88538054, -22.32438577], [-47.88530863, -22.32432138], [-47.88524276, -22.32423896], [-47.88515061, -22.32412716], [-47.88509733, -22.32403258], [-47.88501851, -22.32394443], [-47.88497842, -22.32386752], [-47.88492514, -22.32377294], [-47.88489147, -22.32369592], [-47.88485126, -22.32361305], [-47.8846434, -22.32349137], [-47.88455236, -22.32343329], [-47.88453707, -22.32331414], [-47.88458643, -22.32321774], [-47.88467403, -22.3231087], [-47.88473548, -22.32297626], [-47.8847809, -22.32268886], [-47.88476488, -22.32253391], [-47.88474886, -22.32237896], [-47.88465512, -22.32218956], [-47.88456188, -22.32202405], [-47.88450859, -22.32192947], [-47.88449306, -22.32179839], [-47.88448987, -22.32164321], [-47.88438551, -22.32156148], [-47.88429177, -22.32137209], [-47.88417189, -22.32115928], [-47.88403843, -22.32091089], [-47.88384378, -22.32080688], [-47.88348111, -22.32064616], [-47.88313103, -22.32047327], [-47.88298769, -22.32036835], [-47.88283079, -22.32022785], [-47.88271189, -22.32006279], [-47.88251601, -22.31989909], [-47.88229668, -22.31984329], [-47.88209459, -22.32000212], [-47.88187894, -22.32012537], [-47.88167615, -22.31993792], [-47.88150593, -22.31977377], [-47.88127255, -22.3196585], [-47.88107863, -22.3195903], [-47.88087805, -22.31951028], [-47.88062023, -22.31945516], [-47.88034885, -22.31936445], [-47.8800402, -22.31933412], [-47.87986059, -22.31933731], [-47.87965727, -22.31943645], [-47.87926176, -22.31955096], [-47.87889313, -22.31972468], [-47.87860025, -22.31983736], [-47.87834757, -22.32003291], [-47.87809539, -22.32025233], [-47.87790711, -22.32045868], [-47.8777319, -22.32067674], [-47.87758235, -22.32089434], [-47.87736865, -22.32111308], [-47.87725416, -22.32116288], [-47.8771646, -22.32117641], [-47.87694698, -22.32120415], [-47.87676638, -22.3211596], [-47.87649549, -22.32109276], [-47.87621054, -22.32096646], [-47.87597666, -22.32082732], [-47.87555156, -22.32075128], [-47.87529374, -22.32069615], [-47.87497153, -22.32063022], [-47.87475195, -22.32056246], [-47.87455755, -22.32047038], [-47.87428739, -22.32043935], [-47.87388966, -22.32044641], [-47.87364565, -22.3204388], [-47.87338783, -22.32038366], [-47.87324621, -22.32036229], [-47.87278061, -22.3205019], [-47.8724248, -22.32067539], [-47.87225924, -22.32073803], [-47.87200508, -22.32086195], [-47.87176498, -22.32104533], [-47.87160357, -22.3213109], [-47.87146342, -22.32136115], [-47.87127072, -22.32135262], [-47.87107827, -22.32135603], [-47.87088583, -22.32135944], [-47.87071855, -22.32133852], [-47.87053868, -22.32132977], [-47.87038375, -22.32128475], [-47.87022857, -22.32122779], [-47.87007314, -22.3211589], [-47.86993177, -22.32114946], [-47.86975117, -22.3211049], [-47.86955823, -22.32108443], [-47.86940354, -22.32105135], [-47.86924909, -22.3210302], [-47.86908182, -22.32100928], [-47.86879687, -22.32088297], [-47.86856447, -22.32081544], [-47.86834514, -22.32075961], [-47.86819142, -22.32077428], [-47.86805225, -22.32087227], [-47.8679518, -22.32098152], [-47.86783975, -22.32115068], [-47.86776643, -22.3213311], [-47.86764326, -22.32158405], [-47.86749516, -22.32187327], [-47.86732115, -22.322151], [-47.86719676, -22.32234426], [-47.8670847, -22.32251343], [-47.86702275, -22.32262199], [-47.86692108, -22.32267156], [-47.86726795, -22.32174593], [-47.86728946, -22.32154255], [-47.86733994, -22.32087294], [-47.8673975, -22.3205495], [-47.86721129, -22.32023038], [-47.86707396, -22.31979098], [-47.86693786, -22.31941126], [-47.86671487, -22.31917638], [-47.86624495, -22.31879063], [-47.86598299, -22.31853255], [-47.8656201, -22.31835985], [-47.86511827, -22.31829708], [-47.86477187, -22.3183032], [-47.8642478, -22.318408], [-47.86399364, -22.3185319], [-47.86367436, -22.3186092], [-47.86330449, -22.31872321], [-47.86301379, -22.31894329], [-47.86279836, -22.31907845], [-47.86255679, -22.31919019], [-47.86230263, -22.3193141], [-47.8621373, -22.31938867], [-47.86191992, -22.31942833], [-47.86172894, -22.31950335], [-47.86154981, -22.3195304], [-47.86119252, -22.31963224], [-47.86086016, -22.31969782], [-47.86051375, -22.31970393], [-47.86027509, -22.31995892], [-47.85994809, -22.32028711], [-47.8597588, -22.32044569], [-47.85964844, -22.32069841], [-47.85943471, -22.32091713], [-47.85919459, -22.32110049], [-47.85908156, -22.3212219], [-47.85885475, -22.3214289], [-47.85879255, -22.32152553], [-47.85867155, -22.32188591], [-47.85865927, -22.32254291], [-47.85856709, -22.32305802], [-47.85850927, -22.32336951], [-47.85835993, -22.32359904], [-47.85796633, -22.32380899], [-47.85760951, -22.3239347], [-47.85733113, -22.32413067], [-47.85706437, -22.32426673], [-47.85684917, -22.32441382], [-47.85658265, -22.32456182], [-47.85656447, -22.32429943], [-47.85641726, -22.32400349], [-47.8562787, -22.32365963], [-47.85615593, -22.32330355], [-47.85606004, -22.3230067], [-47.85597674, -22.32269769], [-47.8559467, -22.32248328], [-47.85586437, -22.32222202], [-47.85566852, -22.32205829], [-47.85544457, -22.32177564], [-47.85520804, -22.32150516], [-47.85505019, -22.32131687], [-47.85494196, -22.32104413], [-47.85468098, -22.32083378], [-47.85443308, -22.32063514], [-47.85410722, -22.32039011], [-47.85392226, -22.32013066], [-47.85370002, -22.31993157], [-47.85369443, -22.31965701], [-47.85335721, -22.31948383], [-47.85307009, -22.31925005], [-47.85281904, -22.31889623], [-47.85260138, -22.31856269], [-47.85239004, -22.31826789], [-47.85221841, -22.3180321], [-47.85212448, -22.31783075], [-47.85210849, -22.3176758], [-47.8521034, -22.31742513], [-47.85219005, -22.31726838], [-47.85173, -22.3170496], [-47.85148406, -22.31694646], [-47.85137706, -22.3167334], [-47.85129621, -22.31654377], [-47.85129135, -22.31630504], [-47.85120807, -22.31599604], [-47.85119112, -22.31579334], [-47.85118821, -22.3156501], [-47.85116931, -22.31535191], [-47.85116495, -22.31513705], [-47.85111096, -22.31500665], [-47.85085002, -22.31479631], [-47.85075657, -22.31461884], [-47.85057503, -22.3145265], [-47.85045593, -22.31434949], [-47.85037508, -22.31415985], [-47.85047286, -22.31391931], [-47.8506602, -22.31366526], [-47.85084681, -22.31337539], [-47.85107336, -22.31315647], [-47.85131056, -22.31282989], [-47.85136985, -22.31259003], [-47.85145601, -22.3124094], [-47.85142599, -22.31219499], [-47.85140806, -22.31194455], [-47.85139257, -22.31181347], [-47.85136279, -22.311611], [-47.85135939, -22.31144389], [-47.85135721, -22.31133646], [-47.85139011, -22.31106124], [-47.85145086, -22.310893], [-47.85148595, -22.31072521], [-47.85152128, -22.31056935], [-47.8515416, -22.31030629], [-47.85156338, -22.31011486], [-47.85156022, -22.30995968], [-47.851506, -22.30981734], [-47.85146582, -22.30973446], [-47.8514266, -22.30969933], [-47.85143652, -22.30955586], [-47.85146072, -22.30948379], [-47.851498, -22.30942343], [-47.85154664, -22.30929123], [-47.85159553, -22.30917096], [-47.85161997, -22.30911082], [-47.85165579, -22.30897884], [-47.85161536, -22.30888403], [-47.85157324, -22.30870565], [-47.85151756, -22.3084917], [-47.851344, -22.3081604], [-47.85117117, -22.30786492], [-47.85101214, -22.30761696], [-47.85090636, -22.30746359], [-47.85078678, -22.3072627], [-47.85062824, -22.30703861], [-47.85049438, -22.30676632], [-47.85024167, -22.30632895], [-47.84969489, -22.30594451], [-47.84912779, -22.30582313], [-47.84888209, -22.30576539], [-47.84869319, -22.30502639], [-47.84875019, -22.30492225], [-47.8486583, -22.30488991], [-47.8482655, -22.30475166], [-47.84772309, -22.30458207], [-47.8471543, -22.30437713], [-47.84658454, -22.30412443], [-47.84633693, -22.30393772], [-47.84619074, -22.30368953], [-47.84608158, -22.30336904], [-47.84614161, -22.30316499], [-47.84618687, -22.30286567], [-47.8462452, -22.30257806], [-47.84620938, -22.30207717], [-47.84622923, -22.30179024], [-47.84618566, -22.30154024], [-47.8460644, -22.30125579], [-47.8460477, -22.30106503], [-47.84610821, -22.30088485], [-47.84598599, -22.30055265], [-47.84583907, -22.30026864], [-47.8457425, -22.29993599], [-47.84564594, -22.29960334], [-47.84564086, -22.29935267], [-47.8456987, -22.29904119], [-47.84573017, -22.29869435], [-47.84604916, -22.29860516], [-47.84655863, -22.2984171], [-47.84679897, -22.29824571], [-47.84693499, -22.29799256], [-47.84701679, -22.29792182], [-47.84717459, -22.29778536], [-47.84735127, -22.29763896], [-47.84751343, -22.29740924], [-47.84767438, -22.29711983], [-47.84783411, -22.29677073], [-47.84799288, -22.29637389], [-47.847989, -22.29618291], [-47.84804781, -22.29591917], [-47.84810565, -22.29560769], [-47.8481906, -22.29536738], [-47.84833872, -22.29507819], [-47.8485604, -22.29462054], [-47.84860881, -22.2944764], [-47.84873986, -22.29429498], [-47.84886498, -22.29413755], [-47.84898986, -22.29396819], [-47.8490644, -22.29384747], [-47.84912466, -22.29365535], [-47.84911958, -22.29340468], [-47.84911522, -22.29318982], [-47.84911086, -22.29297496], [-47.84910602, -22.29273623], [-47.84903631, -22.29246281], [-47.84886424, -22.29220313], [-47.84880857, -22.29198917], [-47.84868756, -22.29171666], [-47.84855058, -22.29128919], [-47.84842884, -22.29098086], [-47.84834534, -22.29065992], [-47.84827855, -22.29052974], [-47.84818634, -22.29041195], [-47.84817037, -22.290257], [-47.8482437, -22.2900766], [-47.8483042, -22.28989642], [-47.84833953, -22.28974057], [-47.84838769, -22.28958449], [-47.8484085, -22.2893453], [-47.84846683, -22.2890577], [-47.8484753, -22.28884261], [-47.84850845, -22.28857933], [-47.84851547, -22.28829262], [-47.84871779, -22.28814578], [-47.84899634, -22.28796177], [-47.84919817, -22.28779105], [-47.84927053, -22.2875629], [-47.84938113, -22.28732214], [-47.84946559, -22.28705795], [-47.84956263, -22.28678161], [-47.84962047, -22.28647013], [-47.84958949, -22.28620797], [-47.84954617, -22.28596991], [-47.84953019, -22.28581496], [-47.84964248, -22.28565775], [-47.84954931, -22.28549222], [-47.84943121, -22.28536294], [-47.84937385, -22.28506542], [-47.84932835, -22.28471994], [-47.84924316, -22.28431544], [-47.84917347, -22.28404202], [-47.8491195, -22.28391162], [-47.84880925, -22.28379766], [-47.84843826, -22.28385194], [-47.84814326, -22.28385711], [-47.84800217, -22.28385959], [-47.84791215, -22.28384923], [-47.84756487, -22.28380756], [-47.84736909, -22.28364383], [-47.84725076, -22.28350261], [-47.84719389, -22.28322897], [-47.84715082, -22.28300284], [-47.84719801, -22.28279902], [-47.84725512, -22.28245173], [-47.84726263, -22.2821889], [-47.84710315, -22.28191705], [-47.84699813, -22.28179948], [-47.84660258, -22.28159149], [-47.84629186, -22.28145365], [-47.84596782, -22.28129216], [-47.84560507, -22.28111941], [-47.8455015, -22.28107346], [-47.84519295, -22.28104305], [-47.84488416, -22.2810007], [-47.84442122, -22.28094911], [-47.84412453, -22.28087072], [-47.84400596, -22.28071757], [-47.84393676, -22.28046802], [-47.843907, -22.28026555], [-47.84382545, -22.2800401], [-47.84376811, -22.27974258], [-47.84363599, -22.27955384], [-47.84359365, -22.27936352], [-47.84362778, -22.27914798], [-47.84371393, -22.27896736], [-47.84377492, -22.27881106], [-47.84373282, -22.27863268], [-47.84367693, -22.27840678], [-47.84364886, -22.27828786], [-47.84373719, -22.27821467], [-47.84385142, -22.27815296], [-47.84397895, -22.2781149], [-47.84404235, -22.27807797], [-47.84411713, -22.27796919], [-47.844076, -22.27783856], [-47.84403462, -22.27769599], [-47.84408279, -22.27753991], [-47.84412006, -22.27747956], [-47.84429768, -22.27738091], [-47.84444869, -22.27723497], [-47.84461252, -22.27708881], [-47.84464834, -22.27695683], [-47.84477491, -22.27687103], [-47.84487534, -22.2767618], [-47.84497553, -22.27664063], [-47.84508878, -22.27653117], [-47.84513839, -22.27644672], [-47.84522599, -22.27633771], [-47.8453228, -22.27604943], [-47.84533176, -22.27585822], [-47.8453533, -22.27565484], [-47.84537509, -22.2754634], [-47.84541066, -22.27531949], [-47.84549802, -22.27519855], [-47.84572477, -22.27499157], [-47.84572453, -22.27497964], [-47.84572115, -22.27481252], [-47.84574293, -22.27462108], [-47.84580464, -22.27450059], [-47.84584046, -22.27436861], [-47.84593968, -22.2741997], [-47.84588451, -22.27400961], [-47.84581507, -22.27374812], [-47.8457207, -22.2735229], [-47.84565392, -22.27339272], [-47.845561, -22.27323912], [-47.84553221, -22.27308439], [-47.84550293, -22.27290579], [-47.84549955, -22.27273867], [-47.8455073, -22.27248777], [-47.84546279, -22.27219003], [-47.84538245, -22.27202426], [-47.84527792, -22.27193057], [-47.84510757, -22.27175444], [-47.84500062, -22.27154138], [-47.84485616, -22.27137674], [-47.84468509, -22.2711648], [-47.84457983, -22.27103529], [-47.8444361, -22.27090646], [-47.84434584, -22.27088416], [-47.84423018, -22.27087424], [-47.84406249, -22.27082942], [-47.84394513, -22.27073595], [-47.84390497, -22.27065306], [-47.84378568, -22.2704641], [-47.84367921, -22.27027491], [-47.8436255, -22.27015644], [-47.84352073, -22.2700508], [-47.84342854, -22.26993301], [-47.84332522, -22.26989899], [-47.84318342, -22.26986566], [-47.84300121, -22.2697375], [-47.84294774, -22.26963096], [-47.84294533, -22.2695116], [-47.84291799, -22.26942849], [-47.84283935, -22.26934628], [-47.84276047, -22.26925213], [-47.84265618, -22.26917037], [-47.84255117, -22.2690528], [-47.84243454, -22.26899514], [-47.84238324, -22.26899603], [-47.8422683, -22.26902193], [-47.8420631, -22.26902552], [-47.84192155, -22.26900412], [-47.84185766, -22.26901718], [-47.84167763, -22.26899645], [-47.84145864, -22.26895252], [-47.84132991, -22.26893089], [-47.84120118, -22.26890926], [-47.84103422, -22.26890024], [-47.84089218, -22.26885497], [-47.84076321, -22.2688214], [-47.84054326, -22.26872972], [-47.84034944, -22.26866147], [-47.84018271, -22.26866438], [-47.83988895, -22.26872923], [-47.83970988, -22.26875624], [-47.83953009, -22.26874745], [-47.83940088, -22.26870194], [-47.83927143, -22.2686445], [-47.83921964, -22.26862153], [-47.83912987, -22.2686231], [-47.8390021, -22.26864922], [-47.83892491, -22.26863862], [-47.8386689, -22.26866698], [-47.83847653, -22.26867035], [-47.83833497, -22.26864894], [-47.83820768, -22.26869893], [-47.83813218, -22.2687719], [-47.83801893, -22.26888135], [-47.83785268, -22.26890814], [-47.83777573, -22.26890948], [-47.83767771, -22.26913808], [-47.83766754, -22.26926961], [-47.83765712, -22.2693892], [-47.83760703, -22.26944978], [-47.83743133, -22.26964391], [-47.83718742, -22.26963623], [-47.8371378, -22.26972069], [-47.8370906, -22.26992451], [-47.83705549, -22.2700923], [-47.83699595, -22.27032022], [-47.83691002, -22.27051278], [-47.83696789, -22.2702013], [-47.83695121, -22.27001053], [-47.83690912, -22.26983215], [-47.83672283, -22.26950106], [-47.83659169, -22.26936006], [-47.83648596, -22.26920667], [-47.83643129, -22.26904045], [-47.83645453, -22.26892064], [-47.83645068, -22.26872965], [-47.83648482, -22.26851411], [-47.83648409, -22.26847805], [-47.83647831, -22.26819181], [-47.83647374, -22.26796501], [-47.83647013, -22.26778596], [-47.8364399, -22.26755961], [-47.83646387, -22.2674756], [-47.83646146, -22.26735623], [-47.83640679, -22.26719001], [-47.83636639, -22.26709519], [-47.83639035, -22.26701118], [-47.83634875, -22.26685668], [-47.83632021, -22.26671388], [-47.83632798, -22.26646298], [-47.83631299, -22.26635578], [-47.8362467, -22.26624947], [-47.83602434, -22.26603841], [-47.83599725, -22.26596724], [-47.83599653, -22.26593143], [-47.83603284, -22.26582332], [-47.8361606, -22.26579721], [-47.83621021, -22.26571275], [-47.83633798, -22.26568664], [-47.83638687, -22.26556637], [-47.8365507, -22.26542022], [-47.8366896, -22.26531032], [-47.83680286, -22.26520087], [-47.83683965, -22.26511664], [-47.83693911, -22.26495967], [-47.83711625, -22.26483716], [-47.83721788, -22.26478762], [-47.83735847, -22.26476128], [-47.83756198, -22.26467414], [-47.83779803, -22.26461031], [-47.83796185, -22.26446415], [-47.83815109, -22.26430561], [-47.83844196, -22.26409752], [-47.83854287, -22.26401217], [-47.83859296, -22.26395159], [-47.83867888, -22.26375903], [-47.83874011, -22.26361467], [-47.83876238, -22.2634471], [-47.83877015, -22.2631962], [-47.83871548, -22.26302999], [-47.83860951, -22.26286466], [-47.83847813, -22.26271173], [-47.83832015, -22.26251149], [-47.83825458, -22.26244099], [-47.83810942, -22.26224053], [-47.83799231, -22.26215899], [-47.83782247, -22.26200672], [-47.8376531, -22.26187833], [-47.8375493, -22.26182044], [-47.83737898, -22.2616443], [-47.837288, -22.26158619], [-47.83715832, -22.26151681], [-47.83702839, -22.26143549], [-47.83697493, -22.26132895], [-47.83694639, -22.26118616], [-47.83695705, -22.2610785], [-47.8370432, -22.26089788], [-47.83696241, -22.26070824], [-47.83685692, -22.26056679], [-47.83673693, -22.260342], [-47.83665879, -22.26028366], [-47.83649135, -22.26025077], [-47.83627093, -22.2601352], [-47.83612818, -22.26005411], [-47.83599994, -22.26005635], [-47.83584605, -22.26005904], [-47.83557626, -22.26003987], [-47.83542189, -22.26001868], [-47.83536939, -22.25995989], [-47.83530239, -22.25981777], [-47.83528547, -22.25961507], [-47.83525694, -22.25947227], [-47.8352163, -22.25936551], [-47.83516212, -22.25922317], [-47.83515971, -22.2591038], [-47.83510577, -22.25897339], [-47.83502546, -22.25880761], [-47.83495821, -22.25865355], [-47.83489048, -22.25847562], [-47.83477338, -22.25839408], [-47.83470638, -22.25825195], [-47.83466622, -22.25816907], [-47.83465171, -22.25808573], [-47.83461035, -22.25794316], [-47.83458158, -22.25778843], [-47.83457893, -22.25765712], [-47.83440982, -22.25754066], [-47.83433191, -22.25749426], [-47.8341628, -22.2573778], [-47.83399368, -22.25726134], [-47.83396659, -22.25719017], [-47.83396443, -22.25708273], [-47.83398695, -22.25692711], [-47.83398407, -22.25678386], [-47.83391706, -22.25664174], [-47.83377359, -22.25652483], [-47.83376005, -22.25648925], [-47.83370731, -22.25641852], [-47.83370443, -22.25627528], [-47.8337025, -22.25617978], [-47.833688, -22.25609645], [-47.83360841, -22.25596648], [-47.83355519, -22.25587188], [-47.83343761, -22.25576646], [-47.83331956, -22.25563717], [-47.83325704, -22.25539944], [-47.83322755, -22.2552089], [-47.83313466, -22.25505528], [-47.83287458, -22.2548807], [-47.83264231, -22.25481311], [-47.83224238, -22.25470067], [-47.83203503, -22.25459682], [-47.83197276, -22.25437102], [-47.83190408, -22.25414534], [-47.83178482, -22.25395636], [-47.83155184, -22.25385295], [-47.83101766, -22.25344433], [-47.83033556, -22.25327705], [-47.83015392, -22.2532325], [-47.82880529, -22.25314853], [-47.82819069, -22.253207], [-47.82783161, -22.25321325], [-47.82705976, -22.25310727], [-47.82694207, -22.25299588], [-47.82682402, -22.25286658], [-47.82671191, -22.2527133], [-47.82667661, -22.25255271], [-47.82660926, -22.25239268], [-47.826595, -22.25232128], [-47.8265793, -22.25217826], [-47.82655634, -22.25199357], [-47.8265416, -22.2518983], [-47.82648162, -22.2517859], [-47.82644087, -22.25167317], [-47.82634302, -22.25159129], [-47.8262188, -22.25147404], [-47.82612071, -22.25138022], [-47.82597869, -22.25133492], [-47.82579156, -22.25127848], [-47.82561167, -22.25126369], [-47.82548284, -22.25123608], [-47.82529642, -22.25121544], [-47.8251417, -22.25117634], [-47.82483574, -22.25127122], [-47.82464459, -22.25133425], [-47.82440238, -22.25141011], [-47.82425042, -22.25150828], [-47.82396027, -22.25175215], [-47.82377127, -22.25192261], [-47.8235329, -22.25218946], [-47.82344625, -22.2523462], [-47.82334581, -22.25245542], [-47.82315777, -22.25267362], [-47.82250454, -22.25304321], [-47.82218755, -22.25322784], [-47.82178198, -22.25347371], [-47.82167184, -22.25373833], [-47.82138623, -22.25420899], [-47.82108851, -22.25471569], [-47.82114699, -22.25507291], [-47.82113823, -22.25527606], [-47.82112708, -22.25535984], [-47.82051824, -22.25570477], [-47.81997208, -22.25597696], [-47.81974388, -22.25611227], [-47.81936635, -22.25647706], [-47.81912676, -22.25668422], [-47.81891449, -22.25697449], [-47.81871529, -22.25727648], [-47.8186182, -22.25755281], [-47.81861796, -22.25757174], [-47.81861326, -22.25794696], [-47.81860403, -22.25812623], [-47.81811492, -22.25839626], [-47.81804575, -22.25843445], [-47.81762471, -22.25854923], [-47.81716591, -22.25870048], [-47.81683439, -22.25880176], [-47.81654278, -22.258974], [-47.81624998, -22.25908655], [-47.81572921, -22.25934634], [-47.81536232, -22.25960347], [-47.81506028, -22.2598953], [-47.81479765, -22.2602342], [-47.81460983, -22.26046434], [-47.81433203, -22.26100651], [-47.81426225, -22.26136595], [-47.8140557, -22.26194271], [-47.81385129, -22.2626269], [-47.81375491, -22.26293904], [-47.81369795, -22.26329826], [-47.81359041, -22.26369418], [-47.81349426, -22.26401826], [-47.81339572, -22.26422297], [-47.81324469, -22.26436888], [-47.81288846, -22.26451835], [-47.81227336, -22.26455288], [-47.81181262, -22.26460863], [-47.81146683, -22.2646385], [-47.81103389, -22.26480123], [-47.81078074, -22.26497279], [-47.81047557, -22.26510943], [-47.81015662, -22.26519854], [-47.81010535, -22.26516799], [-47.80986449, -22.26502448], [-47.80966878, -22.26486069], [-47.80953814, -22.26474354], [-47.80916432, -22.26465448], [-47.80888098, -22.26459968], [-47.80863707, -22.26459196], [-47.80843164, -22.26458357], [-47.80825257, -22.26461055], [-47.80806115, -22.26466163], [-47.80801057, -22.26469832], [-47.80777996, -22.26471425], [-47.80754983, -22.26475406], [-47.80729548, -22.26486593], [-47.80695255, -22.26503903], [-47.80678868, -22.26518516], [-47.80658658, -22.26534389], [-47.80639778, -22.26552627], [-47.80634839, -22.26562266], [-47.80580656, -22.26595444], [-47.80560446, -22.26611317], [-47.80546767, -22.26633047], [-47.80530642, -22.26660791], [-47.80516868, -22.26677746], [-47.80486422, -22.2669499], [-47.80472457, -22.26702396], [-47.80450988, -22.26719485], [-47.80442272, -22.26732771], [-47.80437499, -22.26750765], [-47.80432536, -22.2675921], [-47.80431325, -22.26762813], [-47.80427715, -22.26774817], [-47.80422966, -22.26794005], [-47.80420782, -22.26813148], [-47.80397673, -22.26812354], [-47.80377105, -22.26810321], [-47.80366774, -22.26806917], [-47.80357725, -22.26803491], [-47.80339436, -22.26787089], [-47.80328915, -22.26774135], [-47.80324686, -22.26755102], [-47.80317869, -22.2673492], [-47.80309889, -22.26720728], [-47.80296921, -22.26713787], [-47.80282647, -22.26705675], [-47.80264549, -22.26698823], [-47.80245169, -22.26691993], [-47.80218165, -22.26688876], [-47.80209092, -22.26684256], [-47.80186007, -22.26684655], [-47.80164205, -22.26685031], [-47.8014112, -22.2668543], [-47.80113071, -22.26694273], [-47.80091364, -22.26699424], [-47.80076045, -22.2670327], [-47.8006322, -22.26703492], [-47.80026004, -22.2670294], [-47.79996435, -22.26699867], [-47.7996309, -22.26700443], [-47.79943899, -22.26703162], [-47.79924662, -22.26703493], [-47.79909296, -22.26704953], [-47.79877779, -22.2670072], [-47.79858423, -22.26695083], [-47.79841631, -22.26689401], [-47.79814628, -22.26686285], [-47.79786412, -22.26686771], [-47.79742902, -22.26692297], [-47.7970571, -22.26692938], [-47.79669894, -22.26698332], [-47.79643033, -22.26702377], [-47.79616219, -22.2670881], [-47.79601019, -22.26718625], [-47.79569597, -22.26751407], [-47.79549504, -22.26773248], [-47.79531857, -22.26789075], [-47.79522048, -22.26811933], [-47.79516371, -22.26849048], [-47.79505326, -22.26874315], [-47.79502495, -22.26879273], [-47.79492928, -22.26896023], [-47.79468845, -22.26910767], [-47.79442244, -22.26927943], [-47.79422032, -22.26943815], [-47.79408398, -22.26967932], [-47.79415214, -22.26988115], [-47.79382486, -22.26987484], [-47.79352821, -22.26979636], [-47.79316649, -22.26967123], [-47.79293303, -22.26954389], [-47.79277628, -22.26940329], [-47.79236138, -22.26918356], [-47.79208897, -22.26903301], [-47.79188795, -22.26893177], [-47.79179091, -22.2688829], [-47.79153156, -22.26874407], [-47.79136317, -22.26866337], [-47.79126009, -22.26864126], [-47.79101523, -22.26858577], [-47.79069246, -22.26848385], [-47.79027992, -22.26838347], [-47.79000846, -22.26828066], [-47.78977571, -22.26818913], [-47.78940165, -22.26808809], [-47.78915584, -22.26798484], [-47.78898816, -22.26793995], [-47.7887946, -22.26788357], [-47.78834692, -22.26762855], [-47.78781541, -22.26735109], [-47.78723165, -22.26702676], [-47.78673932, -22.26678444], [-47.78629948, -22.26660093], [-47.78601473, -22.26647446], [-47.78566679, -22.26639685], [-47.78534498, -22.26634266], [-47.78494669, -22.26631367], [-47.7845857, -22.26622433], [-47.78432565, -22.26604967], [-47.78411738, -22.26589801], [-47.78388321, -22.26573484], [-47.78363552, -22.26553609], [-47.78332299, -22.26530262], [-47.7829587, -22.26504615], [-47.7828022, -22.26491748], [-47.78221157, -22.26456936], [-47.78198239, -22.26444754], [-47.78160219, -22.26424545], [-47.78101751, -22.26387334], [-47.78066604, -22.26361665], [-47.78041859, -22.26342983], [-47.78004337, -22.26326907], [-47.7794513, -22.26317174], [-47.77905184, -22.26308304], [-47.77874121, -22.26294506], [-47.77845647, -22.26281858], [-47.77832633, -22.26272528], [-47.77819667, -22.26265585], [-47.77794922, -22.26246902], [-47.77768872, -22.26227047], [-47.77738903, -22.26203677], [-47.7771663, -22.26180175], [-47.77685049, -22.26140115], [-47.77659904, -22.26101138], [-47.77646632, -22.26078676], [-47.77618314, -22.26057666], [-47.77574192, -22.26032149], [-47.77527846, -22.26002634], [-47.77496396, -22.25990489], [-47.77469134, -22.25974237], [-47.77443896, -22.25930485], [-47.77412293, -22.2588923], [-47.77343333, -22.25840262], [-47.7725542, -22.25805938], [-47.77250173, -22.25800057], [-47.77224944, -22.25773023], [-47.7720652, -22.25749454], [-47.77186719, -22.25721133], [-47.77169647, -22.25701124], [-47.77147352, -22.25676427], [-47.77130186, -22.25651643], [-47.77130764, -22.25615809], [-47.77135494, -22.25595428], [-47.77146519, -22.25568969], [-47.77160296, -22.25552016], [-47.77183074, -22.25536103], [-47.77184169, -22.25526531], [-47.77187757, -22.25513334], [-47.77183299, -22.25482362], [-47.77169886, -22.25452738], [-47.77152792, -22.25431535], [-47.77137003, -22.25411504], [-47.77125038, -22.25390213], [-47.77119744, -22.25381945], [-47.77111814, -22.25370138], [-47.77088143, -22.25340689], [-47.7706846, -22.25318336], [-47.77054095, -22.25305445], [-47.77030683, -22.25289126], [-47.77021542, -22.25280923], [-47.77013589, -22.25267923], [-47.77013448, -22.25260761], [-47.76991545, -22.2523964], [-47.76975803, -22.25221996], [-47.76948426, -22.25199774], [-47.76918508, -22.25178789], [-47.76909273, -22.25165811], [-47.76900109, -22.25156414], [-47.76890897, -22.2514463], [-47.76876391, -22.25124576], [-47.76857686, -22.25086682], [-47.76847028, -22.25066564], [-47.76845699, -22.25064198], [-47.76842899, -22.25052304], [-47.76842641, -22.25039173], [-47.76853783, -22.25018682], [-47.7686222, -22.24991073], [-47.7686928, -22.24958711], [-47.76864634, -22.24918189], [-47.76860412, -22.24899154], [-47.76861107, -22.24869289], [-47.76857392, -22.24810839], [-47.76857899, -22.24771423], [-47.7685743, -22.24747548], [-47.76855513, -22.24715339], [-47.7684828, -22.24673667], [-47.76841399, -22.24649901], [-47.76837152, -22.24629673], [-47.76836871, -22.24615348], [-47.76836378, -22.24590279], [-47.76829144, -22.24548607], [-47.76826063, -22.24522388], [-47.76812489, -22.24484406], [-47.76793926, -22.24453675], [-47.76779186, -22.24421684], [-47.76751389, -22.24377974], [-47.76735579, -22.24356748], [-47.76721074, -22.24336695], [-47.76709275, -22.2432376], [-47.76688101, -22.24290684], [-47.76657646, -22.24242243], [-47.76636519, -22.24211555], [-47.76619404, -22.24189157], [-47.76601053, -22.24169169], [-47.76578644, -22.24138502], [-47.7656048, -22.24128064], [-47.76547399, -22.24115151], [-47.76541848, -22.24093751], [-47.76528041, -22.24043831], [-47.76523584, -22.24012859], [-47.76514069, -22.23985556], [-47.76505953, -22.23964199], [-47.76491543, -22.2394892], [-47.76480816, -22.2392522], [-47.76474077, -22.23908616], [-47.76464655, -22.23886087], [-47.76462083, -22.23869413], [-47.76459027, -22.23844388], [-47.76454664, -22.23818191], [-47.76444125, -22.2380404], [-47.76433703, -22.23795858], [-47.7642468, -22.23793624], [-47.76409222, -22.23790304], [-47.76465619, -22.2378815], [-47.76487254, -22.23779423], [-47.76510124, -22.23768287], [-47.76527888, -22.23758431], [-47.76531688, -22.23755978], [-47.76553088, -22.23735313], [-47.765643, -22.23718404], [-47.76575583, -22.23705077], [-47.76595794, -22.23689209], [-47.76622394, -22.23672038], [-47.76645076, -22.23651351], [-47.76667258, -22.23637838], [-47.76685022, -22.23627982], [-47.76705397, -22.2362047], [-47.76734795, -22.23615193], [-47.76770393, -22.23599063], [-47.76795197, -22.23586984], [-47.76803427, -22.23582976], [-47.76836367, -22.23562114], [-47.76864248, -22.23544921], [-47.76882012, -22.23535065], [-47.76895811, -22.23519306], [-47.76914998, -22.23516591], [-47.76948078, -22.23502892], [-47.76974818, -22.23492883], [-47.77027179, -22.23481243], [-47.77077928, -22.23452912], [-47.77086857, -22.23447447], [-47.77102009, -22.23438172], [-47.77145018, -22.23407585], [-47.77175416, -22.2338796], [-47.77209613, -22.23365882], [-47.77237376, -22.23342719], [-47.77267703, -22.23319513], [-47.77295418, -22.23293963], [-47.77318834, -22.2327804], [-47.77363101, -22.23246236], [-47.77382042, -22.23227289], [-47.77398321, -22.23211005], [-47.77420884, -22.23184349], [-47.77440858, -22.23156542], [-47.77455002, -22.23131076], [-47.77465633, -22.23111936], [-47.77476843, -22.23095026], [-47.77487725, -22.23061404], [-47.77498653, -22.2303017], [-47.77508464, -22.23007314], [-47.77514499, -22.22988104], [-47.77520581, -22.22971282], [-47.77536708, -22.22943541], [-47.77552742, -22.22911026], [-47.77578609, -22.22856847], [-47.7759476, -22.228303], [-47.77610958, -22.22806141], [-47.77620933, -22.22791641], [-47.77635614, -22.22755565], [-47.77647612, -22.22713565], [-47.77664739, -22.22671478], [-47.77678208, -22.22639006], [-47.77685525, -22.22619774], [-47.77687901, -22.2261018], [-47.7768883, -22.22592252], [-47.77688383, -22.22569571], [-47.77687865, -22.22543309], [-47.77687348, -22.22517046], [-47.77702546, -22.22507234], [-47.77726389, -22.22480555], [-47.77740045, -22.22457633], [-47.77750185, -22.22451489], [-47.77754725, -22.22421558], [-47.77752761, -22.22386961], [-47.77744574, -22.22362024], [-47.77727389, -22.22336046], [-47.7771799, -22.22314712], [-47.7771225, -22.22283762], [-47.77710733, -22.22271847], [-47.77705299, -22.22256416], [-47.77689537, -22.22237578], [-47.7766473, -22.22215313], [-47.77643769, -22.22192982], [-47.77634512, -22.22178811], [-47.77626513, -22.22163423], [-47.77622479, -22.22153939], [-47.77620891, -22.22138442], [-47.77620797, -22.22133667], [-47.77624244, -22.22113308], [-47.77632278, -22.22065405], [-47.77640571, -22.22030633], [-47.7764637, -22.21999486], [-47.77653357, -22.21963542], [-47.77653934, -22.21927708], [-47.77654487, -22.2189068], [-47.77659333, -22.21876267], [-47.77671402, -22.21837849], [-47.77684752, -22.21799408], [-47.77691857, -22.21769433], [-47.77696538, -22.21746664], [-47.77684624, -22.21727761], [-47.77663664, -22.2170543], [-47.77651843, -22.21691302], [-47.77633753, -22.21684446], [-47.77620697, -22.21672728], [-47.77606006, -22.21643125], [-47.77594092, -22.21624222], [-47.77584694, -22.21602888], [-47.77582472, -22.21555159], [-47.7758072, -22.21531306], [-47.77572322, -22.21495625], [-47.77562831, -22.21469516], [-47.77558797, -22.21460032], [-47.77532615, -22.21433013], [-47.77492308, -22.21405041], [-47.77457176, -22.21379369], [-47.77436287, -22.21360619], [-47.77417916, -22.21339438], [-47.77403484, -22.21322966], [-47.77367165, -22.21302091], [-47.77339866, -22.2128345], [-47.77308627, -22.21260099], [-47.77290209, -22.2123653], [-47.77257713, -22.21214396], [-47.77219017, -22.21203114], [-47.7718004, -22.21177507], [-47.77148872, -22.21157737], [-47.77129313, -22.21141352], [-47.77114859, -22.21123677], [-47.77113038, -22.21096242], [-47.77118767, -22.21061514], [-47.7713079, -22.21020708], [-47.77135261, -22.20987196], [-47.77132134, -22.20958589], [-47.77116234, -22.20932589], [-47.77106674, -22.20902898], [-47.77100865, -22.20868366], [-47.77096292, -22.20831425], [-47.77104234, -22.20778747], [-47.77112223, -22.20728457], [-47.77121799, -22.20693663], [-47.77123871, -22.20668551], [-47.77132469, -22.20649298], [-47.77144914, -22.20629979], [-47.77143303, -22.20613289], [-47.771354, -22.20602676], [-47.77132532, -22.20587201], [-47.77130663, -22.20557379], [-47.77138074, -22.20542923], [-47.77158187, -22.20522279], [-47.77183591, -22.20509905], [-47.772179, -22.20493796], [-47.77239318, -22.20474325], [-47.77254279, -22.20452575], [-47.77267794, -22.20422491], [-47.77277416, -22.20390085], [-47.77289555, -22.20355248], [-47.77297989, -22.20327638], [-47.7730124, -22.20310182], [-47.77303789, -22.20296492], [-47.77309659, -22.20268926], [-47.77309284, -22.20249826], [-47.77310167, -22.2022951], [-47.77317553, -22.2021386], [-47.77341629, -22.2019912], [-47.77370902, -22.20187874], [-47.77384511, -22.20162565], [-47.77395367, -22.20127749], [-47.7740012, -22.20108562], [-47.77406107, -22.20086965], [-47.77410836, -22.20066584], [-47.774144, -22.20052193], [-47.77426593, -22.20036461], [-47.77439225, -22.20026693], [-47.77459759, -22.20027537], [-47.77445376, -22.20013452], [-47.77430853, -22.19992205], [-47.77411037, -22.19962689], [-47.77391081, -22.1992601], [-47.77376416, -22.19897601], [-47.77363198, -22.19877525], [-47.77337466, -22.19873187], [-47.77310617, -22.19877228], [-47.7727631, -22.19893336], [-47.77239111, -22.19892776], [-47.77210627, -22.19878931], [-47.77189648, -22.19855406], [-47.77169739, -22.19821114], [-47.77136151, -22.19808551], [-47.77109091, -22.19801847], [-47.77090933, -22.19791408], [-47.7707881, -22.19761761], [-47.77074448, -22.19735564], [-47.77063678, -22.19709476], [-47.77045169, -22.19681131], [-47.77033256, -22.19662227], [-47.77011206, -22.19649467], [-47.76991814, -22.19641438], [-47.76973399, -22.19617868], [-47.76965606, -22.19596506], [-47.76947144, -22.19570549], [-47.76927471, -22.19548195], [-47.76912925, -22.19525753], [-47.76902366, -22.19510409], [-47.76890477, -22.19492699], [-47.76882482, -22.19477311], [-47.768681, -22.19463226], [-47.76853718, -22.19449141], [-47.76843229, -22.19437377], [-47.76820899, -22.19410292], [-47.76807798, -22.19396184], [-47.76791899, -22.1937018], [-47.76781081, -22.19341701], [-47.76774109, -22.19313157], [-47.76776064, -22.19282073], [-47.76769921, -22.19263069], [-47.76751411, -22.19234721], [-47.76739358, -22.19208652], [-47.76731245, -22.19187293], [-47.76727048, -22.1916945], [-47.7672411, -22.19150392], [-47.76729841, -22.1911566], [-47.76731632, -22.19076219], [-47.76742632, -22.19048563], [-47.76747965, -22.18993536], [-47.76752414, -22.18958826], [-47.76751806, -22.18927785], [-47.76753761, -22.18896701], [-47.76750729, -22.18872867], [-47.76747627, -22.18845451], [-47.76744986, -22.18825193], [-47.76742908, -22.18784623], [-47.76746075, -22.18749935], [-47.76750665, -22.18722389], [-47.76753902, -22.18691283], [-47.76748227, -22.1867107], [-47.76726015, -22.18649953], [-47.76705202, -22.18634782], [-47.76667866, -22.18627058], [-47.76630576, -22.1862172], [-47.76566438, -22.18620422], [-47.76524162, -22.18622334], [-47.76467949, -22.18632842], [-47.76481207, -22.18589627], [-47.76499757, -22.18554681], [-47.76504299, -22.1852475], [-47.76510241, -22.18500765], [-47.76530793, -22.18437125], [-47.76557963, -22.1838412], [-47.7658418, -22.1834785], [-47.76544599, -22.18356889], [-47.76517892, -22.18368091], [-47.76464219, -22.18377361], [-47.76411664, -22.18378254], [-47.76374352, -22.18371722], [-47.7633289, -22.18349736], [-47.76310912, -22.18340556], [-47.76294347, -22.18337128], [-47.76273576, -22.1833283], [-47.76238757, -22.18322673], [-47.76205266, -22.18314882], [-47.76173057, -22.18307069], [-47.7613444, -22.18299365], [-47.75983694, -22.18073262], [-47.75976481, -22.18024799], [-47.75968298, -22.17976332], [-47.75957608, -22.17943304], [-47.75936964, -22.17903182], [-47.75905811, -22.17850634], [-47.75882306, -22.17819354], [-47.75857937, -22.17786624], [-47.75827098, -22.17748081], [-47.75780078, -22.17687779], [-47.75734746, -22.17638418], [-47.7568617, -22.17578831], [-47.75653547, -22.17529347], [-47.75652502, -22.175245], [-47.75647151, -22.17525425], [-47.75633098, -22.17528051], [-47.75619022, -22.17529483], [-47.75612614, -22.17529592], [-47.75602313, -22.17527378], [-47.75586839, -22.17522863], [-47.75571365, -22.17518348], [-47.75559782, -22.17516155], [-47.75546918, -22.17513985], [-47.75528997, -22.17515482], [-47.75503386, -22.17517109], [-47.75482947, -22.17521038], [-47.75465096, -22.17526117], [-47.75435802, -22.17536166], [-47.75427474, -22.17538771], [-47.75411588, -22.1754374], [-47.75392455, -22.17548841], [-47.75370852, -22.17558759], [-47.75349248, -22.17568678], [-47.7532, -22.17581115], [-47.75302195, -22.17588581], [-47.75290799, -22.17595939], [-47.75274276, -22.17603383], [-47.7526281, -22.1760716], [-47.75246217, -22.17611023], [-47.75224473, -22.17613779], [-47.75206552, -22.17615276], [-47.75195016, -22.17615471], [-47.75187325, -22.17615601], [-47.75178307, -22.17613365], [-47.75162786, -22.17606462], [-47.75157543, -22.17600579], [-47.75153581, -22.17594675], [-47.75141999, -22.17592483], [-47.75132957, -22.17589053], [-47.75120023, -22.175833], [-47.75100587, -22.17572881], [-47.75083645, -22.17558837], [-47.75074324, -22.17541081], [-47.75072903, -22.1753394], [-47.75073488, -22.17498104], [-47.75067896, -22.17474315], [-47.75058552, -22.17455365], [-47.75039046, -22.17441364], [-47.75022105, -22.1742732], [-47.75007843, -22.17419201], [-47.75003789, -22.17408522], [-47.74994491, -22.1739196], [-47.74985194, -22.17375398], [-47.749707, -22.17355342], [-47.74954993, -22.17338888], [-47.74935396, -22.17320112], [-47.74917126, -22.17303701], [-47.74897528, -22.17284925], [-47.74879259, -22.17268514], [-47.74861152, -22.17260461], [-47.74841671, -22.17247653], [-47.74806925, -22.17241074], [-47.74781197, -22.17236731], [-47.74773391, -22.17230892], [-47.74766889, -22.17226225], [-47.74762858, -22.17216739], [-47.74751202, -22.17194246], [-47.74736709, -22.17174189], [-47.74722192, -22.17152938], [-47.74697468, -22.17134248], [-47.74672674, -22.17111977], [-47.74646738, -22.17096889], [-47.74615745, -22.1708547], [-47.74595098, -22.17078653], [-47.74583423, -22.17071684], [-47.7456646, -22.17056446], [-47.74543041, -22.17038927], [-47.74529852, -22.17020042], [-47.74514194, -22.17005976], [-47.74486837, -22.16983747], [-47.74450625, -22.16967638], [-47.7441835, -22.1695624], [-47.74397657, -22.16947035], [-47.74374378, -22.16936679], [-47.74343408, -22.16926453], [-47.74325302, -22.16918398], [-47.74308524, -22.1691271], [-47.74269177, -22.16900236], [-47.74234409, -22.16892462], [-47.74215091, -22.16888011], [-47.74177898, -22.16887442], [-47.74157483, -22.16892563], [-47.74138443, -22.16902437], [-47.74111689, -22.16911247], [-47.74077222, -22.16918992], [-47.74037512, -22.16920854], [-47.7400279, -22.16915467], [-47.73968069, -22.1691008], [-47.7394472, -22.16896142], [-47.7394181, -22.16878278], [-47.7393883, -22.16856832], [-47.73938413, -22.16835344], [-47.73931519, -22.16810381], [-47.73922176, -22.16791431], [-47.73916726, -22.16774804], [-47.73906125, -22.16757069], [-47.73895432, -22.16734559], [-47.73878377, -22.16714544], [-47.73869058, -22.16696787], [-47.73857106, -22.16675493], [-47.73864241, -22.16646712], [-47.73866272, -22.16619211], [-47.73871006, -22.1659883], [-47.73864274, -22.16582224], [-47.73857403, -22.16558455], [-47.73839043, -22.16537268], [-47.73819563, -22.16524459], [-47.73798571, -22.16499733], [-47.73768699, -22.16479934], [-47.7374915, -22.16463543], [-47.73728389, -22.16450756], [-47.73712755, -22.16437882], [-47.73704788, -22.16423686], [-47.73700688, -22.16410618], [-47.73702928, -22.16393862], [-47.73718827, -22.16354186], [-47.73736262, -22.1632762], [-47.7375985, -22.16287815], [-47.73774606, -22.16255323], [-47.73789731, -22.16241933], [-47.73826275, -22.16209075], [-47.73855383, -22.16189478], [-47.73878221, -22.16177152], [-47.73895886, -22.16162525], [-47.73922132, -22.16142641], [-47.73942636, -22.16127107], [-47.73990853, -22.16101218], [-47.74009869, -22.1609015], [-47.74033803, -22.16068252], [-47.74051445, -22.16052431], [-47.74066547, -22.16037846], [-47.74080228, -22.1601612], [-47.74085008, -22.15998127], [-47.7408981, -22.15981327], [-47.74098527, -22.15968044], [-47.74102279, -22.15963204], [-47.74121365, -22.15955718], [-47.74142898, -22.15942219], [-47.74168391, -22.15934625], [-47.74182304, -22.15924837], [-47.7418594, -22.15914028], [-47.74185663, -22.15899702], [-47.74190511, -22.1588529], [-47.74195314, -22.15868491], [-47.74200232, -22.1585766], [-47.74210184, -22.15841968], [-47.74209998, -22.15832417], [-47.74205853, -22.15816962], [-47.74200402, -22.15800335], [-47.74198518, -22.15769318], [-47.74203321, -22.15752518], [-47.74222105, -22.15729512], [-47.74241074, -22.15716056], [-47.7425345, -22.15693158], [-47.74254361, -22.15674035], [-47.74256531, -22.15653697], [-47.74256068, -22.15629821], [-47.7425691, -22.15607117], [-47.74254045, -22.1559164], [-47.742637, -22.15577147], [-47.74287633, -22.15555249], [-47.74307838, -22.15539384], [-47.74338225, -22.15519765], [-47.74358313, -22.15497932], [-47.74365725, -22.15483476], [-47.74375561, -22.15461815], [-47.74375259, -22.15446295], [-47.74379737, -22.15412782], [-47.7438037, -22.15379334], [-47.74387434, -22.15346971], [-47.74386971, -22.15323095], [-47.74384084, -22.15306425], [-47.74379892, -22.15288582], [-47.74379567, -22.15271869], [-47.7437526, -22.15248057], [-47.74394475, -22.15214296], [-47.74418994, -22.15156561], [-47.7444356, -22.15101214], [-47.74470734, -22.15048211], [-47.74495763, -22.1501674], [-47.74518228, -22.14985313], [-47.74538084, -22.14951541], [-47.74539952, -22.14915683], [-47.74544429, -22.1488217], [-47.74523276, -22.14849088], [-47.74494341, -22.14811361], [-47.74473235, -22.14780667], [-47.74459818, -22.14749843], [-47.74459216, -22.14718804], [-47.74460713, -22.14663845], [-47.74462581, -22.14627988], [-47.74461284, -22.14561134], [-47.74460204, -22.14538462], [-47.74437886, -22.14511371], [-47.74419459, -22.14486603], [-47.74402522, -22.14472558], [-47.74380528, -22.1446218], [-47.74370122, -22.14458231], [-47.74353409, -22.14451888], [-47.74323703, -22.14440446], [-47.74292739, -22.14430219], [-47.74270699, -22.14417454], [-47.74278203, -22.14407774], [-47.7429284, -22.14369313], [-47.7429599, -22.14333434], [-47.74304405, -22.14304631], [-47.74306436, -22.1427713], [-47.74309563, -22.14240057], [-47.7430626, -22.14201898], [-47.74290165, -22.14165148], [-47.74283248, -22.14138992], [-47.74291825, -22.14118546], [-47.74311958, -22.140991], [-47.74336051, -22.14085558], [-47.74373758, -22.14063428], [-47.74402768, -22.14039056], [-47.74427749, -22.14005198], [-47.74452799, -22.13974921], [-47.74471418, -22.13943558], [-47.74495279, -22.13918078], [-47.74522962, -22.1389134], [-47.74554372, -22.13858567], [-47.74578395, -22.13841444], [-47.74605212, -22.13836215], [-47.74632383, -22.13830994], [-47.74646079, -22.13828362], [-47.74686876, -22.13816927], [-47.74725133, -22.13806729], [-47.74756983, -22.13796638], [-47.74783731, -22.13787828], [-47.74809926, -22.13767085], [-47.74824793, -22.13740562], [-47.74828012, -22.13708265], [-47.74814757, -22.13685798], [-47.74786056, -22.13660009], [-47.74768888, -22.13634026], [-47.74759352, -22.13609898], [-47.74758104, -22.13606741], [-47.74744456, -22.13563979], [-47.74736095, -22.13529488], [-47.74734304, -22.13503246], [-47.74741413, -22.13473271], [-47.74746168, -22.13454084], [-47.74748175, -22.13425389], [-47.74744848, -22.13386036], [-47.74746669, -22.13347791], [-47.74743342, -22.13308438], [-47.74737429, -22.13267935], [-47.74726668, -22.13241843], [-47.74699157, -22.13211257], [-47.74680639, -22.13181714], [-47.74654201, -22.13140362], [-47.74642136, -22.13113098], [-47.74631422, -22.13089394], [-47.74643657, -22.13059333], [-47.74657288, -22.1303522], [-47.74681287, -22.13016902], [-47.74707801, -22.12996154], [-47.74721526, -22.12976816], [-47.74733806, -22.12949142], [-47.74733297, -22.12922878], [-47.74732764, -22.12895421], [-47.74726828, -22.12853723], [-47.74690788, -22.12845971], [-47.7465857, -22.1283696], [-47.74618501, -22.12819721], [-47.74588915, -22.12814248], [-47.74565735, -22.12808667], [-47.74545095, -22.12801849], [-47.74513313, -22.12798802], [-47.74474664, -22.12788704], [-47.7445018, -22.12781951], [-47.74435808, -22.12767862], [-47.74416334, -22.12755053], [-47.7439814, -22.12742223], [-47.74365691, -22.12721273], [-47.74343631, -22.12707313], [-47.74321548, -22.1269216], [-47.74302073, -22.12679351], [-47.74281434, -22.12672533], [-47.74256834, -22.1265981], [-47.7421679, -22.12643764], [-47.7418718, -22.12637097], [-47.74171481, -22.12620642], [-47.74155735, -22.12601799], [-47.74151591, -22.12586344], [-47.74147216, -22.1255895], [-47.74145565, -22.12539871], [-47.741489, -22.12513542], [-47.7414995, -22.12501582], [-47.74156033, -22.12484761], [-47.74162093, -22.12466746], [-47.74171789, -22.12437922], [-47.74181392, -22.12404323], [-47.74183585, -22.12385179], [-47.74192185, -22.12365927], [-47.74217487, -22.12348782], [-47.74246633, -22.12331574], [-47.74257772, -22.12311085], [-47.74279138, -22.1228923], [-47.74281492, -22.12278442], [-47.74278768, -22.12270129], [-47.74266982, -22.1225719], [-47.74250002, -22.12240757], [-47.74245996, -22.12232465], [-47.74230436, -22.12223173], [-47.74213502, -22.12209127], [-47.741992, -22.12198619], [-47.74174786, -22.12195447], [-47.74164374, -22.12187262], [-47.74159041, -22.12176604], [-47.74152473, -22.12168355], [-47.74130483, -22.12157976], [-47.74118995, -22.12143839], [-47.7411627, -22.12135525], [-47.74107024, -22.1212135], [-47.74096474, -22.12106002], [-47.74092514, -22.12100098], [-47.74085993, -22.12094236], [-47.74079401, -22.12084793], [-47.74076723, -22.12078867], [-47.74072741, -22.12071769], [-47.74067408, -22.1206111], [-47.74060678, -22.12044504], [-47.74060632, -22.12042117], [-47.74057862, -22.12031415], [-47.740577, -22.12023059], [-47.74057538, -22.12014702], [-47.74057354, -22.12005151], [-47.74057261, -22.12000376], [-47.74058381, -22.11991998], [-47.74056822, -22.11977693], [-47.74050139, -22.11963475], [-47.74043571, -22.11955226], [-47.74025379, -22.11942395], [-47.74008492, -22.11930736], [-47.73991697, -22.11923853], [-47.73973552, -22.1191341], [-47.73961905, -22.11907634], [-47.73941151, -22.11894846], [-47.73926896, -22.11886726], [-47.73912663, -22.118798], [-47.7389715, -22.11872895], [-47.73886854, -22.11870679], [-47.73871409, -22.11867356], [-47.73847086, -22.11852239], [-47.73823677, -22.11834719], [-47.73796517, -22.11822038], [-47.73775786, -22.11810444], [-47.73762951, -22.11809465], [-47.73744967, -22.11807378], [-47.73729569, -22.11806442], [-47.73709046, -22.11805592], [-47.73706253, -22.11793697], [-47.73703414, -22.11779414], [-47.7369403, -22.11758076], [-47.73688605, -22.11742642], [-47.73681968, -22.11730811], [-47.73673935, -22.11713032], [-47.73665994, -22.11700029], [-47.7365414, -22.11683509], [-47.73643567, -22.11666967], [-47.73638189, -22.11653921], [-47.73634091, -22.11640853], [-47.73629948, -22.11625398], [-47.7362727, -22.11619472], [-47.73621938, -22.11608813], [-47.73614089, -22.11600585], [-47.73606171, -22.11588776], [-47.73595598, -22.11572234], [-47.73585026, -22.11555692], [-47.73563996, -22.11528578], [-47.73550654, -22.11501334], [-47.73532302, -22.11480146], [-47.73518024, -22.11470832], [-47.73498552, -22.11458022], [-47.73490681, -22.114486], [-47.73480269, -22.11440415], [-47.73469651, -22.11421485], [-47.73457728, -22.11401383], [-47.73449696, -22.11383604], [-47.73445599, -22.11370537], [-47.7344276, -22.11356254], [-47.73428779, -22.1134574], [-47.73418207, -22.11329198], [-47.73411479, -22.11312592], [-47.73404796, -22.11298373], [-47.73399326, -22.11280551], [-47.73397837, -22.11269828], [-47.73393718, -22.11255567], [-47.7339104, -22.1124964], [-47.73384473, -22.11241391], [-47.73374062, -22.11233206], [-47.73362462, -22.11229817], [-47.73345645, -22.11221739], [-47.73331368, -22.11212425], [-47.7332487, -22.11207757], [-47.73314551, -22.11204347], [-47.73300297, -22.11196226], [-47.732873, -22.1118689], [-47.73285996, -22.11185717], [-47.73274373, -22.11181135], [-47.73263917, -22.11170562], [-47.73257257, -22.11157537], [-47.73237855, -22.11148308], [-47.73226187, -22.11141338], [-47.73214472, -22.11131981], [-47.73197609, -22.11121515], [-47.73171732, -22.11108812], [-47.7314709, -22.11093699], [-47.73119863, -22.11077435], [-47.73101673, -22.11064603], [-47.73093208, -22.1105758], [-47.73065977, -22.11041317], [-47.73045179, -22.1102614], [-47.73032068, -22.11010835], [-47.73018957, -22.10995529], [-47.73007174, -22.1098259], [-47.72992575, -22.10956561], [-47.72983147, -22.10932834], [-47.72975069, -22.10912668], [-47.72970857, -22.1089363], [-47.72970536, -22.10876917], [-47.72972753, -22.10858966], [-47.72978952, -22.10848115], [-47.72982497, -22.1083253], [-47.72987093, -22.10804987], [-47.72994366, -22.10783369], [-47.72992786, -22.1076787], [-47.72987477, -22.10758405], [-47.72979652, -22.10751371], [-47.7297439, -22.10744294], [-47.72970385, -22.10736001], [-47.72966312, -22.10724127], [-47.72961026, -22.10715856], [-47.72958303, -22.10707542], [-47.72956884, -22.107004], [-47.72955396, -22.10689677], [-47.72952627, -22.10678975], [-47.72949926, -22.10671855], [-47.72947249, -22.10665929], [-47.72943268, -22.1065883], [-47.72941849, -22.10651688], [-47.7294043, -22.10644547], [-47.7293631, -22.10630285], [-47.72929721, -22.10620841], [-47.72919288, -22.10611462], [-47.72914048, -22.10605578], [-47.7289332, -22.10593983], [-47.72879021, -22.10583474], [-47.72867214, -22.1056934], [-47.7285685, -22.10563542], [-47.72847722, -22.10555335], [-47.72844998, -22.10547021], [-47.72841109, -22.10544698], [-47.72825551, -22.10535404], [-47.72815164, -22.10528412], [-47.72801003, -22.10525066], [-47.7278174, -22.10523], [-47.72766366, -22.10523257], [-47.72740743, -22.10523685], [-47.7273571, -22.10528546], [-47.72720497, -22.10537159], [-47.72701234, -22.10535093], [-47.72683229, -22.10531811], [-47.72656371, -22.10534648], [-47.72633379, -22.10538614], [-47.72609129, -22.10543796], [-47.72583644, -22.10551387], [-47.72560629, -22.1055416], [-47.72542739, -22.10556847], [-47.72514646, -22.10562093], [-47.72494147, -22.10562435], [-47.72477469, -22.10561519], [-47.72467289, -22.10565271], [-47.72460952, -22.1056896], [-47.72446928, -22.10572777], [-47.72429084, -22.10577851], [-47.72418858, -22.10579216], [-47.72411171, -22.10579344], [-47.72399571, -22.10575955], [-47.72377678, -22.10587069], [-47.72362396, -22.105921], [-47.72350934, -22.10595874], [-47.72342081, -22.10601993], [-47.7233325, -22.10609306], [-47.72319158, -22.10609541], [-47.72302434, -22.10606237], [-47.72293535, -22.10609968], [-47.72271892, -22.10617495], [-47.72256541, -22.10618945], [-47.72243684, -22.10616771], [-47.72226891, -22.10609885], [-47.7221655, -22.10605281], [-47.72206187, -22.10599483], [-47.72197127, -22.10594857], [-47.72190652, -22.10591382], [-47.72179076, -22.10589186], [-47.72162352, -22.10585883], [-47.72145651, -22.10583773], [-47.72125107, -22.10581727], [-47.72110945, -22.1057838], [-47.7208912, -22.10576355], [-47.7206988, -22.10575482], [-47.72058303, -22.10573286], [-47.7204794, -22.10567488], [-47.72038811, -22.1055928], [-47.7202195, -22.10548813], [-47.72012844, -22.10541799], [-47.7200637, -22.10538324], [-47.71986969, -22.10529094], [-47.71961346, -22.10529521], [-47.71939567, -22.10529883], [-47.71924284, -22.10534915], [-47.71916758, -22.105434], [-47.71905411, -22.10553143], [-47.71899074, -22.10556831], [-47.71882464, -22.10559496], [-47.71863361, -22.10565785], [-47.71850596, -22.10568386], [-47.71839111, -22.10570966], [-47.71831447, -22.10572288], [-47.71819939, -22.10573674], [-47.71812275, -22.10574995], [-47.7179832, -22.10582393], [-47.71781779, -22.1058864], [-47.71769105, -22.10596016], [-47.71756339, -22.10598617], [-47.71730899, -22.10608594], [-47.71713123, -22.1061725], [-47.71698, -22.10630638], [-47.71690382, -22.10634347], [-47.71672537, -22.10639421], [-47.71652107, -22.10643344], [-47.71636733, -22.106436], [-47.71619986, -22.10639101], [-47.71609577, -22.10630915], [-47.71589559, -22.10622888], [-47.71562426, -22.10611397], [-47.71539159, -22.10601036], [-47.71533783, -22.10587989], [-47.71534767, -22.10572448], [-47.71533257, -22.10560531], [-47.71530351, -22.10542665], [-47.7153145, -22.10533093], [-47.7152978, -22.10512819], [-47.71526852, -22.1049376], [-47.71534196, -22.10475724], [-47.71535202, -22.10461377], [-47.71526029, -22.10450781], [-47.71509145, -22.1043912], [-47.71496082, -22.10426201], [-47.71494618, -22.10416671], [-47.7149185, -22.10405969], [-47.71490317, -22.10392858], [-47.71487572, -22.1038335], [-47.71480938, -22.10371518], [-47.71474441, -22.10366849], [-47.71472771, -22.10346574], [-47.71472451, -22.10329861], [-47.71478674, -22.10320203], [-47.71484897, -22.10310546], [-47.71491097, -22.10299695], [-47.71488283, -22.10286605], [-47.71488031, -22.10273473], [-47.71495444, -22.10259018], [-47.71505464, -22.1024691], [-47.71521868, -22.102335], [-47.7153445, -22.10221349], [-47.71542, -22.10214058], [-47.71549481, -22.10203185], [-47.71556916, -22.10189925], [-47.71554148, -22.10179223], [-47.71561629, -22.1016835], [-47.71580617, -22.10156092], [-47.71599743, -22.10150997], [-47.71605965, -22.1014134], [-47.71624839, -22.10123112], [-47.71628568, -22.10117079], [-47.71638703, -22.10110939], [-47.71651377, -22.10103563], [-47.71664028, -22.10094993], [-47.71675306, -22.10081669], [-47.71680339, -22.10076808], [-47.71687797, -22.10064742], [-47.71694111, -22.1005986], [-47.71699099, -22.10052612], [-47.71706579, -22.10041739], [-47.71719047, -22.10023618], [-47.71724035, -22.1001637], [-47.71728999, -22.10007927], [-47.7173394, -22.09998291], [-47.71733803, -22.09991128], [-47.71733529, -22.09976802], [-47.71733346, -22.09967251], [-47.71736937, -22.09954055], [-47.71745585, -22.09937192], [-47.71747964, -22.09927598], [-47.71761827, -22.09915425], [-47.7176622, -22.09893856], [-47.71769674, -22.09873497], [-47.71779488, -22.09850643], [-47.71785619, -22.0983621], [-47.71795525, -22.09818132], [-47.71806597, -22.09794063], [-47.7180893, -22.09782082], [-47.71808656, -22.09767755], [-47.71803165, -22.09748739], [-47.71797721, -22.09732111], [-47.71790972, -22.09714309], [-47.71785619, -22.09702456], [-47.717737, -22.09682353], [-47.71764504, -22.09670563], [-47.71752631, -22.09652847], [-47.71744533, -22.09631486], [-47.71741445, -22.0960407], [-47.71724699, -22.09599572], [-47.71677208, -22.09595585], [-47.71641087, -22.09583049], [-47.71615122, -22.09565567], [-47.71586596, -22.09548128], [-47.71567174, -22.09537703], [-47.71543978, -22.09530923], [-47.71519637, -22.09531328], [-47.71506484, -22.09513633], [-47.71501268, -22.09508943], [-47.71493353, -22.09497132], [-47.71487886, -22.09479309], [-47.71475991, -22.09460399], [-47.71469312, -22.0944618], [-47.7146524, -22.09434305], [-47.71457234, -22.09417719], [-47.7144678, -22.09407144], [-47.71427267, -22.09391944], [-47.71409012, -22.09375528], [-47.71399816, -22.09363738], [-47.71391856, -22.0934954], [-47.71368661, -22.0932604], [-47.7135807, -22.09308303], [-47.71347479, -22.09290565], [-47.7133563, -22.09274043], [-47.71322522, -22.09258735], [-47.71313327, -22.09246946], [-47.71307906, -22.09231511], [-47.71302507, -22.0921727], [-47.71293335, -22.09206674], [-47.71275103, -22.09191451], [-47.7126465, -22.09180877], [-47.71250239, -22.09164397], [-47.7123585, -22.09149111], [-47.71226518, -22.09130158], [-47.71221188, -22.09119498], [-47.7121833, -22.09104021], [-47.7121538, -22.09083768], [-47.71220344, -22.09075326], [-47.71223799, -22.09054966], [-47.71228535, -22.09034586], [-47.71227072, -22.09025056], [-47.7123055, -22.0900589], [-47.71234164, -22.08993888], [-47.71239083, -22.08983058], [-47.71240067, -22.08967517], [-47.71234624, -22.08950888], [-47.71226595, -22.08933108], [-47.71223714, -22.08916436], [-47.71219414, -22.08892623], [-47.71209007, -22.08884436], [-47.71194619, -22.0886915], [-47.71187917, -22.08853736], [-47.71180003, -22.08841925], [-47.71165752, -22.08833802], [-47.71156648, -22.08826788], [-47.71143724, -22.08821031], [-47.7113581, -22.0880922], [-47.7112403, -22.08796279], [-47.71103351, -22.08787068], [-47.71078761, -22.08774339], [-47.71048979, -22.08758114], [-47.71024366, -22.08744192], [-47.71003802, -22.0874095], [-47.70989688, -22.0873999], [-47.70975756, -22.08748581], [-47.70973331, -22.08755786], [-47.7095686, -22.08765613], [-47.70939177, -22.08779043], [-47.7092639, -22.0878045], [-47.7090857, -22.08786716], [-47.70902324, -22.0879518], [-47.70894843, -22.08806052], [-47.7088997, -22.08819269], [-47.70886309, -22.08828884], [-47.70878828, -22.08839756], [-47.70857256, -22.08850862], [-47.70839413, -22.08855935], [-47.70821616, -22.08863395], [-47.70805076, -22.08869641], [-47.70789864, -22.08878252], [-47.70783205, -22.08898665], [-47.70775793, -22.08913119], [-47.7076575, -22.08924033], [-47.70742942, -22.08937548], [-47.70729055, -22.08948526], [-47.70710045, -22.08959589], [-47.70692293, -22.08969437], [-47.70670743, -22.08981737], [-47.7065434, -22.08995145], [-47.70645555, -22.09004845], [-47.70639378, -22.0901689], [-47.70634413, -22.09025332], [-47.70607739, -22.09037716], [-47.70582119, -22.0903814], [-47.70561645, -22.09039674], [-47.70548812, -22.09038692], [-47.70538677, -22.09044831], [-47.70527376, -22.0905696], [-47.70511064, -22.09075144], [-47.70490908, -22.09093392], [-47.70482146, -22.09104285], [-47.70469518, -22.09114048], [-47.7044298, -22.09133595], [-47.70432959, -22.09145704], [-47.70420331, -22.09155467], [-47.70411409, -22.09158003], [-47.70393497, -22.09159493], [-47.7037936, -22.09157339], [-47.70363942, -22.09155206], [-47.7035239, -22.09154203], [-47.70347243, -22.09153094], [-47.70338344, -22.09156824], [-47.70330726, -22.09160532], [-47.70316748, -22.09166735], [-47.70307758, -22.09165689], [-47.70283441, -22.09167286], [-47.70266741, -22.09165174], [-47.70256402, -22.09160568], [-47.70238194, -22.09146538], [-47.70222526, -22.09131272], [-47.70206858, -22.09116006], [-47.70193775, -22.09101892], [-47.70176871, -22.09089035], [-47.70166396, -22.09077266], [-47.70165437, -22.09060562], [-47.70159972, -22.09042739], [-47.70157068, -22.09024873], [-47.70149041, -22.09007092], [-47.70142341, -22.08991678], [-47.70134313, -22.08973897], [-47.70125119, -22.08962106], [-47.70112104, -22.08951573], [-47.70100348, -22.08939825], [-47.70083535, -22.08931744], [-47.700745, -22.0892831], [-47.70048788, -22.08923958], [-47.70020492, -22.08918455], [-47.70001345, -22.08922354], [-47.69983547, -22.08929814], [-47.69953006, -22.08941067], [-47.69931229, -22.08941426], [-47.6989417, -22.08946816], [-47.69871179, -22.08950778], [-47.69849402, -22.08951138], [-47.69835242, -22.08947789], [-47.69812047, -22.08941007], [-47.6979782, -22.08934076], [-47.6978739, -22.08924695], [-47.69775702, -22.08916528], [-47.69764013, -22.08908361], [-47.69745807, -22.08894331], [-47.69731556, -22.08886206], [-47.69716048, -22.08879297], [-47.69700449, -22.08867612], [-47.69678353, -22.08851257], [-47.69658934, -22.0884083], [-47.69647246, -22.08832663], [-47.69633387, -22.08811395], [-47.69621426, -22.08788902], [-47.69614658, -22.08769906], [-47.69607958, -22.08754491], [-47.69602562, -22.08740249], [-47.69593255, -22.08722489], [-47.69585274, -22.08707095], [-47.69565809, -22.0869428], [-47.69541288, -22.0868513], [-47.69524726, -22.08690181], [-47.69508209, -22.08697618], [-47.69484074, -22.08708765], [-47.69463872, -22.08724623], [-47.69450008, -22.08736794], [-47.69439963, -22.08747708], [-47.69427425, -22.08762246], [-47.69413493, -22.08770836], [-47.69396953, -22.0877708], [-47.69373985, -22.08782235], [-47.69356141, -22.08787307], [-47.69346052, -22.08795833], [-47.69338592, -22.08807898], [-47.69328571, -22.08820006], [-47.69317177, -22.08827359], [-47.69305829, -22.088371], [-47.69291874, -22.08844496], [-47.69276728, -22.08856688], [-47.69265312, -22.08862847], [-47.6924305, -22.08888294], [-47.69219095, -22.08908991], [-47.69212962, -22.08923423], [-47.69211952, -22.0893777], [-47.69207213, -22.08958151], [-47.69201193, -22.08978552], [-47.69186319, -22.09005071], [-47.69178927, -22.09020718], [-47.69175333, -22.09033914], [-47.69171694, -22.09044722], [-47.69160481, -22.09061626], [-47.69141719, -22.09085821], [-47.69124169, -22.09106412], [-47.69114238, -22.09123295], [-47.69102223, -22.09148572], [-47.69094944, -22.09170189], [-47.69086452, -22.09195408], [-47.69076566, -22.09214679], [-47.69066657, -22.09232756], [-47.69060591, -22.09250769], [-47.69056975, -22.09262772], [-47.69058595, -22.09280659], [-47.69066372, -22.09285308], [-47.69063969, -22.09293707], [-47.69064172, -22.09304452], [-47.69065725, -22.09318757], [-47.6907247, -22.0933656], [-47.69084566, -22.09366217], [-47.69088794, -22.0938645], [-47.69094372, -22.09410243], [-47.69094643, -22.09424569], [-47.69096151, -22.09436487], [-47.69092489, -22.09446101], [-47.69087523, -22.09454543], [-47.69076288, -22.09470253], [-47.69065641, -22.09517004], [-47.6905996, -22.09555314], [-47.69051174, -22.09565013], [-47.69032093, -22.09572493], [-47.69004045, -22.0958012], [-47.68974647, -22.09584187], [-47.68960555, -22.09584419], [-47.68945001, -22.09575121], [-47.68933313, -22.09566954], [-47.68914051, -22.09564883], [-47.68885844, -22.09564153], [-47.68879484, -22.09566646], [-47.6885775, -22.09569392], [-47.68839951, -22.09576851], [-47.68816914, -22.09578424], [-47.68802821, -22.09578656], [-47.68778481, -22.09579057], [-47.68763175, -22.09582891], [-47.6874524, -22.09583186], [-47.68734946, -22.09580967], [-47.68724584, -22.09575167], [-47.6869496, -22.09567294], [-47.68675563, -22.09558059], [-47.68656165, -22.09548824], [-47.68635442, -22.09537223], [-47.68614763, -22.09528009], [-47.68595343, -22.0951758], [-47.68588847, -22.0951291], [-47.68551722, -22.09497995], [-47.68536213, -22.09491084], [-47.68530976, -22.09485199], [-47.68516703, -22.0947588], [-47.68503666, -22.09464151], [-47.68486853, -22.09456068], [-47.68471254, -22.09444382], [-47.68453093, -22.09432738], [-47.68431021, -22.09417575], [-47.68411624, -22.0940834], [-47.68381955, -22.09398079], [-47.68354917, -22.09391358], [-47.68329047, -22.09378646], [-47.6830435, -22.09355162], [-47.68300298, -22.09349262], [-47.68291105, -22.0933747], [-47.68281979, -22.0932926], [-47.68270269, -22.09319899], [-47.68257368, -22.09315333], [-47.68238061, -22.09310874], [-47.68213675, -22.09308885], [-47.68191852, -22.09306855], [-47.68186795, -22.09310521], [-47.68170322, -22.09320346], [-47.68157443, -22.09316974], [-47.68147127, -22.09313561], [-47.6813045, -22.0931264], [-47.68117707, -22.09316432], [-47.68113954, -22.09321271], [-47.68092311, -22.09328792], [-47.68079658, -22.09337359], [-47.68068196, -22.0934113], [-47.68052913, -22.09346158], [-47.68026033, -22.09347793], [-47.68020931, -22.09349071], [-47.68001782, -22.09352968], [-47.67996748, -22.09357828], [-47.67976521, -22.09372491], [-47.67967576, -22.09373832], [-47.67957305, -22.09372806], [-47.67939324, -22.09370713], [-47.6793157, -22.09367257], [-47.67920018, -22.09366252], [-47.67905881, -22.09364096], [-47.67895587, -22.09361876], [-47.67882731, -22.09359698], [-47.67873808, -22.09362233], [-47.67864931, -22.09367156], [-47.67852188, -22.09370947], [-47.67821437, -22.09388171], [-47.67797457, -22.09407673], [-47.67783612, -22.09421037], [-47.67768487, -22.09434421], [-47.67761071, -22.09448874], [-47.67758621, -22.09454886], [-47.67747272, -22.09464626], [-47.67740979, -22.094707], [-47.6773336, -22.09474408], [-47.67729607, -22.09479246], [-47.6772455, -22.09482912], [-47.6771828, -22.0949018], [-47.67714526, -22.09495019], [-47.67709537, -22.09502266], [-47.67702053, -22.09513137], [-47.67696749, -22.0950367], [-47.67687623, -22.0949546], [-47.67675958, -22.09488486], [-47.67665574, -22.0948149], [-47.67651369, -22.09475752], [-47.67638423, -22.09468798], [-47.6762296, -22.09464274], [-47.67612576, -22.09457279], [-47.6759446, -22.09448022], [-47.67590482, -22.09440921], [-47.67581266, -22.09427935], [-47.67563241, -22.09423454], [-47.67541327, -22.09416647], [-47.67515412, -22.09401546], [-47.67489498, -22.09386445], [-47.67476394, -22.09371134], [-47.67466123, -22.09370108], [-47.67446771, -22.0936326], [-47.67428746, -22.09358778], [-47.67414586, -22.09355427], [-47.67397819, -22.0934973], [-47.67377187, -22.09342902], [-47.67356532, -22.0933488], [-47.6735134, -22.09331382], [-47.67339675, -22.09324408], [-47.67320346, -22.09318753], [-47.67297197, -22.09314355], [-47.67288414, -22.09307333], [-47.67276659, -22.09295582], [-47.67270097, -22.0928733], [-47.67263489, -22.0927669], [-47.67254319, -22.09266091], [-47.67240069, -22.09257965], [-47.67232225, -22.09249733], [-47.67225662, -22.09241481], [-47.6722283, -22.09227196], [-47.67204738, -22.09219132], [-47.6718941, -22.09221771], [-47.67179161, -22.09221939], [-47.67161068, -22.09213875], [-47.67148033, -22.09202145], [-47.67138818, -22.09189159], [-47.67133424, -22.09174916], [-47.67125445, -22.09159521], [-47.67121309, -22.09144063], [-47.67119691, -22.09126176], [-47.6710043, -22.09124102], [-47.6708881, -22.09119515], [-47.67074561, -22.09111388], [-47.67062829, -22.09100832], [-47.67052401, -22.09091448], [-47.6704458, -22.0908441], [-47.670355, -22.09078588], [-47.67025229, -22.09077561], [-47.67016396, -22.09084871], [-47.67006305, -22.09093396], [-47.66989763, -22.09099638], [-47.66974435, -22.09102277], [-47.66957803, -22.09103743], [-47.66946206, -22.09100349], [-47.66930901, -22.09104182], [-47.66914269, -22.09105648], [-47.66904088, -22.09109398], [-47.66879815, -22.09113377], [-47.66876106, -22.09120603], [-47.66868644, -22.09132668], [-47.66857092, -22.09131662], [-47.66841629, -22.09127138], [-47.66833831, -22.09121294], [-47.66826054, -22.09116644], [-47.6681212, -22.09125231], [-47.66801938, -22.0912898], [-47.66791824, -22.09136311], [-47.6677126, -22.09133064], [-47.66757078, -22.09128519], [-47.66745414, -22.09121543], [-47.66731232, -22.09116998], [-47.6672213, -22.09109981], [-47.66706644, -22.09104262], [-47.6669489, -22.09092512], [-47.66688305, -22.09083065], [-47.66685496, -22.09069974], [-47.66676372, -22.09061763], [-47.66668461, -22.0904995], [-47.66663112, -22.09038094], [-47.66622061, -22.09069815], [-47.6660444, -22.09086823], [-47.66586706, -22.0909786], [-47.66567849, -22.09117276], [-47.66548924, -22.09133111], [-47.66524875, -22.09149029], [-47.66513525, -22.09158768], [-47.66486443, -22.09149656], [-47.66473452, -22.09140313], [-47.6645536, -22.09132249], [-47.66446325, -22.09128813], [-47.66436077, -22.0912898], [-47.66412972, -22.09126969], [-47.66393801, -22.0912967], [-47.6638099, -22.09129879], [-47.66364269, -22.09126569], [-47.66347502, -22.09120871], [-47.66339816, -22.09120996], [-47.66334647, -22.09118692], [-47.66326848, -22.09112847], [-47.6632287, -22.09105747], [-47.66316331, -22.09098688], [-47.66312353, -22.09091587], [-47.66309634, -22.09083271], [-47.66304308, -22.0907261], [-47.66299116, -22.09069112], [-47.66286216, -22.09064545], [-47.66277136, -22.09058721], [-47.66258955, -22.09045881], [-47.66253293, -22.09017311], [-47.66247944, -22.09005455], [-47.66239989, -22.08991253], [-47.66230641, -22.08971103], [-47.66218864, -22.08958158], [-47.66207178, -22.08949989], [-47.66199357, -22.0894295], [-47.66186367, -22.08933608], [-47.66173534, -22.08932623], [-47.66159398, -22.08930464], [-47.66150341, -22.08925835], [-47.66142542, -22.08919991], [-47.66137172, -22.08906941], [-47.66134318, -22.08891462], [-47.66134094, -22.08879523], [-47.66135174, -22.08868757], [-47.6613495, -22.08856818], [-47.66133311, -22.08837736], [-47.66134413, -22.08828164], [-47.6613684, -22.08820959], [-47.6614183, -22.08813712], [-47.66148034, -22.08802862], [-47.66152912, -22.08789646], [-47.66162914, -22.08776346], [-47.66162735, -22.08766795], [-47.66163747, -22.08752447], [-47.66163501, -22.08739314], [-47.66167142, -22.08728506], [-47.6616957, -22.08721301], [-47.66166784, -22.08709404], [-47.66160177, -22.08698763], [-47.66156066, -22.08684499], [-47.66152021, -22.08673816], [-47.66146628, -22.08659573], [-47.66142583, -22.0864889], [-47.6613474, -22.08640658], [-47.66129482, -22.08633578], [-47.66124223, -22.08626498], [-47.66116336, -22.08615878], [-47.66109796, -22.08608819], [-47.66107673, -22.08598105], [-47.66105583, -22.08589182], [-47.66102786, -22.08576688], [-47.66101371, -22.08569545], [-47.66096113, -22.08562465], [-47.66090787, -22.08551803], [-47.66089405, -22.08546452], [-47.66089248, -22.08538094], [-47.66094845, -22.08529046], [-47.66097251, -22.08520647], [-47.66099038, -22.08513452], [-47.6610151, -22.08508635], [-47.66099983, -22.08495523], [-47.66103502, -22.0847815], [-47.66105885, -22.08468557], [-47.66100626, -22.08461477], [-47.66095323, -22.08452009], [-47.66096358, -22.08438855], [-47.66096134, -22.08426916], [-47.66099776, -22.08416108], [-47.66102114, -22.08404127], [-47.66102002, -22.08398158], [-47.66100586, -22.08391015], [-47.66099104, -22.08380291], [-47.66102656, -22.08364707], [-47.66099669, -22.08342065], [-47.66094209, -22.0832424], [-47.6608758, -22.08312405], [-47.6608113, -22.08310121], [-47.66070837, -22.083079], [-47.66063151, -22.08308026], [-47.66043735, -22.08297593], [-47.66028206, -22.08289486], [-47.66005058, -22.08285086], [-47.65982, -22.08285461], [-47.6596919, -22.0828567], [-47.65949974, -22.08285982], [-47.65937209, -22.08288579], [-47.65925747, -22.08292348], [-47.65928175, -22.08285143], [-47.65928063, -22.08279173], [-47.65922715, -22.08267318], [-47.65919996, -22.08259002], [-47.65914694, -22.08249534], [-47.65910672, -22.08240045], [-47.65905458, -22.08235353], [-47.65896401, -22.08230723], [-47.65893661, -22.08221214], [-47.65887077, -22.08211767], [-47.6588056, -22.08205901], [-47.65876583, -22.081988], [-47.65875212, -22.08194046], [-47.65855126, -22.0819915], [-47.65844922, -22.08201704], [-47.65829662, -22.08207924], [-47.65818222, -22.08212887], [-47.65805524, -22.08219065], [-47.65786354, -22.08221765], [-47.65772374, -22.08227964], [-47.65754619, -22.08237807], [-47.65745741, -22.08242728], [-47.65731695, -22.08245345], [-47.65711422, -22.08257618], [-47.65706432, -22.08264865], [-47.65696318, -22.08272195], [-47.65669506, -22.08277408], [-47.65662981, -22.08285165], [-47.65656964, -22.08291943], [-47.65642962, -22.08296948], [-47.65632803, -22.0830189], [-47.65618846, -22.08309283], [-47.6560363, -22.0831789], [-47.65594753, -22.08322811], [-47.65582032, -22.08327795], [-47.65575716, -22.08332675], [-47.65563085, -22.08342434], [-47.65555577, -22.08352111], [-47.65541687, -22.08363085], [-47.65530247, -22.08368048], [-47.65517548, -22.08374226], [-47.65508603, -22.08375565], [-47.65495749, -22.08373386], [-47.65486804, -22.08374725], [-47.65475297, -22.08376106], [-47.65458666, -22.08377571], [-47.65425381, -22.08379306], [-47.65402233, -22.08374905], [-47.65388098, -22.08372746], [-47.65373984, -22.08371781], [-47.65358589, -22.08370837], [-47.65339262, -22.08365179], [-47.65326206, -22.08352254], [-47.65320881, -22.08341592], [-47.65312994, -22.08330971], [-47.65301331, -22.08323995], [-47.65289757, -22.08321794], [-47.6527443, -22.08324432], [-47.65265507, -22.08326965], [-47.65247506, -22.08323675], [-47.65237235, -22.08322647], [-47.65226876, -22.08316844], [-47.65216404, -22.08305071], [-47.65205978, -22.08295686], [-47.65202045, -22.08290973], [-47.65195529, -22.08285107], [-47.65191529, -22.08276812], [-47.65183776, -22.08273355], [-47.65173506, -22.08272327], [-47.65159459, -22.08274944], [-47.65107854, -22.08273393], [-47.65092392, -22.08268866], [-47.65064076, -22.0826216], [-47.65048525, -22.08252858], [-47.65035581, -22.08245902], [-47.65009782, -22.08236766], [-47.64994499, -22.08241791], [-47.64979127, -22.08242041], [-47.64968745, -22.08235043], [-47.64958051, -22.08211331], [-47.64942456, -22.08199641], [-47.64917805, -22.08183321], [-47.64907535, -22.08182293], [-47.64890926, -22.08184951], [-47.64866809, -22.08197285], [-47.64855347, -22.08201053], [-47.64833637, -22.08204988], [-47.64831688, -22.0820502], [-47.64808016, -22.08205403], [-47.64788623, -22.08196163], [-47.6478087, -22.08192706], [-47.64771702, -22.08182106], [-47.64761187, -22.08167945], [-47.64752042, -22.08158539], [-47.64736447, -22.08146849], [-47.64731167, -22.08138574], [-47.64717978, -22.08118485], [-47.64710047, -22.08105476], [-47.64696903, -22.08087775], [-47.64687669, -22.08073593], [-47.64672052, -22.08060709], [-47.64659041, -22.08050171], [-47.64646098, -22.08043215], [-47.64617649, -22.08029344], [-47.64596997, -22.08021319], [-47.64578929, -22.08014446], [-47.64553047, -22.08035168], [-47.64537919, -22.0804855], [-47.64516298, -22.0805726], [-47.64493129, -22.08051663], [-47.64465938, -22.08036577], [-47.64442791, -22.08032175], [-47.64436342, -22.08029891], [-47.6442342, -22.08024128], [-47.6440405, -22.08016082], [-47.6438342, -22.0800925], [-47.64367915, -22.08002335], [-47.64355038, -22.0799896], [-47.64334386, -22.07990934], [-47.6431897, -22.07988795], [-47.64299643, -22.07983136], [-47.64280428, -22.07983447], [-47.64270225, -22.07986001], [-47.64252446, -22.07994648], [-47.64233387, -22.08003316], [-47.64211854, -22.08016802], [-47.64205493, -22.08019293], [-47.64184903, -22.08066203], [-47.64185925, -22.08121124], [-47.64178817, -22.0815229], [-47.6415333, -22.08159868], [-47.64131819, -22.08174547], [-47.64112937, -22.08192767], [-47.64100526, -22.08214464], [-47.64092003, -22.08238488], [-47.64092514, -22.08265948], [-47.6410197, -22.0829207], [-47.64116817, -22.08332436], [-47.64152805, -22.08407094], [-47.64125222, -22.08439785], [-47.64107532, -22.08453209], [-47.64087412, -22.08473837], [-47.64082799, -22.0850138], [-47.64081918, -22.08522891], [-47.64073217, -22.08537363], [-47.64052965, -22.08550828], [-47.64036511, -22.08561842], [-47.64026373, -22.08567978], [-47.64008461, -22.08569461], [-47.64004529, -22.08564748], [-47.63994058, -22.08552974], [-47.63986128, -22.08539965], [-47.63982084, -22.08529282], [-47.63978064, -22.08519792], [-47.6397391, -22.08503139], [-47.63958182, -22.08484285], [-47.63943935, -22.08476155], [-47.63927192, -22.08471648], [-47.6390283, -22.08470848], [-47.6388357, -22.0846877], [-47.63864287, -22.08465499], [-47.63843768, -22.08464636], [-47.63821946, -22.08462599], [-47.63797584, -22.08461798], [-47.63787291, -22.08459576], [-47.63773155, -22.08457416], [-47.63757671, -22.08451694], [-47.63750074, -22.08456594], [-47.63742565, -22.08466269], [-47.63724741, -22.08472529], [-47.63710783, -22.0847992], [-47.63691767, -22.08490975], [-47.6367666, -22.0850555], [-47.63665397, -22.08520064], [-47.63645255, -22.08539497], [-47.63626394, -22.0855891], [-47.63607444, -22.08573548], [-47.63597439, -22.08586846], [-47.63587434, -22.08600145], [-47.6356844, -22.08612394], [-47.63559628, -22.08620896], [-47.63549601, -22.08633001], [-47.63539663, -22.08649881], [-47.63530873, -22.08659577], [-47.6352206, -22.0866808], [-47.63511923, -22.08674215], [-47.63492906, -22.0868527], [-47.63482813, -22.08693793], [-47.63461278, -22.08707277], [-47.63436122, -22.08732763], [-47.63417238, -22.08750982], [-47.63411032, -22.0876183], [-47.63402286, -22.08773914], [-47.63406679, -22.08734432], [-47.6340343, -22.08697461], [-47.6339804, -22.08683217], [-47.63396426, -22.08665328], [-47.63397309, -22.08643817], [-47.63401968, -22.08618662], [-47.63403909, -22.0858519], [-47.63399601, -22.08560179], [-47.63392863, -22.08542374], [-47.63377246, -22.08529488], [-47.63356306, -22.0850594], [-47.63331567, -22.08484841], [-47.63315929, -22.08470762], [-47.63304266, -22.08463784], [-47.63283659, -22.08458145], [-47.63259119, -22.08447791], [-47.63234558, -22.08436244], [-47.6320856, -22.0841636], [-47.63192944, -22.08403474], [-47.63176003, -22.08388221], [-47.63165621, -22.08381223], [-47.63151264, -22.08367122], [-47.63130502, -22.08353125], [-47.63119544, -22.08349244], [-47.63111153, -22.08346271], [-47.63100905, -22.08346436], [-47.63082926, -22.08344337], [-47.63064925, -22.08341044], [-47.63032258, -22.0834157], [-47.62999017, -22.08345688], [-47.62982297, -22.08342374], [-47.62956632, -22.08340398], [-47.62934787, -22.08337167], [-47.62902562, -22.08326937], [-47.62890789, -22.08313989], [-47.62882771, -22.08296204], [-47.62868459, -22.08284491], [-47.62851474, -22.0826685], [-47.628344, -22.08244433], [-47.62820021, -22.08229138], [-47.62814676, -22.08217281], [-47.62809528, -22.08203675], [-47.62807939, -22.08199475], [-47.62803742, -22.08180434], [-47.62802019, -22.08156576], [-47.62800473, -22.08142269], [-47.62798926, -22.08127962], [-47.62793559, -22.08114911], [-47.62785586, -22.08099514], [-47.62784637, -22.08186712], [-47.627786, -22.08195206], [-47.62770899, -22.08206042], [-47.62768492, -22.08214441], [-47.62767653, -22.0823834], [-47.62770922, -22.08276505], [-47.62767632, -22.08306416], [-47.62766859, -22.08333897], [-47.62764496, -22.08344684], [-47.62757185, -22.08365104], [-47.62741062, -22.08394027], [-47.62732426, -22.0841208], [-47.62723768, -22.08428939], [-47.62699947, -22.08440071], [-47.62684884, -22.08457033], [-47.62662178, -22.08476507], [-47.62640842, -22.08500736], [-47.62614182, -22.08514302], [-47.62574756, -22.08530461], [-47.6255702, -22.08541495], [-47.6252263, -22.08552796], [-47.62502442, -22.08569841], [-47.62483513, -22.08585671], [-47.62454313, -22.08600471], [-47.62428846, -22.0860924], [-47.62396863, -22.08612143], [-47.62375085, -22.08612492], [-47.62363423, -22.08605514], [-47.62349176, -22.08597383], [-47.62336056, -22.08580873], [-47.6232033, -22.08562017], [-47.6231101, -22.08543058], [-47.62294069, -22.08527804], [-47.62275088, -22.08516784], [-47.62272048, -22.0851502], [-47.62251463, -22.08510573], [-47.62230921, -22.08508514], [-47.62218022, -22.08503944], [-47.62185973, -22.08503264], [-47.62153858, -22.08499002], [-47.62137182, -22.08498075], [-47.62119247, -22.08498363], [-47.62107673, -22.0849616], [-47.62040009, -22.08492468], [-47.62021985, -22.0848798], [-47.6199897, -22.08490738], [-47.61955215, -22.0848069], [-47.61935867, -22.08473835], [-47.61916519, -22.08466979], [-47.61897192, -22.08461317], [-47.61881753, -22.08457982], [-47.61847054, -22.08452567], [-47.6181368, -22.08449518], [-47.61782913, -22.08448817], [-47.61766259, -22.08449084], [-47.61752211, -22.08451698], [-47.6174194, -22.08450668], [-47.61713647, -22.08445149], [-47.61690587, -22.08445519], [-47.6166744, -22.08441112], [-47.61649439, -22.08437818], [-47.61626403, -22.08436995], [-47.61626358, -22.08436993], [-47.61611007, -22.08438433], [-47.61580371, -22.08444895], [-47.61562656, -22.08457122], [-47.61532636, -22.08497014], [-47.61516554, -22.08528324], [-47.61492917, -22.0856692], [-47.61476967, -22.08605393], [-47.61466703, -22.08627583], [-47.61464804, -22.08631688], [-47.61459714, -22.08642692], [-47.61441223, -22.086824], [-47.61422246, -22.08730476], [-47.61416259, -22.08753264], [-47.61405256, -22.08782103], [-47.61395557, -22.08812116], [-47.61386986, -22.0883375], [-47.61377001, -22.08848242], [-47.61367081, -22.08866315], [-47.61333926, -22.08875206], [-47.61316057, -22.08879074], [-47.61308436, -22.08882779], [-47.61307353, -22.08893545], [-47.61308898, -22.08907852], [-47.61311878, -22.08930496], [-47.61313555, -22.08951967], [-47.61313797, -22.08965101], [-47.61312933, -22.08987806], [-47.61310789, -22.09010532], [-47.61304823, -22.09034514], [-47.61294816, -22.09047811], [-47.61284896, -22.09065885], [-47.61274933, -22.0908157], [-47.61268791, -22.09096], [-47.61262627, -22.09109236], [-47.61290922, -22.09114755], [-47.61316743, -22.0912509], [-47.61338786, -22.0913907], [-47.61353353, -22.09147197], [-47.61367644, -22.09157717], [-47.61381956, -22.09169431], [-47.61416582, -22.09184458], [-47.61443683, -22.09194773], [-47.61457974, -22.09205293], [-47.61476284, -22.09225302], [-47.61489469, -22.09245394], [-47.61502632, -22.09264292], [-47.61503617, -22.09265908], [-47.61510561, -22.09277302], [-47.61521074, -22.09291465], [-47.61523923, -22.09306945], [-47.61525578, -22.09327222], [-47.61551012, -22.0933398], [-47.61578114, -22.09344295], [-47.61595011, -22.09357161], [-47.61619925, -22.09387814], [-47.61627921, -22.09404406], [-47.61644972, -22.0942563], [-47.61653077, -22.09448191], [-47.61655882, -22.09461284], [-47.61657471, -22.09477978], [-47.61657691, -22.09489917], [-47.61655415, -22.0950548], [-47.61664692, -22.09522051], [-47.61672863, -22.09548194], [-47.61669372, -22.09567359], [-47.61666244, -22.09576631], [-47.61662081, -22.09588973], [-47.61653598, -22.09615383], [-47.61650107, -22.09634547], [-47.6163767, -22.09655049], [-47.61623797, -22.09667215], [-47.61609902, -22.09678186], [-47.61595898, -22.09683187], [-47.61575927, -22.0971217], [-47.61563512, -22.09733866], [-47.6154606, -22.0976042], [-47.61533666, -22.09783309], [-47.61511256, -22.09801583], [-47.61500077, -22.0982087], [-47.61481344, -22.09847444], [-47.6146652, -22.09877539], [-47.61459405, -22.09908704], [-47.61446923, -22.09926818], [-47.61434376, -22.09941351], [-47.61428454, -22.0996772], [-47.61432892, -22.09999894], [-47.61428273, -22.10027437], [-47.61433913, -22.10037184], [-47.61448129, -22.10061753], [-47.61467854, -22.10088906], [-47.61464428, -22.10111652], [-47.61448037, -22.10126246], [-47.61426388, -22.10133758], [-47.61404872, -22.10148434], [-47.61387265, -22.1016663], [-47.61363472, -22.10196868], [-47.61344672, -22.10219861], [-47.61328302, -22.10235648], [-47.61305504, -22.10250345], [-47.6129035, -22.1026253], [-47.61270114, -22.10277185], [-47.61252507, -22.10295381], [-47.61242587, -22.10313454], [-47.61226283, -22.10332824], [-47.61209957, -22.10350999], [-47.61192284, -22.10365613], [-47.61178344, -22.10374196], [-47.61149096, -22.10386607], [-47.61137608, -22.10389179], [-47.61113673, -22.10394339], [-47.61087917, -22.10387585], [-47.61067351, -22.10384331], [-47.61046807, -22.10382271], [-47.61014908, -22.10389947], [-47.60998384, -22.10397377], [-47.60975541, -22.10409685], [-47.60951462, -22.10424401], [-47.609299, -22.10436688], [-47.60904517, -22.10450231], [-47.60897361, -22.10453175], [-47.60880349, -22.10460172], [-47.60863715, -22.10461632], [-47.60840675, -22.10463194], [-47.60818828, -22.1045996], [-47.60804575, -22.10459167], [-47.60802149, -22.10459032], [-47.60785559, -22.1046288], [-47.60771597, -22.10470269], [-47.60755117, -22.10480086], [-47.60732296, -22.10493588], [-47.60718399, -22.10504559], [-47.60699488, -22.10521581], [-47.60681946, -22.10543358], [-47.60664359, -22.10562747], [-47.6064432, -22.10588147], [-47.605906, -22.10646331], [-47.60563759, -22.10650342], [-47.60558853, -22.10662363], [-47.60553104, -22.10679404], [-47.60550345, -22.10687579], [-47.60539253, -22.10711642], [-47.60525444, -22.10727388], [-47.60506576, -22.10746798], [-47.6049164, -22.10770922], [-47.60471666, -22.10799904], [-47.60451626, -22.10825303], [-47.60432933, -22.10854265], [-47.60420559, -22.10878348], [-47.604094, -22.10898829], [-47.60395723, -22.10921739], [-47.60386995, -22.10935015], [-47.60373164, -22.10949567], [-47.60356814, -22.10966548], [-47.60352506, -22.10969668], [-47.60341636, -22.10977539], [-47.6031117, -22.1099355], [-47.60295904, -22.10999765], [-47.60275513, -22.11006062], [-47.60262787, -22.11011042], [-47.60244959, -22.11017297], [-47.60224677, -22.11029564], [-47.60186654, -22.11052861], [-47.6016381, -22.11065168], [-47.60143594, -22.11081016], [-47.60127134, -22.11092027], [-47.60100336, -22.11098426], [-47.60086382, -22.11123728], [-47.60072572, -22.11139474], [-47.6005989, -22.11146842], [-47.60046037, -22.111602], [-47.60035961, -22.11169915], [-47.60027146, -22.11178415], [-47.60022305, -22.11194018], [-47.60021374, -22.11213141], [-47.60017771, -22.11226336], [-47.60010478, -22.1124795], [-47.6000694, -22.11264726], [-47.59998321, -22.11283972], [-47.59988443, -22.11304432], [-47.59978477, -22.11320117], [-47.59968489, -22.11334608], [-47.59952073, -22.11348006], [-47.59942041, -22.11360109], [-47.59937201, -22.11375712], [-47.59931144, -22.11394917], [-47.59929041, -22.11420031], [-47.59924332, -22.11442797], [-47.59914694, -22.11476391], [-47.59886056, -22.1152223], [-47.59854657, -22.11557365], [-47.59827036, -22.11588856], [-47.59810707, -22.1160703], [-47.59793074, -22.11624031], [-47.59785627, -22.11637287], [-47.5977312, -22.11654206], [-47.59761959, -22.11674687], [-47.59751927, -22.11686789], [-47.59741742, -22.11690534], [-47.59734338, -22.11706178], [-47.59728194, -22.11720607], [-47.597194, -22.11730302], [-47.59706892, -22.11747221], [-47.59695579, -22.11759344], [-47.59701164, -22.11784335], [-47.5970814, -22.11815276], [-47.59712422, -22.11839094], [-47.59707624, -22.11857084], [-47.59705434, -22.11877422], [-47.59712147, -22.11894036], [-47.59739516, -22.1191868], [-47.59774022, -22.11935836], [-47.59801898, -22.11965459], [-47.59822794, -22.11986624], [-47.59880362, -22.12005885], [-47.59907271, -22.12023274], [-47.5991677, -22.12062029], [-47.59868245, -22.12120004], [-47.59854652, -22.12161283], [-47.5984567, -22.1219911], [-47.59859417, -22.12228455], [-47.5987279, -22.12266487], [-47.59857763, -22.12285835], [-47.59826385, -22.12322163], [-47.59787317, -22.12358614], [-47.597663, -22.12400749], [-47.59748994, -22.12435659], [-47.59712377, -22.12498703], [-47.59689843, -22.12516825], [-47.59662983, -22.12543101], [-47.59639895, -22.12567573], [-47.59616691, -22.12600901], [-47.59602524, -22.12626689], [-47.59596845, -22.1265225], [-47.59573608, -22.12673389], [-47.59550833, -22.12701327], [-47.59526834, -22.12734382], [-47.59504547, -22.12759427], [-47.59475298, -22.12769478], [-47.59463852, -22.1277313], [-47.59456015, -22.1277563], [-47.59435739, -22.12782098], [-47.59396798, -22.12795839], [-47.59360731, -22.12810892], [-47.59330337, -22.12832885], [-47.59294346, -22.12865676], [-47.59251645, -22.12896252], [-47.59239857, -22.12907042], [-47.59183752, -22.12958396], [-47.59161606, -22.12999252], [-47.59146635, -22.13039158], [-47.59139183, -22.13070006], [-47.59136481, -22.13071662], [-47.59120963, -22.13081174], [-47.59084384, -22.13104277], [-47.59067926, -22.13130767], [-47.59063671, -22.13160745], [-47.59063499, -22.13197608], [-47.59066346, -22.13213089], [-47.59072928, -22.13222538], [-47.59078338, -22.13237978], [-47.5908492, -22.13247428], [-47.59091546, -22.13259266], [-47.59091613, -22.13259799], [-47.59094546, -22.13283104], [-47.59093483, -22.13295064], [-47.59096309, -22.13309351], [-47.5910426, -22.13323556], [-47.59110842, -22.13333006], [-47.59116165, -22.1334367], [-47.59124138, -22.13359069], [-47.59127029, -22.13376938], [-47.59129767, -22.13386449], [-47.59130051, -22.1340197], [-47.59129769, -22.13403411], [-47.59127706, -22.1341395], [-47.59126665, -22.13427104], [-47.5912443, -22.13445054], [-47.59124474, -22.13447442], [-47.59129906, -22.13464076], [-47.59134056, -22.1348073], [-47.59135578, -22.13493843], [-47.59135884, -22.13510558], [-47.59134865, -22.13524906], [-47.59133736, -22.13533284], [-47.59132564, -22.13539274], [-47.59128829, -22.13545305], [-47.59116166, -22.13553866], [-47.59100985, -22.13564856], [-47.59087128, -22.13578214], [-47.59079766, -22.13596245], [-47.59065953, -22.1361199], [-47.59061002, -22.13621623], [-47.590549, -22.1363844], [-47.59056422, -22.13651553], [-47.59064395, -22.13666953], [-47.59093027, -22.13690384], [-47.59107386, -22.13704487], [-47.59115272, -22.13715111], [-47.59114253, -22.13729458], [-47.59103025, -22.13746357], [-47.59097409, -22.13751771], [-47.59096023, -22.13753106], [-47.59086648, -22.13762143], [-47.59072748, -22.13773112], [-47.5906278, -22.13788797], [-47.59050204, -22.13802134], [-47.59042799, -22.13817777], [-47.59041714, -22.13828543], [-47.59040695, -22.13842891], [-47.59039632, -22.13854851], [-47.59033398, -22.13864504], [-47.59010614, -22.13880392], [-47.59004359, -22.13888851], [-47.59003231, -22.13897229], [-47.59003299, -22.13900943], [-47.59003405, -22.13906781], [-47.59007512, -22.13921047], [-47.59015551, -22.13940028], [-47.59018333, -22.13951927], [-47.59019768, -22.13960264], [-47.59017357, -22.13968663], [-47.59017816, -22.13993736], [-47.59016819, -22.14009277], [-47.59016972, -22.14017635], [-47.59021057, -22.14030708], [-47.59026642, -22.14055699], [-47.59029533, -22.14073568], [-47.59034943, -22.14089008], [-47.59036509, -22.14104509], [-47.5903688, -22.14124806], [-47.59037186, -22.14141521], [-47.59037296, -22.14147491], [-47.59034995, -22.14161859], [-47.59030196, -22.1417985], [-47.59025332, -22.14194258], [-47.59031937, -22.14204902], [-47.59036066, -22.14220362], [-47.59050425, -22.14234466], [-47.5905438, -22.14240374], [-47.5905462, -22.14253508], [-47.59054926, -22.14270223], [-47.59053885, -22.14283377], [-47.59052778, -22.14292949], [-47.59050302, -22.14297766], [-47.59051693, -22.14303715], [-47.59055647, -22.14309624], [-47.59059645, -22.1431792], [-47.59067619, -22.14333319], [-47.5907166, -22.14344004], [-47.5907694, -22.1435228], [-47.59078331, -22.14358229], [-47.59077202, -22.14366607], [-47.5907603, -22.14372597], [-47.59076227, -22.14383343], [-47.59084091, -22.14392772], [-47.59093128, -22.14396212], [-47.59100905, -22.14400865], [-47.59106075, -22.14403172], [-47.59111289, -22.14407866], [-47.59116481, -22.14411366], [-47.59120436, -22.14417275], [-47.59121805, -22.14422031], [-47.59124543, -22.14431541], [-47.59125999, -22.14441073], [-47.59130041, -22.14451757], [-47.59137971, -22.14464768], [-47.59140622, -22.14469503], [-47.5915496, -22.14482413], [-47.59158936, -22.14489515], [-47.59161696, -22.1450022], [-47.59161784, -22.14504996], [-47.5915933, -22.14511006], [-47.5915049, -22.14518313], [-47.59142997, -22.1452918], [-47.59135416, -22.14535272], [-47.59129205, -22.1454612], [-47.59121646, -22.14553406], [-47.59121778, -22.14560569], [-47.59133531, -22.14572325], [-47.59142612, -22.14578153], [-47.59143981, -22.14582908], [-47.59146653, -22.14588837], [-47.59148263, -22.14606726], [-47.59148394, -22.1461389], [-47.59149763, -22.14618645], [-47.59148613, -22.14625829], [-47.59155152, -22.14632891], [-47.59157956, -22.14645984], [-47.59159391, -22.14654321], [-47.59164692, -22.14663791], [-47.59173992, -22.14681557], [-47.59174364, -22.14701854], [-47.59183576, -22.14714845], [-47.59196545, -22.14722999], [-47.59209449, -22.14727571], [-47.59209646, -22.14738316], [-47.59222572, -22.14744082], [-47.59227808, -22.1474997], [-47.59234369, -22.14758226], [-47.59244863, -22.14771196], [-47.5926033, -22.14775728], [-47.59263046, -22.14784044], [-47.59255728, -22.14804464], [-47.59257251, -22.14817577], [-47.59262399, -22.14818689], [-47.59279061, -22.14818424], [-47.59297222, -22.14830078], [-47.5930891, -22.14838252], [-47.59346603, -22.14866315], [-47.59357722, -22.1487184], [-47.59369892, -22.14877888], [-47.59388076, -22.14890735], [-47.59386926, -22.1489792], [-47.59381996, -22.14908747], [-47.59373156, -22.14916053], [-47.5936058, -22.1492939], [-47.59340314, -22.1494285], [-47.59311274, -22.14967197], [-47.59289836, -22.14986647], [-47.59275913, -22.14996423], [-47.59270895, -22.15002474], [-47.59262055, -22.1500978], [-47.59245525, -22.15017209], [-47.59204971, -22.15042934], [-47.59191069, -22.15053903], [-47.59175633, -22.15061054], [-47.59164373, -22.15066271], [-47.59147865, -22.15074893], [-47.59117666, -22.1508851], [-47.59092426, -22.15110409], [-47.59083782, -22.1512846], [-47.59045638, -22.15145786], [-47.59021373, -22.15150949], [-47.58978074, -22.1516131], [-47.58919891, -22.15114719], [-47.5884429, -22.15061976], [-47.58722356, -22.15004812], [-47.58629801, -22.14978897], [-47.58585851, -22.14965997], [-47.58514546, -22.14953574], [-47.58472566, -22.14950896], [-47.58431913, -22.14953013], [-47.58359505, -22.14960913], [-47.58284184, -22.14969248], [-47.58253292, -22.14976571], [-47.58196607, -22.14997571], [-47.58163881, -22.15018255], [-47.58146319, -22.15034057], [-47.58112402, -22.15073529], [-47.58069676, -22.15125148], [-47.58028706, -22.1517506], [-47.57976607, -22.15221203], [-47.57926389, -22.15261484], [-47.57829197, -22.15320742], [-47.57769617, -22.15353921], [-47.57705127, -22.1538147], [-47.57664488, -22.15410421], [-47.57618197, -22.15457952], [-47.57596549, -22.15519178], [-47.57571365, -22.15557885], [-47.57517272, -22.15597059], [-47.57453629, -22.15613679], [-47.57411111, -22.15618584], [-47.57368438, -22.15617796], [-47.57339073, -22.15614013], [-47.57292067, -22.15608411], [-47.5720226, -22.15577443], [-47.57161815, -22.15562482], [-47.57113422, -22.15532024], [-47.57065407, -22.15517832], [-47.56998213, -22.15499553], [-47.56918466, -22.15502073], [-47.56799233, -22.15520175], [-47.56778634, -22.15525658], [-47.56780969, -22.15556629], [-47.56786226, -22.15563712], [-47.567864, -22.15573263], [-47.5678905, -22.15577999], [-47.56797022, -22.15593399], [-47.56799759, -22.15602911], [-47.5680367, -22.15606432], [-47.56807601, -22.15611147], [-47.56827001, -22.15620396], [-47.56845054, -22.15626083], [-47.56864497, -22.15637719], [-47.56869797, -22.1564719], [-47.56873816, -22.15656681], [-47.5687608, -22.15660727], [-47.5687867, -22.15665354], [-47.56879116, -22.15666152], [-47.56893411, -22.15676676], [-47.56900015, -22.1568732], [-47.56902708, -22.15694444], [-47.56908052, -22.15706302], [-47.56912049, -22.15714599], [-47.56917372, -22.15725264], [-47.56925257, -22.15735889], [-47.56929254, -22.15744186], [-47.56934598, -22.15756045], [-47.56932165, -22.15763249], [-47.56925973, -22.15775289], [-47.56921041, -22.15786116], [-47.56917413, -22.15798116], [-47.56909918, -22.15808983], [-47.56910156, -22.15822116], [-47.56905376, -22.15841301], [-47.56899293, -22.15859311], [-47.56903464, -22.1587716], [-47.56905006, -22.15891467], [-47.56904006, -22.15907009], [-47.56901871, -22.15920326], [-47.56901739, -22.15921149], [-47.56900551, -22.15928561], [-47.5690205, -22.1594048], [-47.56902332, -22.15956001], [-47.56901332, -22.15971543], [-47.56889991, -22.1598247], [-47.56883691, -22.15988541], [-47.56878802, -22.16001756], [-47.56879084, -22.16017277], [-47.5688067, -22.16033972], [-47.56881211, -22.1604062], [-47.5688232, -22.16054249], [-47.56882581, -22.16068577], [-47.56885643, -22.16095998], [-47.56885035, -22.16107401], [-47.56884687, -22.16113927], [-47.56885034, -22.1613303], [-47.56886663, -22.16152114], [-47.56890747, -22.16165187], [-47.56896112, -22.16178239], [-47.56901457, -22.16190098], [-47.56901478, -22.16191292], [-47.56905362, -22.16194789], [-47.56906553, -22.16195862], [-47.56911906, -22.16200682], [-47.56925262, -22.16208306], [-47.56926158, -22.16208817], [-47.56930177, -22.16218308], [-47.56931524, -22.1622187], [-47.56931601, -22.16226153], [-47.56931632, -22.1622784], [-47.56931849, -22.16239779], [-47.56932044, -22.16250525], [-47.56942261, -22.16256162], [-47.56948881, -22.16259814], [-47.56960526, -22.16265602], [-47.56973474, -22.16272563], [-47.56986756, -22.16280145], [-47.56987726, -22.16280699], [-47.56998132, -22.16288895], [-47.57004802, -22.16303121], [-47.57010059, -22.16310204], [-47.57015338, -22.16318481], [-47.57023181, -22.16326717], [-47.57034869, -22.16334893], [-47.57040192, -22.16345558], [-47.57046818, -22.16357396], [-47.57052162, -22.16369255], [-47.57057463, -22.16378726], [-47.57057615, -22.16387083], [-47.57055225, -22.16396675], [-47.57054139, -22.16407441], [-47.57054399, -22.16421769], [-47.57056448, -22.16429716], [-47.57057158, -22.16432474], [-47.57061199, -22.16443159], [-47.57065436, -22.16464589], [-47.57063111, -22.16477763], [-47.57063263, -22.16486121], [-47.57066043, -22.1649802], [-47.57067521, -22.16508745], [-47.57074234, -22.1652536], [-47.57079556, -22.16536024], [-47.57083554, -22.16544321], [-47.57083684, -22.16551485], [-47.57090355, -22.16565714], [-47.57093061, -22.16573436], [-47.57093126, -22.16577019], [-47.57093234, -22.1658299], [-47.57093365, -22.16590155], [-47.57092224, -22.16597937], [-47.57090398, -22.16603342], [-47.57088149, -22.16620698], [-47.5708703, -22.16629675], [-47.57089083, -22.16636809], [-47.57093679, -22.16642709], [-47.57099025, -22.16654571], [-47.5709909, -22.16658153], [-47.57097949, -22.16665936], [-47.57091691, -22.16674396], [-47.57081032, -22.16687704], [-47.57072231, -22.16697399], [-47.57066383, -22.16701537], [-47.57062735, -22.16704119], [-47.57051359, -22.16713258], [-47.5704572, -22.16720514], [-47.57040656, -22.16724177], [-47.57029237, -22.16730927], [-47.57017763, -22.16734692], [-47.57005648, -22.16738467], [-47.56998749, -22.16746937], [-47.56985406, -22.16753718], [-47.56975258, -22.16759851], [-47.56969054, -22.16771297], [-47.5696989, -22.16782034], [-47.56971331, -22.16791811], [-47.56972085, -22.16796931], [-47.56973595, -22.1680945], [-47.56973758, -22.16818407], [-47.56976017, -22.16836886], [-47.56982113, -22.16854708], [-47.56983558, -22.16863644], [-47.56981906, -22.16878602], [-47.56977092, -22.16895999], [-47.56971594, -22.16911017], [-47.5697179, -22.16921765], [-47.56973202, -22.1692891], [-47.56981134, -22.16941925], [-47.56967302, -22.16957075], [-47.56961065, -22.16966729], [-47.56954947, -22.16982952], [-47.56951937, -22.16993751], [-47.56947732, -22.17009346], [-47.56950405, -22.17015276], [-47.56956381, -22.1702653], [-47.56955859, -22.17033108], [-47.56956011, -22.17041468], [-47.56952969, -22.17050475], [-47.56948666, -22.17060696], [-47.56945792, -22.17065468], [-47.56944309, -22.17067932], [-47.56940582, -22.17074561], [-47.56939984, -22.17076959], [-47.56943972, -22.17084661], [-47.56949176, -22.1708876], [-47.56953088, -22.17092282], [-47.56957032, -22.17097595], [-47.56959726, -22.1710472], [-47.56961074, -22.17108282], [-47.56962486, -22.17115427], [-47.56961921, -22.17119617], [-47.56959454, -22.17125031], [-47.56956966, -22.17129251], [-47.56956986, -22.17129397], [-47.56957705, -22.17134615], [-47.56959615, -22.17140727], [-47.56959747, -22.17141153], [-47.56959834, -22.17145929], [-47.56959867, -22.17147721], [-47.56956748, -22.17152548], [-47.5694987, -22.17162213], [-47.56945448, -22.17165866], [-47.56941367, -22.17170515], [-47.56938537, -22.1717374], [-47.56932855, -22.17178608], [-47.56930323, -22.17180439], [-47.56930466, -22.17188312], [-47.56930475, -22.17188799], [-47.56929942, -22.1719478], [-47.56927563, -22.17204971], [-47.5692063, -22.1721165], [-47.5691682, -22.17221462], [-47.5691573, -22.1722427], [-47.56918489, -22.17234977], [-47.56932654, -22.17250044], [-47.56932875, -22.17250279], [-47.56936961, -22.17263355], [-47.56943632, -22.17277584], [-47.56947587, -22.17283494], [-47.56950347, -22.17294202], [-47.5695302, -22.17300132], [-47.56954475, -22.17309666], [-47.56954606, -22.17316831], [-47.56949673, -22.17327659], [-47.56948716, -22.17345593], [-47.56938698, -22.1735889], [-47.5693107, -22.17362594], [-47.56926159, -22.17374617], [-47.56921182, -22.17383058], [-47.56913684, -22.17393927], [-47.56902492, -22.17413216], [-47.56889975, -22.17430137], [-47.56880043, -22.17448211], [-47.56871285, -22.17460295], [-47.56867504, -22.17463938], [-47.56859919, -22.1747003], [-47.56857529, -22.17479624], [-47.56834688, -22.17493125], [-47.56838795, -22.17507394], [-47.56838904, -22.17513365], [-47.56835405, -22.17532533], [-47.56835578, -22.17542087], [-47.56830754, -22.17558886], [-47.56825972, -22.17578074], [-47.56828797, -22.17592364], [-47.56829123, -22.17610277], [-47.56836055, -22.17638837], [-47.56838836, -22.17650738], [-47.56847963, -22.17658956], [-47.56853201, -22.17664846], [-47.56856004, -22.17677942], [-47.56858764, -22.17688649], [-47.56861502, -22.17698162], [-47.56865522, -22.17707655], [-47.56870738, -22.17712351], [-47.56870976, -22.17725487], [-47.5686613, -22.17741092], [-47.56859936, -22.17753135], [-47.56851156, -22.17764025], [-47.56851352, -22.17774773], [-47.56854394, -22.17801004], [-47.56858522, -22.17816468], [-47.56860043, -22.17829584], [-47.56861543, -22.17841506], [-47.56870822, -22.17858083], [-47.56885296, -22.17878162], [-47.56890728, -22.178948], [-47.56880579, -22.17900932], [-47.56866757, -22.17916679], [-47.56864519, -22.17934633], [-47.56864888, -22.17954934], [-47.56863931, -22.17972867], [-47.5686291, -22.17987218], [-47.56864431, -22.18000334], [-47.56859454, -22.18008774], [-47.56843068, -22.18024561], [-47.56833092, -22.18040248], [-47.56828311, -22.18059436], [-47.56826246, -22.18086943], [-47.56825115, -22.18095322], [-47.56815248, -22.1811698], [-47.56802774, -22.18136289], [-47.56805664, -22.18154161], [-47.56806033, -22.18174463], [-47.56806272, -22.18187599], [-47.5679873, -22.18196079], [-47.56783561, -22.18208264], [-47.56773411, -22.18214397], [-47.56752917, -22.18215915], [-47.56731141, -22.18217452], [-47.56710625, -22.18217776], [-47.56688827, -22.18218119], [-47.56675983, -22.18217127], [-47.56660596, -22.1821737], [-47.56647796, -22.18218766], [-47.56631148, -22.18220223], [-47.56624781, -22.18222713], [-47.56615153, -22.18222267], [-47.56606786, -22.18220607], [-47.56598408, -22.1821835], [-47.5659003, -22.18216093], [-47.56577805, -22.18213897], [-47.56567515, -22.18212267], [-47.56556583, -22.18210647], [-47.56550813, -22.18210738], [-47.5654375, -22.18210252], [-47.56536698, -22.18210363], [-47.56523234, -22.18210575], [-47.56497046, -22.18216363], [-47.56468772, -22.18213225], [-47.56445605, -22.18208812], [-47.56422481, -22.18206787], [-47.56403226, -22.18205896], [-47.56380146, -22.18206259], [-47.56353197, -22.18205489], [-47.56328813, -22.18204678], [-47.5631723, -22.18202471], [-47.56301734, -22.18196743], [-47.56277177, -22.18186378], [-47.562732, -22.18179274], [-47.56270397, -22.18166178], [-47.56261205, -22.18154377], [-47.56253338, -22.18144944], [-47.56240256, -22.18130816], [-47.56227304, -22.18123852], [-47.56216937, -22.18118043], [-47.56205289, -22.18112253], [-47.56194923, -22.18106444], [-47.56181992, -22.18100674], [-47.56163846, -22.18090209], [-47.56147047, -22.18083306], [-47.5614055, -22.1807863], [-47.56123837, -22.18076504], [-47.56096716, -22.1806618], [-47.56070855, -22.18054641], [-47.56042429, -22.18043142], [-47.56023088, -22.18037474], [-47.56002507, -22.18034214], [-47.55975472, -22.18028666], [-47.55953224, -22.18023239], [-47.55943265, -22.1802081], [-47.5591484, -22.18009312], [-47.55892847, -22.17998906], [-47.5587218, -22.17990869], [-47.55851535, -22.17984026], [-47.55837366, -22.17980665], [-47.558245, -22.17978479], [-47.55805245, -22.17977586], [-47.55789858, -22.17977828], [-47.55777015, -22.17976835], [-47.55761628, -22.17977077], [-47.55741156, -22.17979788], [-47.55719444, -22.17984907], [-47.55700254, -22.17987597], [-47.55683693, -22.1799383], [-47.55664503, -22.1799652], [-47.55632642, -22.18007771], [-47.55609713, -22.18016493], [-47.55589349, -22.18025175], [-47.55576764, -22.18038512], [-47.55564158, -22.18050655], [-47.55555312, -22.18057961], [-47.55537771, -22.18080933], [-47.55523991, -22.18099067], [-47.55515382, -22.1811951], [-47.55507948, -22.18133961], [-47.5550547, -22.18138778], [-47.55492993, -22.18158087], [-47.55486755, -22.18167741], [-47.55479419, -22.18186938], [-47.55479407, -22.18186969], [-47.55473277, -22.18202594], [-47.55467211, -22.18221802], [-47.55461081, -22.18237427], [-47.55457515, -22.18253012], [-47.554541, -22.18276957], [-47.55454445, -22.18296064], [-47.55452313, -22.18319989], [-47.55447594, -22.18342759], [-47.55442984, -22.183715], [-47.55438114, -22.18385911], [-47.55436983, -22.18394291], [-47.55434656, -22.18407467], [-47.55429721, -22.18418296], [-47.55426177, -22.18435075], [-47.55409939, -22.18459221], [-47.55396158, -22.18477355], [-47.55381246, -22.18503869], [-47.55366118, -22.18518441], [-47.55355989, -22.18525767], [-47.55330668, -22.18544082], [-47.55306455, -22.18552824], [-47.55278353, -22.18559237], [-47.55251533, -22.1856563], [-47.55233668, -22.18570689], [-47.55204413, -22.18584287], [-47.55175136, -22.18596692], [-47.55148337, -22.18604279], [-47.55128995, -22.18598609], [-47.55091572, -22.18586056], [-47.55048825, -22.18562834], [-47.55017856, -22.18552568], [-47.54975282, -22.18538901], [-47.54934055, -22.18528795], [-47.54904476, -22.1852448], [-47.54885242, -22.18524781], [-47.54867419, -22.18532228], [-47.54849704, -22.18545645], [-47.54837119, -22.18558982], [-47.54830793, -22.18563859], [-47.54818229, -22.1857839], [-47.54812076, -22.18592821], [-47.5480351, -22.18615652], [-47.54793553, -22.18632531], [-47.5478364, -22.18651799], [-47.54772508, -22.1867467], [-47.54765159, -22.18693898], [-47.54756657, -22.18720311], [-47.54760849, -22.18739358], [-47.54775213, -22.18753468], [-47.54757627, -22.1877405], [-47.54749017, -22.18794493], [-47.5474434, -22.18819651], [-47.54735903, -22.18849647], [-47.54729943, -22.18874826], [-47.547174, -22.18890551], [-47.54689319, -22.18898158], [-47.54671366, -22.18898439], [-47.5465878, -22.18911776], [-47.54657225, -22.18913274], [-47.54649954, -22.18920276], [-47.54643866, -22.18938289], [-47.54645536, -22.18959765], [-47.54653539, -22.18979802], [-47.54653417, -22.18985055], [-47.54653463, -22.18986432], [-47.54647529, -22.18999154], [-47.54632357, -22.19011337], [-47.54626246, -22.19028156], [-47.54627895, -22.19048438], [-47.54630783, -22.19066311], [-47.54632367, -22.1908301], [-47.54633929, -22.19098514], [-47.54646968, -22.19110256], [-47.54665093, -22.19119529], [-47.54658853, -22.19129183], [-47.54656482, -22.19139971], [-47.54658002, -22.19153087], [-47.54663476, -22.19172114], [-47.54665419, -22.19176925], [-47.54670189, -22.19188733], [-47.54684618, -22.19206425], [-47.5469085, -22.19209776], [-47.54704047, -22.19216872], [-47.54711957, -22.19228694], [-47.54723778, -22.19244038], [-47.54735793, -22.1927013], [-47.54747765, -22.19293834], [-47.54755804, -22.19312821], [-47.54761171, -22.19325877], [-47.54769188, -22.1934367], [-47.54788876, -22.19368447], [-47.54803456, -22.19394499], [-47.54814125, -22.19417028], [-47.54824642, -22.19431198], [-47.54827509, -22.19447877], [-47.54829072, -22.19463382], [-47.54819201, -22.19485038], [-47.54805289, -22.19496007], [-47.54801593, -22.19504427], [-47.54803069, -22.19515154], [-47.54804675, -22.19533047], [-47.54804933, -22.19547378], [-47.54801302, -22.1955938], [-47.54796711, -22.19589316], [-47.54795752, -22.19607249], [-47.54796033, -22.19622774], [-47.54796334, -22.19639493], [-47.54796615, -22.19655018], [-47.54801873, -22.19662103], [-47.54805828, -22.19668013], [-47.54810171, -22.1969542], [-47.54821077, -22.19731086], [-47.54833136, -22.19759566], [-47.54841133, -22.19776165], [-47.54867751, -22.19829502], [-47.54887483, -22.19856668], [-47.54909759, -22.19882599], [-47.54922777, -22.19893146], [-47.54944836, -22.19907135], [-47.54962941, -22.19915213], [-47.54984915, -22.19924425], [-47.55021081, -22.19938193], [-47.55058573, -22.19954329], [-47.55097304, -22.19968057], [-47.55137405, -22.19986541], [-47.55178917, -22.2001217], [-47.55203434, -22.20020147], [-47.55216474, -22.20031888], [-47.55226928, -22.20042475], [-47.55231099, -22.20060328], [-47.55243397, -22.20101944], [-47.55259326, -22.20131558], [-47.55266235, -22.20158924], [-47.55267949, -22.20182788], [-47.55265492, -22.20188799], [-47.55276573, -22.20234018], [-47.55287589, -22.20275654], [-47.55289001, -22.202828], [-47.55283107, -22.20311561], [-47.55258236, -22.20354955], [-47.55225389, -22.20382945], [-47.55187391, -22.20409821], [-47.5518363, -22.20414658], [-47.55126611, -22.20453777], [-47.55116762, -22.20476628], [-47.55106761, -22.2049112], [-47.5510341, -22.20518647], [-47.55101407, -22.20549736], [-47.55099403, -22.20580826], [-47.55101161, -22.20607078], [-47.55109158, -22.20623677], [-47.55075728, -22.20619423], [-47.55022952, -22.20609499], [-47.54992086, -22.20605205], [-47.54949743, -22.20604674], [-47.54919029, -22.20608739], [-47.54899727, -22.20605457], [-47.54880447, -22.2060337], [-47.54836886, -22.20606442], [-47.54808736, -22.20610466], [-47.54779369, -22.20618093], [-47.54748848, -22.20632906], [-47.5471711, -22.20651321], [-47.54689435, -22.20681618], [-47.54656543, -22.20707218], [-47.54615978, -22.20734133], [-47.54598368, -22.20753522], [-47.54572017, -22.20786187], [-47.54534556, -22.20842917], [-47.54524382, -22.20847854], [-47.54474645, -22.20864162], [-47.54439952, -22.20861121], [-47.54400324, -22.20868908], [-47.5435437, -22.20881572], [-47.54337654, -22.20879444], [-47.54299394, -22.20891988], [-47.54267418, -22.20897266], [-47.54235528, -22.2090732], [-47.54217637, -22.20911184], [-47.5419716, -22.20913893], [-47.54162812, -22.20929959], [-47.54133487, -22.20939973], [-47.54105508, -22.2095355], [-47.54082703, -22.20969436], [-47.54059854, -22.20982933], [-47.54054724, -22.20983013], [-47.54020225, -22.20990719], [-47.53972815, -22.20993848], [-47.53953513, -22.20990566], [-47.53930385, -22.20988538], [-47.53895628, -22.20981913], [-47.53864805, -22.20980005], [-47.53845524, -22.20977917], [-47.53792941, -22.20978737], [-47.53736424, -22.2097484], [-47.53715797, -22.20969189], [-47.53682473, -22.20970904], [-47.53656586, -22.20958167], [-47.53616613, -22.20946845], [-47.53594639, -22.20937631], [-47.53544406, -22.20926468], [-47.53518627, -22.20919703], [-47.53483849, -22.20911883], [-47.53451658, -22.20905217], [-47.53431698, -22.20895005], [-47.53424467, -22.20891306], [-47.53395973, -22.20876221], [-47.53373784, -22.20855064], [-47.53361834, -22.20832554], [-47.5332821, -22.20817548], [-47.5329061, -22.20795437], [-47.53265921, -22.20777903], [-47.53257595, -22.2077124], [-47.53242493, -22.20759155], [-47.53220305, -22.20737998], [-47.53201985, -22.20717976], [-47.53192794, -22.20706173], [-47.53173235, -22.20688559], [-47.53135914, -22.20681973], [-47.53099597, -22.20659841], [-47.53080167, -22.20649392], [-47.53065888, -22.20640058], [-47.53050305, -22.20629549], [-47.5302955, -22.20616732], [-47.53001163, -22.20607617], [-47.52979233, -22.20600791], [-47.52959888, -22.20595119], [-47.52917373, -22.20585028], [-47.52873619, -22.20577347], [-47.52849316, -22.20581308], [-47.52816121, -22.20590186], [-47.5279558, -22.2058931], [-47.52786517, -22.20584673], [-47.52753941, -22.2055651], [-47.52715081, -22.20535611], [-47.52709695, -22.2052136], [-47.52692424, -22.20488181], [-47.52676542, -22.20460952], [-47.52650507, -22.20439854], [-47.52627038, -22.20418717], [-47.52600939, -22.20394036], [-47.52577491, -22.20374093], [-47.52553937, -22.20348178], [-47.52538226, -22.20330503], [-47.52514821, -22.20312948], [-47.52497829, -22.20295293], [-47.52484748, -22.20281161], [-47.52465212, -22.20264741], [-47.52439284, -22.20249614], [-47.52432723, -22.20241353], [-47.52393971, -22.20226425], [-47.52390102, -22.20225291], [-47.52373302, -22.20218384], [-47.52360371, -22.20212612], [-47.52338697, -22.20220115], [-47.52320871, -22.20227559], [-47.52306849, -22.20232555], [-47.52295585, -22.20248259], [-47.52288189, -22.20265097], [-47.52278185, -22.20279587], [-47.5226816, -22.20292883], [-47.52259375, -22.2030377], [-47.52248132, -22.20320668], [-47.52226757, -22.20344891], [-47.52220558, -22.20356933], [-47.52213119, -22.20371383], [-47.5220318, -22.20389455], [-47.52193262, -22.20408722], [-47.52179517, -22.20429243], [-47.52163229, -22.20450997], [-47.52155748, -22.20463059], [-47.52143072, -22.20471617], [-47.52122809, -22.20486266], [-47.5211257, -22.20487619], [-47.52083222, -22.20496436], [-47.52055135, -22.20504038], [-47.52014373, -22.20520199], [-47.51986393, -22.20533773], [-47.51967369, -22.20546013], [-47.51945716, -22.2055471], [-47.5192137, -22.20556282], [-47.51881719, -22.20562869], [-47.51851003, -22.20566928], [-47.5184226, -22.20580203], [-47.5183869, -22.20595788], [-47.518314, -22.20618598], [-47.51817783, -22.20646284], [-47.5180921, -22.20669113], [-47.51793969, -22.20677711], [-47.51776376, -22.20698291], [-47.51758975, -22.20729619], [-47.5174399, -22.20752547], [-47.51740462, -22.20770521], [-47.51731932, -22.20795738], [-47.51737403, -22.20814767], [-47.51741571, -22.20832621], [-47.51753369, -22.20846773], [-47.51722051, -22.20841834], [-47.51684609, -22.20828081], [-47.51648663, -22.20826249], [-47.51620517, -22.20830267], [-47.51578414, -22.20842862], [-47.51529901, -22.20855555], [-47.51504404, -22.2086431], [-47.51482797, -22.20875393], [-47.51458689, -22.20890097], [-47.51442275, -22.20904683], [-47.51434922, -22.20923906], [-47.51429212, -22.20963408], [-47.5143996, -22.20990711], [-47.51442993, -22.2101694], [-47.51457609, -22.21045378], [-47.51469789, -22.2108102], [-47.51470214, -22.211049], [-47.5146549, -22.21127666], [-47.51452943, -22.21143386], [-47.51436422, -22.21152002], [-47.51405647, -22.21152478], [-47.51381794, -22.21181511], [-47.51366811, -22.21204435], [-47.51328894, -22.21236073], [-47.51294591, -22.21254518], [-47.51278197, -22.21270298], [-47.51241244, -22.21284007], [-47.51186189, -22.21289634], [-47.51145091, -22.21286686], [-47.51107585, -22.2126935], [-47.51132353, -22.2129166], [-47.51153317, -22.21316417], [-47.5116415, -22.21348497], [-47.51175174, -22.21391323], [-47.51180771, -22.21417512], [-47.51190215, -22.21443642], [-47.51197137, -22.21472199], [-47.51206603, -22.21499523], [-47.51210833, -22.21520956], [-47.51208545, -22.21536518], [-47.51219378, -22.21568597], [-47.51230083, -22.21593513], [-47.51248483, -22.2161831], [-47.51272097, -22.21647804], [-47.51295733, -22.21678492], [-47.51310541, -22.21717676], [-47.51315167, -22.21724512], [-47.51332937, -22.21750771], [-47.51342467, -22.21781677], [-47.51341802, -22.21816323], [-47.51342185, -22.21837815], [-47.51338743, -22.21860561], [-47.51336604, -22.21884481], [-47.51335619, -22.21901217], [-47.51342435, -22.21923804], [-47.51354296, -22.21941536], [-47.51374043, -22.21969894], [-47.51400287, -22.2200293], [-47.51429159, -22.22039508], [-47.51456579, -22.22066554], [-47.5148276, -22.22096008], [-47.5149212, -22.22117361], [-47.51492418, -22.22134077], [-47.51503103, -22.22157799], [-47.51529284, -22.22187252], [-47.51551532, -22.22211989], [-47.51572477, -22.22235552], [-47.51606501, -22.22273244], [-47.51620991, -22.22294518], [-47.51623705, -22.22302837], [-47.51639649, -22.22333643], [-47.51645204, -22.22357443], [-47.51655848, -22.22378777], [-47.51664054, -22.22407314], [-47.51667173, -22.22438318], [-47.51664928, -22.22456268], [-47.51662789, -22.22480188], [-47.51661827, -22.22498118], [-47.51658534, -22.22529222], [-47.51656395, -22.22553141], [-47.51652761, -22.22565141], [-47.51640342, -22.22588026], [-47.51629034, -22.22601338], [-47.51622899, -22.2261696], [-47.51609006, -22.22629118], [-47.51593872, -22.22643684], [-47.5157752, -22.22661852], [-47.51553346, -22.22672975], [-47.51532976, -22.22681651], [-47.51515192, -22.22691481], [-47.51490932, -22.22697828], [-47.51470434, -22.22699339], [-47.51462678, -22.22701576], [-47.51439804, -22.22708173], [-47.5140661, -22.22717047], [-47.51384851, -22.22719772], [-47.51360548, -22.22723731], [-47.51340199, -22.227336], [-47.51330025, -22.22738535], [-47.51322628, -22.2275537], [-47.51321708, -22.22775688], [-47.51313263, -22.22805677], [-47.51295798, -22.22833417], [-47.51283336, -22.22853913], [-47.51279521, -22.22867173], [-47.51278504, -22.22870709], [-47.51276152, -22.22882688], [-47.5126495, -22.22901971], [-47.51257447, -22.22912836], [-47.51247421, -22.22926129], [-47.51239961, -22.22939382], [-47.51232372, -22.22945471], [-47.51217302, -22.22963619], [-47.51199731, -22.22985388], [-47.51182053, -22.23001188], [-47.51163071, -22.23015813], [-47.51137762, -22.23035314], [-47.51121175, -22.23040347], [-47.51099457, -22.2304546], [-47.51061004, -22.23047248], [-47.51022487, -22.23045454], [-47.50982666, -22.23042486], [-47.50950541, -22.23039399], [-47.50927435, -22.23038562], [-47.50913348, -22.23039973], [-47.50899305, -22.23043773], [-47.50884106, -22.23054757], [-47.50868844, -22.23062158], [-47.50851038, -22.23070793], [-47.50829342, -22.230771], [-47.5079621, -22.23089555], [-47.50775796, -22.23095841], [-47.50764445, -22.23106765], [-47.50737747, -22.23120315], [-47.50714874, -22.23132611], [-47.50695849, -22.23144848], [-47.50681975, -22.231582], [-47.5066932, -22.2316795], [-47.50665537, -22.23171591], [-47.50651599, -22.23181361], [-47.5062879, -22.23197239], [-47.50614853, -22.23207009], [-47.50604805, -22.23219107], [-47.5059852, -22.2322637], [-47.50574365, -22.23238686], [-47.50555148, -22.23240176], [-47.50539779, -22.23241607], [-47.50523043, -22.23238282], [-47.50510091, -22.23231316], [-47.50502205, -22.23220688], [-47.50486581, -22.23207791], [-47.50472219, -22.23193681], [-47.5045014, -22.23178494], [-47.50435884, -22.23170353], [-47.50428104, -22.23165696], [-47.50403503, -22.23152937], [-47.50389184, -22.23141214], [-47.50372363, -22.23133113], [-47.50354238, -22.23123837], [-47.50340024, -22.23118085], [-47.50311682, -22.23111355], [-47.50297511, -22.2310799], [-47.5027432, -22.23102375], [-47.50260234, -22.23103787], [-47.50243668, -22.23110013], [-47.50228468, -22.23120997], [-47.50217244, -22.23139084], [-47.50212453, -22.23158268], [-47.50211489, -22.23176198], [-47.50205331, -22.23190625], [-47.50169675, -22.23205506], [-47.50145668, -22.23226179], [-47.50133182, -22.23245481], [-47.50119371, -22.23262414], [-47.50107934, -22.23268562], [-47.50095406, -22.23285475], [-47.50085379, -22.23298767], [-47.50077917, -22.2331202], [-47.50070349, -22.23319303], [-47.50065389, -22.23328934], [-47.50051344, -22.23332733], [-47.50029648, -22.23339038], [-47.50010452, -22.23341722], [-47.49997839, -22.2335386], [-47.4997629, -22.23368523], [-47.49961048, -22.23377118], [-47.49949675, -22.23386848], [-47.49935758, -22.23397811], [-47.49921841, -22.23408774], [-47.49913054, -22.23419658], [-47.49913181, -22.23426822], [-47.49913308, -22.23433986], [-47.49913392, -22.23438763], [-47.49908368, -22.23444812], [-47.49898235, -22.23452133], [-47.49894536, -22.23460551], [-47.49890794, -22.2346658], [-47.49880619, -22.23471514], [-47.49869182, -22.23477661], [-47.4986155, -22.23481362], [-47.49848894, -22.23491111], [-47.49829847, -22.23502153], [-47.49813406, -22.23515544], [-47.4980464, -22.23527622], [-47.49794613, -22.23540914], [-47.49785932, -22.23557768], [-47.49779879, -22.23578165], [-47.49754588, -22.23598857], [-47.49730473, -22.2361356], [-47.49719185, -22.23628066], [-47.49704048, -22.23642631], [-47.49703402, -22.23666457], [-47.49721717, -22.23686479], [-47.4973486, -22.23704193], [-47.49745375, -22.23718363], [-47.4975078, -22.23733807], [-47.49753472, -22.23740931], [-47.49774099, -22.23746586], [-47.49811844, -22.23777059], [-47.4982875, -22.23789937], [-47.49830075, -22.23792305], [-47.49836848, -22.23812505], [-47.49839837, -22.23836346], [-47.49840112, -22.23851868], [-47.49849514, -22.23875611], [-47.4985881, -22.23893383], [-47.49866802, -22.23909981], [-47.49895315, -22.23926263], [-47.49913525, -22.23940316], [-47.49930453, -22.23954387], [-47.49940946, -22.23967364], [-47.49952892, -22.23989873], [-47.49967382, -22.24011148], [-47.49990914, -22.24035867], [-47.50013014, -22.24052248], [-47.50033811, -22.24067455], [-47.50057258, -22.24087398], [-47.50061233, -22.24094503], [-47.50075639, -22.24111002], [-47.50090023, -22.24126307], [-47.5010216, -22.24159562], [-47.50111583, -22.24184498], [-47.50123445, -22.24202231], [-47.50144518, -22.24232959], [-47.50158902, -22.24248264], [-47.50169799, -22.24283927], [-47.50181788, -22.24308823], [-47.50188498, -22.24325441], [-47.5019277, -22.24349262], [-47.50199756, -22.24381402], [-47.50201336, -22.24398098], [-47.50198061, -22.24430396], [-47.50203552, -22.24450615], [-47.50219389, -22.24475453], [-47.50237982, -22.24510996], [-47.50249908, -22.24532311], [-47.50259056, -22.24541725], [-47.50277459, -22.24566523], [-47.50299603, -22.24585291], [-47.50320571, -22.24610049], [-47.50336153, -22.24620558], [-47.50350602, -22.24639445], [-47.50365115, -22.24661914], [-47.50379542, -22.24679607], [-47.50389994, -22.24690195], [-47.50405598, -22.24701898], [-47.50421287, -22.24718377], [-47.50426694, -22.2473382], [-47.50432164, -22.24752845], [-47.50434878, -22.24761163], [-47.50441632, -22.24780169], [-47.50434339, -22.24802974], [-47.50427026, -22.24824585], [-47.50418429, -22.24846215], [-47.50411158, -22.24870214], [-47.50410194, -22.24888144], [-47.50404206, -22.24912123], [-47.50404454, -22.24926105], [-47.50404545, -22.24931227], [-47.50404779, -22.24944362], [-47.50401207, -22.24959943], [-47.50398918, -22.24975505], [-47.50395643, -22.25007803], [-47.50393418, -22.25026946], [-47.50387196, -22.25037791], [-47.50359083, -22.25044196], [-47.50329645, -22.25048233], [-47.50298946, -22.25053483], [-47.50277204, -22.25057401], [-47.50257922, -22.2505531], [-47.50232205, -22.25052123], [-47.5021677, -22.25049972], [-47.50198961, -22.25058607], [-47.50172195, -22.25068574], [-47.50142863, -22.2507858], [-47.50127598, -22.25085981], [-47.50112397, -22.25096965], [-47.50103652, -22.25110237], [-47.5008845, -22.2512122], [-47.50070726, -22.25134631], [-47.50045327, -22.25149354], [-47.5003143, -22.25161511], [-47.50025377, -22.25181908], [-47.50020416, -22.25191539], [-47.50007758, -22.25201289], [-47.50011946, -22.25220334], [-47.50013504, -22.25235836], [-47.5001378, -22.25251359], [-47.50014034, -22.25265687], [-47.50015678, -22.25285965], [-47.50019738, -22.25297846], [-47.50021254, -22.25310961], [-47.50021466, -22.25322901], [-47.50017851, -22.25336094], [-47.50011586, -22.25344551], [-47.50013017, -22.2535289], [-47.50013145, -22.25360054], [-47.50013208, -22.25363636], [-47.50010728, -22.25368451], [-47.5000953, -22.25373247], [-47.50007113, -22.25381645], [-47.50002088, -22.25387694], [-47.49999608, -22.25392509], [-47.49995823, -22.25396151], [-47.49988169, -22.25398657], [-47.49981798, -22.25401144], [-47.49972968, -22.2540964], [-47.49969183, -22.25413282], [-47.49960289, -22.25418196], [-47.49952678, -22.2542309], [-47.4994761, -22.25426751], [-47.49936193, -22.25434093], [-47.49928688, -22.25444958], [-47.49921034, -22.25447464], [-47.49910899, -22.25454786], [-47.4990333, -22.25462069], [-47.49894712, -22.25482505], [-47.49889941, -22.25502882], [-47.49882627, -22.25524493], [-47.49872746, -22.25546143], [-47.49860025, -22.25552311], [-47.49835887, -22.2556582], [-47.49811769, -22.25580523], [-47.49791415, -22.25590391], [-47.49773584, -22.25597831], [-47.49754491, -22.25606485], [-47.49741834, -22.25616235], [-47.49720239, -22.2562851], [-47.49701252, -22.25643134], [-47.49684768, -22.25654137], [-47.4966454, -22.25671169], [-47.49630245, -22.25690805], [-47.49612541, -22.2570541], [-47.49599862, -22.25713965], [-47.49592272, -22.25720053], [-47.49577048, -22.25729842], [-47.49564432, -22.25741979], [-47.49556905, -22.2575165], [-47.49551986, -22.25763669], [-47.49548434, -22.25780444], [-47.49541225, -22.25808025], [-47.49528694, -22.25824938], [-47.49512547, -22.25855045], [-47.49503928, -22.25875481], [-47.49497789, -22.25891102], [-47.49504733, -22.25920854], [-47.4950505, -22.25938765], [-47.49504127, -22.25959083], [-47.49503226, -22.25980595], [-47.49498476, -22.26002166], [-47.49492337, -22.26017787], [-47.4948235, -22.26033467], [-47.49480081, -22.26050222], [-47.49470158, -22.26069484], [-47.49467994, -22.2609221], [-47.49463075, -22.26104229], [-47.49452081, -22.26135451], [-47.49448656, -22.26159391], [-47.49442686, -22.26184564], [-47.4943659, -22.26202573], [-47.49431607, -22.2621101], [-47.49426687, -22.26223029], [-47.49412979, -22.26245932], [-47.49403225, -22.26274746], [-47.49395782, -22.26289192], [-47.49379529, -22.26313329], [-47.49375913, -22.26326522], [-47.49372319, -22.2634091], [-47.49364813, -22.26351774], [-47.4935085, -22.26360349], [-47.49307129, -22.26355049], [-47.49269843, -22.26350844], [-47.49244081, -22.26345267], [-47.49209403, -22.26343411], [-47.49182655, -22.26354571], [-47.49150839, -22.26369391], [-47.49129285, -22.26384054], [-47.49120516, -22.26396132], [-47.49110613, -22.26416588], [-47.49110719, -22.26422558], [-47.49100985, -22.26452566], [-47.49088232, -22.26476344], [-47.49084837, -22.26482673], [-47.4907645, -22.26516243], [-47.49071741, -22.26540202], [-47.49063205, -22.26565414], [-47.49044449, -22.26593172], [-47.49038416, -22.26614763], [-47.49037408, -22.26630305], [-47.49032593, -22.26648294], [-47.49020251, -22.26675953], [-47.49012893, -22.26695176], [-47.49000445, -22.26716865], [-47.48995694, -22.26738436], [-47.48980744, -22.26763747], [-47.48976056, -22.267889], [-47.48966364, -22.26821296], [-47.48965483, -22.26844002], [-47.48960901, -22.26875126], [-47.48953627, -22.26899124], [-47.4894631, -22.26920735], [-47.4893788, -22.26951917], [-47.48929343, -22.26977129], [-47.48922027, -22.2699874], [-47.48915972, -22.27019137], [-47.48913533, -22.2702634], [-47.48906533, -22.27065861], [-47.48896883, -22.27100645], [-47.48890807, -22.27119848], [-47.48879705, -22.27145099], [-47.48868835, -22.27183485], [-47.48862843, -22.27207464], [-47.48856746, -22.27225473], [-47.48848125, -22.27245909], [-47.48840744, -22.27263937], [-47.48831975, -22.27276015], [-47.48815615, -22.27294181], [-47.48807685, -22.27281165], [-47.48783014, -22.27264822], [-47.48755947, -22.27258071], [-47.48734032, -22.27252435], [-47.48714725, -22.27249148], [-47.48685071, -22.27241242], [-47.48655544, -22.272405], [-47.4863119, -22.27242067], [-47.48601683, -22.27242519], [-47.48590116, -22.27241502], [-47.48561872, -22.2724074], [-47.48547528, -22.27227822], [-47.48539598, -22.27214805], [-47.48528976, -22.27194664], [-47.48515852, -22.27178144], [-47.48505336, -22.27163973], [-47.48491055, -22.27154637], [-47.48472947, -22.27146553], [-47.48451011, -22.27139723], [-47.48439402, -22.27136318], [-47.48427856, -22.27136494], [-47.48412462, -22.2713673], [-47.48399759, -22.2714409], [-47.48379529, -22.27161121], [-47.4835528, -22.27168658], [-47.48324681, -22.27179875], [-47.48308235, -22.27193265], [-47.48284029, -22.2720319], [-47.4826119, -22.27217872], [-47.48244765, -22.27232455], [-47.48232063, -22.27239815], [-47.481863, -22.27264402], [-47.4815976, -22.27287501], [-47.48142179, -22.27309268], [-47.48140959, -22.2731287], [-47.48127079, -22.2732622], [-47.48113241, -22.27341958], [-47.48096816, -22.27356541], [-47.48085565, -22.27373434], [-47.48060265, -22.27394125], [-47.48046321, -22.27403893], [-47.48031179, -22.27418456], [-47.48009728, -22.27439088], [-47.47998624, -22.27464339], [-47.47990064, -22.27488357], [-47.47987667, -22.27497949], [-47.47986742, -22.27518267], [-47.47984661, -22.27545769], [-47.47990256, -22.27571959], [-47.47992171, -22.2760776], [-47.47992508, -22.27626865], [-47.47943951, -22.27638352], [-47.47917094, -22.27643539], [-47.47878753, -22.27652485], [-47.47853263, -22.2766243], [-47.47830444, -22.27678305], [-47.47803692, -22.27689462], [-47.47769305, -22.2770432], [-47.47760387, -22.27708039], [-47.47722194, -22.27725343], [-47.4769155, -22.27734171], [-47.4766599, -22.27741155], [-47.47654513, -22.27744291], [-47.47646879, -22.27747991], [-47.47618801, -22.2775678], [-47.47590724, -22.27765569], [-47.4755377, -22.27780465], [-47.47516859, -22.27797749], [-47.47428693, -22.27819397], [-47.47377627, -22.27834508], [-47.47340631, -22.27847015], [-47.47303467, -22.2784997], [-47.47249604, -22.27851986], [-47.47237596, -22.27852455], [-47.4719959, -22.27853942], [-47.47175193, -22.27853119], [-47.47139417, -22.27862024], [-47.47104987, -22.27874492], [-47.47075667, -22.27885688], [-47.47032194, -22.2789471], [-47.46981169, -22.27912208], [-47.46946613, -22.27917511], [-47.46931217, -22.27917746], [-47.4690705, -22.27930057], [-47.46873966, -22.27946087], [-47.46856214, -22.27958301], [-47.46824506, -22.27979684], [-47.46809686, -22.27981952], [-47.46821177, -22.28016541], [-47.46828504, -22.2807586], [-47.46821959, -22.28146927], [-47.46817947, -22.28190452], [-47.46791703, -22.2828642], [-47.46725483, -22.28405353], [-47.46654611, -22.28496787], [-47.4659233, -22.28581771], [-47.46553675, -22.28635916], [-47.4649689, -22.28712803], [-47.46441658, -22.2878961], [-47.46377472, -22.28895363], [-47.4635501, -22.2893913], [-47.46317552, -22.29027977], [-47.4628675, -22.29135571], [-47.46266909, -22.292445], [-47.46245902, -22.29379534], [-47.46243086, -22.29483875], [-47.46232277, -22.29605421], [-47.4622353, -22.29684696], [-47.46221897, -22.29773593], [-47.46240027, -22.29868401], [-47.4627944, -22.29921783], [-47.4655509, -22.30053578], [-47.46616837, -22.30119933], [-47.46638019, -22.30170306], [-47.46649512, -22.30204895], [-47.46665582, -22.30316133], [-47.46676158, -22.30382611], [-47.4668954, -22.30437451], [-47.46720435, -22.30513728], [-47.46774498, -22.305691], [-47.46791681, -22.30608966], [-47.46792079, -22.30633906], [-47.46776513, -22.30664075], [-47.46742436, -22.30689426], [-47.46710411, -22.30700063], [-47.46662873, -22.30694337], [-47.46606462, -22.30667501], [-47.46547311, -22.30643448], [-47.46498426, -22.30636086], [-47.46456367, -22.30637984], [-47.46409957, -22.30650334], [-47.46346694, -22.30683087], [-47.46302162, -22.30717134], [-47.46248643, -22.30771453], [-47.46209128, -22.3082279], [-47.46192672, -22.30867951], [-47.46177921, -22.30918816], [-47.46175137, -22.30940573], [-47.4617799, -22.30961734], [-47.46180618, -22.3098696], [-47.46181373, -22.31028889], [-47.46185668, -22.3109108], [-47.461917, -22.31167739], [-47.46195692, -22.31218453], [-47.46201896, -22.31311106], [-47.46219506, -22.314238], [-47.4623976, -22.31520609], [-47.4626459, -22.31602811], [-47.46285839, -22.31657431], [-47.46312223, -22.31739733], [-47.46343301, -22.31830558], [-47.46367809, -22.31891072], [-47.46423784, -22.31977088], [-47.46487357, -22.3204716], [-47.46584364, -22.32165876], [-47.46646157, -22.32227352], [-47.4668912, -22.32274431], [-47.46720957, -22.32316018], [-47.46762885, -22.32397966], [-47.46822644, -22.32524484], [-47.4684396, -22.32583621], [-47.46874398, -22.3264363], [-47.46884779, -22.32684356], [-47.46893513, -22.32737811], [-47.46897572, -22.32792863], [-47.46892384, -22.32850927], [-47.46877904, -22.32917786], [-47.46871237, -22.32978732], [-47.46854948, -22.33119399], [-47.46843102, -22.33236963], [-47.46813895, -22.33443144], [-47.46809723, -22.33560576], [-47.46811583, -22.33663411], [-47.46824495, -22.33755925], [-47.46846848, -22.33819497], [-47.46893148, -22.33888914], [-47.46963171, -22.33941948], [-47.47029486, -22.33958004], [-47.47061365, -22.33968147], [-47.47084325, -22.33976064], [-47.47113172, -22.33989169], [-47.47138472, -22.34009028], [-47.47154284, -22.3402476], [-47.47166124, -22.34052394], [-47.47164422, -22.34072442], [-47.47155715, -22.34107262], [-47.47140746, -22.34135086], [-47.4712267, -22.34175901], [-47.47106333, -22.34218082], [-47.47105753, -22.34270302], [-47.47105336, -22.34339872], [-47.4712423, -22.34438026], [-47.47171426, -22.34557595], [-47.47234545, -22.34691269], [-47.47309545, -22.3479448], [-47.47340235, -22.34847623], [-47.47372611, -22.34922461], [-47.47394346, -22.35004641], [-47.47406863, -22.35098689], [-47.47411327, -22.35178318], [-47.47408378, -22.3527543], [-47.47403473, -22.35347862], [-47.47396348, -22.35471149], [-47.47396507, -22.3556819], [-47.47400176, -22.35689829], [-47.47415734, -22.3585907], [-47.47441176, -22.3597895], [-47.47455936, -22.36071927], [-47.47460281, -22.36141437], [-47.47475028, -22.36249503], [-47.4748721, -22.36296926], [-47.47517927, -22.36360188], [-47.47556763, -22.36442205], [-47.47612992, -22.36536892], [-47.47659667, -22.36623025], [-47.47731634, -22.36810423], [-47.4778717, -22.3696022], [-47.47837663, -22.37082518], [-47.47910126, -22.37216159], [-47.47963688, -22.37344168], [-47.48006932, -22.37408683], [-47.48056112, -22.37458689], [-47.4811288, -22.37494015], [-47.48192957, -22.37530392], [-47.4825253, -22.3755417], [-47.48307451, -22.37576563], [-47.48359405, -22.37606166], [-47.48382975, -22.37624566], [-47.48409793, -22.37663858], [-47.48423351, -22.37696471], [-47.4843342, -22.37741169], [-47.48434248, -22.37787435], [-47.48444317, -22.37832224], [-47.48457657, -22.37881279], [-47.48486892, -22.37948958], [-47.48526955, -22.3801065], [-47.48571552, -22.38063517], [-47.4862276, -22.38142447], [-47.48644093, -22.38201492], [-47.4866223, -22.38259161], [-47.48661232, -22.38289513], [-47.48648002, -22.38331806], [-47.48622021, -22.38364079], [-47.48517101, -22.38416274], [-47.48404233, -22.38465799], [-47.48288395, -22.38522712], [-47.48166642, -22.38591153], [-47.48048086, -22.3867407], [-47.47954749, -22.38762567], [-47.47828558, -22.38852752], [-47.4771142, -22.38927091], [-47.47634607, -22.38987682], [-47.47522653, -22.39083557], [-47.47340481, -22.3926744], [-47.47251953, -22.39374485], [-47.47215657, -22.39434429], [-47.47189692, -22.39477], [-47.47179704, -22.39487417], [-47.47157355, -22.39500828], [-47.47094488, -22.3951416], [-47.47028654, -22.3953461], [-47.46938752, -22.39564303], [-47.46825685, -22.39599359], [-47.46754618, -22.39630888], [-47.46702932, -22.39656307], [-47.46663679, -22.39682258], [-47.46612079, -22.39722224], [-47.46565414, -22.39764842], [-47.465187, -22.39814146], [-47.46494287, -22.39843534], [-47.46472406, -22.39885227], [-47.46453613, -22.39955853], [-47.46434185, -22.40046623], [-47.46424222, -22.40079628], [-47.46413803, -22.40108745], [-47.46408488, -22.40117927], [-47.46402701, -22.40125118], [-47.46384999, -22.40140545], [-47.46362657, -22.40152689], [-47.46322721, -22.40178725], [-47.46290388, -22.40201647], [-47.4626186, -22.40222334], [-47.46235827, -22.40247375], [-47.46213016, -22.40283189], [-47.46182242, -22.40344521], [-47.46157179, -22.40421701], [-47.46151899, -22.40478228], [-47.46146992, -22.40575868], [-47.46163978, -22.40656663], [-47.46186761, -22.40715721], [-47.46214923, -22.40809418], [-47.46265232, -22.40917262], [-47.46323964, -22.40977273], [-47.46410816, -22.41045417], [-47.46548086, -22.41141983], [-47.46612825, -22.41191641], [-47.46691905, -22.41259914], [-47.46704701, -22.41277163], [-47.46711744, -22.41297176], [-47.46752754, -22.41270785], [-47.46767104, -22.41261932], [-47.46811156, -22.41244596], [-47.46859172, -22.41230086], [-47.46904168, -22.41216369], [-47.46937541, -22.412108], [-47.46988094, -22.41207871], [-47.47023157, -22.41210264], [-47.47047427, -22.41213491], [-47.47077026, -22.4121883], [-47.47108489, -22.41234934], [-47.47152053, -22.4127045], [-47.47196427, -22.41314735], [-47.47250548, -22.41381309], [-47.47280016, -22.41417638], [-47.47309957, -22.41442586], [-47.47342269, -22.41462308], [-47.47379866, -22.41477005], [-47.47433202, -22.41492072], [-47.47497256, -22.41503413], [-47.47586462, -22.415038], [-47.47731274, -22.41501558], [-47.47854542, -22.41508394], [-47.47901252, -22.41512756], [-47.47917281, -22.4151349], [-47.47945438, -22.41516831], [-47.47968068, -22.41518601], [-47.47990615, -22.41518292], [-47.48021554, -22.41513338], [-47.48064338, -22.41509814], [-47.48111015, -22.41505502], [-47.48308201, -22.41490575], [-47.48434352, -22.4148857], [-47.48526074, -22.41477041], [-47.48600322, -22.41449861], [-47.48691727, -22.41415109], [-47.48804576, -22.41371365], [-47.4889447, -22.4134392], [-47.48939444, -22.41332999], [-47.48961311, -22.41332684], [-47.49003448, -22.41337918], [-47.49033363, -22.41353375], [-47.49064792, -22.41374625], [-47.49080789, -22.41393157], [-47.49089023, -22.41423477], [-47.49086743, -22.41469904], [-47.49072667, -22.41548332], [-47.49040293, -22.41657366], [-47.49029942, -22.41691003], [-47.49031837, -22.41711163], [-47.49043552, -22.41757407], [-47.49061585, -22.41803419], [-47.49102781, -22.41844788], [-47.49154928, -22.41890382], [-47.49262178, -22.41962522], [-47.49337923, -22.42010612], [-47.49356528, -22.42018047], [-47.49385154, -22.42037381], [-47.49446665, -22.42078424], [-47.49571658, -22.42183742], [-47.496875, -22.42304995], [-47.49754095, -22.42369108], [-47.49834675, -22.42434574], [-47.4995133, -22.42510924], [-47.5003718, -22.42559977], [-47.50062172, -22.42571426], [-47.50105984, -22.42573957], [-47.50165956, -22.42559149], [-47.50190495, -22.42552435], [-47.50234649, -22.42534457], [-47.50270817, -22.42518689], [-47.5028955, -22.42508505], [-47.50320118, -22.42487732], [-47.50342496, -22.42470523], [-47.50367432, -22.42462636], [-47.50408004, -22.4245611], [-47.50447453, -22.42457167], [-47.50473183, -22.42460579], [-47.50496753, -22.42466959], [-47.50549563, -22.42488699], [-47.50629247, -22.4251702], [-47.50646106, -22.42524171], [-47.50679031, -22.42540638], [-47.50725407, -22.42565229], [-47.50770863, -22.42596229], [-47.50786715, -22.42608344], [-47.50821496, -22.426372], [-47.50868093, -22.42658177], [-47.50883009, -22.42665317], [-47.50894918, -22.42671624], [-47.50910113, -22.42680392], [-47.50946717, -22.42712602], [-47.5099246, -22.42771793], [-47.51013484, -22.42808335], [-47.5104409, -22.42850446], [-47.51060221, -22.42864279], [-47.51076367, -22.42889858], [-47.51117156, -22.42935014], [-47.51136677, -22.42964317], [-47.51153352, -22.42983846], [-47.51173143, -22.42988846], [-47.51192375, -22.43004053], [-47.51216921, -22.43010077], [-47.51248643, -22.43018313], [-47.51275779, -22.43029141], [-47.51313584, -22.43043106], [-47.51338103, -22.43052924], [-47.51394969, -22.43078752], [-47.51416066, -22.4309153], [-47.51435754, -22.43110986], [-47.51529878, -22.43159539], [-47.51553595, -22.43172966], [-47.51591607, -22.43198859], [-47.51623219, -22.43222724], [-47.51644345, -22.43245171], [-47.51679656, -22.43268336], [-47.51718387, -22.43288811], [-47.51789159, -22.43327553], [-47.51833961, -22.4334183], [-47.51879345, -22.43356112], [-47.51962234, -22.43371977], [-47.52004957, -22.43377748], [-47.52045893, -22.43375106], [-47.52103019, -22.4336443], [-47.52128119, -22.43347054], [-47.52163903, -22.43330647], [-47.52253166, -22.43283212], [-47.52294784, -22.43252564], [-47.52319587, -22.43235909], [-47.52341724, -22.43225291], [-47.52393279, -22.43191179], [-47.52410574, -22.43177912], [-47.52440466, -22.43156228], [-47.52469683, -22.43133817], [-47.52491517, -22.43124733], [-47.52532772, -22.43104111], [-47.52543593, -22.43099388], [-47.52569233, -22.43088068], [-47.52595122, -22.4306898], [-47.52616597, -22.43055557], [-47.52669612, -22.43021001], [-47.52696181, -22.43001826], [-47.52735383, -22.42982909], [-47.5276931, -22.42967844], [-47.52808844, -22.42943055], [-47.52823036, -22.42928684], [-47.52842939, -22.42917781], [-47.52866706, -22.42910064], [-47.5290859, -22.42896673], [-47.52958579, -22.42877729], [-47.52983417, -22.42869928], [-47.53015997, -22.42866601], [-47.53062776, -22.42824591], [-47.53133193, -22.42766646], [-47.53132976, -22.42754707], [-47.53133957, -22.42737971], [-47.5312843, -22.4271656], [-47.53134613, -22.42703326], [-47.53148523, -22.42691165], [-47.53167614, -22.42681311], [-47.53172686, -22.42677648], [-47.53202051, -22.42667633], [-47.53233875, -22.42651608], [-47.53259365, -22.4264046], [-47.53279697, -22.42628198], [-47.53301291, -22.42614722], [-47.53342213, -22.42604525], [-47.53367768, -22.42596958], [-47.53424015, -22.42581744], [-47.53431634, -22.42576847], [-47.53449179, -22.42552686], [-47.53456581, -22.42535849], [-47.53471385, -22.42502176], [-47.53488887, -22.42475627], [-47.53496506, -22.4247073], [-47.53529679, -22.42458266], [-47.53552491, -22.42441188], [-47.53575304, -22.42424109], [-47.53590454, -22.4240954], [-47.53595157, -22.4238558], [-47.53598728, -22.42369998], [-47.53598489, -22.42356864], [-47.53603431, -22.42346038], [-47.53605782, -22.42334058], [-47.53614425, -22.42314813], [-47.53628139, -22.42291906], [-47.53636846, -22.42276244], [-47.5364932, -22.42255745], [-47.53656699, -22.42237714], [-47.53658888, -22.42233466], [-47.53665385, -22.42220857], [-47.53669064, -22.42211245], [-47.53685477, -22.42195461], [-47.53696839, -22.42184534], [-47.53708245, -22.42175995], [-47.53722133, -22.42162639], [-47.53732276, -22.42155314], [-47.53747513, -22.4214552], [-47.53762771, -22.4213692], [-47.53767821, -22.42132064], [-47.53789479, -22.42122169], [-47.53804694, -22.42111181], [-47.53818668, -22.42102601], [-47.53827527, -22.42095296], [-47.53834172, -22.42087688], [-47.53836631, -22.42081678], [-47.53845317, -22.42064821], [-47.53852696, -22.42046791], [-47.53862253, -22.42007229], [-47.53864561, -22.41992861], [-47.53861319, -22.41955889], [-47.53857076, -22.41934458], [-47.53857011, -22.41930876], [-47.53860451, -22.4190813], [-47.5386006, -22.41886639], [-47.53859626, -22.4186276], [-47.53857951, -22.41841289], [-47.53856363, -22.41824594], [-47.53851642, -22.41776896], [-47.53838453, -22.41757994], [-47.53833142, -22.41748523], [-47.53818626, -22.41727254], [-47.53809354, -22.41711874], [-47.53806135, -22.41676096], [-47.538237, -22.41653128], [-47.53827227, -22.41635158], [-47.53822355, -22.41579102], [-47.53816957, -22.41564856], [-47.53806315, -22.4154472], [-47.53788775, -22.41498418], [-47.53787295, -22.41487692], [-47.53781812, -22.4146867], [-47.53773391, -22.4142939], [-47.53766731, -22.41416357], [-47.53769477, -22.41355405], [-47.53769368, -22.41349435], [-47.53775442, -22.41330231], [-47.53775225, -22.41318291], [-47.53781363, -22.41302669], [-47.53788743, -22.41284638], [-47.5379053, -22.41280572], [-47.53792443, -22.4127622], [-47.53793488, -22.41263066], [-47.53793271, -22.41251127], [-47.53799497, -22.4124028], [-47.53804438, -22.41229454], [-47.53810685, -22.41219801], [-47.53822003, -22.41206486], [-47.53824441, -22.41199282], [-47.53833126, -22.41182425], [-47.53835521, -22.41172833], [-47.53839156, -22.41160833], [-47.53843967, -22.41142843], [-47.53844752, -22.41115362], [-47.53849454, -22.41091402], [-47.53854308, -22.410758], [-47.53862993, -22.41058943], [-47.53876988, -22.41051557], [-47.53900008, -22.41044963], [-47.53920836, -22.41058982], [-47.53956613, -22.41046463], [-47.5398982, -22.41033985], [-47.54012655, -22.41016887], [-47.54046973, -22.40994826], [-47.54055819, -22.40986317], [-47.54060787, -22.40976674], [-47.54067041, -22.4096701], [-47.54073251, -22.40954957], [-47.54080768, -22.40944078], [-47.54101032, -22.4092702], [-47.54106087, -22.40922158], [-47.54108593, -22.40918532], [-47.54121231, -22.40906377], [-47.54132496, -22.40889461], [-47.54138728, -22.40878602], [-47.54149949, -22.40859295], [-47.54154896, -22.40848457], [-47.54161106, -22.40836403], [-47.5416481, -22.40827975], [-47.54168492, -22.40818352], [-47.54173417, -22.40806318], [-47.54179649, -22.4079546], [-47.54184573, -22.40783426], [-47.54188386, -22.40780975], [-47.5420098, -22.40766429], [-47.54205948, -22.40756786], [-47.54208345, -22.40747183], [-47.54210873, -22.40744752], [-47.54220917, -22.40731442], [-47.54240026, -22.40721576], [-47.54250277, -22.40710817], [-47.54253905, -22.4070701], [-47.54271728, -22.40697165], [-47.54275519, -22.40693518], [-47.54280509, -22.4068507], [-47.54300859, -22.40672794], [-47.54326395, -22.40662827], [-47.54348009, -22.40649334], [-47.54358227, -22.40645587], [-47.54368468, -22.40643034], [-47.54377335, -22.40635721], [-47.54396095, -22.4060673], [-47.54412371, -22.40582561], [-47.54424899, -22.4056443], [-47.54432373, -22.4055116], [-47.54448736, -22.40531772], [-47.54462353, -22.40502863], [-47.54470829, -22.40474034], [-47.54479348, -22.40447596], [-47.54485297, -22.40421199], [-47.54461877, -22.4026494], [-47.54462549, -22.4025451], [-47.54463882, -22.40233823], [-47.54455146, -22.40177766], [-47.54438021, -22.40155318], [-47.54410526, -22.40128252], [-47.54375275, -22.40098916], [-47.54372199, -22.40094688], [-47.54370724, -22.40092661], [-47.54355493, -22.40071728], [-47.54353532, -22.40069966], [-47.54401868, -22.40005836], [-47.54428275, -22.39973139], [-47.54447055, -22.39945343], [-47.5446442, -22.39910397], [-47.54495148, -22.39865498], [-47.5450117, -22.39856699], [-47.54510928, -22.3984244], [-47.54529492, -22.39803931], [-47.54530294, -22.39801997], [-47.54545023, -22.39766498], [-47.54547947, -22.39759451], [-47.54562463, -22.39710256], [-47.54570798, -22.39674296], [-47.5459367, -22.39660798], [-47.5462936, -22.39645904], [-47.54644441, -22.39627752], [-47.54644785, -22.39626787], [-47.54652994, -22.39603732], [-47.54662939, -22.3958566], [-47.54671622, -22.39568803], [-47.54696932, -22.39548102], [-47.54722132, -22.3952143], [-47.54721806, -22.39503521], [-47.54716409, -22.39489274], [-47.54704548, -22.39472741], [-47.54706138, -22.39453835], [-47.54706659, -22.39447627], [-47.54702329, -22.39421421], [-47.54702068, -22.39407094], [-47.54691492, -22.3939054], [-47.5468851, -22.39367895], [-47.54689424, -22.39347578], [-47.54699348, -22.39328313], [-47.54703852, -22.39293607], [-47.54712339, -22.39266005], [-47.54724635, -22.39235954], [-47.54740847, -22.39209424], [-47.54757342, -22.39198415], [-47.54768832, -22.39194651], [-47.54785197, -22.39176478], [-47.54797753, -22.39160755], [-47.5481773, -22.39129388], [-47.54855921, -22.39110871], [-47.54894199, -22.39097131], [-47.54935001, -22.39080961], [-47.54983376, -22.39057507], [-47.55015255, -22.39045061], [-47.5504559, -22.39018308], [-47.55064413, -22.38994125], [-47.55069352, -22.38983298], [-47.55079242, -22.38962242], [-47.55076326, -22.38943179], [-47.55070983, -22.38931918], [-47.55061702, -22.38915941], [-47.5506082, -22.38902818], [-47.55082189, -22.38877401], [-47.55102404, -22.38859167], [-47.55130018, -22.38824097], [-47.55161745, -22.38803293], [-47.55187074, -22.38783785], [-47.55219648, -22.38739081], [-47.55237012, -22.38705367], [-47.55262166, -22.38676307], [-47.55290738, -22.38631709], [-47.55298633, -22.38619386], [-47.55366696, -22.38534389], [-47.55436353, -22.38466151], [-47.55509463, -22.38445814], [-47.55622547, -22.38426043], [-47.55770814, -22.38424262], [-47.55819174, -22.38353432], [-47.5583568, -22.38319731], [-47.55865531, -22.3826671], [-47.55870491, -22.38257077], [-47.55929209, -22.3819086], [-47.55974348, -22.38131227], [-47.56019254, -22.38058859], [-47.56019683, -22.37988787], [-47.56011175, -22.37898156], [-47.55983314, -22.37779168], [-47.55961201, -22.37693529], [-47.55981217, -22.37664549], [-47.56022873, -22.37601786], [-47.56083357, -22.37538726], [-47.56133221, -22.37456724], [-47.56132505, -22.37417632], [-47.56131851, -22.37381904], [-47.56143016, -22.3733714], [-47.56145915, -22.37308432], [-47.56211911, -22.37265984], [-47.56274629, -22.3723155], [-47.56195952, -22.37235982], [-47.5615641, -22.37227054], [-47.56073785, -22.37202884], [-47.5603726, -22.37148326], [-47.5598527, -22.37114116], [-47.5593685, -22.37087812], [-47.55917818, -22.37083514], [-47.55897308, -22.37078883], [-47.55871313, -22.37061778], [-47.55850366, -22.37039816], [-47.55807052, -22.37011838], [-47.55753643, -22.36993574], [-47.55707022, -22.36972017], [-47.55684247, -22.36943714], [-47.55676645, -22.36902432], [-47.55665793, -22.36870756], [-47.55661963, -22.36848523], [-47.55651082, -22.36815255], [-47.55645075, -22.36767578], [-47.55642724, -22.36732582], [-47.55648901, -22.3669586], [-47.55666574, -22.36677638], [-47.55662024, -22.36669624], [-47.55641503, -22.36665721], [-47.55608663, -22.36648724], [-47.55558126, -22.36600158], [-47.55533234, -22.36549595], [-47.55538194, -22.36539962], [-47.55530127, -22.36473209], [-47.55564439, -22.36404946], [-47.5556482, -22.36404188], [-47.55600584, -22.36300118], [-47.55618975, -22.36275941], [-47.55645633, -22.3623571], [-47.55656508, -22.36175028], [-47.55662802, -22.36144673], [-47.5565375, -22.36117745], [-47.55651428, -22.36084341], [-47.55643943, -22.36049427], [-47.5563109, -22.36001858], [-47.55599266, -22.35946627], [-47.55569706, -22.35921616], [-47.55498837, -22.35884518], [-47.55437504, -22.35877766], [-47.55397628, -22.35873376], [-47.55364906, -22.35862746], [-47.55357218, -22.35816688], [-47.55331951, -22.35745429], [-47.55274515, -22.35693786], [-47.55232976, -22.35668962], [-47.55172755, -22.35652396], [-47.55196252, -22.35626547], [-47.55210987, -22.35589689], [-47.55199935, -22.35546869], [-47.55173132, -22.35485188], [-47.55117148, -22.3541919], [-47.55061512, -22.35372295], [-47.54951431, -22.35343774], [-47.54867252, -22.35327583], [-47.54783132, -22.35314576], [-47.54710702, -22.3528546], [-47.54728861, -22.35248549], [-47.54735012, -22.35210235], [-47.54742787, -22.35167118], [-47.54736785, -22.3511944], [-47.54714887, -22.35044942], [-47.54743141, -22.34998317], [-47.54761722, -22.34937514], [-47.54757139, -22.34920866], [-47.54754979, -22.34896217], [-47.54756097, -22.34863556], [-47.54763973, -22.3482601], [-47.54783017, -22.34790678], [-47.5481156, -22.34759973], [-47.5483446, -22.34748465], [-47.54850661, -22.3469805], [-47.54844746, -22.34655148], [-47.54844834, -22.34612948], [-47.54853797, -22.34588125], [-47.54853914, -22.34547516], [-47.54860369, -22.34525917], [-47.54871653, -22.34487522], [-47.54880356, -22.34448371], [-47.54894453, -22.34423467], [-47.54903939, -22.34380323], [-47.54908537, -22.34350791], [-47.54905391, -22.34318993], [-47.54896255, -22.34287288], [-47.54867208, -22.34243158], [-47.54873879, -22.34233499], [-47.54887352, -22.34221344], [-47.54901638, -22.34206787], [-47.549125, -22.34192285], [-47.54926728, -22.34174544], [-47.54939983, -22.3415045], [-47.54965044, -22.34116615], [-47.54983231, -22.34081295], [-47.55002984, -22.34037989], [-47.55017743, -22.34006043], [-47.55017806, -22.34005908], [-47.55037569, -22.33964209], [-47.55032001, -22.33940412], [-47.55033364, -22.33921283], [-47.55068777, -22.33892064], [-47.55084003, -22.3388227], [-47.55123012, -22.33862548], [-47.55165268, -22.3383322], [-47.5518383, -22.33818597], [-47.55198824, -22.33796069], [-47.55205524, -22.33788002], [-47.5525097, -22.33745886], [-47.55264253, -22.33723384], [-47.55290761, -22.33675197], [-47.55314079, -22.33639799], [-47.55344183, -22.33601109], [-47.55364426, -22.33584867], [-47.55388381, -22.33584489], [-47.55410858, -22.33596873], [-47.55445602, -22.33624987], [-47.55504185, -22.33646355], [-47.55533361, -22.33650671], [-47.55581098, -22.33640364], [-47.55635621, -22.33626765], [-47.55706776, -22.33610117], [-47.55722604, -22.33609867], [-47.55746022, -22.33603526], [-47.55771225, -22.33601138], [-47.55786595, -22.33599303], [-47.55809717, -22.33600132], [-47.55842315, -22.33604393], [-47.55855612, -22.33606174], [-47.55876646, -22.33609822], [-47.55899702, -22.33607069], [-47.55909787, -22.33596958], [-47.55930428, -22.33579117], [-47.55944363, -22.33568945], [-47.55982839, -22.33543656], [-47.56010404, -22.33530084], [-47.56044756, -22.3351322], [-47.56068942, -22.33502089], [-47.56086792, -22.33495438], [-47.56121746, -22.33488118], [-47.56151617, -22.33483665], [-47.56171664, -22.33480163], [-47.56190877, -22.33477869], [-47.56212664, -22.33475932], [-47.56241709, -22.33473084], [-47.56263953, -22.33472732], [-47.56291293, -22.33470309], [-47.56321157, -22.33465458], [-47.56336447, -22.33459245], [-47.56366216, -22.3344922], [-47.56391773, -22.33442844], [-47.56417743, -22.33435666], [-47.56448897, -22.33431192], [-47.56489426, -22.33424579], [-47.56524335, -22.3341487], [-47.5656115, -22.33392393], [-47.56578448, -22.33378983], [-47.56595705, -22.33357512], [-47.56595881, -22.33356786], [-47.56596127, -22.3335484], [-47.56595924, -22.33352565], [-47.56594697, -22.33346906], [-47.56589296, -22.33332648], [-47.56582545, -22.33314825], [-47.56573051, -22.33287482], [-47.56565016, -22.33269679], [-47.56553237, -22.33257912], [-47.56569607, -22.33239723], [-47.56584737, -22.33223944], [-47.5660631, -22.33209258], [-47.56647326, -22.33203826], [-47.56661587, -22.33210773], [-47.56688605, -22.33212735], [-47.56716448, -22.33189582], [-47.56729074, -22.33177429], [-47.56742831, -22.3315689], [-47.56761683, -22.33133879], [-47.56785869, -22.33121543], [-47.56815565, -22.33129439], [-47.56865484, -22.33119085], [-47.56873104, -22.33114183], [-47.56906172, -22.33095728], [-47.56932817, -22.33077375], [-47.56962141, -22.33064957], [-47.57009272, -22.33042693], [-47.57051309, -22.330229], [-47.57069072, -22.33010665], [-47.57096936, -22.32988707], [-47.5711078, -22.32972947], [-47.571312, -22.32965451], [-47.5714511, -22.32953277], [-47.57151335, -22.3294242], [-47.57160063, -22.32927938], [-47.57173688, -22.32900228], [-47.57183854, -22.3289409], [-47.57205427, -22.32879404], [-47.57220599, -22.32866014], [-47.57240843, -22.32848958], [-47.57260088, -22.32847457], [-47.57289521, -22.32841013], [-47.57315078, -22.32833435], [-47.57339417, -22.32829462], [-47.57366346, -22.32826644], [-47.57393276, -22.32823825], [-47.57417548, -22.32816267], [-47.57426583, -22.32818514], [-47.57437298, -22.32842251], [-47.57454259, -22.32856325], [-47.5746112, -22.32880123], [-47.57473097, -22.32902644], [-47.57486292, -22.3292156], [-47.57489212, -22.32940639], [-47.57494789, -22.32964457], [-47.57501585, -22.3298467], [-47.57513496, -22.33003606], [-47.57526823, -22.33029691], [-47.57536034, -22.33041498], [-47.57547792, -22.33052069], [-47.57566104, -22.33069708], [-47.57580562, -22.33087408], [-47.57595042, -22.33106304], [-47.57594109, -22.33125444], [-47.5758177, -22.33153133], [-47.57566817, -22.33178473], [-47.5755058, -22.33203833], [-47.57543268, -22.33225465], [-47.57543032, -22.33247583], [-47.57541934, -22.33257761], [-47.57542785, -22.33269103], [-47.57542939, -22.33277468], [-47.57547023, -22.33289954], [-47.57553033, -22.33302409], [-47.57560938, -22.33313042], [-47.57568853, -22.33324272], [-47.57580655, -22.33337233], [-47.57592457, -22.33350194], [-47.57601602, -22.33358416], [-47.57615177, -22.33362981], [-47.57630465, -22.33368995], [-47.57640851, -22.33374806], [-47.57651237, -22.33380618], [-47.57665608, -22.33393538], [-47.57683833, -22.33406396], [-47.57703364, -22.3342043], [-47.57715122, -22.33431001], [-47.57723048, -22.33442828], [-47.57734763, -22.33451009], [-47.57747893, -22.33466339], [-47.57763615, -22.33482824], [-47.57779359, -22.33500503], [-47.57788746, -22.3352187], [-47.57794235, -22.33540908], [-47.57794587, -22.33560028], [-47.57796179, -22.33576737], [-47.57801499, -22.33586514], [-47.57809513, -22.33603121], [-47.57817418, -22.33613753], [-47.57829265, -22.33629104], [-47.5783852, -22.33643301], [-47.5784917, -22.33663452], [-47.57850894, -22.33687331], [-47.57851444, -22.33717206], [-47.57850423, -22.33731566], [-47.5784741, -22.33742372], [-47.57840499, -22.33750849], [-47.5782929, -22.33770153], [-47.57819409, -22.33791826], [-47.57815841, -22.33807423], [-47.57817478, -22.33826522], [-47.57816457, -22.33840882], [-47.57816677, -22.33852832], [-47.57818291, -22.33870736], [-47.57818577, -22.33886271], [-47.57825175, -22.33895729], [-47.57824045, -22.33904114], [-47.57815361, -22.33920987], [-47.57789868, -22.33932151], [-47.57775326, -22.33944934], [-47.57771792, -22.33962322], [-47.57774048, -22.33980216], [-47.5778007, -22.33993269], [-47.57779159, -22.34013604], [-47.57780088, -22.34029129], [-47.57784359, -22.34051772], [-47.57783426, -22.34070912], [-47.57796843, -22.34101778], [-47.57817748, -22.3412057], [-47.57834722, -22.34135242], [-47.57826016, -22.3415092], [-47.57826324, -22.34167649], [-47.57837018, -22.3419019], [-47.57841114, -22.34203274], [-47.57846582, -22.34221117], [-47.57852182, -22.3424613], [-47.57857782, -22.34271142], [-47.57867346, -22.34302069], [-47.57875691, -22.34336601], [-47.57882532, -22.34359203], [-47.57886803, -22.34381846], [-47.57894885, -22.34402038], [-47.57899003, -22.34416317], [-47.57900375, -22.34421076], [-47.5791242, -22.34447182], [-47.57922116, -22.34485278], [-47.57930066, -22.344983], [-47.57944483, -22.3451361], [-47.57957708, -22.34534018], [-47.57964461, -22.34551841], [-47.57972367, -22.34562473], [-47.57985455, -22.34575413], [-47.57994645, -22.34586024], [-47.58008996, -22.34597749], [-47.58024675, -22.34611843], [-47.58035084, -22.34618849], [-47.58050631, -22.34625773], [-47.58073908, -22.3463377], [-47.58098404, -22.34638161], [-47.58108768, -22.34642777], [-47.58116696, -22.34654604], [-47.58117071, -22.34674918], [-47.58116072, -22.34690474], [-47.58110001, -22.34709696], [-47.58104041, -22.34734893], [-47.58096663, -22.3475294], [-47.58096928, -22.3476728], [-47.58092185, -22.34788872], [-47.58086225, -22.34814069], [-47.58082701, -22.34832055], [-47.58095767, -22.348438], [-47.58114016, -22.34857853], [-47.58137338, -22.34868239], [-47.58169657, -22.3487878], [-47.58185315, -22.34891679], [-47.58191914, -22.34901137], [-47.58211448, -22.34915169], [-47.58225821, -22.34928088], [-47.58242676, -22.34936187], [-47.58249121, -22.34937279], [-47.58269851, -22.34946511], [-47.58288012, -22.34955784], [-47.58298466, -22.3496518], [-47.58325928, -22.34991039], [-47.58341916, -22.35021862], [-47.58356356, -22.35038367], [-47.58369665, -22.35063256], [-47.58372543, -22.35079945], [-47.5837281, -22.35094434], [-47.58378048, -22.35099729], [-47.58387173, -22.35106756], [-47.58397693, -22.35119736], [-47.58409508, -22.35133294], [-47.58425254, -22.35150973], [-47.58433208, -22.35164144], [-47.58444348, -22.35175919], [-47.58450316, -22.35185984], [-47.58456916, -22.35195441], [-47.58464954, -22.35213243], [-47.58472982, -22.35230447], [-47.5848638, -22.35260116], [-47.58496401, -22.35280874], [-47.58505016, -22.35295081], [-47.58511638, -22.35305733], [-47.58520109, -22.35312172], [-47.58525347, -22.35317467], [-47.5853909, -22.35330994], [-47.58552855, -22.35345716], [-47.58569288, -22.35365774], [-47.58577206, -22.35377003], [-47.58588346, -22.35388778], [-47.58612267, -22.35396763], [-47.58631647, -22.3540243], [-47.58651714, -22.35410477], [-47.58669115, -22.35413337], [-47.58674929, -22.35415037], [-47.58683335, -22.35417891], [-47.58693689, -22.35421909], [-47.58704088, -22.35428317], [-47.58712593, -22.35436548], [-47.58718506, -22.35443626], [-47.5872319, -22.35453711], [-47.58730399, -22.35461365], [-47.58738251, -22.35469009], [-47.58748008, -22.35475428], [-47.58761651, -22.35483577], [-47.58774641, -22.35491139], [-47.58783756, -22.35497567], [-47.58793523, -22.35504583], [-47.58797477, -22.35509899], [-47.58803401, -22.35517574], [-47.58807953, -22.35520489], [-47.58816934, -22.35519748], [-47.58828607, -22.35525538], [-47.58841608, -22.35533697], [-47.5885008, -22.35540136], [-47.58857943, -22.35548378], [-47.5886636, -22.35551829], [-47.58893321, -22.35550501], [-47.58901605, -22.35546783], [-47.58913057, -22.35540623], [-47.58930877, -22.35531373], [-47.58944876, -22.35523977], [-47.58952528, -22.35520866], [-47.58968454, -22.35513439], [-47.58977348, -22.35507918], [-47.58992708, -22.35504684], [-47.59004869, -22.35502099], [-47.59026609, -22.35496372], [-47.59031747, -22.3549629], [-47.59047806, -22.35496032], [-47.59070919, -22.35495065], [-47.5910355, -22.35490165], [-47.59111929, -22.35489029], [-47.59119626, -22.35488308], [-47.59140191, -22.35488577], [-47.59161366, -22.35487042], [-47.59182475, -22.35481923], [-47.59207349, -22.35471962], [-47.59215633, -22.35468243], [-47.59227716, -22.35461476], [-47.59242345, -22.35453472], [-47.59258913, -22.35446034], [-47.59275514, -22.35440389], [-47.59295305, -22.35433498], [-47.59320201, -22.35424732], [-47.59328419, -22.35417428], [-47.5933595, -22.35407745], [-47.59347346, -22.35398598], [-47.59368266, -22.35383321], [-47.59375907, -22.35379612], [-47.59391888, -22.35375173], [-47.59407869, -22.35370733], [-47.59423229, -22.35367498], [-47.59440583, -22.35367818], [-47.59456054, -22.35370558], [-47.5946312, -22.35370445], [-47.59481094, -22.35369559], [-47.59504218, -22.35369188], [-47.59524141, -22.35369466], [-47.59549181, -22.35368467], [-47.59563356, -22.35370631], [-47.59576867, -22.35371609], [-47.59604487, -22.35371166], [-47.59626991, -22.35372], [-47.59630856, -22.35372536], [-47.59650869, -22.35377594], [-47.59656971, -22.35379368], [-47.59666128, -22.35385233], [-47.59698705, -22.3539914], [-47.59729287, -22.35409765], [-47.59761829, -22.35422177], [-47.59781082, -22.35449525], [-47.59765964, -22.35470811], [-47.59754689, -22.35490232], [-47.59754467, -22.35513082], [-47.59760896, -22.35546047], [-47.59799666, -22.35545425], [-47.59838482, -22.35547207], [-47.59863059, -22.35548015], [-47.59886388, -22.35551247], [-47.59904156, -22.35550962], [-47.59918697, -22.35550728], [-47.59954906, -22.35551349], [-47.59988619, -22.3555682], [-47.60015982, -22.35568405], [-47.60052324, -22.35576239], [-47.60077035, -22.35584259], [-47.60120953, -22.35582351], [-47.60166186, -22.35581623], [-47.60206495, -22.35594203], [-47.60211887, -22.35606141], [-47.60217615, -22.3563611], [-47.60223321, -22.35664878], [-47.60227846, -22.35699677], [-47.60238855, -22.35735574], [-47.6025236, -22.35766621], [-47.60273507, -22.35791533], [-47.60333168, -22.3587144], [-47.60337246, -22.35882197], [-47.60338829, -22.35897803], [-47.60339276, -22.35921846], [-47.60340993, -22.35944665], [-47.60341194, -22.35955484], [-47.60341642, -22.35979526], [-47.60340323, -22.35996208], [-47.60339549, -22.36006014], [-47.60342469, -22.36024004], [-47.60353143, -22.3604187], [-47.60370213, -22.36056025], [-47.60391271, -22.36076128], [-47.60415138, -22.36108211], [-47.60442637, -22.36127008], [-47.60447844, -22.36131339], [-47.60478091, -22.36156499], [-47.60500375, -22.36172975], [-47.60521524, -22.36197886], [-47.60537346, -22.36214466], [-47.60568677, -22.36230796], [-47.60594912, -22.36251116], [-47.60599124, -22.36269085], [-47.60600976, -22.36299117], [-47.60600159, -22.36324229], [-47.60600154, -22.36324382], [-47.60602191, -22.36364332], [-47.60611797, -22.36394239], [-47.60626506, -22.36420456], [-47.60643778, -22.3644543], [-47.60658286, -22.36460828], [-47.60667647, -22.36477512], [-47.60673354, -22.36506279], [-47.60681982, -22.36553037], [-47.60687823, -22.36589017], [-47.60701128, -22.36609244], [-47.60722255, -22.36632953], [-47.60748364, -22.36646953], [-47.60775275, -22.36655839], [-47.60792189, -22.36661578], [-47.6081425, -22.36666032], [-47.60832304, -22.36664378], [-47.60862004, -22.36661655], [-47.60895473, -22.36653901], [-47.60957197, -22.3663607], [-47.60991779, -22.36618678], [-47.61020056, -22.36609804], [-47.6103579, -22.36621575], [-47.61054131, -22.36634506], [-47.6106982, -22.36643873], [-47.61078912, -22.36646131], [-47.61089341, -22.36650773], [-47.61111447, -22.36657631], [-47.61115369, -22.36659972], [-47.61136116, -22.36663245], [-47.61154255, -22.36665357], [-47.61168607, -22.3667234], [-47.61185565, -22.36680484], [-47.61205132, -22.36689787], [-47.61223361, -22.36696708], [-47.61240275, -22.36702447], [-47.61253199, -22.36702238], [-47.61277733, -22.3670064], [-47.61297188, -22.36703933], [-47.61317844, -22.36702397], [-47.61333264, -22.36697338], [-47.61351246, -22.36691035], [-47.61369228, -22.36684732], [-47.61387233, -22.36679631], [-47.61411857, -22.36682841], [-47.6144292, -22.36684744], [-47.6145571, -22.36677322], [-47.61478682, -22.36661319], [-47.61511971, -22.36643946], [-47.61522221, -22.36638971], [-47.61545283, -22.36627776], [-47.61566985, -22.36612995], [-47.61589844, -22.36590981], [-47.61617671, -22.36558065], [-47.61663704, -22.36530866], [-47.6169443, -22.36514737], [-47.61714913, -22.3650358], [-47.61772844, -22.36477466], [-47.61793366, -22.36468717], [-47.61831823, -22.3645126], [-47.61881913, -22.36433615], [-47.61923203, -22.36429339], [-47.61945287, -22.36434994], [-47.61964898, -22.36446701], [-47.61984307, -22.36447589], [-47.62008863, -22.36447191], [-47.62025799, -22.36454132], [-47.62041691, -22.36474316], [-47.62055133, -22.36501755], [-47.62061798, -22.36512469], [-47.62089029, -22.36516838], [-47.62113765, -22.36526057], [-47.62161922, -22.36543313], [-47.62168806, -22.36546026], [-47.62185366, -22.36552553], [-47.62207293, -22.36549793], [-47.62222667, -22.36542329], [-47.62237827, -22.36524343], [-47.62239108, -22.36522823], [-47.62259111, -22.36486425], [-47.62266016, -22.36475491], [-47.62274231, -22.36465437], [-47.62299336, -22.36425349], [-47.62328521, -22.36396017], [-47.62354121, -22.36382375], [-47.62373327, -22.36372444], [-47.62376934, -22.36357956], [-47.62383126, -22.36343426], [-47.62409861, -22.36321348], [-47.62436776, -22.36308887], [-47.6247258, -22.36287864], [-47.62505957, -22.36275298], [-47.62524028, -22.36273802], [-47.62531873, -22.36278485], [-47.62550011, -22.36280596], [-47.62568173, -22.36283908], [-47.62600415, -22.36279778], [-47.62642974, -22.36274277], [-47.62678981, -22.36264073], [-47.62698073, -22.36248131], [-47.62727324, -22.36222404], [-47.62744401, -22.36243245], [-47.62761563, -22.36262206], [-47.62765043, -22.36265603], [-47.62791852, -22.36291775], [-47.62833773, -22.36321155], [-47.62866467, -22.36341066], [-47.62923762, -22.36362982], [-47.62961422, -22.36371989], [-47.62932194, -22.36398918], [-47.62910697, -22.36424519], [-47.62898225, -22.36448771], [-47.62888224, -22.3646697], [-47.62873392, -22.36503285], [-47.62841009, -22.36568744], [-47.62829467, -22.36573741], [-47.62810329, -22.36587279], [-47.62787314, -22.3660088], [-47.62772279, -22.36626376], [-47.62764885, -22.36645735], [-47.62748586, -22.36672755], [-47.62738585, -22.36690954], [-47.62722122, -22.36709258], [-47.6271067, -22.36719064], [-47.62706838, -22.36721531], [-47.62666908, -22.36729394], [-47.62647747, -22.3674173], [-47.62615842, -22.36763892], [-47.626121, -22.36771167], [-47.62594299, -22.36787088], [-47.62576599, -22.36808419], [-47.62545896, -22.36825751], [-47.62516316, -22.36834047], [-47.62475116, -22.36843133], [-47.62440355, -22.36850912], [-47.62416692, -22.36864523], [-47.62404707, -22.36880349], [-47.6239584, -22.36890113], [-47.62388288, -22.36901057], [-47.62375522, -22.36909682], [-47.62364205, -22.369267], [-47.62350326, -22.36944962], [-47.62336695, -22.36976447], [-47.62324108, -22.36994688], [-47.62297197, -22.37007449], [-47.62292253, -22.37019554], [-47.62278531, -22.37046231], [-47.62275014, -22.37065527], [-47.62278005, -22.37087123], [-47.62268341, -22.37123353], [-47.6224963, -22.37159731], [-47.62285023, -22.37185611], [-47.62294386, -22.37202293], [-47.62292161, -22.37221569], [-47.62287307, -22.37238482], [-47.6228479, -22.3724213], [-47.6226828, -22.3725803], [-47.62251838, -22.37277536], [-47.62221404, -22.37309293], [-47.62208727, -22.37322726], [-47.62172897, -22.37342546], [-47.62155185, -22.37363275], [-47.62150398, -22.37383794], [-47.62139014, -22.37397206], [-47.6212637, -22.37412442], [-47.62117525, -22.37423407], [-47.6210427, -22.37441534], [-47.62102398, -22.37444094], [-47.62085978, -22.37464802], [-47.62078493, -22.37479353], [-47.62049306, -22.37508685], [-47.62016106, -22.37530867], [-47.61990683, -22.37554126], [-47.619717, -22.37576077], [-47.61956438, -22.37589552], [-47.61953965, -22.37595604], [-47.61945188, -22.37610176], [-47.61944053, -22.37618611], [-47.61950673, -22.37626921], [-47.61961216, -22.37637573], [-47.61970444, -22.37647043], [-47.61982398, -22.37661288], [-47.61983093, -22.37681118], [-47.61980733, -22.3769318], [-47.6197182, -22.37700539], [-47.61945133, -22.37725322], [-47.61936265, -22.37735085], [-47.61924835, -22.37746092], [-47.61904402, -22.3775965], [-47.61903177, -22.37763277], [-47.61894444, -22.37780253], [-47.61872831, -22.37799843], [-47.61866593, -22.37811968], [-47.61846115, -22.37823122], [-47.61855411, -22.37836199], [-47.61859491, -22.37846955], [-47.61871349, -22.37858787], [-47.61872709, -22.37862373], [-47.61879487, -22.37879097], [-47.61882297, -22.37891077], [-47.61886445, -22.37905439], [-47.61886715, -22.37919864], [-47.61887008, -22.37935491], [-47.6188993, -22.37953481], [-47.61891606, -22.37973896], [-47.61897203, -22.37996652], [-47.61900014, -22.38008631], [-47.61921168, -22.3803354], [-47.61941624, -22.38047167], [-47.61957754, -22.3805399], [-47.61963189, -22.38065372], [-47.61968505, -22.38075761], [-47.61960823, -22.38079793], [-47.61951977, -22.38090759], [-47.61945672, -22.38099278], [-47.61934242, -22.38110285], [-47.61925396, -22.38121251], [-47.61921794, -22.38136039], [-47.61915512, -22.38145761], [-47.61906779, -22.38162737], [-47.61898136, -22.38184521], [-47.61890741, -22.3820388], [-47.61886043, -22.38229208], [-47.61883863, -22.38250887], [-47.618869, -22.38274888], [-47.61882433, -22.38298045], [-47.6188011, -22.38311231], [-47.61885585, -22.38329071], [-47.61889731, -22.38344543], [-47.61893697, -22.38350455], [-47.61895027, -22.38352824], [-47.61916011, -22.38375195], [-47.6192924, -22.38395301], [-47.61942492, -22.38416602], [-47.61962079, -22.38433019], [-47.61982974, -22.3845061], [-47.61999879, -22.38461093], [-47.62018092, -22.38472751], [-47.6203254, -22.38489251], [-47.62044305, -22.38499818], [-47.62053479, -22.38509232], [-47.62071781, -22.3852567], [-47.6207976, -22.38539884], [-47.62086543, -22.38558899], [-47.62090711, -22.38575565], [-47.62097606, -22.38600555], [-47.62110819, -22.38619764], [-47.62134781, -22.38629536], [-47.6214134, -22.38636601], [-47.62151111, -22.38643615], [-47.62158933, -22.38649464], [-47.62164894, -22.3865893], [-47.62168331, -22.38670827], [-47.62158444, -22.38691905], [-47.62144802, -22.38718423], [-47.62129742, -22.38737792], [-47.62117139, -22.38751145], [-47.62117273, -22.38758315], [-47.62122704, -22.38773765], [-47.62135867, -22.38790286], [-47.62151511, -22.38801985], [-47.62164494, -22.38808947], [-47.62180071, -22.38817061], [-47.62181652, -22.38820166], [-47.62186969, -22.38827896], [-47.62191707, -22.38839242], [-47.62197058, -22.38848775], [-47.62194007, -22.38858444], [-47.62188449, -22.38872363], [-47.6218229, -22.38888696], [-47.62176086, -22.38902625], [-47.62161183, -22.38935333], [-47.62152834, -22.38972744], [-47.62157275, -22.39002734], [-47.62172379, -22.39049685], [-47.62175686, -22.3908811], [-47.62180421, -22.39133727], [-47.62182621, -22.3918209], [-47.62183456, -22.39226567], [-47.62184019, -22.3925662], [-47.6219751, -22.39286462], [-47.62215991, -22.39306604], [-47.62220771, -22.39354625], [-47.62218795, -22.39387123], [-47.62212963, -22.39420887], [-47.62213233, -22.39435312], [-47.62213685, -22.39459354], [-47.62214226, -22.39488204], [-47.62217465, -22.39523023], [-47.62214129, -22.39551936], [-47.62209437, -22.39577564], [-47.62213518, -22.3958832], [-47.62217599, -22.39599076], [-47.62237328, -22.39616792], [-47.62247986, -22.39633454], [-47.62261387, -22.39658488], [-47.62270865, -22.39681181], [-47.622815, -22.3969664], [-47.62296193, -22.39721653], [-47.62301748, -22.39742005], [-47.62311339, -22.39770708], [-47.62316983, -22.39795868], [-47.62321336, -22.39821049], [-47.62326822, -22.39837794], [-47.62326958, -22.39845007], [-47.62317225, -22.39877631], [-47.62313708, -22.39896927], [-47.62314002, -22.39912555], [-47.62332438, -22.39930292], [-47.62344163, -22.39934912], [-47.62364096, -22.39963447], [-47.6236947, -22.39974182], [-47.62369854, -22.39994617], [-47.62352162, -22.40016549], [-47.62331772, -22.40032512], [-47.62292086, -22.40053898], [-47.62307621, -22.40054849], [-47.62352913, -22.40056518], [-47.62368719, -22.40071893], [-47.62383459, -22.4009931], [-47.62386338, -22.40114896], [-47.6239069, -22.40140076], [-47.62387117, -22.40156368], [-47.62397752, -22.40171827], [-47.62398159, -22.40193464], [-47.62408885, -22.40213732], [-47.62422399, -22.40244776], [-47.62438342, -22.40267364], [-47.62455464, -22.4028392], [-47.62486761, -22.40297841], [-47.6251037, -22.40315494], [-47.62522525, -22.40342953], [-47.62532116, -22.40371656], [-47.62562551, -22.40408438], [-47.62605619, -22.40429382], [-47.62654881, -22.40435796], [-47.6272081, -22.40438293], [-47.62751948, -22.40478069], [-47.6281332, -22.40509537], [-47.62881201, -22.40543303], [-47.62931619, -22.40542483], [-47.62962013, -22.4050832], [-47.62979523, -22.40476771], [-47.62994273, -22.40435948], [-47.63074584, -22.40443058], [-47.63092833, -22.40443872], [-47.63153534, -22.40446582], [-47.63225929, -22.40445402], [-47.63276642, -22.40460208], [-47.63316423, -22.40512467], [-47.63340917, -22.40577], [-47.63348446, -22.40633392], [-47.63355703, -22.40675359], [-47.63357653, -22.40710199], [-47.63363695, -22.40733705], [-47.63382211, -22.40762065], [-47.63407372, -22.40802259], [-47.63427263, -22.40835373], [-47.63436791, -22.40863879], [-47.63469904, -22.4091708], [-47.63504121, -22.40960708], [-47.63533083, -22.40993824], [-47.63555459, -22.41026748], [-47.63560277, -22.41036204], [-47.63580802, -22.41076492], [-47.63624549, -22.41148627], [-47.63656379, -22.41201848], [-47.6367368, -22.4123381], [-47.63693662, -22.41271699], [-47.63717586, -22.41314301], [-47.63727567, -22.41345849], [-47.63725486, -22.4136936], [-47.63726925, -22.41378727], [-47.63737332, -22.4139499], [-47.63754249, -22.41421712], [-47.63766029, -22.41443822], [-47.63784341, -22.41477563], [-47.63803716, -22.41500723], [-47.63834915, -22.4154834], [-47.63845411, -22.41569297], [-47.63859716, -22.41591365], [-47.63865341, -22.41621793], [-47.63872161, -22.41648679], [-47.63870169, -22.41676883], [-47.63870546, -22.41696832], [-47.63872341, -22.41724974], [-47.63880557, -22.4175888], [-47.6388616, -22.41788134], [-47.63893119, -22.41822354], [-47.63908664, -22.41843229], [-47.63924231, -22.41865277], [-47.63927044, -22.4188049], [-47.63895624, -22.41888047], [-47.63861902, -22.41907379], [-47.63820983, -22.41946783], [-47.63794989, -22.41974206], [-47.63767399, -22.41984047], [-47.6370323, -22.41995659], [-47.63623782, -22.42000478], [-47.63478814, -22.42012235], [-47.6338825, -22.42030146], [-47.63319104, -22.42045653], [-47.63333674, -22.42081804], [-47.63349794, -22.42133189], [-47.63374793, -22.42186776], [-47.6338458, -22.42237091], [-47.63380263, -22.42275897], [-47.6336959, -22.4231246], [-47.6332909, -22.42374159], [-47.63318488, -22.42387764], [-47.63290876, -22.42423202], [-47.63283701, -22.42444448], [-47.63282837, -22.4246559], [-47.63288373, -22.42491324], [-47.63305225, -22.42514526], [-47.63319485, -22.42534248], [-47.63336314, -22.42556276], [-47.63358214, -22.42579395], [-47.63363994, -22.42618036], [-47.63387777, -22.42673992], [-47.63402636, -22.42725397], [-47.63404706, -22.42768207], [-47.63409401, -22.42816257], [-47.63403866, -22.42857431], [-47.63404774, -22.42905543], [-47.63401055, -22.42976032], [-47.6339741, -22.43029574], [-47.6338727, -22.43090209], [-47.63388156, -22.43137147], [-47.6340895, -22.43168501], [-47.63482448, -22.43182561], [-47.63529484, -22.431994], [-47.63575501, -22.43229168], [-47.63600238, -22.43268673], [-47.63600881, -22.43302703], [-47.63612906, -22.43337721], [-47.63647875, -22.43384103], [-47.63678879, -22.43421158], [-47.63713514, -22.43449937], [-47.63753338, -22.43485968], [-47.63771254, -22.43498587], [-47.63814704, -22.43526049], [-47.63861918, -22.43552274], [-47.63927027, -22.43589945], [-47.63962926, -22.43618703], [-47.63982482, -22.4365125], [-47.63995905, -22.43693288], [-47.64000815, -22.4371507], [-47.64006198, -22.43732589], [-47.64016718, -22.43754719], [-47.64035057, -22.43789633], [-47.64049497, -22.43818742], [-47.64067681, -22.43845442], [-47.64081921, -22.4386399], [-47.64105087, -22.43887087], [-47.64131951, -22.43905428], [-47.64160128, -22.43926389], [-47.64216403, -22.43964203], [-47.64262201, -22.43982234], [-47.64291524, -22.43997014], [-47.64317081, -22.44013028], [-47.64341399, -22.44030237], [-47.64375526, -22.44032025], [-47.64407172, -22.44036202], [-47.64428787, -22.44044065], [-47.64439131, -22.44056807], [-47.64442167, -22.44083755], [-47.64444298, -22.44129498], [-47.64440049, -22.44171825], [-47.64440873, -22.44215242], [-47.64445739, -22.44272092], [-47.64442687, -22.44310878], [-47.64454627, -22.44341201], [-47.64466478, -22.4436683], [-47.64483556, -22.44401765], [-47.64473769, -22.44418358], [-47.64464427, -22.44458421], [-47.64453645, -22.44489117], [-47.64449085, -22.44515015], [-47.64458255, -22.44532472], [-47.64471257, -22.44552213], [-47.64479277, -22.44575558], [-47.64486167, -22.44605964], [-47.64487986, -22.44635279], [-47.64479751, -22.44667107], [-47.64468701, -22.44683722], [-47.64441509, -22.44714705], [-47.64425326, -22.44733256], [-47.644207, -22.44755634], [-47.6441738, -22.44780338], [-47.64414083, -22.44806216], [-47.64408639, -22.44852084], [-47.64405609, -22.44892043], [-47.64403885, -22.44934328], [-47.64408429, -22.44974163], [-47.64415699, -22.45024517], [-47.6441883, -22.45056452], [-47.64427028, -22.45089184], [-47.64436466, -22.45120722], [-47.64452127, -22.45147463], [-47.64457711, -22.45175543], [-47.64454592, -22.45210808], [-47.64442792, -22.45254432], [-47.64420848, -22.45295875], [-47.64403664, -22.45321981], [-47.64382625, -22.45344628], [-47.6436028, -22.45364949], [-47.64338997, -22.45374688], [-47.64330427, -22.45388914], [-47.64328347, -22.45412425], [-47.64322614, -22.45443038], [-47.64315707, -22.45478365], [-47.64310107, -22.45516018], [-47.6429815, -22.45551429], [-47.6428883, -22.45592665], [-47.64276751, -22.45621621], [-47.64273253, -22.45636938], [-47.64259722, -22.4565594], [-47.64238438, -22.45665679], [-47.64190509, -22.45668812], [-47.64152613, -22.45668259], [-47.64104662, -22.45670219], [-47.64045437, -22.45677057], [-47.64011418, -22.45681136], [-47.63980991, -22.45689387], [-47.63956136, -22.45696127], [-47.6390101, -22.45719331], [-47.63844488, -22.45735516], [-47.63803048, -22.45747932], [-47.6375182, -22.45776941], [-47.6372181, -22.45792691], [-47.63679085, -22.45803954], [-47.6365027, -22.45816164], [-47.63571245, -22.45844453], [-47.6353758, -22.45867306], [-47.63525576, -22.45900369], [-47.63531514, -22.45947224], [-47.63537164, -22.45978825], [-47.63542613, -22.45999875], [-47.63445266, -22.46015343], [-47.63416144, -22.46030076], [-47.63400161, -22.46063605], [-47.63399377, -22.46089756], [-47.63410184, -22.46120471], [-47.63414557, -22.46148914], [-47.63411307, -22.46179859], [-47.6340956, -22.4622266], [-47.633988, -22.46262044], [-47.63382681, -22.46288446], [-47.6336404, -22.46316671], [-47.6336236, -22.46363036], [-47.63352631, -22.46389333], [-47.63349516, -22.46427404], [-47.63345168, -22.46467872], [-47.6333573, -22.4650961], [-47.63295353, -22.46537597], [-47.63249975, -22.46571605], [-47.63190143, -22.46618622], [-47.6312286, -22.46643483], [-47.63083984, -22.46683326], [-47.63039256, -22.46751779], [-47.6303002, -22.46804207], [-47.63025738, -22.46848238], [-47.63027801, -22.46889789], [-47.63023475, -22.46931444], [-47.63020291, -22.46965951], [-47.63019798, -22.47007551], [-47.63013094, -22.4702487], [-47.63002063, -22.47050001], [-47.62994956, -22.4707982], [-47.63000449, -22.47099928], [-47.63003566, -22.47129581], [-47.63000585, -22.47174778], [-47.62999958, -22.47209244], [-47.62995384, -22.47237834], [-47.62972963, -22.47269091], [-47.62960654, -22.47294243], [-47.62938688, -22.47349552], [-47.62939078, -22.47375518], [-47.62938128, -22.47387581], [-47.62941289, -22.47419609], [-47.62940729, -22.47457638], [-47.62941358, -22.47490896], [-47.6293434, -22.47525466], [-47.62927233, -22.47555285], [-47.62916134, -22.47576852], [-47.62901448, -22.47611548], [-47.62883085, -22.4765462], [-47.62874587, -22.47678521], [-47.62877889, -22.47717972], [-47.62845319, -22.47748369], [-47.62823438, -22.47779455], [-47.62819348, -22.47808548], [-47.62827732, -22.47837603], [-47.62853922, -22.47870444], [-47.62874332, -22.47895388], [-47.62898795, -22.47944861], [-47.62910691, -22.47965459], [-47.62930277, -22.47987119], [-47.62952933, -22.47999458], [-47.62966692, -22.48019793], [-47.6298444, -22.48045642], [-47.62998297, -22.48068584], [-47.63002592, -22.48092871], [-47.63009184, -22.48103456], [-47.63013355, -22.4812121], [-47.63011293, -22.48147382], [-47.63009343, -22.48179494], [-47.63012438, -22.48207958], [-47.63010539, -22.48242742], [-47.63000651, -22.48260725], [-47.629974, -22.48291669], [-47.6299397, -22.48313112], [-47.62994486, -22.4834043], [-47.6299516, -22.48376063], [-47.62991864, -22.48404632], [-47.63003749, -22.48424636], [-47.63005431, -22.48445995], [-47.6298922, -22.48467646], [-47.62976654, -22.48479675], [-47.6296794, -22.48504843], [-47.62959375, -22.48525181], [-47.62953366, -22.48545477], [-47.62955228, -22.48576338], [-47.62952986, -22.48593008], [-47.62955901, -22.4861197], [-47.62957853, -22.48647582], [-47.6295088, -22.48684528], [-47.62932516, -22.487276], [-47.62901079, -22.4875544], [-47.62876234, -22.48793866], [-47.6284872, -22.48826394], [-47.62822103, -22.4883871], [-47.62903838, -22.48833812], [-47.62967926, -22.48842271], [-47.62998692, -22.48846521], [-47.63027126, -22.4886269], [-47.63051658, -22.48875359], [-47.63067355, -22.48894113], [-47.63071347, -22.48902364], [-47.63079488, -22.48927182], [-47.63080004, -22.48954501], [-47.6308458, -22.48993634], [-47.63089066, -22.49028016], [-47.63092274, -22.49062419], [-47.63086366, -22.49088061], [-47.63062732, -22.49122902], [-47.63036362, -22.49148284], [-47.62992412, -22.49190586], [-47.62965951, -22.49211216], [-47.6295631, -22.49242265], [-47.62950256, -22.49260185], [-47.62936577, -22.49280607], [-47.62915005, -22.49289276], [-47.62874417, -22.49306572], [-47.62839076, -22.49330911], [-47.62812773, -22.49359856], [-47.62790326, -22.49389925], [-47.6277057, -22.49427079], [-47.62753528, -22.49472506], [-47.62747676, -22.49501117], [-47.62761086, -22.49534165], [-47.62765392, -22.49559046], [-47.62758594, -22.49565079], [-47.62740934, -22.49577842], [-47.62731606, -22.49591658], [-47.6273146, -22.49617799], [-47.62734421, -22.49639137], [-47.62734802, -22.49659329], [-47.6274162, -22.49681792], [-47.62752746, -22.49729284], [-47.62753958, -22.49759562], [-47.62755685, -22.49783296], [-47.62758006, -22.49804644], [-47.62763726, -22.4983663], [-47.62773818, -22.49863199], [-47.62785079, -22.49887121], [-47.62787139, -22.49891496], [-47.62805385, -22.49909763], [-47.62807776, -22.49918895], [-47.62813046, -22.49927126], [-47.62819594, -22.49935336], [-47.62824865, -22.49943566], [-47.62833375, -22.49954121], [-47.6283933, -22.49964717], [-47.62846596, -22.49977073], [-47.6284996, -22.49985929], [-47.62852035, -22.49994212], [-47.6285227, -22.50006684], [-47.628518, -22.50015602], [-47.62850062, -22.50025136], [-47.62845151, -22.50035909], [-47.62844075, -22.5004662], [-47.62856005, -22.50035138], [-47.62869371, -22.50031949], [-47.62880236, -22.50031772], [-47.62932589, -22.50027947], [-47.62952301, -22.50022278], [-47.62969378, -22.50012494], [-47.6297957, -22.50010546], [-47.63002467, -22.50004231], [-47.63029826, -22.4999725], [-47.63043225, -22.49995843], [-47.63065617, -22.49996665], [-47.63078501, -22.50001801], [-47.63108664, -22.50007843], [-47.63116322, -22.50007124], [-47.63154009, -22.50005319], [-47.63166803, -22.50005704], [-47.63176412, -22.50006736], [-47.63193041, -22.50007058], [-47.63208447, -22.5001037], [-47.63219391, -22.5001435], [-47.63232286, -22.5002008], [-47.63241963, -22.50024674], [-47.63260599, -22.50029716], [-47.63281187, -22.50036508], [-47.63301909, -22.50050426], [-47.63324414, -22.50057187], [-47.63340471, -22.50061083], [-47.63358468, -22.50066135], [-47.63378329, -22.50068335], [-47.63384216, -22.50075368], [-47.63390182, -22.50086557], [-47.63393546, -22.50095413], [-47.63401407, -22.50105383], [-47.63408494, -22.50108238], [-47.63418788, -22.50111634], [-47.63436807, -22.50117874], [-47.63450981, -22.50123582], [-47.63468978, -22.50128634], [-47.6348758, -22.50131894], [-47.63504164, -22.50129841], [-47.63522632, -22.50125974], [-47.63538542, -22.50122149], [-47.63548073, -22.50119023], [-47.63557593, -22.50115303], [-47.63571518, -22.50107946], [-47.63579098, -22.5010307], [-47.63593159, -22.50102839], [-47.63601524, -22.50105673], [-47.63611167, -22.50108485], [-47.6361331, -22.50120331], [-47.636291, -22.50143835], [-47.63651303, -22.50168422], [-47.63669605, -22.50189508], [-47.6368941, -22.50222451], [-47.63698718, -22.50241309], [-47.63706345, -22.50253509], [-47.6371545, -22.50265728], [-47.63728874, -22.50271692], [-47.63743776, -22.50277632], [-47.63762349, -22.50282137], [-47.63784708, -22.5029139], [-47.63807081, -22.5030133], [-47.63838339, -22.50311812], [-47.63873809, -22.50310543], [-47.63882006, -22.50313844], [-47.63893926, -22.50318459], [-47.63910928, -22.5031818], [-47.63919799, -22.50318035], [-47.63936672, -22.50310887], [-47.63951352, -22.50305149], [-47.63963464, -22.50301176], [-47.63964581, -22.5030081], [-47.63974373, -22.50310269], [-47.639789, -22.50315004], [-47.63989367, -22.50321017], [-47.63997642, -22.50328439], [-47.64006579, -22.50331728], [-47.64021377, -22.50332173], [-47.6403397, -22.5033334], [-47.64043724, -22.50340738], [-47.64050534, -22.50348872], [-47.64061105, -22.50360379], [-47.64066502, -22.50371972], [-47.64071846, -22.50380816], [-47.64078073, -22.50397205], [-47.64090241, -22.5041487], [-47.64101617, -22.50429799], [-47.64115328, -22.50450875], [-47.64125938, -22.50464443], [-47.64141645, -22.50473804], [-47.64155109, -22.50481829], [-47.64156874, -22.50496916], [-47.64151987, -22.50512112], [-47.64142677, -22.50528069], [-47.64135415, -22.50535059], [-47.64131345, -22.50554364], [-47.64132358, -22.50568777], [-47.64137823, -22.50583975], [-47.64124025, -22.50597257], [-47.64123646, -22.5059794], [-47.6411902, -22.50606271], [-47.64116959, -22.5061455], [-47.6411936, -22.5062413], [-47.64129179, -22.50634963], [-47.64138272, -22.50646494], [-47.64149027, -22.50667618], [-47.64152971, -22.50680608], [-47.64153997, -22.50695708], [-47.64155685, -22.50706674], [-47.64152976, -22.50719773], [-47.64150993, -22.50732173], [-47.64146118, -22.50748057], [-47.64141944, -22.50761867], [-47.64137219, -22.5078565], [-47.64129336, -22.50798834], [-47.64122826, -22.50806499], [-47.64119338, -22.5081755], [-47.64118134, -22.50831999], [-47.64129458, -22.50844181], [-47.64138538, -22.50855026], [-47.64146866, -22.50865196], [-47.64157333, -22.50871208], [-47.64170019, -22.50877184], [-47.64193041, -22.50882302], [-47.6420937, -22.5088547], [-47.64219085, -22.50890807], [-47.64232471, -22.5089471], [-47.64244508, -22.50905506], [-47.64252758, -22.50911555], [-47.64259594, -22.50921062], [-47.64267131, -22.50928496], [-47.64273915, -22.50935256], [-47.64286548, -22.50938484], [-47.64303577, -22.50939579], [-47.64320542, -22.50937239], [-47.64342655, -22.5093344], [-47.64351183, -22.50933988], [-47.64376714, -22.50935629], [-47.64408503, -22.50935108], [-47.64424106, -22.50938974], [-47.64435961, -22.50940153], [-47.64452186, -22.50937826], [-47.64472029, -22.50931316], [-47.64485957, -22.50924903], [-47.6449322, -22.50917912], [-47.64513311, -22.50924453], [-47.64532715, -22.50933754], [-47.64549175, -22.5094379], [-47.64564831, -22.50950404], [-47.64584262, -22.50961078], [-47.64608206, -22.509758], [-47.64630515, -22.50982305], [-47.64640878, -22.50982821], [-47.64652733, -22.50984001], [-47.64649351, -22.51000547], [-47.64646734, -22.51018454], [-47.64645543, -22.5103359], [-47.64651797, -22.51051352], [-47.64661009, -22.51069065], [-47.64670194, -22.51085404], [-47.64676606, -22.51111409], [-47.6468006, -22.51137462], [-47.64690966, -22.51166484], [-47.64713642, -22.51192221], [-47.64736162, -22.51209715], [-47.64752688, -22.51223186], [-47.64763352, -22.512395], [-47.64777, -22.51257141], [-47.647921, -22.51273383], [-47.64801547, -22.5130346], [-47.64813795, -22.51325245], [-47.64828921, -22.51342861], [-47.64849805, -22.51352137], [-47.64879587, -22.5136264], [-47.64896113, -22.5137611], [-47.64909709, -22.51391002], [-47.64936481, -22.51398807], [-47.64961617, -22.51398393], [-47.64979268, -22.51393293], [-47.6500059, -22.51386758], [-47.65043758, -22.51401163], [-47.65083785, -22.51406001], [-47.65114809, -22.51404115], [-47.65145678, -22.51393985], [-47.65146346, -22.51414479], [-47.65146687, -22.51432338], [-47.65147741, -22.51448811], [-47.65148874, -22.51469405], [-47.65151406, -22.51485854], [-47.65148011, -22.51501713], [-47.65142477, -22.5152173], [-47.65142674, -22.51532034], [-47.65145946, -22.5154847], [-47.65149826, -22.51558026], [-47.65153732, -22.51568955], [-47.65161374, -22.51581884], [-47.65169743, -22.51594114], [-47.65181095, -22.51607668], [-47.65189463, -22.51619898], [-47.65207639, -22.51642273], [-47.65223401, -22.51654381], [-47.65233948, -22.51664514], [-47.65255742, -22.51682706], [-47.65278374, -22.51706038], [-47.65292697, -22.51720231], [-47.65309263, -22.51735761], [-47.65324365, -22.51752002], [-47.65335664, -22.5176281], [-47.65350066, -22.51781124], [-47.65362157, -22.51794666], [-47.65369774, -22.51806221], [-47.65378234, -22.51823259], [-47.65385242, -22.51841695], [-47.65396765, -22.51864179], [-47.65409783, -22.51887498], [-47.65420488, -22.51905873], [-47.6543188, -22.51921488], [-47.65445529, -22.51939127], [-47.65451693, -22.51952081], [-47.65452617, -22.51961685], [-47.65451595, -22.51974679], [-47.65451427, -22.51976821], [-47.65442962, -22.5199826], [-47.65430892, -22.52024569], [-47.65431855, -22.52036234], [-47.65421714, -22.52047395], [-47.65413589, -22.52063078], [-47.65446895, -22.52073221], [-47.65447059, -22.52073251], [-47.6547855, -22.52078954], [-47.65513936, -22.52081437], [-47.65525438, -22.52086027], [-47.655329, -22.52089488], [-47.65540028, -22.52092358], [-47.65551031, -22.5209606], [-47.65561334, -22.52096786], [-47.65571236, -22.52093336], [-47.65581487, -22.52091375], [-47.6559237, -22.52088805], [-47.65599109, -22.52088097], [-47.65608459, -22.52089436], [-47.65613613, -22.52089948], [-47.65626699, -22.52093317], [-47.65637674, -22.52095525], [-47.65646415, -22.52098667], [-47.65657119, -22.52103569], [-47.65667525, -22.5210967], [-47.65673695, -22.52112854], [-47.65682058, -22.52113014], [-47.65689485, -22.52114684], [-47.65697245, -22.52116946], [-47.65699191, -22.5211781], [-47.65727182, -22.52135569], [-47.65742863, -22.52148454], [-47.65748074, -22.52151953], [-47.65796569, -22.52165789], [-47.6580566, -22.52170418], [-47.6582522, -22.52184433], [-47.65829146, -22.52187953], [-47.65849786, -22.52191197], [-47.65858878, -22.52195826], [-47.65875753, -22.52203911], [-47.65888793, -22.52213255], [-47.65901879, -22.52224987], [-47.65914873, -22.52231942], [-47.65925273, -22.52237744], [-47.65956383, -22.52250374], [-47.65977206, -22.52263173], [-47.65995343, -22.52270042], [-47.66014858, -22.52281668], [-47.66026521, -22.52286255], [-47.6603171, -22.52288559], [-47.66049848, -22.52295428], [-47.66061648, -22.52307182], [-47.66074666, -22.52315331], [-47.66085135, -22.52324717]]]]}}]}