{"type": "FeatureCollection", "features": [{"type": "Feature", "properties": {"name": "Área de Proteção Ambiental Cuesta Corumbataí"}, "geometry": {"type": "MultiPolygon", "coordinates": [[[[-48.42443689, -22.58768718], [-48.424546, -22.58767448], [-48.42459388, -22.58766082], [-48.42464095, -22.58763991], [-48.42476016, -22.58755516], [-48.42480738, -22.58752611], [-48.42487119, -22.58744049], [-48.4248953, -22.58739752], [-48.42492822, -22.58735383], [-48.42497648, -22.58726794], [-48.42500824, -22.58723235], [-48.42502459, -22.58718834], [-48.42505635, -22.58715276], [-48.42510563, -22.5870669], [-48.42513739, -22.58703038], [-48.42515374, -22.58698731], [-48.42518555, -22.58695173], [-48.42523381, -22.58686493], [-48.42526572, -22.5868221], [-48.42531494, -22.58673625], [-48.4253467, -22.58669972], [-48.4253631, -22.58665666], [-48.42542687, -22.58657103], [-48.42544327, -22.58652703], [-48.42550805, -22.58644141], [-48.42560457, -22.58626876], [-48.42565367, -22.58613863], [-48.42570289, -22.58605278], [-48.42573564, -22.58596571], [-48.42575975, -22.58592278], [-48.4257761, -22.58587972], [-48.42578484, -22.58582838], [-48.4258012, -22.58578531], [-48.42580989, -22.58573491], [-48.42582629, -22.58569095], [-48.42583499, -22.5856405], [-48.42585149, -22.58559024], [-48.42586018, -22.58553979], [-48.42595945, -22.58527237], [-48.4259836, -22.58522944], [-48.42599235, -22.58517815], [-48.4260087, -22.58513504], [-48.42603281, -22.58509211], [-48.42604916, -22.58504905], [-48.42608193, -22.58501256], [-48.426161, -22.58494162], [-48.42622457, -22.5848704], [-48.42638374, -22.58472761], [-48.42663988, -22.58444103], [-48.42667179, -22.5843982], [-48.42673531, -22.58432613], [-48.42678357, -22.58424023], [-48.42681649, -22.5841965], [-48.42684059, -22.58415358], [-48.42687329, -22.58406745], [-48.42688204, -22.5840161], [-48.42698034, -22.58374958], [-48.42699, -22.58369918], [-48.42699381, -22.58349522], [-48.42698599, -22.58344454], [-48.42698693, -22.583394], [-48.42698012, -22.58334243], [-48.42698389, -22.58313937], [-48.42697021, -22.58303806], [-48.42694088, -22.58294278], [-48.42693407, -22.58289215], [-48.42691931, -22.58284858], [-48.42691249, -22.582797], [-48.42688311, -22.58270262], [-48.4268763, -22.58265109], [-48.42686159, -22.58260752], [-48.42685473, -22.58255684], [-48.42684011, -22.58250513], [-48.42680967, -22.58241799], [-48.42678715, -22.58237432], [-48.42675688, -22.58232958], [-48.42668933, -22.5821985], [-48.42665906, -22.58215381], [-48.42662767, -22.58211716], [-48.42659735, -22.58207336], [-48.42652066, -22.58201433], [-48.42648248, -22.58197674], [-48.4264511, -22.5819401], [-48.42641288, -22.5819034], [-48.42637456, -22.58187391], [-48.42632843, -22.58184428], [-48.42628124, -22.58182096], [-48.42623487, -22.58180573], [-48.42618864, -22.58178334], [-48.42614227, -22.58176816], [-48.42609503, -22.58174573], [-48.42587129, -22.58159682], [-48.42582507, -22.58157439], [-48.42577894, -22.58154476], [-48.42573961, -22.58151527], [-48.42569353, -22.58148564], [-48.42557852, -22.58139622], [-48.42553143, -22.58136655], [-48.42545478, -22.58130756], [-48.42536937, -22.5812475], [-48.42533895, -22.58121094], [-48.42530063, -22.5811814], [-48.42526241, -22.58114471], [-48.42523214, -22.58109997], [-48.42520071, -22.58106337], [-48.42517044, -22.58101952], [-48.42514002, -22.58098297], [-48.4251175, -22.58093836], [-48.42511069, -22.58088768], [-48.42509607, -22.58083691], [-48.42508926, -22.58078534], [-48.42509397, -22.58053174], [-48.42510267, -22.58048134], [-48.42510361, -22.5804299], [-48.42511246, -22.58037225], [-48.42511345, -22.58032171], [-48.42517885, -22.58014852], [-48.42521185, -22.58004705], [-48.42523697, -22.58000412], [-48.42526967, -22.5799171], [-48.42529382, -22.57987413], [-48.42531017, -22.57983106], [-48.42533428, -22.57978814], [-48.42536703, -22.57970107], [-48.42539113, -22.57965814], [-48.42542403, -22.57956387], [-48.4254491, -22.57952095], [-48.42546545, -22.57947788], [-48.4254896, -22.57943402], [-48.42553865, -22.57930482], [-48.4255628, -22.57926096], [-48.4255792, -22.57921789], [-48.42560331, -22.57917497], [-48.42563618, -22.57913213], [-48.42566893, -22.57904511], [-48.42570078, -22.57900228], [-48.42574909, -22.57891549], [-48.42578179, -22.57882936], [-48.42585516, -22.57869964], [-48.42588786, -22.57861351], [-48.42591977, -22.57856978], [-48.42594392, -22.57852681], [-48.42596027, -22.57848375], [-48.42598438, -22.57844082], [-48.42600174, -22.57839686], [-48.4260741, -22.57826804], [-48.4260905, -22.57822403], [-48.42618798, -22.57805139], [-48.42620437, -22.57800832], [-48.42622848, -22.57796535], [-48.42634298, -22.57766207], [-48.42643488, -22.57737286], [-48.42643582, -22.57732232], [-48.42645232, -22.57727205], [-48.42646976, -22.57717031], [-48.42648611, -22.57712724], [-48.42652099, -22.57692469], [-48.42653734, -22.57688069], [-48.42655478, -22.57677988], [-48.42657113, -22.57673592], [-48.4265749, -22.57653287], [-48.42659226, -22.5764898], [-48.42659602, -22.57628674], [-48.42661346, -22.576185], [-48.42661723, -22.57598194], [-48.42664352, -22.57582259], [-48.42664728, -22.57561953], [-48.42665598, -22.57556913], [-48.42665791, -22.57546715], [-48.42665105, -22.57541647], [-48.42665294, -22.5753145], [-48.42664627, -22.57525662], [-48.42664721, -22.57520518], [-48.4266404, -22.57515451], [-48.42664144, -22.57509676], [-48.42663463, -22.57504519], [-48.42663652, -22.57494411], [-48.42662314, -22.57482746], [-48.42662502, -22.57472637], [-48.42661039, -22.57462412], [-48.42661321, -22.5744716], [-48.42659954, -22.57436935], [-48.42660143, -22.57426827], [-48.4265879, -22.57415882], [-48.42659073, -22.5740063], [-48.42657705, -22.57390499], [-48.42657993, -22.57375247], [-48.42656651, -22.57363582], [-48.42658351, -22.57272161], [-48.42655621, -22.57251715], [-48.42655715, -22.57246661], [-48.42654239, -22.57242304], [-48.42654333, -22.5723725], [-48.42652872, -22.57232079], [-48.42652966, -22.57227025], [-48.42651495, -22.57222668], [-48.42650128, -22.57212447], [-48.42648656, -22.5720809], [-48.4264797, -22.57203022], [-48.42634607, -22.5716354], [-48.42632356, -22.57159174], [-48.42629312, -22.57150455], [-48.42626285, -22.57145985], [-48.42624809, -22.57141628], [-48.42621782, -22.57137244], [-48.4261953, -22.57132788], [-48.42610348, -22.57119639], [-48.42546168, -22.5704233], [-48.42544697, -22.57037973], [-48.42541665, -22.57033588], [-48.42537066, -22.57024762], [-48.42534039, -22.57020377], [-48.42532563, -22.5701602], [-48.42529536, -22.5701155], [-48.42525033, -22.57002813], [-48.4252346, -22.56998451], [-48.42521213, -22.56993991], [-48.42515319, -22.56976478], [-48.42513067, -22.56972107], [-48.42506979, -22.56964787], [-48.42504631, -22.56960326], [-48.42498572, -22.56951562], [-48.4248702, -22.56940455], [-48.42483188, -22.56937501], [-48.42479366, -22.56933832], [-48.42474754, -22.56930869], [-48.42468575, -22.56923459], [-48.42467103, -22.56919102], [-48.42464057, -22.56915442], [-48.42461805, -22.56911071], [-48.42419079, -22.56856583], [-48.42412895, -22.56849263], [-48.42409868, -22.56844878], [-48.42406826, -22.56841128], [-48.42404575, -22.56836762], [-48.42401548, -22.56832377], [-48.42400072, -22.5682802], [-48.42396949, -22.56823551], [-48.42393127, -22.56819877], [-48.42389295, -22.56816927], [-48.42385473, -22.56813253], [-48.42382446, -22.56808873], [-48.42378528, -22.5680511], [-48.42369403, -22.5679413], [-48.42361668, -22.56786692], [-48.42358627, -22.56783032], [-48.42355595, -22.56778652], [-48.42354124, -22.56774295], [-48.42351082, -22.56770545], [-48.42348831, -22.56766175], [-48.42345703, -22.5676179], [-48.42344231, -22.56757433], [-48.4234198, -22.56752977], [-48.42335897, -22.56745657], [-48.42329839, -22.56736802], [-48.4232592, -22.56733128], [-48.42322894, -22.56728748], [-48.4231681, -22.56721334], [-48.42310656, -22.56712569], [-48.42304568, -22.56705253], [-48.42301541, -22.56700779], [-48.42289984, -22.56689762], [-48.42286157, -22.56686719], [-48.42274601, -22.56675701], [-48.42270764, -22.56672752], [-48.42266157, -22.566697], [-48.42256812, -22.56665218], [-48.42251385, -22.56664406], [-48.42246748, -22.56662887], [-48.42237403, -22.56658406], [-48.42232761, -22.56656887], [-48.42223517, -22.56652312], [-48.42218004, -22.56650779], [-48.4220715, -22.56649164], [-48.42202412, -22.56647641], [-48.42191558, -22.56646025], [-48.42180578, -22.56645846], [-48.42155633, -22.56644004], [-48.42139211, -22.56643741], [-48.42133779, -22.56642929], [-48.42128241, -22.56642841], [-48.42122814, -22.56642034], [-48.4210095, -22.56641683], [-48.42095494, -22.56642315], [-48.4208918, -22.56642214], [-48.42083723, -22.56642846], [-48.42072743, -22.56642671], [-48.42066511, -22.56643294], [-48.42047649, -22.56648768], [-48.42042192, -22.56649405], [-48.42028022, -22.56653598], [-48.4202257, -22.56654235], [-48.42017767, -22.56656326], [-48.42008384, -22.56659063], [-48.42003663, -22.56661874], [-48.41998876, -22.5666324], [-48.41984761, -22.56669607], [-48.41979949, -22.56672418], [-48.41975257, -22.56673784], [-48.4196582, -22.5667941], [-48.41961782, -22.56682235], [-48.41926121, -22.56707841], [-48.4192294, -22.56711404], [-48.41918989, -22.56714949], [-48.41909356, -22.56725719], [-48.4190617, -22.56730002], [-48.41902214, -22.56733637], [-48.41899023, -22.5673792], [-48.41895067, -22.56741469], [-48.41891877, -22.56745748], [-48.41882129, -22.56763017], [-48.41878854, -22.56771719], [-48.41876443, -22.56776016], [-48.41874808, -22.56780322], [-48.41873064, -22.56790492], [-48.41871328, -22.56794799], [-48.41871233, -22.56799942], [-48.41869598, -22.56804248], [-48.41867854, -22.56814334], [-48.4186757, -22.56829585], [-48.41868251, -22.56834743], [-48.41868062, -22.56844851], [-48.41866318, -22.56855021], [-48.41864886, -22.56931914], [-48.41865566, -22.56937067], [-48.41864338, -22.57003128], [-48.41865019, -22.57008196], [-48.4186239, -22.57024135], [-48.41862295, -22.57029185], [-48.41861426, -22.5703423], [-48.41862106, -22.57039383], [-48.41860337, -22.57050912], [-48.41858726, -22.57137279], [-48.41856982, -22.57147449], [-48.41856887, -22.57152503], [-48.41855252, -22.57156903], [-48.41853493, -22.57167704], [-48.41853398, -22.57172852], [-48.41851654, -22.57182933], [-48.41851559, -22.57187987], [-48.41849924, -22.57192382], [-48.41849829, -22.57197436], [-48.41848194, -22.57201743], [-48.4184645, -22.57211917], [-48.41844718, -22.57216224], [-48.41842974, -22.57226394], [-48.41839688, -22.57235731], [-48.41837944, -22.57245905], [-48.41836309, -22.57250212], [-48.41834564, -22.57260386], [-48.41832924, -22.57264693], [-48.41832054, -22.57269733], [-48.4183196, -22.57274876], [-48.4182783, -22.57287809], [-48.41826098, -22.57292205], [-48.41824353, -22.5730229], [-48.41823215, -22.57363297], [-48.41824581, -22.57373428], [-48.41823825, -22.57414129], [-48.41825393, -22.57418486], [-48.41825298, -22.5742354], [-48.41826759, -22.57428712], [-48.41828126, -22.57438843], [-48.41829597, -22.5744329], [-48.41830964, -22.57453421], [-48.41847272, -22.57501622], [-48.41848638, -22.57511843], [-48.4185011, -22.575162], [-48.41850015, -22.57521254], [-48.41852748, -22.57541611], [-48.41855696, -22.57550414], [-48.41856377, -22.57555478], [-48.4185941, -22.57565006], [-48.41860091, -22.57570074], [-48.41863038, -22.57578878], [-48.41863719, -22.57583946], [-48.41865195, -22.57588303], [-48.41865876, -22.57593366], [-48.41868823, -22.5760217], [-48.41869509, -22.57607238], [-48.4187098, -22.57611595], [-48.41871666, -22.57616752], [-48.41873127, -22.5762183], [-48.41872933, -22.57632027], [-48.41874379, -22.57637829], [-48.4187419, -22.57648027], [-48.41877239, -22.57656741], [-48.4187792, -22.57661809], [-48.41879391, -22.57666255], [-48.41880077, -22.57671323], [-48.41881553, -22.5767568], [-48.41882915, -22.57685901], [-48.41882631, -22.57701153], [-48.41883312, -22.57706221], [-48.4188284, -22.5773167], [-48.41884887, -22.57746869], [-48.41884793, -22.57752013], [-48.4188684, -22.57767301], [-48.41886746, -22.57772355], [-48.41888798, -22.5778764], [-48.41888699, -22.57792698], [-48.41890162, -22.57802923], [-48.41890068, -22.57807978], [-48.41891434, -22.57818198], [-48.4189134, -22.57823252], [-48.41892801, -22.57828334], [-48.41892702, -22.57833478], [-48.41895435, -22.5785383], [-48.41895246, -22.57863938], [-48.41896717, -22.57868389], [-48.41896623, -22.57873438], [-48.41897309, -22.57878511], [-48.41897214, -22.5788365], [-48.41897895, -22.57888718], [-48.41899371, -22.5789307], [-48.41899277, -22.57898129], [-48.41900748, -22.57902576], [-48.41900654, -22.5790763], [-48.4190202, -22.5791785], [-48.41901926, -22.57922904], [-48.41903402, -22.57927262], [-48.41903208, -22.57937459], [-48.41904669, -22.57942541], [-48.41904575, -22.57947595], [-48.41906147, -22.57952042], [-48.41905958, -22.5796215], [-48.41907429, -22.57966507], [-48.41907335, -22.5797165], [-48.41908702, -22.57981782], [-48.41908607, -22.57986925], [-48.41910078, -22.57991282], [-48.41911445, -22.58001418], [-48.41912921, -22.58005865], [-48.41914288, -22.58015996], [-48.4191722, -22.5802552], [-48.41918582, -22.58035745], [-48.41920058, -22.58040102], [-48.41920739, -22.5804517], [-48.41922302, -22.58050247], [-48.41922983, -22.58055405], [-48.41924454, -22.58059762], [-48.41925821, -22.58069987], [-48.41927292, -22.5807434], [-48.41927978, -22.58079408], [-48.41929439, -22.58084485], [-48.4193012, -22.58089642], [-48.41931591, -22.58093999], [-48.41931402, -22.58104197], [-48.41932769, -22.58114333], [-48.41932675, -22.58119387], [-48.41935622, -22.5812819], [-48.41936308, -22.58133254], [-48.41942299, -22.58150776], [-48.4194298, -22.58155929], [-48.41944456, -22.58160286], [-48.41944168, -22.58175538], [-48.41944853, -22.58180606], [-48.41946325, -22.58184963], [-48.4194701, -22.5819012], [-48.41949958, -22.58198834], [-48.41949674, -22.58214086], [-48.41951036, -22.58224307], [-48.41950848, -22.58234415], [-48.4195378, -22.58243943], [-48.41955248, -22.58254075], [-48.41956719, -22.58258521], [-48.41955675, -22.58314384], [-48.41954806, -22.58319425], [-48.41955422, -22.58328191], [-48.41955233, -22.583383], [-48.41955914, -22.58343457], [-48.41955725, -22.58353565], [-48.41956406, -22.58358722], [-48.41956312, -22.58363776], [-48.41956997, -22.5836884], [-48.41956903, -22.58373894], [-48.41957569, -22.58379776], [-48.41959015, -22.58385573], [-48.41958812, -22.58396495], [-48.41957072, -22.58406576], [-48.41956784, -22.58421832], [-48.41955914, -22.58426962], [-48.41952643, -22.58435574], [-48.41950131, -22.58439867], [-48.41945211, -22.584536], [-48.41943461, -22.58463775], [-48.41941816, -22.58468801], [-48.41940941, -22.58473846], [-48.41939306, -22.58478242], [-48.41938436, -22.58483282], [-48.41936796, -22.58487588], [-48.41935926, -22.58492722], [-48.4193429, -22.58497029], [-48.41933416, -22.58502069], [-48.41930034, -22.58511491], [-48.41929164, -22.58516536], [-48.41927514, -22.58521562], [-48.41926639, -22.58526697], [-48.41925004, -22.58531003], [-48.41924134, -22.58536039], [-48.41922499, -22.5854035], [-48.41921624, -22.58545479], [-48.41919989, -22.5854979], [-48.41919114, -22.5855483], [-48.41917464, -22.58559951], [-48.41916594, -22.58564991], [-48.41914958, -22.58569297], [-48.41911373, -22.58589552], [-48.41911184, -22.5859975], [-48.41909439, -22.5860983], [-48.4190934, -22.58614974], [-48.4190847, -22.58620019], [-48.41910652, -22.58628084], [-48.41916643, -22.58645607], [-48.41916549, -22.58650661], [-48.4191801, -22.58655738], [-48.41922513, -22.58664569], [-48.41923989, -22.58668926], [-48.41930145, -22.58677691], [-48.41932391, -22.58682147], [-48.41944564, -22.58696877], [-48.41952325, -22.58702781], [-48.41956147, -22.58706455], [-48.4196077, -22.58708693], [-48.41970091, -22.58714714], [-48.41974714, -22.58716952], [-48.41980141, -22.5871776], [-48.41984875, -22.58719283], [-48.41990318, -22.58719371], [-48.41995736, -22.58720903], [-48.4200126, -22.58721711], [-48.42005902, -22.5872323], [-48.42011345, -22.58723317], [-48.42015982, -22.58724836], [-48.42021521, -22.58724928], [-48.42026159, -22.58726446], [-48.42031601, -22.58726534], [-48.42058938, -22.58730582], [-48.42071379, -22.58730785], [-48.42083931, -22.58730263], [-48.42091826, -22.58728948], [-48.42097269, -22.58729031], [-48.42112182, -22.58727106], [-48.42116874, -22.58725735], [-48.42127881, -22.5872447], [-48.42133353, -22.58723113], [-48.42144264, -22.58721844], [-48.42153729, -22.58719827], [-48.42159187, -22.58719194], [-48.42163879, -22.58717824], [-48.42169418, -22.58717916], [-48.42174886, -22.58716559], [-48.42185897, -22.587152], [-48.42190589, -22.58713829], [-48.42196047, -22.58713197], [-48.42201586, -22.58713284], [-48.42207014, -22.58714096], [-48.42245305, -22.5871471], [-48.42250733, -22.58715517], [-48.42264746, -22.58720167], [-48.42270174, -22.58720974], [-48.42284183, -22.58725534], [-48.42288811, -22.58727777], [-48.42294335, -22.58728585], [-48.42298957, -22.58730828], [-48.423036, -22.58732347], [-48.42322192, -22.58741399], [-48.42326829, -22.58742922], [-48.42354772, -22.58756456], [-48.4235941, -22.58757975], [-48.42364934, -22.58758787], [-48.42374209, -22.58761824], [-48.42385166, -22.58763444], [-48.42399078, -22.58768003], [-48.42404622, -22.58768091], [-48.42417034, -22.58769734], [-48.42438997, -22.58770088], [-48.42443689, -22.58768718]]], [[[-47.95570463, -22.66486452], [-47.95646805, -22.6647313], [-47.95647536, -22.6647095], [-47.9566348, -22.66470655], [-47.9573573, -22.66452265], [-47.95761136, -22.66448817], [-47.95786512, -22.66439501], [-47.95811898, -22.66435244], [-47.95824493, -22.6642842], [-47.95866523, -22.66415823], [-47.95914033, -22.66395628], [-47.95991155, -22.66346097], [-47.96068155, -22.66290706], [-47.96131299, -22.66224283], [-47.96213627, -22.66159132], [-47.96250641, -22.6613471], [-47.96301691, -22.66134486], [-47.96339452, -22.66144979], [-47.96362844, -22.66156368], [-47.96416958, -22.66190205], [-47.96477296, -22.66214991], [-47.96501513, -22.66228619], [-47.96541999, -22.66257383], [-47.9656663, -22.66281205], [-47.96608577, -22.66196946], [-47.96630522, -22.66177316], [-47.96680189, -22.66153471], [-47.96756581, -22.66142399], [-47.9679464, -22.66130591], [-47.9680885, -22.66122203], [-47.96847244, -22.66089634], [-47.96878299, -22.66050521], [-47.96901734, -22.66027881], [-47.96954252, -22.65987738], [-47.97042853, -22.65951979], [-47.97145068, -22.65880497], [-47.97219569, -22.6585836], [-47.97307899, -22.6584643], [-47.97334101, -22.6583502], [-47.97345395, -22.6582651], [-47.97363659, -22.65821386], [-47.97411493, -22.65766707], [-47.97436526, -22.65709924], [-47.97442216, -22.65640236], [-47.97435785, -22.65598928], [-47.97422934, -22.65557653], [-47.97382848, -22.65475453], [-47.9736803, -22.65419501], [-47.97363405, -22.65389985], [-47.97372827, -22.65308313], [-47.97387938, -22.65265161], [-47.97415183, -22.65238754], [-47.97437281, -22.65226428], [-47.97437995, -22.65223528], [-47.97475226, -22.6520948], [-47.97548243, -22.65191066], [-47.97592511, -22.65173999], [-47.97631993, -22.65151787], [-47.97652376, -22.65136606], [-47.97652315, -22.65133627], [-47.97669444, -22.65116252], [-47.9769201, -22.65053646], [-47.97715028, -22.65011704], [-47.97720515, -22.64968731], [-47.97731116, -22.64941822], [-47.97752836, -22.64911814], [-47.97755928, -22.64911037], [-47.97755817, -22.64905893], [-47.97760569, -22.64900662], [-47.97758908, -22.64864321], [-47.97766304, -22.64837558], [-47.97780879, -22.64809942], [-47.9780823, -22.6478425], [-47.97885238, -22.64730201], [-47.97958897, -22.64669628], [-47.98017889, -22.64627735], [-47.98122243, -22.64583645], [-47.98154531, -22.64565987], [-47.98230793, -22.64513486], [-47.98260668, -22.64496685], [-47.98290779, -22.64486467], [-47.98321015, -22.64481479], [-47.98351336, -22.64480914], [-47.98393794, -22.64488246], [-47.98436425, -22.64503786], [-47.98487345, -22.64538398], [-47.98572643, -22.64611538], [-47.98614614, -22.64632233], [-47.98661082, -22.64640937], [-47.9869144, -22.64641901], [-47.98707316, -22.64638629], [-47.9878551, -22.64639427], [-47.98859932, -22.64650313], [-47.98898476, -22.64660964], [-47.98935846, -22.64658009], [-47.98966659, -22.6464417], [-47.98986087, -22.6462079], [-47.98996657, -22.64592525], [-47.99022767, -22.64437979], [-47.990396, -22.6436664], [-47.99070852, -22.64332751], [-47.99107346, -22.64325482], [-47.99128081, -22.64326451], [-47.99147392, -22.64333578], [-47.99240204, -22.64421374], [-47.9930015, -22.64464026], [-47.99337368, -22.64485441], [-47.99457432, -22.64506934], [-47.99514737, -22.64535465], [-47.99605654, -22.64571491], [-47.99636007, -22.64576881], [-47.99726995, -22.64575899], [-47.99769372, -22.64579529], [-47.99819292, -22.64603769], [-47.99846987, -22.64629878], [-47.99890359, -22.64679426], [-47.9990333, -22.64690286], [-47.99948624, -22.64716153], [-47.99960167, -22.64732903], [-47.9996875, -22.64760897], [-47.99968263, -22.64774265], [-47.99955188, -22.64798967], [-47.99934853, -22.64816316], [-47.99900963, -22.64836266], [-47.99886087, -22.64849812], [-47.9987606, -22.64867054], [-47.99877253, -22.64886259], [-47.99895376, -22.64910374], [-47.99942206, -22.64935401], [-47.99957593, -22.64949913], [-48.00010699, -22.65013178], [-48.00022166, -22.65035344], [-48.00033941, -22.65062561], [-48.00060559, -22.65092485], [-48.00108313, -22.65123342], [-48.00161054, -22.65143913], [-48.00176374, -22.65163784], [-48.00189127, -22.65243624], [-48.00205637, -22.65262438], [-48.00245478, -22.65268058], [-48.00295577, -22.65298416], [-48.00331595, -22.65310008], [-48.00426023, -22.6530961], [-48.00488024, -22.65288837], [-48.00564453, -22.65284313], [-48.00642839, -22.65297242], [-48.00758658, -22.65310235], [-48.0083262, -22.65302951], [-48.00859546, -22.65289826], [-48.00940855, -22.65221584], [-48.00973589, -22.65218946], [-48.01006106, -22.65226049], [-48.0104426, -22.6525131], [-48.01079168, -22.65314055], [-48.01142821, -22.65392045], [-48.01212338, -22.65423851], [-48.01330954, -22.65420103], [-48.01432387, -22.65428585], [-48.0150282, -22.65413563], [-48.01573199, -22.65405576], [-48.01686131, -22.65385931], [-48.01766591, -22.65361259], [-48.01828957, -22.65328124], [-48.01888047, -22.65284549], [-48.01926248, -22.65249249], [-48.01932816, -22.65224374], [-48.01933245, -22.65150285], [-48.01940966, -22.65130571], [-48.01959062, -22.65130097], [-48.0196733, -22.65138915], [-48.01991183, -22.65214086], [-48.02030549, -22.65241987], [-48.02075163, -22.65247236], [-48.02277163, -22.65191516], [-48.02392636, -22.65166497], [-48.02555754, -22.65177654], [-48.02657832, -22.65156172], [-48.02746304, -22.65152397], [-48.02859964, -22.65152882], [-48.0298644, -22.6512256], [-48.03039076, -22.65094111], [-48.03062727, -22.65061337], [-48.03067171, -22.65026584], [-48.03060515, -22.64997036], [-48.03035872, -22.64962825], [-48.030101, -22.64940507], [-48.03006349, -22.6492961], [-48.03021171, -22.64914088], [-48.03062682, -22.64896354], [-48.03089713, -22.64878354], [-48.03129378, -22.64833332], [-48.03137326, -22.6474413], [-48.03145768, -22.64731381], [-48.03166694, -22.64730507], [-48.03177133, -22.64751455], [-48.03187743, -22.64764649], [-48.03215363, -22.64773375], [-48.03261569, -22.64763311], [-48.03291217, -22.64736691], [-48.03318431, -22.64705609], [-48.03398267, -22.64650951], [-48.035168, -22.64596557], [-48.03615541, -22.64562465], [-48.03647486, -22.6453742], [-48.03698809, -22.6451554], [-48.03793396, -22.64503118], [-48.03944079, -22.64472688], [-48.04001963, -22.64480259], [-48.04089856, -22.64498758], [-48.04196122, -22.64508395], [-48.04270192, -22.6449126], [-48.04330404, -22.64449321], [-48.04385838, -22.64403503], [-48.04429188, -22.64354123], [-48.04452112, -22.64300663], [-48.04451902, -22.64256075], [-48.04432335, -22.64152732], [-48.04399242, -22.64004558], [-48.04397367, -22.63919505], [-48.04405811, -22.63865781], [-48.04447978, -22.6370374], [-48.04447508, -22.63616549], [-48.04410304, -22.63487881], [-48.04395124, -22.63347616], [-48.04396547, -22.63281219], [-48.04387666, -22.63241794], [-48.04383096, -22.63173658], [-48.04361841, -22.63094835], [-48.04369643, -22.63071062], [-48.04392905, -22.63056238], [-48.04425908, -22.63040512], [-48.04445866, -22.63012001], [-48.04454833, -22.62988246], [-48.04446845, -22.62966258], [-48.04392464, -22.62908666], [-48.04377619, -22.62866425], [-48.04343684, -22.62830239], [-48.04337744, -22.62807926], [-48.04370377, -22.62755191], [-48.04385565, -22.62722257], [-48.04395141, -22.62674507], [-48.04392754, -22.62613453], [-48.04402, -22.6257662], [-48.04425568, -22.62551962], [-48.04440107, -22.62549525], [-48.04447004, -22.62567972], [-48.04447543, -22.62597404], [-48.04434737, -22.62687062], [-48.0443299, -22.6276871], [-48.04450815, -22.62839796], [-48.04508874, -22.62898086], [-48.04545078, -22.62955344], [-48.04552548, -22.63060625], [-48.04503664, -22.63141407], [-48.04499087, -22.63182748], [-48.0450807, -22.63217208], [-48.0453148, -22.63254554], [-48.04541755, -22.63278843], [-48.04531388, -22.6331349], [-48.04506289, -22.63354992], [-48.04502508, -22.634181], [-48.04520345, -22.63488648], [-48.04570617, -22.63570259], [-48.04597245, -22.63625715], [-48.04607873, -22.63696672], [-48.04596814, -22.63759102], [-48.04504437, -22.63891335], [-48.04480616, -22.63932322], [-48.04494468, -22.63962002], [-48.04533113, -22.63964338], [-48.04587658, -22.63959929], [-48.04618888, -22.6397251], [-48.04649936, -22.63989418], [-48.0470186, -22.63993621], [-48.04745088, -22.64009128], [-48.04802812, -22.64024363], [-48.049176, -22.64030812], [-48.04964423, -22.64046382], [-48.05042147, -22.64090324], [-48.05097761, -22.64090264], [-48.05143958, -22.64080736], [-48.05190444, -22.64057585], [-48.052305, -22.64048483], [-48.05284908, -22.6405066], [-48.05331053, -22.64043296], [-48.05364199, -22.6402098], [-48.05392738, -22.63986664], [-48.0543945, -22.63948355], [-48.0553229, -22.63908094], [-48.05585029, -22.63874225], [-48.05607358, -22.63848461], [-48.05630197, -22.63798792], [-48.05662509, -22.63756333], [-48.05695608, -22.63736181], [-48.05871672, -22.63705118], [-48.05938639, -22.63687844], [-48.06082452, -22.6369211], [-48.06153221, -22.63660734], [-48.06185363, -22.63639755], [-48.06244524, -22.63632988], [-48.06298569, -22.63651938], [-48.06507749, -22.63714074], [-48.06635687, -22.63724088], [-48.06735634, -22.63747131], [-48.07008316, -22.63836504], [-48.070723, -22.63840923], [-48.07148961, -22.63820486], [-48.0724113, -22.6375195], [-48.07287482, -22.63675448], [-48.07309261, -22.6362034], [-48.073165, -22.63563252], [-48.07309195, -22.63279447], [-48.07321821, -22.6320675], [-48.07374446, -22.63054005], [-48.07415888, -22.62979582], [-48.07450729, -22.62936531], [-48.07529275, -22.62882006], [-48.07598989, -22.62845102], [-48.07624906, -22.62819493], [-48.07639822, -22.62744038], [-48.07678968, -22.62608015], [-48.07732276, -22.62546893], [-48.07751253, -22.62509153], [-48.07770042, -22.62420684], [-48.07885014, -22.62247951], [-48.07883987, -22.62181507], [-48.07870135, -22.62151562], [-48.07869813, -22.62111571], [-48.07888141, -22.62099901], [-48.07919814, -22.62091722], [-48.08007019, -22.62082481], [-48.08013909, -22.62101651], [-48.07972997, -22.62206594], [-48.07982721, -22.62261736], [-48.07984862, -22.62390303], [-48.07920109, -22.62477933], [-48.07853945, -22.62631964], [-48.07779302, -22.62842436], [-48.07716794, -22.62933894], [-48.07653807, -22.62997549], [-48.0760173, -22.6305545], [-48.07552001, -22.63122051], [-48.07534996, -22.6318113], [-48.07531943, -22.63325392], [-48.07487471, -22.63428101], [-48.07480548, -22.63525453], [-48.07498636, -22.63640135], [-48.07537508, -22.63691476], [-48.07545113, -22.63731871], [-48.07511145, -22.63797677], [-48.07511122, -22.63853817], [-48.07533618, -22.63934823], [-48.07572664, -22.63978046], [-48.07657759, -22.64013899], [-48.07799684, -22.64052499], [-48.07902543, -22.64108255], [-48.07985675, -22.64181703], [-48.08099493, -22.64234414], [-48.08190998, -22.64312346], [-48.08296519, -22.64357319], [-48.08365183, -22.64374908], [-48.08538056, -22.64435274], [-48.08615384, -22.64438849], [-48.08678385, -22.64434578], [-48.08911766, -22.64493784], [-48.08972339, -22.6448947], [-48.09020125, -22.64459835], [-48.0903162, -22.64431159], [-48.09026505, -22.64383141], [-48.0899596, -22.64342241], [-48.0889337, -22.64273406], [-48.0878048, -22.64176589], [-48.08686219, -22.64058896], [-48.08606999, -22.63974692], [-48.08524606, -22.63865875], [-48.0841988, -22.63783371], [-48.08336799, -22.6370722], [-48.08279423, -22.6361583], [-48.08238718, -22.63540445], [-48.08221266, -22.63450777], [-48.08225805, -22.63235779], [-48.08204423, -22.63161831], [-48.0818784, -22.63086348], [-48.08267906, -22.62849258], [-48.08321304, -22.62723876], [-48.08332622, -22.62648357], [-48.08330204, -22.62537205], [-48.08354551, -22.62470679], [-48.08378646, -22.62361094], [-48.08409345, -22.62283765], [-48.08495147, -22.62175305], [-48.08591122, -22.62095907], [-48.08724791, -22.62013317], [-48.08794934, -22.61955831], [-48.08859493, -22.61932456], [-48.0895972, -22.61881929], [-48.09034741, -22.61823357], [-48.09135342, -22.61754962], [-48.09361424, -22.61646333], [-48.09503144, -22.61596461], [-48.09542889, -22.61588068], [-48.09785024, -22.61575573], [-48.10140062, -22.61603295], [-48.10188774, -22.615845], [-48.10223685, -22.61593344], [-48.10405138, -22.61707186], [-48.10588555, -22.61727378], [-48.10733601, -22.6173216], [-48.10870041, -22.61743919], [-48.11064982, -22.61733804], [-48.11181186, -22.61732649], [-48.11245812, -22.61706013], [-48.11271839, -22.61679222], [-48.11289498, -22.61643617], [-48.11300258, -22.61589389], [-48.1131659, -22.6156134], [-48.11330725, -22.61559518], [-48.11338304, -22.61564438], [-48.11357185, -22.61586623], [-48.1136799, -22.61651078], [-48.11386604, -22.61686255], [-48.11441547, -22.6171829], [-48.11479154, -22.61770142], [-48.11533098, -22.61793949], [-48.11591097, -22.61796078], [-48.11621866, -22.61770545], [-48.11631897, -22.6175105], [-48.11629764, -22.61680788], [-48.11646462, -22.61635328], [-48.11682363, -22.61596716], [-48.11732451, -22.61572611], [-48.11796198, -22.61531788], [-48.11834393, -22.614998], [-48.11882208, -22.61467987], [-48.11940516, -22.61454864], [-48.12011951, -22.61451275], [-48.12095334, -22.61452768], [-48.12250571, -22.6149094], [-48.12322736, -22.61512904], [-48.12362193, -22.61532112], [-48.12417062, -22.6157236], [-48.12480982, -22.61579464], [-48.12590594, -22.6154442], [-48.1261949, -22.61548191], [-48.12652955, -22.61570542], [-48.12718893, -22.61597356], [-48.12799087, -22.61579208], [-48.12865005, -22.61550963], [-48.12929355, -22.61537403], [-48.13012805, -22.61535559], [-48.1306507, -22.61523406], [-48.13083583, -22.615074], [-48.13105372, -22.61445781], [-48.13121253, -22.61439475], [-48.13149082, -22.61438349], [-48.13171423, -22.61415916], [-48.13188302, -22.61412877], [-48.13203889, -22.61420825], [-48.13220207, -22.61449461], [-48.13245684, -22.61505423], [-48.13276714, -22.61523402], [-48.13327305, -22.61535768], [-48.13365327, -22.61568039], [-48.13395551, -22.61568578], [-48.13513418, -22.61599568], [-48.13547541, -22.61590337], [-48.13573307, -22.61571212], [-48.13591994, -22.61542119], [-48.13629311, -22.61495943], [-48.13735825, -22.61431955], [-48.13799282, -22.61400418], [-48.13857552, -22.61393875], [-48.13886426, -22.61398721], [-48.13909983, -22.6143019], [-48.13941125, -22.61442663], [-48.14019793, -22.61441899], [-48.14058939, -22.61419762], [-48.14109418, -22.61376521], [-48.14134985, -22.6136714], [-48.14219651, -22.61367565], [-48.14304037, -22.61381618], [-48.14379081, -22.61377445], [-48.14501897, -22.61404185], [-48.14524629, -22.61414428], [-48.14535585, -22.61472387], [-48.14557092, -22.61541908], [-48.14607244, -22.6163216], [-48.14648805, -22.61672072], [-48.147425, -22.61701537], [-48.14889917, -22.61733042], [-48.14915874, -22.6174271], [-48.14961348, -22.6176744], [-48.15022145, -22.61808322], [-48.15082644, -22.61868159], [-48.15162239, -22.61992711], [-48.15176083, -22.62001648], [-48.15210588, -22.62041858], [-48.15218094, -22.62046571], [-48.15242921, -22.62073098], [-48.1525508, -22.62129453], [-48.15287688, -22.62188885], [-48.1535012, -22.62268426], [-48.1537564, -22.62322766], [-48.15406326, -22.62419164], [-48.15443692, -22.62483552], [-48.15514802, -22.62670567], [-48.15537371, -22.62703842], [-48.1558227, -22.62791482], [-48.15601889, -22.62846949], [-48.1563684, -22.62967342], [-48.1568398, -22.63029733], [-48.15736387, -22.63072093], [-48.15806554, -22.63187158], [-48.15872074, -22.63235163], [-48.15958512, -22.63268287], [-48.16018913, -22.63272064], [-48.16059167, -22.63253189], [-48.16100031, -22.63209238], [-48.16211286, -22.63033123], [-48.16289329, -22.62888015], [-48.16366871, -22.62762477], [-48.16418686, -22.6271547], [-48.16471347, -22.62679392], [-48.16552271, -22.62630732], [-48.16595365, -22.62591686], [-48.16617742, -22.6256266], [-48.16635252, -22.62533543], [-48.16644471, -22.62496699], [-48.16622017, -22.62401528], [-48.16634697, -22.62385417], [-48.16651564, -22.6238788], [-48.16760657, -22.62435028], [-48.16846119, -22.62454047], [-48.16956642, -22.6243145], [-48.17109047, -22.62372038], [-48.17198467, -22.62316393], [-48.1725765, -22.62260752], [-48.17357298, -22.62180281], [-48.17496924, -22.62037335], [-48.1754562, -22.61961921], [-48.17580142, -22.6181387], [-48.17613436, -22.61721308], [-48.17621944, -22.61657192], [-48.17636738, -22.6158497], [-48.17664015, -22.61491761], [-48.17653791, -22.61397349], [-48.17653783, -22.61340752], [-48.17669742, -22.61268555], [-48.17701923, -22.61173267], [-48.17715628, -22.61092361], [-48.17700956, -22.61039751], [-48.17673275, -22.60971747], [-48.17621085, -22.60923445], [-48.17593889, -22.6089354], [-48.17590402, -22.60878858], [-48.17622173, -22.6087003], [-48.17676575, -22.60872161], [-48.17713231, -22.60857551], [-48.17737912, -22.60829641], [-48.17746097, -22.60785647], [-48.17749639, -22.60731284], [-48.17750295, -22.60461051], [-48.17712518, -22.60411378], [-48.17701227, -22.6037417], [-48.17700575, -22.60229831], [-48.17684278, -22.60194612], [-48.17655944, -22.60163608], [-48.1758393, -22.60134087], [-48.17553087, -22.60106827], [-48.17515234, -22.60065812], [-48.17472303, -22.60035634], [-48.17439851, -22.60025312], [-48.1735715, -22.60023946], [-48.17349494, -22.60008469], [-48.17356135, -22.59978618], [-48.17384793, -22.59936611], [-48.17380357, -22.59915862], [-48.17353032, -22.59892455], [-48.17340143, -22.59871559], [-48.17339946, -22.59824166], [-48.17329241, -22.59753213], [-48.17290001, -22.59723099], [-48.17253173, -22.59689233], [-48.17180547, -22.59647065], [-48.17135747, -22.59574968], [-48.17132812, -22.59542785], [-48.17099645, -22.5944851], [-48.17096564, -22.59423452], [-48.17102944, -22.59406147], [-48.17115235, -22.59394355], [-48.17125277, -22.59378739], [-48.1711979, -22.59352464], [-48.171242, -22.59255604], [-48.17113881, -22.5922762], [-48.17085917, -22.59173783], [-48.17080698, -22.5913452], [-48.1710118, -22.59078739], [-48.17133904, -22.59013876], [-48.17151903, -22.58937018], [-48.17191997, -22.58891872], [-48.172062, -22.58886529], [-48.17221028, -22.5889347], [-48.17269861, -22.58929708], [-48.17301772, -22.58966194], [-48.17292464, -22.59009475], [-48.17243603, -22.5909208], [-48.17225314, -22.59159272], [-48.17215304, -22.59235367], [-48.17220448, -22.59278512], [-48.17259636, -22.59430117], [-48.17273266, -22.59471786], [-48.17374893, -22.59588478], [-48.1741872, -22.59693862], [-48.17450524, -22.59735853], [-48.17521895, -22.5979208], [-48.17562001, -22.59841799], [-48.17585728, -22.59865051], [-48.17654138, -22.59890266], [-48.17777166, -22.59901636], [-48.17877714, -22.59952418], [-48.17912605, -22.59962328], [-48.1808579, -22.59950117], [-48.18103818, -22.59957474], [-48.18119052, -22.59973266], [-48.18121324, -22.59990455], [-48.18110854, -22.6002728], [-48.18068797, -22.60073386], [-48.18041889, -22.60148643], [-48.17996412, -22.60185931], [-48.17966124, -22.60245876], [-48.17950465, -22.60422601], [-48.17966216, -22.60479565], [-48.18006195, -22.60535776], [-48.17997733, -22.60717054], [-48.18010025, -22.60824588], [-48.17991929, -22.60877616], [-48.17998738, -22.60958428], [-48.18038226, -22.6098142], [-48.18061559, -22.61024252], [-48.18094914, -22.61047764], [-48.18086181, -22.61118374], [-48.18164493, -22.61192229], [-48.18225307, -22.61232474], [-48.18276193, -22.61287887], [-48.18324224, -22.61306691], [-48.18414856, -22.61310451], [-48.18437504, -22.61325018], [-48.18500135, -22.61338121], [-48.1853006, -22.61353359], [-48.18587239, -22.61457894], [-48.18630979, -22.61506047], [-48.18664981, -22.61559991], [-48.18691166, -22.61616564], [-48.18758602, -22.61662672], [-48.18787137, -22.61677035], [-48.18888633, -22.61682062], [-48.18978621, -22.61660266], [-48.19040092, -22.61611153], [-48.19098684, -22.61526701], [-48.19124334, -22.61512983], [-48.19170527, -22.61502959], [-48.19298304, -22.61463226], [-48.19389932, -22.61417981], [-48.19424354, -22.61393581], [-48.19443028, -22.61364485], [-48.19451952, -22.61341714], [-48.19449856, -22.61286889], [-48.19466326, -22.61289702], [-48.19591605, -22.61373041], [-48.19681639, -22.61406205], [-48.19752656, -22.61423241], [-48.19819022, -22.61429815], [-48.19840549, -22.61442199], [-48.19900576, -22.61521683], [-48.19933363, -22.6151576], [-48.19969953, -22.61504392], [-48.20015861, -22.61503569], [-48.20033296, -22.61492322], [-48.20086737, -22.61469964], [-48.201388, -22.61467533], [-48.20175191, -22.61461129], [-48.20231381, -22.61432683], [-48.20270695, -22.61401778], [-48.20321386, -22.61347149], [-48.20472209, -22.61244626], [-48.20549975, -22.61168084], [-48.20593484, -22.61107823], [-48.20635155, -22.6102307], [-48.20687742, -22.6087424], [-48.20704159, -22.60778667], [-48.20693311, -22.60719084], [-48.2059797, -22.60467399], [-48.20587338, -22.60396989], [-48.20633032, -22.60112825], [-48.20634449, -22.59984856], [-48.20618265, -22.59890882], [-48.2063201, -22.59686855], [-48.20643629, -22.59592825], [-48.20658506, -22.59534864], [-48.2066941, -22.59514833], [-48.20710308, -22.59463194], [-48.20788745, -22.59410764], [-48.20807596, -22.5937724], [-48.20826667, -22.59332986], [-48.20851318, -22.59306154], [-48.20889099, -22.5929318], [-48.20919694, -22.59275211], [-48.20954204, -22.59246384], [-48.20967921, -22.59221527], [-48.20979033, -22.59152579], [-48.20989286, -22.59005719], [-48.21004629, -22.58962929], [-48.21046877, -22.58906981], [-48.21099576, -22.58631241], [-48.21115579, -22.58498109], [-48.21116954, -22.58371762], [-48.21101016, -22.58323559], [-48.21085921, -22.58291163], [-48.21091667, -22.58242251], [-48.2111842, -22.58178447], [-48.21122641, -22.58147468], [-48.21119639, -22.58117992], [-48.21105688, -22.58091573], [-48.21026284, -22.58009044], [-48.20878002, -22.57867104], [-48.20874769, -22.57858923], [-48.20898934, -22.57851041], [-48.20956773, -22.57860256], [-48.21036568, -22.5786056], [-48.21122712, -22.57844636], [-48.21166647, -22.57825272], [-48.21192552, -22.57798553], [-48.21204182, -22.57761657], [-48.21226627, -22.576123], [-48.21241613, -22.57403868], [-48.21310047, -22.5724881], [-48.21315142, -22.5717426], [-48.21313074, -22.57093618], [-48.21320547, -22.56963592], [-48.21373806, -22.56818646], [-48.21419649, -22.56776658], [-48.21442271, -22.56782736], [-48.21466155, -22.56798406], [-48.21474027, -22.56827425], [-48.21452448, -22.56876068], [-48.21450908, -22.56894541], [-48.21465121, -22.56907877], [-48.21538972, -22.56903741], [-48.21554448, -22.56917097], [-48.21557005, -22.56968864], [-48.21516357, -22.57124495], [-48.21498631, -22.57285933], [-48.21496571, -22.57388345], [-48.21475278, -22.57485458], [-48.2144927, -22.57638096], [-48.21428732, -22.57697676], [-48.21422708, -22.57755341], [-48.21429222, -22.57794086], [-48.21407744, -22.57842093], [-48.21398723, -22.57870278], [-48.21391668, -22.57921334], [-48.21371424, -22.57966208], [-48.21350816, -22.58029031], [-48.21381441, -22.58130298], [-48.21356962, -22.58201813], [-48.2132501, -22.58229603], [-48.21309985, -22.58256511], [-48.21313041, -22.58283281], [-48.21347936, -22.58355737], [-48.21367002, -22.58427468], [-48.21370171, -22.58511377], [-48.21350154, -22.58660774], [-48.21364767, -22.58717173], [-48.21417032, -22.58824861], [-48.21439459, -22.58850341], [-48.21536676, -22.58888495], [-48.21579441, -22.58927331], [-48.21618328, -22.58980356], [-48.21649123, -22.59010225], [-48.21711805, -22.59020609], [-48.2177728, -22.5901308], [-48.21837092, -22.58982524], [-48.21894756, -22.58942634], [-48.21920735, -22.58912574], [-48.2200187, -22.58846372], [-48.22041318, -22.58808423], [-48.22096959, -22.58748371], [-48.22178279, -22.58672963], [-48.22209262, -22.5863541], [-48.22234193, -22.58594407], [-48.22241914, -22.58572786], [-48.22233183, -22.58523626], [-48.22244325, -22.58510728], [-48.22259873, -22.58501339], [-48.22277259, -22.58497125], [-48.22294046, -22.5850834], [-48.223141, -22.58530979], [-48.22354022, -22.58590525], [-48.22399065, -22.58637065], [-48.22503234, -22.58687341], [-48.22617653, -22.58711071], [-48.22686633, -22.58707932], [-48.22751206, -22.58682328], [-48.22803541, -22.58665809], [-48.22832951, -22.58643482], [-48.22879459, -22.58617024], [-48.22909921, -22.58605545], [-48.22948736, -22.58599174], [-48.23197092, -22.5861366], [-48.23236715, -22.58625265], [-48.23305043, -22.58654786], [-48.23350969, -22.58657201], [-48.23389469, -22.58666622], [-48.23425478, -22.58679151], [-48.23450698, -22.58691595], [-48.23485254, -22.58718367], [-48.23546478, -22.58738465], [-48.2360848, -22.5874414], [-48.23702887, -22.58781417], [-48.23737465, -22.58807107], [-48.23757309, -22.58840666], [-48.23749564, -22.5886337], [-48.23719911, -22.58897699], [-48.2371587, -22.58915051], [-48.23715349, -22.5894122], [-48.23738978, -22.58969968], [-48.23782174, -22.58987594], [-48.23880303, -22.58980525], [-48.23905466, -22.58990799], [-48.23941146, -22.59019755], [-48.24093454, -22.5920588], [-48.24122191, -22.59281023], [-48.24138904, -22.59354334], [-48.24196777, -22.59484407], [-48.24258712, -22.59591081], [-48.24277217, -22.59633373], [-48.24309905, -22.59690622], [-48.24323518, -22.59734364], [-48.24319086, -22.59776261], [-48.24306985, -22.5983707], [-48.24310233, -22.5985455], [-48.2430835, -22.5989044], [-48.24296901, -22.59918586], [-48.24285096, -22.5996469], [-48.24240128, -22.60035859], [-48.2423735, -22.60053231], [-48.2424186, -22.6007073], [-48.24251224, -22.6008398], [-48.24299041, -22.60113688], [-48.2430717, -22.60130165], [-48.24311356, -22.60163993], [-48.24326928, -22.60172928], [-48.24337554, -22.60186202], [-48.24333563, -22.60205808], [-48.24273516, -22.60243408], [-48.24254939, -22.60268094], [-48.24261456, -22.60302057], [-48.24258564, -22.60388571], [-48.24273982, -22.60405172], [-48.24311204, -22.60415563], [-48.24323093, -22.60428852], [-48.24321438, -22.60448502], [-48.24280768, -22.60489143], [-48.24264565, -22.60511794], [-48.24264124, -22.60534081], [-48.24275326, -22.6057679], [-48.24280546, -22.60617137], [-48.24260233, -22.60665803], [-48.24262475, -22.60675137], [-48.24275529, -22.60688361], [-48.24277633, -22.60704734], [-48.2426638, -22.60723139], [-48.24267333, -22.60733982], [-48.24277954, -22.60747252], [-48.24292531, -22.60747503], [-48.24306883, -22.60754342], [-48.24308919, -22.60773963], [-48.24284694, -22.60838357], [-48.2428527, -22.60867793], [-48.2430275, -22.60902936], [-48.24346211, -22.60966324], [-48.24367067, -22.61012448], [-48.2440146, -22.61047882], [-48.24427643, -22.61065751], [-48.24458852, -22.61080462], [-48.2448775, -22.61084207], [-48.24507358, -22.61075789], [-48.24539521, -22.61037706], [-48.24556091, -22.60996651], [-48.24589532, -22.6089423], [-48.24612696, -22.60761218], [-48.24638627, -22.60674557], [-48.24658579, -22.604635], [-48.24656576, -22.60378526], [-48.24667283, -22.60329155], [-48.24687859, -22.60267407], [-48.2469989, -22.60209934], [-48.24696494, -22.60136308], [-48.24677017, -22.59962215], [-48.24634195, -22.59803516], [-48.24639317, -22.59609624], [-48.24655479, -22.5946665], [-48.24667706, -22.59399252], [-48.24693909, -22.59298967], [-48.24707906, -22.59201176], [-48.24739981, -22.59108575], [-48.24804504, -22.5896318], [-48.24883752, -22.58795565], [-48.24898143, -22.58756183], [-48.24993914, -22.58564387], [-48.25004354, -22.58523133], [-48.25008108, -22.58393033], [-48.25001564, -22.58360247], [-48.24975946, -22.5830917], [-48.24859184, -22.581585], [-48.24843036, -22.58120131], [-48.24800753, -22.57997912], [-48.24760019, -22.57919956], [-48.24752186, -22.57883805], [-48.24751773, -22.57845706], [-48.2476615, -22.57792517], [-48.24773735, -22.57782447], [-48.24793451, -22.57817535], [-48.2485833, -22.57961898], [-48.24881769, -22.58000382], [-48.24995652, -22.5810975], [-48.25034971, -22.58143016], [-48.25063054, -22.58151884], [-48.25114625, -22.58188153], [-48.25176781, -22.58220174], [-48.25213392, -22.58246436], [-48.25332345, -22.58291712], [-48.25446065, -22.58316673], [-48.2556294, -22.58319575], [-48.25619014, -22.58285963], [-48.25643682, -22.58262465], [-48.25685465, -22.58204325], [-48.25696315, -22.58171834], [-48.25692337, -22.58058579], [-48.2570066, -22.58031103], [-48.25722826, -22.58016224], [-48.25739994, -22.58017963], [-48.2575686, -22.58034949], [-48.25785506, -22.58129858], [-48.25809238, -22.5815346], [-48.25834041, -22.58162639], [-48.25876277, -22.58164805], [-48.25899008, -22.58160862], [-48.2594955, -22.58136271], [-48.25973874, -22.58130184], [-48.26161413, -22.58133383], [-48.26208458, -22.58128318], [-48.26249321, -22.58116741], [-48.26300769, -22.58085664], [-48.26359848, -22.58022762], [-48.26387246, -22.57984055], [-48.26401943, -22.57948738], [-48.26407956, -22.57924832], [-48.26403925, -22.57887752], [-48.26381541, -22.57835107], [-48.26378978, -22.57807444], [-48.26361426, -22.57746214], [-48.26353207, -22.57685051], [-48.26325619, -22.57580779], [-48.26325925, -22.57565528], [-48.26329938, -22.57559098], [-48.26339479, -22.57553391], [-48.26348818, -22.57552828], [-48.26370483, -22.57563397], [-48.26424181, -22.5757587], [-48.26454707, -22.57575664], [-48.26469685, -22.57570144], [-48.2651807, -22.5753179], [-48.26543838, -22.57496668], [-48.26560128, -22.57464269], [-48.26584191, -22.57432002], [-48.26605722, -22.574098], [-48.26624671, -22.57400014], [-48.26630904, -22.57399397], [-48.26644864, -22.57406135], [-48.2665018, -22.57412816], [-48.26660829, -22.57429694], [-48.26671811, -22.57469056], [-48.26660254, -22.57577001], [-48.26669972, -22.57641072], [-48.26655719, -22.57727938], [-48.26660023, -22.57746153], [-48.26669981, -22.57758691], [-48.26678403, -22.57765331], [-48.26695491, -22.57771492], [-48.26778329, -22.57775065], [-48.26796967, -22.57781161], [-48.26829007, -22.57783148], [-48.26863979, -22.57793947], [-48.269162, -22.5779772], [-48.26945935, -22.57798228], [-48.26955444, -22.57794055], [-48.27089022, -22.5779777], [-48.27136945, -22.57787663], [-48.27167559, -22.57778072], [-48.2728128, -22.57718988], [-48.27320981, -22.57692037], [-48.27448926, -22.57586791], [-48.27483525, -22.5757212], [-48.2749295, -22.57572285], [-48.27499026, -22.57579701], [-48.27495416, -22.57605002], [-48.27451285, -22.57664552], [-48.27440623, -22.57687572], [-48.27442057, -22.5773336], [-48.27435382, -22.57756444], [-48.27428147, -22.57807869], [-48.27408421, -22.57856907], [-48.27405611, -22.57876444], [-48.27405238, -22.57895305], [-48.27413269, -22.57926674], [-48.27432173, -22.57958949], [-48.27458213, -22.57984126], [-48.27495361, -22.58007955], [-48.27538689, -22.58028996], [-48.27611102, -22.58044036], [-48.27654472, -22.58062917], [-48.27676429, -22.58063288], [-48.27693689, -22.58055641], [-48.27725755, -22.58056182], [-48.2773737, -22.580636], [-48.27741879, -22.58071621], [-48.27747426, -22.58105836], [-48.27781525, -22.58121667], [-48.2787328, -22.58146514], [-48.27949725, -22.58159361], [-48.27976263, -22.58159089], [-48.28036628, -22.58149282], [-48.28055566, -22.58140125], [-48.28079482, -22.58120219], [-48.2809722, -22.58092897], [-48.28106329, -22.58064799], [-48.28114374, -22.57971961], [-48.28128053, -22.57953324], [-48.28146796, -22.57954365], [-48.28162225, -22.5796555], [-48.2818821, -22.57998665], [-48.28200782, -22.58031556], [-48.28210339, -22.5810429], [-48.2823842, -22.58188987], [-48.28254822, -22.58224826], [-48.2827866, -22.58248429], [-48.28290996, -22.58253786], [-48.2833297, -22.58269748], [-48.283653, -22.58296386], [-48.28391274, -22.58325166], [-48.28421624, -22.5837361], [-48.28477067, -22.58416613], [-48.28492801, -22.58451722], [-48.28525781, -22.58484958], [-48.28542201, -22.58525136], [-48.28554281, -22.5854357], [-48.28569716, -22.58554665], [-48.28604822, -22.58558871], [-48.28620293, -22.58567886], [-48.28636377, -22.58585579], [-48.28655066, -22.58628685], [-48.28671208, -22.58643488], [-48.28739651, -22.58662789], [-48.28772776, -22.58683751], [-48.28807255, -22.58719896], [-48.2883162, -22.58756595], [-48.28870013, -22.58791366], [-48.28890906, -22.58801829], [-48.28905529, -22.58814443], [-48.28933384, -22.58826555], [-48.28962289, -22.58829934], [-48.29015937, -22.58845372], [-48.29101019, -22.5885403], [-48.29175702, -22.58872711], [-48.29212884, -22.58890041], [-48.29238986, -22.58912322], [-48.29259848, -22.58924228], [-48.29349847, -22.58959861], [-48.29399724, -22.58969456], [-48.2943798, -22.58971545], [-48.29503917, -22.58960299], [-48.29516353, -22.58960507], [-48.29571518, -22.58938241], [-48.29617524, -22.58907062], [-48.29659604, -22.58872926], [-48.29674613, -22.58865959], [-48.29704054, -22.58841718], [-48.2975296, -22.58816366], [-48.2977994, -22.58798674], [-48.29795245, -22.58776455], [-48.29877415, -22.58531049], [-48.29906728, -22.58468351], [-48.29928649, -22.58430987], [-48.29974233, -22.58376513], [-48.30016436, -22.58335882], [-48.30070326, -22.58299053], [-48.30108185, -22.58281545], [-48.30132056, -22.58263715], [-48.30172323, -22.58242636], [-48.30210471, -22.582106], [-48.30248104, -22.58164743], [-48.30262903, -22.58128707], [-48.30268116, -22.5810054], [-48.30254422, -22.58040008], [-48.3021187, -22.57979087], [-48.30133352, -22.57913135], [-48.30125136, -22.57895574], [-48.30124038, -22.57872265], [-48.30134454, -22.57856463], [-48.30151933, -22.57842315], [-48.3022171, -22.57833285], [-48.30248476, -22.57821371], [-48.30273887, -22.57804375], [-48.30309739, -22.57770136], [-48.303401, -22.57733636], [-48.30362794, -22.57696285], [-48.3038997, -22.57663341], [-48.30426472, -22.5763561], [-48.30488133, -22.5759891], [-48.30513657, -22.5757605], [-48.30531291, -22.57553869], [-48.30536108, -22.57546007], [-48.3054884, -22.57496121], [-48.30573392, -22.57438399], [-48.3057452, -22.57420277], [-48.30585091, -22.57396531], [-48.30600324, -22.57337931], [-48.30590993, -22.57297875], [-48.30578856, -22.57277362], [-48.30569191, -22.5724958], [-48.30574772, -22.57212481], [-48.30581033, -22.57205458], [-48.30599963, -22.57196388], [-48.30685904, -22.57200717], [-48.30733091, -22.57183362], [-48.30779948, -22.5714786], [-48.30806233, -22.57120679], [-48.30825255, -22.57107186], [-48.30893654, -22.57088745], [-48.30933828, -22.57071998], [-48.30955196, -22.57057823], [-48.30980434, -22.57049578], [-48.31026985, -22.57024903], [-48.31064275, -22.5699655], [-48.31079619, -22.56972071], [-48.31081682, -22.5694602], [-48.31056739, -22.56904167], [-48.31047, -22.56880083], [-48.31044143, -22.56866948], [-48.31045143, -22.5681542], [-48.31032567, -22.56777476], [-48.31022005, -22.56760602], [-48.30990563, -22.5672812], [-48.30986098, -22.56717845], [-48.30985191, -22.56684429], [-48.30991052, -22.56662775], [-48.310087, -22.56639868], [-48.31020641, -22.56630593], [-48.31075587, -22.56619145], [-48.31144434, -22.56612355], [-48.31153197, -22.56606631], [-48.3116207, -22.56590084], [-48.31180312, -22.56576665], [-48.31219553, -22.56567846], [-48.31286109, -22.56563902], [-48.31308975, -22.5655264], [-48.31324079, -22.56540527], [-48.31335525, -22.56516795], [-48.3133459, -22.56484828], [-48.31300834, -22.56410962], [-48.31301512, -22.5637613], [-48.31311078, -22.56363921], [-48.31330058, -22.56352596], [-48.31349172, -22.56334052], [-48.31363811, -22.56305949], [-48.31368432, -22.56268295], [-48.3138458, -22.56242479], [-48.31405265, -22.56223239], [-48.31433777, -22.56206289], [-48.31463904, -22.56181339], [-48.31498421, -22.56135427], [-48.31528783, -22.56063357], [-48.31549815, -22.55985986], [-48.3160469, -22.55897628], [-48.31623551, -22.55852176], [-48.31625457, -22.55834063], [-48.31618714, -22.55820951], [-48.31600608, -22.55787251], [-48.31568542, -22.55746727], [-48.31536264, -22.55717211], [-48.31479965, -22.55678448], [-48.31454684, -22.55649047], [-48.31439828, -22.55613146], [-48.31439923, -22.55563136], [-48.31435723, -22.55539055], [-48.31378277, -22.55479328], [-48.31367128, -22.55447912], [-48.31363109, -22.55414443], [-48.31349542, -22.55387318], [-48.31334944, -22.55378405], [-48.31284495, -22.55358698], [-48.31250554, -22.55334841], [-48.31229174, -22.55309841], [-48.3122496, -22.55281425], [-48.31250713, -22.5520639], [-48.31236708, -22.55161834], [-48.312383, -22.55119704], [-48.31250774, -22.55082903], [-48.31266892, -22.55053474], [-48.31272786, -22.55035339], [-48.31273091, -22.55019457], [-48.31270008, -22.54977974], [-48.31261304, -22.54940813], [-48.31213547, -22.54822397], [-48.31205208, -22.54771434], [-48.31206691, -22.54614663], [-48.31214652, -22.54524709], [-48.31221375, -22.54498735], [-48.31225933, -22.54429122], [-48.31241865, -22.5436909], [-48.31255639, -22.54345397], [-48.31264437, -22.54337512], [-48.31283342, -22.54329882], [-48.31349749, -22.54328102], [-48.3137179, -22.54318995], [-48.31407563, -22.54288358], [-48.31418087, -22.54271834], [-48.31429532, -22.54242958], [-48.31431629, -22.54219797], [-48.31435597, -22.5421553], [-48.31448232, -22.54215468], [-48.31455085, -22.54218021], [-48.31471277, -22.54229937], [-48.31504176, -22.54267496], [-48.31534241, -22.54285417], [-48.3156943, -22.54325184], [-48.31588324, -22.54358178], [-48.31600557, -22.54454248], [-48.31596744, -22.54490473], [-48.31582525, -22.54537447], [-48.31582923, -22.54557042], [-48.3157634, -22.54575797], [-48.31573374, -22.54608422], [-48.31541262, -22.54731286], [-48.31521503, -22.54823209], [-48.31518138, -22.54956751], [-48.31495703, -22.54986075], [-48.31486564, -22.5501138], [-48.31486202, -22.55030241], [-48.3149502, -22.55061618], [-48.31510851, -22.55092395], [-48.31521056, -22.5512741], [-48.31558802, -22.55200618], [-48.31568093, -22.55242837], [-48.3157947, -22.55262705], [-48.31602421, -22.55287009], [-48.31627981, -22.55301972], [-48.31640362, -22.55305063], [-48.31677099, -22.55304958], [-48.3177517, -22.55289173], [-48.3179545, -22.55290954], [-48.3181324, -22.55300729], [-48.31813891, -22.55307242], [-48.31792557, -22.55319974], [-48.31732167, -22.55326909], [-48.31706999, -22.5533669], [-48.3169338, -22.5535244], [-48.31690573, -22.55377037], [-48.31701852, -22.55401958], [-48.31723869, -22.55434281], [-48.31766859, -22.55472732], [-48.31800899, -22.55491444], [-48.31839921, -22.55534162], [-48.31848176, -22.55554701], [-48.31858204, -22.55609199], [-48.31871002, -22.55636608], [-48.31872308, -22.556386], [-48.31891582, -22.55651919], [-48.31927622, -22.5568809], [-48.31948155, -22.55721828], [-48.3195692, -22.55751044], [-48.31958109, -22.55769929], [-48.31961381, -22.5580194], [-48.31959955, -22.55835313], [-48.3195161, -22.55864962], [-48.3194773, -22.55904796], [-48.31932711, -22.55952481], [-48.31924644, -22.55967603], [-48.31922672, -22.5598427], [-48.31881108, -22.5607285], [-48.3181503, -22.56177723], [-48.31801338, -22.56197173], [-48.31782886, -22.5622151], [-48.31763855, -22.56235725], [-48.31705057, -22.56245668], [-48.3167886, -22.56263373], [-48.31665155, -22.56288512], [-48.31659705, -22.56323983], [-48.31644305, -22.56356406], [-48.31583688, -22.56414969], [-48.31569662, -22.56456799], [-48.31569337, -22.56473496], [-48.31578835, -22.56504887], [-48.31595186, -22.56543885], [-48.31587096, -22.56605313], [-48.31603184, -22.56642772], [-48.31626685, -22.56669071], [-48.31661858, -22.56699628], [-48.31683929, -22.5671444], [-48.31728185, -22.56737838], [-48.31776307, -22.56762291], [-48.31790837, -22.56779957], [-48.31788972, -22.56795904], [-48.31780039, -22.5681056], [-48.31765191, -22.56814372], [-48.31722689, -22.5681592], [-48.3167685, -22.56808833], [-48.31646682, -22.56795693], [-48.31618631, -22.56793778], [-48.31595059, -22.56796274], [-48.31529788, -22.56819198], [-48.31486986, -22.56846012], [-48.31440747, -22.56854716], [-48.31434447, -22.56858945], [-48.31419281, -22.56873946], [-48.31396449, -22.56923665], [-48.31388951, -22.56984561], [-48.31387953, -22.57036085], [-48.31384407, -22.57058507], [-48.31380086, -22.5708091], [-48.31344945, -22.57158766], [-48.31308657, -22.57215478], [-48.31268694, -22.57261299], [-48.31107247, -22.57401674], [-48.30995704, -22.57469491], [-48.3096385, -22.57497936], [-48.30935021, -22.57535996], [-48.30893747, -22.57609326], [-48.30879772, -22.57643212], [-48.30866062, -22.57663291], [-48.30861797, -22.5768281], [-48.30843961, -22.57715189], [-48.30838915, -22.57734692], [-48.30799305, -22.57802362], [-48.30791026, -22.57823253], [-48.30782501, -22.57861564], [-48.30780626, -22.57918133], [-48.3078861, -22.57947331], [-48.30791088, -22.57980051], [-48.30820441, -22.58080019], [-48.3083332, -22.58142701], [-48.30869051, -22.58234742], [-48.30868626, -22.58256488], [-48.3086203, -22.58275968], [-48.30838992, -22.58290834], [-48.30813099, -22.58297714], [-48.30763807, -22.5829833], [-48.30720684, -22.58306276], [-48.30707242, -22.58312638], [-48.30683514, -22.58328219], [-48.30651547, -22.58362527], [-48.30604669, -22.58403802], [-48.30501722, -22.58468872], [-48.30435691, -22.58525174], [-48.3042119, -22.58551018], [-48.30416924, -22.58570536], [-48.30417473, -22.58622089], [-48.30428412, -22.58659373], [-48.30438265, -22.58677682], [-48.30455871, -22.58696838], [-48.30477525, -22.58708041], [-48.30506347, -22.58715836], [-48.30532533, -22.58733691], [-48.30545962, -22.58768044], [-48.30540703, -22.58798466], [-48.30528619, -22.58814964], [-48.30481752, -22.58850465], [-48.30449922, -22.58882608], [-48.30437698, -22.5890632], [-48.30400529, -22.5900806], [-48.30367229, -22.5907069], [-48.30348771, -22.59095022], [-48.30330437, -22.59112859], [-48.30305152, -22.5912841], [-48.30215484, -22.5915524], [-48.30170355, -22.59186435], [-48.3014692, -22.59221606], [-48.30139043, -22.5926652], [-48.30137462, -22.59347822], [-48.30142943, -22.59385649], [-48.30142023, -22.59432844], [-48.30159464, -22.59500658], [-48.30185624, -22.59564913], [-48.30200729, -22.59592792], [-48.30226755, -22.59619315], [-48.30237425, -22.59635475], [-48.30288238, -22.59677039], [-48.30293536, -22.59684349], [-48.30304602, -22.59720099], [-48.30336733, -22.59752597], [-48.3035252, -22.59785539], [-48.30354796, -22.59828453], [-48.30376757, -22.5986872], [-48.3043673, -22.59919106], [-48.30476307, -22.59973479], [-48.30536138, -22.60036227], [-48.30552335, -22.60048144], [-48.30574798, -22.60057908], [-48.30635566, -22.60067686], [-48.30688048, -22.6006342], [-48.30778722, -22.60064942], [-48.30842273, -22.60051474], [-48.30891618, -22.60048692], [-48.30924412, -22.6005213], [-48.30959465, -22.60059306], [-48.31001983, -22.60082498], [-48.3105571, -22.60094319], [-48.31125723, -22.60153535], [-48.31141978, -22.60162566], [-48.31158347, -22.60165729], [-48.31199764, -22.60165697], [-48.31226475, -22.60161815], [-48.31286325, -22.60138805], [-48.31355497, -22.60121098], [-48.31388521, -22.60107839], [-48.31481866, -22.60097033], [-48.31527889, -22.6010006], [-48.31545628, -22.60112635], [-48.3155322, -22.60127296], [-48.31546925, -22.60206357], [-48.3154755, -22.602543], [-48.31554289, -22.60272556], [-48.31567212, -22.60288029], [-48.31591343, -22.60297095], [-48.31606209, -22.60297345], [-48.31633744, -22.60286253], [-48.31660853, -22.6026197], [-48.316819, -22.60224589], [-48.31701841, -22.6020389], [-48.31715356, -22.60193918], [-48.31764967, -22.60172268], [-48.31783667, -22.6017547], [-48.31794356, -22.60190903], [-48.31794133, -22.60202456], [-48.31788448, -22.60214727], [-48.31778928, -22.60259613], [-48.31777068, -22.60355357], [-48.31785596, -22.6040199], [-48.31800298, -22.60445834], [-48.31802338, -22.60466178], [-48.31818864, -22.60501298], [-48.31841612, -22.60536523], [-48.3190469, -22.60587677], [-48.31944711, -22.6062463], [-48.31969477, -22.60635969], [-48.32027829, -22.60650034], [-48.32065376, -22.60649217], [-48.32137522, -22.60638777], [-48.32178145, -22.60639453], [-48.32222576, -22.60649583], [-48.32270066, -22.60697587], [-48.32316408, -22.60769491], [-48.32389883, -22.60851327], [-48.32423809, -22.60876626], [-48.32464004, -22.60899775], [-48.32527815, -22.60918263], [-48.32566775, -22.60924688], [-48.32605041, -22.60926768], [-48.3262442, -22.60935126], [-48.3266025, -22.60982933], [-48.32718556, -22.61039785], [-48.32777863, -22.61090148], [-48.32846501, -22.61140668], [-48.32938619, -22.61188695], [-48.33021623, -22.61220494], [-48.33058745, -22.61241514], [-48.33172774, -22.61292787], [-48.33253556, -22.61318777], [-48.3328241, -22.61325033], [-48.33309709, -22.6132621], [-48.33341614, -22.61335497], [-48.3340796, -22.61343818], [-48.33487761, -22.61340089], [-48.33511337, -22.61332541], [-48.33540725, -22.61311183], [-48.33556762, -22.61291139], [-48.33597334, -22.6121409], [-48.33614916, -22.61194795], [-48.33663468, -22.61107046], [-48.33687607, -22.61075489], [-48.33729687, -22.61000722], [-48.33747285, -22.60980617], [-48.33769518, -22.60921497], [-48.33772825, -22.60911352], [-48.33774439, -22.60787255], [-48.33771357, -22.60745138], [-48.33765544, -22.60723918], [-48.33762836, -22.60617175], [-48.33758394, -22.60605457], [-48.33750166, -22.60588623], [-48.33716245, -22.60562692], [-48.33684357, -22.60552685], [-48.33633435, -22.60556261], [-48.33615499, -22.60553707], [-48.336058, -22.60542533], [-48.33604175, -22.605361], [-48.33612196, -22.60523231], [-48.33639761, -22.60510602], [-48.33658076, -22.60493485], [-48.33667051, -22.60476932], [-48.33681217, -22.60432846], [-48.33714712, -22.60394947], [-48.33743738, -22.60351829], [-48.33766813, -22.60329735], [-48.33784893, -22.60324981], [-48.33798788, -22.60335318], [-48.33803923, -22.60351384], [-48.33830425, -22.60399031], [-48.33834076, -22.6041146], [-48.33833461, -22.60443407], [-48.33846715, -22.60487136], [-48.33870163, -22.60526792], [-48.33896346, -22.60550425], [-48.33903948, -22.60599927], [-48.3393541, -22.60632408], [-48.33940531, -22.6064919], [-48.33959521, -22.60677762], [-48.33987358, -22.60696365], [-48.34061179, -22.60720156], [-48.34115917, -22.60720345], [-48.34171652, -22.607089], [-48.34219648, -22.60690108], [-48.34330695, -22.60613502], [-48.34472871, -22.60535967], [-48.34555889, -22.6045023], [-48.34600129, -22.60424872], [-48.34641115, -22.60406685], [-48.34704892, -22.60386614], [-48.34765246, -22.60377502], [-48.34866186, -22.60376282], [-48.34884944, -22.60376595], [-48.3491316, -22.60370472], [-48.34953369, -22.6035227], [-48.34966892, -22.6034166], [-48.34991747, -22.60307946], [-48.35014269, -22.60238542], [-48.35037751, -22.60195416], [-48.35041501, -22.6016208], [-48.35050596, -22.60138947], [-48.35060146, -22.60127551], [-48.35086321, -22.60106137], [-48.35102135, -22.60097734], [-48.35128875, -22.60092396], [-48.35153422, -22.60074658], [-48.35184009, -22.60030841], [-48.3520674, -22.59986171], [-48.35225982, -22.59961123], [-48.35293643, -22.59900496], [-48.35387927, -22.59835249], [-48.35446951, -22.59773754], [-48.35501052, -22.5972536], [-48.35593732, -22.59662973], [-48.35662008, -22.59610386], [-48.35864722, -22.59477235], [-48.35957561, -22.59406098], [-48.36027825, -22.59366629], [-48.36078262, -22.5934715], [-48.36104995, -22.59342441], [-48.36136422, -22.59330682], [-48.36168979, -22.59305762], [-48.3619134, -22.59280041], [-48.36230016, -22.59219653], [-48.36265087, -22.59185386], [-48.36277287, -22.59162385], [-48.36295628, -22.59143731], [-48.36319712, -22.59109281], [-48.36335576, -22.59057273], [-48.36345307, -22.59036402], [-48.36356605, -22.58979265], [-48.36373532, -22.58953364], [-48.3639421, -22.58934114], [-48.36427389, -22.58917235], [-48.36464915, -22.58917132], [-48.36485855, -22.5892542], [-48.36524405, -22.5895295], [-48.36539293, -22.58952475], [-48.3656217, -22.5894048], [-48.36583115, -22.58907427], [-48.36601441, -22.58889583], [-48.36628345, -22.58875489], [-48.36714127, -22.58842776], [-48.3675697, -22.58813689], [-48.36762575, -22.58805111], [-48.36764379, -22.58792052], [-48.36762474, -22.58769544], [-48.36734673, -22.58708067], [-48.36731065, -22.58693474], [-48.36732201, -22.58674622], [-48.36738013, -22.58660185], [-48.36753784, -22.58648891], [-48.36774957, -22.5864996], [-48.36808109, -22.58670091], [-48.3681754, -22.58670247], [-48.36823104, -22.58663837], [-48.36823586, -22.58638388], [-48.36816349, -22.58609923], [-48.3681678, -22.58587452], [-48.36829105, -22.58552813], [-48.3684373, -22.58524705], [-48.36859789, -22.58503213], [-48.36868936, -22.58477185], [-48.36892227, -22.58320764], [-48.36898825, -22.58219226], [-48.36915821, -22.5814837], [-48.36917914, -22.5812006], [-48.36942806, -22.58042837], [-48.36941675, -22.57979628], [-48.36918781, -22.57951628], [-48.36897984, -22.57936033], [-48.36865756, -22.57902918], [-48.36859716, -22.57888283], [-48.36863501, -22.57857832], [-48.36886628, -22.57832754], [-48.36903949, -22.57826542], [-48.36967336, -22.57821079], [-48.37044785, -22.57822349], [-48.37077713, -22.57813408], [-48.37124438, -22.57784382], [-48.3719581, -22.5773184], [-48.37208524, -22.57717515], [-48.37228443, -22.57702583], [-48.37264627, -22.57645133], [-48.3727774, -22.57614832], [-48.37283663, -22.57589566], [-48.37307214, -22.57547072], [-48.37333107, -22.57519509], [-48.37342314, -22.57510634], [-48.37360571, -22.57496398], [-48.37374986, -22.57474158], [-48.37375959, -22.5746397], [-48.37374843, -22.57440751], [-48.37349714, -22.57407665], [-48.37317127, -22.57393318], [-48.37265725, -22.57382279], [-48.3718768, -22.57376667], [-48.37164371, -22.57370507], [-48.37115159, -22.57366814], [-48.37018786, -22.57338335], [-48.3691497, -22.57287258], [-48.36784153, -22.57179136], [-48.36747863, -22.57155249], [-48.36725264, -22.57147658], [-48.36688547, -22.57146335], [-48.36659508, -22.57155337], [-48.36638419, -22.57154993], [-48.36560457, -22.571399], [-48.3652373, -22.57139297], [-48.36475203, -22.57145724], [-48.36431129, -22.57158089], [-48.36370172, -22.57158534], [-48.36314257, -22.57139474], [-48.3629939, -22.57139228], [-48.36286176, -22.57133953], [-48.36236949, -22.57130892], [-48.36160673, -22.57155095], [-48.36120805, -22.57155884], [-48.36110727, -22.57154274], [-48.36090642, -22.57137243], [-48.36089376, -22.57121967], [-48.36096663, -22.57111977], [-48.3614315, -22.57090173], [-48.36151936, -22.57083095], [-48.36181611, -22.57040702], [-48.36193242, -22.57006773], [-48.36190812, -22.56971164], [-48.36174994, -22.56938952], [-48.36127504, -22.56885901], [-48.36110774, -22.56860982], [-48.36088504, -22.56800318], [-48.36034767, -22.56748612], [-48.360124, -22.56693087], [-48.35981986, -22.56646822], [-48.35979874, -22.56635142], [-48.35983468, -22.56609834], [-48.35975276, -22.56590831], [-48.35957563, -22.56576731], [-48.35932523, -22.56574876], [-48.35913117, -22.56568056], [-48.35897806, -22.5655029], [-48.35894195, -22.56535787], [-48.35898493, -22.56514013], [-48.35930432, -22.56480415], [-48.35938009, -22.56450119], [-48.35923809, -22.56420095], [-48.35891586, -22.56386889], [-48.35881702, -22.56370027], [-48.35882048, -22.56351886], [-48.35891859, -22.56331736], [-48.35893694, -22.56317233], [-48.35875184, -22.56263218], [-48.35832156, -22.56221074], [-48.35825545, -22.56200655], [-48.35831236, -22.56187662], [-48.35846366, -22.56174096], [-48.35851251, -22.56162624], [-48.3585147, -22.56150982], [-48.35844197, -22.56124685], [-48.35846944, -22.56102972], [-48.35878796, -22.56073709], [-48.35901617, -22.56064694], [-48.35918313, -22.56050436], [-48.35937062, -22.56010122], [-48.35941277, -22.55952057], [-48.35944551, -22.55943445], [-48.35941934, -22.55835888], [-48.35930896, -22.55797973], [-48.35907191, -22.55772126], [-48.35880188, -22.55750647], [-48.35873415, -22.55738981], [-48.35873639, -22.55727343], [-48.35884893, -22.55712991], [-48.35924266, -22.55696942], [-48.35940161, -22.55684115], [-48.3597085, -22.55670084], [-48.35980426, -22.55662296], [-48.35998009, -22.55642274], [-48.36008889, -22.55601738], [-48.36004549, -22.5550291], [-48.35991293, -22.55459183], [-48.35968786, -22.55410881], [-48.36038092, -22.55303153], [-48.36040008, -22.55284316], [-48.36025997, -22.5523904], [-48.36027245, -22.55214325], [-48.36031283, -22.55206448], [-48.36048718, -22.55194369], [-48.36054362, -22.5518363], [-48.3605453, -22.55174873], [-48.3604366, -22.55133352], [-48.36044001, -22.55115211], [-48.36051343, -22.55097099], [-48.36050067, -22.55082633], [-48.36037894, -22.55063479], [-48.36029116, -22.55034354], [-48.36033693, -22.54998143], [-48.36033625, -22.54961037], [-48.3601706, -22.54927366], [-48.36013439, -22.54913587], [-48.3601381, -22.54893912], [-48.36019597, -22.54875865], [-48.36020232, -22.54842472], [-48.36045241, -22.54805152], [-48.36066789, -22.54791063], [-48.36074272, -22.5479624], [-48.36082711, -22.5480721], [-48.36087741, -22.5482914], [-48.36086742, -22.54840678], [-48.36073047, -22.54860762], [-48.36069534, -22.5488183], [-48.3607048, -22.54913802], [-48.36088554, -22.54949666], [-48.36080147, -22.54982927], [-48.36079608, -22.55011171], [-48.3608629, -22.55027981], [-48.36114563, -22.55064015], [-48.36115135, -22.55074947], [-48.36107361, -22.55110386], [-48.36107617, -22.55138014], [-48.36146316, -22.55198138], [-48.36146082, -22.55210501], [-48.36136191, -22.55240128], [-48.36144786, -22.55278726], [-48.36137124, -22.55313445], [-48.36136199, -22.55362085], [-48.36145074, -22.553913], [-48.3616856, -22.55428694], [-48.36163579, -22.55445314], [-48.3614769, -22.55458142], [-48.36144401, -22.55467473], [-48.36148483, -22.55498057], [-48.36159005, -22.55522151], [-48.3615719, -22.55530876], [-48.36106907, -22.55588817], [-48.36093084, -22.55615489], [-48.36081459, -22.55649422], [-48.36074201, -22.55703737], [-48.36067837, -22.55793002], [-48.36069692, -22.5585902], [-48.3607953, -22.55878136], [-48.3610627, -22.55908278], [-48.36107576, -22.55921389], [-48.36122556, -22.55956476], [-48.36128331, -22.55979865], [-48.36127599, -22.56018307], [-48.3612398, -22.56045059], [-48.36110157, -22.56071731], [-48.3605522, -22.56123818], [-48.36044756, -22.56142513], [-48.36043203, -22.561832], [-48.36048719, -22.56220301], [-48.36055426, -22.56240725], [-48.36077777, -22.5629697], [-48.3610174, -22.5635035], [-48.36110634, -22.5638819], [-48.36121567, -22.56416756], [-48.36131663, -22.5646341], [-48.36156279, -22.56523396], [-48.36158401, -22.56539406], [-48.3617173, -22.5657447], [-48.36183181, -22.56590635], [-48.36221733, -22.56618081], [-48.36243124, -22.56643164], [-48.36266328, -22.56700868], [-48.36267422, -22.56724807], [-48.36272686, -22.56734374], [-48.36347192, -22.5680312], [-48.36387301, -22.56830679], [-48.36440757, -22.568562], [-48.36454042, -22.56857862], [-48.36498368, -22.56873124], [-48.36572396, -22.56885262], [-48.36639539, -22.5688636], [-48.36790875, -22.56866273], [-48.36883084, -22.56867784], [-48.36912518, -22.56879191], [-48.36944141, -22.56902908], [-48.36981779, -22.56937647], [-48.37021484, -22.5698623], [-48.37056792, -22.5702093], [-48.37072256, -22.57030662], [-48.37090138, -22.57036012], [-48.37117495, -22.57038624], [-48.37198076, -22.57033446], [-48.37268417, -22.57035317], [-48.37322082, -22.57050008], [-48.37352379, -22.57062059], [-48.37370884, -22.57075446], [-48.37392622, -22.57082302], [-48.37448826, -22.57086202], [-48.37483353, -22.57080177], [-48.37518051, -22.57064764], [-48.37568766, -22.5702497], [-48.37581837, -22.56996842], [-48.37585525, -22.56966386], [-48.37603824, -22.5690864], [-48.37604046, -22.56897002], [-48.37600163, -22.56855591], [-48.37583734, -22.56814613], [-48.37576704, -22.56775319], [-48.37581876, -22.5674859], [-48.37583018, -22.56688308], [-48.37576317, -22.56626455], [-48.37560151, -22.56576809], [-48.37555884, -22.56550654], [-48.37537205, -22.565053], [-48.37535122, -22.5649218], [-48.37535451, -22.56474759], [-48.3754032, -22.56464006], [-48.375468, -22.56455356], [-48.37563398, -22.5644624], [-48.37586042, -22.56446611], [-48.37602352, -22.56452653], [-48.37632993, -22.56482223], [-48.37651073, -22.56518081], [-48.37673878, -22.56596902], [-48.37692861, -22.56626191], [-48.37700822, -22.56657555], [-48.37718315, -22.56683295], [-48.37751229, -22.56762191], [-48.37750716, -22.56830426], [-48.37765702, -22.56865517], [-48.37794748, -22.56902282], [-48.37795768, -22.56930644], [-48.37785818, -22.56958103], [-48.37785379, -22.56981298], [-48.3779516, -22.57003933], [-48.37815079, -22.57024661], [-48.37841565, -22.57027257], [-48.37884031, -22.57017754], [-48.37940035, -22.56991134], [-48.38056746, -22.56895], [-48.38082433, -22.5686274], [-48.38099847, -22.56846324], [-48.38191907, -22.56773711], [-48.38209231, -22.56767493], [-48.38251258, -22.56739833], [-48.38290647, -22.56723054], [-48.38311288, -22.56705965], [-48.38371202, -22.56677965], [-48.38412367, -22.56649566], [-48.38456518, -22.56632861], [-48.38492982, -22.56606556], [-48.38511065, -22.56601072], [-48.38545857, -22.56580608], [-48.38667237, -22.56483824], [-48.38770272, -22.56411474], [-48.38786054, -22.56404419], [-48.38805979, -22.5638371], [-48.38808531, -22.56372106], [-48.38792768, -22.56337006], [-48.38725053, -22.56278582], [-48.38705304, -22.56248471], [-48.38700467, -22.56216434], [-48.38718775, -22.56157962], [-48.38714314, -22.56141911], [-48.38702953, -22.56125748], [-48.38638421, -22.56063675], [-48.38627854, -22.56046806], [-48.38567889, -22.55989951], [-48.38542467, -22.55972114], [-48.3849328, -22.55926265], [-48.38399165, -22.5586082], [-48.38366178, -22.55826885], [-48.3831441, -22.55752739], [-48.3827128, -22.55720804], [-48.38212802, -22.55667581], [-48.38154658, -22.55602], [-48.38106753, -22.55529364], [-48.38066683, -22.55417584], [-48.38055449, -22.55394922], [-48.38034041, -22.55365507], [-48.38015484, -22.55313659], [-48.38020262, -22.55266614], [-48.38027507, -22.55258699], [-48.38043228, -22.55254622], [-48.38066443, -22.55265835], [-48.38114669, -22.55321144], [-48.38132805, -22.55354116], [-48.38189453, -22.55416695], [-48.3824127, -22.55487952], [-48.38275907, -22.55516862], [-48.38294562, -22.5552222], [-48.38303003, -22.55528229], [-48.38339795, -22.55566559], [-48.38352944, -22.55575438], [-48.3843054, -22.55604325], [-48.38460431, -22.55637494], [-48.38490675, -22.55693142], [-48.38513901, -22.55703719], [-48.38549018, -22.55707179], [-48.38578557, -22.55717863], [-48.38602247, -22.5574506], [-48.38612707, -22.55772852], [-48.38622523, -22.55788267], [-48.38645624, -22.55805342], [-48.38678451, -22.558066], [-48.38700424, -22.55801181], [-48.38739552, -22.55798113], [-48.38756734, -22.55799114], [-48.38773809, -22.55805982], [-48.38781516, -22.55814776], [-48.38784446, -22.55824301], [-48.38784416, -22.55867091], [-48.38788726, -22.55886027], [-48.38794807, -22.55898492], [-48.38816247, -22.55921318], [-48.38878735, -22.55963046], [-48.38918353, -22.55980392], [-48.38952519, -22.55988166], [-48.39000197, -22.55990386], [-48.39037816, -22.55985219], [-48.39066152, -22.55977013], [-48.39092122, -22.55965791], [-48.39121541, -22.55941533], [-48.39128004, -22.55928638], [-48.39129845, -22.55913414], [-48.39126341, -22.55893043], [-48.39106063, -22.55849837], [-48.3910875, -22.55831013], [-48.39134921, -22.55808962], [-48.39194114, -22.55777966], [-48.3921959, -22.55756532], [-48.39225469, -22.55733426], [-48.39216729, -22.55702049], [-48.3921849, -22.55691248], [-48.39235262, -22.55672563], [-48.39270926, -22.55647053], [-48.39275758, -22.55638374], [-48.39281198, -22.55597117], [-48.39273863, -22.55573796], [-48.39274706, -22.55528766], [-48.39308436, -22.55394263], [-48.39305166, -22.55320095], [-48.39285483, -22.55203684], [-48.39283116, -22.55164381], [-48.3927647, -22.55140349], [-48.39259167, -22.55104498], [-48.3925693, -22.55057972], [-48.39264445, -22.55035618], [-48.39277249, -22.55016237], [-48.39318433, -22.54986391], [-48.39375947, -22.54967013], [-48.39392326, -22.549643], [-48.3943614, -22.54965009], [-48.39463347, -22.54970595], [-48.3947801, -22.54981666], [-48.39488508, -22.55007292], [-48.39522085, -22.55051348], [-48.3953841, -22.55056761], [-48.39571969, -22.55055137], [-48.39643238, -22.55006909], [-48.39667186, -22.54984011], [-48.39784183, -22.54912603], [-48.39896182, -22.54858536], [-48.39957004, -22.54823137], [-48.40000673, -22.54790536], [-48.40032527, -22.54755391], [-48.40052913, -22.54710042], [-48.40053484, -22.54679538], [-48.40034865, -22.54630582], [-48.40019017, -22.54604957], [-48.40001167, -22.54551587], [-48.40003199, -22.54531309], [-48.40009646, -22.54519049], [-48.40019938, -22.54509103], [-48.40049056, -22.54500815], [-48.40072457, -22.54501917], [-48.40105896, -22.54511938], [-48.40205082, -22.54560751], [-48.40249553, -22.54562916], [-48.40266052, -22.54558847], [-48.40300011, -22.5454116], [-48.40318361, -22.54521147], [-48.40348698, -22.54442557], [-48.4037582, -22.54416095], [-48.40422471, -22.5438489], [-48.40460371, -22.54369522], [-48.40585961, -22.54336704], [-48.40631902, -22.54306933], [-48.40720088, -22.54273511], [-48.40745423, -22.54254328], [-48.40752639, -22.54242802], [-48.40753068, -22.54219607], [-48.40734312, -22.5417796], [-48.406889, -22.54101669], [-48.40643153, -22.54037737], [-48.40555597, -22.53954355], [-48.4052532, -22.53905209], [-48.404816, -22.53858014], [-48.40442271, -22.53830479], [-48.40407329, -22.53817635], [-48.40347197, -22.53816665], [-48.40303012, -22.53835544], [-48.40292185, -22.53832478], [-48.40284443, -22.53825765], [-48.40279312, -22.5380898], [-48.4029255, -22.53771458], [-48.40302952, -22.53755648], [-48.40338089, -22.53716314], [-48.40346231, -22.53701912], [-48.40389169, -22.53661169], [-48.40436538, -22.53632957], [-48.40454636, -22.53626661], [-48.40489108, -22.53622884], [-48.40507707, -22.53631219], [-48.40525365, -22.53648114], [-48.40532078, -22.53668621], [-48.40532494, -22.53729561], [-48.40540595, -22.53753705], [-48.40555244, -22.53765499], [-48.40613675, -22.53774475], [-48.40625279, -22.53782608], [-48.40629684, -22.5379649], [-48.4062681, -22.53825511], [-48.4062875, -22.53846579], [-48.40630931, -22.53854649], [-48.40641694, -22.53866374], [-48.40667249, -22.53876989], [-48.40717295, -22.53877071], [-48.40748197, -22.53897883], [-48.40769102, -22.53907699], [-48.40790182, -22.53908037], [-48.4080828, -22.53901741], [-48.40818643, -22.5389324], [-48.4083402, -22.53865867], [-48.40844175, -22.53821705], [-48.40843298, -22.53785399], [-48.40819537, -22.5372038], [-48.40821035, -22.53681946], [-48.40834201, -22.53642983], [-48.40855864, -22.53612098], [-48.4087067, -22.53573878], [-48.40870514, -22.53540472], [-48.40849893, -22.53474063], [-48.40850611, -22.53435616], [-48.40847144, -22.5342852], [-48.40849382, -22.53423141], [-48.40855596, -22.53418273], [-48.40868064, -22.53422087], [-48.40886498, -22.53439084], [-48.40923612, -22.53502059], [-48.40965886, -22.53538401], [-48.40999625, -22.5357379], [-48.41008633, -22.53596413], [-48.41012615, -22.53632765], [-48.41021933, -22.53638692], [-48.4106029, -22.53634979], [-48.41070297, -22.53640285], [-48.41076464, -22.5364833], [-48.41073644, -22.53669319], [-48.41029848, -22.53714379], [-48.41015166, -22.537461], [-48.41015497, -22.5377003], [-48.41023135, -22.53782517], [-48.41049276, -22.53803254], [-48.41051233, -22.53823597], [-48.41012947, -22.53865136], [-48.41003612, -22.53907053], [-48.41004445, -22.53945613], [-48.40996216, -22.54011563], [-48.41002903, -22.5402837], [-48.41012887, -22.54040085], [-48.41059788, -22.54078577], [-48.41070744, -22.54121633], [-48.41077371, -22.5414133], [-48.41082707, -22.54147192], [-48.41097446, -22.54154021], [-48.41120943, -22.54155121], [-48.41161801, -22.54142691], [-48.41223352, -22.54109555], [-48.41265021, -22.5409497], [-48.41290466, -22.54075067], [-48.4131096, -22.54065198], [-48.41348306, -22.54032397], [-48.41356147, -22.54028913], [-48.41397687, -22.54026689], [-48.41417856, -22.54034237], [-48.41438161, -22.54034565], [-48.41455529, -22.54025454], [-48.41476162, -22.54008362], [-48.41508478, -22.53995073], [-48.41532683, -22.53994736], [-48.41569272, -22.54002547], [-48.41584886, -22.54004335], [-48.4163095, -22.54004261], [-48.41658511, -22.53996037], [-48.41680694, -22.53978971], [-48.41713468, -22.53941042], [-48.41735706, -22.53920993], [-48.41797404, -22.5387992], [-48.41817969, -22.53871491], [-48.41863779, -22.53843251], [-48.41906539, -22.53811977], [-48.41937628, -22.53781243], [-48.41954617, -22.53751002], [-48.4195511, -22.53724198], [-48.41936898, -22.53694839], [-48.41894337, -22.53673845], [-48.41885118, -22.5366277], [-48.4188173, -22.53635816], [-48.41896916, -22.53618635], [-48.41910212, -22.53614518], [-48.41928827, -22.53622127], [-48.41981227, -22.53662868], [-48.42026676, -22.53659267], [-48.4206389, -22.53675119], [-48.42081824, -22.53677575], [-48.42134607, -22.5365585], [-48.42149674, -22.53645261], [-48.42170573, -22.53613636], [-48.42182458, -22.53601462], [-48.4219512, -22.53594442], [-48.42239837, -22.53583514], [-48.42257343, -22.53567095], [-48.42264648, -22.53555563], [-48.42271301, -22.53532469], [-48.42270749, -22.53520093], [-48.42267092, -22.5350776], [-48.42257138, -22.53494507], [-48.42225674, -22.53467101], [-48.42099796, -22.53385189], [-48.4201061, -22.53305401], [-48.41992036, -22.53295624], [-48.41976398, -22.53295374], [-48.41933275, -22.53299106], [-48.41901907, -22.53308715], [-48.41891705, -22.53308549], [-48.41859723, -22.53303702], [-48.41848191, -22.53296929], [-48.41836747, -22.53280043], [-48.41837165, -22.53257573], [-48.41853305, -22.53231022], [-48.41870851, -22.53212344], [-48.41863456, -22.53186859], [-48.41866876, -22.53175268], [-48.41880853, -22.53176214], [-48.41902507, -22.53187487], [-48.41920167, -22.5320447], [-48.41935352, -22.53229359], [-48.41954592, -22.53244925], [-48.42001501, -22.53246397], [-48.42012548, -22.53242963], [-48.42034406, -22.53243314], [-48.4204916, -22.53249328], [-48.42102244, -22.53295226], [-48.42148446, -22.53329371], [-48.42291443, -22.53415889], [-48.42340291, -22.53438428], [-48.42404247, -22.5344315], [-48.4246075, -22.53430246], [-48.42472681, -22.53420957], [-48.42488795, -22.53395846], [-48.42497345, -22.53353824], [-48.42511342, -22.53317038], [-48.42512429, -22.53300356], [-48.4251057, -22.53274959], [-48.42479163, -22.5319745], [-48.42481387, -22.53161195], [-48.42492771, -22.5313962], [-48.42506227, -22.53131803], [-48.42522628, -22.53127732], [-48.42549263, -22.53127436], [-48.42576413, -22.53135812], [-48.42606606, -22.53152997], [-48.4263991, -22.53170232], [-48.42669457, -22.53180184], [-48.42695931, -22.53183497], [-48.42760101, -22.53181634], [-48.42791942, -22.53188643], [-48.42819642, -22.53214539], [-48.42831694, -22.53240826], [-48.42835349, -22.53258396], [-48.42841364, -22.53264272], [-48.42861563, -22.53270373], [-48.42906932, -22.53271095], [-48.43021317, -22.53254779], [-48.43100631, -22.53232754], [-48.43124358, -22.53221578], [-48.43164818, -22.53188103], [-48.43168842, -22.53180855], [-48.43169079, -22.53167857], [-48.43154434, -22.53155976], [-48.43149206, -22.53144251], [-48.4315481, -22.5313567], [-48.43165131, -22.53129247], [-48.43181549, -22.53129509], [-48.43256975, -22.53149579], [-48.43331477, -22.53177671], [-48.43371294, -22.5317903], [-48.43380005, -22.53175558], [-48.43392684, -22.53162668], [-48.43409186, -22.53116441], [-48.43413526, -22.53091865], [-48.43413981, -22.5302507], [-48.43404281, -22.53003158], [-48.43399159, -22.52980506], [-48.43355138, -22.5291228], [-48.43355405, -22.52897748], [-48.43358649, -22.52890579], [-48.43374395, -22.52885053], [-48.43409323, -22.52898611], [-48.43420902, -22.52908272], [-48.43441941, -22.52910777], [-48.43457144, -22.52892874], [-48.43464179, -22.5284866], [-48.43472888, -22.52840129], [-48.43480794, -22.52838093], [-48.43492411, -22.52840441], [-48.43499344, -22.5284922], [-48.43504395, -22.52870422], [-48.43508107, -22.5292203], [-48.43513456, -22.52932225], [-48.43526464, -22.52943359], [-48.4355614, -22.52946721], [-48.43565483, -22.52951201], [-48.43583026, -22.52974775], [-48.43596918, -22.53022209], [-48.43609801, -22.53087681], [-48.43620269, -22.53115474], [-48.43620107, -22.53124227], [-48.43647272, -22.53174042], [-48.43668943, -22.53184499], [-48.43693983, -22.53186342], [-48.43724671, -22.5317672], [-48.43777018, -22.53173131], [-48.43798172, -22.5317491], [-48.43820579, -22.53187635], [-48.43867377, -22.53231986], [-48.43882832, -22.53242342], [-48.43901526, -22.53245529], [-48.43917248, -22.53241447], [-48.43936282, -22.53226493], [-48.43946923, -22.53202738], [-48.43945866, -22.53175821], [-48.43930099, -22.53139997], [-48.43924967, -22.5311816], [-48.43925288, -22.53100743], [-48.43928721, -22.53088431], [-48.43956761, -22.53069378], [-48.44058588, -22.53038949], [-48.44085362, -22.53025563], [-48.44108331, -22.53007783], [-48.44129643, -22.53000898], [-48.44249604, -22.52977348], [-48.44335739, -22.52970052], [-48.44377352, -22.52958348], [-48.44442136, -22.52923086], [-48.44461209, -22.52905966], [-48.44475598, -22.52884435], [-48.44490232, -22.52854876], [-48.44504543, -22.52800671], [-48.44513317, -22.52746282], [-48.4451315, -22.52670809], [-48.44484523, -22.52573759], [-48.44451359, -22.52506429], [-48.44424026, -22.52460315], [-48.44419514, -22.52452209], [-48.44383874, -22.52418502], [-48.44354031, -22.52398898], [-48.4433942, -22.52384853], [-48.44316623, -22.5235109], [-48.44253206, -22.52275331], [-48.44183864, -22.52220515], [-48.44093244, -22.52176194], [-48.44064468, -22.52166347], [-48.44002234, -22.52152991], [-48.43921035, -22.52145831], [-48.43767832, -22.52107102], [-48.43740666, -22.52094389], [-48.43712723, -22.52086631], [-48.43646844, -22.52055068], [-48.43598572, -22.52043469], [-48.43477548, -22.51998658], [-48.43459616, -22.51996204], [-48.43436296, -22.51985634], [-48.43407529, -22.51980841], [-48.43347775, -22.51959576], [-48.4326829, -22.51943772], [-48.43175249, -22.51946622], [-48.43136276, -22.51941668], [-48.43103819, -22.51920838], [-48.4308423, -22.51882069], [-48.43079941, -22.51861596], [-48.43067721, -22.51844701], [-48.43043896, -22.51824729], [-48.42974076, -22.51796083], [-48.42906725, -22.5176016], [-48.42888058, -22.51755437], [-48.42873355, -22.51746534], [-48.42845462, -22.5173661], [-48.42802563, -22.51728706], [-48.42780105, -22.51718865], [-48.42758289, -22.51716355], [-48.42714819, -22.51702564], [-48.42643044, -22.51695639], [-48.42574096, -22.51704016], [-48.42544837, -22.51720252], [-48.42525182, -22.51727157], [-48.42490805, -22.51725885], [-48.42481564, -22.51721403], [-48.42474607, -22.5171398], [-48.42469504, -22.51695755], [-48.42471728, -22.51659501], [-48.42524858, -22.51576843], [-48.42531504, -22.51553749], [-48.42531787, -22.51538497], [-48.42525974, -22.51516649], [-48.42514515, -22.51500489], [-48.42458128, -22.51465459], [-48.42445176, -22.5145144], [-48.42430732, -22.5142864], [-48.42431322, -22.51396786], [-48.42438599, -22.51381644], [-48.42454424, -22.51371696], [-48.42492779, -22.51367974], [-48.42516309, -22.51361764], [-48.42527418, -22.5135472], [-48.4254275, -22.51329595], [-48.42543986, -22.51304879], [-48.42539604, -22.51289554], [-48.42528136, -22.51274113], [-48.42501777, -22.51259882], [-48.42491851, -22.51250332], [-48.42478167, -22.51228361], [-48.42431684, -22.51209468], [-48.4241078, -22.511946], [-48.42385084, -22.51149865], [-48.42378372, -22.51134498], [-48.42377684, -22.51124376], [-48.42378279, -22.51092432], [-48.42383979, -22.51083763], [-48.42385975, -22.51059875], [-48.42379156, -22.51003072], [-48.4238728, -22.50989479], [-48.42401296, -22.50993314], [-48.42428333, -22.51007559], [-48.42458939, -22.51044339], [-48.42465596, -22.51062591], [-48.42464857, -22.51102483], [-48.42458181, -22.51127111], [-48.4245771, -22.51152471], [-48.4247209, -22.51178881], [-48.42515995, -22.51210818], [-48.4258127, -22.51232895], [-48.42647354, -22.51247765], [-48.4266364, -22.51255247], [-48.42676688, -22.5126927], [-48.42693693, -22.5132181], [-48.42706017, -22.51374996], [-48.42732706, -22.51450172], [-48.42752323, -22.51487586], [-48.4277915, -22.51518442], [-48.42816216, -22.51542325], [-48.42907697, -22.5158152], [-48.42968736, -22.51617342], [-48.4299598, -22.51625811], [-48.43053698, -22.51631065], [-48.43074093, -22.51626337], [-48.43103922, -22.51605328], [-48.43115111, -22.51604421], [-48.43136139, -22.51612794], [-48.43177589, -22.51651912], [-48.43207201, -22.51700319], [-48.43236277, -22.51772642], [-48.4326627, -22.51800747], [-48.4330973, -22.51815158], [-48.43344838, -22.51818698], [-48.43414413, -22.51818364], [-48.43470849, -22.51809066], [-48.43510726, -22.5180681], [-48.4355687, -22.51807544], [-48.43584847, -22.51813047], [-48.43653637, -22.51813419], [-48.43700713, -22.51805503], [-48.43783932, -22.51782094], [-48.4384661, -22.51776594], [-48.43930728, -22.51788765], [-48.4407203, -22.51840392], [-48.44114176, -22.51846929], [-48.44182075, -22.51848009], [-48.44225365, -22.51834884], [-48.44277589, -22.5180087], [-48.44285531, -22.51791516], [-48.44286457, -22.51741426], [-48.44257637, -22.5160736], [-48.44245471, -22.51502627], [-48.44190158, -22.51282469], [-48.44173418, -22.51173333], [-48.44174541, -22.51112321], [-48.44180112, -22.51063029], [-48.4420704, -22.50961808], [-48.44222703, -22.50918544], [-48.44242544, -22.50817208], [-48.44246901, -22.50664802], [-48.44243253, -22.50604437], [-48.4423958, -22.50592735], [-48.44241212, -22.50546358], [-48.44237803, -22.50478058], [-48.44243593, -22.5045919], [-48.4425816, -22.50433334], [-48.44275763, -22.50411133], [-48.44296382, -22.50394037], [-48.44323223, -22.50382095], [-48.44336663, -22.50369943], [-48.44344874, -22.50351205], [-48.44344096, -22.50309032], [-48.44351489, -22.50287395], [-48.44362519, -22.5028468], [-48.44378008, -22.50287816], [-48.44395746, -22.50300462], [-48.44426892, -22.50308179], [-48.44444293, -22.50296901], [-48.4444912, -22.50288221], [-48.44451152, -22.50262163], [-48.44461952, -22.50229655], [-48.44474895, -22.50207291], [-48.4450039, -22.50178719], [-48.44506983, -22.5015842], [-48.44508053, -22.50142457], [-48.44521982, -22.50108554], [-48.44542455, -22.50083693], [-48.44591346, -22.50034997], [-48.4459394, -22.50034996], [-48.4464383, -22.49954487], [-48.44652576, -22.49943885], [-48.44654866, -22.49946087], [-48.44658574, -22.49955896], [-48.44659776, -22.49969727], [-48.44659319, -22.49994639], [-48.44657123, -22.50024212], [-48.44657118, -22.50034993], [-48.44659352, -22.50034992], [-48.44653832, -22.5011868], [-48.44648103, -22.50134569], [-48.44625002, -22.50159569], [-48.44602162, -22.50170855], [-48.445841, -22.50175621], [-48.44572183, -22.50184191], [-48.44560873, -22.50202154], [-48.4455015, -22.50236108], [-48.44547955, -22.50270923], [-48.44538813, -22.5029768], [-48.44529224, -22.50311971], [-48.44501313, -22.50339876], [-48.44499438, -22.5035727], [-48.44516323, -22.50374236], [-48.44541319, -22.50378243], [-48.44581378, -22.50365881], [-48.44589794, -22.50373237], [-48.44591084, -22.50387792], [-48.44586958, -22.50400815], [-48.44566108, -22.50430185], [-48.44557965, -22.50450461], [-48.44484247, -22.50549498], [-48.44455671, -22.50613591], [-48.44446898, -22.50667976], [-48.4445187, -22.50693423], [-48.44469451, -22.50714737], [-48.44511222, -22.50736525], [-48.44575689, -22.50760029], [-48.44594168, -22.50774853], [-48.44606408, -22.50791026], [-48.44612357, -22.50805658], [-48.44611865, -22.50832458], [-48.44600565, -22.50849706], [-48.44587184, -22.50858969], [-48.44555707, -22.50869304], [-48.44483601, -22.50880528], [-48.44468593, -22.50888323], [-48.44443161, -22.50913286], [-48.44430271, -22.50932675], [-48.44417999, -22.50960827], [-48.44397797, -22.51039678], [-48.44395, -22.51064997], [-48.44391129, -22.51148443], [-48.44398212, -22.51191438], [-48.44412841, -22.5124105], [-48.44422708, -22.51259351], [-48.44437317, -22.51273306], [-48.44475244, -22.51292865], [-48.44485946, -22.51302427], [-48.4450108, -22.51330288], [-48.44501112, -22.51370914], [-48.44485275, -22.51428799], [-48.44485605, -22.51495518], [-48.44499718, -22.51573474], [-48.44522652, -22.51647138], [-48.44526232, -22.51663899], [-48.4453835, -22.5168666], [-48.4455684, -22.51700764], [-48.44602818, -22.51705105], [-48.44627263, -22.51696736], [-48.44655378, -22.51695019], [-48.44673202, -22.51703335], [-48.44683177, -22.51715768], [-48.44686791, -22.51730363], [-48.44685682, -22.51748491], [-48.44652558, -22.51806102], [-48.44644094, -22.51843701], [-48.44639426, -22.51928578], [-48.44643432, -22.51964209], [-48.4464996, -22.51989773], [-48.44661475, -22.52002953], [-48.4468471, -22.52012801], [-48.44746262, -22.52021002], [-48.44772919, -22.52019257], [-48.44804359, -22.52011091], [-48.44824847, -22.52001213], [-48.44848671, -22.51979112], [-48.44855221, -22.51961071], [-48.44876286, -22.51925113], [-48.44901828, -22.51894282], [-48.4491846, -22.51882899], [-48.4493187, -22.51877335], [-48.44963954, -22.51871253], [-48.44981356, -22.51859974], [-48.44994344, -22.51835445], [-48.44997813, -22.5181591], [-48.44992035, -22.51791894], [-48.44978282, -22.5177344], [-48.44979406, -22.51754592], [-48.44985837, -22.51743139], [-48.45000134, -22.5173172], [-48.45022967, -22.51721159], [-48.45048068, -22.51719386], [-48.45061411, -22.51712377], [-48.45066506, -22.51694313], [-48.45051331, -22.51668613], [-48.45047756, -22.51651857], [-48.45055094, -22.51633105], [-48.4507333, -22.51618861], [-48.45098453, -22.51610589], [-48.45114869, -22.51610849], [-48.45152945, -22.51622284], [-48.4516474, -22.51620306], [-48.45201805, -22.51602024], [-48.45239342, -22.51600452], [-48.45254806, -22.51610175], [-48.45267514, -22.51642969], [-48.45278207, -22.5165334], [-48.45299313, -22.51652228], [-48.45370201, -22.51622835], [-48.45387397, -22.51623109], [-48.45401282, -22.5163425], [-48.4540229, -22.51642842], [-48.45393475, -22.51657148], [-48.45375477, -22.51679614], [-48.45348919, -22.51718375], [-48.45310583, -22.51763539], [-48.45297697, -22.51787978], [-48.45282684, -22.51838565], [-48.45269697, -22.51863004], [-48.4524577, -22.51890974], [-48.45204446, -22.51929499], [-48.45192342, -22.51948267], [-48.45167718, -22.519718], [-48.45140472, -22.52005493], [-48.45102575, -22.52039121], [-48.45082601, -22.52065024], [-48.45055591, -22.52085745], [-48.45046596, -22.52096176], [-48.45027059, -22.5213875], [-48.45012687, -22.52196569], [-48.450065, -22.52237184], [-48.45007186, -22.52284411], [-48.45017495, -22.52320867], [-48.45030308, -22.52342823], [-48.45044169, -22.52355414], [-48.45084439, -22.52374198], [-48.45124987, -22.52383505], [-48.45174142, -22.52384284], [-48.45196954, -22.5238031], [-48.45226792, -22.52369137], [-48.45249773, -22.52350636], [-48.45262628, -22.52333415], [-48.4528291, -22.52292389], [-48.45303124, -22.52212816], [-48.45316249, -22.52138273], [-48.45332582, -22.52100707], [-48.45346072, -22.52085754], [-48.45365145, -22.52073688], [-48.4539177, -22.52068333], [-48.45423062, -22.52068015], [-48.45463302, -22.52046173], [-48.45480592, -22.52041388], [-48.45512782, -22.52034585], [-48.45577548, -22.52037054], [-48.45633096, -22.52033598], [-48.4572978, -22.52001724], [-48.45765723, -22.52002293], [-48.45792984, -22.52010038], [-48.45817921, -22.52011874], [-48.4587111, -22.52009826], [-48.45933307, -22.51988238], [-48.46001121, -22.51951574], [-48.46056923, -22.5193431], [-48.46193134, -22.51924812], [-48.46217467, -22.51917249], [-48.46270354, -22.51889017], [-48.46377067, -22.51866776], [-48.46438083, -22.51861869], [-48.4656302, -22.51868261], [-48.46611391, -22.51874802], [-48.46655708, -22.51884888], [-48.46675878, -22.51892518], [-48.46710699, -22.51911932], [-48.46743912, -22.51934213], [-48.46754679, -22.51946028], [-48.46773215, -22.51957965], [-48.46852238, -22.51994057], [-48.46889282, -22.52019282], [-48.46915467, -22.52043708], [-48.46967427, -22.52109073], [-48.47011273, -22.52188212], [-48.47032648, -22.5221473], [-48.47061172, -22.52238378], [-48.47104584, -22.52255763], [-48.47143609, -22.52257823], [-48.47204133, -22.52242796], [-48.47237162, -22.52227335], [-48.47264609, -22.52224875], [-48.47275508, -22.52229381], [-48.47282962, -22.5224692], [-48.4727487, -22.52264219], [-48.47265968, -22.52363565], [-48.47265888, -22.52453659], [-48.47272904, -22.52543052], [-48.4728031, -22.5256348], [-48.47281573, -22.52579479], [-48.47304932, -22.52630673], [-48.47351076, -22.52668413], [-48.47378983, -22.52683387], [-48.47423255, -22.5269645], [-48.47446667, -22.52696816], [-48.47460082, -22.5269116], [-48.47483971, -22.52665442], [-48.47506518, -22.52633116], [-48.47525137, -22.52597838], [-48.4752693, -22.52584778], [-48.47538166, -22.5256536], [-48.47544033, -22.52547309], [-48.4756721, -22.52517882], [-48.47591665, -22.52503729], [-48.47664776, -22.52480232], [-48.47709911, -22.52451148], [-48.47732597, -22.52448615], [-48.47744286, -22.52452409], [-48.4775115, -22.52459741], [-48.47755538, -22.52475065], [-48.47755784, -22.52504138], [-48.47748264, -22.52533088], [-48.47731147, -22.52571279], [-48.47699797, -22.5261728], [-48.47698033, -22.52628811], [-48.47668848, -22.5268938], [-48.47602213, -22.5278421], [-48.47538598, -22.52846313], [-48.47516932, -22.52872877], [-48.47499277, -22.52903115], [-48.47497334, -22.5291906], [-48.47503581, -22.53008443], [-48.47509243, -22.53039046], [-48.4752712, -22.53087265], [-48.47566662, -22.53146655], [-48.4758349, -22.53167232], [-48.47606631, -22.53187998], [-48.47662995, -22.53225174], [-48.47681393, -22.53245054], [-48.47693241, -22.53265036], [-48.47699861, -22.5328156], [-48.47713527, -22.53326895], [-48.47723486, -22.53463551], [-48.47732272, -22.53498538], [-48.47763546, -22.5354254], [-48.47844894, -22.53622268], [-48.47873712, -22.53672823], [-48.47888961, -22.53737701], [-48.47886515, -22.53797246], [-48.47889595, -22.53809663], [-48.47893701, -22.53819114], [-48.47899977, -22.53832032], [-48.47905624, -22.53842145], [-48.47917698, -22.53851723], [-48.47936214, -22.5386483], [-48.47949805, -22.53876416], [-48.47976993, -22.53888308], [-48.47993512, -22.53893897], [-48.48012115, -22.53902312], [-48.48025062, -22.53906487], [-48.48043642, -22.53910752], [-48.48069396, -22.53916207], [-48.48124844, -22.53918521], [-48.48180506, -22.53909283], [-48.48257867, -22.5390905], [-48.48324894, -22.53921652], [-48.48363938, -22.53922989], [-48.48396209, -22.53911936], [-48.48459287, -22.53879524], [-48.48505719, -22.53864992], [-48.48564321, -22.53864465], [-48.48627705, -22.53858141], [-48.4867762, -22.53865512], [-48.48747491, -22.53892694], [-48.48768508, -22.53896631], [-48.48797184, -22.53912337], [-48.48827174, -22.53936098], [-48.48848714, -22.53959631], [-48.48869596, -22.53970886], [-48.48883636, -22.53973995], [-48.49000041, -22.5397509], [-48.49020636, -22.53959432], [-48.49032877, -22.53932722], [-48.49028877, -22.53847704], [-48.49031686, -22.53826714], [-48.49039035, -22.53807241], [-48.4909352, -22.53734061], [-48.49101803, -22.53705844], [-48.49156819, -22.53603605], [-48.49195152, -22.53557708], [-48.49206526, -22.53536128], [-48.49232007, -22.53508179], [-48.49289962, -22.53414653], [-48.49309189, -22.5338886], [-48.493323, -22.53368183], [-48.49354883, -22.53328543], [-48.49358607, -22.53294479], [-48.49350307, -22.53280537], [-48.493349, -22.53267297], [-48.49320168, -22.53259751], [-48.49274886, -22.53253993], [-48.49239167, -22.53241065], [-48.49224709, -22.5322342], [-48.49222741, -22.53198019], [-48.49229334, -22.53182866], [-48.49238053, -22.53173523], [-48.49263471, -22.53154327], [-48.49308465, -22.53127403], [-48.49360114, -22.53081806], [-48.49402591, -22.5302216], [-48.4940926, -22.53002673], [-48.49409582, -22.52893082], [-48.49421981, -22.52857614], [-48.49438082, -22.52832496], [-48.49439214, -22.52812923], [-48.49407161, -22.52768821], [-48.49406026, -22.52745604], [-48.49414144, -22.52731917], [-48.49429965, -22.52716903], [-48.49468568, -22.52699358], [-48.49487677, -22.52685122], [-48.49488732, -22.52669883], [-48.49476707, -22.52641437], [-48.49478566, -22.52624767], [-48.49491382, -22.52608988], [-48.49519008, -22.52591268], [-48.49524675, -22.5257899], [-48.49520811, -22.52534603], [-48.49506494, -22.52503866], [-48.49502937, -22.52485666], [-48.49471809, -22.5243363], [-48.49434934, -22.52355419], [-48.49430794, -22.52326283], [-48.49435342, -22.52246459], [-48.49418323, -22.52150407], [-48.49419853, -22.52065479], [-48.49430918, -22.52017716], [-48.49459131, -22.51967327], [-48.49510014, -22.51920902], [-48.49555712, -22.5189769], [-48.49577775, -22.51892167], [-48.49618378, -22.51892798], [-48.49697412, -22.51928872], [-48.48120734, -22.49121031], [-48.47056057, -22.47224992], [-48.44787787, -22.43185524], [-48.43380486, -22.40679321], [-48.43370733, -22.40677361], [-48.43360091, -22.40643], [-48.39219126, -22.39771817], [-48.35670207, -22.39025189], [-48.35595047, -22.39058682], [-48.3555451, -22.390721], [-48.35457225, -22.39093437], [-48.35288719, -22.3909781], [-48.35211758, -22.39107021], [-48.35124495, -22.39132315], [-48.3502091, -22.39173677], [-48.34990728, -22.39183381], [-48.34883279, -22.39234069], [-48.34821841, -22.39253911], [-48.34815028, -22.39260028], [-48.3476492, -22.39281324], [-48.34736857, -22.3929702], [-48.34665496, -22.39333405], [-48.34538364, -22.39387735], [-48.34471898, -22.39411649], [-48.34408878, -22.39443202], [-48.34306614, -22.39512024], [-48.34190418, -22.3959849], [-48.3416531, -22.39611789], [-48.3410189, -22.39654254], [-48.34048794, -22.39694635], [-48.33956974, -22.39780596], [-48.33925844, -22.39804458], [-48.33906637, -22.3981389], [-48.33794171, -22.39811317], [-48.33634668, -22.39801378], [-48.33507066, -22.39798551], [-48.33173707, -22.39782847], [-48.33122826, -22.39783545], [-48.32854088, -22.39769623], [-48.32770839, -22.39767526], [-48.32743879, -22.39770959], [-48.32706198, -22.3978189], [-48.32643611, -22.39816062], [-48.32531474, -22.39892832], [-48.32497101, -22.39923679], [-48.32401095, -22.39994303], [-48.32167431, -22.40135949], [-48.32144778, -22.40152817], [-48.32050344, -22.40202253], [-48.31960589, -22.40240395], [-48.31947698, -22.4024433], [-48.31875601, -22.4026778], [-48.31808102, -22.40284624], [-48.31768579, -22.40290193], [-48.31720777, -22.40292201], [-48.31675144, -22.40287381], [-48.31541743, -22.40247609], [-48.30867553, -22.40044661], [-48.30801801, -22.40036165], [-48.30735711, -22.40035062], [-48.30557716, -22.40022615], [-48.30428504, -22.40017574], [-48.30286931, -22.40009341], [-48.30262183, -22.40008931], [-48.30199111, -22.40017624], [-48.30133887, -22.40036938], [-48.30087668, -22.40062702], [-48.30035328, -22.40103715], [-48.30015185, -22.40126126], [-48.29751593, -22.40348295], [-48.29671995, -22.40413041], [-48.2966705, -22.40422709], [-48.29653235, -22.40429428], [-48.29562723, -22.40506356], [-48.29523973, -22.40531976], [-48.29511215, -22.40539255], [-48.29487451, -22.40543188], [-48.29186785, -22.4051351], [-48.28920576, -22.4048431], [-48.28802302, -22.40470678], [-48.28767185, -22.4046937], [-48.28602765, -22.40447652], [-48.28481722, -22.40436948], [-48.28416567, -22.40427732], [-48.2840237, -22.40428939], [-48.28236488, -22.40408006], [-48.28217068, -22.404084], [-48.28149687, -22.40398599], [-48.2807204, -22.4039296], [-48.28051161, -22.40388276], [-48.27454375, -22.40325682], [-48.27134307, -22.40291215], [-48.27054492, -22.40282013], [-48.27044849, -22.402786], [-48.27026092, -22.40279816], [-48.26952156, -22.40272881], [-48.26908945, -22.40273593], [-48.26855625, -22.40269804], [-48.26786359, -22.40272245], [-48.26706587, -22.40281093], [-48.26672218, -22.40281235], [-48.26651444, -22.40286031], [-48.26530452, -22.40292645], [-48.26464714, -22.40293699], [-48.26420966, -22.40301717], [-48.26400201, -22.40301364], [-48.26386998, -22.40306377], [-48.26310386, -22.40312119], [-48.26299642, -22.40310404], [-48.26270912, -22.40315241], [-48.26175873, -22.40320222], [-48.26137095, -22.40327509], [-48.26107302, -22.40327], [-48.25951353, -22.40338983], [-48.25908849, -22.40348191], [-48.25861621, -22.4036535], [-48.25753458, -22.40420743], [-48.25643559, -22.40500027], [-48.25616611, -22.40522771], [-48.25536403, -22.40578367], [-48.25516736, -22.40595816], [-48.25509143, -22.40597129], [-48.25454664, -22.40642239], [-48.25409706, -22.40672616], [-48.25154594, -22.4086416], [-48.25060096, -22.40930251], [-48.25034848, -22.40945438], [-48.25022905, -22.40955434], [-48.24766972, -22.41153814], [-48.24167979, -22.41585989], [-48.24066226, -22.41659984], [-48.2389006, -22.41736318], [-48.23703502, -22.41817616], [-48.23638821, -22.41848099], [-48.23477313, -22.41904821], [-48.23437536, -22.41918129], [-48.23379508, -22.41931125], [-48.23344649, -22.41936399], [-48.23286251, -22.41933954], [-48.23238175, -22.41925005], [-48.23159479, -22.41908222], [-48.23039847, -22.41884866], [-48.22932802, -22.41863173], [-48.2286665, -22.41850301], [-48.22787181, -22.41833501], [-48.22670642, -22.41810922], [-48.22529759, -22.41782052], [-48.22471441, -22.41770761], [-48.22391183, -22.41754665], [-48.22332877, -22.41742649], [-48.22300661, -22.41736954], [-48.22272344, -22.41730599], [-48.22148747, -22.41706447], [-48.22069947, -22.41690378], [-48.22035318, -22.41683913], [-48.22002168, -22.41681087], [-48.21979863, -22.41689551], [-48.21626557, -22.41889988], [-48.21575366, -22.41920697], [-48.21561738, -22.41932199], [-48.21502696, -22.42039942], [-48.2127037, -22.42472368], [-48.21257913, -22.42503025], [-48.21109272, -22.42779735], [-48.21046517, -22.42878573], [-48.21017785, -22.4289279], [-48.20939775, -22.42919334], [-48.20851254, -22.42956705], [-48.20838399, -22.42968306], [-48.20819677, -22.42996598], [-48.20658977, -22.43283297], [-48.20422744, -22.43670859], [-48.20360272, -22.43755078], [-48.20299655, -22.43819379], [-48.2023606, -22.43877126], [-48.20146825, -22.43949777], [-48.20029423, -22.4401309], [-48.19968822, -22.44037765], [-48.19940952, -22.44047571], [-48.19914695, -22.44054518], [-48.19854411, -22.44068092], [-48.19824235, -22.44071993], [-48.19774335, -22.4407627], [-48.19742744, -22.44077977], [-48.19652757, -22.44071993], [-48.19531902, -22.44065467], [-48.19488572, -22.44061736], [-48.19456944, -22.44060463], [-48.19426994, -22.44057777], [-48.19366954, -22.44054478], [-48.19305375, -22.44050519], [-48.19221697, -22.44044638], [-48.19128507, -22.44038592], [-48.190425, -22.4403267], [-48.18967511, -22.44029198], [-48.1890825, -22.44025912], [-48.18831739, -22.44020965], [-48.18665878, -22.44012208], [-48.18566321, -22.44008936], [-48.18511067, -22.44004365], [-48.18421065, -22.43999089], [-48.18361901, -22.43995892], [-48.18258565, -22.4399118], [-48.18227652, -22.43989124], [-48.18203223, -22.43987166], [-48.18162842, -22.4398646], [-48.18139189, -22.43984602], [-48.18087875, -22.43982259], [-48.17989152, -22.43976114], [-48.17721531, -22.43962587], [-48.17680435, -22.43959781], [-48.15271241, -22.44884515], [-48.1314488, -22.45700687], [-48.10161174, -22.43958179], [-48.07947562, -22.42665412], [-48.03626859, -22.40142087], [-48.06529815, -22.37104345], [-48.07783058, -22.35793002], [-48.07857573, -22.3574218], [-48.07918347, -22.35708073], [-48.08067042, -22.35622574], [-48.08146747, -22.35588001], [-48.08204109, -22.35564033], [-48.08322651, -22.35523571], [-48.08481789, -22.35467678], [-48.08575827, -22.3542966], [-48.08655637, -22.35389941], [-48.08725199, -22.3534859], [-48.08807599, -22.35300884], [-48.08847809, -22.35266314], [-48.08867963, -22.35207105], [-48.08882538, -22.35150056], [-48.08918354, -22.34986161], [-48.08930011, -22.34920207], [-48.08940722, -22.34862366], [-48.0895096, -22.34785379], [-48.08960224, -22.34722363], [-48.08971841, -22.34653525], [-48.08980617, -22.34614061], [-48.08987486, -22.34586924], [-48.08992835, -22.3455841], [-48.09028223, -22.34414995], [-48.0904196, -22.34360904], [-48.09054145, -22.34306698], [-48.09063738, -22.34260657], [-48.09076242, -22.34191025], [-48.09081226, -22.34142641], [-48.09083417, -22.34111816], [-48.09086529, -22.34078837], [-48.09094127, -22.34053978], [-48.09133636, -22.34015698], [-48.09141004, -22.34001931], [-48.09151422, -22.33957981], [-48.09159511, -22.33909659], [-48.09163515, -22.33870828], [-48.09172821, -22.33801133], [-48.09182216, -22.3372711], [-48.09194874, -22.3361271], [-48.09202492, -22.33549667], [-48.09203449, -22.3350347], [-48.09220978, -22.33495664], [-48.09245589, -22.33492403], [-48.09280343, -22.33491583], [-48.09296183, -22.33490335], [-48.09318445, -22.33483423], [-48.09448403, -22.33307947], [-48.09593055, -22.33148886], [-48.09672391, -22.33056257], [-48.0971747, -22.33015904], [-48.09738182, -22.33008969], [-48.09769032, -22.33004377], [-48.09785658, -22.33002419], [-48.09838656, -22.33001201], [-48.09975269, -22.33000669], [-48.10133929, -22.33003509], [-48.10199504, -22.33003962], [-48.10299343, -22.330034], [-48.10441436, -22.32995833], [-48.105998, -22.32986299], [-48.10599544, -22.32983227], [-48.10601895, -22.32906819], [-48.10604791, -22.32884122], [-48.10604841, -22.32801809], [-48.1060537, -22.32738637], [-48.10604738, -22.32656308], [-48.10603045, -22.32620987], [-48.10603802, -22.32584262], [-48.10602273, -22.32507876], [-48.10600347, -22.32446107], [-48.10601655, -22.32420405], [-48.10598428, -22.32388756], [-48.10596151, -22.32343857], [-48.10596008, -22.32275525], [-48.10593809, -22.32227017], [-48.10594143, -22.32210871], [-48.10592419, -22.32143958], [-48.10592915, -22.32119774], [-48.10580585, -22.31988767], [-48.10573616, -22.3190335], [-48.1057124, -22.31868013], [-48.10570522, -22.31827658], [-48.1057128, -22.31790933], [-48.10571126, -22.31643178], [-48.1057047, -22.31599839], [-48.1057124, -22.31562395], [-48.10571052, -22.31496232], [-48.10572767, -22.3145077], [-48.1057727, -22.31420706], [-48.10583005, -22.31373062], [-48.10591145, -22.31321757], [-48.10600977, -22.31268322], [-48.1060778, -22.31244163], [-48.10626441, -22.31181312], [-48.10635077, -22.31148341], [-48.10670177, -22.31054918], [-48.10694927, -22.31002468], [-48.10711445, -22.30968282], [-48.10765381, -22.30878806], [-48.10781853, -22.30846785], [-48.10801026, -22.30796494], [-48.10911151, -22.30625699], [-48.10936568, -22.30578407], [-48.10957454, -22.30525164], [-48.10971058, -22.30476935], [-48.10976474, -22.30444722], [-48.10983426, -22.30413255], [-48.10987701, -22.30361161], [-48.10991118, -22.30308238], [-48.10992887, -22.30222342], [-48.10997808, -22.30138667], [-48.10998776, -22.3009166], [-48.11002248, -22.29998392], [-48.11005146, -22.29933096], [-48.11004695, -22.29841926], [-48.11001688, -22.29794846], [-48.11000876, -22.2975882], [-48.10995481, -22.29714678], [-48.10991607, -22.29672003], [-48.10945311, -22.29503659], [-48.10933449, -22.29467431], [-48.10908668, -22.29403808], [-48.10893349, -22.29379975], [-48.10866442, -22.29344208], [-48.10828587, -22.29303185], [-48.10799949, -22.29276229], [-48.10760319, -22.29246097], [-48.10721312, -22.29223378], [-48.10637453, -22.29193179], [-48.10573845, -22.29178142], [-48.1048851, -22.29177342], [-48.10400962, -22.2917578], [-48.1036859, -22.2917448], [-48.10319601, -22.29175048], [-48.1029436, -22.29176041], [-48.10163311, -22.29172255], [-48.10136551, -22.29171777], [-48.10056771, -22.29169629], [-48.1000548, -22.29168714], [-48.09961302, -22.29166386], [-48.09926653, -22.29162878], [-48.09877632, -22.29164889], [-48.09831184, -22.29159728], [-48.09781445, -22.29158839], [-48.09755492, -22.29156837], [-48.096806, -22.29148187], [-48.09444235, -22.29162277], [-48.09340867, -22.29161238], [-48.09190888, -22.2915855], [-48.09102498, -22.29155427], [-48.0904966, -22.29154479], [-48.09015757, -22.29152429], [-48.08966792, -22.29151548], [-48.08867365, -22.291476], [-48.0885001, -22.29147287], [-48.0881451, -22.29147371], [-48.08794766, -22.29145482], [-48.08701719, -22.29142367], [-48.08569085, -22.29139986], [-48.08542262, -22.29138056], [-48.0841603, -22.29135789], [-48.08347434, -22.29132298], [-48.08307214, -22.29130856], [-48.08234594, -22.29129549], [-48.08171396, -22.2912769], [-48.08143003, -22.29126458], [-48.08091718, -22.29125532], [-48.08030942, -22.29123715], [-48.07983659, -22.29121422], [-48.07950473, -22.29122265], [-48.07922872, -22.29120328], [-48.0783363, -22.29120886], [-48.07751609, -22.29119405], [-48.07614199, -22.29118373], [-48.07418452, -22.29114845], [-48.07292186, -22.29114099], [-48.07208489, -22.29114033], [-48.0710349, -22.29112139], [-48.07019059, -22.29109892], [-48.06891183, -22.29107577], [-48.06777553, -22.29105523], [-48.06730225, -22.29105392], [-48.06644908, -22.29103847], [-48.06564456, -22.29101671], [-48.06547847, -22.29102816], [-48.06471257, -22.29101428], [-48.06412859, -22.29101815], [-48.06378154, -22.29101189], [-48.06300803, -22.29099065], [-48.06139765, -22.29096148], [-48.06097174, -22.29096819], [-48.06005556, -22.2909516], [-48.05936154, -22.29093177], [-48.0590224, -22.2909184], [-48.05852485, -22.29091659], [-48.05814596, -22.29090253], [-48.05685909, -22.29089363], [-48.05682093, -22.29086405], [-48.05658392, -22.29088142], [-48.05595166, -22.29087712], [-48.05497343, -22.29085939], [-48.05336277, -22.29084549], [-48.05278657, -22.29084944], [-48.04923218, -22.29079067], [-48.00272918, -22.26538643], [-47.98138094, -22.25372405], [-47.96161156, -22.24292419], [-47.94220807, -22.20002986], [-47.9308589, -22.17494081], [-47.91975214, -22.15038765], [-47.90670622, -22.1269441], [-47.88821986, -22.09372403], [-47.87463154, -22.06930578], [-47.86119799, -22.04516564], [-47.83907653, -22.04736806], [-47.80565362, -22.05069565], [-47.76758189, -22.05448607], [-47.72662115, -22.05856413], [-47.6822576, -22.06298098], [-47.65390551, -22.06580372], [-47.62311561, -22.06886916], [-47.63734181, -22.09531535], [-47.65953245, -22.13656726], [-47.65952311, -22.13668635], [-47.6596052, -22.13676511], [-47.65957257, -22.13702434], [-47.65971066, -22.13726639], [-47.65999716, -22.1375028], [-47.66009733, -22.137675], [-47.66010017, -22.13781054], [-47.66005668, -22.13799102], [-47.65952886, -22.13866595], [-47.65940867, -22.13890024], [-47.65938181, -22.13913501], [-47.65941592, -22.13930686], [-47.65962415, -22.1395519], [-47.65992496, -22.13973418], [-47.66030278, -22.13989879], [-47.66043081, -22.13998078], [-47.66049611, -22.14010761], [-47.66049468, -22.14044191], [-47.66036536, -22.14068518], [-47.66025802, -22.14079305], [-47.65944616, -22.14133092], [-47.65932564, -22.14161038], [-47.65932199, -22.14181817], [-47.65954345, -22.14198197], [-47.66014147, -22.14212966], [-47.66031555, -22.14221188], [-47.66039561, -22.14230265], [-47.66041321, -22.14240213], [-47.66031771, -22.14275401], [-47.66027012, -22.14310618], [-47.66036558, -22.14356748], [-47.66036032, -22.14373009], [-47.66028344, -22.14382004], [-47.65961414, -22.14403338], [-47.65945895, -22.14413196], [-47.65944464, -22.14419513], [-47.65941499, -22.14422134], [-47.65942007, -22.14438062], [-47.65944391, -22.14442101], [-47.65952471, -22.14448468], [-47.65975745, -22.14459432], [-47.65985372, -22.14471228], [-47.65992834, -22.14490241], [-47.65986792, -22.14547132], [-47.65989525, -22.14567024], [-47.66002395, -22.14583355], [-47.66018119, -22.14589761], [-47.6602696, -22.14601553], [-47.66034323, -22.14616952], [-47.66035389, -22.14631414], [-47.66041178, -22.14645901], [-47.66054686, -22.14657717], [-47.66075088, -22.14662341], [-47.66094199, -22.14679608], [-47.66098419, -22.14694086], [-47.66091559, -22.14705796], [-47.66079935, -22.14712964], [-47.66031559, -22.14723554], [-47.66024686, -22.14727136], [-47.66018567, -22.14737043], [-47.66015747, -22.14752388], [-47.66020687, -22.1476687], [-47.66066928, -22.14809578], [-47.66068961, -22.14833984], [-47.6606279, -22.14842083], [-47.66056142, -22.14859215], [-47.66057298, -22.14889038], [-47.66054059, -22.14913416], [-47.66039808, -22.14934123], [-47.66032564, -22.14939506], [-47.66032657, -22.14944024], [-47.66024819, -22.14946694], [-47.66005238, -22.14967373], [-47.66005517, -22.14980927], [-47.6601506, -22.1499724], [-47.66027541, -22.15008148], [-47.66030285, -22.15025329], [-47.66019431, -22.15036115], [-47.66011723, -22.15037882], [-47.66000984, -22.15049571], [-47.65998194, -22.15069434], [-47.66005506, -22.15083929], [-47.66010751, -22.15108351], [-47.6598305, -22.15138023], [-47.65981603, -22.15147051], [-47.65984491, -22.15170558], [-47.65993465, -22.15190487], [-47.66008109, -22.15205019], [-47.66048248, -22.15234142], [-47.66052428, -22.15244103], [-47.66060321, -22.15252271], [-47.6606662, -22.15293871], [-47.66079439, -22.15309298], [-47.66121668, -22.15343852], [-47.66124112, -22.1535019], [-47.66127564, -22.15370989], [-47.66115307, -22.15382671], [-47.66086493, -22.15396073], [-47.66070356, -22.15408638], [-47.66069708, -22.15414959], [-47.66065071, -22.15420356], [-47.66065205, -22.15428489], [-47.66082151, -22.15452973], [-47.66083947, -22.15466535], [-47.66075234, -22.15504437], [-47.66091538, -22.15535242], [-47.66091121, -22.15554214], [-47.66078786, -22.15568606], [-47.66067228, -22.15575779], [-47.66036068, -22.1558555], [-47.66015242, -22.15600801], [-47.66007693, -22.15616126], [-47.6600866, -22.15626974], [-47.66015185, -22.15640561], [-47.66030258, -22.15654192], [-47.66079239, -22.15675229], [-47.66116497, -22.15698915], [-47.66132528, -22.15715263], [-47.66140898, -22.1573428], [-47.66143152, -22.15753266], [-47.6612801, -22.15770354], [-47.66107937, -22.15772056], [-47.66091944, -22.15770166], [-47.66068211, -22.15754682], [-47.66058825, -22.15752826], [-47.66047992, -22.15759997], [-47.66041585, -22.15797009], [-47.66036414, -22.15809631], [-47.66024104, -22.15820409], [-47.66006811, -22.15823029], [-47.65988266, -22.15831967], [-47.65982152, -22.15840971], [-47.65965014, -22.15848109], [-47.65937472, -22.15840737], [-47.65901938, -22.15822481], [-47.65887858, -22.15824214], [-47.65871808, -22.15842201], [-47.6586647, -22.1589277], [-47.658605, -22.15908099], [-47.65843559, -22.15922466], [-47.65816139, -22.15925033], [-47.65784027, -22.15922155], [-47.65777039, -22.15924829], [-47.65750035, -22.15949082], [-47.65727865, -22.15976072], [-47.65690781, -22.16002983], [-47.6568228, -22.16025527], [-47.65698046, -22.1605543], [-47.65701978, -22.1605635], [-47.65731455, -22.16084518], [-47.6573325, -22.1609808], [-47.65726509, -22.16110695], [-47.65721872, -22.16115188], [-47.65700772, -22.16115981], [-47.65685014, -22.16114994], [-47.65664568, -22.16107659], [-47.65653586, -22.16108505], [-47.65646545, -22.16110275], [-47.65635023, -22.16121057], [-47.6563299, -22.16136406], [-47.65640719, -22.16171684], [-47.65645484, -22.16175323], [-47.65645525, -22.16178938], [-47.65680266, -22.16198094], [-47.65694682, -22.16210819], [-47.65702041, -22.16227121], [-47.65704675, -22.16242495], [-47.65702, -22.16263262], [-47.65680142, -22.16309227], [-47.6568789, -22.1635083], [-47.65683825, -22.16381528], [-47.65672053, -22.16423932], [-47.6567383, -22.16430266], [-47.6570571, -22.16462057], [-47.65703075, -22.16486439], [-47.6568483, -22.16516164], [-47.65680316, -22.16530596], [-47.65680969, -22.16563127], [-47.65686758, -22.16578517], [-47.65693766, -22.16622827], [-47.6568864, -22.16658037], [-47.65648804, -22.16688548], [-47.65626123, -22.16729991], [-47.65559962, -22.16792891], [-47.65546436, -22.16823539], [-47.65545937, -22.16836186], [-47.65548659, -22.16856982], [-47.65551021, -22.16857897], [-47.65555276, -22.1687599], [-47.65555785, -22.16902195], [-47.65552804, -22.16913925], [-47.65530673, -22.1694363], [-47.6551073, -22.16963403], [-47.654367, -22.16983795], [-47.65392937, -22.16991696], [-47.65378959, -22.16997043], [-47.65365027, -22.17005102], [-47.65340435, -22.17031175], [-47.65324619, -22.17060004], [-47.6531807, -22.17089786], [-47.65325664, -22.1715759], [-47.65334827, -22.17226307], [-47.65332951, -22.1725521], [-47.65309932, -22.17321949], [-47.65290851, -22.17348955], [-47.65271598, -22.17363309], [-47.65227971, -22.17380251], [-47.65185943, -22.17391771], [-47.65149497, -22.17412364], [-47.65139589, -22.17426768], [-47.6512574, -22.17480906], [-47.65110408, -22.17509738], [-47.65035214, -22.17540964], [-47.64934338, -22.17588318], [-47.64914423, -22.17612607], [-47.6489091, -22.17650431], [-47.64898391, -22.17676673], [-47.64928888, -22.17716589], [-47.6492917, -22.17730144], [-47.64923171, -22.17749086], [-47.64896242, -22.17770628], [-47.64865991, -22.17789442], [-47.64855336, -22.17806553], [-47.64854412, -22.17839075], [-47.64884763, -22.17912425], [-47.64884483, -22.17938626], [-47.64879304, -22.17953055], [-47.64861015, -22.17979161], [-47.6480779, -22.18026765], [-47.64787538, -22.18056474], [-47.64794785, -22.18080908], [-47.64824731, -22.18131664], [-47.64857678, -22.18177919], [-47.6489669, -22.18213363], [-47.6491512, -22.18234241], [-47.64925711, -22.18256886], [-47.64926177, -22.1828038], [-47.6492089, -22.18292102], [-47.64880925, -22.18332549], [-47.64865682, -22.18356864], [-47.64853095, -22.18392035], [-47.64841642, -22.18450703], [-47.64804869, -22.18534536], [-47.64796105, -22.18569727], [-47.64793028, -22.18616694], [-47.64767739, -22.18687035], [-47.64749443, -22.18714048], [-47.64692164, -22.18769763], [-47.64687822, -22.1877514], [-47.64681585, -22.18857566], [-47.6468727, -22.18865511], [-47.6472073, -22.18897312], [-47.64729843, -22.18924466], [-47.64729343, -22.18937113], [-47.64724164, -22.18950638], [-47.64717939, -22.1895693], [-47.64705908, -22.18981261], [-47.64702179, -22.18995698], [-47.64704151, -22.19010165], [-47.64716352, -22.19038239], [-47.64749904, -22.19074558], [-47.64760419, -22.19090877], [-47.64764732, -22.1910897], [-47.6476267, -22.19128837], [-47.64745413, -22.19164891], [-47.64740907, -22.19177512], [-47.64740402, -22.19191067], [-47.64742105, -22.19200111], [-47.64755656, -22.19214639], [-47.647867, -22.19235585], [-47.64792029, -22.19256394], [-47.64792392, -22.19276274], [-47.64774599, -22.19310513], [-47.64756968, -22.19327587], [-47.64726092, -22.19349108], [-47.6470073, -22.19371561], [-47.64977291, -22.25194849], [-47.67350493, -22.29747307], [-47.67357249, -22.29767023], [-47.67361002, -22.29799569], [-47.67379483, -22.29855687], [-47.67398589, -22.30021129], [-47.67430671, -22.30157725], [-47.67456388, -22.30251823], [-47.67476137, -22.30308851], [-47.67488062, -22.30406492], [-47.67486396, -22.30441721], [-47.67479142, -22.30467886], [-47.6744875, -22.30537301], [-47.6740585, -22.30607556], [-47.67380476, -22.30659829], [-47.6735768, -22.30686818], [-47.67331706, -22.3070747], [-47.6730891, -22.30733555], [-47.67301469, -22.30750684], [-47.67288565, -22.30807539], [-47.67272723, -22.30829142], [-47.67252858, -22.30842593], [-47.67242367, -22.30861513], [-47.67234323, -22.30887673], [-47.67231589, -22.3090844], [-47.67220595, -22.3094091], [-47.67205328, -22.30956192], [-47.67197659, -22.30959766], [-47.67112647, -22.30978302], [-47.67092729, -22.30989946], [-47.67084452, -22.31004359], [-47.67082947, -22.31043203], [-47.67102342, -22.31129137], [-47.67103821, -22.31206852], [-47.67107238, -22.31224037], [-47.67120325, -22.31258438], [-47.67133728, -22.31310911], [-47.67167933, -22.31396921], [-47.67181618, -22.3142229], [-47.67190821, -22.31456672], [-47.67195171, -22.31603069], [-47.67192634, -22.31631968], [-47.67194068, -22.31706968], [-47.67204924, -22.31790147], [-47.67205617, -22.31826292], [-47.67192495, -22.31869593], [-47.67162529, -22.31928168], [-47.67143724, -22.31956984], [-47.67113338, -22.31993871], [-47.67085721, -22.32045234], [-47.6707707, -22.3208133], [-47.67076569, -22.32134635], [-47.67081702, -22.3215996], [-47.67098021, -22.32201606], [-47.67096162, -22.32228702], [-47.67083965, -22.32238578], [-47.67067785, -22.32243916], [-47.6705626, -22.32252892], [-47.67052516, -22.32260101], [-47.67052749, -22.32271848], [-47.6706242, -22.32289064], [-47.67122677, -22.3236256], [-47.67130912, -22.32386094], [-47.67134468, -22.32410507], [-47.67131616, -22.32421335], [-47.67122457, -22.32430323], [-47.67069403, -22.32451734], [-47.67058771, -22.32463425], [-47.6703999, -22.3249857], [-47.67028984, -22.32531943], [-47.67021505, -22.32544554], [-47.67003974, -22.32563437], [-47.66960384, -22.32595739], [-47.6689053, -22.32635133], [-47.66871144, -22.32659428], [-47.66860448, -22.32681961], [-47.66856328, -22.32710852], [-47.66860117, -22.32747012], [-47.66850122, -22.32835506], [-47.66831915, -22.32895947], [-47.66825107, -22.32948321], [-47.66829036, -22.3299171], [-47.6683574, -22.33017947], [-47.66875877, -22.33086822], [-47.66912448, -22.33132186], [-47.66969292, -22.33188498], [-47.66985254, -22.33209361], [-47.6699782, -22.33219365], [-47.67026406, -22.33250232], [-47.67086185, -22.33333664], [-47.67130131, -22.33405273], [-47.67158623, -22.3344156], [-47.67160336, -22.33470482], [-47.67150199, -22.33480368], [-47.67129443, -22.334902], [-47.67119023, -22.33507313], [-47.67131371, -22.33543517], [-47.67130758, -22.33554356], [-47.67108704, -22.33578638], [-47.6706329, -22.33600088], [-47.67037269, -22.33617121], [-47.67029779, -22.33631539], [-47.67033242, -22.33651434], [-47.67043791, -22.33674076], [-47.67048125, -22.33700301], [-47.67037999, -22.337391], [-47.67024684, -22.33773365], [-47.66996907, -22.33820209], [-47.66983031, -22.3386712], [-47.66974563, -22.33913156], [-47.66981825, -22.34008063], [-47.66973918, -22.34041452], [-47.66919974, -22.34098999], [-47.66891217, -22.34136798], [-47.66872666, -22.34183686], [-47.66870041, -22.3420626], [-47.66871237, -22.34229758], [-47.66881137, -22.34259625], [-47.66907546, -22.3429952], [-47.66958519, -22.34333214], [-47.66986998, -22.34362273], [-47.67010072, -22.34392208], [-47.67039219, -22.34451991], [-47.67071759, -22.34491913], [-47.67143811, -22.34564566], [-47.67176476, -22.34614428], [-47.67219338, -22.34664342], [-47.67227538, -22.34684261], [-47.67228694, -22.34704145], [-47.67222868, -22.347249], [-47.67171207, -22.34826732], [-47.671207, -22.3489785], [-47.67102611, -22.34928476], [-47.67095261, -22.34949219], [-47.67091746, -22.35009737], [-47.67086703, -22.35030492], [-47.67069647, -22.35071062], [-47.67039538, -22.35121508], [-47.67026123, -22.35152154], [-47.67011607, -22.35203584], [-47.66970152, -22.35304564], [-47.66965898, -22.35325323], [-47.66967188, -22.35353339], [-47.66980782, -22.35375094], [-47.67029606, -22.35413293], [-47.67058842, -22.35457716], [-47.67069484, -22.35464999], [-47.67092072, -22.35475054], [-47.67103961, -22.35486861], [-47.67101185, -22.35504014], [-47.67076447, -22.35509307], [-47.67068022, -22.35517396], [-47.67065859, -22.35523709], [-47.67081445, -22.35567158], [-47.67083332, -22.35587045], [-47.67081385, -22.35607821], [-47.67063964, -22.35668267], [-47.67042227, -22.35709716], [-47.67014759, -22.35734873], [-47.66992505, -22.35750118], [-47.66949202, -22.35753509], [-47.66932224, -22.35759746], [-47.66907302, -22.35795758], [-47.66901149, -22.3579934], [-47.6686324, -22.35803662], [-47.66851806, -22.35817156], [-47.66847968, -22.35900259], [-47.6686036, -22.35980736], [-47.66854852, -22.36059318], [-47.66843899, -22.36093596], [-47.66790272, -22.3616831], [-47.66771543, -22.36203451], [-47.66767898, -22.36254932], [-47.66763422, -22.36282015], [-47.6675831, -22.36304576], [-47.66758087, -22.36321742], [-47.66763071, -22.36340741], [-47.6678037, -22.36382393], [-47.66788322, -22.36392372], [-47.66850641, -22.36448712], [-47.66857264, -22.36468629], [-47.66855369, -22.36491207], [-47.66833393, -22.36520909], [-47.66829787, -22.36535347], [-47.66829691, -22.36571487], [-47.66825394, -22.36589535], [-47.66808726, -22.36605712], [-47.66776437, -22.36623616], [-47.66646474, -22.36650049], [-47.66594611, -22.36692245], [-47.66556782, -22.36703795], [-47.66548408, -22.36712787], [-47.66544194, -22.3673716], [-47.66587996, -22.36834063], [-47.66623277, -22.36893878], [-47.66632229, -22.36920131], [-47.66635832, -22.36946351], [-47.66634268, -22.36985194], [-47.66622914, -22.37035733], [-47.66619211, -22.3708631], [-47.66641095, -22.371831], [-47.666424, -22.3720841], [-47.66635965, -22.37239091], [-47.66627834, -22.37258023], [-47.66606754, -22.3729044], [-47.66586828, -22.37342741], [-47.66582519, -22.37443917], [-47.66590843, -22.37473776], [-47.6661416, -22.37513652], [-47.66651265, -22.37553599], [-47.66700953, -22.375909], [-47.66764498, -22.37625562], [-47.66781099, -22.37641911], [-47.66805065, -22.37675465], [-47.66857715, -22.37714589], [-47.66927746, -22.37761933], [-47.66935745, -22.37774624], [-47.6694116, -22.37813507], [-47.66931539, -22.37838756], [-47.66918723, -22.37859471], [-47.66885051, -22.37885499], [-47.66845647, -22.37895234], [-47.66780681, -22.37904837], [-47.66726656, -22.37922628], [-47.66639928, -22.37982824], [-47.66591077, -22.38012387], [-47.66561376, -22.38040242], [-47.66530547, -22.38094113], [-47.66519701, -22.38136884], [-47.66487467, -22.38198157], [-47.66485597, -22.38218386], [-47.66490612, -22.38240639], [-47.66513679, -22.38266238], [-47.66535649, -22.38280266], [-47.66548454, -22.38299578], [-47.66549458, -22.38310425], [-47.66519099, -22.38350565], [-47.66518544, -22.38362127], [-47.66525985, -22.38385115], [-47.66544307, -22.38407979], [-47.66552378, -22.38423019], [-47.66551193, -22.38442439], [-47.66532973, -22.38467282], [-47.66518728, -22.38493501], [-47.66507735, -22.3852832], [-47.66504461, -22.3855586], [-47.66500637, -22.38561713], [-47.66481275, -22.38566311], [-47.66464851, -22.38550776], [-47.66449234, -22.38546629], [-47.66434762, -22.38562094], [-47.66440631, -22.38587966], [-47.66454854, -22.38597797], [-47.66475059, -22.38598264], [-47.66479542, -22.38596028], [-47.66497563, -22.38604344], [-47.66512933, -22.38633607], [-47.66525588, -22.3864569], [-47.66529129, -22.38670917], [-47.66526086, -22.38676051], [-47.66496556, -22.38675085], [-47.66481161, -22.38682504], [-47.66482328, -22.38698412], [-47.66509803, -22.38718161], [-47.6651018, -22.38736233], [-47.66515919, -22.38751262], [-47.66520583, -22.38751196], [-47.66543415, -22.38767487], [-47.66542301, -22.38791244], [-47.66513619, -22.38794529], [-47.66498827, -22.38830954], [-47.66475755, -22.38838515], [-47.66471162, -22.38842918], [-47.66469906, -22.38858091], [-47.66473935, -22.38866695], [-47.66498442, -22.38895193], [-47.66502471, -22.38903797], [-47.66499819, -22.38924745], [-47.66492885, -22.38930673], [-47.66473717, -22.38935362], [-47.66440935, -22.38925795], [-47.66426934, -22.38927439], [-47.66420093, -22.38933999], [-47.66417273, -22.389507], [-47.66423709, -22.38962841], [-47.66431634, -22.38969839], [-47.66436045, -22.38995793], [-47.664253, -22.39005315], [-47.66412951, -22.39006967], [-47.6640687, -22.39016513], [-47.66405773, -22.39037469], [-47.66398843, -22.39042583], [-47.66356035, -22.39036126], [-47.66345236, -22.39038419], [-47.6633908, -22.39044351], [-47.66326686, -22.39085668], [-47.66325864, -22.39125419], [-47.6633541, -22.39137575], [-47.66335633, -22.39149051], [-47.6632506, -22.39162188], [-47.66320836, -22.39186109], [-47.66299585, -22.39213918], [-47.66287066, -22.39243669], [-47.66269884, -22.39321915], [-47.66270199, -22.39334114], [-47.66290127, -22.39364847], [-47.6630702, -22.39399269], [-47.66309015, -22.39423042], [-47.66298459, -22.39433378], [-47.66282992, -22.3943646], [-47.66279168, -22.39442313], [-47.66276519, -22.39462628], [-47.66266635, -22.39474323], [-47.66256596, -22.39479511], [-47.66250377, -22.39479659], [-47.66237655, -22.39462517], [-47.66228664, -22.39438797], [-47.66221512, -22.39432436], [-47.66215302, -22.39431138], [-47.66207688, -22.39436972], [-47.66200905, -22.39450128], [-47.66197461, -22.3947333], [-47.66186174, -22.39492246], [-47.66161453, -22.39499074], [-47.66153901, -22.39510781], [-47.66158316, -22.39535922], [-47.66175845, -22.39561673], [-47.66175369, -22.39576127], [-47.66138645, -22.3960774], [-47.66128747, -22.39654129], [-47.66109551, -22.39663155], [-47.66100151, -22.3965895], [-47.66081752, -22.39632561], [-47.66069336, -22.39629153], [-47.66062411, -22.39633544], [-47.6605811, -22.39653851], [-47.66084505, -22.39691666], [-47.66098707, -22.39705112], [-47.66099067, -22.39726076], [-47.66083608, -22.39727712], [-47.660513, -22.3970369], [-47.66044303, -22.39703835], [-47.66029679, -22.3971198], [-47.66025943, -22.39719279], [-47.66027252, -22.39743862], [-47.6603391, -22.39767569], [-47.66029321, -22.3977125], [-47.66013849, -22.39775145], [-47.65995747, -22.39763846], [-47.65965633, -22.3973044], [-47.65950637, -22.3971979], [-47.65938279, -22.39722888], [-47.65931583, -22.3973749], [-47.65933435, -22.39752588], [-47.6594156, -22.39774858], [-47.65941164, -22.39792203], [-47.65925855, -22.39801158], [-47.65912648, -22.39799915], [-47.65889401, -22.39803859], [-47.65877895, -22.39810576], [-47.6584507, -22.3984004], [-47.65837513, -22.39852378], [-47.65837806, -22.39868192], [-47.65844327, -22.39882501], [-47.65840896, -22.39903536], [-47.65831696, -22.39914511], [-47.65816241, -22.39915514], [-47.6580287, -22.3990921], [-47.65783942, -22.39890046], [-47.65765209, -22.39886696], [-47.65750584, -22.39894932], [-47.65734323, -22.39932704], [-47.65728258, -22.39939358], [-47.65706487, -22.39940419], [-47.65666008, -22.39933882], [-47.65652947, -22.3994059], [-47.65639944, -22.39953804], [-47.65636584, -22.39979085], [-47.65647347, -22.40015011], [-47.65681866, -22.40075006], [-47.65707261, -22.40101341], [-47.65718221, -22.40104741], [-47.65732907, -22.40102379], [-47.65764571, -22.40056374], [-47.65777778, -22.40057618], [-47.6578561, -22.40063983], [-47.65789034, -22.40076199], [-47.65784461, -22.40125327], [-47.65786246, -22.40135456], [-47.65794864, -22.4014038], [-47.65802643, -22.40139517], [-47.65810262, -22.40132871], [-47.65825701, -22.4008642], [-47.65831775, -22.4007832], [-47.65839548, -22.4007827], [-47.6584902, -22.40086722], [-47.65863176, -22.40139924], [-47.65883657, -22.40191622], [-47.65943643, -22.40250484], [-47.6597362, -22.40274493], [-47.65990021, -22.40294005], [-47.66000011, -22.40313121], [-47.6601169, -22.40358358], [-47.66031014, -22.40392612], [-47.66042489, -22.40423482], [-47.66028947, -22.40445367], [-47.6601892, -22.40448477], [-47.66002514, -22.40445862], [-47.65983652, -22.40431668], [-47.65961728, -22.40425591], [-47.65948675, -22.40430853], [-47.65940576, -22.40452676], [-47.65946151, -22.40462644], [-47.65944582, -22.40497331], [-47.65957212, -22.40513751], [-47.65956038, -22.40531093], [-47.6594087, -22.40548722], [-47.65927036, -22.40554704], [-47.65917716, -22.4055339], [-47.65911425, -22.40549201], [-47.65869894, -22.40491339], [-47.65855825, -22.40488013], [-47.65842905, -22.40503396], [-47.65842434, -22.40517037], [-47.65868195, -22.40563522], [-47.65867701, -22.40580867], [-47.65861717, -22.40590323], [-47.6585316, -22.40591182], [-47.65828136, -22.40583642], [-47.65813373, -22.4058248], [-47.65791902, -22.40597999], [-47.65782242, -22.40620537], [-47.65782606, -22.40640777], [-47.65799113, -22.40691009], [-47.65793894, -22.40862923], [-47.65788477, -22.40907077], [-47.65782643, -22.40923671], [-47.65764569, -22.40955742], [-47.65742501, -22.40973426], [-47.65722513, -22.40984615], [-47.65676175, -22.40998377], [-47.65638928, -22.41003332], [-47.65521124, -22.41008136], [-47.65493202, -22.41013591], [-47.65446948, -22.41029521], [-47.65349987, -22.41074459], [-47.65328532, -22.41087086], [-47.65320125, -22.41095173], [-47.65310475, -22.41116174], [-47.65310621, -22.41124126], [-47.65317835, -22.41136271], [-47.65367599, -22.41182432], [-47.65391437, -22.41209482], [-47.65405003, -22.4123169], [-47.65416978, -22.41292018], [-47.65414461, -22.41322363], [-47.65405725, -22.41352856], [-47.65387985, -22.41393602], [-47.65369141, -22.41424223], [-47.65341812, -22.41459949], [-47.65327645, -22.41488426], [-47.65310092, -22.4154643], [-47.65308485, -22.415869], [-47.65319549, -22.41637194], [-47.65330569, -22.4172661], [-47.65321753, -22.41754121], [-47.65302916, -22.41783387], [-47.65286969, -22.41800921], [-47.65213452, -22.41856914], [-47.65197509, -22.41873816], [-47.65173376, -22.41911005], [-47.65173054, -22.41931965], [-47.6518189, -22.41949178], [-47.65192139, -22.41957635], [-47.65222502, -22.41966559], [-47.65244189, -22.41964053], [-47.65276615, -22.41953382], [-47.65309196, -22.41949216], [-47.65331032, -22.41953939], [-47.65363892, -22.41967845], [-47.65396689, -22.41975969], [-47.65440036, -22.41975293], [-47.65483422, -22.41968021], [-47.65522374, -22.41971027], [-47.65566487, -22.42004146], [-47.65588691, -22.42028387], [-47.65605649, -22.42068502], [-47.65608504, -22.42094448], [-47.65589815, -22.42131575], [-47.65517092, -22.42184682], [-47.65495552, -22.4219514], [-47.65476966, -22.42199108], [-47.65447287, -22.42189466], [-47.65382687, -22.42137174], [-47.6536388, -22.42129576], [-47.65348343, -22.42127597], [-47.65313717, -22.42148376], [-47.65274887, -22.42189373], [-47.65249194, -22.42227366], [-47.65232459, -22.42246433], [-47.6520814, -22.42266363], [-47.65143565, -22.42305687], [-47.65127693, -22.42326836], [-47.65125723, -22.42347065], [-47.65129058, -22.42357834], [-47.65155522, -22.4240071], [-47.65170323, -22.42443796], [-47.65180715, -22.42460927], [-47.65199672, -22.42475845], [-47.65213664, -22.4247628], [-47.65238152, -22.42460688], [-47.65254868, -22.42444603], [-47.65298826, -22.42423601], [-47.65317398, -22.42421892], [-47.65340168, -22.42433035], [-47.65348925, -22.42447356], [-47.65343147, -22.42470546], [-47.65292745, -22.42512476], [-47.6521812, -22.42590238], [-47.65206916, -22.42610689], [-47.65199734, -22.426411], [-47.65200874, -22.42661254], [-47.65213979, -22.42695657], [-47.65217373, -22.42712932], [-47.65215959, -22.42721598], [-47.65192522, -22.4275599], [-47.65189638, -22.42766817], [-47.65195287, -22.42860542], [-47.65182847, -22.42940167], [-47.65157921, -22.42995602], [-47.65118562, -22.43043101], [-47.65076573, -22.43075677], [-47.65033619, -22.43106983], [-47.6498358, -22.43152528], [-47.64971616, -22.43169993], [-47.64959494, -22.43181584], [-47.64945857, -22.43234368], [-47.64942852, -22.43264891], [-47.64930566, -22.4333494], [-47.64928692, -22.4335544], [-47.64919897, -22.43426862], [-47.64921997, -22.43448919], [-47.64926163, -22.43514627], [-47.64936913, -22.4353682], [-47.64976077, -22.43585275], [-47.65027046, -22.43610481], [-47.6510279, -22.43637083], [-47.65207355, -22.43671154], [-47.65242824, -22.43688147], [-47.65255913, -22.43693456], [-47.65289533, -22.43710709], [-47.65304412, -22.43725425], [-47.65304619, -22.43755152], [-47.65298269, -22.43776532], [-47.65281667, -22.43805538], [-47.65254111, -22.43845599], [-47.65238626, -22.43866841], [-47.65221953, -22.43891419], [-47.65218973, -22.43917877], [-47.65233526, -22.43938192], [-47.65252362, -22.43957265], [-47.65286467, -22.43974883], [-47.65352328, -22.43996914], [-47.65394107, -22.44015294], [-47.65405253, -22.44020593], [-47.65497094, -22.44069775], [-47.65533735, -22.4408605], [-47.65555955, -22.4409231], [-47.65596997, -22.44088098], [-47.6561699, -22.44076819], [-47.65627974, -22.44076605], [-47.65644667, -22.44080759], [-47.65661165, -22.44100993], [-47.65672371, -22.44128338], [-47.65673117, -22.44149575], [-47.65670229, -22.44161035], [-47.65662947, -22.44175724], [-47.65642377, -22.44201909], [-47.65606766, -22.44240212], [-47.65592944, -22.44259565], [-47.65606608, -22.44282225], [-47.65611905, -22.44290294], [-47.65594118, -22.44306374], [-47.65495816, -22.44344258], [-47.65475873, -22.44363127], [-47.65466176, -22.44391537], [-47.65471382, -22.44414514], [-47.65480149, -22.44443292], [-47.65500503, -22.44468788], [-47.65528089, -22.44487726], [-47.65535722, -22.44495355], [-47.65541244, -22.44514268], [-47.65541931, -22.4452927], [-47.65563121, -22.44577177], [-47.65579171, -22.44591175], [-47.65604036, -22.44594107], [-47.65641243, -22.44581381], [-47.65666599, -22.44583502], [-47.65678514, -22.4459025], [-47.65686988, -22.44603305], [-47.65689638, -22.44615065], [-47.65702505, -22.44657146], [-47.65696236, -22.44697229], [-47.6568213, -22.44731309], [-47.65668349, -22.44759788], [-47.65638149, -22.44787097], [-47.65602293, -22.44801455], [-47.65553493, -22.44802284], [-47.65505768, -22.44802305], [-47.6548291, -22.44804895], [-47.65443879, -22.44813725], [-47.65413915, -22.44833988], [-47.65400402, -22.44850361], [-47.65396712, -22.44865882], [-47.65398587, -22.44877186], [-47.65413222, -22.44900031], [-47.65437881, -22.44921032], [-47.65469369, -22.44937822], [-47.65528594, -22.44965058], [-47.65562581, -22.44986559], [-47.65611037, -22.44994312], [-47.65635044, -22.44994619], [-47.6565868, -22.44992032], [-47.65676151, -22.44996099], [-47.65682942, -22.44998303], [-47.65713563, -22.45006411], [-47.65714675, -22.45003868], [-47.65717327, -22.45000576], [-47.6573891, -22.44991556], [-47.65811685, -22.44978075], [-47.65825247, -22.44976232], [-47.65842633, -22.44976117], [-47.65856692, -22.44980225], [-47.65881047, -22.44994262], [-47.65918215, -22.45028316], [-47.65980207, -22.45101676], [-47.66006881, -22.45114961], [-47.66021727, -22.45119497], [-47.66041052, -22.45119446], [-47.66058667, -22.4510616], [-47.66065648, -22.45095121], [-47.66070621, -22.45081322], [-47.66072566, -22.4506116], [-47.66069996, -22.45007759], [-47.66059166, -22.44928591], [-47.66059577, -22.44909808], [-47.66064846, -22.44901055], [-47.66073608, -22.44891524], [-47.6608475, -22.44885558], [-47.66092708, -22.44884883], [-47.66102663, -22.44887431], [-47.66115213, -22.44893723], [-47.6617234, -22.44996685], [-47.66182695, -22.45010233], [-47.662079, -22.45027871], [-47.66235228, -22.45040421], [-47.66347397, -22.45055903], [-47.66403529, -22.45070865], [-47.66435022, -22.45092731], [-47.66466823, -22.45130476], [-47.66488587, -22.45151419], [-47.66501598, -22.45161228], [-47.66513791, -22.4516924], [-47.66531516, -22.45176891], [-47.66548759, -22.45179762], [-47.66570693, -22.45178865], [-47.66804262, -22.45113343], [-47.66837211, -22.45089691], [-47.66849947, -22.45064924], [-47.6684544, -22.45032499], [-47.66835624, -22.45006667], [-47.66818041, -22.44980961], [-47.66793411, -22.4495248], [-47.66731146, -22.44900887], [-47.66716322, -22.44892638], [-47.66705756, -22.44883696], [-47.66698611, -22.4487542], [-47.66697765, -22.44861715], [-47.66705327, -22.44850751], [-47.66730013, -22.44841687], [-47.668044, -22.44836839], [-47.66903892, -22.44838806], [-47.67015944, -22.44853563], [-47.67040789, -22.44852425], [-47.6708023, -22.44843114], [-47.67101672, -22.44826868], [-47.67113528, -22.44797064], [-47.67113143, -22.44736495], [-47.67097499, -22.44690541], [-47.67089743, -22.44609789], [-47.67094291, -22.44563582], [-47.67117597, -22.44482314], [-47.67155156, -22.44420313], [-47.67173353, -22.44396996], [-47.67207779, -22.44368981], [-47.67239366, -22.44355461], [-47.67285927, -22.4435252], [-47.67595782, -22.44387019], [-47.67639996, -22.44373281], [-47.67658638, -22.44352659], [-47.67662175, -22.44334727], [-47.67654812, -22.44315354], [-47.67621392, -22.44279346], [-47.67611984, -22.44269843], [-47.67605228, -22.4426165], [-47.67603182, -22.44256267], [-47.67604346, -22.44236029], [-47.67610282, -22.44221572], [-47.67628664, -22.44202679], [-47.6763773, -22.44194402], [-47.67645896, -22.44174768], [-47.67654386, -22.44131304], [-47.67670098, -22.44099985], [-47.67690869, -22.44089531], [-47.67721884, -22.44091179], [-47.6776874, -22.44104125], [-47.67861042, -22.44137257], [-47.67976148, -22.44149066], [-47.68104921, -22.44144032], [-47.68170214, -22.44145844], [-47.68216734, -22.44141456], [-47.68251533, -22.44132937], [-47.68295766, -22.44095367], [-47.6831632, -22.44073362], [-47.68326009, -22.44052263], [-47.6832773, -22.44020546], [-47.68321146, -22.44001159], [-47.68314749, -22.43991872], [-47.68291077, -22.43972774], [-47.68256687, -22.4395673], [-47.68205264, -22.43948919], [-47.68163896, -22.43938774], [-47.68124996, -22.43895369], [-47.68108855, -22.43863955], [-47.6810358, -22.4383227], [-47.68107632, -22.43800426], [-47.68123327, -22.43768391], [-47.68163923, -22.43718246], [-47.68170427, -22.4371272], [-47.68181825, -22.43709557], [-47.68194451, -22.43710158], [-47.68204722, -22.4371378], [-47.68214083, -22.43720662], [-47.68216745, -22.43727836], [-47.68216683, -22.43735068], [-47.68200157, -22.43764219], [-47.68175156, -22.43797137], [-47.68168646, -22.43822519], [-47.68170329, -22.43839009], [-47.6817468, -22.43853474], [-47.68183507, -22.4386777], [-47.68197652, -22.43876107], [-47.6821484, -22.43881602], [-47.68264673, -22.43887272], [-47.68342107, -22.43879488], [-47.6838847, -22.43866529], [-47.68450502, -22.43860442], [-47.68518725, -22.43858587], [-47.68570194, -22.43868473], [-47.68621748, -22.43883503], [-47.6864727, -22.43887317], [-47.68671465, -22.43888446], [-47.68731822, -22.43875891], [-47.68750942, -22.43860409], [-47.6876663, -22.43827738], [-47.68774975, -22.43817488], [-47.68788798, -22.4380931], [-47.68812138, -22.43811092], [-47.6882671, -22.43828153], [-47.68832897, -22.43840355], [-47.6883923, -22.4388638], [-47.68861262, -22.43946673], [-47.68879008, -22.43980318], [-47.68900472, -22.44005952], [-47.68944688, -22.44042687], [-47.68968924, -22.4405094], [-47.69010035, -22.44047367], [-47.69042288, -22.44033114], [-47.69050767, -22.44024752], [-47.69061317, -22.44012657], [-47.69083067, -22.43972578], [-47.69080873, -22.43939401], [-47.69072749, -22.43925727], [-47.69045642, -22.43885013], [-47.69037814, -22.43876753], [-47.69031172, -22.4386467], [-47.690262, -22.43848417], [-47.6902538, -22.43836426], [-47.69036632, -22.4381529], [-47.69110402, -22.43738236], [-47.69122851, -22.43734689], [-47.6913676, -22.43735627], [-47.69143827, -22.43739849], [-47.6915182, -22.43751268], [-47.69151412, -22.43765176], [-47.69144794, -22.43789659], [-47.69145156, -22.43808428], [-47.6915, -22.43817734], [-47.69168954, -22.43834034], [-47.69190795, -22.43838724], [-47.69215533, -22.43832528], [-47.69268212, -22.43789764], [-47.69305854, -22.43727216], [-47.6931314, -22.43712828], [-47.69318594, -22.43703261], [-47.69331753, -22.43690946], [-47.69353232, -22.43681648], [-47.6937199, -22.43682869], [-47.69387382, -22.43695246], [-47.69413798, -22.43765673], [-47.69420599, -22.43800944], [-47.69438095, -22.43822313], [-47.69470977, -22.43835489], [-47.6949655, -22.43832173], [-47.69513507, -22.43825392], [-47.6953417, -22.43809156], [-47.69551669, -22.43790086], [-47.69564523, -22.43731378], [-47.69579295, -22.43692131], [-47.6959254, -22.43614008], [-47.69611108, -22.43574704], [-47.69625637, -22.43522467], [-47.69633156, -22.43509345], [-47.69664274, -22.43472081], [-47.696663, -22.43456163], [-47.69652004, -22.43439793], [-47.69625234, -22.43421464], [-47.69577905, -22.43378924], [-47.69565885, -22.43364953], [-47.69550762, -22.43341105], [-47.69545937, -22.43332604], [-47.69543452, -22.43324702], [-47.69529323, -22.43286934], [-47.69523637, -22.43264372], [-47.69520758, -22.43235535], [-47.69508489, -22.43203967], [-47.69506899, -22.43196771], [-47.69508222, -22.43190247], [-47.69512747, -22.43183042], [-47.69519654, -22.43178505], [-47.69533707, -22.43177005], [-47.69550744, -22.43179425], [-47.69622717, -22.43210728], [-47.69638315, -22.43214071], [-47.69675572, -22.43212731], [-47.69694031, -22.43203037], [-47.69730039, -22.43177158], [-47.69804848, -22.43113891], [-47.69838062, -22.43064229], [-47.69842383, -22.43056571], [-47.69860629, -22.43026305], [-47.69860138, -22.43000311], [-47.6985283, -22.42984544], [-47.69841748, -22.42973172], [-47.69799279, -22.42946535], [-47.69750488, -22.42909074], [-47.69726731, -22.42885647], [-47.69676212, -22.4280344], [-47.69678654, -22.42769548], [-47.69692867, -22.42741141], [-47.69714295, -22.42719568], [-47.69716495, -22.42717637], [-47.69719347, -22.42709471], [-47.69719672, -22.42695741], [-47.69719581, -22.42676431], [-47.69735663, -22.42624166], [-47.6974389, -22.42607505], [-47.69797552, -22.4254577], [-47.69808261, -22.42532504], [-47.69829411, -22.42501456], [-47.69891532, -22.42415207], [-47.69917505, -22.42351938], [-47.69934975, -22.42336665], [-47.69956524, -22.42321413], [-47.69984067, -22.42304611], [-47.70007393, -22.42285897], [-47.70011527, -22.42278872], [-47.70011087, -22.42255773], [-47.69998762, -22.42221405], [-47.69991646, -22.42174584], [-47.6999265, -22.42171587], [-47.69997138, -22.42167544], [-47.70001671, -22.42165567], [-47.70013931, -22.42161933], [-47.70026369, -22.42162447], [-47.70067115, -22.4218127], [-47.70086928, -22.4220116], [-47.7008759, -22.42235806], [-47.70059199, -22.42293963], [-47.70047452, -22.4232882], [-47.70047232, -22.42398157], [-47.70060089, -22.4242033], [-47.70101717, -22.42444095], [-47.7011257, -22.4244761], [-47.70140702, -22.42451382], [-47.70177015, -22.42446445], [-47.70208421, -22.42423807], [-47.70218472, -22.42421281], [-47.70289305, -22.42428676], [-47.70308587, -22.42421946], [-47.70323091, -22.42408698], [-47.70327414, -22.42396446], [-47.70329637, -22.4238548], [-47.70322896, -22.42318435], [-47.70313228, -22.42300545], [-47.70310373, -22.42273149], [-47.70311562, -22.42269612], [-47.70315378, -22.42266021], [-47.70322584, -22.42262116], [-47.70331131, -22.42262423], [-47.70339669, -22.42266884], [-47.70347556, -22.42273252], [-47.70357574, -22.42309192], [-47.70361349, -22.4234379], [-47.70360695, -22.42390013], [-47.70364274, -22.42399437], [-47.70367935, -22.4240786], [-47.70372789, -22.42412929], [-47.70390133, -22.42426268], [-47.70443485, -22.42453534], [-47.70482303, -22.42492603], [-47.70571291, -22.42560435], [-47.70591105, -22.42581049], [-47.70615076, -22.42615224], [-47.70629175, -22.42661198], [-47.70636181, -22.42702248], [-47.7064738, -22.42718669], [-47.70663215, -22.42734295], [-47.70683531, -22.42740451], [-47.70733174, -22.42741782], [-47.70747081, -22.42737937], [-47.707677, -22.42719539], [-47.70784928, -22.42686749], [-47.70820785, -22.42613217], [-47.7085097, -22.4252759], [-47.70860695, -22.42508647], [-47.70863561, -22.42496231], [-47.70863868, -22.42481964], [-47.70872169, -22.42379277], [-47.70881833, -22.42356733], [-47.70896179, -22.42335544], [-47.70909273, -22.42319801], [-47.70972407, -22.42266384], [-47.70982242, -22.42252494], [-47.70991779, -22.42223539], [-47.71006742, -22.4219441], [-47.71045402, -22.42145376], [-47.71073339, -22.42103741], [-47.71075359, -22.42087823], [-47.71069572, -22.42069859], [-47.7105526, -22.42052859], [-47.71008732, -22.42011669], [-47.71003205, -22.42002285], [-47.71000454, -22.41990235], [-47.71001115, -22.41984897], [-47.71004139, -22.41980064], [-47.71017918, -22.41969719], [-47.71036456, -22.41964353], [-47.71084492, -22.4196355], [-47.71208953, -22.41973012], [-47.71242458, -22.41968206], [-47.71270737, -22.41959699], [-47.7129547, -22.41948445], [-47.71316562, -22.41934647], [-47.71330217, -22.41918079], [-47.71335216, -22.41905356], [-47.71335589, -22.4184442], [-47.71343878, -22.41816291], [-47.71351288, -22.41808316], [-47.71368095, -22.41798562], [-47.71390296, -22.41791863], [-47.7141267, -22.417931], [-47.74682386, -22.46613912], [-47.79055326, -22.48393371], [-47.81538752, -22.4940394], [-47.83483717, -22.50195396], [-47.83499694, -22.50214367], [-47.83534108, -22.50262395], [-47.83546608, -22.50304915], [-47.83548184, -22.50343772], [-47.83530255, -22.50521687], [-47.83527304, -22.50528903], [-47.83523122, -22.50602069], [-47.8351561, -22.50622819], [-47.83502459, -22.50640834], [-47.83502611, -22.5064716], [-47.83473022, -22.50683177], [-47.83456161, -22.50712923], [-47.83455899, -22.50743645], [-47.83469532, -22.5078978], [-47.83454897, -22.50813211], [-47.83434672, -22.50835715], [-47.83430128, -22.50845634], [-47.83426908, -22.50845621], [-47.83425078, -22.50871815], [-47.83428434, -22.50881767], [-47.83457067, -22.50918929], [-47.83463006, -22.50934313], [-47.83466766, -22.50961433], [-47.83463206, -22.50982199], [-47.83451827, -22.51010161], [-47.83412531, -22.51080471], [-47.83399689, -22.51110233], [-47.83391455, -22.51141822], [-47.83367714, -22.51187802], [-47.83366957, -22.51231171], [-47.83393877, -22.51295431], [-47.83396593, -22.51350556], [-47.83404494, -22.51388535], [-47.83407649, -22.51427399], [-47.83418295, -22.51476231], [-47.83420267, -22.51534063], [-47.83412691, -22.51554813], [-47.83400311, -22.51576445], [-47.83374706, -22.51605251], [-47.83349635, -22.51624121], [-47.83318011, -22.51641161], [-47.83271063, -22.51684335], [-47.83246998, -22.51722182], [-47.83242763, -22.51742945], [-47.83249739, -22.51770982], [-47.83266446, -22.51810805], [-47.83259758, -22.51836075], [-47.83256596, -22.51836966], [-47.83255273, -22.51846899], [-47.83252048, -22.51847789], [-47.8325517, -22.51880328], [-47.83275541, -22.51903903], [-47.83285133, -22.51906653], [-47.83318728, -22.51910406], [-47.83350722, -22.51917767], [-47.83361421, -22.5193046], [-47.83369532, -22.51974765], [-47.83383463, -22.51998313], [-47.83403547, -22.52005624], [-47.83462506, -22.52004964], [-47.835003, -22.52019576], [-47.835045, -22.52031339], [-47.83502366, -22.52045786], [-47.83490007, -22.52062902], [-47.83465775, -22.52084486], [-47.83461303, -22.52103445], [-47.83462439, -22.52120616], [-47.83468333, -22.5213329], [-47.83485498, -22.52154141], [-47.83544842, -22.52213113], [-47.83558144, -22.52240273], [-47.83561025, -22.52261065], [-47.83557406, -22.52280927], [-47.83559283, -22.52332434], [-47.8358199, -22.52389448], [-47.83580094, -22.52391247], [-47.83592, -22.52418401], [-47.83595679, -22.5243739], [-47.83592318, -22.52505138], [-47.83595536, -22.52544006], [-47.83584638, -22.52598171], [-47.83562319, -22.52677582], [-47.83530717, -22.52765095], [-47.83513828, -22.52801166], [-47.83504924, -22.52832751], [-47.8347652, -22.52887747], [-47.83457517, -22.52932844], [-47.83436681, -22.52968897], [-47.83351699, -22.53057997], [-47.83309785, -22.53115647], [-47.83280962, -22.53181483], [-47.83281052, -22.53187808], [-47.8327408, -22.53196814], [-47.8324746, -22.53259045], [-47.83213418, -22.53310403], [-47.83195801, -22.53345566], [-47.83156954, -22.53396904], [-47.83116528, -22.53486187], [-47.83109947, -22.53515072], [-47.83100108, -22.53538522], [-47.83067057, -22.53598015], [-47.83039471, -22.53658435], [-47.83015482, -22.53729711], [-47.83013544, -22.53753194], [-47.83020422, -22.53776713], [-47.83037089, -22.53812019], [-47.83049266, -22.53859056], [-47.83048303, -22.53895191], [-47.830395, -22.53930391], [-47.83040779, -22.53954791], [-47.8305567, -22.53981054], [-47.83076048, -22.54002823], [-47.83099051, -22.54035444], [-47.83102277, -22.54035457], [-47.83124572, -22.54076207], [-47.83134066, -22.54111483], [-47.83136701, -22.54158475], [-47.831451, -22.54181098], [-47.83156627, -22.54199215], [-47.8318098, -22.54216483], [-47.83195375, -22.54231902], [-47.83244436, -22.54205904], [-47.83255567, -22.54204143], [-47.83276287, -22.54206036], [-47.83293152, -22.54213333], [-47.83307255, -22.5423869], [-47.83314088, -22.54259498], [-47.83323883, -22.54270381], [-47.83340848, -22.54282201], [-47.83378752, -22.54301326], [-47.83459931, -22.54334192], [-47.83491397, -22.54352392], [-47.83523797, -22.54377823], [-47.83583114, -22.54432278], [-47.83618548, -22.54458625], [-47.83655336, -22.54494916], [-47.83675695, -22.54522105], [-47.8368991, -22.54550172], [-47.83699496, -22.54591772], [-47.83706283, -22.54647816], [-47.8369088, -22.54716418], [-47.83690382, -22.54730877], [-47.83697109, -22.54748071], [-47.83706909, -22.54758953], [-47.83743868, -22.54771754], [-47.83763517, -22.54795326], [-47.83755703, -22.54839565], [-47.83753267, -22.54840458], [-47.83754449, -22.54861243], [-47.83759489, -22.54874816], [-47.83784513, -22.54892086], [-47.83818264, -22.54903066], [-47.83828123, -22.54913949], [-47.83836483, -22.54932956], [-47.83839334, -22.54959169], [-47.83822848, -22.55012408], [-47.83828893, -22.55032309], [-47.8385606, -22.55073078], [-47.83865404, -22.55102028], [-47.83863024, -22.55142676], [-47.83849322, -22.55172439], [-47.83830775, -22.55199468], [-47.83807719, -22.55240934], [-47.83798653, -22.55268001], [-47.8379292, -22.55297793], [-47.83795332, -22.55339364], [-47.83800327, -22.55350226], [-47.83822938, -22.55363871], [-47.83875531, -22.55363184], [-47.83896819, -22.55386762], [-47.83898, -22.55406643], [-47.83893486, -22.55461738], [-47.83908234, -22.55517815], [-47.8392549, -22.55545894], [-47.83969327, -22.55583117], [-47.84012814, -22.55605882], [-47.84041608, -22.55610518], [-47.84076511, -22.55596205], [-47.84105348, -22.55566507], [-47.84132848, -22.55549453], [-47.84147215, -22.55545898], [-47.84159232, -22.55549561], [-47.84172932, -22.55558652], [-47.84178084, -22.55574032], [-47.84176988, -22.55600229], [-47.84171086, -22.55627314], [-47.84171387, -22.55640868], [-47.84184016, -22.55669831], [-47.84194549, -22.55679813], [-47.84207405, -22.5568619], [-47.84223326, -22.55688062], [-47.84253939, -22.55681862], [-47.84278551, -22.55658467], [-47.84303403, -22.5564863], [-47.84316181, -22.55645976], [-47.84338434, -22.55646067], [-47.84363388, -22.55639844], [-47.84393534, -22.55641774], [-47.84416747, -22.55669877], [-47.84462919, -22.5574144], [-47.84481511, -22.55756875], [-47.84497635, -22.55766879], [-47.84518461, -22.55773288], [-47.8454406, -22.55772489], [-47.84569376, -22.55767171], [-47.84619948, -22.55743885], [-47.84642334, -22.55741265], [-47.84657506, -22.55746748], [-47.84671368, -22.55759453], [-47.84693585, -22.55793876], [-47.84717277, -22.55823787], [-47.8477739, -22.5587824], [-47.84782435, -22.55891812], [-47.84782932, -22.55915305], [-47.84787382, -22.55938814], [-47.84796452, -22.55949693], [-47.847967, -22.55961439], [-47.84784616, -22.55996626], [-47.84761525, -22.56039058], [-47.84849858, -22.56051305], [-47.85112577, -22.56171201], [-47.85256688, -22.56250962], [-47.85323779, -22.56299957], [-47.85436917, -22.56404544], [-47.85538144, -22.56482802], [-47.8561897, -22.5652397], [-47.85742701, -22.56567169], [-47.8597109, -22.56638018], [-47.86099732, -22.56660101], [-47.86168766, -22.56671144], [-47.86328119, -22.56674262], [-47.86502338, -22.56649222], [-47.86567238, -22.56624779], [-47.86734653, -22.56519979], [-47.86863998, -22.56453945], [-47.87353573, -22.56185251], [-47.87700583, -22.5600177], [-47.87884758, -22.55899639], [-47.87914712, -22.55882137], [-47.87932707, -22.55887681], [-47.88071803, -22.5589403], [-47.88157224, -22.5590342], [-47.88265972, -22.5592701], [-47.88349642, -22.55950244], [-47.88705028, -22.5606264], [-47.88812357, -22.56092751], [-47.8908713, -22.56178881], [-47.89279039, -22.56229037], [-47.89436828, -22.56274121], [-47.89581146, -22.56320803], [-47.89717129, -22.56368625], [-47.8996042, -22.56440681], [-47.90303952, -22.56551811], [-47.90406702, -22.56581184], [-47.90541354, -22.56611604], [-47.90621391, -22.56628117], [-47.90674246, -22.56636908], [-47.907216, -22.56638035], [-47.90886709, -22.5662873], [-47.90973162, -22.56622378], [-47.91062088, -22.56613185], [-47.91162476, -22.56608475], [-47.91287902, -22.56606924], [-47.91459827, -22.56598211], [-47.91707935, -22.56579989], [-47.92199583, -22.56529885], [-47.92370686, -22.5650529], [-47.92590661, -22.56480526], [-47.92891448, -22.56458256], [-47.92966549, -22.56448132], [-47.93066769, -22.5644044], [-47.93192116, -22.56435265], [-47.93367909, -22.56434944], [-47.9361866, -22.56422781], [-47.93763535, -22.56403522], [-47.93896992, -22.56391334], [-47.93925358, -22.56386213], [-47.94343496, -22.56348682], [-47.9444384, -22.56346841], [-47.94746699, -22.56349323], [-47.94796885, -22.56346865], [-47.94997797, -22.56353375], [-47.95123593, -22.56364963], [-47.95174014, -22.56373517], [-47.95325885, -22.56409081], [-47.95450571, -22.56432238], [-47.95456549, -22.56434472], [-47.95455892, -22.56461821], [-47.95459021, -22.56501585], [-47.95471629, -22.56526022], [-47.95483585, -22.56531483], [-47.95506011, -22.56534269], [-47.95518935, -22.56540637], [-47.9552653, -22.56557829], [-47.95523118, -22.56590348], [-47.95534872, -22.56616589], [-47.95556869, -22.56635636], [-47.95558902, -22.56660037], [-47.95550239, -22.56697955], [-47.95551379, -22.56717835], [-47.9557343, -22.56737786], [-47.95614397, -22.56756898], [-47.95630589, -22.56767794], [-47.95635851, -22.56790399], [-47.95635268, -22.56800336], [-47.95625079, -22.56808433], [-47.95557004, -22.56833501], [-47.95499599, -22.56867639], [-47.95486284, -22.5688205], [-47.95470134, -22.56907293], [-47.9547174, -22.56947052], [-47.95516503, -22.56990571], [-47.95520838, -22.57001427], [-47.9552406, -22.57001438], [-47.95538418, -22.57077384], [-47.95539977, -22.57114432], [-47.95537013, -22.57126168], [-47.95515986, -22.57153201], [-47.95494192, -22.57175715], [-47.95490551, -22.57189255], [-47.95499079, -22.57216388], [-47.9551389, -22.57238122], [-47.95507639, -22.57282372], [-47.95513331, -22.57288715], [-47.95526194, -22.57295083], [-47.95550991, -22.57297877], [-47.95561694, -22.57313273], [-47.95561952, -22.57325019], [-47.95542709, -22.57394523], [-47.95544378, -22.57434282], [-47.95558764, -22.57471378], [-47.95572569, -22.57486784], [-47.95587184, -22.57495868], [-47.95604689, -22.57497734], [-47.95654081, -22.57493383], [-47.95675714, -22.57496166], [-47.95687723, -22.57504338], [-47.95697644, -22.57517924], [-47.95705335, -22.57541441], [-47.95705799, -22.57563126], [-47.95689899, -22.57632641], [-47.95691784, -22.57694988], [-47.95701426, -22.57732063], [-47.95705817, -22.57791708], [-47.95697886, -22.57829628], [-47.95685052, -22.57861207], [-47.95682246, -22.57879267], [-47.95687608, -22.57907298], [-47.95708957, -22.57937184], [-47.95727671, -22.57956221], [-47.95736156, -22.57978836], [-47.95736363, -22.57988775], [-47.95730499, -22.58010439], [-47.95717346, -22.58031175], [-47.95716031, -22.58041109], [-47.95731978, -22.58115249], [-47.95730791, -22.58137832], [-47.95718254, -22.58188385], [-47.95724575, -22.58297728], [-47.95734854, -22.58328481], [-47.95753889, -22.58359268], [-47.9579845, -22.58392847], [-47.95821425, -22.58427257], [-47.95829478, -22.58467037], [-47.95840499, -22.58495082], [-47.95841594, -22.58509542], [-47.9582987, -22.58522151], [-47.95802169, -22.58531093], [-47.95796036, -22.58543721], [-47.95802945, -22.58565428], [-47.95838494, -22.58588135], [-47.95853942, -22.58602642], [-47.95873084, -22.58637039], [-47.9588246, -22.58665982], [-47.9588277, -22.58680439], [-47.95871931, -22.58699376], [-47.95863333, -22.58705671], [-47.95853831, -22.58709253], [-47.95821969, -22.58709146], [-47.95771147, -22.58720721], [-47.95749031, -22.58731488], [-47.95728712, -22.58749489], [-47.95713184, -22.58770217], [-47.95700993, -22.58793671], [-47.95698182, -22.58811732], [-47.95668009, -22.5889204], [-47.95612839, -22.58958712], [-47.95585681, -22.58998374], [-47.9549372, -22.59095639], [-47.95477619, -22.59123593], [-47.95467823, -22.59155182], [-47.95468908, -22.59203974], [-47.95489881, -22.59252837], [-47.95499365, -22.59283588], [-47.95499777, -22.59302562], [-47.95494795, -22.5933236], [-47.95468858, -22.59387385], [-47.95424715, -22.59447769], [-47.9539386, -22.59500067], [-47.95368138, -22.59561417], [-47.95345609, -22.59630005], [-47.95332605, -22.59689596], [-47.95311203, -22.59733794], [-47.95277723, -22.59773433], [-47.95172451, -22.59881494], [-47.95112034, -22.59966216], [-47.95093696, -22.60005003], [-47.95082539, -22.60042911], [-47.95075649, -22.60093488], [-47.95076725, -22.60144086], [-47.95089933, -22.60202858], [-47.95088165, -22.60234474], [-47.95079088, -22.60254319], [-47.95031931, -22.60290298], [-47.95018947, -22.60313744], [-47.95012325, -22.60342633], [-47.9500241, -22.60358862], [-47.94963066, -22.60388543], [-47.94954304, -22.60388513], [-47.94951769, -22.60383987], [-47.94937986, -22.60393878], [-47.94922089, -22.60400148], [-47.94855996, -22.60395405], [-47.94826546, -22.60399821], [-47.94804035, -22.60416911], [-47.94800805, -22.60418706], [-47.94784103, -22.60443043], [-47.94763446, -22.60484533], [-47.94750983, -22.60498042], [-47.94717136, -22.60521417], [-47.94672745, -22.60534817], [-47.94658607, -22.60541996], [-47.9459678, -22.60596901], [-47.94569584, -22.60630236], [-47.94564233, -22.60645577], [-47.94553796, -22.60715109], [-47.94540512, -22.60752106], [-47.94533462, -22.60811712], [-47.94534817, -22.60837918], [-47.94507459, -22.60927268], [-47.94510342, -22.60996851], [-47.94519381, -22.6104838], [-47.94541822, -22.61125254], [-47.94570434, -22.6119492], [-47.94599959, -22.61233871], [-47.94700691, -22.61322758], [-47.94716298, -22.61343592], [-47.94723361, -22.61372528], [-47.94723598, -22.6141951], [-47.94702668, -22.61452867], [-47.94632901, -22.61544787], [-47.94624605, -22.61566442], [-47.94616859, -22.6161701], [-47.94624856, -22.61655887], [-47.94640209, -22.6169479], [-47.9466783, -22.617247], [-47.94704946, -22.61751028], [-47.94745538, -22.61775561], [-47.94795846, -22.61820004], [-47.94818897, -22.61850801], [-47.94833223, -22.61888801], [-47.94833047, -22.61918615], [-47.94819976, -22.619782], [-47.94816046, -22.6201794], [-47.94815596, -22.62069437], [-47.94826909, -22.62116457], [-47.94851309, -22.62175266], [-47.94860732, -22.6220692], [-47.94863142, -22.62243068], [-47.94858158, -22.62272866], [-47.94839817, -22.62311653], [-47.94812823, -22.62354028], [-47.94807644, -22.62372085], [-47.94813792, -22.62401013], [-47.94838711, -22.62437237], [-47.94841412, -22.62446281], [-47.9482048, -22.6257089], [-47.94796823, -22.62615983], [-47.94789434, -22.62638545], [-47.94785904, -22.62699969], [-47.94797753, -22.62733438], [-47.94801818, -22.62736163], [-47.94813928, -22.62780479], [-47.94802525, -22.62879823], [-47.94816881, -22.62942872], [-47.94833546, -22.6300046], [-47.94851992, -22.63029066], [-47.94860013, -22.63031804], [-47.94867353, -22.6303725], [-47.94927406, -22.63048297], [-47.94934633, -22.63051936], [-47.94942848, -22.63064243], [-47.94949544, -22.63118157], [-47.9494861, -22.63146849], [-47.94954564, -22.63164035], [-47.94959751, -22.6322188], [-47.94951285, -22.63270639], [-47.94961069, -22.63318557], [-47.94955393, -22.63353773], [-47.94967538, -22.63436935], [-47.94963413, -22.63464025], [-47.94951687, -22.6347573], [-47.94933415, -22.63481992], [-47.94928059, -22.63528955], [-47.9492346, -22.63537974], [-47.94910212, -22.63549674], [-47.94878379, -22.63554082], [-47.94860672, -22.63585644], [-47.94857584, -22.63628097], [-47.94853137, -22.63646151], [-47.94833437, -22.63657829], [-47.94823358, -22.63668641], [-47.94821336, -22.63687607], [-47.94833933, -22.63717465], [-47.94837034, -22.63748193], [-47.9482768, -22.6376081], [-47.94820666, -22.63765304], [-47.94813795, -22.63779736], [-47.94814842, -22.63791484], [-47.94835989, -22.63812337], [-47.9483561, -22.63831309], [-47.94815539, -22.63861055], [-47.94814304, -22.63880927], [-47.94833345, -22.6391171], [-47.94832017, -22.63924355], [-47.94828848, -22.63925247], [-47.94825889, -22.63935175], [-47.94814115, -22.6394417], [-47.94811946, -22.63954101], [-47.94849451, -22.63992175], [-47.94858011, -22.64057255], [-47.94844674, -22.641069], [-47.94825037, -22.64119486], [-47.94802018, -22.64125732], [-47.94784685, -22.64139225], [-47.94782891, -22.64162709], [-47.94788047, -22.64180796], [-47.94791193, -22.64216043], [-47.94784477, -22.64237703], [-47.94765188, -22.64269259], [-47.94730553, -22.6428992], [-47.94664725, -22.64305957], [-47.94644341, -22.6432215], [-47.94631078, -22.64338367], [-47.94596229, -22.64350896], [-47.94543597, -22.64354329], [-47.94515158, -22.64361459], [-47.94482145, -22.64385739], [-47.94448323, -22.64446156], [-47.94432247, -22.64481336], [-47.94404595, -22.64565268], [-47.9440056, -22.6460049], [-47.94408447, -22.64635753], [-47.94415991, -22.64652042], [-47.94428238, -22.64662022], [-47.94428344, -22.64665636], [-47.94435502, -22.64671082], [-47.94436209, -22.64672658], [-47.94446911, -22.64713536], [-47.94462651, -22.64743453], [-47.94520969, -22.64824967], [-47.94546743, -22.64907272], [-47.94571022, -22.64966082], [-47.945822, -22.65001356], [-47.94585937, -22.65024863], [-47.94584532, -22.65072743], [-47.94568034, -22.6512057], [-47.94539285, -22.65159321], [-47.94529157, -22.65167417], [-47.94475336, -22.6519253], [-47.94456549, -22.6520421], [-47.94414399, -22.65247432], [-47.94380365, -22.65298813], [-47.94340609, -22.65381795], [-47.94307922, -22.65416918], [-47.94255259, -22.6545559], [-47.9422526, -22.65472652], [-47.94197543, -22.65480688], [-47.94162212, -22.65506766], [-47.94137646, -22.65518426], [-47.94107412, -22.65539084], [-47.94108383, -22.65545317], [-47.941036, -22.65562735], [-47.94099664, -22.65565065], [-47.94103137, -22.6558197], [-47.94105958, -22.65636699], [-47.94130182, -22.65687431], [-47.94135801, -22.65690939], [-47.94140975, -22.65705645], [-47.9415082, -22.65720265], [-47.94151758, -22.65727737], [-47.9415979, -22.6573048], [-47.94169121, -22.65757746], [-47.94173183, -22.6576137], [-47.94173678, -22.65779861], [-47.94188801, -22.65855126], [-47.942098, -22.65905104], [-47.94241887, -22.65950362], [-47.94241253, -22.65957055], [-47.94248492, -22.65959178], [-47.94247713, -22.65963612], [-47.9425262, -22.65965691], [-47.9428075, -22.66017067], [-47.94283665, -22.66076224], [-47.94302645, -22.66145459], [-47.94333607, -22.66174584], [-47.94378827, -22.66201822], [-47.94393311, -22.66206067], [-47.94420764, -22.66221087], [-47.9449774, -22.66241873], [-47.94542565, -22.66246191], [-47.94646142, -22.66242119], [-47.94674805, -22.66236358], [-47.94735335, -22.66233797], [-47.94773746, -22.66238236], [-47.94774683, -22.662412], [-47.94780193, -22.66239653], [-47.94824256, -22.66249219], [-47.94825922, -22.66254332], [-47.94836323, -22.66254144], [-47.94876574, -22.66271904], [-47.94905426, -22.66279494], [-47.94946648, -22.66301748], [-47.94954584, -22.66301601], [-47.94955083, -22.66301826], [-47.94970733, -22.66309429], [-47.94981341, -22.66318889], [-47.94988533, -22.66318668], [-47.95041015, -22.66348836], [-47.95065166, -22.66359491], [-47.95076534, -22.66368127], [-47.95110306, -22.66383118], [-47.95112069, -22.66388231], [-47.95128089, -22.66391636], [-47.95128154, -22.66394615], [-47.95133729, -22.66396047], [-47.95142765, -22.66404723], [-47.95149051, -22.66403072], [-47.95199038, -22.66425887], [-47.95199879, -22.66428851], [-47.95206311, -22.66429454], [-47.95207977, -22.66434657], [-47.9522576, -22.66443175], [-47.95231286, -22.66442353], [-47.95278113, -22.66467389], [-47.95303804, -22.66477298], [-47.95332624, -22.66483443], [-47.95339978, -22.66490709], [-47.95379215, -22.66497385], [-47.95404778, -22.66496913], [-47.95412051, -22.6650048], [-47.9542474, -22.66497991], [-47.95430343, -22.66500863], [-47.9551944, -22.66488118], [-47.95570463, -22.66486452]]], [[[-47.57250569, -22.17537743], [-47.57278231, -22.17508149], [-47.57277323, -22.17500844], [-47.57286864, -22.1746567], [-47.57289216, -22.17424824], [-47.57281504, -22.17390007], [-47.57283575, -22.17370302], [-47.57290443, -22.17364415], [-47.57352541, -22.17335717], [-47.57388242, -22.17321341], [-47.57448148, -22.17305852], [-47.57472985, -22.17291557], [-47.57514545, -22.17258128], [-47.57525232, -22.17243429], [-47.5754261, -22.17208117], [-47.57572686, -22.17182915], [-47.57588939, -22.17176071], [-47.57624869, -22.17174779], [-47.57648994, -22.17168616], [-47.57652827, -22.17160519], [-47.57657457, -22.17159727], [-47.57668173, -22.17146379], [-47.57683798, -22.17058017], [-47.57696218, -22.17052766], [-47.57720448, -22.17052381], [-47.57758913, -22.17062702], [-47.57766862, -22.17067619], [-47.57791956, -22.17072379], [-47.57810769, -22.170728], [-47.57854479, -22.17067687], [-47.57861462, -22.1706253], [-47.57873906, -22.17059439], [-47.57886168, -22.17046059], [-47.57906638, -22.17010071], [-47.57908675, -22.16993971], [-47.57918367, -22.16967547], [-47.57916153, -22.16931201], [-47.57910151, -22.16905022], [-47.57912446, -22.16897763], [-47.57909219, -22.16896371], [-47.57909046, -22.16886887], [-47.57874809, -22.16810889], [-47.57848289, -22.16770494], [-47.57836033, -22.16741627], [-47.57815041, -22.16706926], [-47.57798804, -22.16672244], [-47.57797542, -22.16645279], [-47.5779273, -22.1664174], [-47.57793119, -22.16621328], [-47.57798388, -22.16606713], [-47.57803704, -22.16600764], [-47.57825783, -22.16562499], [-47.5784254, -22.16498127], [-47.57854787, -22.16484126], [-47.57862625, -22.16483276], [-47.5788547, -22.16492393], [-47.57910477, -22.16534975], [-47.57952878, -22.16585311], [-47.5801583, -22.16652112], [-47.58044512, -22.16677114], [-47.5806341, -22.16688458], [-47.58072838, -22.1668976], [-47.58089455, -22.16698251], [-47.58094238, -22.16704764], [-47.58102076, -22.16704638], [-47.58109252, -22.16709582], [-47.58140574, -22.16715674], [-47.58151524, -22.167155], [-47.58203364, -22.16725609], [-47.58281585, -22.1672581], [-47.58314411, -22.16723846], [-47.58347108, -22.16715292], [-47.58396493, -22.16681012], [-47.58406482, -22.1667066], [-47.5844214, -22.16606717], [-47.58457373, -22.16586067], [-47.5846814, -22.16576418], [-47.58531971, -22.16563041], [-47.58570829, -22.16547074], [-47.58580232, -22.16546922], [-47.58598803, -22.1653941], [-47.58617567, -22.1653758], [-47.58640898, -22.16530708], [-47.58695935, -22.16503562], [-47.58707658, -22.16502653], [-47.58726282, -22.16493603], [-47.58790097, -22.16474446], [-47.58853754, -22.16447164], [-47.58864603, -22.16446989], [-47.58887018, -22.16469199], [-47.58887432, -22.16491753], [-47.58896137, -22.16544078], [-47.5890423, -22.16557131], [-47.58964371, -22.16596976], [-47.58984477, -22.1662573], [-47.58983142, -22.16637482], [-47.58979194, -22.16638989], [-47.58945776, -22.16687546], [-47.58920321, -22.16753587], [-47.58921239, -22.16760794], [-47.5889952, -22.1681359], [-47.58894666, -22.16844269], [-47.5889007, -22.16853099], [-47.5889706, -22.16890184], [-47.58901825, -22.16896611], [-47.58906153, -22.16916227], [-47.58914929, -22.16929892], [-47.58914266, -22.16935775], [-47.58922518, -22.16957484], [-47.58922933, -22.16980052], [-47.58925267, -22.16980732], [-47.58930624, -22.17014148], [-47.58928232, -22.17015718], [-47.58930232, -22.17034556], [-47.58926595, -22.17095823], [-47.58920457, -22.17098893], [-47.58915387, -22.17123715], [-47.58905585, -22.17144271], [-47.58900534, -22.17164755], [-47.58900905, -22.17185149], [-47.58917735, -22.17208897], [-47.58943105, -22.17229617], [-47.5896212, -22.17241054], [-47.59012517, -22.17262103], [-47.59056531, -22.17273047], [-47.59136548, -22.17286305], [-47.59175754, -22.17289376], [-47.59321536, -22.17305206], [-47.59385417, -22.17289656], [-47.59414853, -22.17277539], [-47.59431912, -22.17267066], [-47.59449053, -22.17266076], [-47.59480653, -22.17281542], [-47.59487181, -22.17294532], [-47.59512798, -22.17327714], [-47.59564457, -22.17369862], [-47.59596038, -22.17389765], [-47.5962208, -22.17398826], [-47.59636385, -22.17412406], [-47.59672702, -22.17432233], [-47.59683894, -22.17445142], [-47.59689422, -22.17445052], [-47.59735926, -22.17464717], [-47.5975791, -22.17469514], [-47.59779864, -22.17472048], [-47.59796232, -22.17471071], [-47.59801688, -22.17467372], [-47.5983136, -22.17468339], [-47.59833622, -22.17464599], [-47.59857852, -22.17459161], [-47.5990671, -22.17438699], [-47.59952391, -22.1741396], [-47.59960882, -22.17406507], [-47.59975404, -22.17389488], [-47.59981671, -22.17387944], [-47.59997014, -22.17373887], [-47.60029063, -22.17329673], [-47.6004413, -22.17295123], [-47.60054141, -22.17243973], [-47.60052319, -22.17229453], [-47.60057461, -22.17214032], [-47.60073494, -22.17194191], [-47.60119203, -22.17166468], [-47.60119097, -22.17160684], [-47.60131366, -22.17148032], [-47.6015703, -22.17099586], [-47.60190426, -22.17086694], [-47.60269847, -22.17067922], [-47.60391682, -22.17057205], [-47.60432231, -22.17048525], [-47.60453178, -22.17038802], [-47.60465505, -22.17029128], [-47.60465423, -22.17024709], [-47.60481529, -22.17009099], [-47.60481398, -22.17002599], [-47.60486732, -22.16992314], [-47.60491057, -22.16974733], [-47.60491461, -22.1695432], [-47.60490116, -22.16923741], [-47.6047651, -22.16864193], [-47.60478523, -22.16846742], [-47.60471834, -22.16820574], [-47.60472668, -22.16781204], [-47.6047937, -22.16766565], [-47.60514252, -22.16744883], [-47.6056121, -22.16705581], [-47.60583656, -22.16692761], [-47.60616331, -22.16682848], [-47.60660005, -22.16675558], [-47.60676512, -22.16677466], [-47.60753184, -22.16640579], [-47.60787893, -22.16615191], [-47.6080986, -22.16618547], [-47.60844227, -22.16658721], [-47.60849228, -22.16672534], [-47.60866612, -22.16684627], [-47.60895118, -22.16700955], [-47.6093288, -22.16714891], [-47.60961144, -22.1671804], [-47.61018594, -22.16695278], [-47.61035695, -22.16692837], [-47.6104892, -22.16684581], [-47.61069868, -22.16679925], [-47.61098137, -22.16683803], [-47.61128147, -22.16697226], [-47.61172016, -22.16705999], [-47.61180559, -22.16701439], [-47.61204701, -22.16696724], [-47.6122467, -22.16675279], [-47.61266842, -22.16670896], [-47.61287064, -22.16664074], [-47.61295563, -22.16657349], [-47.61296978, -22.16650008], [-47.61318314, -22.16619066], [-47.61327338, -22.16598523], [-47.61350211, -22.16567544], [-47.61397069, -22.16522376], [-47.61414426, -22.16486442], [-47.61419201, -22.16451343], [-47.6140402, -22.16390378], [-47.61405916, -22.16367053], [-47.61410053, -22.16333494], [-47.61414536, -22.16324671], [-47.61413471, -22.16308701], [-47.61424114, -22.16250219], [-47.61423958, -22.16199938], [-47.61399, -22.16160251], [-47.61389475, -22.16153905], [-47.61378471, -22.16151192], [-47.61361838, -22.16137556], [-47.61326987, -22.16118434], [-47.61310318, -22.16102727], [-47.61296437, -22.16070088], [-47.61289387, -22.16029399], [-47.61279924, -22.16020875], [-47.61266934, -22.1599996], [-47.61232262, -22.15985173], [-47.61211851, -22.15981889], [-47.61169959, -22.16001517], [-47.61140805, -22.16028887], [-47.61140168, -22.16036206], [-47.61132505, -22.16046531], [-47.61118424, -22.16087564], [-47.61109264, -22.16099353], [-47.61109342, -22.16104417], [-47.61103978, -22.16107478], [-47.61100901, -22.16114743], [-47.61073336, -22.16143718], [-47.61047708, -22.16157214], [-47.61037702, -22.16166051], [-47.61028681, -22.16181531], [-47.60988728, -22.16222259], [-47.6097932, -22.16222408], [-47.60970579, -22.16215959], [-47.60961802, -22.16202286], [-47.60951728, -22.16165982], [-47.60944247, -22.16102005], [-47.6093516, -22.16071543], [-47.60927707, -22.16051266], [-47.60909928, -22.16022375], [-47.60863145, -22.15987473], [-47.60788921, -22.15951555], [-47.6076762, -22.15936547], [-47.60755888, -22.15936021], [-47.60732886, -22.15918149], [-47.60719395, -22.15912586], [-47.60629979, -22.15856419], [-47.60586411, -22.15822178], [-47.6055866, -22.15804387], [-47.60540408, -22.15786443], [-47.60530689, -22.15769897], [-47.60525475, -22.15744435], [-47.60525014, -22.15719706], [-47.6050321, -22.15682862], [-47.60485031, -22.15669338], [-47.60466853, -22.15660868], [-47.60448815, -22.15660441], [-47.60428443, -22.15654177], [-47.60408874, -22.15654488], [-47.60366131, -22.15669789], [-47.6033139, -22.15693637], [-47.60298283, -22.15721882], [-47.60276597, -22.15733874], [-47.60267156, -22.15731857], [-47.60258458, -22.15727573], [-47.6020442, -22.15677438], [-47.60195567, -22.156652], [-47.60176079, -22.15627604], [-47.60171053, -22.15607278], [-47.6017243, -22.1559778], [-47.60169284, -22.15595661], [-47.60164002, -22.15566588], [-47.6015554, -22.15548945], [-47.60138314, -22.15529168], [-47.60113076, -22.1551648], [-47.60102055, -22.15512961], [-47.60077074, -22.15514078], [-47.60072276, -22.15511264], [-47.60032413, -22.15514789], [-47.59993979, -22.15506738], [-47.59950497, -22.15481884], [-47.59943524, -22.15481988], [-47.59904124, -22.15468809], [-47.59894509, -22.15457318], [-47.59894349, -22.15448559], [-47.59904129, -22.15426473], [-47.5993626, -22.15387417], [-47.59940806, -22.15376408], [-47.59943908, -22.15376367], [-47.59958476, -22.15362319], [-47.59962259, -22.15351963], [-47.59991323, -22.15320184], [-47.6005065, -22.15225968], [-47.60089186, -22.15155485], [-47.60105516, -22.15105663], [-47.60117077, -22.15054468], [-47.60116747, -22.15036329], [-47.60120565, -22.15033295], [-47.60123829, -22.14994605], [-47.60117363, -22.14943698], [-47.60101741, -22.1490025], [-47.60094551, -22.14893868], [-47.60079292, -22.14870009], [-47.60049716, -22.14837701], [-47.60020421, -22.14814881], [-47.60013729, -22.14793862], [-47.6002516, -22.14777613], [-47.60052898, -22.14752434], [-47.60065102, -22.14736171], [-47.60064242, -22.14731855], [-47.60067334, -22.1473108], [-47.60079204, -22.14696678], [-47.60089374, -22.14654269], [-47.60090252, -22.1461778], [-47.60081032, -22.14580013], [-47.60080118, -22.14572802], [-47.60073717, -22.14567045], [-47.60062338, -22.14543928], [-47.60047176, -22.14525209], [-47.60037696, -22.14521027], [-47.60029612, -22.14508784], [-47.60029477, -22.14500755], [-47.60026341, -22.14499359], [-47.60029655, -22.14468707], [-47.60027759, -22.14407525], [-47.60021145, -22.1439012], [-47.60019961, -22.1436829], [-47.60016032, -22.14365468], [-47.6000058, -22.14330685], [-47.59994145, -22.14323564], [-47.59988385, -22.14305412], [-47.59982805, -22.14302621], [-47.59974774, -22.14287395], [-47.59961927, -22.14273072], [-47.59941306, -22.14253723], [-47.59912732, -22.1423377], [-47.59856658, -22.14203348], [-47.59770948, -22.1417997], [-47.59722397, -22.14174876], [-47.59690973, -22.14168057], [-47.5964621, -22.14157853], [-47.59641455, -22.1415215], [-47.59609215, -22.14143184], [-47.59588687, -22.14133309], [-47.59524236, -22.14116817], [-47.59466331, -22.14114129], [-47.59441406, -22.14118139], [-47.5941793, -22.14117072], [-47.59392942, -22.14122616], [-47.59375761, -22.14121437], [-47.59374253, -22.14123633], [-47.59334365, -22.14125708], [-47.59318658, -22.14120095], [-47.5929754, -22.14120423], [-47.59262967, -22.14110772], [-47.59248772, -22.14103057], [-47.59221621, -22.14075775], [-47.59196711, -22.14038254], [-47.59194383, -22.1403829], [-47.59195828, -22.14032403], [-47.59188749, -22.14027452], [-47.59186156, -22.14017292], [-47.59182252, -22.14015902], [-47.59172585, -22.1400144], [-47.59163561, -22.1397974], [-47.59151444, -22.13958085], [-47.59134265, -22.13914659], [-47.59121532, -22.1385953], [-47.59110909, -22.13834869], [-47.59107344, -22.13809465], [-47.59101001, -22.13806678], [-47.59094513, -22.13791429], [-47.59081658, -22.13777101], [-47.59057999, -22.13765834], [-47.59026683, -22.13764887], [-47.58991665, -22.13773478], [-47.58953018, -22.13795937], [-47.5891172, -22.13805262], [-47.5878814, -22.13803608], [-47.58752315, -22.13809957], [-47.5869641, -22.13831338], [-47.58685597, -22.13839448], [-47.58677968, -22.13851942], [-47.58671217, -22.13869559], [-47.58671766, -22.13899436], [-47.58669529, -22.13904527], [-47.58673548, -22.13906715], [-47.58680165, -22.13929913], [-47.58719518, -22.13983897], [-47.58749645, -22.14008969], [-47.58760838, -22.14022617], [-47.58776733, -22.14033276], [-47.58794231, -22.14051961], [-47.5881664, -22.14122196], [-47.58833909, -22.14165708], [-47.5883101, -22.14181736], [-47.58826472, -22.14188398], [-47.58793206, -22.1420861], [-47.5878334, -22.14224741], [-47.58778631, -22.14269323], [-47.58781853, -22.14270714], [-47.58786978, -22.14296096], [-47.58790969, -22.14297478], [-47.58789495, -22.14306975], [-47.58792732, -22.14309096], [-47.58797697, -22.14326523], [-47.58793343, -22.14342664], [-47.58787178, -22.1435], [-47.58779399, -22.14353812], [-47.58752854, -22.14354234], [-47.58725997, -22.14343015], [-47.58697757, -22.14335425], [-47.58666203, -22.14321393], [-47.5861903, -22.14306789], [-47.58599434, -22.14305658], [-47.58598607, -22.14302786], [-47.58579717, -22.14297937], [-47.58541336, -22.14292043], [-47.58474168, -22.14296719], [-47.58470356, -22.14300388], [-47.58445309, -22.14303045], [-47.58408004, -22.1431384], [-47.5836003, -22.14340055], [-47.5833689, -22.14357126], [-47.58301487, -22.14392716], [-47.58266841, -22.144217], [-47.58258232, -22.14422559], [-47.58234597, -22.14412731], [-47.582149, -22.14400591], [-47.58201383, -22.14387708], [-47.58168134, -22.14365668], [-47.58130627, -22.1432835], [-47.58116423, -22.14319905], [-47.58111684, -22.14314832], [-47.58071492, -22.14300208], [-47.58059603, -22.14291637], [-47.58028867, -22.1427976], [-47.58014639, -22.14270496], [-47.57944662, -22.14248321], [-47.5787483, -22.14239946], [-47.57863253, -22.14242295], [-47.57829482, -22.14239941], [-47.57828742, -22.14242119], [-47.57815518, -22.1424449], [-47.57798361, -22.14244763], [-47.57742233, -22.14259465], [-47.57723673, -22.1426707], [-47.57695564, -22.14272571], [-47.57678594, -22.14282319], [-47.57658273, -22.1428408], [-47.57657557, -22.14287073], [-47.57628813, -22.14299897], [-47.57566954, -22.14335092], [-47.57523972, -22.14380187], [-47.57521844, -22.14391142], [-47.57508143, -22.14415468], [-47.5751064, -22.14419758], [-47.57508521, -22.14436582], [-47.57511848, -22.14443843], [-47.57511215, -22.14451801], [-47.57522671, -22.14479335], [-47.57551452, -22.14516697], [-47.57559325, -22.14560363], [-47.57537759, -22.14579673], [-47.57455558, -22.14620324], [-47.57394696, -22.14667865], [-47.5738319, -22.14680417], [-47.57354265, -22.14725292], [-47.5734112, -22.14775063], [-47.57330636, -22.1480069], [-47.5732445, -22.14807364], [-47.57298869, -22.14817978], [-47.57275464, -22.14820603], [-47.57273846, -22.14816935], [-47.57256631, -22.14818647], [-47.57240986, -22.14816723], [-47.57188323, -22.14803743], [-47.5718357, -22.14797954], [-47.57164016, -22.14798977], [-47.57137303, -22.14795795], [-47.57128851, -22.14800259], [-47.57093829, -22.14808846], [-47.57035013, -22.14889224], [-47.57006473, -22.14907818], [-47.56996498, -22.14918987], [-47.56981703, -22.14920669], [-47.56962721, -22.14910763], [-47.5695393, -22.14901426], [-47.56952183, -22.1489052], [-47.56948284, -22.14889773], [-47.56932204, -22.14868903], [-47.56895944, -22.14809078], [-47.56876809, -22.14790414], [-47.56867202, -22.14773777], [-47.56852831, -22.14761634], [-47.56823627, -22.1474386], [-47.56803291, -22.1474418], [-47.56778286, -22.14749725], [-47.56747417, -22.14768448], [-47.56696712, -22.14777999], [-47.56693562, -22.14775069], [-47.56670883, -22.14774704], [-47.56649587, -22.14765563], [-47.56634773, -22.14765799], [-47.5660176, -22.14757556], [-47.56512516, -22.14752457], [-47.56465896, -22.14768449], [-47.56465949, -22.14771334], [-47.56449726, -22.147855], [-47.56437513, -22.14800949], [-47.56427733, -22.14822944], [-47.56422703, -22.14844872], [-47.56425499, -22.148711], [-47.56432019, -22.14888421], [-47.56439946, -22.14893446], [-47.56445306, -22.14926129], [-47.56449276, -22.14931216], [-47.56450379, -22.14950152], [-47.56461075, -22.14978331], [-47.56459428, -22.15016274], [-47.56444297, -22.1504712], [-47.5643846, -22.15067613], [-47.56417889, -22.15098553], [-47.5639938, -22.15114096], [-47.56384117, -22.15132565], [-47.56330928, -22.15176376], [-47.56250151, -22.15211232], [-47.5622288, -22.15214553], [-47.56188005, -22.15231073], [-47.56172492, -22.15241521], [-47.56149162, -22.15248479], [-47.56090469, -22.15288039], [-47.5605945, -22.15303781], [-47.56027911, -22.15328292], [-47.55996051, -22.15345581], [-47.55946412, -22.15366045], [-47.55910573, -22.15372388], [-47.55909078, -22.15375385], [-47.55833957, -22.15375119], [-47.55794729, -22.15369871], [-47.55720421, -22.15366702], [-47.55715629, -22.15363798], [-47.55653902, -22.15364044], [-47.55631961, -22.15362229], [-47.55630347, -22.15359357], [-47.55614692, -22.15361049], [-47.5557557, -22.15357237], [-47.55515837, -22.15345086], [-47.55445816, -22.15320726], [-47.55407386, -22.1531257], [-47.55364088, -22.15297898], [-47.55355349, -22.15291536], [-47.55331806, -22.15286759], [-47.55304945, -22.15269751], [-47.55282886, -22.15260621], [-47.55265395, -22.15247712], [-47.55256084, -22.15247143], [-47.55175635, -22.15214182], [-47.55149036, -22.15211712], [-47.55142665, -22.15208105], [-47.55111402, -22.15210135], [-47.55084026, -22.15207584], [-47.55082527, -22.15210586], [-47.55053698, -22.15218977], [-47.5503674, -22.15229451], [-47.55005183, -22.15258383], [-47.54998309, -22.15269413], [-47.5499469, -22.15284], [-47.54997113, -22.15289109], [-47.54997934, -22.15334952], [-47.54987331, -22.15354083], [-47.54987901, -22.15386126], [-47.54996098, -22.15404951], [-47.54996226, -22.1541227], [-47.55015677, -22.15448347], [-47.55045132, -22.15479935], [-47.55079914, -22.15501324], [-47.5512596, -22.1553915], [-47.55142091, -22.15562916], [-47.55146279, -22.15580363], [-47.55151071, -22.15582458], [-47.55171081, -22.15612026], [-47.55195731, -22.15635023], [-47.55208379, -22.15643493], [-47.55239851, -22.15652477], [-47.55281328, -22.15652552], [-47.55328792, -22.1564016], [-47.55375258, -22.15616141], [-47.55440635, -22.15597601], [-47.55478255, -22.15598556], [-47.55495543, -22.15605501], [-47.55511251, -22.15605978], [-47.55566216, -22.15617484], [-47.55643287, -22.15645436], [-47.55662131, -22.15648118], [-47.55679528, -22.15655789], [-47.55773755, -22.15678411], [-47.55837913, -22.15678854], [-47.55862976, -22.15682069], [-47.55902105, -22.15681457], [-47.55906873, -22.15687247], [-47.55910887, -22.15695133], [-47.55905361, -22.15774656], [-47.55909484, -22.15788408], [-47.5591347, -22.15789791], [-47.55931868, -22.1581577], [-47.55951771, -22.15833693], [-47.56028639, -22.15887831], [-47.5610324, -22.15950759], [-47.56105885, -22.15962359], [-47.56123415, -22.15983207], [-47.56132606, -22.16057368], [-47.56147315, -22.16093608], [-47.56164265, -22.16119521], [-47.56178588, -22.16134647], [-47.56197623, -22.16147438], [-47.56213574, -22.16166872], [-47.56241167, -22.16181056], [-47.56255372, -22.16189499], [-47.56278875, -22.16192105], [-47.56317973, -22.16189238], [-47.56335022, -22.16183187], [-47.56363193, -22.16181298], [-47.56370912, -22.16173873], [-47.56392816, -22.16174247], [-47.56405383, -22.16177751], [-47.56415736, -22.16187065], [-47.56435044, -22.16215111], [-47.56445659, -22.16244828], [-47.5645206, -22.16250506], [-47.56490803, -22.16318411], [-47.56504517, -22.16336436], [-47.56533151, -22.16365865], [-47.56574282, -22.16389238], [-47.56579127, -22.16400077], [-47.56619633, -22.16431493], [-47.56631619, -22.1644593], [-47.56657719, -22.1646366], [-47.56695122, -22.16500269], [-47.56701547, -22.16507485], [-47.5670404, -22.16516106], [-47.56702794, -22.16532921], [-47.56678932, -22.16553693], [-47.56664917, -22.16561229], [-47.56646646, -22.16584803], [-47.56622794, -22.1664856], [-47.56620389, -22.16692296], [-47.56625243, -22.16698085], [-47.56632265, -22.16743114], [-47.56622728, -22.16778207], [-47.56607678, -22.1680905], [-47.56591458, -22.16860314], [-47.56596164, -22.16863933], [-47.56588604, -22.16879311], [-47.56586752, -22.16905516], [-47.56581544, -22.16923118], [-47.56589707, -22.1702573], [-47.56593649, -22.17029362], [-47.56606137, -22.17113669], [-47.56621313, -22.17170219], [-47.56635676, -22.17229756], [-47.56653649, -22.17274608], [-47.56670672, -22.17304948], [-47.56687379, -22.17322919], [-47.56700268, -22.17343837], [-47.5674177, -22.173876], [-47.56775911, -22.17415503], [-47.56820951, -22.17440262], [-47.56845291, -22.1744646], [-47.56846127, -22.17449332], [-47.56887738, -22.17456712], [-47.56890135, -22.17460286], [-47.56920872, -22.17471548], [-47.56935718, -22.17472748], [-47.56959366, -22.17483293], [-47.56978256, -22.1748805], [-47.56996525, -22.17501673], [-47.57057189, -22.17526893], [-47.57078561, -22.17540462], [-47.57132872, -22.17557746], [-47.5718933, -22.17565618], [-47.57218901, -22.17560095], [-47.57250569, -22.17537743]]]]}}]}